timestamp,P1,P2,P3,P4,P5,P6,P7,P8,P9,P0,PH,Pinc,ws,temp
2025-04-28 06:00:00,0,0,0,0,0,0,0,0,0,0,0,0,1.5,11.6
2025-04-28 06:00:05,0,0,0,0,0,0,0,0,0,0,0,0,1.8,11.6
2025-04-28 06:00:10,0,0,0,0,0,0,0,0,0,0,0,0,1.7,11.6
2025-04-28 06:00:15,0,0,0,0,0,0,0,0,0,0,0,0,1.4,11.6
2025-04-28 06:00:20,0,0,0,0,0,0,0,0,0,0,0,0,1.2,11.6
2025-04-28 06:00:25,0,0,0,0,0,0,0,0,0,0,0,0,1.4,11.6
2025-04-28 06:00:30,0,0,0,0,0,0,0,0,0,0,0,0,1.3,11.6
2025-04-28 06:00:35,0,0,0,0,0,0,0,0,0,0,0,0,1.4,11.6
2025-04-28 06:00:40,0,0,0,0,0,0,0,0,0,0,0,0,1.5,11.6
2025-04-28 06:00:45,0,0,0,0,0,0,0,0,0,0,0,0,1.3,11.6
2025-04-28 06:00:50,0,0,0,0,0,0,0,0,0,0,0,0,1.4,11.6
2025-04-28 06:00:55,0,0,0,0,0,0,0,0,0,0,0,0,2.0,11.6
2025-04-28 06:01:00,0,0,0,0,0,0,0,0,0,0,0,0,2.2,11.6
2025-04-28 06:01:05,0,0,0,0,0,0,0,0,0,0,0,0,2.5,11.6
2025-04-28 06:01:10,0,0,0,0,0,0,0,0,0,0,0,0,2.2,11.6
2025-04-28 06:01:15,0,0,0,0,0,0,0,0,0,0,0,0,2.3,11.6
2025-04-28 06:01:20,0,0,0,0,0,0,0,0,0,0,0,0,2.2,11.6
2025-04-28 06:01:25,0,0,0,0,0,0,0,0,0,0,0,0,2.1,11.6
2025-04-28 06:01:30,0,0,0,0,0,0,0,0,0,0,0,0,1.9,11.6
2025-04-28 06:01:35,0,0,0,0,0,0,0,0,0,0,0,0,1.6,11.6
2025-04-28 06:01:40,0,0,0,0,0,0,0,0,0,0,0,0,1.4,11.6
2025-04-28 06:01:45,0,0,0,0,0,0,0,0,0,0,0,0,1.7,11.6
2025-04-28 06:01:50,0,0,0,0,0,0,0,0,0,0,0,0,2.1,11.6
2025-04-28 06:01:55,0,0,0,0,0,0,0,0,0,0,0,0,2.4,11.6
2025-04-28 06:02:00,0,0,0,0,0,0,0,0,0,0,0,0,2.4,11.6
2025-04-28 06:02:05,0,0,0,0,0,0,0,0,0,0,0,0,2.5,11.6
2025-04-28 06:02:10,0,0,0,0,0,0,0,0,0,0,0,0,2.3,11.6
2025-04-28 06:02:15,0,0,0,0,0,0,0,0,0,0,0,0,2.2,11.6
2025-04-28 06:02:20,0,0,0,0,0,0,0,0,0,0,0,0,1.9,11.7
2025-04-28 06:02:25,0,0,0,0,0,0,0,0,0,0,0,0,1.9,11.6
2025-04-28 06:02:30,0,0,0,0,0,0,0,0,0,0,0,0,1.9,11.6
2025-04-28 06:02:35,0,0,0,0,0,0,0,0,0,0,0,0,1.6,11.6
2025-04-28 06:02:40,0,0,0,0,0,0,0,0,0,0,0,0,1.5,11.6
2025-04-28 06:02:45,0,0,0,0,0,0,0,0,0,0,0,0,1.3,11.6
2025-04-28 06:02:50,0,0,0,0,0,0,0,0,0,0,0,0,1.1,11.6
2025-04-28 06:02:55,0,0,0,0,0,0,0,0,0,0,0,0,0.9,11.6
2025-04-28 06:03:00,0,0,0,0,0,0,0,0,0,0,0,0,0.7,11.6
2025-04-28 06:03:05,0,0,0,0,0,0,0,0,0,0,0,0,0.6,11.6
2025-04-28 06:03:10,0,0,0,0,0,0,0,0,0,0,0,0,0.5,11.6
2025-04-28 06:03:15,0,0,0,0,0,0,0,0,0,0,0,0,0.4,11.6
2025-04-28 06:03:20,0,0,0,0,0,0,0,0,0,0,0,0,0.3,11.6
2025-04-28 06:03:25,0,0,0,0,0,0,0,0,0,0,0,0,0.3,11.6
2025-04-28 06:03:30,0,0,0,0,0,0,0,0,0,0,0,0,0.5,11.6
2025-04-28 06:03:35,0,0,0,0,0,0,0,0,0,0,0,0,1.0,11.6
2025-04-28 06:03:40,0,0,0,0,0,0,0,0,0,0,0,0,1.2,11.6
2025-04-28 06:03:45,0,0,0,0,0,0,0,0,0,0,0,0,1.1,11.6
2025-04-28 06:03:50,0,0,0,0,0,0,0,0,0,0,0,0,1.0,11.6
2025-04-28 06:03:55,0,0,0,0,0,0,0,0,0,0,0,0,1.0,11.6
2025-04-28 06:04:00,0,0,0,0,0,0,0,0,0,0,0,0,0.8,11.6
2025-04-28 06:04:05,0,0,0,0,0,0,0,0,0,0,0,0,0.7,11.6
2025-04-28 06:04:10,0,0,0,0,0,0,0,0,0,0,0,0,0.9,11.6
2025-04-28 06:04:15,0,0,0,0,0,0,0,0,0,0,0,0,1.0,11.6
2025-04-28 06:04:20,0,0,0,0,0,0,0,0,0,0,0,0,1.0,11.6
2025-04-28 06:04:25,0,0,0,0,0,0,0,0,0,0,0,0,1.2,11.6
2025-04-28 06:04:30,0,0,0,0,0,0,0,0,0,0,0,0,1.4,11.5
2025-04-28 06:04:35,0,0,0,0,0,0,0,0,0,0,0,0,1.7,11.6
2025-04-28 06:04:40,0,0,0,0,0,0,0,0,0,0,0,0,1.4,11.6
2025-04-28 06:04:45,0,0,0,0,0,0,0,0,0,0,0,0,1.2,11.6
2025-04-28 06:04:50,0,0,0,0,0,0,0,0,0,0,0,0,1.1,11.5
2025-04-28 06:04:55,0,0,0,0,0,0,0,0,0,0,0,0,1.0,11.5
2025-04-28 06:05:00,0,0,0,0,0,0,0,0,0,0,0,0,1.2,11.5
2025-04-28 06:05:05,0,0,0,0,0,0,0,0,0,0,0,0,1.4,11.5
2025-04-28 06:05:10,0,0,0,0,0,0,0,0,0,0,0,0,1.4,11.5
2025-04-28 06:05:15,0,0,0,0,0,0,0,0,0,0,0,0,1.2,11.5
2025-04-28 06:05:20,0,0,0,0,0,0,0,0,0,0,0,0,1.5,11.5
2025-04-28 06:05:25,0,0,0,0,0,0,0,0,0,0,0,0,1.5,11.5
2025-04-28 06:05:30,0,0,0,0,0,0,0,0,0,0,0,0,1.3,11.5
2025-04-28 06:05:35,0,0,0,0,0,0,0,0,0,0,0,0,1.1,11.5
2025-04-28 06:05:40,0,0,0,0,0,0,0,0,0,0,0,0,1.0,11.6
2025-04-28 06:05:45,0,0,0,0,0,0,0,0,0,0,0,0,1.0,11.5
2025-04-28 06:05:50,0,0,0,0,0,0,0,0,0,0,0,0,1.0,11.5
2025-04-28 06:05:55,0,0,0,0,0,0,0,0,0,0,0,0,1.0,11.5
2025-04-28 06:06:00,0,0,0,0,0,0,0,0,0,0,0,0,1.2,11.5
2025-04-28 06:06:05,0,0,0,0,0,0,0,0,0,0,0,0,1.0,11.5
2025-04-28 06:06:10,0,0,0,0,0,0,0,0,0,0,0,0,0.9,11.5
2025-04-28 06:06:15,0,0,0,0,0,0,0,0,0,0,0,0,0.9,11.5
2025-04-28 06:06:20,0,0,0,0,0,0,0,0,0,0,0,0,0.8,11.5
2025-04-28 06:06:25,0,0,0,0,0,0,0,0,0,0,0,0,0.8,11.5
2025-04-28 06:06:30,0,0,0,0,0,0,0,0,0,0,0,0,1.2,11.5
2025-04-28 06:06:35,0,0,0,0,0,0,0,0,0,0,0,0,2.3,11.5
2025-04-28 06:06:40,0,0,0,0,0,0,0,0,0,0,0,0,2.1,11.5
2025-04-28 06:06:45,0,0,0,0,0,0,0,0,0,0,0,0,1.9,11.5
2025-04-28 06:06:50,0,0,0,0,0,0,0,0,0,0,0,0,1.7,11.5
2025-04-28 06:06:55,0,0,0,0,0,0,0,0,0,0,0,0,1.8,11.5
2025-04-28 06:07:00,0,0,0,0,0,0,0,0,0,0,0,0,2.2,11.5
2025-04-28 06:07:05,0,0,0,0,0,0,0,0,0,0,0,0,1.7,11.5
2025-04-28 06:07:10,0,0,0,0,0,0,0,0,0,0,0,0,1.5,11.5
2025-04-28 06:07:15,0,0,0,0,0,0,0,0,0,0,0,0,1.7,11.5
2025-04-28 06:07:20,0,0,0,0,0,0,0,0,0,0,0,0,1.9,11.5
2025-04-28 06:07:25,0,0,0,0,0,0,0,0,0,0,0,0,1.8,11.5
2025-04-28 06:07:30,0,0,0,0,0,0,0,0,0,0,0,0,1.5,11.5
2025-04-28 06:07:35,0,0,0,0,0,0,0,0,0,0,0,0,1.4,11.5
2025-04-28 06:07:40,0,0,0,0,0,0,0,0,0,0,0,0,1.2,11.5
2025-04-28 06:07:45,0,0,0,0,0,0,0,0,0,0,0,0,1.0,11.5
2025-04-28 06:07:50,0,0,0,0,0,0,0,0,0,0,0,0,1.7,11.5
2025-04-28 06:07:55,0,0,0,0,0,0,0,0,0,0,0,0,1.8,11.5
2025-04-28 06:08:00,0,0,0,0,0,0,0,0,0,0,0,0,1.5,11.5
2025-04-28 06:08:05,0,0,0,0,0,0,0,0,0,0,0,0,1.3,11.5
2025-04-28 06:08:10,0,0,0,0,0,0,0,0,0,0,0,0,1.3,11.5
2025-04-28 06:08:15,0,0,0,0,0,0,0,0,0,0,0,0,1.4,11.5
2025-04-28 06:08:20,0,0,0,0,0,0,0,0,0,0,0,0,1.7,11.5
2025-04-28 06:08:25,0,0,0,0,0,0,0,0,0,0,0,0,1.8,11.5
2025-04-28 06:08:30,0,0,0,0,0,0,0,0,0,0,0,0,1.6,11.5
2025-04-28 06:08:35,0,0,0,0,0,0,0,0,0,0,0,0,1.3,11.5
2025-04-28 06:08:40,0,0,0,0,0,0,0,0,0,0,0,0,1.1,11.5
2025-04-28 06:08:45,0,0,0,0,0,0,0,0,0,0,0,0,1.0,11.5
2025-04-28 06:08:50,0,0,0,0,0,0,0,0,0,0,0,0,0.8,11.5
2025-04-28 06:08:55,0,0,0,0,0,0,0,0,0,0,0,0,0.6,11.5
2025-04-28 06:09:00,0,0,0,0,0,0,0,0,0,0,0,0,0.6,11.5
2025-04-28 06:09:05,0,0,0,0,0,0,0,0,0,0,0,0,0.5,11.5
2025-04-28 06:09:10,0,0,0,0,0,0,0,0,0,0,0,0,0.5,11.5
2025-04-28 06:09:15,0,0,0,0,0,0,0,0,0,0,0,0,0.4,11.5
2025-04-28 06:09:20,0,0,0,0,0,0,0,0,0,0,0,0,0.4,11.5
2025-04-28 06:09:25,0,0,0,0,0,0,0,0,0,0,0,0,0.3,11.5
2025-04-28 06:09:30,0,0,0,0,0,0,0,0,0,0,0,0,0.3,11.5
2025-04-28 06:09:35,0,0,0,0,0,0,0,0,0,0,0,0,0.3,11.5
2025-04-28 06:09:40,0,0,0,0,0,0,0,0,0,0,0,0,0.2,11.5
2025-04-28 06:09:45,0,0,0,0,0,0,0,0,0,0,0,0,0.2,11.5
2025-04-28 06:09:50,0,0,0,0,0,0,0,0,0,0,0,0,0.3,11.5
2025-04-28 06:09:55,0,0,0,0,0,0,0,0,0,0,0,0,0.3,11.4
2025-04-28 06:10:00,0,0,0,0,0,0,0,0,0,0,0,0,0.4,11.5
2025-04-28 06:10:05,0,0,0,0,0,0,0,0,0,0,0,0,0.6,11.4
2025-04-28 06:10:10,0,0,0,0,0,0,0,0,0,0,0,0,0.6,11.5
2025-04-28 06:10:15,0,0,0,0,0,0,0,0,0,0,0,0,0.5,11.4
2025-04-28 06:10:20,0,0,0,0,0,0,0,0,0,0,0,0,0.4,11.4
2025-04-28 06:10:25,0,0,0,0,0,0,0,0,0,0,0,0,0.4,11.4
2025-04-28 06:10:30,0,0,0,0,0,0,0,0,0,0,0,0,0.4,11.4
2025-04-28 06:10:35,0,0,0,0,0,0,0,0,0,0,0,0,1.1,11.4
2025-04-28 06:10:40,0,0,0,0,0,0,0,0,0,0,0,0,1.5,11.4
2025-04-28 06:10:45,0,0,0,0,0,0,0,0,0,0,0,0,2.1,11.4
2025-04-28 06:10:50,0,0,0,0,0,0,0,0,0,0,0,0,2.7,11.4
2025-04-28 06:10:55,0,0,0,0,0,0,0,0,0,0,0,0,2.5,11.4
2025-04-28 06:11:00,0,0,0,0,0,0,0,0,0,0,0,0,2.2,11.4
2025-04-28 06:11:05,0,0,0,0,0,0,0,0,0,0,0,0,1.7,11.4
2025-04-28 06:11:10,0,0,0,0,0,0,0,0,0,0,0,0,1.4,11.4
2025-04-28 06:11:15,0,0,0,0,0,0,0,0,0,0,0,0,1.4,11.4
2025-04-28 06:11:20,0,0,0,0,0,0,0,0,0,0,0,0,1.7,11.4
2025-04-28 06:11:25,0,0,0,0,0,0,0,0,0,0,0,0,1.4,11.4
2025-04-28 06:11:30,0,0,0,0,0,0,0,0,0,0,0,0,1.1,11.4
2025-04-28 06:11:35,0,0,0,0,0,0,0,0,0,0,0,0,0.9,11.4
2025-04-28 06:11:40,0,0,0,0,0,0,0,0,0,0,0,0,0.8,11.4
2025-04-28 06:11:45,0,0,0,0,0,0,0,0,0,0,0,0,0.6,11.4
2025-04-28 06:11:50,0,0,0,0,0,0,0,0,0,0,0,0,0.5,11.4
2025-04-28 06:11:55,0,0,0,0,0,0,0,0,0,0,0,0,0.6,11.4
2025-04-28 06:12:00,0,0,0,0,0,0,0,0,0,0,0,0,0.5,11.4
2025-04-28 06:12:05,0,0,0,0,0,0,0,0,0,0,0,0,0.5,11.4
2025-04-28 06:12:10,0,0,0,0,0,0,0,0,0,0,0,0,0.5,11.4
2025-04-28 06:12:15,0,0,0,0,0,0,0,0,0,0,0,0,0.5,11.4
2025-04-28 06:12:20,0,0,0,0,0,0,0,0,0,0,0,0,0.5,11.4
2025-04-28 06:12:25,0,0,0,0,0,0,0,0,0,0,0,0,0.6,11.4
2025-04-28 06:12:30,0,0,0,0,0,0,0,0,0,0,0,0,0.6,11.4
2025-04-28 06:12:35,0,0,0,0,0,0,0,0,0,0,0,0,0.7,11.4
2025-04-28 06:12:40,0,0,0,0,0,0,0,0,0,0,0,0,0.7,11.4
2025-04-28 06:12:45,0,0,0,0,0,0,0,0,0,0,0,0,0.7,11.4
2025-04-28 06:12:50,0,0,0,0,0,0,0,0,0,0,0,0,0.7,11.4
2025-04-28 06:12:55,0,0,0,0,0,0,0,0,0,0,0,0,0.8,11.4
2025-04-28 06:13:00,0,0,0,0,0,0,0,0,0,0,0,0,1.2,11.4
2025-04-28 06:13:05,0,0,0,0,0,0,0,0,0,0,0,0,1.6,11.4
2025-04-28 06:13:10,0,0,0,0,0,0,0,0,0,0,0,0,1.9,11.4
2025-04-28 06:13:15,0,0,0,0,0,0,0,0,0,0,0,0,1.6,11.4
2025-04-28 06:13:20,0,0,0,0,0,0,0,0,0,0,0,0,1.3,11.4
2025-04-28 06:13:25,0,0,0,0,0,0,0,0,0,0,0,0,1.2,11.4
2025-04-28 06:13:30,0,0,0,0,0,0,0,0,0,0,0,0,1.3,11.4
2025-04-28 06:13:35,0,0,0,0,0,0,0,0,0,0,0,0,1.4,11.4
2025-04-28 06:13:40,0,0,0,0,0,0,0,0,0,0,0,0,1.4,11.4
2025-04-28 06:13:45,0,0,0,0,0,0,0,0,0,0,0,0,1.2,11.4
2025-04-28 06:13:50,0,0,0,0,0,0,0,0,0,0,0,0,1.1,11.4
2025-04-28 06:13:55,0,0,0,0,0,0,0,0,0,0,0,0,1.1,11.4
2025-04-28 06:14:00,0,0,0,0,0,0,0,0,0,0,0,0,1.0,11.4
2025-04-28 06:14:05,0,0,0,0,0,0,0,0,0,0,0,0,0.9,11.4
2025-04-28 06:14:10,0,0,0,0,0,0,0,0,0,0,0,0,1.0,11.4
2025-04-28 06:14:15,0,0,0,0,0,0,0,0,0,0,0,0,1.0,11.4
2025-04-28 06:14:20,0,0,0,0,0,0,0,0,0,0,0,0,1.0,11.4
2025-04-28 06:14:25,0,0,0,0,0,0,0,0,0,0,0,0,1.2,11.4
2025-04-28 06:14:30,0,0,0,0,0,0,0,0,0,0,0,0,1.2,11.4
2025-04-28 06:14:35,0,0,0,0,0,0,0,0,0,0,0,0,1.4,11.4
2025-04-28 06:14:40,0,0,0,0,0,0,0,0,0,0,0,0,1.5,11.4
2025-04-28 06:14:45,0,0,0,0,0,0,0,0,0,0,0,0,1.4,11.4
2025-04-28 06:14:50,0,0,0,0,0,0,0,0,0,0,0,0,1.7,11.4
2025-04-28 06:14:55,0,0,0,0,0,0,0,0,0,0,0,0,1.6,11.4
2025-04-28 06:15:00,0,0,0,0,0,0,0,0,0,0,0,0,1.3,11.4
2025-04-28 06:15:05,0,0,0,0,0,0,0,0,0,0,0,0,1.0,11.4
2025-04-28 06:15:10,0,0,0,0,0,0,0,0,0,0,0,0,1.0,11.4
2025-04-28 06:15:15,0,0,0,0,0,0,0,0,0,0,0,0,1.1,11.4
2025-04-28 06:15:20,0,0,0,0,0,0,0,0,0,0,0,0,1.0,11.4
2025-04-28 06:15:25,0,0,0,0,0,0,0,0,0,0,0,0,0.8,11.4
2025-04-28 06:15:30,0,0,0,0,0,0,0,0,0,0,0,0,0.8,11.4
2025-04-28 06:15:35,0,0,0,0,0,0,0,0,0,0,0,0,0.8,11.4
2025-04-28 06:15:40,0,0,0,0,0,0,0,0,0,0,0,0,1.0,11.4
2025-04-28 06:15:45,0,0,0,0,0,0,0,0,0,0,0,0,1.2,11.4
2025-04-28 06:15:50,0,0,0,0,0,0,0,0,0,0,0,0,1.0,11.4
2025-04-28 06:15:55,0,0,0,0,0,0,0,0,0,0,0,0,1.0,11.4
2025-04-28 06:16:00,0,0,0,0,0,0,0,0,0,0,0,0,0.8,11.4
2025-04-28 06:16:05,0,0,0,0,0,0,0,0,0,0,0,0,0.7,11.4
2025-04-28 06:16:10,0,0,0,0,0,0,0,0,0,0,0,0,0.6,11.4
2025-04-28 06:16:15,0,0,0,0,0,0,0,0,0,0,0,0,0.5,11.4
2025-04-28 06:16:20,0,0,0,0,0,0,0,0,0,0,0,0,0.4,11.4
2025-04-28 06:16:25,0,0,0,0,0,0,0,0,0,0,0,0,0.3,11.4
2025-04-28 06:16:30,0,0,0,0,0,0,0,0,0,0,0,0,0.3,11.4
2025-04-28 06:16:35,0,0,0,0,0,0,0,0,0,0,0,0,0.7,11.4
2025-04-28 06:16:40,0,0,0,0,0,0,0,0,0,0,0,0,1.0,11.4
2025-04-28 06:16:45,0,0,0,0,0,0,0,0,0,0,0,0,1.8,11.4
2025-04-28 06:16:50,0,0,0,0,0,0,0,0,0,0,0,0,2.3,11.3
2025-04-28 06:16:55,0,0,0,0,0,0,0,0,0,0,0,0,2.3,11.4
2025-04-28 06:17:00,0,0,0,0,0,0,0,0,0,0,0,0,2.1,11.4
2025-04-28 06:17:05,0,0,0,0,0,0,0,0,0,0,0,0,2.1,11.4
2025-04-28 06:17:10,0,0,0,0,0,0,0,0,0,0,0,0,1.8,11.4
2025-04-28 06:17:15,0,0,0,0,0,0,0,0,0,0,0,0,1.6,11.3
2025-04-28 06:17:20,0,0,0,0,0,0,0,0,0,0,0,0,1.4,11.4
2025-04-28 06:17:25,0,0,0,0,0,0,0,0,0,0,0,0,1.3,11.4
2025-04-28 06:17:30,0,0,0,0,0,0,0,0,0,0,0,0,1.2,11.4
2025-04-28 06:17:35,0,0,0,0,0,0,0,0,0,0,0,0,1.1,11.4
2025-04-28 06:17:40,0,0,0,0,0,0,0,0,0,0,0,0,1.0,11.3
2025-04-28 06:17:45,0,0,0,0,0,0,0,0,0,0,0,0,0.9,11.3
2025-04-28 06:17:50,0,0,0,0,0,0,0,0,0,0,0,0,0.8,11.4
2025-04-28 06:17:55,0,0,0,0,0,0,0,0,0,0,0,0,0.7,11.3
2025-04-28 06:18:00,0,0,0,0,0,0,0,0,0,0,0,0,0.6,11.3
2025-04-28 06:18:05,0,0,0,0,0,0,0,0,0,0,0,0,0.6,11.3
2025-04-28 06:18:10,0,0,0,0,0,0,0,0,0,0,0,0,0.6,11.3
2025-04-28 06:18:15,0,0,0,0,0,0,0,0,0,0,0,0,0.5,11.3
2025-04-28 06:18:20,0,0,0,0,0,0,0,0,0,0,0,0,0.5,11.3
2025-04-28 06:18:25,0,0,0,0,0,0,0,0,0,0,0,0,0.4,11.3
2025-04-28 06:18:30,0,0,0,0,0,0,0,0,0,0,0,0,0.3,11.3
2025-04-28 06:18:35,0,0,0,0,0,0,0,0,0,0,0,0,0.4,11.3
2025-04-28 06:18:40,0,0,0,0,0,0,0,0,0,0,0,0,0.5,11.3
2025-04-28 06:18:45,0,0,0,0,0,0,0,0,0,0,0,0,0.7,11.3
2025-04-28 06:18:50,0,0,0,0,0,0,0,0,0,0,0,0,0.8,11.3
2025-04-28 06:18:55,0,0,0,0,0,0,0,0,0,0,0,0,1.0,11.3
2025-04-28 06:19:00,0,0,0,0,0,0,0,0,0,0,0,0,1.3,11.3
2025-04-28 06:19:05,0,0,0,0,0,0,0,0,0,0,0,0,1.4,11.3
2025-04-28 06:19:10,0,0,0,0,0,0,0,0,0,0,0,0,1.4,11.3
2025-04-28 06:19:15,0,0,0,0,0,0,0,0,0,0,0,0,1.4,11.3
2025-04-28 06:19:20,0,0,0,0,0,0,0,0,0,0,0,0,1.2,11.3
2025-04-28 06:19:25,0,0,0,0,0,0,0,0,0,0,0,0,1.0,11.3
2025-04-28 06:19:30,0,0,0,0,0,0,0,0,0,0,0,0,0.9,11.3
2025-04-28 06:19:35,0,0,0,0,0,0,0,0,0,0,0,0,0.8,11.3
2025-04-28 06:19:40,0,0,0,0,0,0,0,0,0,0,0,0,0.8,11.3
2025-04-28 06:19:45,0,0,0,0,0,0,0,0,0,0,0,0,1.0,11.3
2025-04-28 06:19:50,0,0,0,0,0,0,0,0,0,0,0,0,1.2,11.3
2025-04-28 06:19:55,0,0,0,0,0,0,0,0,0,0,0,0,1.4,11.3
2025-04-28 06:20:00,0,0,0,0,0,0,0,0,0,0,0,0,1.6,11.3
2025-04-28 06:20:05,0,0,0,0,0,0,0,0,0,0,0,0,1.6,11.3
2025-04-28 06:20:10,0,0,0,0,0,0,0,0,0,0,0,0,2.2,11.3
2025-04-28 06:20:15,0,0,0,0,0,0,0,0,0,0,0,0,2.1,11.3
2025-04-28 06:20:20,0,0,0,0,0,0,0,0,0,0,0,0,2.0,11.3
2025-04-28 06:20:25,0,0,0,0,0,0,0,0,0,0,0,0,1.8,11.3
2025-04-28 06:20:30,0,0,0,0,0,0,0,0,0,0,0,0,1.8,11.3
2025-04-28 06:20:35,0,0,0,0,0,0,0,0,0,0,0,0,1.9,11.3
2025-04-28 06:20:40,0,0,0,0,0,0,0,0,0,0,0,0,1.6,11.3
2025-04-28 06:20:45,0,0,0,0,0,0,0,0,0,0,0,0,1.3,11.3
2025-04-28 06:20:50,0,0,0,0,0,0,0,0,0,0,0,0,1.3,11.3
2025-04-28 06:20:55,0,0,0,0,0,0,0,0,0,0,0,0,1.1,11.3
2025-04-28 06:21:00,0,0,0,0,0,0,0,0,0,0,0,0,1.0,11.3
2025-04-28 06:21:05,0,0,0,0,0,0,0,0,0,0,0,0,1.2,11.3
2025-04-28 06:21:10,0,0,0,0,0,0,0,0,0,0,0,0,1.4,11.3
2025-04-28 06:21:15,0,0,0,0,0,0,0,0,0,0,0,0,1.5,11.3
2025-04-28 06:21:20,0,0,0,0,0,0,0,0,0,0,0,0,1.5,11.4
2025-04-28 06:21:25,0,0,0,0,0,0,0,0,0,0,0,0,1.4,11.3
2025-04-28 06:21:30,0,0,0,0,0,0,0,0,0,0,0,0,1.8,11.4
2025-04-28 06:21:35,0,0,0,0,0,0,0,0,0,0,0,0,1.8,11.3
2025-04-28 06:21:40,0,0,0,0,0,0,0,0,0,0,0,0,2.4,11.3
2025-04-28 06:21:45,0,0,0,0,0,0,0,0,0,0,0,0,3.0,11.4
2025-04-28 06:21:50,0,0,0,0,0,0,0,0,0,0,0,0,3.3,11.4
2025-04-28 06:21:55,0,0,0,0,0,0,0,0,0,0,0,0,3.3,11.4
2025-04-28 06:22:00,0,0,0,0,0,0,0,0,0,0,0,0,4.2,11.4
2025-04-28 06:22:05,0,0,0,0,0,0,0,0,0,0,0,0,3.7,11.4
2025-04-28 06:22:10,0,0,0,0,0,0,0,0,0,0,0,0,3.1,11.4
2025-04-28 06:22:15,0,0,0,0,0,0,0,0,0,0,0,0,2.6,11.4
2025-04-28 06:22:20,0,0,0,0,0,0,0,0,0,0,0,0,2.7,11.4
2025-04-28 06:22:25,0,0,0,0,0,0,0,0,0,0,0,0,2.0,11.4
2025-04-28 06:22:30,0,0,0,0,0,0,0,0,0,0,0,0,1.8,11.4
2025-04-28 06:22:35,0,0,0,0,0,0,0,0,0,0,0,0,1.7,11.4
2025-04-28 06:22:40,0,0,0,0,0,0,0,0,0,0,0,0,1.7,11.4
2025-04-28 06:22:45,0,0,0,0,0,0,0,0,0,0,0,0,1.4,11.4
2025-04-28 06:22:50,0,0,0,0,0,0,0,0,0,0,0,0,1.3,11.4
2025-04-28 06:22:55,0,0,0,0,0,0,0,0,0,0,0,0,1.8,11.4
2025-04-28 06:23:00,0,0,0,0,0,0,0,0,0,0,0,0,1.7,11.4
2025-04-28 06:23:05,0,0,0,0,0,0,0,0,0,0,0,0,1.7,11.4
2025-04-28 06:23:10,0,0,0,0,0,0,0,0,0,0,0,0,2.0,11.4
2025-04-28 06:23:15,0,0,0,0,0,0,0,0,0,0,0,0,2.7,11.4
2025-04-28 06:23:20,0,0,0,0,0,0,0,0,0,0,0,0,3.5,11.4
2025-04-28 06:23:25,0,0,0,0,0,0,0,0,0,0,0,0,3.4,11.4
2025-04-28 06:23:30,0,0,0,0,0,0,0,0,0,0,0,0,3.0,11.4
2025-04-28 06:23:35,0,0,0,0,0,0,0,0,0,0,0,0,3.0,11.4
2025-04-28 06:23:40,0,0,0,0,0,0,0,0,0,0,0,0,3.1,11.4
2025-04-28 06:23:45,0,0,0,0,0,0,0,0,0,0,0,0,3.6,11.4
2025-04-28 06:23:50,0,0,0,0,0,0,0,0,0,0,0,0,2.7,11.4
2025-04-28 06:23:55,0,0,0,0,0,0,0,0,0,0,0,0,2.3,11.4
2025-04-28 06:24:00,0,0,0,0,0,0,0,0,0,0,0,0,1.7,11.5
2025-04-28 06:24:05,0,0,0,0,0,0,0,0,0,0,0,0,1.5,11.5
2025-04-28 06:24:10,0,0,0,0,0,0,0,0,0,0,0,0,1.2,11.5
2025-04-28 06:24:15,0,0,0,0,0,0,0,0,0,0,0,0,1.2,11.4
2025-04-28 06:24:20,0,0,0,0,0,0,0,0,0,0,0,0,1.0,11.4
2025-04-28 06:24:25,0,0,0,0,0,0,0,0,0,0,0,0,1.0,11.5
2025-04-28 06:24:30,0,0,0,0,0,0,0,0,0,0,0,0,0.8,11.4
2025-04-28 06:24:35,0,0,0,0,0,0,0,0,0,0,0,0,0.8,11.4
2025-04-28 06:24:40,0,0,0,0,0,0,0,0,0,0,0,0,0.7,11.5
2025-04-28 06:24:45,0,0,0,0,0,0,0,0,0,0,0,0,0.5,11.4
2025-04-28 06:24:50,0,0,0,0,0,0,0,0,0,0,0,0,0.6,11.4
2025-04-28 06:24:55,0,0,0,0,0,0,0,0,0,0,0,0,0.6,11.4
2025-04-28 06:25:00,0,0,0,0,0,0,0,0,0,0,0,0,0.7,11.4
2025-04-28 06:25:05,0,0,0,0,0,0,0,0,0,0,0,0,1.6,11.4
2025-04-28 06:25:10,0,0,0,0,0,0,0,0,0,0,0,0,1.5,11.4
2025-04-28 06:25:15,0,0,0,0,0,0,0,0,0,0,0,0,1.8,11.4
2025-04-28 06:25:20,0,0,0,0,0,0,0,0,0,0,0,0,2.3,11.4
2025-04-28 06:25:25,0,0,0,0,0,0,0,0,0,0,0,0,2.2,11.4
2025-04-28 06:25:30,0,0,0,0,0,0,0,0,0,0,0,0,2.6,11.4
2025-04-28 06:25:35,0,0,0,0,0,0,0,0,0,0,0,0,2.1,11.4
2025-04-28 06:25:40,0,0,0,0,0,0,0,0,0,0,0,0,2.1,11.4
2025-04-28 06:25:45,0,0,0,0,0,0,0,0,0,0,0,0,2.2,11.4
2025-04-28 06:25:50,0,0,0,0,0,0,0,0,0,0,0,0,2.2,11.4
2025-04-28 06:25:55,0,0,0,0,0,0,0,0,0,0,0,0,2.3,11.4
2025-04-28 06:26:00,0,0,0,0,0,0,0,0,0,0,0,0,2.6,11.4
2025-04-28 06:26:05,0,0,0,0,0,0,0,0,0,0,0,0,2.3,11.4
2025-04-28 06:26:10,0,0,0,0,0,0,0,0,0,0,0,0,1.8,11.4
2025-04-28 06:26:15,0,0,0,0,0,0,0,0,0,0,0,0,1.4,11.4
2025-04-28 06:26:20,0,0,0,0,0,0,0,0,0,0,0,0,1.5,11.4
2025-04-28 06:26:25,0,0,0,0,0,0,0,0,0,0,0,0,1.4,11.4
2025-04-28 06:26:30,0,0,0,0,0,0,0,0,0,0,0,0,1.5,11.4
2025-04-28 06:26:35,0,0,0,0,0,0,0,0,0,0,0,0,2.1,11.4
2025-04-28 06:26:40,0,0,0,0,0,0,0,0,0,0,0,0,2.2,11.4
2025-04-28 06:26:45,0,0,0,0,0,0,0,0,0,0,0,0,2.2,11.4
2025-04-28 06:26:50,0,0,0,0,0,0,0,0,0,0,0,0,2.9,11.4
2025-04-28 06:26:55,0,0,0,0,0,0,0,0,0,0,0,0,2.6,11.4
2025-04-28 06:27:00,0,0,0,0,0,0,0,0,0,0,0,0,2.5,11.4
2025-04-28 06:27:05,0,0,0,0,0,0,0,0,0,0,0,0,2.7,11.4
2025-04-28 06:27:10,0,0,0,0,0,0,0,0,0,0,0,0,2.4,11.4
2025-04-28 06:27:15,0,0,0,0,0,0,0,0,0,0,0,0,2.1,11.4
2025-04-28 06:27:20,0,0,0,0,0,0,0,0,0,0,0,0,1.7,11.4
2025-04-28 06:27:25,0,0,0,0,0,0,0,0,0,0,0,0,1.7,11.4
2025-04-28 06:27:30,0,0,0,0,0,0,0,0,0,0,0,0,2.4,11.4
2025-04-28 06:27:35,0,0,0,0,0,0,0,0,0,0,0,0,1.9,11.4
2025-04-28 06:27:40,0,0,0,0,0,0,0,0,0,0,0,0,2.1,11.4
2025-04-28 06:27:45,0,0,0,0,0,0,0,0,0,0,0,0,3.0,11.4
2025-04-28 06:27:50,0,0,0,0,0,0,0,0,0,0,0,0,2.8,11.4
2025-04-28 06:27:55,0,0,0,0,0,0,0,0,0,0,0,0,2.5,11.4
2025-04-28 06:28:00,0,0,0,0,0,0,0,0,0,0,0,0,2.0,11.4
2025-04-28 06:28:05,0,0,0,0,0,0,0,0,0,0,0,0,1.8,11.4
2025-04-28 06:28:10,0,0,0,0,0,0,0,0,0,0,0,0,1.5,11.4
2025-04-28 06:28:15,0,0,0,0,0,0,0,0,0,0,0,0,1.4,11.4
2025-04-28 06:28:20,0,0,0,0,0,0,0,0,0,0,0,0,1.4,11.4
2025-04-28 06:28:25,0,0,0,0,0,0,0,0,0,0,0,0,1.4,11.4
2025-04-28 06:28:30,0,0,0,0,0,0,0,0,0,0,0,0,2.7,11.4
2025-04-28 06:28:35,0,0,0,0,0,0,0,0,0,0,0,0,3.5,11.4
2025-04-28 06:28:40,0,0,0,0,0,0,0,0,0,0,0,0,3.5,11.4
2025-04-28 06:28:45,0,0,0,0,0,0,0,0,0,0,0,0,3.5,11.4
2025-04-28 06:28:50,0,0,0,0,0,0,0,0,0,0,0,0,3.0,11.4
2025-04-28 06:28:55,0,0,0,0,0,0,0,0,0,0,0,0,2.6,11.4
2025-04-28 06:29:00,0,0,0,0,0,0,0,0,0,0,0,0,2.4,11.4
2025-04-28 06:29:05,0,0,0,0,0,0,0,0,0,0,0,0,2.1,11.4
2025-04-28 06:29:10,0,0,0,0,0,0,0,0,0,0,0,0,2.1,11.4
2025-04-28 06:29:15,0,0,0,0,0,0,0,0,0,0,0,0,1.7,11.4
2025-04-28 06:29:20,0,0,0,0,0,0,0,0,0,0,0,0,1.9,11.4
2025-04-28 06:29:25,0,0,0,0,0,0,0,0,0,0,0,0,2.2,11.4
2025-04-28 06:29:30,0,0,0,0,0,0,0,0,0,0,0,0,2.0,11.4
2025-04-28 06:29:35,0,0,0,0,0,0,0,0,0,0,0,0,1.7,11.4
2025-04-28 06:29:40,0,0,0,0,0,0,0,0,0,0,0,0,1.4,11.4
2025-04-28 06:29:45,0,0,0,0,0,0,0,0,0,0,0,0,1.3,11.4
2025-04-28 06:29:50,0,0,0,0,0,0,0,0,0,0,0,0,2.0,11.4
2025-04-28 06:29:55,0,0,0,0,0,0,0,0,0,0,0,0,1.9,11.4
2025-04-28 06:30:00,0,0,0,0,0,0,0,0,0,0,0,0,2.2,11.4
2025-04-28 06:30:05,0,0,0,0,0,0,0,0,0,0,0,0,1.7,11.4
2025-04-28 06:30:10,0,0,0,0,0,0,0,0,0,0,0,0,1.8,11.4
2025-04-28 06:30:15,0,0,0,0,0,0,0,0,0,0,0,0,2.0,11.4
2025-04-28 06:30:20,0,0,0,0,0,0,0,0,0,0,0,0,1.5,11.4
2025-04-28 06:30:25,0,0,0,0,0,0,0,0,0,0,0,0,1.8,11.4
2025-04-28 06:30:30,0,0,0,0,0,0,0,0,0,0,0,0,1.7,11.4
2025-04-28 06:30:35,0,0,0,0,0,0,0,0,0,0,0,0,1.7,11.4
2025-04-28 06:30:40,0,0,0,0,0,0,0,0,0,0,0,0,1.5,11.4
2025-04-28 06:30:45,0,0,0,0,0,0,0,0,0,0,0,0,1.6,11.4
2025-04-28 06:30:50,0,0,0,0,0,0,0,0,0,0,0,0,1.6,11.4
2025-04-28 06:30:55,0,0,0,0,0,0,0,0,0,0,0,0,1.6,11.4
2025-04-28 06:31:00,0,0,0,0,0,0,0,0,0,0,0,0,1.5,11.4
2025-04-28 06:31:05,0,0,0,0,0,0,0,0,0,0,0,0,1.5,11.4
2025-04-28 06:31:10,0,0,0,0,0,0,0,0,0,0,0,0,1.4,11.4
2025-04-28 06:31:15,0,0,0,0,0,0,0,0,0,0,0,0,1.2,11.4
2025-04-28 06:31:20,0,0,0,0,0,0,0,0,0,0,0,0,1.5,11.4
2025-04-28 06:31:25,0,0,0,0,0,0,0,0,0,0,0,0,1.6,11.4
2025-04-28 06:31:30,0,0,0,0,0,0,0,0,0,0,0,0,1.4,11.4
2025-04-28 06:31:35,0,0,0,0,0,0,0,0,0,0,0,0,1.2,11.4
2025-04-28 06:31:40,0,0,0,0,0,0,0,0,0,0,0,0,1.1,11.4
2025-04-28 06:31:45,0,0,0,0,0,0,0,0,0,0,0,0,1.1,11.4
2025-04-28 06:31:50,0,0,0,0,0,0,0,0,0,0,0,0,1.0,11.4
2025-04-28 06:31:55,0,0,0,0,0,0,0,0,0,0,0,0,0.9,11.4
2025-04-28 06:32:00,0,0,0,0,0,0,0,0,0,0,0,0,1.1,11.4
2025-04-28 06:32:05,0,0,0,0,0,0,0,0,0,0,0,0,1.8,11.4
2025-04-28 06:32:10,0,0,0,0,0,0,0,0,0,0,0,0,2.1,11.4
2025-04-28 06:32:15,0,0,0,0,0,0,0,0,0,0,0,0,2.4,11.4
2025-04-28 06:32:20,0,0,0,0,0,0,0,0,0,0,0,0,2.3,11.4
2025-04-28 06:32:25,0,0,0,0,0,0,0,0,0,0,0,0,2.0,11.4
2025-04-28 06:32:30,0,0,0,0,0,0,0,0,0,0,0,0,1.6,11.4
2025-04-28 06:32:35,0,0,0,0,0,0,0,0,0,0,0,0,1.2,11.4
2025-04-28 06:32:40,0,0,0,0,0,0,0,0,0,0,0,0,1.0,11.4
2025-04-28 06:32:45,0,0,0,0,0,0,0,0,0,0,0,0,0.9,11.4
2025-04-28 06:32:50,0,0,0,0,0,0,0,0,0,0,0,0,0.7,11.4
2025-04-28 06:32:55,0,0,0,0,0,0,0,0,0,0,0,0,0.7,11.4
2025-04-28 06:33:00,0,0,0,0,0,0,0,0,0,0,0,0,1.0,11.4
2025-04-28 06:33:05,0,0,0,0,0,0,0,0,0,0,0,0,0.9,11.4
2025-04-28 06:33:10,0,0,0,0,0,0,0,0,0,0,0,0,0.8,11.4
2025-04-28 06:33:15,0,0,0,0,0,0,0,0,0,0,0,0,0.6,11.4
2025-04-28 06:33:20,0,0,0,0,0,0,0,0,0,0,0,0,0.4,11.4
2025-04-28 06:33:25,0,0,0,0,0,0,0,0,0,0,0,0,0.4,11.4
2025-04-28 06:33:30,0,0,0,0,0,0,0,0,0,0,0,0,0.4,11.4
2025-04-28 06:33:35,0,0,0,0,0,0,0,0,0,0,0,0,0.6,11.4
2025-04-28 06:33:40,0,0,0,0,0,0,0,0,0,0,0,0,1.1,11.4
2025-04-28 06:33:45,0,0,0,0,0,0,0,0,0,0,0,0,1.3,11.4
2025-04-28 06:33:50,0,0,0,0,0,0,0,0,0,0,0,0,1.2,11.4
2025-04-28 06:33:55,0,0,0,0,0,0,0,0,0,0,0,0,1.5,11.4
2025-04-28 06:34:00,0,0,0,0,0,0,0,0,0,0,0,0,2.3,11.4
2025-04-28 06:34:05,0,0,0,0,0,0,0,0,0,0,0,0,2.2,11.4
2025-04-28 06:34:10,0,0,0,0,0,0,0,0,0,0,0,0,2.0,11.4
2025-04-28 06:34:15,0,0,0,0,0,0,0,0,0,0,0,0,2.6,11.4
2025-04-28 06:34:20,0,0,0,0,0,0,0,0,0,0,0,0,2.0,11.4
2025-04-28 06:34:25,0,0,0,0,0,0,0,0,0,0,0,0,1.9,11.4
2025-04-28 06:34:30,0,0,0,0,0,0,0,0,0,0,0,0,1.5,11.4
2025-04-28 06:34:35,0,0,0,0,0,0,0,0,0,0,0,0,1.1,11.4
2025-04-28 06:34:40,0,0,0,0,0,0,0,0,0,0,0,0,0.9,11.4
2025-04-28 06:34:45,0,0,0,0,0,0,0,0,0,0,0,0,0.7,11.4
2025-04-28 06:34:50,0,0,0,0,0,0,0,0,0,0,0,0,0.7,11.4
2025-04-28 06:34:55,0,0,0,0,0,0,0,0,0,0,0,0,0.8,11.4
2025-04-28 06:35:00,0,0,0,0,0,0,0,0,0,0,0,0,0.8,11.4
2025-04-28 06:35:05,0,0,0,0,0,0,0,0,0,0,0,0,0.8,11.4
2025-04-28 06:35:10,0,0,0,0,0,0,0,0,0,0,0,0,0.8,11.4
2025-04-28 06:35:15,0,0,0,0,0,0,0,0,0,0,0,0,0.7,11.4
2025-04-28 06:35:20,0,0,0,0,0,0,0,0,0,0,0,0,0.6,11.4
2025-04-28 06:35:25,0,0,0,0,0,0,0,0,0,0,0,0,0.6,11.4
2025-04-28 06:35:30,0,0,0,0,0,0,0,0,0,0,0,0,0.6,11.4
2025-04-28 06:35:35,0,0,0,0,0,0,0,0,0,0,0,0,1.2,11.3
2025-04-28 06:35:40,0,0,0,0,0,0,0,0,0,0,0,0,1.1,11.4
2025-04-28 06:35:45,0,0,0,0,0,0,0,0,0,0,0,0,1.2,11.3
2025-04-28 06:35:50,0,0,0,0,0,0,0,0,0,0,0,0,1.5,11.3
2025-04-28 06:35:55,0,0,0,0,0,0,0,0,0,0,0,0,1.5,11.3
2025-04-28 06:36:00,0,0,0,0,0,0,0,0,0,0,0,0,2.2,11.4
2025-04-28 06:36:05,0,0,0,0,0,0,0,0,0,0,0,0,2.1,11.4
2025-04-28 06:36:10,0,0,0,0,0,0,0,0,0,0,0,0,2.0,11.3
2025-04-28 06:36:15,0,0,0,0,0,0,0,0,0,0,0,0,2.0,11.3
2025-04-28 06:36:20,0,0,0,0,0,0,0,0,0,0,0,0,2.0,11.3
2025-04-28 06:36:25,0,0,0,0,0,0,0,0,0,0,0,0,1.8,11.3
2025-04-28 06:36:30,0,0,0,0,0,0,0,0,0,0,0,0,1.8,11.3
2025-04-28 06:36:35,0,0,0,0,0,0,0,0,0,0,0,0,1.6,11.4
2025-04-28 06:36:40,0,0,0,0,0,0,0,0,0,0,0,0,2.1,11.3
2025-04-28 06:36:45,0,0,0,0,0,0,0,0,0,0,0,0,2.0,11.3
2025-04-28 06:36:50,0,0,0,0,0,0,0,0,0,0,0,0,1.7,11.3
2025-04-28 06:36:55,0,0,0,0,0,0,0,0,0,0,0,0,1.7,11.3
2025-04-28 06:37:00,0,0,0,0,0,0,0,0,0,0,0,0,1.9,11.3
2025-04-28 06:37:05,0,0,0,0,0,0,0,0,0,0,0,0,1.9,11.3
2025-04-28 06:37:10,0,0,0,0,0,0,0,0,0,0,0,0,1.8,11.3
2025-04-28 06:37:15,0,0,0,0,0,0,0,0,0,0,0,0,1.3,11.3
2025-04-28 06:37:20,0,0,0,0,0,0,0,0,0,0,0,0,1.0,11.3
2025-04-28 06:37:25,0,0,0,0,0,0,0,0,0,0,0,0,0.9,11.3
2025-04-28 06:37:30,0,0,0,0,0,0,0,0,0,0,0,0,0.9,11.3
2025-04-28 06:37:35,0,0,0,0,0,0,0,0,0,0,0,0,1.1,11.3
2025-04-28 06:37:40,0,0,0,0,0,0,0,0,0,0,0,0,1.0,11.3
2025-04-28 06:37:45,0,0,0,0,0,0,0,0,0,0,0,0,1.0,11.3
2025-04-28 06:37:50,0,0,0,0,0,0,0,0,0,0,0,0,0.9,11.3
2025-04-28 06:37:55,0,0,0,0,0,0,0,0,0,0,0,0,0.8,11.3
2025-04-28 06:38:00,0,0,0,0,0,0,0,0,0,0,0,0,0.8,11.3
2025-04-28 06:38:05,0,0,0,0,0,0,0,0,0,0,0,0,1.0,11.3
2025-04-28 06:38:10,0,0,0,0,0,0,0,0,0,0,0,0,1.3,11.3
2025-04-28 06:38:15,0,0,0,0,0,0,0,0,0,0,0,0,1.3,11.3
2025-04-28 06:38:20,0,0,0,0,0,0,0,0,0,0,0,0,1.4,11.3
2025-04-28 06:38:25,0,0,0,0,0,0,0,0,0,0,0,0,1.8,11.3
2025-04-28 06:38:30,0,0,0,0,0,0,0,0,0,0,0,0,2.0,11.3
2025-04-28 06:38:35,0,0,0,0,0,0,0,0,0,0,0,0,1.7,11.3
2025-04-28 06:38:40,0,0,0,0,0,0,0,0,0,0,0,0,1.6,11.3
2025-04-28 06:38:45,0,0,0,0,0,0,0,0,0,0,0,0,1.8,11.3
2025-04-28 06:38:50,0,0,0,0,0,0,0,0,0,0,0,0,1.7,11.3
2025-04-28 06:38:55,0,0,0,0,0,0,0,0,0,0,0,0,1.8,11.3
2025-04-28 06:39:00,0,0,0,0,0,0,0,0,0,0,0,0,1.7,11.3
2025-04-28 06:39:05,0,0,0,0,0,0,0,0,0,0,0,0,1.7,11.3
2025-04-28 06:39:10,0,0,0,0,0,0,0,0,0,0,0,0,1.3,11.3
2025-04-28 06:39:15,0,0,0,0,0,0,0,0,0,0,0,0,1.3,11.3
2025-04-28 06:39:20,0,0,0,0,0,0,0,0,0,0,0,0,1.2,11.3
2025-04-28 06:39:25,0,0,0,0,0,0,0,0,0,0,0,0,1.1,11.3
2025-04-28 06:39:30,0,0,0,0,0,0,0,0,0,0,0,0,1.1,11.3
2025-04-28 06:39:35,0,0,0,0,0,0,0,0,0,0,0,0,1.5,11.3
2025-04-28 06:39:40,0,0,0,0,0,0,0,0,0,0,0,0,1.9,11.3
2025-04-28 06:39:45,0,0,0,0,0,0,0,0,0,0,0,0,1.9,11.3
2025-04-28 06:39:50,0,0,0,0,0,0,0,0,0,0,0,0,1.8,11.3
2025-04-28 06:39:55,0,0,0,0,0,0,0,0,0,0,0,0,1.7,11.3
2025-04-28 06:40:00,0,0,0,0,0,0,0,0,0,0,0,0,2.4,11.3
2025-04-28 06:40:05,0,0,0,0,0,0,0,0,0,0,0,0,2.5,11.3
2025-04-28 06:40:10,0,0,0,0,0,0,0,0,0,0,0,0,3.1,11.3
2025-04-28 06:40:15,0,0,0,0,0,0,0,0,0,0,0,0,3.1,11.3
2025-04-28 06:40:20,0,0,0,0,0,0,0,0,0,0,0,0,3.1,11.3
2025-04-28 06:40:25,0,0,0,0,0,0,0,0,0,0,0,0,2.5,11.3
2025-04-28 06:40:30,0,0,0,0,0,0,0,0,0,0,0,0,2.3,11.3
2025-04-28 06:40:35,0,0,0,0,0,0,0,0,0,0,0,0,1.8,11.3
2025-04-28 06:40:40,0,0,0,0,0,0,0,0,0,0,0,0,1.6,11.3
2025-04-28 06:40:45,0,0,0,0,0,0,0,0,0,0,0,0,1.8,11.3
2025-04-28 06:40:50,0,0,0,0,0,0,0,0,0,0,0,0,1.4,11.3
2025-04-28 06:40:55,0,0,0,0,0,0,0,0,0,0,0,0,1.3,11.3
2025-04-28 06:41:00,0,0,0,0,0,0,0,0,0,0,0,0,1.1,11.3
2025-04-28 06:41:05,0,0,0,0,0,0,0,0,0,0,0,0,0.9,11.3
2025-04-28 06:41:10,0,0,0,0,0,0,0,0,0,0,0,0,0.8,11.3
2025-04-28 06:41:15,0,0,0,0,0,0,0,0,0,0,0,0,0.8,11.3
2025-04-28 06:41:20,0,0,0,0,0,0,0,0,0,0,0,0,0.8,11.3
2025-04-28 06:41:25,0,0,0,0,0,0,0,0,0,0,0,0,0.9,11.3
2025-04-28 06:41:30,0,0,0,0,0,0,0,0,0,0,0,0,0.8,11.3
2025-04-28 06:41:35,0,0,0,0,0,0,0,0,0,0,0,0,0.8,11.3
2025-04-28 06:41:40,0,0,0,0,0,0,0,0,0,0,0,0,0.9,11.3
2025-04-28 06:41:45,0,0,0,0,0,0,0,0,0,0,0,0,1.0,11.3
2025-04-28 06:41:50,0,0,0,0,0,0,0,0,0,0,0,0,1.2,11.3
2025-04-28 06:41:55,0,0,0,0,0,0,0,0,0,0,0,0,1.5,11.3
2025-04-28 06:42:00,0,0,0,0,0,0,0,0,0,0,0,0,2.2,11.3
2025-04-28 06:42:05,0,0,0,0,0,0,0,0,0,0,0,0,2.1,11.3
2025-04-28 06:42:10,0,0,0,0,0,0,0,0,0,0,0,0,2.0,11.3
2025-04-28 06:42:15,0,0,0,0,0,0,0,0,0,0,0,0,2.1,11.3
2025-04-28 06:42:20,0,0,0,0,0,0,0,0,0,0,0,0,1.6,11.3
2025-04-28 06:42:25,0,0,0,0,0,0,0,0,0,0,0,0,1.6,11.3
2025-04-28 06:42:30,0,0,0,0,0,0,0,0,0,0,0,0,1.4,11.3
2025-04-28 06:42:35,0,0,0,0,0,0,0,0,0,0,0,0,1.6,11.3
2025-04-28 06:42:40,0,0,0,0,0,0,0,0,0,0,0,0,1.8,11.3
2025-04-28 06:42:45,0,0,0,0,0,0,0,0,0,0,0,0,1.7,11.3
2025-04-28 06:42:50,0,0,0,0,0,0,0,0,0,0,0,0,1.5,11.3
2025-04-28 06:42:55,0,0,0,0,0,0,0,0,0,0,0,0,1.4,11.3
2025-04-28 06:43:00,0,0,0,0,0,0,0,0,0,0,0,0,1.6,11.3
2025-04-28 06:43:05,0,0,0,0,0,0,0,0,0,0,0,0,2.1,11.3
2025-04-28 06:43:10,0,0,0,0,0,0,0,0,0,0,0,0,2.3,11.3
2025-04-28 06:43:15,0,0,0,0,0,0,0,0,0,0,0,0,1.9,11.3
2025-04-28 06:43:20,0,0,0,0,0,0,0,0,0,0,0,0,1.6,11.3
2025-04-28 06:43:25,0,0,0,0,0,0,0,0,0,0,0,0,1.7,11.3
2025-04-28 06:43:30,0,0,0,0,0,0,0,0,0,0,0,0,2.1,11.3
2025-04-28 06:43:35,0,0,0,0,0,0,0,0,0,0,0,0,2.4,11.3
2025-04-28 06:43:40,0,0,0,0,0,0,0,0,0,0,0,0,2.1,11.3
2025-04-28 06:43:45,0,0,0,0,0,0,0,0,0,0,0,0,2.2,11.3
2025-04-28 06:43:50,0,0,0,0,0,0,0,0,0,0,0,0,2.0,11.3
2025-04-28 06:43:55,0,0,0,0,0,0,0,0,0,0,0,0,1.7,11.3
2025-04-28 06:44:00,0,0,0,0,0,0,0,0,0,0,0,0,1.3,11.3
2025-04-28 06:44:05,0,0,0,0,0,0,0,0,0,0,0,0,1.3,11.3
2025-04-28 06:44:10,0,0,0,0,0,0,0,0,0,0,0,0,1.4,11.3
2025-04-28 06:44:15,0,0,0,0,0,0,0,0,0,0,0,0,1.7,11.3
2025-04-28 06:44:20,0,0,0,0,0,0,0,0,0,0,0,0,1.8,11.3
2025-04-28 06:44:25,0,0,0,0,0,0,0,0,0,0,0,0,1.6,11.3
2025-04-28 06:44:30,0,0,0,0,0,0,0,0,0,0,0,0,1.2,11.3
2025-04-28 06:44:35,0,0,0,0,0,0,0,0,0,0,0,0,1.1,11.3
2025-04-28 06:44:40,0,0,0,0,0,0,0,0,0,0,0,0,1.6,11.3
2025-04-28 06:44:45,0,0,0,0,0,0,0,0,0,0,0,0,1.5,11.3
2025-04-28 06:44:50,0,0,0,0,0,0,0,0,0,0,0,0,1.8,11.3
2025-04-28 06:44:55,0,0,0,0,0,0,0,0,0,0,0,0,2.0,11.3
2025-04-28 06:45:00,0,0,0,0,0,0,0,0,0,0,0,0,1.6,11.3
2025-04-28 06:45:05,0,0,0,0,0,0,0,0,0,0,0,0,1.5,11.3
2025-04-28 06:45:10,0,0,0,0,0,0,0,0,0,0,0,0,1.9,11.3
2025-04-28 06:45:15,0,0,0,0,0,0,0,0,0,0,0,0,2.0,11.3
2025-04-28 06:45:20,0,0,0,0,0,0,0,0,0,0,0,0,2.1,11.3
2025-04-28 06:45:25,0,0,0,0,0,0,0,0,0,0,0,0,1.9,11.3
2025-04-28 06:45:30,0,0,0,0,0,0,0,0,0,0,0,0,1.6,11.3
2025-04-28 06:45:35,0,0,0,0,0,0,0,0,0,0,0,0,1.4,11.3
2025-04-28 06:45:40,0,0,0,0,0,0,0,0,0,0,0,0,1.9,11.3
2025-04-28 06:45:45,0,0,0,0,0,0,0,0,0,0,0,0,2.8,11.3
2025-04-28 06:45:50,0,0,0,0,0,0,0,0,0,0,0,0,2.8,11.3
2025-04-28 06:45:55,0,0,0,0,0,0,0,0,0,0,0,0,2.3,11.3
2025-04-28 06:46:00,0,0,0,0,0,0,0,0,0,0,0,0,1.8,11.3
2025-04-28 06:46:05,0,0,0,0,0,0,0,0,0,0,0,0,1.6,11.3
2025-04-28 06:46:10,0,0,0,0,0,0,0,0,0,0,0,0,1.5,11.3
2025-04-28 06:46:15,0,0,0,0,0,0,0,0,0,0,0,0,1.5,11.3
2025-04-28 06:46:20,0,0,0,0,0,0,0,0,0,0,0,0,1.4,11.3
2025-04-28 06:46:25,0,0,0,0,0,0,0,0,0,0,0,0,1.2,11.3
2025-04-28 06:46:30,0,0,0,0,0,0,0,0,0,0,0,0,1.1,11.3
2025-04-28 06:46:35,0,0,0,0,0,0,0,0,0,0,0,0,1.0,11.3
2025-04-28 06:46:40,0,0,0,0,0,0,0,0,0,0,0,0,0.8,11.3
2025-04-28 06:46:45,0,0,0,0,0,0,0,0,0,0,0,0,0.7,11.3
2025-04-28 06:46:50,0,0,0,0,0,0,0,0,0,0,0,0,0.7,11.3
2025-04-28 06:46:55,0,0,0,0,0,0,0,0,0,0,0,0,1.0,11.3
2025-04-28 06:47:00,0,0,0,0,0,0,0,0,0,0,0,0,1.0,11.3
2025-04-28 06:47:05,0,0,0,0,0,0,0,0,0,0,0,0,1.1,11.3
2025-04-28 06:47:10,0,0,0,0,0,0,0,0,0,0,0,0,1.1,11.3
2025-04-28 06:47:15,0,0,0,0,0,0,0,0,0,0,0,0,2.0,11.3
2025-04-28 06:47:20,0,0,0,0,0,0,0,0,0,0,0,0,2.2,11.3
2025-04-28 06:47:25,0,0,0,0,0,0,0,0,0,0,0,0,2.9,11.3
2025-04-28 06:47:30,0,0,0,0,0,0,0,0,0,0,0,0,2.8,11.3
2025-04-28 06:47:35,0,0,0,0,0,0,0,0,0,0,0,0,2.5,11.3
2025-04-28 06:47:40,0,0,0,0,0,0,0,0,0,0,0,0,2.6,11.3
2025-04-28 06:47:45,0,0,0,0,0,0,0,0,0,0,0,0,2.6,11.3
2025-04-28 06:47:50,0,0,0,0,0,0,0,0,0,0,0,0,2.7,11.3
2025-04-28 06:47:55,0,0,0,0,0,0,0,0,0,0,0,0,2.6,11.3
2025-04-28 06:48:00,0,0,0,0,0,0,0,0,0,0,0,0,2.3,11.3
2025-04-28 06:48:05,0,0,0,0,0,0,0,0,0,0,0,0,1.8,11.3
2025-04-28 06:48:10,0,0,0,0,0,0,0,0,0,0,0,0,1.8,11.3
2025-04-28 06:48:15,0,0,0,0,0,0,0,0,0,0,0,0,2.2,11.3
2025-04-28 06:48:20,0,0,0,0,0,0,0,0,0,0,0,0,2.3,11.3
2025-04-28 06:48:25,0,0,0,0,0,0,0,0,0,0,0,0,1.9,11.3
2025-04-28 06:48:30,0,0,0,0,0,0,0,0,0,0,0,0,1.4,11.3
2025-04-28 06:48:35,0,0,0,0,0,0,0,0,0,0,0,0,1.5,11.3
2025-04-28 06:48:40,0,0,0,0,0,0,0,0,0,0,0,0,1.3,11.3
2025-04-28 06:48:45,0,0,0,0,0,0,0,0,0,0,0,0,1.3,11.3
2025-04-28 06:48:50,0,0,0,0,0,0,0,0,0,0,0,0,1.2,11.3
2025-04-28 06:48:55,0,0,0,0,0,0,0,0,0,0,0,0,1.1,11.3
2025-04-28 06:49:00,0,0,0,0,0,0,0,0,0,0,0,0,1.1,11.3
2025-04-28 06:49:05,0,0,0,0,0,0,0,0,0,0,0,0,1.5,11.3
2025-04-28 06:49:10,0,0,0,0,0,0,0,0,0,0,0,0,1.9,11.3
2025-04-28 06:49:15,0,0,0,0,0,0,0,0,0,0,0,0,1.9,11.3
2025-04-28 06:49:20,0,0,0,0,0,0,0,0,0,0,0,0,2.2,11.3
2025-04-28 06:49:25,0,0,0,0,0,0,0,0,0,0,0,0,1.9,11.3
2025-04-28 06:49:30,0,0,0,0,0,0,0,0,0,0,0,0,1.5,11.3
2025-04-28 06:49:35,0,0,0,0,0,0,0,0,0,0,0,0,1.4,11.3
2025-04-28 06:49:40,0,0,0,0,0,0,0,0,0,0,0,0,1.4,11.3
2025-04-28 06:49:45,0,0,0,0,0,0,0,0,0,0,0,0,1.7,11.3
2025-04-28 06:49:50,0,0,0,0,0,0,0,0,0,0,0,0,1.8,11.3
2025-04-28 06:49:55,0,0,0,0,0,0,0,0,0,0,0,0,1.6,11.3
2025-04-28 06:50:00,0,0,0,0,0,0,0,0,0,0,0,0,1.6,11.3
2025-04-28 06:50:05,0,0,0,0,0,0,0,0,0,0,0,0,1.5,11.3
2025-04-28 06:50:10,0,0,0,0,0,0,0,0,0,0,0,0,1.3,11.3
2025-04-28 06:50:15,0,0,0,0,0,0,0,0,0,0,0,0,1.4,11.3
2025-04-28 06:50:20,0,0,0,0,0,0,0,0,0,0,0,0,1.1,11.3
2025-04-28 06:50:25,0,0,0,0,0,0,0,0,0,0,0,0,0.9,11.3
2025-04-28 06:50:30,0,0,0,0,0,0,0,0,0,0,0,0,0.8,11.3
2025-04-28 06:50:35,0,0,0,0,0,0,0,0,0,0,0,0,0.7,11.3
2025-04-28 06:50:40,0,0,0,0,0,0,0,0,0,0,0,0,0.7,11.3
2025-04-28 06:50:45,0,0,0,0,0,0,0,0,0,0,0,0,0.9,11.3
2025-04-28 06:50:50,0,0,0,0,0,0,0,0,0,0,0,0,1.3,11.3
2025-04-28 06:50:55,0,0,0,0,0,0,0,0,0,0,0,0,1.2,11.3
2025-04-28 06:51:00,0,0,0,0,0,0,0,0,0,0,0,0,1.0,11.3
2025-04-28 06:51:05,0,0,0,0,0,0,0,0,0,0,0,0,1.0,11.3
2025-04-28 06:51:10,0,0,0,0,0,0,0,0,0,0,0,0,0.7,11.3
2025-04-28 06:51:15,0,0,0,0,0,0,0,0,0,0,0,0,0.6,11.3
2025-04-28 06:51:20,0,0,0,0,0,0,0,0,0,0,0,0,0.9,11.3
2025-04-28 06:51:25,0,0,0,0,0,0,0,0,0,0,0,0,1.5,11.3
2025-04-28 06:51:30,0,0,0,0,0,0,0,0,0,0,0,0,1.7,11.3
2025-04-28 06:51:35,0,0,0,0,0,0,0,0,0,0,0,0,2.4,11.3
2025-04-28 06:51:40,0,0,0,0,0,0,0,0,0,0,0,0,2.4,11.3
2025-04-28 06:51:45,0,0,0,0,0,0,0,0,0,0,0,0,2.2,11.3
2025-04-28 06:51:50,0,0,0,0,0,0,0,0,0,0,0,0,1.8,11.3
2025-04-28 06:51:55,0,0,0,0,0,0,0,0,0,0,0,0,1.6,11.3
2025-04-28 06:52:00,0,0,0,0,0,0,0,0,0,0,0,0,2.0,11.3
2025-04-28 06:52:05,0,0,0,0,0,0,0,0,0,0,0,0,1.7,11.3
2025-04-28 06:52:10,0,0,0,0,0,0,0,0,0,0,0,0,1.9,11.3
2025-04-28 06:52:15,0,0,0,0,0,0,0,0,0,0,0,0,2.4,11.3
2025-04-28 06:52:20,0,0,0,0,0,0,0,0,0,0,0,0,2.1,11.3
2025-04-28 06:52:25,0,0,0,0,0,0,0,0,0,0,0,0,2.0,11.3
2025-04-28 06:52:30,0,0,0,0,0,0,0,0,0,0,0,0,1.9,11.3
2025-04-28 06:52:35,0,0,0,0,0,0,0,0,0,0,0,0,1.5,11.3
2025-04-28 06:52:40,0,0,0,0,0,0,0,0,0,0,0,0,1.3,11.3
2025-04-28 06:52:45,0,0,0,0,0,0,0,0,0,0,0,0,1.0,11.3
2025-04-28 06:52:50,0,0,0,0,0,0,0,0,0,0,0,0,1.0,11.3
2025-04-28 06:52:55,0,0,0,0,0,0,0,0,0,0,0,0,0.7,11.3
2025-04-28 06:53:00,0,0,0,0,0,0,0,0,0,0,0,0,0.8,11.3
2025-04-28 06:53:05,0,0,0,0,0,0,0,0,0,0,0,0,0.7,11.3
2025-04-28 06:53:10,0,0,0,0,0,0,0,0,0,0,0,0,0.9,11.3
2025-04-28 06:53:15,0,0,0,0,0,0,0,0,0,0,0,0,0.9,11.3
2025-04-28 06:53:20,0,0,0,0,0,0,0,0,0,0,0,0,0.7,11.3
2025-04-28 06:53:25,0,0,0,0,0,0,0,0,0,0,0,0,0.8,11.3
2025-04-28 06:53:30,0,0,0,0,0,0,0,0,0,0,0,0,0.7,11.3
2025-04-28 06:53:35,0,0,0,0,0,0,0,0,0,0,0,0,1.2,11.3
2025-04-28 06:53:40,0,0,0,0,0,0,0,0,0,0,0,0,1.3,11.3
2025-04-28 06:53:45,0,0,0,0,0,0,0,0,0,0,0,0,1.8,11.3
2025-04-28 06:53:50,0,0,0,0,0,0,0,0,0,0,0,0,2.3,11.3
2025-04-28 06:53:55,0,0,0,0,0,0,0,0,0,0,0,0,2.0,11.3
2025-04-28 06:54:00,0,0,0,0,0,0,0,0,0,0,0,0,2.0,11.3
2025-04-28 06:54:05,0,0,0,0,0,0,0,0,0,0,0,0,2.1,11.3
2025-04-28 06:54:10,0,0,0,0,0,0,0,0,0,0,0,0,2.0,11.3
2025-04-28 06:54:15,0,0,0,0,0,0,0,0,0,0,0,0,1.9,11.3
2025-04-28 06:54:20,0,0,0,0,0,0,0,0,0,0,0,0,1.8,11.3
2025-04-28 06:54:25,0,0,0,0,0,0,0,0,0,0,0,0,1.3,11.3
2025-04-28 06:54:30,0,0,0,0,0,0,0,0,0,0,0,0,1.2,11.3
2025-04-28 06:54:35,0,0,0,0,0,0,0,0,0,0,0,0,1.0,11.3
2025-04-28 06:54:40,0,0,0,0,0,0,0,0,0,0,0,0,0.7,11.3
2025-04-28 06:54:45,0,0,0,0,0,0,0,0,0,0,0,0,0.7,11.3
2025-04-28 06:54:50,0,0,0,0,0,0,0,0,0,0,0,0,0.8,11.3
2025-04-28 06:54:55,0,0,0,0,0,0,0,0,0,0,0,0,1.0,11.3
2025-04-28 06:55:00,0,0,0,0,0,0,0,0,0,0,0,0,1.0,11.3
2025-04-28 06:55:05,0,0,0,0,0,0,0,0,0,0,0,0,1.0,11.3
2025-04-28 06:55:10,0,0,0,0,0,0,0,0,0,0,0,0,0.8,11.3
2025-04-28 06:55:15,0,0,0,0,0,0,0,0,0,0,0,0,0.8,11.3
2025-04-28 06:55:20,0,0,0,0,0,0,0,0,0,0,0,0,0.8,11.3
2025-04-28 06:55:25,0,0,0,0,0,0,0,0,0,0,0,0,0.8,11.2
2025-04-28 06:55:30,0,0,0,0,0,0,0,0,0,0,0,0,0.8,11.2
2025-04-28 06:55:35,0,0,0,0,0,0,0,0,0,0,0,0,0.8,11.2
2025-04-28 06:55:40,0,0,0,0,0,0,0,0,0,0,0,0,0.8,11.2
2025-04-28 06:55:45,0,0,0,0,0,0,0,0,0,0,0,0,1.4,11.2
2025-04-28 06:55:50,0,0,0,0,0,0,0,0,0,0,0,0,1.3,11.2
2025-04-28 06:55:55,0,0,0,0,0,0,0,0,0,0,0,0,1.1,11.2
2025-04-28 06:56:00,0,0,0,0,0,0,0,0,0,0,0,0,0.9,11.2
2025-04-28 06:56:05,0,0,0,0,0,0,0,0,0,0,0,0,0.8,11.2
2025-04-28 06:56:10,0,0,0,0,0,0,0,0,0,0,0,0,1.1,11.2
2025-04-28 06:56:15,0,0,0,0,0,0,0,0,0,0,0,0,1.1,11.2
2025-04-28 06:56:20,0,0,0,0,0,0,0,0,0,0,0,0,1.4,11.2
2025-04-28 06:56:25,0,0,0,0,0,0,0,0,0,0,0,0,1.3,11.2
2025-04-28 06:56:30,0,0,0,0,0,0,0,0,0,0,0,0,1.3,11.2
2025-04-28 06:56:35,0,0,0,0,0,0,0,0,0,0,0,0,2.0,11.2
2025-04-28 06:56:40,0,0,0,0,0,0,0,0,0,0,0,0,1.8,11.2
2025-04-28 06:56:45,0,0,0,0,0,0,0,0,0,0,0,0,2.0,11.2
2025-04-28 06:56:50,0,0,0,0,0,0,0,0,0,0,0,0,2.2,11.2
2025-04-28 06:56:55,0,0,0,0,0,0,0,0,0,0,0,0,1.9,11.2
2025-04-28 06:57:00,0,0,0,0,0,0,0,0,0,0,0,0,1.6,11.2
2025-04-28 06:57:05,0,0,0,0,0,0,0,0,0,0,0,0,1.2,11.2
2025-04-28 06:57:10,0,0,0,0,0,0,0,0,0,0,0,0,1.2,11.2
2025-04-28 06:57:15,0,0,0,0,0,0,0,0,0,0,0,0,0.9,11.2
2025-04-28 06:57:20,0,0,0,0,0,0,0,0,0,0,0,0,0.9,11.2
2025-04-28 06:57:25,0,0,0,0,0,0,0,0,0,0,0,0,0.8,11.2
2025-04-28 06:57:30,0,0,0,0,0,0,0,0,0,0,0,0,0.7,11.2
2025-04-28 06:57:35,0,0,0,0,0,0,0,0,0,0,0,0,0.6,11.2
2025-04-28 06:57:40,0,0,0,0,0,0,0,0,0,0,0,0,0.5,11.2
2025-04-28 06:57:45,0,0,0,0,0,0,0,0,0,0,0,0,0.5,11.2
2025-04-28 06:57:50,0,0,0,0,0,0,0,0,0,0,0,0,0.8,11.2
2025-04-28 06:57:55,0,0,0,0,0,0,0,0,0,0,0,0,1.1,11.2
2025-04-28 06:58:00,0,0,0,0,0,0,0,0,0,0,0,0,1.0,11.2
2025-04-28 06:58:05,0,0,0,0,0,0,0,0,0,0,0,0,1.2,11.2
2025-04-28 06:58:10,0,0,0,0,0,0,0,0,0,0,0,0,1.4,11.2
2025-04-28 06:58:15,0,0,0,0,0,0,0,0,0,0,0,0,1.3,11.2
2025-04-28 06:58:20,0,0,0,0,0,0,0,0,0,0,0,0,1.0,11.2
2025-04-28 06:58:25,0,0,0,0,0,0,0,0,0,0,0,0,1.4,11.2
2025-04-28 06:58:30,0,0,0,0,0,0,0,0,0,0,0,0,1.7,11.2
2025-04-28 06:58:35,0,0,0,0,0,0,0,0,0,0,0,0,1.9,11.2
2025-04-28 06:58:40,0,0,0,0,0,0,0,0,0,0,0,0,1.5,11.2
2025-04-28 06:58:45,0,0,0,0,0,0,0,0,0,0,0,0,1.3,11.2
2025-04-28 06:58:50,0,0,0,0,0,0,0,0,0,0,0,0,1.8,11.2
2025-04-28 06:58:55,0,0,0,0,0,0,0,0,0,0,0,0,1.8,11.2
2025-04-28 06:59:00,0,0,0,0,0,0,0,0,0,0,0,0,1.5,11.2
2025-04-28 06:59:05,0,0,0,0,0,0,0,0,0,0,0,0,1.7,11.2
2025-04-28 06:59:10,0,0,0,0,0,0,0,0,0,0,0,0,1.7,11.2
2025-04-28 06:59:15,0,0,0,0,0,0,0,0,0,0,0,0,1.7,11.2
2025-04-28 06:59:20,0,0,0,0,0,0,0,0,0,0,0,0,1.8,11.2
2025-04-28 06:59:25,0,0,0,0,0,0,0,0,0,0,0,0,1.6,11.2
2025-04-28 06:59:30,0,0,0,0,0,0,0,0,0,0,0,0,2.3,11.2
2025-04-28 06:59:35,0,0,0,0,0,0,0,0,0,0,0,0,2.3,11.2
2025-04-28 06:59:40,0,0,0,0,0,0,0,0,0,0,0,0,1.9,11.2
2025-04-28 06:59:45,0,0,0,0,0,0,0,0,0,0,0,0,1.7,11.2
2025-04-28 06:59:50,0,0,0,0,0,0,0,0,0,0,0,0,1.8,11.2
2025-04-28 06:59:55,0,0,0,0,0,0,0,0,0,0,0,0,1.6,11.2
2025-04-28 07:00:00,0,0,0,0,0,0,0,0,0,0,0,0,1.6,11.2
2025-04-28 07:00:05,0,0,0,0,0,0,0,0,0,0,0,0,1.6,11.2
2025-04-28 07:00:10,0,0,0,0,0,0,0,0,0,0,0,0,2.3,11.2
2025-04-28 07:00:15,0,0,0,0,0,0,0,0,0,0,0,0,1.9,11.2
2025-04-28 07:00:20,0,0,0,0,0,0,0,0,0,0,0,0,2.0,11.2
2025-04-28 07:00:25,0,0,0,0,0,0,0,0,0,0,0,0,2.9,11.2
2025-04-28 07:00:30,0,0,0,0,0,0,0,0,0,0,0,0,3.0,11.2
2025-04-28 07:00:35,0,0,0,0,0,0,0,0,0,0,0,0,2.7,11.2
2025-04-28 07:00:40,0,0,0,0,0,0,0,0,0,0,0,0,2.6,11.2
2025-04-28 07:00:45,0,0,0,0,0,0,0,0,0,0,0,0,2.1,11.2
2025-04-28 07:00:50,0,0,0,0,0,0,0,0,0,0,0,0,1.9,11.2
2025-04-28 07:00:55,0,0,0,0,0,0,0,0,0,0,0,0,1.5,11.2
2025-04-28 07:01:00,0,0,0,0,0,0,0,0,0,0,0,0,1.3,11.2
2025-04-28 07:01:05,0,0,0,0,0,0,0,0,0,0,0,0,1.3,11.2
2025-04-28 07:01:10,0,0,0,0,0,0,0,0,0,0,0,0,2.1,11.2
2025-04-28 07:01:15,0,0,0,0,0,0,0,0,0,0,0,0,2.7,11.2
2025-04-28 07:01:20,0,0,0,0,0,0,0,0,0,0,0,0,2.5,11.2
2025-04-28 07:01:25,0,0,0,0,0,0,0,0,0,0,0,0,2.4,11.2
2025-04-28 07:01:30,0,0,0,0,0,0,0,0,0,0,0,0,2.9,11.2
2025-04-28 07:01:35,0,0,0,0,0,0,0,0,0,0,0,0,2.5,11.2
2025-04-28 07:01:40,0,0,0,0,0,0,0,0,0,0,0,0,2.1,11.2
2025-04-28 07:01:45,0,0,0,0,0,0,0,0,0,0,0,0,1.9,11.2
2025-04-28 07:01:50,0,0,0,0,0,0,0,0,0,0,0,0,2.1,11.2
2025-04-28 07:01:55,0,0,0,0,0,0,0,0,0,0,0,0,2.0,11.2
2025-04-28 07:02:00,0,0,0,0,0,0,0,0,0,0,0,0,2.1,11.2
2025-04-28 07:02:05,0,0,0,0,0,0,0,0,0,0,0,0,2.1,11.2
2025-04-28 07:02:10,0,0,0,0,0,0,0,0,0,0,0,0,2.1,11.2
2025-04-28 07:02:15,0,0,0,0,0,0,0,0,0,0,0,0,1.9,11.2
2025-04-28 07:02:20,0,0,0,0,0,0,0,0,0,0,0,0,1.7,11.3
2025-04-28 07:02:25,0,0,0,0,0,0,0,0,0,0,0,0,2.3,11.3
2025-04-28 07:02:30,0,0,0,0,0,0,0,0,0,0,0,0,3.0,11.3
2025-04-28 07:02:35,0,0,0,0,0,0,0,0,0,0,0,0,3.1,11.3
2025-04-28 07:02:40,0,0,0,0,0,0,0,0,0,0,0,0,3.0,11.3
2025-04-28 07:02:45,0,0,0,0,0,0,0,0,0,0,0,0,2.5,11.3
2025-04-28 07:02:50,0,0,0,0,0,0,0,0,0,0,0,0,2.0,11.3
2025-04-28 07:02:55,0,0,0,0,0,0,0,0,0,0,0,0,2.0,11.3
2025-04-28 07:03:00,0,0,0,0,0,0,0,0,0,0,0,0,1.5,11.2
2025-04-28 07:03:05,0,0,0,0,0,0,0,0,0,0,0,0,1.6,11.3
2025-04-28 07:03:10,0,0,0,0,0,0,0,0,0,0,0,0,1.4,11.2
2025-04-28 07:03:15,0,0,0,0,0,0,0,0,0,0,0,0,1.5,11.2
2025-04-28 07:03:20,0,0,0,0,0,0,0,0,0,0,0,0,1.8,11.2
2025-04-28 07:03:25,0,0,0,0,0,0,0,0,0,0,0,0,2.5,11.3
2025-04-28 07:03:30,0,0,0,0,0,0,0,0,0,0,0,0,2.6,11.3
2025-04-28 07:03:35,0,0,0,0,0,0,0,0,0,0,0,0,3.7,11.3
2025-04-28 07:03:40,0,0,0,0,0,0,0,0,0,0,0,0,4.1,11.3
2025-04-28 07:03:45,0,0,0,0,0,0,0,0,0,0,0,0,4.0,11.3
2025-04-28 07:03:50,0,0,0,0,0,0,0,0,0,0,0,0,3.4,11.3
2025-04-28 07:03:55,0,0,0,0,0,0,0,0,0,0,0,0,3.1,11.3
2025-04-28 07:04:00,0,0,0,0,0,0,0,0,0,0,0,0,2.8,11.3
2025-04-28 07:04:05,0,0,0,0,0,0,0,0,0,0,0,0,1.9,11.3
2025-04-28 07:04:10,0,0,0,0,0,0,0,0,0,0,0,0,1.6,11.3
2025-04-28 07:04:15,0,0,0,0,0,0,0,0,0,0,0,0,1.4,11.3
2025-04-28 07:04:20,0,0,0,0,0,0,0,0,0,0,0,0,1.3,11.3
2025-04-28 07:04:25,0,0,0,0,0,0,0,0,0,0,0,0,1.2,11.3
2025-04-28 07:04:30,0,0,0,0,0,0,0,0,0,0,0,0,1.4,11.3
2025-04-28 07:04:35,0,0,0,0,0,0,0,0,0,0,0,0,1.2,11.3
2025-04-28 07:04:40,0,0,0,0,0,0,0,0,0,0,0,0,1.0,11.3
2025-04-28 07:04:45,0,0,0,0,0,0,0,0,0,0,0,0,1.0,11.3
2025-04-28 07:04:50,0,0,0,0,0,0,0,0,0,0,0,0,0.9,11.3
2025-04-28 07:04:55,0,0,0,0,0,0,0,0,0,0,0,0,1.4,11.3
2025-04-28 07:05:00,0,0,0,0,0,0,0,0,0,0,0,0,2.6,11.2
2025-04-28 07:05:05,0,0,0,0,0,0,0,0,0,0,0,0,3.7,11.3
2025-04-28 07:05:10,0,0,0,0,0,0,0,0,0,0,0,0,4.7,11.3
2025-04-28 07:05:15,0,0,0,0,0,0,0,0,0,0,0,0,3.9,11.3
2025-04-28 07:05:20,0,0,0,0,0,0,0,0,0,0,0,0,4.0,11.3
2025-04-28 07:05:25,0,0,0,0,0,0,0,0,0,0,0,0,3.7,11.3
2025-04-28 07:05:30,0,0,0,0,0,0,0,0,0,0,0,0,3.0,11.2
2025-04-28 07:05:35,0,0,0,0,0,0,0,0,0,0,0,0,2.7,11.3
2025-04-28 07:05:40,0,0,0,0,0,0,0,0,0,0,0,0,2.4,11.3
2025-04-28 07:05:45,0,0,0,0,0,0,0,0,0,0,0,0,1.9,11.3
2025-04-28 07:05:50,0,0,0,0,0,0,0,0,0,0,0,0,1.7,11.3
2025-04-28 07:05:55,0,0,0,0,0,0,0,0,0,0,0,0,1.4,11.3
2025-04-28 07:06:00,0,0,0,0,0,0,0,0,0,0,0,0,1.2,11.3
2025-04-28 07:06:05,0,0,0,0,0,0,0,0,0,0,0,0,1.1,11.3
2025-04-28 07:06:10,0,0,0,0,0,0,0,0,0,0,0,0,0.9,11.3
2025-04-28 07:06:15,0,0,0,0,0,0,0,0,0,0,0,0,1.7,11.3
2025-04-28 07:06:20,0,0,0,0,0,0,0,0,0,0,0,0,2.0,11.3
2025-04-28 07:06:25,0,0,0,0,0,0,0,0,0,0,0,0,2.0,11.3
2025-04-28 07:06:30,0,0,0,0,0,0,0,0,0,0,0,0,1.7,11.3
2025-04-28 07:06:35,0,0,0,0,0,0,0,0,0,0,0,0,1.5,11.3
2025-04-28 07:06:40,0,0,0,0,0,0,0,0,0,0,0,0,1.7,11.3
2025-04-28 07:06:45,0,0,0,0,0,0,0,0,0,0,0,0,1.9,11.3
2025-04-28 07:06:50,0,0,0,0,0,0,0,0,0,0,0,0,1.6,11.3
2025-04-28 07:06:55,0,0,0,0,0,0,0,0,0,0,0,0,1.7,11.3
2025-04-28 07:07:00,0,0,0,0,0,0,0,0,0,0,0,0,1.9,11.3
2025-04-28 07:07:05,0,0,0,0,0,0,0,0,0,0,0,0,2.1,11.3
2025-04-28 07:07:10,0,0,0,0,0,0,0,0,0,0,0,0,2.1,11.3
2025-04-28 07:07:15,0,0,0,0,0,0,0,0,0,0,0,0,2.2,11.3
2025-04-28 07:07:20,0,0,0,0,0,0,0,0,0,0,0,0,2.2,11.3
2025-04-28 07:07:25,0,0,0,0,0,0,0,0,0,0,0,0,2.0,11.2
2025-04-28 07:07:30,0,0,0,0,0,0,0,0,0,0,0,0,1.6,11.3
2025-04-28 07:07:35,0,0,0,0,0,0,0,0,0,0,0,0,1.3,11.3
2025-04-28 07:07:40,0,0,0,0,0,0,0,0,0,0,0,0,1.0,11.3
2025-04-28 07:07:45,0,0,0,0,0,0,0,0,0,0,0,0,0.8,11.3
2025-04-28 07:07:50,0,0,0,0,0,0,0,0,0,0,0,0,0.7,11.3
2025-04-28 07:07:55,0,0,0,0,0,0,0,0,0,0,0,0,0.7,11.2
2025-04-28 07:08:00,0,0,0,0,0,0,0,0,0,0,0,0,1.2,11.2
2025-04-28 07:08:05,0,0,0,0,0,0,0,0,0,0,0,0,2.5,11.2
2025-04-28 07:08:10,0,0,0,0,0,0,0,0,0,0,0,0,3.2,11.2
2025-04-28 07:08:15,0,0,0,0,0,0,0,0,0,0,0,0,2.8,11.2
2025-04-28 07:08:20,0,0,0,0,0,0,0,0,0,0,0,0,2.5,11.2
2025-04-28 07:08:25,0,0,0,0,0,0,0,0,0,0,0,0,2.6,11.2
2025-04-28 07:08:30,0,0,0,0,0,0,0,0,0,0,0,0,2.6,11.2
2025-04-28 07:08:35,0,0,0,0,0,0,0,0,0,0,0,0,2.0,11.2
2025-04-28 07:08:40,0,0,0,0,0,0,0,0,0,0,0,0,1.8,11.2
2025-04-28 07:08:45,0,0,0,0,0,0,0,0,0,0,0,0,1.5,11.2
2025-04-28 07:08:50,0,0,0,0,0,0,0,0,0,0,0,0,1.3,11.2
2025-04-28 07:08:55,0,0,0,0,0,0,0,0,0,0,0,0,1.4,11.2
2025-04-28 07:09:00,0,0,0,0,0,0,0,0,0,0,0,0,1.7,11.2
2025-04-28 07:09:05,0,0,0,0,0,0,0,0,0,0,0,0,1.8,11.2
2025-04-28 07:09:10,0,0,0,0,0,0,0,0,0,0,0,0,1.6,11.2
2025-04-28 07:09:15,0,0,0,0,0,0,0,0,0,0,0,0,1.3,11.2
2025-04-28 07:09:20,0,0,0,0,0,0,0,0,0,0,0,0,1.4,11.2
2025-04-28 07:09:25,0,0,0,0,0,0,0,0,0,0,0,0,1.7,11.2
2025-04-28 07:09:30,0,0,0,0,0,0,0,0,0,0,0,0,2.0,11.2
2025-04-28 07:09:35,0,0,0,0,0,0,0,0,0,0,0,0,2.6,11.2
2025-04-28 07:09:40,0,0,0,0,0,0,0,0,0,0,0,0,2.6,11.2
2025-04-28 07:09:45,0,0,0,0,0,0,0,0,0,0,0,0,2.1,11.2
2025-04-28 07:09:50,0,0,0,0,0,0,0,0,0,0,0,0,1.7,11.2
2025-04-28 07:09:55,0,0,0,0,0,0,0,0,0,0,0,0,1.5,11.2
2025-04-28 07:10:00,0,0,0,0,0,0,0,0,0,0,0,0,1.3,11.2
2025-04-28 07:10:05,0,0,0,0,0,0,0,0,0,0,0,0,1.5,11.2
2025-04-28 07:10:10,0,0,0,0,0,0,0,0,0,0,0,0,1.5,11.2
2025-04-28 07:10:15,0,0,0,0,0,0,0,0,0,0,0,0,1.8,11.2
2025-04-28 07:10:20,0,0,0,0,0,0,0,0,0,0,0,0,1.6,11.2
2025-04-28 07:10:25,0,0,0,0,0,0,0,0,0,0,0,0,1.4,11.2
2025-04-28 07:10:30,0,0,0,0,0,0,0,0,0,0,0,0,1.2,11.2
2025-04-28 07:10:35,0,0,0,0,0,0,0,0,0,0,0,0,1.2,11.2
2025-04-28 07:10:40,0,0,0,0,0,0,0,0,0,0,0,0,1.5,11.2
2025-04-28 07:10:45,0,0,0,0,0,0,0,0,0,0,0,0,1.5,11.2
2025-04-28 07:10:50,0,0,0,0,0,0,0,0,0,0,0,0,1.3,11.2
2025-04-28 07:10:55,0,0,0,0,0,0,0,0,0,0,0,0,1.4,11.2
2025-04-28 07:11:00,0,0,0,0,0,0,0,0,0,0,0,0,1.3,11.2
2025-04-28 07:11:05,0,0,0,0,0,0,0,0,0,0,0,0,1.4,11.2
2025-04-28 07:11:10,0,0,0,0,0,0,0,0,0,0,0,0,1.3,11.2
2025-04-28 07:11:15,0,0,0,0,0,0,0,0,0,0,0,0,1.6,11.2
2025-04-28 07:11:20,0,0,0,0,0,0,0,0,0,0,0,0,1.7,11.2
2025-04-28 07:11:25,0,0,0,0,0,0,0,0,0,0,0,0,1.6,11.2
2025-04-28 07:11:30,0,0,0,0,0,0,0,0,0,0,0,0,1.5,11.2
2025-04-28 07:11:35,0,0,0,0,0,0,0,0,0,0,0,0,1.7,11.2
2025-04-28 07:11:40,0,0,0,0,0,0,0,0,0,0,0,0,1.6,11.2
2025-04-28 07:11:45,0,0,0,0,0,0,0,0,0,0,0,0,1.5,11.2
2025-04-28 07:11:50,0,0,0,0,0,0,0,0,0,0,0,0,1.4,11.2
2025-04-28 07:11:55,0,0,0,0,0,0,0,0,0,0,0,0,1.2,11.2
2025-04-28 07:12:00,0,0,0,0,0,0,0,0,0,0,0,0,1.5,11.2
2025-04-28 07:12:05,0,0,0,0,0,0,0,0,0,0,0,0,1.9,11.2
2025-04-28 07:12:10,0,0,0,0,0,0,0,0,0,0,0,0,2.0,11.2
2025-04-28 07:12:15,0,0,0,0,0,0,0,0,0,0,0,0,1.7,11.2
2025-04-28 07:12:20,0,0,0,0,0,0,0,0,0,0,0,0,1.4,11.2
2025-04-28 07:12:25,0,0,0,0,0,0,0,0,0,0,0,0,1.1,11.2
2025-04-28 07:12:30,0,0,0,0,0,0,0,0,0,0,0,0,1.0,11.2
2025-04-28 07:12:35,0,0,0,0,0,0,0,0,0,0,0,0,1.0,11.2
2025-04-28 07:12:40,0,0,0,0,0,0,0,0,0,0,0,0,1.0,11.2
2025-04-28 07:12:45,0,0,0,0,0,0,0,0,0,0,0,0,0.9,11.2
2025-04-28 07:12:50,0,0,0,0,0,0,0,0,0,0,0,0,1.1,11.2
2025-04-28 07:12:55,0,0,0,0,0,0,0,0,0,0,0,0,1.3,11.2
2025-04-28 07:13:00,0,0,0,0,0,0,0,0,0,0,0,0,1.8,11.2
2025-04-28 07:13:05,0,0,0,0,0,0,0,0,0,0,0,0,2.6,11.2
2025-04-28 07:13:10,0,0,0,0,0,0,0,0,0,0,0,0,2.3,11.2
2025-04-28 07:13:15,0,0,0,0,0,0,0,0,0,0.0,0,0,2.3,11.2
2025-04-28 07:13:20,0,0,0,0,0,0,0,0,0,0.0,0,0,2.3,11.2
2025-04-28 07:13:25,0,0,0,0,0,0,0,0,0,0.0,0,0,2.0,11.2
2025-04-28 07:13:30,0,0,0,0,0,0,0,0,0,0.1,0,0,1.9,11.2
2025-04-28 07:13:35,0,0,0,0,0,0,0,0,0,0.1,0,0,1.3,11.2
2025-04-28 07:13:40,0,0,0,0,0,0,0,0,0,0.1,0,0,1.3,11.2
2025-04-28 07:13:45,0,0,0,0,0,0,0,0,0,0.2,0,0,1.0,11.2
2025-04-28 07:13:50,0,0,0,0,0,0,0,0,0,0.2,0,0,0.9,11.2
2025-04-28 07:13:55,0,0,0,0,0,0,0,0,0,0.2,0,0,0.8,11.2
2025-04-28 07:14:00,0,0,0,0,0,0,0,0,0,0.2,0,0,0.8,11.2
2025-04-28 07:14:05,0,0,0,0,0,0,0,0,0,0.3,0,0,0.6,11.2
2025-04-28 07:14:10,0,0,0,0,0,0,0,0,0,0.3,0,0,1.1,11.2
2025-04-28 07:14:15,0,0,0,0,0,0,0,0,0,0.4,0,0,1.1,11.2
2025-04-28 07:14:20,0,0,0,0,0,0,0,0,0,0.4,0,0,1.1,11.2
2025-04-28 07:14:25,0,0,0,0,0,0,0,0,0,0.4,0,0,1.4,11.2
2025-04-28 07:14:30,0,0,0,0,0,0,0,0,0,0.4,0,0,1.9,11.2
2025-04-28 07:14:35,0,0,0,0,0,0,0,0,0,0.5,0,0,2.1,11.2
2025-04-28 07:14:40,0,0,0,0,0,0,0,0,0,0.5,0,0,2.6,11.2
2025-04-28 07:14:45,0,0,0,0,0,0,0,0,0,0.6,0,0,2.4,11.2
2025-04-28 07:14:50,0,0,0,0,0,0,0,0,0,0.6,0,0,2.7,11.2
2025-04-28 07:14:55,0,0,0,0,0,0,0,0,0,0.6,0,0,3.0,11.2
2025-04-28 07:15:00,0,0,0,0,0,0,0,0,0,0.7,0,0,2.4,11.2
2025-04-28 07:15:05,0,0,0,0,0,0,0,0,0,0.7,0,0,2.4,11.2
2025-04-28 07:15:10,0,0,0,0,0,0,0,0,0,0.7,0,0,2.5,11.2
2025-04-28 07:15:15,0,0,0,0,0,0,0,0,0,0.8,0,0,2.9,11.2
2025-04-28 07:15:20,0,0,0,0,0,0,0,0,0,0.8,0,0,2.9,11.2
2025-04-28 07:15:25,0,0,0,0,0,0,0,0,0,0.9,0,0,2.5,11.2
2025-04-28 07:15:30,0,0,0,0,0,0,0,0,0,0.9,0,0,2.7,11.2
2025-04-28 07:15:35,0,0,0,0,0,0,0,0,0,0.9,0,0,2.9,11.2
2025-04-28 07:15:40,0,0,0,0,0,0,0,0,0,1.0,0,0,2.9,11.2
2025-04-28 07:15:45,0,0,0,0,0,0,0,0.0,0,1.0,0,0,2.2,11.2
2025-04-28 07:15:50,0,0,0,0,0,0.0,0,0.0,0,1.1,0,0,2.0,11.2
2025-04-28 07:15:55,0.0,0,0,0,0,0.1,0,0.0,0,1.1,0,0,1.7,11.2
2025-04-28 07:16:00,0,0,0,0,0,0.1,0,0.1,0,1.1,0,0.0,1.6,11.2
2025-04-28 07:16:05,0.0,0,0,0.0,0,0.1,0,0.0,0,1.2,0,0.1,1.3,11.2
2025-04-28 07:16:10,0.1,0,0,0.0,0.0,0.0,0.0,0.1,0,1.2,0,0.1,1.0,11.2
2025-04-28 07:16:15,0.0,0,0,0.0,0.0,0.1,0.0,0.1,0,1.3,0,0.1,0.9,11.2
2025-04-28 07:16:20,0.0,0,0,0.0,0.0,0.1,0.0,0.2,0,1.3,0,0.1,1.3,11.2
2025-04-28 07:16:25,0.0,0,0,0.0,0.1,0.2,0.0,0.1,0,1.3,0,0.1,1.6,11.2
2025-04-28 07:16:30,0.0,0,0,0.0,0.2,0.2,0.1,0.1,0,1.4,0,0.2,2.1,11.2
2025-04-28 07:16:35,0.1,0,0,0.2,0.2,0.2,0.0,0.3,0,1.4,0,0.3,2.0,11.2
2025-04-28 07:16:40,0.1,0,0,0.2,0.1,0.4,0.0,0.3,0,1.5,0,0.3,2.7,11.2
2025-04-28 07:16:45,0.2,0,0,0.1,0.1,0.4,0.1,0.4,0,1.5,0,0.3,3.7,11.2
2025-04-28 07:16:50,0.3,0,0,0.2,0.2,0.5,0.1,0.4,0.0,1.5,0,0.3,3.0,11.2
2025-04-28 07:16:55,0.3,0,0,0.1,0.2,0.6,0.2,0.4,0.0,1.6,0,0.4,3.0,11.2
2025-04-28 07:17:00,0.3,0,0,0.3,0.4,0.5,0.3,0.4,0.0,1.6,0,0.5,2.7,11.2
2025-04-28 07:17:05,0.4,0.0,0,0.3,0.4,0.6,0.3,0.6,0.1,1.7,0,0.5,2.3,11.2
2025-04-28 07:17:10,0.4,0.0,0,0.4,0.4,0.6,0.4,0.5,0.0,1.7,0,0.6,2.0,11.2
2025-04-28 07:17:15,0.4,0.0,0,0.5,0.4,0.6,0.4,0.5,0.1,1.8,0,0.6,1.7,11.2
2025-04-28 07:17:20,0.4,0,0,0.5,0.5,0.7,0.5,0.5,0.2,1.8,0,0.6,1.5,11.2
2025-04-28 07:17:25,0.4,0,0,0.5,0.6,0.7,0.5,0.4,0.2,1.8,0,0.7,1.1,11.2
2025-04-28 07:17:30,0.5,0.0,0,0.5,0.7,0.5,0.6,0.6,0.4,1.9,0,0.6,0.9,11.2
2025-04-28 07:17:35,0.5,0,0.0,0.5,0.6,0.6,0.7,0.6,0.4,1.9,0,0.8,1.2,11.2
2025-04-28 07:17:40,0.6,0,0.0,0.5,0.6,0.8,0.7,0.8,0.4,1.9,0,0.8,1.4,11.2
2025-04-28 07:17:45,0.7,0.0,0.0,0.5,0.7,0.8,0.7,0.7,0.4,2.0,0,0.8,1.9,11.2
2025-04-28 07:17:50,0.8,0.0,0.0,0.5,0.6,0.9,0.7,0.7,0.5,2.0,0,0.7,1.6,11.2
2025-04-28 07:17:55,0.8,0.1,0.1,0.5,0.6,0.9,0.7,0.6,0.4,2.1,0,0.8,1.4,11.2
2025-04-28 07:18:00,0.9,0.1,0.1,0.6,0.7,0.9,0.7,0.8,0.5,2.1,0,1.0,1.3,11.2
2025-04-28 07:18:05,1.0,0.1,0.0,0.6,0.7,1.0,0.7,0.7,0.5,2.1,0,1.0,2.2,11.2
2025-04-28 07:18:10,1.0,0.2,0.0,0.7,0.7,1.0,0.7,0.8,0.6,2.2,0,1.1,2.4,11.2
2025-04-28 07:18:15,1.0,0.3,0.1,0.7,0.9,1.0,0.7,0.8,0.6,2.2,0,1.1,2.3,11.2
2025-04-28 07:18:20,1.1,0.3,0.2,0.7,0.9,1.1,0.8,1.0,0.5,2.3,0,1.3,1.5,11.2
2025-04-28 07:18:25,1.1,0.2,0.2,0.7,1.0,1.0,0.8,0.9,0.6,2.3,0,1.1,1.6,11.2
2025-04-28 07:18:30,1.1,0.2,0.3,0.8,1.1,1.0,0.9,1.0,0.8,2.3,0,1.2,1.2,11.2
2025-04-28 07:18:35,1.1,0.3,0.4,0.8,1.0,1.0,0.9,1.0,0.8,2.4,0,1.2,1.0,11.2
2025-04-28 07:18:40,1.1,0.6,0.5,0.8,1.1,0.9,1.0,0.9,0.8,2.4,0,1.2,0.7,11.2
2025-04-28 07:18:45,1.1,0.6,0.5,0.8,1.1,0.9,1.0,1.1,0.8,2.4,0,1.2,0.6,11.2
2025-04-28 07:18:50,1.2,0.6,0.5,0.8,1.1,0.9,1.1,1.1,0.8,2.5,0,1.2,0.6,11.2
2025-04-28 07:18:55,1.3,0.6,0.6,0.8,1.1,0.9,1.0,1.1,0.8,2.5,0,1.1,0.7,11.1
2025-04-28 07:19:00,1.3,0.6,0.6,0.7,1.2,0.9,1.2,1.2,0.9,2.5,0,1.2,0.7,11.1
2025-04-28 07:19:05,1.4,0.6,0.6,0.8,1.1,0.9,1.1,1.2,1.0,2.6,0,1.2,0.6,11.1
2025-04-28 07:19:10,1.4,0.6,0.6,0.8,1.1,1.0,1.1,1.3,1.0,2.7,0,1.2,0.7,11.2
2025-04-28 07:19:15,1.4,0.7,0.7,0.9,1.1,1.1,1.2,1.3,1.1,2.7,0,1.3,0.9,11.1
2025-04-28 07:19:20,1.5,0.7,0.7,0.9,1.1,1.3,1.2,1.4,1.2,2.7,0,1.4,1.0,11.1
2025-04-28 07:19:25,1.5,0.8,0.7,0.9,1.1,1.4,1.3,1.4,1.2,2.7,0,1.4,1.0,11.1
2025-04-28 07:19:30,1.5,0.8,0.7,0.9,1.1,1.3,1.2,1.5,1.2,2.8,0,1.5,1.2,11.1
2025-04-28 07:19:35,1.7,0.9,0.7,1.0,1.1,1.4,1.3,1.4,1.3,2.8,0,1.4,1.0,11.2
2025-04-28 07:19:40,1.8,0.9,0.7,1.1,1.2,1.5,1.5,1.6,1.3,2.8,0,1.4,1.5,11.1
2025-04-28 07:19:45,1.9,1.1,0.8,1.2,1.2,1.5,1.3,1.6,1.3,2.9,0,1.4,2.8,11.1
2025-04-28 07:19:50,1.9,1.1,0.7,1.4,1.2,1.6,1.5,1.7,1.5,2.9,0,1.4,2.8,11.1
2025-04-28 07:19:55,1.9,1.2,0.7,1.3,1.2,1.6,1.5,1.7,1.5,2.9,0,1.4,2.4,11.1
2025-04-28 07:20:00,1.9,1.2,0.9,1.4,1.3,1.7,1.6,1.7,1.5,3.0,0,1.5,1.7,11.1
2025-04-28 07:20:05,1.9,1.1,1.0,1.5,1.3,1.9,1.6,1.8,1.6,3.0,0,1.7,1.4,11.1
2025-04-28 07:20:10,2.1,1.1,1.1,1.5,1.4,1.9,1.6,1.8,1.6,3.1,0,1.7,1.3,11.1
2025-04-28 07:20:15,2.0,1.1,1.1,1.6,1.5,2.0,1.6,1.8,1.7,3.1,0,1.9,1.1,11.1
2025-04-28 07:20:20,2.0,1.0,1.2,1.5,1.6,2.1,1.6,1.9,1.7,3.1,0,2.0,1.5,11.1
2025-04-28 07:20:25,2.1,1.0,1.2,1.6,1.7,2.0,1.6,1.9,1.7,3.2,0,2.0,1.8,11.1
2025-04-28 07:20:30,2.2,1.0,1.2,1.5,1.7,2.0,1.8,2.0,1.6,3.2,0,2.0,1.8,11.1
2025-04-28 07:20:35,2.2,1.0,1.3,1.5,1.7,1.9,1.8,1.9,1.7,3.3,0,2.1,1.6,11.1
2025-04-28 07:20:40,2.3,1.1,1.4,1.6,1.7,1.9,1.9,2.0,1.7,3.3,0,2.0,1.8,11.1
2025-04-28 07:20:45,2.3,1.2,1.4,1.7,1.7,2.0,1.9,2.0,1.8,3.3,0,2.1,1.5,11.1
2025-04-28 07:20:50,2.5,1.2,1.4,1.8,1.7,2.0,1.9,2.1,1.8,3.4,0,2.1,1.3,11.1
2025-04-28 07:20:55,2.5,1.2,1.6,1.8,1.8,2.0,2.0,2.2,1.8,3.4,0,2.2,1.2,11.1
2025-04-28 07:21:00,2.6,1.2,1.7,1.7,1.8,2.1,2.0,2.2,1.9,3.4,0,2.2,1.3,11.1
2025-04-28 07:21:05,2.6,1.2,1.8,1.6,1.8,2.1,2.2,2.3,2.0,3.5,0,2.1,1.9,11.1
2025-04-28 07:21:10,2.8,1.3,1.7,1.8,1.9,2.2,2.2,2.3,2.1,3.5,0,2.2,2.4,11.1
2025-04-28 07:21:15,2.8,1.4,1.9,1.8,1.8,2.2,2.2,2.3,2.1,3.5,0,2.2,3.1,11.1
2025-04-28 07:21:20,2.9,1.5,1.9,1.8,1.9,2.3,2.2,2.4,2.1,3.6,0,2.3,3.2,11.1
2025-04-28 07:21:25,2.9,1.5,2.0,1.9,2.1,2.2,2.2,2.2,2.1,3.6,0,2.3,3.1,11.1
2025-04-28 07:21:30,3.0,1.4,2.1,1.9,2.2,2.2,2.2,2.3,2.2,3.7,0,2.5,2.7,11.1
2025-04-28 07:21:35,3.0,1.5,2.1,2.0,2.2,2.3,2.1,2.4,2.2,3.7,0,2.5,2.6,11.1
2025-04-28 07:21:40,3.1,1.6,2.2,2.0,2.2,2.3,2.3,2.4,2.2,3.8,0,2.7,2.3,11.1
2025-04-28 07:21:45,3.1,1.7,2.3,2.0,2.3,2.4,2.3,2.5,2.4,3.8,0,2.8,2.1,11.1
2025-04-28 07:21:50,3.2,1.7,2.4,2.1,2.4,2.4,2.3,2.6,2.3,3.8,0,2.8,1.8,11.1
2025-04-28 07:21:55,3.2,1.8,2.4,2.2,2.4,2.4,2.4,2.5,2.3,3.9,0,2.7,1.6,11.1
2025-04-28 07:22:00,3.3,1.8,2.4,2.3,2.4,2.5,2.5,2.5,2.3,3.9,0,2.8,1.4,11.1
2025-04-28 07:22:05,3.4,1.9,2.5,2.3,2.5,2.5,2.5,2.5,2.3,4.0,0,2.8,1.3,11.1
2025-04-28 07:22:10,3.4,1.9,2.6,2.4,2.5,2.5,2.5,2.5,2.4,4.0,0,3.0,1.4,11.1
2025-04-28 07:22:15,3.5,2.0,2.7,2.5,2.6,2.5,2.6,2.6,2.5,4.0,0,3.0,1.4,11.1
2025-04-28 07:22:20,3.5,2.2,2.7,2.5,2.6,2.5,2.6,2.6,2.6,4.1,0,3.1,1.3,11.1
2025-04-28 07:22:25,3.7,2.3,2.7,2.7,2.7,2.5,2.7,2.6,2.7,4.1,0,3.0,1.1,11.1
2025-04-28 07:22:30,3.6,2.3,2.7,2.6,2.7,2.5,2.7,2.7,2.8,4.2,0,3.0,1.1,11.1
2025-04-28 07:22:35,3.8,2.3,2.7,2.6,2.8,2.6,2.7,2.7,2.9,4.2,0,3.1,1.0,11.1
2025-04-28 07:22:40,3.6,2.4,2.7,2.7,2.8,2.6,2.8,2.8,2.9,4.3,0,3.1,1.3,11.1
2025-04-28 07:22:45,3.7,2.4,2.6,2.7,2.8,2.6,2.9,2.9,2.9,4.3,0,3.1,1.6,11.1
2025-04-28 07:22:50,3.7,2.4,2.6,2.8,2.9,2.8,2.9,3.0,3.2,4.4,0,3.3,1.4,11.1
2025-04-28 07:22:55,3.8,2.3,2.6,3.0,2.9,2.8,3.0,3.0,3.2,4.4,0,3.3,1.4,11.1
2025-04-28 07:23:00,3.9,2.3,2.7,3.1,2.9,2.8,3.0,3.1,3.2,4.5,0,3.4,2.0,11.1
2025-04-28 07:23:05,3.9,2.3,2.7,3.2,3.1,2.8,3.1,3.1,3.2,4.5,0,3.4,2.5,11.1
2025-04-28 07:23:10,4.0,2.4,2.7,3.2,3.1,2.8,3.1,3.1,3.3,4.6,0,3.5,2.3,11.1
2025-04-28 07:23:15,4.0,2.4,2.8,3.2,3.2,2.8,3.2,3.1,3.4,4.6,0,3.6,2.2,11.1
2025-04-28 07:23:20,4.1,2.4,2.8,3.3,3.2,2.9,3.3,3.2,3.3,4.6,0,3.7,1.9,11.1
2025-04-28 07:23:25,4.1,2.4,2.8,3.3,3.2,2.9,3.3,3.2,3.3,4.7,0,3.7,1.5,11.1
2025-04-28 07:23:30,4.2,2.4,3.0,3.3,3.2,3.0,3.4,3.4,3.4,4.8,0,3.8,1.2,11.1
2025-04-28 07:23:35,4.2,2.4,3.0,3.3,3.2,3.0,3.4,3.4,3.5,4.8,0,4.0,1.0,11.1
2025-04-28 07:23:40,4.2,2.5,3.1,3.3,3.4,3.0,3.5,3.4,3.6,4.8,0,4.1,0.8,11.1
2025-04-28 07:23:45,4.2,2.5,3.1,3.3,3.5,3.2,3.6,3.4,3.5,4.9,0,4.0,0.6,11.1
2025-04-28 07:23:50,4.3,2.6,3.1,3.4,3.5,3.2,3.5,3.5,3.6,4.9,0,4.0,1.4,11.1
2025-04-28 07:23:55,4.2,2.7,3.1,3.6,3.5,3.3,3.5,3.6,3.6,5.0,0,4.0,1.8,11.1
2025-04-28 07:24:00,4.3,2.8,3.2,3.6,3.5,3.4,3.5,3.7,3.6,5.0,0,4.0,2.0,11.1
2025-04-28 07:24:05,4.4,2.8,3.1,3.6,3.4,3.6,3.5,3.8,3.7,5.1,0,4.1,1.7,11.1
2025-04-28 07:24:10,4.6,2.9,3.3,3.7,3.6,3.7,3.6,3.8,3.6,5.1,0,4.2,1.6,11.1
2025-04-28 07:24:15,4.6,3.0,3.4,3.7,3.7,3.9,3.7,3.8,3.7,5.2,0,4.3,2.1,11.1
2025-04-28 07:24:20,4.6,3.0,3.5,3.7,3.8,4.0,3.8,3.7,3.7,5.2,0,4.4,2.5,11.1
2025-04-28 07:24:25,4.7,3.2,3.5,3.8,3.9,4.1,3.8,3.8,3.7,5.2,0,4.4,2.5,11.1
2025-04-28 07:24:30,4.8,3.2,3.6,3.9,3.9,4.2,3.8,3.8,3.9,5.3,0,4.5,3.2,11.1
2025-04-28 07:24:35,4.9,3.2,3.5,3.8,3.9,4.3,3.8,4.0,3.9,5.3,0,4.6,2.7,11.1
2025-04-28 07:24:40,4.9,3.2,3.6,3.9,4.0,4.4,3.8,3.9,3.9,5.3,0,4.7,2.4,11.1
2025-04-28 07:24:45,4.9,3.4,3.9,4.0,4.0,4.3,3.9,3.9,3.9,5.4,0,4.7,2.1,11.1
2025-04-28 07:24:50,4.9,3.4,3.9,4.1,4.2,4.3,4.1,4.1,4.0,5.4,0,4.7,1.7,11.1
2025-04-28 07:24:55,4.9,3.6,3.9,4.2,4.2,4.4,4.0,4.2,3.9,5.5,0,4.7,1.5,11.1
2025-04-28 07:25:00,5.0,3.7,4.0,4.4,4.3,4.3,4.2,4.2,4.1,5.5,0,4.9,1.5,11.1
2025-04-28 07:25:05,4.9,3.7,4.0,4.3,4.3,4.5,4.2,4.2,4.2,5.6,0,5.0,1.8,11.1
2025-04-28 07:25:10,5.0,3.8,4.0,4.3,4.4,4.4,4.3,4.2,4.2,5.6,0,5.0,2.0,11.1
2025-04-28 07:25:15,5.0,3.9,4.0,4.5,4.5,4.4,4.3,4.4,4.3,5.7,0,5.1,2.2,11.1
2025-04-28 07:25:20,5.1,3.9,4.0,4.6,4.6,4.5,4.4,4.4,4.4,5.7,0,5.2,2.1,11.1
2025-04-28 07:25:25,5.2,4.0,4.1,4.6,4.7,4.6,4.5,4.5,4.3,5.8,0,5.3,1.9,11.1
2025-04-28 07:25:30,5.3,4.1,4.1,4.6,4.8,4.6,4.5,4.6,4.4,5.8,0,5.3,2.2,11.1
2025-04-28 07:25:35,5.4,4.2,4.2,4.7,4.9,4.7,4.6,4.7,4.6,5.9,0,5.5,3.1,11.1
2025-04-28 07:25:40,5.4,4.1,4.3,4.7,4.8,4.7,4.6,4.8,4.5,5.9,0,5.5,3.2,11.1
2025-04-28 07:25:45,5.4,4.0,4.4,4.7,4.8,4.7,4.5,4.8,4.7,6.0,0,5.7,3.0,11.1
2025-04-28 07:25:50,5.4,4.1,4.5,4.8,4.9,4.7,4.7,4.8,4.7,6.0,0,5.8,3.1,11.1
2025-04-28 07:25:55,5.5,4.0,4.5,4.7,4.9,4.7,4.7,5.0,4.7,6.1,0,5.8,2.8,11.1
2025-04-28 07:26:00,5.6,4.0,4.7,5.0,5.0,4.8,4.8,4.9,4.7,6.1,0,5.7,2.6,11.1
2025-04-28 07:26:05,5.7,4.1,4.7,4.8,5.0,4.8,4.8,5.0,4.7,6.2,0,5.7,2.0,11.1
2025-04-28 07:26:10,5.7,4.1,4.8,4.9,5.1,4.8,4.8,5.1,4.7,6.2,0,5.7,2.0,11.1
2025-04-28 07:26:15,5.7,4.2,4.9,5.0,5.2,4.9,4.9,5.1,4.8,6.3,0,5.8,2.1,11.1
2025-04-28 07:26:20,5.8,4.3,4.9,5.1,5.2,5.0,4.9,5.2,4.8,6.3,0,5.8,1.7,11.1
2025-04-28 07:26:25,5.8,4.3,4.9,5.1,5.2,5.0,5.0,5.2,4.9,6.4,0,5.9,1.7,11.1
2025-04-28 07:26:30,5.8,4.2,5.1,5.2,5.3,5.2,5.0,5.2,5.1,6.4,0,5.9,1.6,11.1
2025-04-28 07:26:35,5.8,4.2,5.1,5.3,5.4,5.3,5.2,5.1,5.1,6.5,0,5.9,1.7,11.1
2025-04-28 07:26:40,6.0,4.3,5.1,5.4,5.4,5.4,5.3,5.2,5.1,6.5,0,6.0,1.3,11.1
2025-04-28 07:26:45,6.0,4.3,5.2,5.4,5.5,5.3,5.2,5.3,5.3,6.6,0,6.0,1.4,11.1
2025-04-28 07:26:50,6.2,4.5,5.2,5.4,5.5,5.5,5.4,5.2,5.2,6.6,0,6.1,1.6,11.1
2025-04-28 07:26:55,6.2,4.5,5.2,5.5,5.6,5.5,5.5,5.2,5.2,6.7,0,6.2,1.6,11.1
2025-04-28 07:27:00,6.2,4.6,5.2,5.5,5.6,5.6,5.4,5.4,5.3,6.7,0,6.2,1.4,11.1
2025-04-28 07:27:05,6.2,4.7,5.3,5.5,5.7,5.6,5.5,5.4,5.3,6.8,0,6.3,1.3,11.1
2025-04-28 07:27:10,6.2,4.7,5.3,5.4,5.7,5.6,5.5,5.6,5.4,6.8,0,6.3,1.2,11.1
2025-04-28 07:27:15,6.2,4.7,5.3,5.6,5.9,5.7,5.6,5.6,5.4,6.9,0,6.3,0.9,11.1
2025-04-28 07:27:20,6.3,4.9,5.4,5.7,5.9,5.8,5.7,5.7,5.4,6.9,0,6.4,1.3,11.1
2025-04-28 07:27:25,6.3,4.9,5.3,5.6,5.9,5.8,5.7,5.7,5.4,7.0,0,6.4,1.7,11.1
2025-04-28 07:27:30,6.4,5.0,5.5,5.7,6.0,5.9,5.7,5.8,5.4,7.0,0,6.5,1.7,11.1
2025-04-28 07:27:35,6.4,5.0,5.5,5.7,6.0,6.1,5.8,5.9,5.4,7.1,0,6.5,2.1,11.1
2025-04-28 07:27:40,6.4,5.0,5.5,5.7,6.1,6.1,5.8,6.0,5.5,7.1,0,6.5,2.1,11.1
2025-04-28 07:27:45,6.6,5.0,5.5,5.7,6.1,6.3,5.9,6.1,5.6,7.2,0,6.6,2.2,11.1
2025-04-28 07:27:50,6.6,5.0,5.7,5.8,6.2,6.3,5.8,6.1,5.7,7.2,0,6.6,1.7,11.1
2025-04-28 07:27:55,6.7,5.0,5.8,5.9,6.2,6.4,5.9,6.1,5.8,7.3,0,6.7,1.4,11.1
2025-04-28 07:28:00,6.8,5.1,5.8,5.9,6.2,6.5,5.9,6.1,5.9,7.3,0,6.6,1.0,11.1
2025-04-28 07:28:05,6.7,5.1,5.8,5.9,6.3,6.6,6.0,6.2,6.0,7.3,0,6.6,0.9,11.1
2025-04-28 07:28:10,6.7,5.1,5.9,6.0,6.4,6.7,6.0,6.3,6.0,7.4,0,6.7,0.7,11.1
2025-04-28 07:28:15,6.9,5.1,6.0,6.1,6.3,6.7,6.1,6.3,6.0,7.5,0,6.8,0.6,11.1
2025-04-28 07:28:20,6.9,5.1,5.9,6.0,6.4,6.8,6.1,6.3,6.0,7.5,0,6.7,1.4,11.1
2025-04-28 07:28:25,7.0,5.2,6.0,6.0,6.4,6.7,6.2,6.4,6.1,7.6,0,6.9,2.0,11.1
2025-04-28 07:28:30,7.1,5.1,6.0,5.9,6.5,6.7,6.2,6.4,6.1,7.6,0,6.9,2.1,11.1
2025-04-28 07:28:35,7.1,5.1,6.0,6.0,6.5,6.7,6.3,6.4,6.2,7.6,0,6.9,2.3,11.1
2025-04-28 07:28:40,7.1,5.2,6.0,6.1,6.6,6.7,6.3,6.5,6.3,7.7,0,6.9,2.1,11.1
2025-04-28 07:28:45,7.1,5.2,6.0,6.1,6.6,6.7,6.4,6.6,6.4,7.8,0,7.0,2.0,11.1
2025-04-28 07:28:50,7.3,5.3,6.2,6.2,6.7,6.8,6.4,6.7,6.5,7.8,0,7.0,1.6,11.1
2025-04-28 07:28:55,7.2,5.4,6.3,6.2,6.6,6.9,6.4,6.8,6.5,7.9,0,7.0,1.4,11.1
2025-04-28 07:29:00,7.3,5.4,6.3,6.2,6.7,6.9,6.5,6.8,6.5,7.9,0,7.0,1.3,11.1
2025-04-28 07:29:05,7.4,5.5,6.4,6.4,6.8,7.0,6.5,6.8,6.6,8.0,0,7.0,1.0,11.1
2025-04-28 07:29:10,7.4,5.6,6.3,6.4,6.8,7.1,6.6,6.9,6.6,8.0,0,7.0,0.9,11.1
2025-04-28 07:29:15,7.5,5.6,6.4,6.5,6.8,7.2,6.7,7.0,6.7,8.1,0,7.2,0.7,11.1
2025-04-28 07:29:20,7.6,5.6,6.4,6.5,6.8,7.2,6.7,7.0,6.7,8.1,0,7.2,0.6,11.1
2025-04-28 07:29:25,7.6,5.6,6.5,6.7,6.7,7.3,6.7,7.1,6.8,8.2,0,7.2,0.6,11.1
2025-04-28 07:29:30,7.6,5.6,6.5,6.7,6.8,7.3,6.8,7.2,6.9,8.3,0,7.3,0.5,11.1
2025-04-28 07:29:35,7.7,5.7,6.5,6.7,6.9,7.4,6.9,7.1,6.9,8.3,0,7.3,0.4,11.1
2025-04-28 07:29:40,7.8,5.8,6.5,6.8,7.0,7.5,7.0,7.2,6.9,8.3,0,7.5,0.4,11.1
2025-04-28 07:29:45,7.8,5.9,6.6,6.9,7.0,7.5,7.1,7.4,7.1,8.4,0,7.4,0.4,11.1
2025-04-28 07:29:50,7.9,5.9,6.6,7.0,7.0,7.6,7.2,7.3,7.1,8.4,0,7.6,0.5,11.1
2025-04-28 07:29:55,7.9,6.0,6.8,6.9,7.2,7.7,7.1,7.3,7.2,8.5,0,7.7,0.4,11.1
2025-04-28 07:30:00,8.0,6.0,6.8,6.9,7.3,7.8,7.4,7.5,7.2,8.5,0.2,7.6,0.3,11.1
2025-04-28 07:30:05,7.9,6.2,6.9,7.1,7.4,7.9,7.6,7.6,7.2,8.6,0.8,7.7,0.3,11.1
2025-04-28 07:30:10,7.9,6.3,6.9,7.1,7.4,7.9,7.6,7.7,7.2,8.6,2.9,7.8,0.6,11.1
2025-04-28 07:30:15,8.1,6.4,6.9,7.3,7.5,7.9,7.8,7.6,7.3,8.7,5.2,7.8,1.1,11.1
2025-04-28 07:30:20,8.2,6.4,7.0,7.4,7.6,8.0,8.2,7.7,7.3,8.8,8.2,7.8,1.5,11.1
2025-04-28 07:30:25,8.2,6.5,7.1,7.4,7.7,8.1,8.3,7.8,7.3,8.9,11.4,8.0,1.4,11.1
2025-04-28 07:30:30,8.3,6.5,7.1,7.6,7.8,8.3,8.7,8.0,7.4,9.2,15.9,8.2,1.1,11.1
2025-04-28 07:30:35,8.3,6.6,7.2,7.5,8.0,8.3,9.0,8.0,7.4,9.4,20.1,8.2,0.9,11.1
2025-04-28 07:30:40,8.3,6.7,7.3,7.6,8.1,8.3,9.3,8.1,7.4,9.6,24.4,8.4,0.9,11.1
2025-04-28 07:30:45,8.4,6.7,7.3,7.6,8.2,8.3,9.7,8.1,7.5,10.0,28.4,8.4,1.2,11.1
2025-04-28 07:30:50,8.4,6.8,7.3,7.5,8.3,8.3,10.0,8.2,7.6,10.2,36.9,8.5,1.3,11.1
2025-04-28 07:30:55,8.5,6.8,7.4,7.6,8.4,8.5,10.3,8.3,7.6,10.4,39.6,8.5,1.5,11.1
2025-04-28 07:31:00,8.5,6.9,7.5,7.9,8.4,8.6,10.8,8.3,7.7,10.8,46.8,8.7,1.5,11.1
2025-04-28 07:31:05,8.6,6.9,7.4,8.0,8.6,8.8,11.1,8.4,7.8,11.3,57.3,8.9,1.4,11.1
2025-04-28 07:31:10,8.7,6.9,7.5,8.1,8.7,9.0,11.5,8.7,7.9,11.6,62.9,8.9,1.0,11.1
2025-04-28 07:31:15,8.8,7.0,7.6,8.2,8.9,8.9,12.0,8.7,7.9,12.0,70.9,9.1,0.9,11.1
2025-04-28 07:31:20,8.7,7.1,7.7,8.4,9.0,8.9,12.3,8.8,8.0,12.3,77.3,9.3,0.8,11.1
2025-04-28 07:31:25,8.8,7.2,7.9,8.5,9.1,9.0,12.6,9.0,8.0,12.8,86.6,9.5,0.8,11.1
2025-04-28 07:31:30,8.9,7.1,7.9,8.5,9.2,9.1,13.2,9.2,8.1,13.2,94.0,9.7,1.0,11.1
2025-04-28 07:31:35,9.0,7.2,7.9,8.6,9.4,9.2,13.3,9.4,8.2,13.7,103.3,9.9,1.2,11.1
2025-04-28 07:31:40,9.1,7.1,8.0,8.6,9.5,9.3,13.8,9.7,8.4,14.1,111.2,10.2,1.2,11.1
2025-04-28 07:31:45,9.1,7.1,8.1,8.6,9.6,9.3,14.1,10.0,8.4,14.4,118.0,10.3,1.1,11.1
2025-04-28 07:31:50,9.1,7.2,8.1,8.7,9.7,9.3,14.6,10.4,8.4,14.9,127.5,10.5,1.0,11.1
2025-04-28 07:31:55,9.2,7.2,8.1,8.8,9.8,9.4,14.9,10.8,8.5,15.3,134.7,10.6,0.9,11.1
2025-04-28 07:32:00,9.2,7.3,8.1,8.8,9.8,9.6,15.2,11.2,8.6,15.7,143.4,10.8,0.9,11.1
2025-04-28 07:32:05,9.2,7.3,8.3,8.9,9.8,9.5,15.5,11.8,8.8,16.1,150.0,10.8,0.8,11.1
2025-04-28 07:32:10,9.3,7.3,8.3,8.9,9.9,9.6,16.0,12.1,9.0,16.4,155.9,11.0,0.6,11.1
2025-04-28 07:32:15,9.4,7.4,8.3,8.9,10.0,9.6,16.2,12.8,9.1,16.8,160.4,11.0,0.5,11.1
2025-04-28 07:32:20,9.5,7.4,8.4,8.9,10.1,9.7,16.3,13.3,9.2,17.1,170.4,11.1,0.3,11.1
2025-04-28 07:32:25,9.5,7.5,8.5,9.0,10.1,9.8,16.7,13.8,9.4,17.3,173.4,11.2,0.3,11.1
2025-04-28 07:32:30,9.6,7.5,8.5,8.9,10.2,9.8,16.9,14.2,9.5,17.7,180.9,11.4,0.3,11.0
2025-04-28 07:32:35,9.6,7.5,8.5,8.9,10.3,9.8,17.2,15.2,9.5,18.2,188.0,11.4,0.3,11.1
2025-04-28 07:32:40,9.7,7.6,8.6,8.8,10.4,9.9,17.7,15.5,9.6,18.3,190.8,11.6,0.4,11.1
2025-04-28 07:32:45,9.7,7.5,8.5,8.9,10.4,9.9,17.9,16.4,9.7,18.6,194.6,11.7,0.4,11.1
2025-04-28 07:32:50,9.7,7.6,8.6,8.9,10.5,9.9,18.2,17.0,9.8,18.8,197.1,11.7,0.4,11.1
2025-04-28 07:32:55,9.8,7.6,8.7,9.0,10.6,10.0,18.4,17.4,9.8,19.0,198.4,11.8,0.3,11.1
2025-04-28 07:33:00,9.8,7.7,8.8,9.0,10.5,10.0,18.9,18.0,9.9,19.2,199.3,11.9,0.4,11.1
2025-04-28 07:33:05,9.8,7.7,8.9,9.0,10.6,10.0,19.0,18.5,10.0,19.3,200.3,12.0,0.4,11.1
2025-04-28 07:33:10,9.9,7.7,9.0,9.0,10.6,9.9,19.2,19.3,10.2,19.5,201.2,12.0,0.3,11.1
2025-04-28 07:33:15,10.1,7.8,9.0,9.0,10.6,10.0,19.5,19.6,10.4,19.6,201.8,12.1,0.6,11.1
2025-04-28 07:33:20,10.1,7.8,9.1,9.1,10.7,10.1,19.8,20.2,10.7,19.8,203.9,12.2,1.1,11.1
2025-04-28 07:33:25,10.1,7.9,9.0,9.1,10.7,10.2,20.0,20.6,11.0,20.0,204.9,12.2,1.5,11.1
2025-04-28 07:33:30,10.1,7.8,9.1,9.2,10.9,10.3,20.3,20.9,11.4,20.0,205.4,12.2,1.4,11.0
2025-04-28 07:33:35,10.2,8.0,9.2,9.2,10.9,10.3,20.6,21.5,11.8,20.3,206.9,12.3,1.1,11.0
2025-04-28 07:33:40,10.3,8.1,9.2,9.1,11.0,10.4,21.0,21.8,12.2,20.4,207.4,12.2,0.8,11.1
2025-04-28 07:33:45,10.7,8.2,9.3,9.3,11.1,10.6,21.2,22.2,12.2,20.5,207.8,12.2,0.7,11.1
2025-04-28 07:33:50,10.9,8.3,9.4,9.3,11.2,10.6,21.7,22.4,12.6,20.6,209.3,12.2,0.7,11.1
2025-04-28 07:33:55,11.1,8.3,9.4,9.4,11.3,10.7,22.1,23.0,13.2,20.8,210.5,12.1,0.5,11.1
2025-04-28 07:34:00,11.4,8.4,9.5,9.6,11.4,10.8,22.2,23.2,13.5,21.0,211.5,12.2,0.4,11.1
2025-04-28 07:34:05,11.7,8.5,9.6,9.7,11.6,10.9,22.4,23.4,13.9,21.1,212.0,12.1,0.4,11.1
2025-04-28 07:34:10,11.9,8.5,9.7,9.7,11.6,10.9,22.6,23.6,14.3,21.2,212.5,12.1,0.3,11.0
2025-04-28 07:34:15,12.3,8.6,9.8,9.9,11.6,11.1,23.0,24.0,14.9,21.4,213.4,12.1,1.0,11.1
2025-04-28 07:34:20,12.7,8.7,9.8,10.0,11.7,11.2,23.2,24.0,15.3,21.5,214.7,12.2,1.7,11.1
2025-04-28 07:34:25,13.1,8.9,9.9,10.0,11.8,11.3,23.5,24.1,15.8,21.7,215.9,12.2,2.3,11.1
2025-04-28 07:34:30,13.5,9.0,9.9,10.1,11.9,11.3,23.7,24.4,16.5,21.8,216.3,12.3,2.6,11.1
2025-04-28 07:34:35,13.9,9.0,9.9,10.2,12.0,11.3,24.0,24.4,16.9,21.9,216.5,12.3,2.7,11.1
2025-04-28 07:34:40,14.3,9.2,10.1,10.1,12.1,11.3,24.2,24.3,17.3,22.1,217.2,12.2,3.0,11.1
2025-04-28 07:34:45,14.7,9.4,10.1,10.4,12.1,11.3,24.3,24.5,17.8,22.2,217.6,12.2,3.3,11.1
2025-04-28 07:34:50,15.1,9.4,10.2,10.5,12.1,11.3,24.3,24.6,18.3,22.3,218.0,12.3,2.8,11.1
2025-04-28 07:34:55,15.6,9.5,10.3,10.5,12.3,11.3,24.5,24.7,18.9,22.5,218.7,12.5,3.0,11.1
2025-04-28 07:35:00,15.9,9.4,10.4,10.6,12.6,11.3,24.6,24.9,19.6,22.6,219.7,12.5,2.6,11.1
2025-04-28 07:35:05,16.2,9.4,10.5,10.5,12.7,11.3,24.7,24.9,20.1,22.8,220.9,12.6,2.8,11.1
2025-04-28 07:35:10,16.8,9.6,10.7,10.6,13.2,11.2,24.8,25.1,20.7,22.9,222.1,12.6,2.5,11.1
2025-04-28 07:35:15,16.9,9.6,10.6,10.6,13.7,11.2,25.0,25.2,21.3,23.1,222.8,12.5,2.4,11.1
2025-04-28 07:35:20,17.4,9.8,10.8,10.6,14.4,11.5,25.2,25.3,21.9,23.2,223.4,12.5,2.5,11.1
2025-04-28 07:35:25,18.0,9.9,10.8,10.7,15.0,11.5,25.3,25.5,22.5,23.3,224.2,12.6,3.2,11.1
2025-04-28 07:35:30,18.3,9.9,11.0,10.8,15.8,11.5,25.5,25.7,22.8,23.4,224.8,12.6,3.0,11.1
2025-04-28 07:35:35,18.7,10.1,11.1,10.8,16.6,11.6,25.7,25.7,23.5,23.6,226.0,12.5,3.3,11.1
2025-04-28 07:35:40,19.2,10.2,11.0,11.0,17.2,11.7,25.7,25.9,24.2,23.7,226.6,12.5,2.6,11.1
2025-04-28 07:35:45,19.6,10.2,11.2,11.0,18.0,11.8,25.9,26.0,24.5,23.8,227.4,12.6,3.0,11.1
2025-04-28 07:35:50,20.0,10.3,11.2,11.1,18.7,11.9,26.0,26.1,25.0,23.9,228.3,12.8,3.5,11.1
2025-04-28 07:35:55,20.4,10.3,11.3,11.1,19.1,12.0,26.1,26.2,25.4,24.1,228.8,12.8,3.5,11.1
2025-04-28 07:36:00,20.8,10.4,11.4,11.1,20.6,12.0,26.3,26.2,25.9,24.1,227.4,13.0,2.6,11.1
2025-04-28 07:36:05,21.2,10.4,11.5,11.2,21.2,12.1,26.2,26.2,26.4,24.1,225.1,13.1,2.1,11.1
2025-04-28 07:36:10,21.4,10.4,11.6,11.3,21.7,12.2,26.1,26.1,26.4,24.0,220.1,13.1,1.6,11.1
2025-04-28 07:36:15,21.5,10.5,11.7,11.3,22.4,12.2,25.8,26.0,26.6,23.8,215.1,13.1,1.4,11.1
2025-04-28 07:36:20,21.5,10.6,11.8,11.2,22.5,12.3,25.6,25.6,26.5,23.5,207.4,13.1,1.3,11.1
2025-04-28 07:36:25,21.2,10.7,11.7,11.4,22.9,12.3,25.1,25.2,26.2,23.2,200.4,13.0,1.1,11.1
2025-04-28 07:36:30,21.0,10.6,11.7,11.5,23.1,12.2,24.6,24.8,26.1,22.9,193.1,13.1,1.0,11.1
2025-04-28 07:36:35,20.8,10.5,11.7,11.5,23.2,12.4,24.1,24.3,25.9,22.7,188.0,13.1,1.0,11.1
2025-04-28 07:36:40,20.4,10.4,11.6,11.6,23.2,12.4,23.7,23.9,25.3,22.2,177.5,13.1,0.9,11.1
2025-04-28 07:36:45,20.3,10.5,11.6,11.5,23.2,12.4,23.1,23.4,24.8,22.0,173.1,13.2,1.0,11.1
2025-04-28 07:36:50,20.0,10.6,11.6,11.5,23.3,12.5,22.7,23.0,24.4,21.6,164.2,13.2,0.9,11.1
2025-04-28 07:36:55,19.9,10.6,11.7,11.5,23.4,12.6,22.4,22.6,23.8,21.4,159.6,13.2,0.8,11.1
2025-04-28 07:37:00,19.8,10.6,11.6,11.4,23.5,12.5,22.3,22.4,23.7,21.3,158.4,13.2,0.8,11.1
2025-04-28 07:37:05,19.7,10.6,11.6,11.6,23.9,12.7,22.1,22.3,23.6,21.4,158.0,13.1,0.7,11.2
2025-04-28 07:37:10,19.6,10.7,11.7,11.6,24.3,12.8,22.2,22.4,23.7,21.5,158.8,13.1,0.6,11.2
2025-04-28 07:37:15,19.6,10.8,11.6,11.7,24.9,12.8,22.3,22.5,23.8,21.8,161.4,13.1,0.4,11.2
2025-04-28 07:37:20,19.8,10.8,11.7,11.7,25.2,12.9,22.5,22.7,24.1,22.0,164.2,13.2,0.8,11.2
2025-04-28 07:37:25,19.9,11.0,11.7,11.8,25.8,12.9,22.8,23.1,24.4,22.4,169.0,13.3,0.8,11.2
2025-04-28 07:37:30,20.3,11.1,11.8,11.8,26.8,13.0,23.3,23.6,25.0,22.8,173.8,13.5,0.9,11.2
2025-04-28 07:37:35,20.7,11.3,11.9,12.0,27.3,13.0,23.7,24.0,25.4,23.2,178.1,13.5,1.1,11.2
2025-04-28 07:37:40,20.9,11.3,12.0,12.1,27.7,13.1,24.3,24.7,26.1,23.8,186.3,13.6,1.6,11.2
2025-04-28 07:37:45,21.5,11.5,12.1,12.2,28.3,13.2,24.8,25.3,26.7,24.3,194.1,13.7,1.6,11.2
2025-04-28 07:37:50,21.8,11.7,12.1,12.3,29.0,13.3,25.5,25.8,27.4,24.6,198.3,13.6,1.8,11.2
2025-04-28 07:37:55,22.4,11.8,12.2,12.3,30.1,13.5,26.2,26.7,28.2,25.5,210.0,13.9,1.9,11.2
2025-04-28 07:38:00,22.9,11.8,12.2,12.4,30.9,13.5,27.0,27.3,28.7,25.9,215.8,14.0,2.1,11.2
2025-04-28 07:38:05,23.7,11.8,12.4,12.5,32.1,13.6,27.7,28.1,29.2,26.2,219.7,14.0,2.0,11.2
2025-04-28 07:38:10,24.4,12.0,12.5,12.5,32.4,13.7,28.1,28.6,29.9,26.6,223.4,14.1,1.6,11.2
2025-04-28 07:38:15,25.1,12.2,12.5,12.5,33.1,13.8,28.5,28.9,30.2,26.8,224.5,14.2,1.8,11.2
2025-04-28 07:38:20,25.8,12.1,12.7,12.7,33.3,13.7,28.7,29.1,30.3,27.0,225.7,14.3,1.8,11.2
2025-04-28 07:38:25,26.3,12.2,12.8,12.6,33.7,13.8,28.9,29.3,30.5,27.2,227.2,14.4,1.7,11.3
2025-04-28 07:38:30,26.4,12.2,12.7,12.6,33.9,13.9,29.2,29.5,30.7,27.4,228.8,14.4,1.6,11.3
2025-04-28 07:38:35,26.9,12.3,12.9,12.6,34.3,13.9,29.4,29.7,30.8,27.5,229.5,14.4,1.6,11.3
2025-04-28 07:38:40,27.2,12.3,13.0,12.8,34.5,14.0,29.5,30.0,31.0,27.6,229.6,14.5,1.4,11.3
2025-04-28 07:38:45,27.3,12.4,13.1,12.7,34.7,14.0,29.6,30.2,30.9,27.7,228.7,14.5,1.7,11.3
2025-04-28 07:38:50,27.6,12.5,13.2,12.7,34.8,14.2,29.8,30.3,31.0,27.7,228.4,14.5,1.7,11.3
2025-04-28 07:38:55,27.7,12.5,13.2,12.7,34.8,14.3,29.9,30.3,31.0,27.8,228.0,14.5,1.8,11.3
2025-04-28 07:39:00,28.0,12.6,13.3,12.8,34.9,14.4,29.8,30.3,31.1,27.9,227.6,14.6,1.4,11.4
2025-04-28 07:39:05,28.2,12.6,13.4,12.9,35.0,14.4,29.9,30.3,31.2,28.1,229.3,14.6,1.5,11.4
2025-04-28 07:39:10,28.4,12.6,13.5,12.9,35.0,14.5,30.1,30.6,31.4,28.4,232.6,14.7,1.6,11.4
2025-04-28 07:39:15,28.6,12.6,13.5,13.1,35.7,14.7,30.7,31.0,31.9,28.8,238.3,14.8,1.5,11.4
2025-04-28 07:39:20,29.0,12.6,13.6,13.1,36.4,14.8,31.2,31.7,32.5,29.2,243.3,14.9,1.5,11.4
2025-04-28 07:39:25,29.5,12.7,13.7,13.2,36.8,14.8,31.6,32.1,33.0,29.7,250.1,15.1,1.2,11.5
2025-04-28 07:39:30,30.0,12.7,13.8,13.3,37.5,14.9,32.2,32.7,33.6,30.2,255.8,15.1,1.1,11.5
2025-04-28 07:39:35,30.2,12.6,13.8,13.3,38.0,14.9,32.6,33.0,34.1,30.6,261.5,15.2,1.0,11.5
2025-04-28 07:39:40,30.8,12.5,13.8,13.4,38.7,14.9,33.1,33.5,34.7,31.0,263.9,15.2,0.8,11.5
2025-04-28 07:39:45,31.2,12.5,13.9,13.4,39.3,15.1,33.4,34.0,34.9,31.2,265.7,15.4,0.7,11.6
2025-04-28 07:39:50,31.1,12.5,13.9,13.5,39.5,15.5,33.6,34.2,35.3,31.5,266.5,15.4,0.6,11.6
2025-04-28 07:39:55,31.4,12.7,14.0,13.6,39.6,16.0,33.8,34.4,35.5,31.8,271.0,15.5,0.4,11.6
2025-04-28 07:40:00,31.5,12.7,14.0,13.6,39.8,16.6,33.9,34.6,35.8,31.9,271.3,15.4,0.4,11.6
2025-04-28 07:40:05,31.9,12.8,14.1,13.7,40.1,17.6,34.1,34.8,36.0,32.3,272.6,15.5,0.4,11.7
2025-04-28 07:40:10,32.1,12.9,14.1,13.7,40.3,18.6,34.1,35.1,36.1,32.4,273.7,15.5,0.6,11.7
2025-04-28 07:40:15,32.2,12.9,14.2,13.9,40.5,19.6,34.4,35.1,36.3,32.5,273.4,15.6,0.6,11.7
2025-04-28 07:40:20,32.4,12.9,14.2,14.0,40.6,20.8,34.5,35.5,36.5,32.7,274.4,15.8,0.7,11.7
2025-04-28 07:40:25,32.5,13.0,14.3,13.9,40.8,22.1,34.7,35.6,36.7,32.8,274.7,15.8,0.7,11.8
2025-04-28 07:40:30,32.8,13.1,14.2,14.0,40.9,23.3,34.8,35.7,36.9,33.0,276.4,15.9,0.5,11.8
2025-04-28 07:40:35,32.9,13.0,14.3,14.2,41.2,23.9,35.2,35.8,37.0,33.2,277.7,16.0,0.7,11.9
2025-04-28 07:40:40,33.2,13.1,14.3,14.1,41.3,24.7,35.3,36.0,37.2,33.4,278.7,16.1,1.7,11.9
2025-04-28 07:40:45,33.4,12.9,14.4,14.1,41.4,26.5,35.3,36.2,37.4,33.5,278.9,16.2,1.5,11.9
2025-04-28 07:40:50,33.7,13.0,14.4,14.2,41.6,28.1,35.4,36.3,37.5,33.7,280.0,16.2,1.4,12.0
2025-04-28 07:40:55,33.8,13.0,14.4,14.3,41.8,29.3,35.6,36.5,37.5,33.9,280.3,16.3,1.1,12.0
2025-04-28 07:41:00,34.1,13.1,14.4,14.3,42.0,29.8,35.8,36.7,37.7,34.0,280.9,16.4,1.0,12.0
2025-04-28 07:41:05,34.3,13.1,14.5,14.4,42.1,31.3,36.0,36.8,37.9,34.2,281.4,16.4,0.9,12.0
2025-04-28 07:41:10,34.5,13.2,14.5,14.3,42.4,33.1,36.2,37.0,38.1,34.4,282.8,16.5,0.6,12.1
2025-04-28 07:41:15,34.8,13.3,14.6,14.5,42.6,34.1,36.5,37.2,38.3,34.6,284.5,16.5,0.5,12.1
2025-04-28 07:41:20,35.0,13.5,14.7,14.6,42.9,35.5,36.8,37.4,38.6,34.8,285.0,16.5,0.4,12.1
2025-04-28 07:41:25,35.3,13.6,14.9,14.7,43.0,36.6,37.1,37.6,38.8,34.9,285.8,16.7,0.3,12.2
2025-04-28 07:41:30,35.5,13.6,14.9,14.6,43.2,37.9,37.4,37.6,39.0,35.0,286.3,16.7,0.3,12.2
2025-04-28 07:41:35,35.9,13.8,15.0,14.7,43.5,39.3,37.5,37.9,39.2,35.3,288.3,16.7,0.3,12.2
2025-04-28 07:41:40,36.0,13.8,15.0,14.7,43.6,40.0,37.7,38.0,39.2,35.5,288.9,16.8,0.6,12.3
2025-04-28 07:41:45,36.2,13.9,15.0,14.7,43.8,40.7,37.8,38.2,39.5,35.7,289.2,16.7,1.2,12.3
2025-04-28 07:41:50,36.5,14.0,15.1,14.7,44.0,42.6,38.1,38.3,39.9,35.8,290.9,16.8,1.1,12.3
2025-04-28 07:41:55,36.8,14.0,15.2,14.6,44.2,43.1,38.2,38.4,39.8,36.1,292.5,16.8,1.2,12.4
2025-04-28 07:42:00,37.0,14.0,15.3,14.7,44.3,43.7,38.4,38.6,40.2,36.3,293.3,17.0,1.1,12.4
2025-04-28 07:42:05,37.3,14.1,15.4,14.9,44.6,44.5,38.6,39.0,40.4,36.5,294.1,17.0,1.2,12.4
2025-04-28 07:42:10,37.3,14.2,15.5,14.9,44.9,45.6,38.9,39.1,40.5,36.7,295.7,17.0,1.2,12.4
2025-04-28 07:42:15,37.8,14.2,15.5,14.9,45.1,45.9,38.9,39.4,40.8,36.9,296.5,17.0,1.0,12.5
2025-04-28 07:42:20,37.9,14.3,15.6,15.0,45.3,46.2,39.1,39.4,40.9,37.0,296.6,16.9,1.8,12.5
2025-04-28 07:42:25,38.1,14.4,15.7,15.2,45.5,46.4,39.1,39.4,41.0,37.1,297.8,17.0,1.9,12.6
2025-04-28 07:42:30,38.4,14.4,15.7,15.2,45.7,46.5,39.3,39.6,41.2,37.3,298.3,16.9,2.5,12.6
2025-04-28 07:42:35,38.6,14.4,15.7,15.2,45.8,46.8,39.6,39.9,41.4,37.5,299.5,17.2,2.5,12.6
2025-04-28 07:42:40,38.8,14.6,15.8,15.2,46.1,47.0,39.8,40.2,41.6,37.8,301.2,17.3,2.7,12.6
2025-04-28 07:42:45,38.9,14.6,15.9,15.3,46.2,47.1,39.9,40.3,41.9,38.0,301.9,17.3,2.5,12.6
2025-04-28 07:42:50,39.3,14.6,16.0,15.3,46.4,47.2,40.0,40.5,42.1,38.1,302.6,17.4,2.4,12.7
2025-04-28 07:42:55,39.4,14.8,16.0,15.2,46.5,47.3,40.3,40.5,42.4,38.3,303.4,17.5,2.1,12.7
2025-04-28 07:43:00,39.5,15.5,16.2,15.4,46.6,47.6,40.4,40.8,42.5,38.4,304.3,17.5,1.8,12.7
2025-04-28 07:43:05,39.7,15.9,16.2,15.4,46.9,47.7,40.6,40.9,42.6,38.7,305.5,17.5,1.6,12.8
2025-04-28 07:43:10,39.8,16.4,16.3,15.4,47.0,47.9,40.7,41.1,42.7,38.8,305.6,17.5,1.5,12.8
2025-04-28 07:43:15,40.0,17.0,16.3,15.4,47.2,48.0,40.8,41.2,42.8,38.9,305.8,17.6,1.4,12.8
2025-04-28 07:43:20,40.3,17.9,16.5,15.5,47.5,48.4,41.1,41.4,43.0,39.1,307.0,17.6,1.7,12.8
2025-04-28 07:43:25,40.4,18.6,16.5,15.6,47.6,48.7,41.2,41.7,43.1,39.2,307.0,17.7,2.4,12.9
2025-04-28 07:43:30,40.7,19.5,16.6,15.7,47.8,48.7,41.2,41.7,43.2,39.4,308.2,17.7,3.7,12.9
2025-04-28 07:43:35,40.9,20.3,16.6,15.6,48.0,48.9,41.7,42.0,43.3,39.6,308.5,17.7,3.6,12.9
2025-04-28 07:43:40,41.0,21.1,16.7,15.7,48.2,49.3,41.9,42.3,43.7,39.8,309.7,18.0,3.2,12.9
2025-04-28 07:43:45,41.3,21.7,16.8,15.7,48.4,49.5,42.0,42.4,43.7,40.1,311.9,18.1,2.4,12.9
2025-04-28 07:43:50,41.6,23.6,17.2,15.7,48.6,49.7,42.3,42.7,43.8,40.3,311.9,18.1,2.0,13.0
2025-04-28 07:43:55,41.8,23.9,17.4,15.8,48.9,49.8,42.4,42.8,43.9,40.5,312.6,18.3,1.7,13.0
2025-04-28 07:44:00,42.1,25.1,18.2,16.0,49.3,50.2,42.6,43.0,43.9,40.7,314.8,18.4,1.8,13.0
2025-04-28 07:44:05,42.4,26.8,18.9,16.0,49.5,50.4,42.8,43.1,43.8,40.9,315.0,18.4,2.2,13.0
2025-04-28 07:44:10,42.5,27.6,19.3,16.0,49.6,50.5,42.8,43.3,43.7,41.0,314.9,18.4,2.2,13.0
2025-04-28 07:44:15,42.8,28.4,20.3,16.0,49.6,50.7,42.9,43.3,43.4,41.2,316.4,18.4,2.7,13.0
2025-04-28 07:44:20,43.0,29.7,20.7,16.1,49.9,50.9,43.2,43.5,43.1,41.3,316.6,18.5,2.9,13.0
2025-04-28 07:44:25,43.4,31.0,21.7,16.2,50.1,51.2,43.5,43.7,43.2,41.6,317.5,18.5,3.4,13.0
2025-04-28 07:44:30,43.6,32.0,22.3,16.2,50.3,51.4,43.6,44.0,43.1,41.6,316.8,18.6,2.8,13.0
2025-04-28 07:44:35,43.8,33.2,22.7,16.3,50.3,51.5,43.7,44.1,42.9,41.8,317.4,18.7,2.1,13.0
2025-04-28 07:44:40,44.0,34.7,24.1,16.4,50.5,51.7,43.7,44.3,42.8,42.0,318.1,18.8,2.0,13.0
2025-04-28 07:44:45,44.2,35.6,25.1,16.5,50.7,51.9,44.1,44.4,42.8,42.2,319.5,18.8,1.7,13.0
2025-04-28 07:44:50,44.4,36.6,25.7,16.5,50.8,52.2,44.1,44.5,42.8,42.5,321.4,18.8,1.3,13.0
2025-04-28 07:44:55,44.6,37.9,26.7,16.5,51.0,52.3,44.4,44.8,42.8,42.6,321.3,18.9,1.3,13.1
2025-04-28 07:45:00,44.8,38.8,27.3,16.5,51.2,52.5,44.6,45.0,43.0,42.8,321.8,19.0,1.2,13.0
2025-04-28 07:45:05,45.0,40.0,28.3,16.4,51.4,52.6,44.8,45.1,42.9,42.9,322.0,19.2,1.1,13.0
2025-04-28 07:45:10,45.2,41.1,28.8,16.5,51.6,52.8,44.8,45.2,43.0,43.0,322.9,19.2,0.9,13.0
2025-04-28 07:45:15,45.3,41.6,29.3,16.6,51.7,52.9,44.9,45.2,43.0,43.3,324.3,19.2,0.8,13.0
2025-04-28 07:45:20,45.7,43.2,30.5,16.7,51.9,53.1,45.1,45.4,43.2,43.4,323.3,19.4,0.7,13.1
2025-04-28 07:45:25,45.8,43.9,30.8,16.8,52.1,53.3,45.3,45.4,43.3,43.6,323.5,19.4,0.7,13.1
2025-04-28 07:45:30,45.9,45.0,31.5,16.9,52.2,53.4,45.5,45.6,43.5,43.8,325.7,19.4,0.7,13.1
2025-04-28 07:45:35,46.1,45.8,32.0,16.8,52.5,53.6,45.8,45.8,43.8,43.9,325.7,19.5,0.9,13.1
2025-04-28 07:45:40,46.2,46.5,32.4,16.9,52.7,53.9,46.0,46.0,43.8,44.0,324.3,19.6,0.9,13.0
2025-04-28 07:45:45,46.5,47.5,32.8,16.9,52.8,53.9,46.1,46.2,43.8,44.2,326.1,19.7,1.1,13.0
2025-04-28 07:45:50,46.7,48.1,33.0,16.9,53.0,54.1,46.3,46.1,44.0,44.4,325.6,19.7,1.3,13.0
2025-04-28 07:45:55,46.8,48.4,33.5,17.1,53.2,54.2,46.2,46.1,44.4,44.5,326.9,19.7,1.5,13.0
2025-04-28 07:46:00,47.1,48.9,34.6,17.1,53.5,54.5,46.5,46.4,44.6,44.8,329.4,19.8,1.6,13.0
2025-04-28 07:46:05,47.3,49.3,35.7,17.1,53.7,54.7,46.8,46.6,44.8,45.1,331.5,19.8,1.4,13.0
2025-04-28 07:46:10,47.5,49.7,36.6,17.2,54.0,55.0,46.8,46.8,45.0,45.3,331.6,20.0,1.2,13.0
2025-04-28 07:46:15,47.8,50.0,37.6,17.3,54.4,55.2,47.3,47.2,45.4,45.6,332.8,20.1,1.0,13.0
2025-04-28 07:46:20,47.9,50.3,38.5,17.4,54.6,55.6,47.6,47.5,45.8,45.8,333.8,20.3,1.1,12.9
2025-04-28 07:46:25,48.2,50.8,39.6,17.4,54.8,55.8,47.9,47.7,46.1,46.0,335.1,20.4,1.1,12.9
2025-04-28 07:46:30,48.4,51.0,40.1,17.5,55.1,56.0,48.2,48.0,46.5,46.2,336.1,20.5,0.8,12.9
2025-04-28 07:46:35,48.5,51.2,41.5,17.6,55.4,56.2,48.5,48.3,46.7,46.5,337.6,20.5,0.8,12.9
2025-04-28 07:46:40,49.0,51.6,42.5,17.7,55.6,56.5,48.7,48.4,47.2,46.8,338.7,20.6,1.5,12.9
2025-04-28 07:46:45,49.3,51.8,43.3,17.7,55.9,56.7,49.0,48.6,47.6,47.0,340.3,20.7,1.9,12.8
2025-04-28 07:46:50,49.5,52.2,45.0,17.8,56.0,57.0,49.1,48.7,47.7,47.2,341.5,20.7,1.8,12.8
2025-04-28 07:46:55,49.8,52.6,45.3,17.8,56.6,57.4,49.3,49.0,48.2,47.4,343.1,20.7,1.9,12.8
2025-04-28 07:47:00,50.0,53.1,46.4,18.0,56.8,57.7,49.7,49.5,49.0,47.6,342.9,20.8,2.5,12.7
2025-04-28 07:47:05,50.5,53.2,46.9,18.0,56.9,57.9,49.9,49.6,49.3,47.8,343.7,20.9,2.2,12.7
2025-04-28 07:47:10,50.5,53.5,47.7,18.1,57.1,58.2,50.0,49.8,49.9,48.0,344.8,20.9,2.1,12.7
2025-04-28 07:47:15,50.8,53.9,48.7,18.2,57.3,58.5,50.3,50.0,50.5,48.2,345.9,21.0,2.2,12.7
2025-04-28 07:47:20,51.0,54.4,49.4,18.2,57.7,58.9,50.5,50.3,51.4,48.5,346.2,21.2,1.9,12.7
2025-04-28 07:47:25,51.3,54.8,50.2,18.3,58.0,59.0,50.8,50.5,51.8,48.7,347.1,21.6,1.6,12.6
2025-04-28 07:47:30,51.5,55.3,50.9,18.4,58.2,59.2,51.0,50.6,52.5,48.8,347.9,22.0,1.3,12.6
2025-04-28 07:47:35,51.7,55.5,51.4,18.4,58.4,59.5,51.3,50.7,52.7,49.2,350.0,22.8,1.2,12.6
2025-04-28 07:47:40,51.9,55.7,52.0,18.6,58.5,59.7,51.3,50.9,53.1,49.2,350.0,23.7,1.0,12.6
2025-04-28 07:47:45,51.9,55.7,52.5,18.8,58.5,59.7,51.3,50.9,53.1,49.4,349.1,25.7,1.0,12.5
2025-04-28 07:47:50,52.0,56.0,53.1,18.9,58.8,60.0,51.6,51.0,53.4,49.5,349.4,27.5,0.8,12.5
2025-04-28 07:47:55,52.4,56.0,53.2,18.9,58.9,60.1,51.7,51.2,53.5,49.7,350.2,29.7,0.7,12.5
2025-04-28 07:48:00,52.7,56.7,53.9,19.1,59.1,60.3,51.9,51.4,53.8,50.0,352.6,31.2,0.6,12.5
2025-04-28 07:48:05,53.0,56.9,54.5,19.2,59.6,60.8,52.2,51.6,54.1,50.3,353.2,32.9,0.5,12.5
2025-04-28 07:48:10,53.1,57.1,54.7,19.2,59.9,61.1,52.5,51.9,54.2,50.4,354.3,34.3,0.7,12.5
2025-04-28 07:48:15,53.4,57.4,54.9,19.3,60.2,61.3,52.9,52.3,54.7,50.7,355.9,37.3,1.1,12.4
2025-04-28 07:48:20,53.6,57.7,54.9,19.5,60.5,61.6,53.2,52.5,54.8,50.8,355.9,38.1,1.4,12.4
2025-04-28 07:48:25,53.9,58.0,55.2,19.4,60.9,61.8,53.5,52.7,55.0,51.2,358.3,42.2,1.7,12.4
2025-04-28 07:48:30,54.0,58.2,55.4,19.4,61.0,62.0,53.8,53.1,55.4,51.4,358.7,44.5,1.5,12.4
2025-04-28 07:48:35,54.3,58.5,55.7,19.6,61.3,62.3,54.0,53.1,55.4,51.5,359.4,45.8,1.6,12.4
2025-04-28 07:48:40,54.6,58.5,55.8,19.7,61.6,62.4,54.2,53.2,55.9,51.7,360.2,48.8,1.9,12.4
2025-04-28 07:48:45,54.7,58.8,56.1,19.7,61.9,62.6,54.4,53.4,56.0,51.9,360.3,49.9,2.0,12.3
2025-04-28 07:48:50,55.1,58.9,56.2,19.8,62.0,62.7,54.6,53.6,56.1,52.1,362.1,52.8,2.3,12.3
2025-04-28 07:48:55,55.2,59.2,56.5,19.8,62.3,62.9,55.0,53.7,56.4,52.3,362.4,54.2,2.6,12.3
2025-04-28 07:49:00,55.3,59.3,56.6,19.8,62.4,63.1,55.2,53.8,56.7,52.5,363.9,57.6,3.0,12.3
2025-04-28 07:49:05,55.8,59.7,56.9,20.0,62.6,63.3,55.3,54.0,56.8,52.8,365.1,58.9,3.2,12.3
2025-04-28 07:49:10,56.2,59.8,57.1,20.0,63.1,63.6,55.5,54.2,57.1,53.0,365.1,61.0,3.0,12.2
2025-04-28 07:49:15,56.4,59.9,57.2,20.0,63.3,64.0,55.7,54.5,57.4,53.1,365.1,63.0,3.0,12.2
2025-04-28 07:49:20,56.6,60.2,57.5,20.0,63.5,64.1,56.0,54.7,57.5,53.4,366.4,64.8,2.6,12.2
2025-04-28 07:49:25,56.8,60.5,57.7,20.2,63.6,64.1,56.2,54.8,57.6,53.5,366.8,65.8,2.7,12.2
2025-04-28 07:49:30,57.0,60.7,57.8,20.1,63.9,64.3,56.5,55.0,57.8,53.9,368.2,67.6,3.1,12.2
2025-04-28 07:49:35,57.3,60.8,58.1,20.3,64.2,64.7,56.7,55.2,58.0,54.1,368.4,68.6,3.6,12.2
2025-04-28 07:49:40,57.6,61.0,58.4,20.3,64.5,64.8,56.9,55.3,58.1,54.2,369.6,69.9,3.2,12.2
2025-04-28 07:49:45,57.7,61.2,58.6,20.3,64.7,65.2,57.1,55.6,58.5,54.5,371.3,70.6,2.8,12.2
2025-04-28 07:49:50,58.1,61.4,58.9,20.4,64.9,65.5,57.3,55.8,58.7,54.7,372.2,71.1,2.5,12.2
2025-04-28 07:49:55,58.4,61.7,59.1,20.4,65.2,65.6,57.5,56.0,58.7,54.8,372.3,71.5,2.1,12.2
2025-04-28 07:50:00,58.5,61.7,59.3,20.5,65.4,65.7,57.6,56.2,59.1,55.1,373.2,71.8,1.6,12.2
2025-04-28 07:50:05,58.8,61.8,59.5,20.6,65.5,65.9,57.8,56.3,59.4,55.3,374.1,72.5,1.5,12.2
2025-04-28 07:50:10,59.0,62.1,59.6,20.7,65.8,66.2,57.9,56.7,59.5,55.5,374.8,72.9,1.6,12.2
2025-04-28 07:50:15,59.2,62.4,59.9,21.1,66.1,66.5,58.3,57.0,59.7,55.7,375.7,73.2,2.5,12.2
2025-04-28 07:50:20,59.4,62.5,60.0,21.6,66.3,66.6,58.4,57.1,59.9,55.9,377.0,73.5,2.8,12.2
2025-04-28 07:50:25,59.5,62.6,60.2,22.2,66.6,66.8,58.5,57.4,60.3,56.2,377.7,73.8,2.6,12.2
2025-04-28 07:50:30,59.8,62.9,60.3,22.8,66.7,67.2,58.7,57.5,60.4,56.3,378.2,74.1,2.4,12.2
2025-04-28 07:50:35,60.3,63.1,60.6,23.6,66.9,67.5,58.9,57.8,60.5,56.6,379.3,74.3,2.1,12.2
2025-04-28 07:50:40,60.4,63.0,60.6,24.6,66.8,67.4,59.1,57.8,60.6,56.7,378.5,74.3,2.2,12.3
2025-04-28 07:50:45,60.5,63.3,60.9,24.8,66.9,67.5,59.2,58.0,60.8,56.8,378.5,74.6,2.2,12.3
2025-04-28 07:50:50,60.8,63.5,61.1,26.6,67.3,68.1,59.6,58.2,61.2,57.2,380.4,74.8,1.9,12.3
2025-04-28 07:50:55,61.0,63.8,61.5,27.8,67.7,68.3,59.9,58.6,61.3,57.4,381.5,75.3,1.4,12.3
2025-04-28 07:51:00,61.4,64.1,61.6,29.9,67.9,68.6,60.2,58.8,61.6,57.5,381.9,75.5,1.4,12.4
2025-04-28 07:51:05,61.6,64.3,61.8,31.4,68.2,68.9,60.2,59.0,61.8,57.8,382.6,75.8,1.7,12.4
2025-04-28 07:51:10,61.9,64.5,62.1,33.2,68.4,69.0,60.4,59.1,61.8,57.9,382.6,76.0,1.8,12.4
2025-04-28 07:51:15,62.0,64.9,62.4,35.5,68.6,69.4,60.7,59.4,62.1,58.2,383.3,76.2,2.0,12.4
2025-04-28 07:51:20,62.1,65.2,62.6,37.6,68.9,69.6,61.0,59.5,62.4,58.4,384.2,76.5,2.2,12.5
2025-04-28 07:51:25,62.3,65.5,62.8,39.2,69.1,69.8,61.0,59.6,62.4,58.5,384.6,76.8,1.9,12.5
2025-04-28 07:51:30,62.6,65.6,62.9,40.1,69.1,69.9,61.3,59.8,62.6,58.8,384.8,77.1,1.4,12.5
2025-04-28 07:51:35,62.7,65.7,63.0,43.1,69.4,70.2,61.5,60.1,62.9,59.0,385.0,77.3,1.2,12.6
2025-04-28 07:51:40,62.9,66.0,63.0,44.7,69.6,70.4,61.8,60.2,63.1,59.3,386.8,77.6,1.0,12.6
2025-04-28 07:51:45,63.1,66.1,63.2,47.5,69.9,70.6,61.9,60.4,63.3,59.5,387.3,77.9,0.9,12.7
2025-04-28 07:51:50,63.2,66.2,63.3,48.6,70.1,70.8,62.0,60.6,63.5,59.7,387.9,77.9,0.9,12.7
2025-04-28 07:51:55,63.4,66.4,63.5,51.1,70.3,71.2,62.4,60.8,63.7,59.8,388.6,78.1,0.7,12.7
2025-04-28 07:52:00,63.6,66.5,63.6,52.5,70.5,71.5,62.6,60.9,63.9,60.2,389.7,78.5,0.8,12.8
2025-04-28 07:52:05,63.7,66.6,63.8,55.1,70.7,71.7,62.6,60.9,63.9,60.3,390.6,78.8,0.7,12.8
2025-04-28 07:52:10,63.9,66.7,64.0,56.9,71.0,71.9,63.0,61.4,64.4,60.6,391.6,79.1,0.5,12.8
2025-04-28 07:52:15,64.2,66.8,64.1,58.6,71.2,72.1,63.2,61.5,64.6,60.7,391.9,79.3,0.4,12.8
2025-04-28 07:52:20,64.2,67.2,64.3,60.1,71.4,72.4,63.4,61.6,64.8,61.0,392.5,79.7,0.3,12.9
2025-04-28 07:52:25,64.5,67.4,64.5,60.7,71.7,72.7,63.7,61.8,65.0,61.2,393.5,80.0,0.2,12.9
2025-04-28 07:52:30,64.8,67.7,64.5,61.3,71.9,72.7,63.7,61.8,65.1,61.4,394.3,80.2,0.2,13.0
2025-04-28 07:52:35,65.0,68.1,64.9,62.6,72.2,73.0,64.0,62.1,65.3,61.7,394.9,80.4,0.2,13.0
2025-04-28 07:52:40,65.3,68.3,65.2,63.3,72.4,73.3,64.3,62.3,65.5,61.9,395.9,80.5,0.1,13.1
2025-04-28 07:52:45,65.5,68.6,65.4,63.6,72.6,73.5,64.3,62.6,65.7,62.2,396.7,80.5,0.6,13.1
2025-04-28 07:52:50,66.0,68.8,65.5,63.9,72.8,73.7,64.7,62.8,66.1,62.4,397.3,80.5,1.8,13.1
2025-04-28 07:52:55,66.2,68.9,65.6,64.1,73.0,74.0,64.9,63.0,66.4,62.6,398.3,80.4,1.9,13.2
2025-04-28 07:53:00,66.5,68.9,65.8,64.3,73.4,74.1,64.9,63.3,66.6,62.8,399.6,80.3,1.4,13.2
2025-04-28 07:53:05,66.8,69.0,66.1,64.5,73.6,74.4,65.2,63.5,66.7,63.1,400.5,80.4,1.4,13.3
2025-04-28 07:53:10,67.2,69.2,66.4,64.8,73.8,74.8,65.4,63.8,66.8,63.2,401.1,80.4,1.4,13.3
2025-04-28 07:53:15,67.2,69.3,66.7,65.2,74.2,75.2,65.7,64.1,67.0,63.5,400.3,80.3,1.5,13.3
2025-04-28 07:53:20,67.5,69.5,67.0,65.3,74.5,75.3,66.0,64.4,67.3,63.6,399.8,80.2,1.3,13.4
2025-04-28 07:53:25,67.8,69.4,67.2,65.6,74.7,75.6,66.3,64.7,67.5,63.7,401.6,80.1,1.1,13.4
2025-04-28 07:53:30,68.1,69.6,67.3,65.7,74.8,75.9,66.5,64.7,67.9,63.8,401.9,79.7,1.1,13.5
2025-04-28 07:53:35,68.4,69.8,67.5,65.9,74.9,75.8,66.6,64.8,68.2,64.1,403.0,79.3,0.9,13.5
2025-04-28 07:53:40,68.5,69.9,67.7,66.4,75.4,76.2,66.9,65.0,68.4,64.3,404.5,79.0,0.8,13.5
2025-04-28 07:53:45,68.7,70.0,67.9,66.7,75.5,76.4,67.0,65.1,68.8,64.6,405.4,79.0,0.7,13.5
2025-04-28 07:53:50,68.9,70.1,67.9,66.8,75.6,76.6,67.1,65.2,69.1,64.9,405.7,79.1,0.6,13.6
2025-04-28 07:53:55,68.9,70.1,68.1,67.2,76.0,77.0,67.2,65.6,69.2,65.1,406.8,79.1,0.7,13.6
2025-04-28 07:54:00,69.0,70.0,68.2,67.7,76.3,77.3,67.6,65.9,69.4,65.3,407.0,79.1,0.7,13.7
2025-04-28 07:54:05,69.2,69.9,68.5,68.0,76.5,77.7,67.9,66.1,69.4,65.5,406.3,79.2,0.6,13.7
2025-04-28 07:54:10,69.3,69.9,68.6,68.1,76.8,78.0,68.0,66.4,69.7,65.7,406.3,79.2,0.8,13.8
2025-04-28 07:54:15,69.5,69.6,68.8,68.4,77.1,78.2,68.5,66.4,69.8,65.8,407.7,79.3,1.5,13.8
2025-04-28 07:54:20,69.8,69.5,69.1,68.6,77.3,78.3,68.8,66.7,70.1,66.1,408.8,79.6,1.5,13.8
2025-04-28 07:54:25,70.2,69.6,69.2,68.8,77.6,78.6,69.0,67.0,70.6,66.3,409.4,79.9,2.0,13.9
2025-04-28 07:54:30,70.5,69.6,69.6,68.9,77.7,78.7,69.2,67.1,70.8,66.5,409.9,80.5,2.1,13.9
2025-04-28 07:54:35,70.7,69.7,69.9,69.6,78.1,78.9,69.4,67.3,71.1,66.8,412.0,80.9,1.9,13.9
2025-04-28 07:54:40,70.8,69.6,70.0,69.6,78.3,79.2,69.5,67.6,71.2,67.0,411.6,81.4,1.6,14.0
2025-04-28 07:54:45,71.0,69.7,70.2,69.9,78.6,79.6,69.7,67.7,71.4,67.1,409.9,81.8,1.5,14.0
2025-04-28 07:54:50,71.4,70.1,70.3,70.0,78.6,79.6,69.7,67.6,71.7,67.3,409.8,82.2,1.2,14.1
2025-04-28 07:54:55,71.4,70.2,70.4,70.1,78.8,79.7,69.8,68.0,71.7,67.4,410.3,82.5,1.1,14.1
2025-04-28 07:55:00,71.5,70.4,70.5,70.2,78.9,79.8,69.8,68.1,71.8,67.8,412.7,83.3,0.9,14.1
2025-04-28 07:55:05,71.7,70.7,70.6,70.3,79.2,80.0,70.6,68.5,72.2,68.1,413.5,84.3,0.9,14.2
2025-04-28 07:55:10,71.8,71.1,70.8,70.4,79.4,80.2,70.7,68.7,72.3,68.3,414.1,85.0,0.8,14.2
2025-04-28 07:55:15,71.8,71.2,71.0,70.5,79.4,80.3,70.9,68.5,72.6,68.5,413.6,85.4,0.7,14.2
2025-04-28 07:55:20,72.0,71.4,71.1,70.6,79.5,80.6,71.2,68.6,72.9,68.7,415.4,85.8,0.6,14.3
2025-04-28 07:55:25,72.1,71.3,71.3,71.0,79.9,81.0,71.2,69.1,73.1,68.9,416.1,86.3,0.5,14.3
2025-04-28 07:55:30,72.4,71.3,71.5,71.2,80.2,81.4,71.3,69.3,73.4,69.2,415.9,86.6,0.5,14.3
2025-04-28 07:55:35,72.6,71.2,71.6,71.5,80.5,81.6,71.7,69.6,73.6,69.4,416.1,87.3,0.4,14.3
2025-04-28 07:55:40,72.7,71.5,71.9,71.8,80.8,82.0,72.1,69.9,73.9,69.7,417.1,87.7,0.3,14.4
2025-04-28 07:55:45,73.0,71.6,72.1,71.8,81.2,82.3,72.4,70.0,74.1,69.9,416.8,87.8,0.5,14.4
2025-04-28 07:55:50,73.3,72.0,72.3,72.0,81.4,82.4,72.6,70.3,74.0,70.1,417.9,88.4,0.9,14.4
2025-04-28 07:55:55,73.5,72.3,72.3,72.0,81.5,82.5,72.8,70.7,74.2,70.4,418.3,88.5,1.3,14.5
2025-04-28 07:56:00,73.7,72.9,72.5,72.1,81.7,82.6,72.8,70.8,74.5,70.5,418.5,88.8,1.9,14.5
2025-04-28 07:56:05,73.7,73.2,72.7,72.5,81.8,82.8,73.2,70.9,74.6,70.7,419.1,89.1,2.1,14.5
2025-04-28 07:56:10,73.8,73.5,72.9,72.6,81.9,83.0,73.3,71.2,74.9,71.0,419.8,89.5,2.2,14.6
2025-04-28 07:56:15,73.9,73.8,73.0,72.8,82.0,83.2,73.5,71.4,75.2,71.1,419.5,89.9,2.2,14.6
2025-04-28 07:56:20,74.0,74.2,73.2,73.0,82.1,83.5,73.7,71.6,75.4,71.3,419.7,90.4,1.9,14.6
2025-04-28 07:56:25,74.1,74.6,73.2,73.0,82.3,83.8,74.0,71.7,75.5,71.6,421.0,90.9,1.8,14.6
2025-04-28 07:56:30,74.3,75.4,73.5,73.1,82.8,84.2,74.4,72.1,75.9,71.8,420.8,91.4,1.5,14.7
2025-04-28 07:56:35,74.7,75.9,73.6,73.4,83.0,84.3,74.5,72.2,76.0,72.1,423.1,92.0,1.4,14.7
2025-04-28 07:56:40,75.1,76.5,73.9,73.5,83.1,84.5,74.6,72.3,76.3,72.3,424.1,92.5,1.5,14.7
2025-04-28 07:56:45,75.2,76.9,74.0,73.7,83.6,85.1,75.0,72.8,76.7,72.9,426.1,93.2,1.4,14.7
2025-04-28 07:56:50,75.5,77.3,74.3,74.0,84.0,85.5,75.3,73.1,76.6,73.0,425.8,93.9,1.1,14.8
2025-04-28 07:56:55,75.8,78.1,74.8,74.3,84.5,85.8,75.7,73.2,77.1,73.1,425.6,94.5,0.9,14.8
2025-04-28 07:57:00,76.1,78.6,75.1,74.6,85.0,86.0,75.6,73.3,77.3,73.3,426.8,94.8,0.8,14.8
2025-04-28 07:57:05,76.4,79.1,75.4,74.8,85.1,86.2,75.8,73.6,77.6,73.9,429.6,95.5,0.6,14.8
2025-04-28 07:57:10,77.2,79.7,75.8,75.1,85.5,86.7,76.3,74.0,77.8,74.2,430.7,95.9,0.7,14.9
2025-04-28 07:57:15,77.5,80.1,76.0,75.2,86.0,86.9,76.8,74.3,78.1,74.3,430.3,96.3,0.8,14.9
2025-04-28 07:57:20,77.8,80.4,76.2,75.3,86.2,87.2,77.0,74.5,78.5,74.6,431.5,96.4,1.1,14.9
2025-04-28 07:57:25,78.2,80.8,76.5,75.6,86.4,87.6,77.3,74.7,78.8,74.9,433.2,97.0,1.8,14.9
2025-04-28 07:57:30,78.4,81.0,76.9,75.9,86.7,87.9,77.6,75.0,79.0,75.1,433.2,97.2,1.7,14.9
2025-04-28 07:57:35,78.8,81.6,77.1,76.0,87.2,88.2,77.8,75.1,79.2,75.4,434.9,97.6,1.8,15.0
2025-04-28 07:57:40,79.1,81.8,77.5,76.2,87.4,88.4,78.0,75.5,79.2,75.6,435.2,97.9,1.7,15.0
2025-04-28 07:57:45,79.4,82.3,77.8,76.3,87.6,88.5,78.1,75.6,79.5,75.9,435.7,98.1,1.5,15.0
2025-04-28 07:57:50,79.7,82.7,78.0,76.6,88.0,88.9,78.3,75.9,79.8,76.1,435.8,98.5,1.3,15.0
2025-04-28 07:57:55,80.0,82.6,78.2,76.9,88.1,89.0,78.6,75.9,79.9,76.2,436.9,98.9,1.6,15.0
2025-04-28 07:58:00,80.1,82.8,78.3,77.1,88.0,89.3,78.7,76.2,80.0,76.5,436.8,99.2,1.9,15.1
2025-04-28 07:58:05,80.2,82.9,78.5,77.1,88.4,89.4,79.0,76.3,80.3,76.5,436.7,99.4,1.9,15.1
2025-04-28 07:58:10,80.4,83.2,78.7,77.4,88.7,89.6,79.1,76.4,80.7,76.9,438.0,99.7,1.8,15.1
2025-04-28 07:58:15,80.7,83.4,79.2,77.8,89.1,90.0,79.4,76.7,80.8,77.1,437.9,100.2,1.7,15.1
2025-04-28 07:58:20,81.2,83.8,79.3,77.9,89.3,90.1,79.7,76.8,81.0,77.3,438.3,100.5,1.3,15.1
2025-04-28 07:58:25,81.5,83.9,79.4,78.0,89.4,90.3,79.7,76.8,81.0,77.5,438.6,100.7,1.1,15.1
2025-04-28 07:58:30,81.7,84.0,79.7,78.2,89.8,90.9,80.0,77.2,81.3,77.7,440.0,101.1,1.3,15.1
2025-04-28 07:58:35,81.9,84.2,79.9,78.5,90.0,91.0,80.3,77.5,81.5,77.9,439.9,101.4,1.7,15.2
2025-04-28 07:58:40,81.9,84.4,80.0,78.6,90.3,91.2,80.7,77.7,82.0,78.1,440.7,101.6,1.8,15.2
2025-04-28 07:58:45,81.7,84.7,80.2,78.7,90.6,91.4,81.0,77.7,82.2,78.3,442.1,102.1,2.1,15.2
2025-04-28 07:58:50,81.2,84.8,80.5,78.9,90.8,91.7,81.3,78.1,82.4,78.6,442.7,102.1,1.7,15.2
2025-04-28 07:58:55,80.5,85.0,80.8,79.2,91.1,92.0,81.6,78.4,82.7,78.8,442.9,102.6,1.3,15.2
2025-04-28 07:59:00,79.6,85.0,81.1,79.4,91.4,92.2,81.8,78.5,82.9,79.1,445.0,102.9,1.2,15.2
2025-04-28 07:59:05,78.6,85.4,81.4,79.5,91.7,92.4,81.9,78.7,82.9,79.3,445.8,103.3,1.1,15.2
2025-04-28 07:59:10,76.7,85.8,81.7,79.8,91.8,92.6,82.4,78.9,83.2,79.6,446.0,103.7,2.0,15.3
2025-04-28 07:59:15,75.7,86.1,82.0,80.1,92.1,93.0,82.7,79.3,83.5,79.8,446.0,104.0,2.6,15.3
2025-04-28 07:59:20,73.8,86.5,82.2,80.2,92.3,93.2,82.7,79.5,83.7,80.0,446.3,104.3,2.7,15.3
2025-04-28 07:59:25,72.7,86.6,82.5,80.7,92.9,93.6,83.1,79.8,84.1,80.1,446.9,104.8,3.1,15.3
2025-04-28 07:59:30,72.0,86.8,82.7,80.8,93.1,93.7,83.3,80.0,84.4,80.4,448.5,105.1,2.7,15.2
2025-04-28 07:59:35,69.7,86.6,83.1,81.1,93.6,93.9,83.6,80.2,84.6,80.8,449.5,105.6,2.3,15.3
2025-04-28 07:59:40,67.4,86.9,83.5,81.4,93.7,94.3,83.9,80.5,85.1,81.0,450.1,105.8,3.2,15.3
2025-04-28 07:59:45,66.2,87.4,83.7,81.5,94.1,94.4,84.3,80.5,85.1,81.2,450.5,106.0,3.0,15.3
2025-04-28 07:59:50,64.5,87.7,84.0,81.7,94.3,94.7,84.6,80.8,85.5,81.5,451.3,106.5,2.4,15.3
2025-04-28 07:59:55,62.1,87.9,84.3,81.9,94.5,95.0,84.6,81.1,85.7,81.6,450.9,106.8,2.2,15.2
2025-04-28 08:00:00,59.6,88.1,84.6,82.3,94.8,95.4,84.9,81.4,86.0,82.0,452.9,107.2,2.2,15.2
2025-04-28 08:00:05,57.8,88.4,84.8,82.3,94.9,95.6,85.0,81.3,86.0,82.1,453.4,107.5,2.2,15.3
2025-04-28 08:00:10,56.8,88.5,84.9,82.5,95.2,95.7,85.3,81.7,86.3,82.3,453.8,107.6,2.0,15.3
2025-04-28 08:00:15,54.2,89.0,85.2,82.8,95.5,95.9,85.5,82.1,86.5,82.6,454.2,107.9,1.5,15.3
2025-04-28 08:00:20,51.7,89.1,85.4,83.1,95.7,96.3,85.7,82.3,86.6,82.8,454.4,108.0,1.3,15.3
2025-04-28 08:00:25,49.4,89.2,85.6,83.1,95.8,96.5,85.8,82.4,86.8,83.1,455.6,108.5,1.5,15.3
2025-04-28 08:00:30,47.8,89.4,85.7,83.7,96.1,96.9,86.0,82.7,87.1,83.3,456.4,108.7,1.3,15.3
2025-04-28 08:00:35,45.7,89.8,85.8,83.7,96.3,97.4,86.2,82.9,87.4,83.6,457.3,109.0,1.1,15.3
2025-04-28 08:00:40,43.0,89.9,86.1,84.0,96.4,97.7,86.5,83.2,87.7,83.8,457.4,109.5,0.8,15.4
2025-04-28 08:00:45,42.2,90.1,86.3,84.2,96.8,97.8,86.8,83.5,87.9,84.0,456.8,109.6,0.7,15.4
2025-04-28 08:00:50,40.5,90.2,86.3,84.2,97.1,98.0,87.0,83.7,88.3,84.3,458.5,110.0,0.6,15.4
2025-04-28 08:00:55,37.8,90.3,86.7,84.4,97.4,98.3,87.3,84.1,88.5,84.5,458.9,110.3,0.6,15.4
2025-04-28 08:01:00,36.9,90.4,87.0,84.7,98.0,98.7,87.4,84.3,88.8,84.8,460.1,110.7,0.5,15.4
2025-04-28 08:01:05,34.9,90.7,87.2,84.7,98.4,99.2,87.9,84.6,89.1,85.0,460.9,110.9,0.5,15.4
2025-04-28 08:01:10,33.4,91.2,87.5,84.7,98.7,99.3,88.3,84.9,89.4,85.4,462.0,111.2,0.6,15.5
2025-04-28 08:01:15,32.1,91.5,87.7,84.9,98.9,99.5,88.5,85.1,89.6,85.5,461.9,111.6,1.1,15.5
2025-04-28 08:01:20,30.5,91.8,88.0,84.8,99.3,99.8,88.7,85.4,89.7,85.9,463.1,111.9,0.9,15.5
2025-04-28 08:01:25,29.5,91.9,88.3,84.7,99.7,100.1,89.0,85.7,90.0,86.3,464.6,112.3,1.1,15.5
2025-04-28 08:01:30,28.5,92.5,88.5,84.9,99.9,100.4,89.4,85.8,90.5,86.7,466.6,112.5,1.1,15.5
2025-04-28 08:01:35,27.8,92.5,88.9,85.3,100.4,100.8,89.8,86.3,91.0,86.9,466.6,112.9,1.1,15.6
2025-04-28 08:01:40,27.4,92.8,89.2,85.6,100.5,101.1,89.9,86.5,91.2,87.2,467.8,113.4,1.0,15.6
2025-04-28 08:01:45,27.4,93.1,89.3,85.4,100.7,101.6,90.3,86.9,91.6,87.5,468.6,113.8,1.0,15.6
2025-04-28 08:01:50,27.3,93.5,89.5,85.5,101.0,101.9,90.5,86.8,91.8,87.8,469.9,114.0,0.8,15.6
2025-04-28 08:01:55,27.3,93.7,89.6,85.8,101.5,102.3,90.6,87.0,92.0,87.9,470.0,114.1,0.7,15.7
2025-04-28 08:02:00,27.7,94.1,89.8,86.3,101.8,102.6,90.8,87.5,92.2,88.2,470.7,114.6,0.6,15.7
2025-04-28 08:02:05,28.4,94.2,90.0,86.6,102.0,102.8,91.1,87.5,92.4,88.6,471.6,115.0,0.5,15.7
2025-04-28 08:02:10,29.8,94.4,90.5,87.3,102.1,102.8,91.3,87.7,92.7,88.7,471.9,115.4,0.5,15.7
2025-04-28 08:02:15,30.8,94.6,90.8,87.5,102.5,103.2,91.7,88.3,93.2,88.9,472.5,115.7,0.5,15.7
2025-04-28 08:02:20,32.4,94.7,91.0,88.4,102.7,103.6,91.9,88.6,93.5,89.2,473.2,116.0,0.5,15.7
2025-04-28 08:02:25,33.5,95.0,91.2,88.7,102.9,103.8,92.4,88.7,93.8,89.5,473.6,116.2,0.5,15.8
2025-04-28 08:02:30,36.1,95.0,91.4,89.2,103.2,104.2,92.6,88.9,94.0,89.9,475.4,116.3,0.4,15.8
2025-04-28 08:02:35,37.2,95.2,91.5,89.5,103.6,104.3,92.9,89.3,94.2,90.1,475.8,116.5,0.4,15.8
2025-04-28 08:02:40,38.2,95.7,91.7,89.9,103.9,104.7,93.3,89.6,94.6,90.4,476.5,117.0,0.2,15.9
2025-04-28 08:02:45,39.4,95.7,92.0,90.3,104.3,105.1,93.6,90.0,94.8,90.7,477.1,117.5,0.1,15.9
2025-04-28 08:02:50,40.6,96.0,92.2,90.7,104.8,105.3,94.0,90.2,95.1,90.9,477.7,117.7,0.1,15.9
2025-04-28 08:02:55,41.3,96.3,92.5,90.9,105.4,105.8,94.3,90.8,95.7,91.2,478.5,118.1,0.1,15.9
2025-04-28 08:03:00,41.9,96.6,92.8,91.2,105.6,106.3,94.6,90.9,95.9,91.4,479.3,118.4,0.0,15.9
2025-04-28 08:03:05,42.2,97.0,93.0,91.4,105.9,106.3,94.8,91.0,96.2,91.8,480.5,118.8,0.1,16.0
2025-04-28 08:03:10,42.6,97.3,93.3,92.0,106.4,106.7,95.1,91.2,96.4,92.1,482.0,119.2,0.3,16.0
2025-04-28 08:03:15,42.7,97.3,93.5,92.2,106.5,106.9,95.4,91.4,96.8,92.4,482.4,119.8,0.6,16.0
2025-04-28 08:03:20,43.0,97.7,93.8,92.5,106.8,107.6,95.6,91.6,97.0,92.7,483.3,120.2,0.8,16.1
2025-04-28 08:03:25,43.4,97.9,93.9,92.7,107.1,107.8,95.9,92.0,97.1,93.0,484.0,120.3,0.9,16.1
2025-04-28 08:03:30,43.6,97.9,94.3,93.1,107.6,108.2,96.0,92.1,97.2,93.2,484.6,120.5,1.3,16.1
2025-04-28 08:03:35,43.6,98.2,94.6,93.3,108.1,108.5,96.5,92.5,97.7,93.5,486.3,120.9,1.5,16.1
2025-04-28 08:03:40,43.6,98.7,95.0,93.7,108.2,108.8,96.7,92.8,97.9,93.8,486.8,121.2,1.8,16.1
2025-04-28 08:03:45,43.2,99.0,95.1,93.9,108.4,109.0,96.8,93.0,98.0,94.1,486.5,121.7,1.8,16.2
2025-04-28 08:03:50,42.7,99.2,95.5,94.2,108.9,109.2,97.0,93.2,98.2,94.2,486.1,122.0,1.6,16.2
2025-04-28 08:03:55,42.4,99.5,95.6,94.3,108.9,109.3,97.3,93.3,98.3,94.6,486.8,122.1,1.4,16.2
2025-04-28 08:04:00,41.2,99.5,95.9,94.7,109.0,109.5,97.7,93.6,98.7,94.8,487.7,122.5,1.2,16.2
2025-04-28 08:04:05,40.8,100.0,96.1,94.8,109.5,109.6,98.0,93.8,99.1,95.0,488.4,122.8,1.1,16.2
2025-04-28 08:04:10,40.6,100.0,96.3,95.0,109.6,109.8,98.3,94.3,99.4,95.3,489.0,123.0,1.1,16.3
2025-04-28 08:04:15,40.7,100.3,96.4,95.2,110.0,110.2,98.6,94.6,99.8,95.5,488.8,123.5,1.1,16.3
2025-04-28 08:04:20,41.0,100.5,96.8,95.5,110.1,110.6,98.7,94.6,100.0,95.6,489.3,123.7,1.1,16.3
2025-04-28 08:04:25,41.8,100.7,97.1,95.7,110.2,110.6,99.0,95.0,100.3,95.9,490.2,124.0,0.9,16.3
2025-04-28 08:04:30,42.2,100.9,97.1,95.8,110.4,110.9,99.2,95.3,100.6,96.3,490.6,124.4,0.9,16.3
2025-04-28 08:04:35,42.6,101.2,97.5,96.1,110.8,111.1,99.5,95.5,100.5,96.4,491.0,124.5,0.8,16.4
2025-04-28 08:04:40,43.2,101.4,97.6,96.3,111.0,111.4,99.7,95.9,100.9,96.7,491.6,124.9,0.7,16.4
2025-04-28 08:04:45,44.6,101.5,97.8,96.5,111.5,111.6,99.9,96.1,101.1,96.9,491.7,125.2,0.7,16.4
2025-04-28 08:04:50,45.2,101.6,98.1,96.7,111.7,111.8,100.2,96.3,101.5,97.1,491.9,125.4,0.6,16.4
2025-04-28 08:04:55,46.5,101.9,98.2,96.9,111.9,112.0,100.4,96.4,101.7,97.3,492.1,125.6,0.5,16.4
2025-04-28 08:05:00,47.2,102.0,98.2,97.0,112.2,112.4,100.6,96.7,102.0,97.6,493.1,125.7,0.4,16.4
2025-04-28 08:05:05,48.8,102.3,98.4,97.3,112.5,112.7,100.8,96.9,102.3,97.9,493.7,126.0,0.8,16.5
2025-04-28 08:05:10,49.7,102.4,98.6,97.5,112.7,113.0,101.1,97.3,102.4,98.2,495.1,126.5,1.0,16.5
2025-04-28 08:05:15,50.9,102.8,98.8,97.8,113.1,113.1,101.3,97.5,102.6,98.5,496.3,126.8,1.2,16.5
2025-04-28 08:05:20,51.1,103.2,99.3,97.9,113.7,113.4,101.6,97.9,103.2,98.9,496.3,126.9,1.1,16.5
2025-04-28 08:05:25,51.5,103.2,99.5,98.4,113.8,113.7,102.0,98.1,103.5,99.0,496.3,127.5,0.9,16.6
2025-04-28 08:05:30,51.3,103.5,99.8,98.6,114.0,113.9,102.2,98.2,103.7,99.3,497.5,127.8,0.7,16.6
2025-04-28 08:05:35,50.6,103.8,100.0,98.9,114.3,114.3,102.4,98.5,103.7,99.5,497.7,128.1,0.7,16.6
2025-04-28 08:05:40,50.3,103.9,100.1,99.1,114.5,114.6,102.7,98.7,104.1,99.8,498.4,128.3,0.7,16.6
2025-04-28 08:05:45,49.7,104.4,100.4,99.3,115.0,115.0,103.1,99.0,104.5,100.1,499.5,128.7,0.7,16.6
2025-04-28 08:05:50,49.5,104.6,100.7,99.4,115.5,115.2,103.4,99.3,104.7,100.4,499.8,129.1,0.6,16.7
2025-04-28 08:05:55,49.1,105.1,101.0,99.7,115.8,115.4,103.5,99.4,105.0,100.7,500.4,129.2,0.5,16.7
2025-04-28 08:06:00,48.5,105.4,101.1,99.8,116.0,115.5,103.6,99.6,105.2,101.0,501.4,129.5,0.4,16.7
2025-04-28 08:06:05,47.9,105.6,101.4,100.0,116.1,115.7,103.8,99.8,105.4,101.1,501.5,129.9,0.3,16.7
2025-04-28 08:06:10,46.8,105.8,101.6,100.3,116.4,116.0,104.1,100.0,105.6,101.3,501.8,130.2,0.2,16.7
2025-04-28 08:06:15,46.2,106.0,101.9,100.3,116.5,116.2,104.3,100.1,105.8,101.6,502.1,130.4,0.1,16.7
2025-04-28 08:06:20,44.7,106.0,102.1,100.6,116.7,116.5,104.3,100.2,105.8,101.8,503.0,130.8,0.2,16.7
2025-04-28 08:06:25,43.6,106.3,102.4,101.1,117.1,117.0,104.5,100.7,106.2,102.0,503.3,131.0,0.5,16.7
2025-04-28 08:06:30,42.1,106.6,102.5,101.6,117.4,117.3,104.9,100.7,106.3,102.4,504.5,131.4,0.7,16.8
2025-04-28 08:06:35,41.4,106.9,102.7,101.6,117.6,117.5,105.1,101.0,106.6,102.6,505.0,131.6,1.2,16.8
2025-04-28 08:06:40,40.7,107.0,102.9,101.7,118.0,117.6,105.4,101.2,106.8,102.9,506.2,132.0,1.3,16.8
2025-04-28 08:06:45,40.5,107.5,103.2,102.2,118.2,118.0,105.6,101.4,107.0,103.3,506.7,132.2,1.5,16.8
2025-04-28 08:06:50,40.0,108.0,103.8,102.6,118.7,118.3,106.1,101.7,107.4,103.5,506.6,132.8,2.2,16.8
2025-04-28 08:06:55,39.7,108.1,104.0,102.9,118.7,118.4,106.1,101.9,107.5,103.8,507.9,133.1,3.1,16.8
2025-04-28 08:07:00,39.4,108.5,104.6,103.3,119.1,118.8,106.4,102.3,107.9,104.0,508.8,133.5,2.8,16.8
2025-04-28 08:07:05,38.8,109.0,105.0,103.4,119.5,118.9,106.7,102.6,108.3,104.4,509.4,133.8,2.4,16.8
2025-04-28 08:07:10,38.3,109.2,105.2,103.7,119.8,119.1,106.9,102.8,108.5,104.5,510.0,134.2,2.3,16.8
2025-04-28 08:07:15,37.2,109.3,105.6,104.4,120.1,119.7,106.9,103.0,108.8,104.8,510.5,134.8,2.8,16.8
2025-04-28 08:07:20,36.5,109.4,105.7,104.4,120.5,120.0,107.2,103.1,109.0,105.1,511.2,135.2,2.3,16.8
2025-04-28 08:07:25,36.3,109.5,105.8,104.6,120.6,120.0,107.4,103.3,109.1,105.3,511.6,135.6,2.3,16.8
2025-04-28 08:07:30,34.8,110.0,106.1,104.8,120.8,120.5,107.7,103.5,109.3,105.6,511.3,135.9,1.6,16.8
2025-04-28 08:07:35,33.4,110.0,106.3,105.0,121.0,120.8,107.8,103.6,109.5,105.8,512.4,136.2,1.4,16.8
2025-04-28 08:07:40,32.6,110.2,106.4,105.1,121.3,121.0,108.2,103.9,109.7,105.9,512.3,136.3,1.3,16.8
2025-04-28 08:07:45,31.6,110.4,106.7,105.2,121.5,121.2,108.4,104.1,110.0,106.1,512.5,136.6,1.4,16.7
2025-04-28 08:07:50,31.4,110.6,106.9,105.5,121.8,121.6,108.5,104.3,110.1,106.4,512.7,136.7,1.6,16.7
2025-04-28 08:07:55,31.0,111.0,107.2,106.0,122.0,121.9,108.7,104.6,110.4,106.7,513.5,137.1,1.6,16.7
2025-04-28 08:08:00,31.0,111.2,107.5,106.1,122.1,122.1,108.8,104.9,110.7,107.0,513.7,137.5,1.7,16.7
2025-04-28 08:08:05,31.0,111.5,107.9,106.5,122.6,122.3,109.0,105.0,110.8,107.2,514.5,137.8,1.5,16.7
2025-04-28 08:08:10,31.1,111.7,108.2,106.6,123.1,122.7,109.4,105.3,111.3,107.5,515.0,138.2,1.1,16.7
2025-04-28 08:08:15,31.1,112.0,108.4,106.8,123.4,123.0,109.6,105.5,111.3,107.5,515.1,138.5,1.2,16.7
2025-04-28 08:08:20,31.2,112.5,108.6,107.2,123.5,123.0,109.8,105.7,111.6,107.7,514.4,138.8,1.2,16.8
2025-04-28 08:08:25,31.2,112.7,108.8,107.3,123.7,123.3,110.1,105.8,111.8,107.9,515.4,139.2,1.1,16.8
2025-04-28 08:08:30,31.2,112.6,109.0,107.6,123.9,123.6,110.5,105.9,112.1,108.4,517.5,139.2,1.0,16.8
2025-04-28 08:08:35,31.2,112.8,109.4,107.9,124.5,124.0,110.9,106.3,112.4,108.8,519.2,139.7,1.0,16.8
2025-04-28 08:08:40,31.4,113.0,109.5,108.1,124.8,124.3,111.1,106.6,112.7,108.9,519.4,139.9,1.1,16.8
2025-04-28 08:08:45,31.5,113.2,109.9,108.3,125.0,124.4,111.4,106.7,113.0,109.0,519.4,140.4,1.0,16.8
2025-04-28 08:08:50,31.7,113.4,110.1,108.7,125.1,125.2,111.7,107.2,113.2,109.5,520.9,140.9,1.0,16.8
2025-04-28 08:08:55,31.6,113.7,110.3,109.0,125.4,125.5,111.8,107.3,113.5,109.6,521.1,141.2,1.0,16.8
2025-04-28 08:09:00,31.7,114.3,110.5,109.2,125.6,125.8,112.0,107.4,113.6,109.8,521.3,141.5,0.8,16.8
2025-04-28 08:09:05,31.7,114.4,110.7,109.2,125.9,125.9,112.4,107.8,113.8,110.2,521.9,141.7,0.9,16.8
2025-04-28 08:09:10,31.8,114.7,110.8,109.5,126.1,126.1,112.5,107.9,114.1,110.4,522.4,142.1,0.9,16.9
2025-04-28 08:09:15,31.9,115.0,111.2,109.8,126.3,126.3,112.6,108.2,114.4,110.7,523.2,142.4,1.0,16.9
2025-04-28 08:09:20,31.9,115.1,111.7,110.0,126.4,126.6,112.9,108.4,114.6,110.9,523.1,142.7,1.1,16.9
2025-04-28 08:09:25,32.0,115.1,111.8,110.4,126.9,126.9,113.4,108.7,115.0,111.2,524.8,143.1,1.5,16.9
2025-04-28 08:09:30,32.1,115.3,112.4,110.6,127.3,127.2,113.7,109.0,115.4,111.5,524.4,143.4,1.6,16.9
2025-04-28 08:09:35,32.1,115.6,112.6,110.8,127.7,127.7,113.9,109.3,115.7,111.6,524.6,143.7,1.5,16.9
2025-04-28 08:09:40,32.5,115.9,112.9,111.4,128.1,128.0,114.1,109.5,115.8,111.9,525.2,144.5,1.2,16.9
2025-04-28 08:09:45,33.2,116.3,113.0,111.5,128.2,128.2,114.5,109.9,116.1,112.1,525.6,144.6,1.1,16.9
2025-04-28 08:09:50,35.6,116.5,113.3,111.8,128.5,128.7,114.5,110.2,116.4,112.3,526.3,144.9,1.0,16.9
2025-04-28 08:09:55,37.7,116.8,113.6,112.1,128.9,128.9,115.0,110.6,116.9,112.7,527.3,145.2,1.8,17.0
2025-04-28 08:10:00,40.8,116.9,113.8,112.4,129.2,129.1,115.2,110.7,117.0,112.8,528.0,145.6,1.5,17.0
2025-04-28 08:10:05,45.4,117.3,113.9,112.7,129.5,129.2,115.4,110.9,117.0,113.2,528.4,145.7,1.4,17.0
2025-04-28 08:10:10,49.4,117.5,114.3,113.0,129.6,129.4,115.4,111.1,117.2,113.3,528.4,146.0,1.5,17.0
2025-04-28 08:10:15,54.6,117.7,114.5,113.1,129.7,129.5,115.7,111.2,117.5,113.7,528.9,146.4,1.2,16.9
2025-04-28 08:10:20,59.1,117.8,114.8,113.2,129.9,129.8,116.0,111.5,117.8,113.9,529.1,146.6,1.1,16.9
2025-04-28 08:10:25,63.3,118.3,115.2,113.5,130.1,130.1,116.1,111.9,118.0,114.1,529.6,147.2,0.9,17.0
2025-04-28 08:10:30,66.4,118.7,115.2,113.7,130.3,130.3,116.5,112.1,118.4,114.2,530.3,147.4,0.9,17.0
2025-04-28 08:10:35,70.7,118.9,115.4,114.0,130.6,130.6,116.6,112.3,118.5,114.4,529.6,147.6,0.9,17.0
2025-04-28 08:10:40,75.2,119.2,115.6,114.1,130.9,130.8,116.8,112.6,119.0,114.8,531.7,147.9,1.2,17.0
2025-04-28 08:10:45,80.6,119.4,116.1,114.5,131.1,131.0,116.9,112.8,119.3,115.0,531.6,148.3,1.3,17.0
2025-04-28 08:10:50,84.2,119.5,116.3,114.7,131.2,131.3,117.4,112.9,119.5,115.4,532.1,148.7,1.1,17.0
2025-04-28 08:10:55,88.9,119.6,116.7,114.8,131.3,131.4,117.6,113.2,119.9,115.6,532.7,149.0,0.9,17.0
2025-04-28 08:11:00,91.9,119.9,116.8,115.0,131.8,131.7,117.8,113.4,120.1,115.9,532.8,149.4,1.3,17.1
2025-04-28 08:11:05,95.0,120.2,117.0,115.0,132.1,132.0,118.3,113.7,120.3,116.0,533.2,149.6,1.4,17.1
2025-04-28 08:11:10,96.7,120.2,117.1,115.3,132.2,132.3,118.4,114.0,120.6,116.5,534.0,150.0,1.4,17.1
2025-04-28 08:11:15,98.8,120.4,117.3,115.5,132.6,132.5,118.7,114.2,120.9,116.6,533.8,150.2,1.3,17.1
2025-04-28 08:11:20,100.9,120.7,117.5,115.7,132.7,132.8,118.8,114.4,121.2,116.9,534.3,150.2,1.0,17.1
2025-04-28 08:11:25,102.2,121.2,117.7,116.0,133.2,133.1,119.1,114.7,121.6,117.2,534.5,150.6,0.8,17.2
2025-04-28 08:11:30,103.2,121.4,118.0,116.3,133.6,133.5,119.5,115.0,121.9,117.4,536.0,151.1,0.6,17.2
2025-04-28 08:11:35,104.2,121.7,118.3,116.4,133.8,133.6,119.5,115.0,122.0,117.7,536.2,151.3,0.5,17.2
2025-04-28 08:11:40,104.8,122.0,118.5,116.6,134.4,134.3,120.3,115.6,122.3,118.0,536.2,151.7,0.4,17.2
2025-04-28 08:11:45,106.0,122.2,118.8,116.8,134.9,134.6,120.3,115.9,122.8,118.3,537.1,151.9,0.7,17.2
2025-04-28 08:11:50,107.8,122.5,119.1,117.2,135.1,134.7,120.6,116.1,122.8,118.5,537.1,152.4,1.0,17.3
2025-04-28 08:11:55,108.7,122.6,119.1,117.6,135.4,134.9,120.8,116.3,123.1,118.8,537.5,152.7,1.0,17.3
2025-04-28 08:12:00,109.2,122.6,119.3,117.9,135.6,135.0,121.0,116.3,123.2,119.0,538.1,153.0,1.0,17.3
2025-04-28 08:12:05,111.3,122.7,119.6,118.1,135.8,135.1,121.4,116.6,123.4,119.4,538.7,153.1,1.5,17.3
2025-04-28 08:12:10,112.1,122.7,119.9,118.3,135.7,135.1,121.6,116.8,123.6,119.6,538.4,153.4,1.6,17.3
2025-04-28 08:12:15,112.5,122.8,120.2,118.4,135.9,135.5,121.8,117.1,123.8,119.9,539.2,153.6,1.7,17.3
2025-04-28 08:12:20,113.3,123.1,120.5,118.6,136.1,135.7,122.0,117.1,124.1,120.0,539.9,154.1,1.4,17.3
2025-04-28 08:12:25,114.0,123.4,120.6,118.9,136.3,135.8,122.1,117.4,124.5,119.9,539.5,154.3,1.3,17.4
2025-04-28 08:12:30,114.8,123.7,120.8,118.9,136.5,136.1,122.3,117.6,124.6,120.3,539.4,154.5,1.5,17.4
2025-04-28 08:12:35,115.5,124.0,121.1,119.3,136.7,136.4,122.6,117.6,124.7,120.5,540.2,154.7,1.5,17.4
2025-04-28 08:12:40,116.5,124.1,121.2,119.5,136.9,136.5,122.6,117.9,125.2,120.7,540.3,155.2,1.1,17.4
2025-04-28 08:12:45,117.3,124.6,121.5,119.8,137.5,136.7,122.8,118.2,125.3,120.9,540.1,155.4,1.2,17.4
2025-04-28 08:12:50,118.2,124.7,121.8,120.0,137.7,137.0,123.0,118.3,125.4,121.3,541.0,155.7,1.1,17.4
2025-04-28 08:12:55,118.9,125.2,122.0,120.1,138.1,137.3,123.6,118.5,125.7,121.5,541.3,155.9,1.0,17.4
2025-04-28 08:13:00,120.2,125.3,122.1,120.2,138.2,137.7,123.9,119.0,126.3,121.9,542.2,156.4,0.8,17.4
2025-04-28 08:13:05,121.0,125.6,122.5,120.5,138.4,138.0,124.1,119.4,126.5,122.0,543.2,156.4,0.8,17.4
2025-04-28 08:13:10,122.5,126.1,123.0,120.8,138.7,138.1,124.4,119.4,126.7,122.5,543.8,156.9,0.7,17.5
2025-04-28 08:13:15,123.0,126.6,123.4,121.2,138.9,138.3,124.6,119.7,126.8,122.6,544.0,157.2,0.7,17.5
2025-04-28 08:13:20,125.0,126.8,123.5,121.2,139.1,138.5,124.7,120.0,127.1,123.0,545.4,157.6,1.4,17.5
2025-04-28 08:13:25,125.9,127.0,123.8,122.1,139.5,139.0,124.9,120.3,127.7,123.2,545.2,158.0,1.9,17.5
2025-04-28 08:13:30,127.1,127.2,123.9,122.5,139.9,139.4,125.4,120.6,127.9,123.5,546.1,158.4,1.9,17.5
2025-04-28 08:13:35,128.1,127.6,124.1,122.7,140.4,139.6,125.5,120.8,128.2,123.9,546.5,158.8,1.4,17.5
2025-04-28 08:13:40,129.2,127.8,124.3,122.9,140.6,140.1,125.7,121.1,128.4,124.2,547.4,159.2,1.3,17.5
2025-04-28 08:13:45,129.7,127.9,124.6,123.2,140.8,140.4,126.1,121.5,128.8,124.6,548.4,159.7,1.2,17.5
2025-04-28 08:13:50,131.5,128.2,124.8,123.4,141.5,140.6,126.3,121.9,129.1,124.8,548.5,159.9,0.8,17.5
2025-04-28 08:13:55,132.0,128.3,125.2,123.8,141.8,140.9,126.9,122.1,129.5,125.0,549.2,160.3,0.6,17.5
2025-04-28 08:14:00,132.4,128.7,125.5,123.9,142.0,141.0,127.1,122.3,129.6,125.2,549.5,160.4,0.5,17.5
2025-04-28 08:14:05,132.7,128.9,125.7,124.3,142.1,141.3,127.2,122.5,130.1,125.7,549.8,161.0,0.4,17.5
2025-04-28 08:14:10,133.0,129.3,125.9,124.6,142.6,141.5,127.7,122.8,130.3,125.8,550.7,161.3,0.6,17.5
2025-04-28 08:14:15,133.4,129.6,126.3,124.6,142.9,141.9,127.9,122.9,130.6,126.1,551.0,161.6,1.0,17.5
2025-04-28 08:14:20,133.5,129.7,126.7,124.8,143.0,142.0,128.3,123.1,130.9,126.4,551.3,162.0,1.0,17.5
2025-04-28 08:14:25,133.5,130.1,126.8,124.7,143.0,142.4,128.5,123.4,131.1,126.7,552.5,162.3,0.9,17.6
2025-04-28 08:14:30,133.8,130.2,127.1,125.3,143.4,142.9,128.6,123.6,131.2,126.9,552.6,162.7,0.8,17.6
2025-04-28 08:14:35,134.3,130.6,127.5,125.7,143.7,143.3,128.8,123.9,131.5,127.2,552.8,163.0,1.0,17.6
2025-04-28 08:14:40,134.4,131.0,127.6,126.0,143.9,143.5,129.2,124.2,131.9,127.4,553.4,163.4,1.1,17.6
2025-04-28 08:14:45,134.4,131.4,127.9,126.2,144.3,143.7,129.4,124.5,132.0,127.7,553.5,163.7,1.3,17.6
2025-04-28 08:14:50,134.7,131.7,128.2,126.4,144.5,144.0,129.7,124.8,132.5,128.0,554.0,163.8,1.4,17.6
2025-04-28 08:14:55,135.0,131.9,128.5,126.6,144.8,144.4,129.9,125.0,132.6,128.2,554.7,164.2,1.4,17.6
2025-04-28 08:15:00,135.1,131.9,128.6,126.8,145.2,144.5,130.2,125.3,133.0,128.5,555.4,164.4,1.5,17.6
2025-04-28 08:15:05,135.3,132.2,128.7,127.0,145.5,144.9,130.4,125.5,133.3,128.8,555.6,164.9,1.3,17.6
2025-04-28 08:15:10,135.6,132.5,129.1,127.3,146.0,145.1,130.7,125.7,133.6,129.1,556.1,165.1,1.2,17.7
2025-04-28 08:15:15,136.0,132.7,129.4,127.5,146.2,145.5,131.0,126.0,133.8,129.3,556.5,165.4,1.5,17.7
2025-04-28 08:15:20,136.2,133.0,129.6,127.8,146.4,145.8,131.2,126.1,133.9,129.5,556.9,165.7,1.6,17.7
2025-04-28 08:15:25,136.6,133.2,130.0,128.4,146.6,146.0,131.5,126.5,134.5,129.9,557.6,166.1,1.5,17.7
2025-04-28 08:15:30,136.7,133.5,130.2,128.6,146.8,146.2,131.7,126.9,134.7,130.0,557.7,166.2,1.5,17.7
2025-04-28 08:15:35,137.0,133.9,130.4,128.8,147.0,146.7,132.2,127.0,135.0,130.2,557.8,166.6,1.5,17.7
2025-04-28 08:15:40,137.3,134.3,130.7,129.1,147.4,146.9,132.2,127.3,135.3,130.6,558.2,166.9,1.3,17.7
2025-04-28 08:15:45,137.4,134.4,130.8,129.2,147.6,147.0,132.3,127.5,135.3,130.9,558.8,167.4,1.4,17.7
2025-04-28 08:15:50,137.5,134.8,131.1,129.5,148.2,147.3,132.8,127.8,135.6,131.1,559.3,167.8,1.7,17.8
2025-04-28 08:15:55,137.8,134.9,131.4,129.5,148.2,147.5,132.9,128.0,136.0,131.3,559.4,167.8,1.6,17.8
2025-04-28 08:16:00,137.9,134.9,131.4,129.7,148.4,147.7,132.9,128.1,136.3,131.5,559.7,168.0,1.4,17.8
2025-04-28 08:16:05,138.1,135.3,131.6,130.0,148.6,148.0,133.1,128.5,136.4,131.9,560.2,168.5,1.4,17.8
2025-04-28 08:16:10,138.4,135.9,132.0,130.3,148.9,148.1,133.3,128.8,136.7,132.0,560.0,168.6,1.5,17.8
2025-04-28 08:16:15,138.8,135.9,132.2,130.5,149.3,148.6,133.7,129.1,136.9,132.3,560.6,169.0,2.1,17.8
2025-04-28 08:16:20,139.0,136.0,132.6,131.0,149.6,148.8,134.0,129.3,137.1,132.6,561.1,169.2,1.8,17.8
2025-04-28 08:16:25,139.2,136.0,133.0,131.0,149.7,149.0,134.1,129.5,137.4,132.9,561.4,169.9,1.4,17.8
2025-04-28 08:16:30,139.5,136.2,133.1,131.4,150.2,149.7,134.3,129.9,137.8,133.1,561.7,170.2,1.0,17.8
2025-04-28 08:16:35,139.6,136.7,133.4,131.8,150.7,150.0,134.9,130.1,138.1,133.5,562.7,170.5,1.0,17.8
2025-04-28 08:16:40,139.9,137.0,133.5,132.1,151.0,150.3,135.1,130.6,138.3,133.8,563.3,170.8,1.2,17.8
2025-04-28 08:16:45,140.2,137.2,134.0,132.5,151.3,150.6,135.5,131.0,138.6,134.2,564.3,171.4,1.2,17.8
2025-04-28 08:16:50,140.6,137.3,134.4,132.7,151.8,151.0,136.1,131.2,138.9,134.3,564.5,171.6,1.2,17.8
2025-04-28 08:16:55,141.0,137.8,134.5,133.2,152.2,151.2,136.5,131.5,139.3,134.9,565.0,172.2,0.9,17.8
2025-04-28 08:17:00,141.2,138.0,134.6,133.3,152.5,151.4,136.6,131.9,139.5,134.9,565.6,172.5,0.8,17.8
2025-04-28 08:17:05,141.5,138.2,134.8,133.3,152.6,151.5,136.5,131.9,139.9,135.1,566.7,172.8,0.8,17.8
2025-04-28 08:17:10,141.8,138.3,135.2,133.7,153.2,151.9,137.1,132.4,140.5,135.6,566.9,173.2,0.7,17.8
2025-04-28 08:17:15,142.0,138.5,135.6,134.0,153.6,152.1,137.6,132.6,140.7,135.7,567.3,173.5,0.7,17.8
2025-04-28 08:17:20,142.3,139.0,135.8,134.4,153.8,152.3,137.7,132.7,141.2,136.0,567.8,173.8,0.7,17.8
2025-04-28 08:17:25,142.6,139.2,136.1,134.6,154.0,152.6,137.9,133.1,141.4,136.3,568.2,174.2,0.5,17.9
2025-04-28 08:17:30,142.7,139.3,136.3,134.7,154.1,153.0,138.1,133.4,141.6,136.6,569.0,174.6,0.7,17.9
2025-04-28 08:17:35,142.9,139.6,136.4,135.0,154.5,153.4,138.5,133.6,141.9,136.9,569.3,174.9,1.0,17.9
2025-04-28 08:17:40,143.2,139.7,136.7,135.1,154.8,153.4,138.7,133.7,142.4,137.1,569.6,175.2,1.2,17.9
2025-04-28 08:17:45,143.4,139.9,136.9,135.4,155.2,153.7,138.8,134.1,142.5,137.4,570.2,175.5,1.2,17.9
2025-04-28 08:17:50,143.6,140.2,137.2,135.9,155.4,153.9,139.0,134.1,142.7,137.5,570.1,175.7,1.1,17.9
2025-04-28 08:17:55,143.7,140.5,137.3,136.2,155.5,154.1,139.2,134.5,142.9,137.7,569.8,176.0,1.0,17.9
2025-04-28 08:18:00,144.1,140.8,137.7,136.4,155.8,154.5,139.5,134.7,143.0,138.1,570.4,176.5,1.6,17.9
2025-04-28 08:18:05,144.2,141.1,138.0,136.5,156.1,154.9,139.8,135.0,143.2,138.3,570.5,176.7,1.7,18.0
2025-04-28 08:18:10,144.4,141.2,138.1,136.8,156.3,155.2,140.0,135.2,143.6,138.6,571.4,177.1,2.2,18.0
2025-04-28 08:18:15,144.7,141.8,138.4,137.1,156.5,155.4,140.4,135.5,143.9,139.0,572.1,177.6,2.0,18.0
2025-04-28 08:18:20,144.7,141.9,138.6,137.5,157.0,155.6,140.7,135.7,144.1,139.4,573.2,177.8,1.8,18.0
2025-04-28 08:18:25,145.0,142.2,139.0,137.8,157.5,155.9,140.8,136.2,144.3,139.7,573.6,178.2,1.8,18.0
2025-04-28 08:18:30,145.3,142.6,139.0,138.3,158.0,156.1,141.1,136.3,144.6,140.0,573.7,178.5,1.8,18.0
2025-04-28 08:18:35,145.5,143.0,139.4,138.4,158.4,156.4,141.6,136.6,144.8,140.1,573.7,178.8,1.7,18.0
2025-04-28 08:18:40,145.8,143.2,139.8,138.6,158.7,156.8,141.7,137.1,145.1,140.4,574.3,179.2,2.4,18.0
2025-04-28 08:18:45,146.0,143.4,140.2,138.7,158.9,157.2,141.7,137.3,145.4,140.8,575.2,179.5,2.4,18.0
2025-04-28 08:18:50,146.2,143.6,140.5,139.0,159.0,157.3,142.0,137.6,145.5,140.9,575.2,179.9,2.3,18.0
2025-04-28 08:18:55,146.2,144.1,140.7,139.1,159.4,157.6,142.4,137.9,145.8,141.3,575.9,180.2,1.9,18.0
2025-04-28 08:19:00,146.4,144.3,140.9,139.4,159.9,157.8,142.9,138.2,146.0,141.5,576.1,180.5,1.6,18.0
2025-04-28 08:19:05,146.6,144.6,141.1,139.5,159.9,158.0,143.1,138.2,146.4,141.7,576.3,180.7,1.4,18.0
2025-04-28 08:19:10,147.0,144.7,141.3,139.9,160.2,158.3,143.3,138.4,146.7,142.0,576.8,181.1,1.5,18.0
2025-04-28 08:19:15,147.1,144.8,141.5,140.2,160.5,158.5,143.5,138.5,146.8,142.3,577.5,181.6,1.5,18.0
2025-04-28 08:19:20,147.6,145.1,141.9,140.6,160.9,158.9,143.8,139.1,147.3,142.7,577.8,181.9,1.7,18.0
2025-04-28 08:19:25,147.9,145.5,142.2,140.9,161.0,159.3,144.2,139.4,147.7,142.8,577.8,182.3,1.4,18.0
2025-04-28 08:19:30,148.6,146.1,142.5,141.6,161.4,160.0,144.8,139.5,147.9,143.0,578.8,182.7,1.3,18.0
2025-04-28 08:19:35,148.7,146.8,142.7,141.7,161.5,160.2,145.0,139.8,148.2,143.4,580.0,183.1,1.3,18.0
2025-04-28 08:19:40,148.8,146.9,143.0,142.0,161.9,160.5,145.3,140.0,148.8,143.6,580.6,183.1,1.6,18.0
2025-04-28 08:19:45,149.2,147.5,143.2,142.1,162.3,160.8,145.6,140.5,149.1,144.2,581.8,183.7,2.1,18.0
2025-04-28 08:19:50,149.4,147.8,143.9,142.5,162.8,161.5,145.6,140.6,149.3,144.5,582.2,183.9,3.0,18.0
2025-04-28 08:19:55,149.6,147.7,144.2,142.5,163.0,161.6,145.8,140.8,149.5,144.8,582.8,184.7,4.1,18.0
2025-04-28 08:20:00,150.1,147.8,144.4,142.9,163.3,161.9,146.3,141.1,149.8,145.1,583.2,185.0,3.7,17.9
2025-04-28 08:20:05,150.3,147.8,144.6,143.1,163.6,162.2,146.6,141.1,149.9,145.3,583.6,185.2,3.5,17.9
2025-04-28 08:20:10,150.5,148.1,145.1,143.4,163.7,162.3,146.8,141.2,150.0,145.5,583.9,185.3,3.3,17.8
2025-04-28 08:20:15,150.7,148.3,145.5,143.6,163.7,162.5,147.1,141.8,150.4,145.8,584.2,185.6,2.9,17.8
2025-04-28 08:20:20,150.8,148.5,145.6,144.0,163.9,162.8,147.2,141.9,150.7,146.0,583.5,185.8,2.5,17.8
2025-04-28 08:20:25,150.9,148.8,145.7,144.4,164.5,163.1,147.5,142.1,150.8,146.4,585.5,186.2,2.1,17.7
2025-04-28 08:20:30,151.0,149.1,145.9,144.8,164.6,163.5,147.8,142.2,151.1,146.5,585.2,186.6,2.2,17.7
2025-04-28 08:20:35,151.1,149.4,146.1,145.1,164.7,163.6,147.9,142.6,151.3,146.9,585.9,187.2,1.8,17.7
2025-04-28 08:20:40,151.5,149.8,146.6,145.1,165.1,163.7,148.4,142.7,151.5,147.1,586.0,187.4,1.6,17.7
2025-04-28 08:20:45,151.9,150.1,146.7,145.5,165.5,164.1,148.5,143.2,151.8,147.4,586.2,187.9,2.1,17.7
2025-04-28 08:20:50,152.1,150.1,147.0,145.9,165.7,164.2,148.7,143.4,152.2,147.6,586.4,188.4,2.4,17.7
2025-04-28 08:20:55,152.5,150.3,147.2,145.9,165.7,164.5,148.9,143.6,152.5,147.9,586.5,188.7,3.0,17.7
2025-04-28 08:21:00,152.8,150.6,147.9,146.0,165.9,164.8,149.2,144.1,152.8,148.0,587.2,188.8,2.9,17.7
2025-04-28 08:21:05,153.2,150.8,148.4,146.4,166.1,165.2,149.6,144.4,153.0,148.6,588.0,189.4,3.1,17.6
2025-04-28 08:21:10,153.5,151.3,148.8,146.7,166.5,165.7,149.9,144.9,153.2,148.9,589.0,189.7,2.5,17.6
2025-04-28 08:21:15,154.2,151.8,149.1,147.0,166.7,165.8,149.9,144.9,153.5,149.0,589.1,190.0,2.0,17.6
2025-04-28 08:21:20,154.4,152.1,149.2,147.3,167.4,166.3,150.6,145.2,153.9,149.3,589.6,190.3,1.6,17.6
2025-04-28 08:21:25,154.6,152.4,149.3,147.6,168.1,166.5,150.8,145.4,154.1,149.5,590.1,190.6,1.3,17.6
2025-04-28 08:21:30,154.9,152.4,149.4,147.7,168.3,166.7,151.0,145.7,154.6,149.8,590.9,190.9,1.0,17.6
2025-04-28 08:21:35,155.1,152.6,149.5,147.9,168.5,166.8,151.0,145.9,154.7,150.0,590.6,191.3,0.9,17.6
2025-04-28 08:21:40,155.2,152.7,149.7,148.1,168.7,167.1,151.3,146.2,155.0,150.1,590.8,191.5,0.8,17.6
2025-04-28 08:21:45,155.5,152.8,149.9,148.5,169.1,167.3,151.6,146.4,155.6,150.5,591.4,192.0,1.3,17.6
2025-04-28 08:21:50,155.7,153.1,150.2,148.8,169.3,167.5,151.9,146.7,155.7,150.6,592.0,192.1,1.4,17.6
2025-04-28 08:21:55,155.7,153.7,150.5,149.0,169.5,167.8,152.2,146.8,155.9,151.0,592.1,192.6,1.9,17.6
2025-04-28 08:22:00,156.0,153.9,150.9,149.1,169.9,168.0,152.5,147.3,156.3,151.2,592.7,192.7,2.3,17.6
2025-04-28 08:22:05,156.1,154.3,151.3,149.3,170.0,168.4,152.6,147.5,156.3,151.5,592.9,193.2,1.9,17.7
2025-04-28 08:22:10,156.4,154.7,151.5,149.6,170.1,168.7,152.8,147.6,156.6,151.8,592.9,193.5,1.6,17.7
2025-04-28 08:22:15,156.7,154.9,151.7,149.8,170.6,168.9,153.2,147.7,156.8,152.2,594.4,193.9,1.3,17.7
2025-04-28 08:22:20,156.6,155.5,152.1,150.1,170.8,169.1,153.4,148.1,157.1,152.4,593.9,194.3,1.4,17.7
2025-04-28 08:22:25,157.2,156.5,152.1,150.4,171.0,169.4,153.6,148.6,157.4,152.6,594.0,194.5,1.4,17.7
2025-04-28 08:22:30,157.5,156.6,152.2,151.0,171.3,169.6,153.9,148.9,157.8,152.8,594.5,195.0,1.4,17.7
2025-04-28 08:22:35,157.6,156.7,152.6,151.4,171.8,169.9,154.2,149.1,158.1,153.2,595.0,195.3,1.7,17.7
2025-04-28 08:22:40,157.8,156.7,152.7,151.7,172.2,170.1,154.5,149.4,158.3,153.4,595.2,195.7,1.5,17.7
2025-04-28 08:22:45,158.2,156.8,153.1,151.7,172.5,170.4,154.8,149.8,158.6,153.7,596.2,196.0,1.7,17.7
2025-04-28 08:22:50,158.4,157.0,153.5,152.0,172.9,170.6,155.0,149.9,158.8,154.0,596.2,196.4,2.8,17.7
2025-04-28 08:22:55,158.7,157.5,153.7,152.2,172.9,170.9,155.1,150.2,159.0,154.3,597.1,196.7,2.5,17.7
2025-04-28 08:23:00,159.3,157.8,153.9,152.3,173.0,171.1,155.3,150.1,159.3,154.7,597.5,197.2,2.5,17.7
2025-04-28 08:23:05,159.4,158.0,154.1,152.6,173.6,171.4,155.5,150.6,159.5,154.9,598.6,197.5,2.2,17.7
2025-04-28 08:23:10,159.5,158.0,154.2,152.9,173.9,171.8,155.5,150.6,159.7,155.2,598.4,197.9,2.2,17.6
2025-04-28 08:23:15,159.6,158.0,154.4,152.9,174.0,172.2,156.0,151.2,160.2,155.5,599.6,198.0,2.0,17.6
2025-04-28 08:23:20,159.9,158.6,154.9,153.2,174.3,172.4,156.6,151.5,160.3,155.8,599.8,198.5,2.6,17.6
2025-04-28 08:23:25,160.1,159.1,155.4,153.3,174.7,172.7,156.8,151.8,160.8,155.8,599.7,198.6,2.9,17.6
2025-04-28 08:23:30,160.2,159.3,155.5,153.7,174.8,173.1,156.8,152.2,161.3,156.3,600.4,198.8,2.8,17.6
2025-04-28 08:23:35,160.4,159.2,155.8,153.9,175.0,173.5,157.3,152.6,161.6,156.5,601.0,199.4,2.5,17.6
2025-04-28 08:23:40,160.5,159.5,156.2,154.1,175.6,174.0,157.8,152.7,161.7,156.8,601.6,199.5,2.2,17.6
2025-04-28 08:23:45,160.9,159.7,156.4,154.4,175.9,174.1,158.1,153.0,162.4,157.1,601.7,199.9,2.5,17.6
2025-04-28 08:23:50,161.3,160.3,157.0,154.8,176.3,174.4,158.2,153.1,162.4,157.3,602.0,200.4,2.4,17.6
2025-04-28 08:23:55,161.7,160.5,157.2,155.0,176.4,174.4,158.5,153.3,162.8,157.6,602.3,200.5,2.8,17.5
2025-04-28 08:24:00,162.0,161.1,157.5,155.5,176.5,174.6,158.7,153.6,162.8,157.7,602.3,201.0,2.8,17.5
2025-04-28 08:24:05,162.2,161.4,157.5,155.5,176.6,174.7,158.7,153.7,163.1,158.1,603.0,201.4,2.9,17.5
2025-04-28 08:24:10,162.4,161.8,157.8,155.7,176.9,175.3,158.8,153.9,163.3,158.3,603.5,201.6,2.4,17.5
2025-04-28 08:24:15,162.6,161.8,158.0,155.9,177.2,175.5,159.1,154.1,163.6,158.5,603.2,201.9,3.4,17.5
2025-04-28 08:24:20,162.8,161.9,158.4,156.2,177.5,175.7,159.3,154.3,163.9,158.7,603.8,202.1,3.1,17.5
2025-04-28 08:24:25,163.1,162.0,158.7,156.3,177.7,175.9,159.8,154.5,164.3,159.0,603.6,202.4,2.7,17.5
2025-04-28 08:24:30,163.3,162.2,158.8,156.6,177.8,176.4,160.2,155.0,164.4,159.2,603.8,202.7,2.6,17.5
2025-04-28 08:24:35,163.6,162.4,159.1,156.9,178.0,176.6,160.3,155.2,164.5,159.5,604.7,202.9,2.2,17.5
2025-04-28 08:24:40,163.8,162.8,159.4,157.1,178.2,177.0,160.7,155.5,165.0,159.8,605.7,203.3,2.2,17.5
2025-04-28 08:24:45,164.2,163.4,159.7,157.3,178.4,177.1,160.9,155.6,165.2,160.3,606.8,203.9,1.8,17.5
2025-04-28 08:24:50,164.5,163.7,159.8,158.1,179.2,177.6,161.5,155.9,165.7,160.5,606.7,204.3,1.5,17.5
2025-04-28 08:24:55,164.8,164.0,160.0,158.2,179.5,177.9,161.6,156.3,166.0,160.9,607.5,204.7,1.3,17.5
2025-04-28 08:25:00,165.1,164.0,160.0,158.4,179.8,178.0,162.1,156.7,166.4,161.1,607.7,204.9,1.1,17.5
2025-04-28 08:25:05,165.3,164.1,160.3,158.5,180.2,178.2,162.1,156.9,166.7,161.4,608.3,205.2,1.0,17.5
2025-04-28 08:25:10,165.5,164.1,160.5,158.8,180.3,178.5,162.2,157.1,166.9,161.6,608.6,205.4,1.0,17.5
2025-04-28 08:25:15,165.7,164.6,160.8,159.1,180.4,178.8,162.6,157.2,167.2,162.0,609.0,205.7,1.0,17.6
2025-04-28 08:25:20,166.0,164.8,161.1,159.4,180.6,178.9,162.8,157.5,167.3,162.1,609.2,206.1,1.2,17.6
2025-04-28 08:25:25,166.3,165.2,161.5,159.6,180.9,179.3,163.0,157.8,167.5,162.4,609.1,206.5,1.1,17.6
2025-04-28 08:25:30,166.6,165.5,161.7,160.1,181.1,179.8,163.1,158.0,167.8,162.5,609.5,206.8,1.3,17.6
2025-04-28 08:25:35,167.0,165.8,161.8,160.4,181.5,180.2,163.5,158.4,168.1,162.9,610.0,207.2,1.2,17.6
2025-04-28 08:25:40,167.0,165.8,161.9,160.5,182.0,180.2,163.7,158.5,168.5,163.3,610.8,207.6,1.9,17.7
2025-04-28 08:25:45,167.2,166.0,162.2,160.8,182.3,180.4,164.0,158.9,168.9,163.6,611.2,207.8,1.8,17.7
2025-04-28 08:25:50,167.4,166.4,162.3,160.9,182.4,180.5,164.2,159.2,169.1,164.0,611.7,208.1,1.7,17.7
2025-04-28 08:25:55,167.7,166.9,162.4,161.0,182.8,180.9,164.5,159.2,169.4,164.2,612.4,208.1,1.2,17.7
2025-04-28 08:26:00,167.9,167.1,162.8,161.4,183.0,181.3,164.7,159.5,169.8,164.3,612.2,208.3,1.1,17.7
2025-04-28 08:26:05,168.2,167.4,163.1,161.8,183.0,181.4,164.8,159.6,169.7,164.6,611.9,208.7,1.5,17.7
2025-04-28 08:26:10,168.5,167.6,163.3,162.1,183.6,182.0,165.3,159.8,170.0,164.7,612.2,209.1,1.3,17.7
2025-04-28 08:26:15,168.7,167.8,163.6,162.3,183.8,182.3,165.6,160.2,170.1,164.9,611.7,209.4,1.2,17.8
2025-04-28 08:26:20,169.0,168.3,163.8,162.6,183.9,182.3,165.8,160.3,170.5,165.1,613.0,209.7,0.9,17.8
2025-04-28 08:26:25,169.4,168.6,164.0,162.9,184.1,182.6,166.0,160.6,170.7,165.4,613.6,209.9,0.8,17.8
2025-04-28 08:26:30,169.5,168.7,164.1,163.1,184.3,182.6,166.2,160.5,171.1,165.9,613.9,210.4,0.8,17.8
2025-04-28 08:26:35,169.8,169.1,164.4,163.4,184.5,183.1,166.4,160.9,171.6,166.1,614.4,210.7,1.1,17.8
2025-04-28 08:26:40,170.3,169.5,164.8,163.7,184.8,183.3,166.5,161.1,171.9,166.3,614.4,211.0,2.0,17.8
2025-04-28 08:26:45,170.4,169.7,165.3,164.1,185.0,183.6,166.8,161.2,172.0,166.4,614.5,211.6,2.1,17.9
2025-04-28 08:26:50,170.8,169.9,165.7,164.3,185.2,183.9,167.3,161.9,172.5,166.7,615.0,211.8,2.0,17.9
2025-04-28 08:26:55,170.8,170.0,165.8,164.6,185.7,184.1,167.5,162.1,172.8,166.8,614.4,212.2,1.8,17.9
2025-04-28 08:27:00,171.2,170.0,166.3,164.8,185.9,184.2,167.6,162.4,172.9,167.1,615.1,212.6,1.6,17.9
2025-04-28 08:27:05,171.4,170.4,166.4,165.3,186.0,184.5,167.9,162.8,173.2,167.4,615.4,212.8,1.4,17.9
2025-04-28 08:27:10,171.4,170.6,166.4,165.4,186.3,184.6,168.2,163.1,173.6,167.8,616.7,213.0,1.6,18.0
2025-04-28 08:27:15,171.8,171.1,166.6,165.5,186.6,184.9,168.5,163.3,173.8,168.0,617.3,213.3,1.5,18.0
2025-04-28 08:27:20,172.3,171.5,166.8,165.9,186.7,185.1,168.6,163.5,174.0,168.3,617.9,213.6,1.3,18.0
2025-04-28 08:27:25,172.5,171.8,166.7,166.1,187.0,185.5,168.9,163.6,174.2,168.6,618.0,213.8,2.1,18.0
2025-04-28 08:27:30,172.7,172.0,167.1,166.2,187.2,185.9,169.3,163.9,175.0,169.1,618.3,214.3,3.2,18.0
2025-04-28 08:27:35,173.0,171.9,167.5,166.4,187.6,186.4,169.4,164.0,175.0,169.1,618.6,214.6,3.1,18.0
2025-04-28 08:27:40,173.0,172.2,167.9,166.7,187.8,186.6,169.6,164.2,175.2,169.4,619.3,215.2,3.0,18.0
2025-04-28 08:27:45,173.1,172.5,168.2,167.1,188.0,186.9,170.0,164.5,175.5,169.6,618.6,215.6,2.9,18.0
2025-04-28 08:27:50,173.4,172.9,168.6,167.0,188.2,186.9,170.2,164.7,175.7,170.0,619.4,215.8,2.3,17.9
2025-04-28 08:27:55,173.8,173.2,168.7,167.9,188.6,187.5,170.4,164.8,176.1,170.2,618.6,216.2,2.0,17.9
2025-04-28 08:28:00,174.0,173.7,169.0,168.2,188.8,187.6,170.6,165.2,176.0,170.6,619.4,216.5,1.5,17.9
2025-04-28 08:28:05,174.3,174.2,169.0,168.4,189.1,187.8,171.0,165.9,176.3,170.8,620.3,216.9,1.2,17.9
2025-04-28 08:28:10,174.5,174.8,169.3,168.6,189.5,188.1,171.1,166.1,176.4,170.9,620.1,217.2,1.0,18.0
2025-04-28 08:28:15,174.5,175.1,169.5,169.0,190.0,188.6,171.5,166.5,176.7,171.2,620.6,217.4,0.9,18.0
2025-04-28 08:28:20,174.8,174.8,169.5,169.7,190.2,188.8,171.7,166.6,177.1,171.7,621.5,217.7,1.3,18.0
2025-04-28 08:28:25,175.2,175.1,169.9,170.1,190.4,189.3,172.0,166.8,177.5,171.9,621.5,218.4,1.7,18.0
2025-04-28 08:28:30,175.3,175.6,170.4,170.2,190.7,189.5,172.1,167.0,177.7,172.2,621.8,219.0,2.1,18.0
2025-04-28 08:28:35,175.5,175.7,170.6,170.7,191.2,190.1,172.6,167.3,178.0,172.6,623.5,219.0,2.1,18.0
2025-04-28 08:28:40,175.8,175.8,170.8,171.0,191.3,190.3,173.1,167.5,178.1,172.9,623.3,219.5,2.0,18.0
2025-04-28 08:28:45,175.9,175.9,170.9,171.1,191.6,190.5,173.3,167.8,178.4,173.2,623.5,219.9,1.9,18.0
2025-04-28 08:28:50,175.9,176.2,171.2,171.1,192.0,190.7,173.2,168.1,178.6,173.5,624.9,220.1,1.8,18.1
2025-04-28 08:28:55,176.3,176.2,171.3,171.4,192.0,190.9,173.8,168.3,178.8,173.6,624.6,220.1,2.0,18.1
2025-04-28 08:29:00,176.7,176.4,171.7,171.7,192.5,191.4,173.8,168.8,179.0,173.9,623.9,220.5,1.9,18.1
2025-04-28 08:29:05,176.9,176.7,171.8,172.0,193.0,191.7,173.9,168.8,179.2,174.0,624.2,220.7,1.7,18.1
2025-04-28 08:29:10,177.1,176.9,172.2,172.5,193.1,191.8,174.0,169.0,179.2,174.1,623.8,221.3,1.3,18.1
2025-04-28 08:29:15,177.2,177.3,172.4,172.7,193.3,192.3,174.1,169.3,179.4,174.3,624.4,221.7,1.2,18.1
2025-04-28 08:29:20,177.5,177.4,172.5,172.9,193.7,192.6,174.7,169.6,179.7,174.6,624.4,221.8,1.2,18.1
2025-04-28 08:29:25,177.7,177.3,172.7,173.2,194.1,192.8,174.9,169.6,179.9,174.9,625.4,222.1,1.1,18.1
2025-04-28 08:29:30,178.0,177.4,173.0,173.3,194.3,193.0,175.2,170.0,180.2,175.0,625.2,222.5,1.3,18.1
2025-04-28 08:29:35,178.1,177.7,173.0,173.6,194.5,193.2,175.4,170.2,180.3,175.3,625.3,222.7,1.2,18.1
2025-04-28 08:29:40,178.4,178.2,173.1,174.2,194.6,193.8,175.5,170.6,180.4,175.5,625.9,223.1,1.1,18.2
2025-04-28 08:29:45,178.6,178.5,173.5,174.3,194.9,193.8,175.9,170.8,180.7,175.9,626.3,223.4,1.1,18.2
2025-04-28 08:29:50,179.1,179.2,173.7,174.4,195.2,193.8,176.0,171.1,181.0,176.1,626.5,223.8,1.0,18.2
2025-04-28 08:29:55,179.1,179.7,173.9,174.9,195.8,194.4,176.5,171.8,181.3,176.4,626.7,224.3,1.0,18.2
2025-04-28 08:30:00,179.3,179.9,174.4,175.5,196.1,194.7,176.9,171.8,181.6,176.5,626.9,224.7,1.0,18.2
2025-04-28 08:30:05,179.4,180.2,174.7,175.8,196.7,195.0,177.2,172.1,181.9,176.8,627.7,224.9,1.0,18.2
2025-04-28 08:30:10,179.8,180.3,175.1,175.8,196.9,195.2,177.6,172.3,182.1,177.0,628.9,225.1,1.7,18.2
2025-04-28 08:30:15,180.0,180.3,175.1,176.1,197.1,195.6,177.9,172.8,182.6,177.3,628.8,225.5,2.0,18.2
2025-04-28 08:30:20,180.5,180.4,175.6,176.4,197.4,195.7,178.3,173.1,183.0,177.7,629.5,226.0,2.2,18.2
2025-04-28 08:30:25,180.7,180.8,175.9,176.6,198.0,196.0,178.4,173.4,183.3,178.1,630.3,226.4,2.1,18.2
2025-04-28 08:30:30,180.7,180.9,176.1,176.8,198.2,196.3,178.6,173.6,183.5,178.3,630.7,226.8,2.2,18.3
2025-04-28 08:30:35,181.0,181.1,176.4,177.2,198.6,196.5,178.9,174.0,183.9,178.7,630.0,227.0,1.8,18.3
2025-04-28 08:30:40,181.4,181.7,176.4,177.6,198.7,196.7,179.2,174.2,184.3,179.0,631.7,227.3,1.4,18.3
2025-04-28 08:30:45,181.7,181.9,176.8,177.6,198.9,197.1,179.7,174.4,184.5,179.2,631.8,227.6,1.2,18.3
2025-04-28 08:30:50,182.1,182.3,176.9,177.9,199.2,197.5,180.0,174.9,184.9,179.6,633.2,228.1,1.1,18.3
2025-04-28 08:30:55,182.4,182.9,177.1,178.2,199.2,197.8,180.3,175.1,185.3,179.7,633.3,228.1,1.0,18.3
2025-04-28 08:31:00,183.0,183.6,177.4,178.6,199.5,198.1,180.7,175.7,185.7,180.2,634.0,228.8,0.9,18.3
2025-04-28 08:31:05,183.1,183.7,177.9,179.0,199.7,198.6,180.8,176.0,185.9,180.6,635.1,229.1,0.8,18.3
2025-04-28 08:31:10,183.4,184.3,178.1,179.7,199.8,198.9,180.8,176.1,186.0,180.8,635.2,229.9,1.4,18.3
2025-04-28 08:31:15,183.7,184.6,178.5,180.0,200.2,199.4,181.1,176.5,186.5,180.9,635.6,230.3,2.0,18.3
2025-04-28 08:31:20,183.9,184.8,178.8,180.2,200.4,199.7,181.3,176.8,186.7,181.3,635.7,230.6,2.6,18.4
2025-04-28 08:31:25,184.1,185.0,179.0,180.4,200.7,200.0,181.7,176.9,186.9,181.6,635.9,230.9,2.7,18.3
2025-04-28 08:31:30,184.3,185.0,179.5,180.9,201.0,200.5,182.0,177.2,187.3,181.9,636.3,231.5,2.5,18.3
2025-04-28 08:31:35,184.5,185.2,179.8,181.4,201.4,201.0,182.4,177.5,187.6,181.9,636.3,231.8,2.4,18.3
2025-04-28 08:31:40,185.0,185.6,179.9,181.6,201.9,201.2,182.7,178.0,187.9,182.2,637.4,232.1,1.9,18.3
2025-04-28 08:31:45,185.0,185.9,180.1,181.7,202.2,201.1,182.9,178.3,188.1,182.6,637.2,232.4,1.7,18.4
2025-04-28 08:31:50,185.4,186.2,180.3,182.0,202.6,201.3,182.9,178.6,188.2,182.8,636.9,232.7,1.6,18.4
2025-04-28 08:31:55,185.6,186.2,180.7,182.1,203.2,201.7,183.6,178.9,188.9,182.9,637.5,233.0,1.3,18.4
2025-04-28 08:32:00,185.9,186.6,180.9,182.1,203.4,202.0,183.6,179.1,188.9,183.3,638.0,233.3,1.2,18.4
2025-04-28 08:32:05,186.2,186.7,181.0,182.4,203.5,202.1,183.9,179.1,189.2,183.5,637.9,233.6,1.0,18.4
2025-04-28 08:32:10,186.4,187.2,181.3,182.4,203.6,202.6,184.2,179.3,189.3,183.8,639.0,233.7,0.8,18.4
2025-04-28 08:32:15,186.5,187.4,181.3,182.5,203.8,202.7,184.6,179.3,189.5,184.1,638.8,234.1,0.7,18.5
2025-04-28 08:32:20,186.9,187.9,181.4,182.8,203.9,202.9,184.9,179.5,189.5,184.4,638.7,234.0,0.5,18.5
2025-04-28 08:32:25,187.1,187.8,181.7,182.9,204.1,203.0,185.1,179.9,190.2,184.7,639.7,234.2,0.5,18.5
2025-04-28 08:32:30,187.5,187.8,182.0,183.2,204.5,203.4,185.3,180.2,190.4,184.8,639.8,234.6,0.4,18.5
2025-04-28 08:32:35,187.6,188.2,182.2,183.2,204.7,203.6,185.5,180.8,190.9,185.2,640.5,234.8,0.4,18.5
2025-04-28 08:32:40,187.9,188.4,182.2,183.4,204.9,203.8,185.9,180.9,191.2,185.4,640.9,235.0,0.6,18.5
2025-04-28 08:32:45,188.0,188.6,182.5,183.7,205.0,203.8,186.3,181.1,191.3,185.8,641.1,235.3,0.6,18.5
2025-04-28 08:32:50,188.4,188.8,182.9,183.8,205.2,204.0,186.5,181.3,191.7,186.2,642.4,235.7,0.5,18.5
2025-04-28 08:32:55,188.6,189.1,182.9,184.1,205.4,204.3,186.6,181.6,191.9,186.5,642.6,236.1,0.4,18.5
2025-04-28 08:33:00,188.9,189.8,183.2,184.4,206.0,204.8,187.2,182.1,192.3,186.8,642.7,236.5,0.3,18.5
2025-04-28 08:33:05,189.2,190.1,183.5,184.7,206.4,205.2,187.6,182.3,192.5,187.1,643.1,236.7,0.3,18.6
2025-04-28 08:33:10,189.6,190.4,184.0,184.9,206.7,205.4,187.8,182.4,192.9,187.3,643.5,236.9,0.2,18.6
2025-04-28 08:33:15,189.8,190.8,184.3,185.1,207.0,205.6,188.1,182.6,193.1,187.6,643.8,237.3,0.3,18.6
2025-04-28 08:33:20,190.1,190.9,184.6,185.5,207.2,205.7,188.4,182.6,193.3,187.8,643.6,237.6,0.6,18.6
2025-04-28 08:33:25,190.3,191.6,184.7,186.1,207.3,206.0,188.5,183.1,193.5,188.1,644.1,238.4,1.1,18.6
2025-04-28 08:33:30,190.5,191.7,185.1,186.2,207.5,206.2,188.3,183.4,193.7,188.3,644.3,238.8,1.3,18.7
2025-04-28 08:33:35,190.4,191.9,185.2,186.7,207.5,206.5,188.6,183.4,193.8,188.6,644.4,239.1,1.3,18.7
2025-04-28 08:33:40,190.7,192.2,185.6,186.8,207.7,206.7,188.7,183.7,194.0,189.0,645.2,239.4,1.3,18.7
2025-04-28 08:33:45,190.8,192.3,185.8,187.1,208.2,206.9,189.1,183.9,194.4,189.3,645.2,239.8,1.3,18.7
2025-04-28 08:33:50,191.1,192.5,186.0,187.2,208.6,207.1,189.3,184.0,194.5,189.4,645.2,239.7,1.0,18.8
2025-04-28 08:33:55,191.2,192.5,186.1,187.7,208.6,207.5,189.7,184.7,195.3,189.6,646.6,240.0,0.9,18.8
2025-04-28 08:34:00,191.4,192.8,186.2,188.0,208.9,208.0,189.9,184.9,195.6,190.0,646.8,240.5,1.0,18.8
2025-04-28 08:34:05,191.4,193.6,186.3,188.4,209.0,208.0,190.2,185.1,195.7,190.4,647.3,240.8,1.0,18.8
2025-04-28 08:34:10,191.7,194.1,186.7,188.4,209.4,208.5,190.4,185.6,196.1,190.6,647.2,241.2,0.8,18.8
2025-04-28 08:34:15,191.8,194.2,186.9,188.6,209.5,208.6,190.7,186.0,196.3,191.1,648.2,241.9,0.7,18.9
2025-04-28 08:34:20,192.5,194.4,187.2,189.1,210.0,208.9,190.8,186.3,196.5,191.3,648.1,242.3,0.7,18.9
2025-04-28 08:34:25,192.8,194.8,187.8,189.6,210.5,209.5,191.1,186.6,196.9,191.4,648.1,242.7,0.7,18.9
2025-04-28 08:34:30,192.9,195.1,187.9,189.6,211.0,209.8,191.6,186.8,197.1,191.5,647.6,242.8,0.6,18.9
2025-04-28 08:34:35,193.2,195.1,188.1,189.8,211.0,210.1,191.8,186.9,197.5,191.9,648.6,243.7,0.6,19.0
2025-04-28 08:34:40,193.4,195.5,188.2,190.1,211.1,210.3,191.8,187.2,197.8,192.1,649.2,243.7,0.7,19.0
2025-04-28 08:34:45,193.5,195.6,188.6,190.4,211.8,210.8,191.9,187.2,197.7,192.5,649.3,243.9,0.8,19.0
2025-04-28 08:34:50,193.8,195.7,188.6,190.9,212.2,211.0,192.3,187.5,198.1,192.5,649.3,244.4,0.8,19.0
2025-04-28 08:34:55,194.2,195.7,188.9,191.0,212.3,211.0,192.5,187.6,198.3,192.8,648.9,244.9,0.6,19.1
2025-04-28 08:35:00,194.5,196.0,189.4,191.3,212.4,211.4,192.7,187.6,198.8,193.2,649.9,245.3,0.6,19.1
2025-04-28 08:35:05,194.8,196.0,189.5,191.3,212.6,211.4,192.8,188.0,199.3,193.4,649.5,245.6,0.6,19.1
2025-04-28 08:35:10,195.0,196.3,189.6,191.5,213.1,211.5,192.8,188.4,199.8,193.6,649.8,245.9,0.5,19.1
2025-04-28 08:35:15,195.4,196.7,189.9,191.9,213.2,211.9,193.0,188.5,199.8,193.9,649.8,246.2,0.4,19.2
2025-04-28 08:35:20,195.6,197.0,189.9,192.1,213.4,212.1,193.3,189.0,200.2,194.2,650.9,246.1,0.4,19.2
2025-04-28 08:35:25,195.7,197.2,190.0,192.2,213.5,212.4,193.5,189.2,200.6,194.4,650.8,246.4,1.0,19.2
2025-04-28 08:35:30,195.8,197.5,190.4,192.4,213.5,212.8,193.7,189.7,201.0,194.7,651.0,246.7,0.9,19.2
2025-04-28 08:35:35,196.1,198.0,190.2,192.7,213.8,212.9,193.8,189.8,201.1,194.9,651.5,246.9,0.8,19.3
2025-04-28 08:35:40,196.3,198.4,190.7,193.0,214.2,213.4,194.8,190.3,201.3,195.3,651.7,247.3,0.9,19.3
2025-04-28 08:35:45,196.5,198.8,191.1,193.1,214.7,213.8,195.1,190.7,201.9,195.6,652.7,247.6,1.0,19.3
2025-04-28 08:35:50,196.6,199.0,191.6,193.4,215.2,213.8,195.3,190.8,202.1,196.0,652.9,248.0,0.8,19.3
2025-04-28 08:35:55,196.8,199.3,191.6,193.8,215.3,213.9,195.7,191.2,202.6,196.1,652.8,248.1,0.7,19.3
2025-04-28 08:36:00,196.9,199.4,191.7,193.8,215.5,214.3,195.8,191.5,202.8,196.5,653.8,248.6,0.6,19.4
2025-04-28 08:36:05,197.4,199.5,192.0,194.1,215.5,214.5,195.9,191.6,202.9,196.7,653.5,248.9,0.5,19.4
2025-04-28 08:36:10,197.6,199.6,192.1,194.4,215.9,214.4,196.1,191.8,203.2,196.9,653.3,248.8,0.4,19.4
2025-04-28 08:36:15,197.8,199.8,192.3,194.4,216.2,214.7,196.5,192.3,203.0,197.3,653.5,249.2,0.6,19.5
2025-04-28 08:36:20,198.1,199.9,192.8,194.5,216.4,215.0,196.9,192.4,203.4,197.5,654.1,249.6,0.6,19.5
2025-04-28 08:36:25,198.4,200.1,193.0,194.8,216.5,215.2,197.3,192.5,203.6,197.6,654.8,249.7,0.6,19.5
2025-04-28 08:36:30,198.9,200.7,193.2,195.2,216.9,215.3,197.7,193.0,203.9,198.2,654.9,250.4,0.6,19.5
2025-04-28 08:36:35,198.8,201.1,193.6,195.6,217.4,215.7,198.2,193.4,204.3,198.2,655.6,250.7,1.1,19.6
2025-04-28 08:36:40,199.1,201.3,193.9,196.1,217.7,216.1,198.3,193.6,204.6,198.8,655.9,251.1,1.1,19.6
2025-04-28 08:36:45,199.3,201.6,194.1,196.4,218.1,216.4,198.9,194.1,205.6,199.0,656.3,251.4,0.9,19.7
2025-04-28 08:36:50,199.6,202.0,194.2,196.7,218.6,216.7,199.0,194.4,205.9,199.3,656.9,251.9,0.8,19.7
2025-04-28 08:36:55,199.9,202.2,194.4,197.1,218.8,217.2,199.4,194.6,206.2,199.8,657.1,252.3,0.6,19.7
2025-04-28 08:37:00,200.1,202.8,194.8,197.4,219.0,217.7,199.8,195.1,206.4,200.1,657.5,252.7,0.4,19.8
2025-04-28 08:37:05,200.2,203.0,194.7,197.4,219.2,217.9,200.0,195.5,206.6,200.5,658.2,252.4,0.3,19.8
2025-04-28 08:37:10,200.5,203.5,195.1,197.7,219.8,218.3,200.1,196.0,207.0,200.8,658.6,253.3,0.2,19.8
2025-04-28 08:37:15,200.7,203.8,195.1,198.0,219.9,218.5,200.1,195.9,207.3,201.2,658.9,253.6,0.3,19.9
2025-04-28 08:37:20,200.8,203.9,195.1,198.4,220.1,218.8,200.7,196.5,207.8,201.3,659.4,253.7,0.4,19.9
2025-04-28 08:37:25,201.1,204.8,195.6,198.7,220.7,219.1,201.2,196.7,208.3,201.8,659.6,254.1,0.8,19.9
2025-04-28 08:37:30,201.6,205.0,196.1,199.0,221.0,219.6,201.5,197.2,208.7,201.8,659.2,254.4,0.9,20.0
2025-04-28 08:37:35,202.0,205.1,196.5,200.0,221.7,220.1,201.9,197.7,208.8,202.1,659.4,255.0,1.5,20.0
2025-04-28 08:37:40,202.3,205.2,197.0,200.4,222.1,220.2,202.2,197.9,209.1,202.3,659.7,255.6,2.2,20.0
2025-04-28 08:37:45,202.8,205.2,197.0,200.6,222.1,220.5,202.6,197.9,209.2,202.6,660.3,256.2,2.2,20.0
2025-04-28 08:37:50,203.4,205.6,197.7,200.7,222.3,220.7,202.7,198.1,209.2,202.9,660.7,256.7,1.9,20.1
2025-04-28 08:37:55,203.7,205.7,198.5,200.9,222.5,221.1,202.8,198.4,209.5,203.2,660.9,256.8,1.5,20.1
2025-04-28 08:38:00,203.7,206.3,198.6,201.1,222.8,221.3,203.2,198.7,210.1,203.3,660.9,257.4,1.3,20.1
2025-04-28 08:38:05,204.0,206.5,198.8,201.2,223.0,221.6,203.3,198.7,210.1,203.6,661.6,257.8,1.1,20.1
2025-04-28 08:38:10,204.1,207.1,198.6,201.3,223.3,221.9,203.4,199.1,210.3,204.1,662.2,258.1,1.3,20.1
2025-04-28 08:38:15,204.3,207.2,199.2,201.7,223.5,221.9,203.7,199.2,210.6,204.3,662.6,258.4,1.6,20.1
2025-04-28 08:38:20,204.4,207.1,199.6,202.0,223.6,222.2,203.9,199.4,210.9,204.6,662.3,258.7,1.7,20.1
2025-04-28 08:38:25,204.7,207.0,199.8,202.0,223.7,222.2,204.1,199.7,211.1,205.0,663.1,258.9,2.0,20.1
2025-04-28 08:38:30,204.9,207.5,200.1,202.6,224.0,222.6,204.4,200.3,211.7,205.3,663.7,259.2,1.9,20.1
2025-04-28 08:38:35,205.3,207.7,200.7,203.2,224.5,222.8,204.9,200.3,212.4,205.7,664.0,259.5,1.6,20.1
2025-04-28 08:38:40,205.4,208.1,200.8,203.3,224.7,223.2,205.2,200.8,212.6,205.8,663.9,259.8,1.4,20.1
2025-04-28 08:38:45,205.6,208.2,201.2,203.6,225.2,224.0,205.6,201.3,213.0,206.4,664.9,260.3,1.2,20.2
2025-04-28 08:38:50,206.0,208.4,201.2,203.7,225.7,224.1,205.8,201.5,213.3,206.5,665.2,260.5,1.1,20.2
2025-04-28 08:38:55,206.2,208.9,201.5,204.3,226.2,224.3,205.9,201.7,213.2,207.0,664.8,261.0,1.1,20.2
2025-04-28 08:39:00,206.5,208.9,201.5,204.7,226.8,224.7,206.5,201.9,213.5,207.2,665.6,261.1,1.1,20.2
2025-04-28 08:39:05,206.7,209.0,201.7,204.7,226.9,224.9,206.5,202.0,213.4,207.4,665.6,261.5,0.8,20.2
2025-04-28 08:39:10,206.8,209.1,202.1,205.1,227.3,224.9,206.5,202.1,213.6,207.6,665.9,262.1,0.7,20.2
2025-04-28 08:39:15,207.0,209.0,202.2,205.5,227.2,225.2,206.8,202.2,213.8,208.0,665.6,262.2,0.6,20.2
2025-04-28 08:39:20,207.4,209.5,202.4,205.7,227.3,225.6,207.0,202.6,214.4,208.1,666.3,262.5,0.5,20.2
2025-04-28 08:39:25,207.7,209.7,202.5,205.9,227.1,226.1,207.0,202.9,214.6,208.5,666.3,262.6,0.4,20.2
2025-04-28 08:39:30,207.9,210.0,202.8,206.0,227.3,226.3,207.0,203.3,215.0,208.6,666.4,262.7,0.3,20.2
2025-04-28 08:39:35,208.1,210.4,202.9,206.2,227.8,226.7,207.3,204.0,215.3,209.1,666.5,263.3,0.6,20.2
2025-04-28 08:39:40,208.3,210.8,203.3,206.6,228.1,226.9,207.7,204.2,215.6,209.2,666.5,263.5,0.5,20.2
2025-04-28 08:39:45,208.8,211.1,203.5,206.7,228.1,227.1,207.8,204.2,215.5,209.5,667.8,263.8,0.4,20.2
2025-04-28 08:39:50,208.9,211.1,203.6,207.0,228.6,227.1,208.3,204.6,215.9,209.7,666.7,263.8,0.2,20.2
2025-04-28 08:39:55,209.1,211.3,203.8,207.0,229.0,227.3,208.5,204.6,216.4,209.9,666.6,264.1,0.2,20.2
2025-04-28 08:40:00,209.3,211.8,204.1,207.4,229.0,227.5,208.7,204.6,216.5,210.2,666.7,264.6,0.5,20.3
2025-04-28 08:40:05,209.7,212.1,204.3,207.6,229.6,227.7,209.2,204.8,216.8,210.3,666.7,264.9,0.6,20.3
2025-04-28 08:40:10,210.0,212.2,204.6,207.9,229.9,228.0,209.4,205.0,217.0,210.6,666.8,265.5,0.6,20.3
2025-04-28 08:40:15,210.3,212.8,204.7,208.0,230.0,228.3,209.6,205.4,217.2,210.7,667.2,265.6,0.5,20.3
2025-04-28 08:40:20,210.5,213.1,205.2,208.3,230.2,228.8,209.7,205.4,217.0,211.1,667.5,265.9,0.5,20.3
2025-04-28 08:40:25,210.8,213.3,205.4,208.8,230.5,229.2,210.0,205.8,217.5,211.3,667.8,266.0,0.4,20.3
2025-04-28 08:40:30,211.4,213.5,205.7,208.9,230.7,229.5,210.1,206.0,217.6,211.7,668.3,266.5,0.3,20.3
2025-04-28 08:40:35,211.6,213.7,206.0,209.2,230.9,229.9,210.3,206.3,217.5,211.9,668.7,266.6,0.3,20.4
2025-04-28 08:40:40,211.8,214.3,206.2,209.5,231.3,230.4,210.5,206.7,217.9,212.4,668.5,267.1,0.2,20.4
2025-04-28 08:40:45,211.9,214.8,206.4,209.8,231.6,230.6,210.9,206.8,218.2,212.4,669.2,267.3,0.6,20.4
2025-04-28 08:40:50,212.2,214.7,206.7,210.0,231.9,230.8,211.2,207.0,218.6,212.7,669.6,267.8,1.1,20.4
2025-04-28 08:40:55,212.4,214.9,207.3,210.2,232.3,231.0,211.8,207.2,218.8,213.0,669.9,268.1,1.1,20.4
2025-04-28 08:41:00,212.9,215.7,207.7,210.4,232.5,231.0,211.9,207.6,219.2,213.5,670.5,268.6,2.0,20.5
2025-04-28 08:41:05,213.1,216.0,208.1,210.6,232.5,231.1,212.2,207.8,219.4,213.6,670.5,269.0,2.1,20.5
2025-04-28 08:41:10,213.1,215.9,208.2,210.9,232.6,231.2,212.1,207.9,219.6,214.0,671.0,269.5,1.8,20.5
2025-04-28 08:41:15,213.2,215.8,208.8,211.2,233.2,231.6,212.2,208.4,220.0,214.3,671.6,269.5,1.8,20.5
2025-04-28 08:41:20,213.4,216.2,208.8,211.4,233.5,232.2,212.3,208.7,220.4,214.6,671.9,270.0,1.6,20.5
2025-04-28 08:41:25,213.7,216.5,209.1,211.7,233.7,232.5,212.6,208.7,220.6,214.9,672.3,270.1,1.5,20.5
2025-04-28 08:41:30,214.2,216.5,209.1,212.1,234.0,232.9,213.0,209.2,220.7,215.0,672.5,270.5,1.4,20.6
2025-04-28 08:41:35,214.5,216.7,209.4,212.5,234.4,233.4,213.4,209.3,220.9,215.3,672.4,270.8,1.2,20.6
2025-04-28 08:41:40,214.9,217.1,209.5,212.9,234.6,233.5,213.4,209.4,221.3,215.5,672.7,270.8,1.2,20.6
2025-04-28 08:41:45,215.0,217.3,209.8,213.4,234.5,233.8,213.5,209.5,221.5,215.7,672.7,271.3,1.2,20.6
2025-04-28 08:41:50,215.0,217.8,210.3,213.7,234.9,234.2,214.0,210.2,221.9,216.1,673.1,271.8,1.1,20.6
2025-04-28 08:41:55,215.2,218.0,210.3,213.9,235.1,234.3,214.1,210.2,222.1,216.4,673.7,272.2,1.2,20.6
2025-04-28 08:42:00,215.5,218.1,210.6,214.3,235.2,234.5,214.5,210.6,222.5,216.5,673.8,272.8,1.2,20.7
2025-04-28 08:42:05,215.8,218.3,210.6,214.7,235.5,234.6,214.9,210.9,222.7,216.8,674.0,273.4,1.2,20.7
2025-04-28 08:42:10,215.8,218.5,211.1,214.8,236.1,235.0,215.3,211.0,223.1,217.0,673.9,273.5,1.4,20.7
2025-04-28 08:42:15,216.0,218.6,211.3,215.1,236.5,235.2,215.4,211.4,223.3,217.5,675.8,274.0,1.8,20.7
2025-04-28 08:42:20,216.4,219.2,211.4,215.3,236.5,235.5,215.7,211.8,223.6,217.7,675.7,274.6,1.8,20.7
2025-04-28 08:42:25,217.0,219.3,211.9,215.7,236.9,235.8,216.0,212.1,223.9,218.2,676.3,275.1,1.6,20.7
2025-04-28 08:42:30,217.6,219.8,212.2,215.9,237.3,236.0,216.7,212.4,224.4,218.4,676.3,275.4,1.4,20.7
2025-04-28 08:42:35,218.2,220.3,212.7,216.4,237.5,236.3,216.7,212.8,224.5,218.7,676.7,275.6,1.1,20.7
2025-04-28 08:42:40,218.5,220.8,212.7,216.6,238.3,236.7,217.1,213.4,224.9,219.0,677.0,276.1,0.9,20.7
2025-04-28 08:42:45,218.9,221.0,213.1,216.7,238.5,237.0,217.4,213.7,225.4,219.4,677.3,276.1,1.2,20.7
2025-04-28 08:42:50,218.9,221.0,213.3,217.4,238.8,237.8,217.6,214.1,225.7,219.5,677.3,276.4,1.5,20.6
2025-04-28 08:42:55,218.8,221.9,213.6,217.6,239.3,238.2,217.6,214.6,226.3,219.9,677.8,277.1,1.8,20.6
2025-04-28 08:43:00,218.8,221.9,214.2,217.9,239.8,238.8,218.1,214.9,226.4,220.2,678.3,277.2,2.0,20.6
2025-04-28 08:43:05,219.2,222.0,214.6,218.3,240.1,238.8,218.4,215.3,226.5,220.4,678.8,278.4,1.7,20.6
2025-04-28 08:43:10,219.4,222.5,215.1,218.4,240.5,239.0,218.5,215.8,226.8,220.4,677.8,278.6,1.5,20.6
2025-04-28 08:43:15,219.7,223.1,215.4,219.2,240.8,239.3,218.7,215.8,227.0,220.8,678.4,278.7,1.3,20.6
2025-04-28 08:43:20,220.1,223.7,215.9,219.8,241.2,240.5,219.3,216.2,227.4,221.1,678.4,279.1,1.0,20.6
2025-04-28 08:43:25,220.2,223.7,215.9,220.1,241.8,241.0,219.9,216.7,227.7,221.4,678.9,279.4,1.3,20.6
2025-04-28 08:43:30,220.6,223.9,216.5,220.2,242.2,241.3,220.0,217.0,227.9,221.7,680.1,280.2,1.7,20.6
2025-04-28 08:43:35,220.9,224.2,216.5,220.4,242.4,241.8,220.6,217.2,228.2,222.0,680.0,280.7,3.2,20.5
2025-04-28 08:43:40,221.0,224.0,216.7,220.5,242.8,242.2,221.0,217.4,228.5,222.5,680.7,281.0,3.7,20.5
2025-04-28 08:43:45,221.7,224.3,217.4,220.8,242.8,242.4,221.6,217.8,228.8,222.6,680.5,281.4,2.9,20.5
2025-04-28 08:43:50,222.0,224.4,218.0,221.3,242.8,242.4,221.6,217.9,229.1,223.1,681.1,281.8,2.7,20.4
2025-04-28 08:43:55,222.1,225.0,218.4,221.5,243.0,242.9,221.4,218.1,229.2,223.2,681.4,282.1,2.3,20.4
2025-04-28 08:44:00,222.3,225.1,218.4,222.0,243.5,242.9,221.7,218.6,229.5,223.6,681.3,282.7,2.5,20.4
2025-04-28 08:44:05,222.4,225.8,218.9,222.0,243.9,243.4,222.0,218.7,229.7,223.6,681.2,282.7,2.8,20.4
2025-04-28 08:44:10,222.6,225.8,219.2,222.5,244.4,243.5,222.4,218.9,230.0,224.1,682.2,283.1,3.2,20.3
2025-04-28 08:44:15,223.1,226.1,219.5,222.9,244.7,243.6,222.5,219.0,230.5,224.3,682.1,283.3,3.1,20.3
2025-04-28 08:44:20,223.3,226.0,219.4,223.0,244.7,243.8,222.6,219.1,230.6,224.6,682.6,283.7,2.7,20.2
2025-04-28 08:44:25,223.6,226.4,219.8,223.1,245.5,243.9,222.9,219.9,231.2,224.8,682.4,283.7,2.3,20.2
2025-04-28 08:44:30,223.9,226.8,220.1,223.2,246.0,244.9,223.2,220.4,231.5,224.9,680.1,284.3,2.1,20.2
2025-04-28 08:44:35,224.2,227.0,220.2,223.4,245.9,244.9,223.9,220.4,231.8,225.2,682.1,285.0,2.0,20.2
2025-04-28 08:44:40,224.6,227.3,220.5,223.7,245.9,244.8,224.2,220.9,232.2,225.4,682.6,285.2,1.9,20.1
2025-04-28 08:44:45,224.5,227.6,221.0,224.1,246.4,245.0,224.5,221.0,232.2,225.5,683.2,285.2,1.7,20.1
2025-04-28 08:44:50,224.5,227.8,221.1,224.7,246.6,245.2,224.6,221.4,232.5,225.9,682.6,285.6,1.6,20.1
2025-04-28 08:44:55,224.7,228.0,220.9,224.8,247.0,245.4,224.5,221.7,233.0,226.2,683.3,285.8,1.4,20.1
2025-04-28 08:45:00,225.2,228.4,221.3,224.8,247.0,245.6,225.0,221.9,232.9,226.5,684.1,286.2,1.6,20.0
2025-04-28 08:45:05,225.3,228.6,221.4,225.3,247.2,245.9,225.5,221.9,233.4,226.7,684.1,286.6,1.4,20.0
2025-04-28 08:45:10,225.4,228.7,221.5,225.4,247.4,246.4,225.8,222.3,233.6,227.0,683.5,286.7,1.2,20.0
2025-04-28 08:45:15,225.5,228.6,221.6,225.7,248.1,246.5,225.9,222.8,233.8,227.4,684.9,287.2,1.5,20.0
2025-04-28 08:45:20,226.0,229.2,221.8,225.8,248.2,246.9,226.0,222.8,234.1,227.5,684.1,287.4,1.4,20.0
2025-04-28 08:45:25,226.2,229.4,222.1,226.0,248.5,247.2,226.4,222.8,234.0,227.7,684.5,287.4,1.5,20.0
2025-04-28 08:45:30,226.3,229.8,222.5,226.5,248.7,247.5,226.5,223.1,234.2,228.3,685.6,287.7,1.3,20.0
2025-04-28 08:45:35,226.8,230.1,222.8,226.6,249.2,247.6,226.8,223.3,234.7,228.6,686.7,288.0,1.2,20.0
2025-04-28 08:45:40,227.1,230.6,223.1,226.8,249.3,247.6,227.1,223.5,235.1,229.0,686.8,288.6,1.2,20.0
2025-04-28 08:45:45,227.3,231.1,223.3,227.3,250.1,248.3,227.2,224.2,235.8,229.2,687.2,289.2,1.6,19.9
2025-04-28 08:45:50,227.5,231.2,223.9,227.7,250.1,248.7,227.6,223.8,236.2,229.6,687.3,289.8,1.8,19.9
2025-04-28 08:45:55,228.1,231.4,224.1,228.1,250.2,249.3,227.6,224.2,236.3,229.7,687.6,290.6,2.2,19.9
2025-04-28 08:46:00,228.4,232.2,224.8,228.4,250.4,249.3,227.9,224.9,236.5,229.9,687.4,290.7,3.0,19.9
2025-04-28 08:46:05,228.9,232.4,225.4,228.8,250.4,249.3,228.3,224.9,236.9,230.3,687.8,290.9,2.9,19.9
2025-04-28 08:46:10,229.4,232.7,225.7,229.1,250.6,249.3,228.5,225.0,237.0,230.6,687.9,291.2,3.1,19.8
2025-04-28 08:46:15,229.7,232.8,225.5,229.3,251.4,249.8,228.6,225.0,237.3,230.8,687.9,291.7,3.2,19.8
2025-04-28 08:46:20,230.0,232.8,225.8,229.5,251.1,250.2,228.9,225.4,237.6,231.3,689.1,291.9,2.8,19.7
2025-04-28 08:46:25,230.2,233.3,226.2,230.1,252.4,251.0,229.6,226.0,237.7,231.6,689.5,292.4,2.9,19.7
2025-04-28 08:46:30,230.9,233.7,226.6,230.6,252.4,251.0,229.9,226.1,238.0,231.7,689.9,292.8,2.6,19.7
2025-04-28 08:46:35,231.1,234.0,226.9,230.8,252.4,251.5,230.3,226.4,238.2,232.2,690.4,292.6,2.3,19.6
2025-04-28 08:46:40,231.2,234.4,227.1,231.1,252.8,252.2,230.4,226.7,238.7,232.6,689.2,293.4,2.5,19.6
2025-04-28 08:46:45,231.6,235.0,227.1,231.7,253.5,252.1,230.6,227.0,239.0,232.5,690.2,293.6,2.6,19.6
2025-04-28 08:46:50,231.7,235.2,227.7,231.8,253.9,252.3,231.0,227.2,239.4,233.0,689.6,294.4,2.6,19.5
2025-04-28 08:46:55,231.8,235.3,227.8,232.3,254.3,252.7,231.5,227.6,239.4,233.4,690.4,294.5,2.7,19.5
2025-04-28 08:47:00,232.0,235.4,228.1,232.4,254.8,252.9,232.1,227.8,239.9,233.7,691.3,294.8,2.9,19.5
2025-04-28 08:47:05,232.3,235.4,228.3,232.6,255.0,253.3,232.7,228.3,240.3,233.9,692.1,295.5,2.9,19.4
2025-04-28 08:47:10,232.7,235.5,228.8,232.8,255.3,253.6,233.0,228.7,240.5,234.3,691.9,295.6,2.5,19.4
2025-04-28 08:47:15,232.7,235.8,229.1,232.9,255.6,253.7,233.2,229.0,240.8,234.5,692.1,296.0,2.3,19.4
2025-04-28 08:47:20,232.9,236.1,229.2,233.0,256.0,254.2,233.6,229.4,241.9,234.9,692.5,296.1,2.0,19.4
2025-04-28 08:47:25,233.3,236.5,229.3,233.2,256.1,254.5,233.7,229.7,242.0,235.0,692.6,296.0,1.6,19.4
2025-04-28 08:47:30,233.5,237.3,229.3,233.2,256.2,254.5,233.8,229.6,242.3,235.3,692.5,296.4,1.4,19.4
2025-04-28 08:47:35,233.9,237.9,229.7,233.6,256.2,254.8,233.8,229.8,242.5,235.6,693.1,297.1,1.4,19.4
2025-04-28 08:47:40,234.0,237.8,229.7,233.9,256.4,254.8,234.0,229.9,242.8,236.0,693.3,297.0,1.1,19.4
2025-04-28 08:47:45,234.7,237.9,230.0,234.8,256.7,255.2,234.4,230.2,242.8,236.2,693.5,298.4,2.1,19.4
2025-04-28 08:47:50,235.3,237.9,230.5,235.1,256.9,255.4,234.6,230.5,243.0,236.5,693.9,298.7,2.6,19.4
2025-04-28 08:47:55,235.6,238.4,231.3,235.5,257.5,255.9,234.7,230.6,243.4,236.7,693.9,299.2,2.2,19.3
2025-04-28 08:48:00,236.2,238.5,231.4,235.8,257.9,256.3,235.2,231.2,243.3,237.3,694.2,299.8,2.2,19.3
2025-04-28 08:48:05,236.6,238.6,232.0,235.8,258.0,256.4,235.4,231.5,243.6,237.4,694.2,300.1,2.4,19.3
2025-04-28 08:48:10,236.7,239.1,232.4,235.8,258.8,256.8,235.8,231.7,243.7,237.7,694.3,300.2,2.0,19.3
2025-04-28 08:48:15,236.9,239.8,232.8,236.1,258.8,257.3,235.9,231.9,243.9,238.1,694.7,300.5,1.9,19.3
2025-04-28 08:48:20,236.8,240.1,232.8,236.4,258.9,257.4,236.2,232.4,244.1,238.4,695.3,300.9,1.5,19.2
2025-04-28 08:48:25,237.1,240.5,232.9,236.8,259.1,257.7,236.3,232.6,244.3,238.6,695.9,300.7,1.6,19.2
2025-04-28 08:48:30,237.4,240.4,233.3,237.1,259.3,257.7,236.4,232.4,244.7,238.9,695.6,300.8,1.5,19.2
2025-04-28 08:48:35,237.4,240.2,233.3,236.6,259.6,257.6,236.6,233.1,244.8,239.1,696.4,301.7,1.7,19.2
2025-04-28 08:48:40,237.3,240.7,233.3,237.2,259.8,257.9,236.8,233.3,245.2,239.3,695.5,301.8,2.3,19.2
2025-04-28 08:48:45,237.4,240.7,233.6,237.6,260.1,258.2,237.1,233.5,245.4,239.4,695.9,302.0,2.3,19.2
2025-04-28 08:48:50,237.9,241.1,234.3,237.9,260.1,258.3,237.3,234.0,245.6,239.8,696.5,302.6,2.1,19.2
2025-04-28 08:48:55,238.5,241.5,234.7,238.1,260.6,258.6,237.5,234.1,245.7,239.9,696.1,302.7,2.1,19.2
2025-04-28 08:49:00,238.8,241.9,234.9,238.2,261.0,258.8,238.0,234.2,246.1,240.3,696.9,302.9,2.1,19.2
2025-04-28 08:49:05,239.4,242.2,235.1,238.8,261.0,259.0,238.2,234.8,246.6,240.5,696.7,303.3,2.0,19.2
2025-04-28 08:49:10,239.4,242.7,235.4,238.3,261.0,259.6,238.6,235.0,246.7,240.9,697.5,303.6,1.7,19.2
2025-04-28 08:49:15,239.4,242.8,235.5,238.9,260.8,260.0,238.7,235.4,247.2,241.1,697.3,303.8,1.4,19.2
2025-04-28 08:49:20,239.9,243.3,235.7,239.2,261.1,260.1,238.6,235.8,247.7,241.3,697.1,304.2,1.4,19.2
2025-04-28 08:49:25,240.3,243.8,235.9,239.4,261.2,260.0,239.0,236.1,247.9,241.7,697.2,304.5,1.3,19.2
2025-04-28 08:49:30,240.7,244.2,235.9,239.9,261.5,260.7,239.5,236.2,248.2,242.1,698.2,304.7,1.1,19.3
2025-04-28 08:49:35,241.0,244.3,236.4,240.2,261.6,261.0,239.8,236.4,248.9,242.4,698.6,304.8,1.0,19.3
2025-04-28 08:49:40,241.3,244.9,236.6,240.4,262.4,261.2,239.9,236.8,249.0,242.8,699.6,305.4,1.3,19.3
2025-04-28 08:49:45,241.5,245.2,236.9,240.6,262.5,262.0,240.2,237.5,249.6,243.1,700.2,305.6,1.3,19.3
2025-04-28 08:49:50,241.8,245.6,237.2,240.8,263.1,262.5,240.7,237.8,250.3,243.2,700.0,306.3,1.4,19.3
2025-04-28 08:49:55,242.2,246.1,237.6,241.4,263.4,262.5,241.1,238.4,250.5,243.6,700.6,306.6,1.4,19.3
2025-04-28 08:50:00,242.3,246.4,237.8,241.8,264.0,263.2,241.7,238.8,250.9,244.1,700.8,307.4,1.2,19.3
2025-04-28 08:50:05,242.5,246.5,237.8,242.0,264.3,263.5,242.0,238.9,251.4,244.3,701.6,307.7,1.0,19.4
2025-04-28 08:50:10,243.0,246.8,238.5,242.7,264.8,263.5,242.9,239.5,251.5,244.6,701.6,307.9,0.9,19.4
2025-04-28 08:50:15,243.2,247.4,238.6,243.2,265.2,263.9,243.1,239.9,252.1,244.9,701.6,308.3,1.1,19.4
2025-04-28 08:50:20,243.3,247.6,239.1,243.4,265.5,264.0,243.7,240.3,252.3,245.3,702.0,308.5,1.3,19.4
2025-04-28 08:50:25,243.5,247.9,239.1,243.6,266.0,264.5,244.3,240.5,252.4,245.6,703.2,309.1,1.6,19.4
2025-04-28 08:50:30,243.6,248.0,239.5,243.8,266.2,264.6,244.3,240.9,252.4,245.8,703.3,309.5,1.7,19.4
2025-04-28 08:50:35,243.7,248.0,239.8,244.0,266.7,265.0,244.5,240.8,252.6,246.2,703.5,309.9,1.5,19.4
2025-04-28 08:50:40,243.8,248.1,240.0,244.0,267.0,265.3,244.6,241.0,253.1,246.4,703.7,310.1,1.3,19.5
2025-04-28 08:50:45,244.3,248.4,240.5,244.1,267.1,265.5,245.0,241.3,253.2,246.9,704.5,310.4,1.3,19.5
2025-04-28 08:50:50,244.5,248.5,240.6,244.7,267.6,266.0,245.0,242.0,253.9,247.4,705.3,310.7,1.3,19.5
2025-04-28 08:50:55,244.6,248.9,241.0,245.0,268.2,266.4,245.5,242.1,254.0,247.5,705.5,311.1,1.2,19.5
2025-04-28 08:51:00,244.9,249.5,241.1,245.4,268.4,266.5,246.0,242.9,254.6,247.8,705.8,311.6,1.1,19.5
2025-04-28 08:51:05,245.5,249.8,241.5,245.9,268.6,266.8,246.4,243.5,254.7,248.0,706.6,312.0,1.3,19.5
2025-04-28 08:51:10,245.6,250.1,242.0,246.5,269.1,267.6,246.9,244.3,255.0,248.2,706.5,312.2,1.5,19.5
2025-04-28 08:51:15,246.3,250.5,242.5,246.6,269.5,268.2,247.6,244.2,255.4,248.9,707.8,313.0,1.5,19.5
2025-04-28 08:51:20,246.5,250.8,243.1,247.0,270.3,268.6,247.9,244.6,256.4,248.9,707.5,313.3,1.5,19.5
2025-04-28 08:51:25,247.0,250.8,243.2,247.1,270.5,268.8,248.1,245.1,256.8,249.3,707.8,313.7,1.4,19.6
2025-04-28 08:51:30,247.1,251.5,243.5,247.8,271.6,269.2,248.1,245.4,257.0,249.7,707.7,314.0,1.2,19.6
2025-04-28 08:51:35,247.3,251.7,243.7,248.2,271.7,269.5,248.5,245.5,257.1,250.1,708.2,314.3,1.1,19.6
2025-04-28 08:51:40,247.8,252.1,243.8,248.3,271.9,269.8,249.0,246.1,257.3,250.4,707.8,314.8,0.9,19.6
2025-04-28 08:51:45,248.1,252.6,244.1,248.6,272.1,270.3,249.3,246.5,257.8,250.6,708.4,314.9,0.8,19.6
2025-04-28 08:51:50,248.1,253.0,244.3,248.7,272.1,270.5,249.5,246.5,258.3,251.0,708.5,315.3,0.7,19.6
2025-04-28 08:51:55,248.4,253.5,244.7,248.8,272.5,270.7,249.7,246.9,258.4,251.1,708.6,315.5,0.5,19.6
2025-04-28 08:52:00,248.8,253.4,244.8,249.3,272.7,270.7,250.4,247.2,258.7,251.5,709.0,315.7,0.5,19.6
2025-04-28 08:52:05,248.8,253.4,245.0,249.5,273.1,271.1,250.5,248.0,259.0,251.9,709.0,315.9,0.5,19.7
2025-04-28 08:52:10,248.7,253.5,245.3,249.7,274.0,271.4,251.1,248.4,259.4,252.1,708.6,316.2,0.5,19.7
2025-04-28 08:52:15,249.0,253.4,245.5,249.9,274.2,271.4,251.7,248.1,259.4,252.3,709.4,316.2,0.7,19.7
2025-04-28 08:52:20,249.2,253.6,246.0,249.8,274.4,271.7,251.7,248.0,259.7,252.6,709.1,316.4,1.0,19.7
2025-04-28 08:52:25,249.2,253.8,246.0,250.2,274.4,271.9,251.9,248.1,260.3,253.0,709.5,316.8,1.3,19.7
2025-04-28 08:52:30,249.4,254.1,246.0,250.2,274.6,272.2,252.2,248.3,260.4,253.2,709.4,317.2,1.1,19.8
2025-04-28 08:52:35,250.0,254.7,246.2,250.7,275.0,272.6,252.0,248.5,260.6,253.5,709.1,317.6,1.0,19.8
2025-04-28 08:52:40,250.1,254.8,246.6,250.9,275.1,272.5,252.1,248.7,260.7,253.7,708.8,317.9,0.7,19.8
2025-04-28 08:52:45,250.5,254.8,246.9,251.5,275.7,272.8,252.4,248.9,261.0,254.0,709.2,317.9,0.7,19.8
2025-04-28 08:52:50,250.7,255.2,247.0,251.7,275.8,273.0,252.7,249.0,261.0,254.3,709.6,318.6,1.3,19.8
2025-04-28 08:52:55,251.2,255.9,247.6,252.0,276.4,273.1,252.6,249.1,261.3,254.5,709.5,318.9,1.5,19.9
2025-04-28 08:53:00,251.7,256.2,248.3,252.7,276.5,273.7,252.9,249.3,261.5,254.8,709.7,319.8,1.6,19.9
2025-04-28 08:53:05,252.5,256.3,248.4,253.3,276.9,274.1,253.2,249.8,261.8,255.5,710.6,320.5,1.6,19.9
2025-04-28 08:53:10,253.2,256.9,249.0,253.3,276.9,274.3,253.3,250.1,261.9,255.6,711.1,321.2,2.6,19.9
2025-04-28 08:53:15,253.6,257.7,249.1,253.8,277.3,274.8,253.9,250.7,262.4,256.1,711.2,321.8,2.9,20.0
2025-04-28 08:53:20,254.0,257.8,249.7,254.1,277.5,274.7,254.4,251.1,262.6,256.3,712.0,322.1,3.5,20.0
2025-04-28 08:53:25,254.3,257.9,250.0,254.5,277.5,274.9,254.8,251.1,263.2,256.6,712.0,322.5,3.6,20.0
2025-04-28 08:53:30,254.7,257.7,250.3,254.6,277.6,275.1,255.1,251.8,263.8,257.0,712.8,323.3,3.8,19.9
2025-04-28 08:53:35,254.7,258.0,251.0,255.0,277.9,275.7,255.1,252.3,264.1,257.1,712.8,323.5,4.0,19.9
2025-04-28 08:53:40,254.9,259.0,251.5,255.5,278.3,276.1,255.2,252.4,264.1,257.4,712.5,323.6,2.8,19.9
2025-04-28 08:53:45,255.0,259.1,251.7,256.1,278.5,276.8,255.7,252.4,264.4,257.6,712.9,324.0,2.3,19.8
2025-04-28 08:53:50,255.2,259.0,251.7,256.1,278.7,277.0,255.8,252.7,264.2,258.1,713.1,324.4,2.9,19.8
2025-04-28 08:53:55,255.4,259.0,251.8,256.0,279.2,278.0,256.0,253.2,264.6,258.3,713.2,324.4,4.1,19.8
2025-04-28 08:54:00,256.2,258.9,252.1,256.3,279.9,278.6,256.5,253.5,264.9,258.5,713.4,324.9,4.1,19.8
2025-04-28 08:54:05,256.5,259.0,252.6,256.9,280.1,278.5,256.7,253.5,265.3,259.1,714.0,325.6,4.0,19.7
2025-04-28 08:54:10,257.0,259.7,253.2,257.3,280.1,278.9,257.0,254.0,265.7,259.2,713.9,325.7,3.2,19.6
2025-04-28 08:54:15,257.1,260.1,253.3,257.3,280.4,278.6,257.3,254.3,266.0,259.3,714.0,325.8,2.8,19.6
2025-04-28 08:54:20,257.3,261.1,253.5,257.5,280.8,278.9,258.0,255.2,266.1,259.5,713.9,325.8,2.2,19.6
2025-04-28 08:54:25,257.6,261.2,253.6,257.6,281.3,278.9,258.3,255.1,266.5,259.7,714.3,325.9,1.9,19.6
2025-04-28 08:54:30,257.8,261.4,253.6,258.1,281.4,278.9,258.1,255.4,266.5,260.0,713.3,326.3,1.9,19.5
2025-04-28 08:54:35,257.6,261.5,253.7,258.3,281.8,279.0,258.8,255.7,266.9,260.7,715.7,326.8,2.4,19.5
2025-04-28 08:54:40,257.6,261.7,254.1,258.3,282.0,279.4,258.9,255.9,267.4,260.4,713.9,327.3,2.2,19.5
2025-04-28 08:54:45,257.8,262.0,254.2,258.4,282.2,279.7,259.2,256.3,268.4,260.8,714.8,327.5,2.1,19.4
2025-04-28 08:54:50,258.1,262.3,254.6,258.8,282.7,279.9,259.5,256.6,268.7,261.3,714.8,327.8,1.7,19.5
2025-04-28 08:54:55,258.2,262.4,254.7,258.6,282.9,280.3,259.8,256.8,269.2,261.7,715.2,327.8,1.8,19.5
2025-04-28 08:55:00,258.4,262.8,255.3,258.8,283.4,281.1,260.0,257.3,269.5,262.0,716.6,328.5,1.8,19.4
2025-04-28 08:55:05,258.4,262.9,255.3,259.1,283.8,281.5,260.1,257.5,269.5,262.2,716.3,328.6,1.6,19.4
2025-04-28 08:55:10,258.7,263.3,255.5,259.5,284.0,281.5,260.5,257.3,269.4,262.4,716.6,328.8,1.4,19.4
2025-04-28 08:55:15,259.5,263.6,255.7,259.7,284.5,281.7,260.9,257.6,269.7,262.7,717.3,328.9,1.3,19.4
2025-04-28 08:55:20,260.0,263.8,256.9,259.8,285.0,282.1,261.0,258.0,269.9,263.0,717.1,329.1,1.2,19.4
2025-04-28 08:55:25,260.6,264.3,256.7,260.4,285.1,282.3,261.4,258.3,270.5,263.4,717.7,329.7,1.1,19.4
2025-04-28 08:55:30,260.8,264.2,257.0,261.0,285.5,283.0,261.9,258.6,271.1,263.7,718.5,330.0,1.1,19.4
2025-04-28 08:55:35,260.9,264.2,257.2,261.2,286.0,283.5,262.2,259.0,271.6,264.1,719.3,330.3,1.1,19.4
2025-04-28 08:55:40,261.3,265.4,257.5,261.4,286.4,283.8,262.8,259.5,272.1,264.5,719.2,331.0,1.1,19.4
2025-04-28 08:55:45,261.4,265.7,257.8,261.8,286.7,284.0,263.0,259.9,272.5,264.8,720.2,331.4,1.1,19.4
2025-04-28 08:55:50,261.6,267.0,258.5,263.0,287.0,284.4,263.6,260.7,272.7,265.2,720.7,331.6,1.2,19.4
2025-04-28 08:55:55,262.0,267.2,258.7,264.6,287.6,285.0,263.9,261.1,273.1,265.5,721.0,332.9,2.5,19.4
2025-04-28 08:56:00,262.6,267.5,259.1,264.8,287.9,285.0,264.4,261.3,273.2,265.6,720.9,333.5,2.7,19.4
2025-04-28 08:56:05,263.7,268.3,259.7,265.4,288.4,285.4,264.6,261.3,273.2,266.0,721.9,335.3,3.1,19.4
2025-04-28 08:56:10,264.2,268.3,260.5,265.4,288.7,285.8,264.7,261.6,273.6,266.3,721.6,335.3,3.4,19.4
2025-04-28 08:56:15,264.7,268.7,260.3,265.5,288.8,286.4,265.3,261.8,274.2,266.8,722.6,335.4,4.0,19.4
2025-04-28 08:56:20,264.5,268.9,261.0,266.1,289.1,286.9,265.7,262.4,274.8,267.2,722.7,336.7,4.0,19.4
2025-04-28 08:56:25,264.8,269.1,261.4,266.2,289.8,287.2,265.6,263.0,275.1,267.6,722.5,336.5,3.9,19.4
2025-04-28 08:56:30,265.3,269.3,261.4,266.1,289.9,287.8,266.1,263.4,276.0,267.9,723.7,336.6,3.3,19.3
2025-04-28 08:56:35,265.5,269.0,261.9,266.6,290.3,287.8,266.2,263.6,276.6,268.3,723.6,337.2,3.6,19.3
2025-04-28 08:56:40,265.8,269.6,262.8,267.2,290.5,288.4,266.7,263.7,276.8,268.6,723.9,337.5,3.9,19.3
2025-04-28 08:56:45,266.2,269.7,263.4,267.6,291.2,289.1,267.3,264.0,277.2,268.8,724.4,338.2,4.3,19.2
2025-04-28 08:56:50,266.3,269.8,263.5,267.5,291.5,289.7,267.4,264.3,277.1,269.1,723.9,338.0,3.4,19.2
2025-04-28 08:56:55,264.5,266.9,260.8,264.7,289.1,288.6,265.6,263.0,275.0,265.5,712.3,333.8,3.3,19.1
2025-04-28 08:57:00,266.1,268.4,262.6,266.9,291.0,287.2,265.7,263.1,275.4,267.8,719.6,337.9,3.1,19.1
2025-04-28 08:57:05,267.1,270.4,263.5,267.9,293.0,289.8,267.9,265.4,277.2,269.3,723.8,338.8,2.6,19.1
2025-04-28 08:57:10,267.6,270.8,263.9,268.3,293.1,290.4,268.5,265.7,279.2,270.2,725.1,339.0,2.2,19.1
2025-04-28 08:57:15,268.0,271.3,264.2,268.6,293.6,290.6,268.7,265.8,279.1,270.7,725.8,339.4,1.8,19.0
2025-04-28 08:57:20,268.2,271.5,264.2,268.6,294.0,291.5,269.8,266.3,279.6,269.8,726.0,339.8,1.6,19.0
2025-04-28 08:57:25,268.4,272.4,264.6,270.0,294.3,292.2,269.8,267.2,279.5,271.4,726.4,340.4,1.9,19.0
2025-04-28 08:57:30,268.9,272.8,265.1,270.5,294.8,292.4,270.0,267.3,280.0,271.8,726.6,341.1,2.6,19.0
2025-04-28 08:57:35,269.1,273.1,265.6,270.8,295.0,292.4,270.2,267.5,280.2,271.9,726.7,341.5,3.1,19.0
2025-04-28 08:57:40,269.2,273.3,265.6,271.3,295.4,292.9,270.6,267.4,280.6,272.3,726.4,342.5,3.6,19.0
2025-04-28 08:57:45,269.4,273.9,266.1,271.4,295.7,293.1,270.9,267.8,280.7,272.4,726.9,342.8,3.7,19.0
2025-04-28 08:57:50,269.9,273.6,266.3,271.7,296.1,293.1,271.0,267.8,280.9,272.6,727.2,342.9,3.5,18.9
2025-04-28 08:57:55,270.3,274.4,266.6,272.1,296.0,293.5,271.6,268.4,281.6,272.9,727.1,343.3,3.2,18.9
2025-04-28 08:58:00,270.6,274.8,266.9,272.4,296.2,293.7,271.6,268.4,282.1,272.9,727.5,343.9,3.3,18.9
2025-04-28 08:58:05,270.7,275.6,267.2,272.5,296.3,294.1,272.0,268.6,282.3,273.2,727.1,344.4,3.3,18.9
2025-04-28 08:58:10,270.9,275.9,267.6,272.6,296.3,294.7,271.7,268.6,282.8,273.4,727.7,344.6,4.2,18.9
2025-04-28 08:58:15,271.0,275.9,267.8,272.9,296.5,294.8,271.6,269.1,282.8,273.3,727.9,345.0,4.7,18.8
2025-04-28 08:58:20,271.4,275.8,267.8,273.1,296.9,294.8,271.9,269.2,282.8,274.0,727.3,345.6,3.8,18.8
2025-04-28 08:58:25,272.1,276.1,268.5,273.2,297.3,294.9,272.3,269.5,282.7,274.3,728.4,345.5,3.5,18.8
2025-04-28 08:58:30,272.3,276.2,269.1,273.4,297.6,294.8,273.2,270.2,282.6,274.8,728.8,346.0,3.1,18.8
2025-04-28 08:58:35,272.7,276.3,269.4,273.5,297.8,295.1,273.6,270.6,282.9,274.7,728.1,346.4,2.4,18.7
2025-04-28 08:58:40,273.0,276.7,269.6,273.6,297.8,295.2,273.6,270.8,283.4,275.0,728.8,346.4,2.7,18.7
2025-04-28 08:58:45,272.9,277.0,269.7,274.0,298.2,295.6,274.4,271.5,284.5,275.5,728.8,346.3,2.8,18.7
2025-04-28 08:58:50,273.2,277.5,269.6,274.3,298.4,296.0,274.9,271.7,284.7,275.6,728.8,346.9,2.5,18.7
2025-04-28 08:58:55,273.4,277.9,269.6,274.7,298.8,296.2,275.0,272.1,285.2,276.1,729.6,347.3,2.6,18.7
2025-04-28 08:59:00,273.6,277.9,270.1,275.0,299.5,296.8,275.2,272.2,285.5,276.2,729.5,347.6,2.5,18.7
2025-04-28 08:59:05,273.6,277.9,270.9,275.1,299.7,296.9,275.5,272.1,285.8,276.6,729.4,348.4,2.4,18.7
2025-04-28 08:59:10,274.0,278.5,270.8,275.9,300.1,297.2,275.6,272.3,285.7,276.7,729.0,348.9,3.2,18.7
2025-04-28 08:59:15,274.7,278.9,271.0,276.5,300.7,297.3,275.9,272.9,285.9,277.2,729.4,349.4,2.6,18.7
2025-04-28 08:59:20,274.9,279.4,271.4,276.9,301.0,298.1,276.0,273.2,286.3,277.7,730.2,349.9,2.9,18.7
2025-04-28 08:59:25,275.2,279.9,271.7,277.5,301.2,298.8,276.3,273.6,286.5,277.9,730.4,350.7,4.3,18.6
2025-04-28 08:59:30,275.4,280.0,272.1,277.6,301.9,298.9,276.7,273.9,286.6,278.5,730.9,350.5,4.5,18.6
2025-04-28 08:59:35,275.4,280.7,272.5,278.0,302.6,298.7,277.1,274.0,287.3,278.6,731.0,350.6,4.0,18.6
2025-04-28 08:59:40,275.8,280.6,272.9,278.2,302.9,299.3,277.4,274.2,287.6,279.1,731.5,351.7,5.6,18.5
2025-04-28 08:59:45,276.0,280.7,273.1,278.8,303.0,300.3,278.0,274.5,288.2,279.5,732.0,351.8,5.1,18.5
2025-04-28 08:59:50,276.4,280.7,273.5,278.7,303.7,300.4,277.8,275.0,288.5,279.7,732.1,352.0,4.8,18.4
2025-04-28 08:59:55,276.7,280.9,273.7,278.5,303.7,300.4,278.3,275.0,288.7,280.0,733.0,352.1,3.3,18.4
2025-04-28 09:00:00,277.6,281.3,274.3,278.5,304.1,300.3,278.5,275.2,288.9,279.9,731.5,352.1,2.7,18.3
2025-04-28 09:00:05,277.6,281.3,274.3,279.0,303.9,300.5,278.7,276.4,289.0,280.3,732.0,352.6,2.2,18.3
2025-04-28 09:00:10,278.0,281.7,274.4,279.2,304.0,301.0,278.9,276.4,289.2,280.9,733.0,353.0,2.4,18.3
2025-04-28 09:00:15,278.5,281.8,274.7,279.6,304.8,301.3,279.1,276.6,289.2,281.2,733.3,353.3,2.8,18.3
2025-04-28 09:00:20,278.6,281.9,275.0,279.8,304.8,301.4,279.3,276.8,289.4,281.5,733.4,354.6,4.2,18.3
2025-04-28 09:00:25,278.7,282.1,275.8,280.1,304.8,301.8,279.2,277.1,290.3,281.5,733.2,354.2,4.4,18.3
2025-04-28 09:00:30,279.2,282.5,276.2,280.4,305.1,302.0,279.5,277.2,290.8,281.8,733.2,354.6,3.8,18.2
2025-04-28 09:00:35,279.5,283.4,276.2,280.6,305.1,302.3,279.4,277.6,290.8,282.1,732.9,355.0,3.1,18.2
2025-04-28 09:00:40,279.5,283.7,276.3,281.2,305.5,302.3,279.9,277.7,290.9,282.4,732.7,355.2,2.9,18.1
2025-04-28 09:00:45,279.8,284.0,276.4,281.7,305.7,302.5,280.2,278.1,291.1,282.4,732.4,355.4,2.6,18.1
2025-04-28 09:00:50,280.1,284.5,276.6,281.4,305.8,302.7,280.7,278.7,291.1,282.6,732.5,355.5,2.7,18.1
2025-04-28 09:00:55,280.2,284.7,276.7,281.9,306.2,303.5,281.0,278.9,291.2,282.8,732.7,355.6,2.8,18.1
2025-04-28 09:01:00,280.3,285.0,277.0,282.2,307.0,303.9,281.6,279.0,291.8,283.1,732.3,355.7,2.5,18.0
2025-04-28 09:01:05,280.4,284.9,277.2,282.0,307.3,303.9,282.2,279.1,291.9,283.0,732.5,355.9,2.2,18.0
2025-04-28 09:01:10,280.3,284.7,277.4,282.6,307.4,304.0,282.4,279.6,291.9,283.4,732.0,356.5,2.6,18.0
2025-04-28 09:01:15,280.5,284.7,277.4,282.6,307.6,304.4,282.2,279.7,292.0,283.6,731.7,356.6,2.6,18.0
2025-04-28 09:01:20,280.7,284.8,277.6,282.3,307.8,304.6,282.2,279.9,292.2,283.8,731.4,356.4,1.9,18.0
2025-04-28 09:01:25,281.0,285.1,277.4,282.4,308.0,304.7,282.6,280.2,292.9,283.9,731.5,356.5,1.8,18.1
2025-04-28 09:01:30,281.0,285.4,277.9,282.8,308.2,304.6,282.7,280.5,292.9,284.1,732.2,357.1,2.1,18.1
2025-04-28 09:01:35,281.5,285.5,278.0,282.7,308.4,304.5,283.1,280.6,293.5,284.3,732.0,357.2,2.1,18.1
2025-04-28 09:01:40,282.0,285.2,277.9,282.7,308.8,304.8,283.4,280.6,293.6,284.6,732.2,357.5,2.1,18.1
2025-04-28 09:01:45,282.5,285.3,278.1,283.1,308.6,305.3,283.6,280.6,293.7,284.5,732.1,357.5,2.2,18.1
2025-04-28 09:01:50,282.8,285.7,278.3,283.5,308.8,306.0,283.6,280.6,294.1,285.0,731.8,357.9,2.3,18.1
2025-04-28 09:01:55,282.7,285.9,278.7,284.1,309.0,306.0,283.3,280.9,294.4,285.3,731.9,358.6,2.2,18.1
2025-04-28 09:02:00,282.7,286.3,279.2,284.3,309.0,306.3,283.8,280.7,294.6,285.3,731.7,358.8,2.2,18.1
2025-04-28 09:02:05,283.2,286.3,279.5,284.6,309.4,306.4,283.6,281.7,294.9,286.0,731.9,359.2,1.9,18.1
2025-04-28 09:02:10,283.8,286.5,280.3,284.7,309.7,306.3,284.2,282.1,295.7,286.1,732.5,359.8,1.8,18.2
2025-04-28 09:02:15,284.2,287.0,280.4,284.6,310.1,306.8,284.8,282.4,296.2,286.3,732.8,360.4,2.0,18.2
2025-04-28 09:02:20,284.5,287.4,280.7,284.7,310.4,306.9,285.1,282.5,296.3,287.0,734.2,360.5,2.0,18.2
2025-04-28 09:02:25,284.6,287.9,280.7,285.0,310.8,306.9,285.5,282.9,296.4,287.3,734.3,360.7,2.2,18.2
2025-04-28 09:02:30,285.1,288.6,281.0,285.3,310.9,307.1,285.7,283.1,296.8,287.8,733.9,360.9,2.4,18.2
2025-04-28 09:02:35,285.3,288.8,281.5,285.6,311.0,307.5,285.8,283.7,296.9,287.9,734.5,361.4,2.7,18.2
2025-04-28 09:02:40,286.1,289.7,281.6,286.1,311.4,307.7,286.2,283.7,297.1,288.1,733.3,361.9,2.2,18.2
2025-04-28 09:02:45,286.4,289.9,282.0,286.4,312.0,308.8,286.3,284.9,298.0,288.6,734.9,362.4,1.5,18.2
2025-04-28 09:02:50,286.6,290.2,282.4,287.1,312.4,309.4,286.7,285.2,298.6,288.5,735.4,362.8,1.3,18.2
2025-04-28 09:02:55,286.8,290.4,282.7,287.3,312.6,310.0,287.6,285.7,298.9,289.1,735.8,363.3,1.3,18.2
2025-04-28 09:03:00,286.9,291.3,283.2,288.2,313.0,310.2,288.6,285.9,299.3,289.4,736.0,363.7,1.6,18.3
2025-04-28 09:03:05,287.3,291.7,283.5,288.1,313.1,310.2,288.6,285.9,299.5,290.0,736.6,364.4,2.1,18.3
2025-04-28 09:03:10,287.4,291.7,283.7,289.2,314.0,310.7,289.3,286.1,299.9,290.5,737.4,365.1,3.0,18.3
2025-04-28 09:03:15,287.8,291.9,284.3,289.5,314.2,311.1,289.0,286.4,299.9,290.9,738.4,365.4,3.0,18.3
2025-04-28 09:03:20,288.2,292.3,284.4,289.4,314.1,311.4,289.3,286.5,300.3,291.3,738.8,365.2,3.0,18.3
2025-04-28 09:03:25,288.6,293.0,284.8,289.3,314.6,311.6,289.1,286.9,300.8,291.6,739.2,365.5,2.9,18.3
2025-04-28 09:03:30,288.7,293.1,285.1,289.6,315.6,312.0,289.9,287.5,301.0,291.8,739.1,365.6,3.4,18.4
2025-04-28 09:03:35,289.0,293.3,285.7,290.0,315.5,312.3,290.2,288.1,301.5,292.1,739.0,366.4,3.6,18.4
2025-04-28 09:03:40,289.1,293.4,285.8,290.5,315.7,312.4,290.2,288.3,301.6,292.4,738.8,366.9,3.6,18.4
2025-04-28 09:03:45,289.5,293.8,286.2,290.8,316.2,312.7,290.6,288.5,302.0,292.7,738.8,367.3,3.4,18.3
2025-04-28 09:03:50,289.8,294.2,286.5,291.0,316.4,313.2,290.8,288.7,302.1,292.8,737.9,367.7,3.0,18.3
2025-04-28 09:03:55,289.7,294.1,286.6,291.2,316.6,314.0,291.0,288.7,302.5,293.0,738.2,367.9,2.7,18.3
2025-04-28 09:04:00,289.8,293.9,286.5,291.3,316.4,313.8,290.9,289.0,302.4,293.2,738.4,368.1,3.4,18.3
2025-04-28 09:04:05,290.1,294.8,287.0,291.6,316.4,314.5,291.4,289.4,302.5,293.4,738.3,368.5,4.0,18.3
2025-04-28 09:04:10,290.3,294.8,287.4,291.8,316.7,314.8,291.5,290.1,302.7,293.5,737.9,368.7,4.0,18.3
2025-04-28 09:04:15,290.7,295.2,288.0,292.1,317.1,314.9,291.8,290.3,302.8,293.7,738.3,368.9,4.5,18.3
2025-04-28 09:04:20,290.9,295.5,288.3,291.9,317.4,315.1,292.1,290.8,302.7,294.1,738.1,368.5,4.5,18.2
2025-04-28 09:04:25,291.2,295.3,288.9,292.3,317.6,315.4,292.4,290.8,302.8,294.2,737.6,369.3,3.3,18.2
2025-04-28 09:04:30,291.7,295.4,289.2,292.2,317.9,315.6,292.9,291.1,303.3,294.4,737.5,369.5,3.0,18.2
2025-04-28 09:04:35,292.1,296.0,288.9,292.6,318.2,315.6,293.6,291.4,303.8,294.9,739.0,370.1,3.2,18.1
2025-04-28 09:04:40,292.6,296.1,289.7,292.7,318.6,315.6,293.8,291.5,304.0,295.5,740.7,370.4,3.2,18.1
2025-04-28 09:04:45,293.1,296.4,290.1,293.2,319.4,316.3,294.3,292.0,304.3,295.9,740.7,370.7,2.8,18.1
2025-04-28 09:04:50,293.2,296.8,290.1,293.4,319.7,316.2,294.6,291.9,304.8,296.3,741.0,371.1,2.5,18.1
2025-04-28 09:04:55,293.3,297.3,290.2,293.8,319.7,316.3,294.8,292.4,305.1,296.8,742.1,371.5,1.9,18.1
2025-04-28 09:05:00,293.9,297.8,290.7,294.2,320.0,316.7,295.1,293.0,305.3,297.0,741.9,371.8,1.9,18.1
2025-04-28 09:05:05,294.3,298.3,291.1,294.8,320.1,318.1,295.2,293.1,305.3,297.1,741.9,372.3,2.4,18.1
2025-04-28 09:05:10,294.7,298.4,291.4,295.6,320.3,318.6,295.2,293.5,306.0,297.8,742.9,373.3,2.2,18.1
2025-04-28 09:05:15,294.7,298.7,291.5,295.8,320.9,319.2,295.5,293.8,306.3,298.0,742.9,373.6,2.9,18.1
2025-04-28 09:05:20,295.0,299.2,291.8,296.1,321.7,319.4,296.4,294.2,306.6,298.1,742.5,374.2,2.6,18.1
2025-04-28 09:05:25,295.4,299.2,292.0,296.2,322.2,319.2,297.2,294.4,306.8,298.4,742.7,374.3,2.4,18.1
2025-04-28 09:05:30,295.3,299.2,292.3,296.2,322.4,319.3,297.2,294.6,307.0,299.0,743.7,374.4,2.1,18.1
2025-04-28 09:05:35,295.8,299.8,293.0,296.6,322.9,319.6,297.3,294.8,307.0,299.3,743.7,374.5,2.4,18.1
2025-04-28 09:05:40,296.2,300.1,292.9,297.2,323.0,320.0,297.3,295.2,307.2,299.1,743.5,375.0,2.4,18.1
2025-04-28 09:05:45,296.6,300.8,293.2,297.3,323.3,320.4,297.1,295.3,307.7,299.5,742.6,375.3,2.3,18.1
2025-04-28 09:05:50,297.1,301.1,293.6,297.6,323.5,320.5,297.5,295.4,307.9,299.7,743.4,375.7,2.1,18.2
2025-04-28 09:05:55,297.4,301.2,293.7,298.0,323.8,321.0,298.1,295.8,308.5,299.9,743.4,375.9,2.7,18.2
2025-04-28 09:06:00,297.7,301.0,294.4,298.2,324.1,321.3,298.5,296.3,309.2,300.1,743.7,376.6,2.3,18.2
2025-04-28 09:06:05,298.0,301.6,294.5,298.4,324.4,321.7,298.7,296.8,309.8,300.4,743.8,376.8,1.9,18.2
2025-04-28 09:06:10,298.4,302.3,294.7,298.7,324.8,321.9,299.1,297.1,310.0,300.8,744.3,377.3,1.6,18.2
2025-04-28 09:06:15,298.4,303.1,294.8,298.7,325.2,322.3,300.0,297.9,310.4,301.3,744.8,377.6,1.6,18.2
2025-04-28 09:06:20,298.6,303.5,295.0,299.2,325.7,323.0,300.8,298.4,310.6,301.4,745.1,377.8,1.8,18.2
2025-04-28 09:06:25,298.9,303.4,295.4,299.4,325.8,323.2,301.0,299.1,311.3,301.9,746.0,378.4,1.7,18.2
2025-04-28 09:06:30,299.3,304.0,295.6,299.8,326.0,323.4,301.7,299.2,311.7,302.4,746.9,378.6,2.1,18.3
2025-04-28 09:06:35,299.2,304.3,296.0,300.3,326.7,323.7,301.8,299.6,312.0,302.6,747.2,378.8,3.0,18.3
2025-04-28 09:06:40,299.5,304.5,296.6,300.9,327.0,324.1,301.8,300.2,312.2,303.2,747.8,380.4,4.5,18.3
2025-04-28 09:06:45,299.8,304.8,297.0,301.4,327.5,324.6,301.9,300.2,312.2,303.4,747.5,380.3,4.2,18.3
2025-04-28 09:06:50,300.3,305.0,298.0,301.3,327.6,324.8,302.1,300.2,312.2,303.6,748.0,380.5,3.7,18.3
2025-04-28 09:06:55,300.7,304.9,298.2,301.6,328.1,325.4,302.8,300.4,312.7,303.8,747.8,380.9,3.1,18.3
2025-04-28 09:07:00,300.8,304.7,297.9,301.9,328.2,325.2,302.9,300.3,312.8,303.9,746.9,381.3,2.8,18.3
2025-04-28 09:07:05,301.1,304.9,297.7,302.0,328.1,325.3,303.3,300.5,312.9,304.0,747.6,381.7,2.5,18.3
2025-04-28 09:07:10,301.3,305.2,298.4,302.1,328.2,325.8,303.2,300.6,313.3,304.2,747.7,381.7,2.9,18.3
2025-04-28 09:07:15,301.5,305.1,298.7,302.3,328.3,325.9,303.4,300.8,313.7,304.6,747.4,382.0,3.2,18.3
2025-04-28 09:07:20,301.6,305.3,298.6,302.3,328.7,325.9,303.4,301.1,313.7,304.6,747.3,382.0,2.5,18.3
2025-04-28 09:07:25,302.1,306.0,298.9,302.2,328.2,325.6,303.1,301.2,313.9,304.8,746.0,381.8,2.1,18.2
2025-04-28 09:07:30,302.3,306.5,298.7,302.5,328.7,325.7,303.2,301.3,314.2,304.8,746.2,382.2,1.8,18.3
2025-04-28 09:07:35,302.7,307.1,299.0,302.6,329.0,326.2,303.3,301.9,314.2,305.1,746.7,382.9,2.3,18.3
2025-04-28 09:07:40,303.1,307.4,299.5,303.0,329.6,326.4,304.3,302.2,314.7,305.3,746.5,383.3,2.5,18.3
2025-04-28 09:07:45,303.8,307.5,299.8,303.5,329.7,326.8,305.0,302.5,315.2,305.9,747.3,384.0,2.1,18.3
2025-04-28 09:07:50,304.0,307.7,300.5,303.8,330.1,327.3,305.3,302.8,315.6,306.4,748.4,384.5,2.4,18.3
2025-04-28 09:07:55,304.2,308.0,300.8,304.0,330.5,327.9,305.6,303.7,315.9,307.2,749.3,384.6,2.2,18.3
2025-04-28 09:08:00,304.5,308.5,301.5,304.2,331.1,328.2,306.0,304.3,316.9,307.5,750.1,385.0,2.6,18.3
2025-04-28 09:08:05,304.4,309.2,301.5,304.8,331.4,328.3,306.5,304.5,317.0,307.9,750.5,385.4,2.4,18.3
2025-04-28 09:08:10,304.6,309.3,301.5,305.0,331.7,328.4,306.4,304.4,317.1,308.2,750.5,385.5,2.3,18.3
2025-04-28 09:08:15,304.9,309.6,301.8,305.2,332.4,328.7,306.8,304.6,317.3,308.5,750.9,385.7,2.2,18.4
2025-04-28 09:08:20,305.1,309.9,301.9,305.5,332.4,329.2,307.1,304.9,317.8,308.8,750.8,386.2,1.8,18.4
2025-04-28 09:08:25,305.0,310.0,302.1,305.6,332.6,329.6,307.2,305.2,318.0,309.1,750.4,386.6,1.6,18.4
2025-04-28 09:08:30,305.6,310.2,302.3,306.2,332.7,329.9,307.6,305.6,318.4,309.1,750.5,387.3,1.3,18.4
2025-04-28 09:08:35,305.8,310.1,302.6,306.2,333.0,329.8,307.8,306.0,318.5,309.2,750.0,387.4,1.2,18.4
2025-04-28 09:08:40,306.0,310.4,303.2,306.6,333.5,330.2,308.3,306.2,318.7,309.4,749.9,387.6,1.0,18.4
2025-04-28 09:08:45,306.7,310.6,303.6,306.7,333.8,330.6,308.6,306.2,318.7,309.7,750.0,388.1,1.4,18.5
2025-04-28 09:08:50,307.1,311.4,303.7,307.1,334.3,330.9,308.9,306.3,318.8,309.8,750.2,388.2,1.4,18.5
2025-04-28 09:08:55,307.5,311.6,304.0,307.5,334.4,331.3,309.3,307.1,320.0,310.3,750.6,388.6,1.2,18.5
2025-04-28 09:09:00,307.6,311.9,304.1,307.7,334.8,331.7,309.4,307.8,320.4,310.6,751.3,389.0,1.1,18.6
2025-04-28 09:09:05,308.2,312.1,304.9,308.0,335.1,331.7,309.8,308.4,320.7,311.0,751.7,389.2,1.0,18.6
2025-04-28 09:09:10,308.7,312.2,305.2,308.2,335.5,332.1,310.8,308.6,321.1,311.2,751.5,389.4,1.0,18.6
2025-04-28 09:09:15,309.0,312.6,305.5,308.3,335.7,332.5,311.0,308.8,321.4,311.4,751.4,390.0,0.8,18.6
2025-04-28 09:09:20,309.1,313.0,305.7,309.0,336.2,333.0,311.5,308.9,321.5,311.6,751.7,390.5,0.8,18.7
2025-04-28 09:09:25,309.2,313.6,306.4,309.1,336.3,332.9,311.5,308.9,321.7,312.1,752.3,390.5,0.7,18.7
2025-04-28 09:09:30,309.3,314.1,306.4,309.6,336.4,333.5,311.5,308.9,321.7,312.4,752.8,390.9,0.6,18.7
2025-04-28 09:09:35,309.6,314.1,306.7,309.7,336.5,333.7,311.5,309.5,322.0,313.0,753.2,391.1,1.3,18.8
2025-04-28 09:09:40,310.2,314.2,306.8,309.8,336.9,333.9,311.8,309.9,322.1,313.3,753.4,391.3,1.5,18.8
2025-04-28 09:09:45,310.5,314.5,307.1,309.7,337.3,334.2,312.2,310.5,322.7,313.4,753.0,391.7,1.7,18.8
2025-04-28 09:09:50,310.5,314.8,307.2,310.2,337.5,334.5,312.6,310.6,322.9,313.7,753.2,391.8,2.5,18.8
2025-04-28 09:09:55,310.9,315.1,307.5,310.4,337.7,334.5,312.7,311.1,323.5,313.9,753.8,392.5,2.4,18.9
2025-04-28 09:10:00,311.4,316.2,307.8,311.0,338.4,335.0,313.5,311.4,323.9,314.1,753.8,393.1,2.3,18.9
2025-04-28 09:10:05,311.9,316.7,308.2,311.3,339.1,335.2,314.2,311.3,324.2,314.4,753.7,393.5,2.3,18.9
2025-04-28 09:10:10,311.8,316.9,308.7,311.8,339.3,335.7,314.7,311.9,324.8,314.9,754.4,393.6,2.6,19.0
2025-04-28 09:10:15,312.1,317.1,309.5,312.0,339.6,336.2,314.6,311.6,325.1,315.1,754.6,393.9,2.3,19.0
2025-04-28 09:10:20,312.4,317.2,309.4,312.3,339.5,336.2,314.4,311.9,325.3,315.2,754.4,394.1,2.1,19.0
2025-04-28 09:10:25,312.4,317.9,309.2,312.6,340.1,336.5,315.0,312.9,325.6,315.5,753.9,395.0,2.4,19.0
2025-04-28 09:10:30,312.6,318.1,309.6,313.0,340.3,336.8,315.2,313.4,325.9,315.8,754.0,395.1,2.7,19.0
2025-04-28 09:10:35,313.1,318.4,310.3,313.2,340.6,337.0,315.4,313.6,326.3,315.8,753.7,395.6,2.7,19.1
2025-04-28 09:10:40,313.6,318.7,310.6,313.2,341.5,338.4,316.0,314.2,327.1,316.1,754.5,395.7,2.5,19.1
2025-04-28 09:10:45,314.0,318.5,311.1,313.7,341.7,338.6,316.6,314.3,327.4,316.4,755.1,396.0,2.0,19.1
2025-04-28 09:10:50,314.4,318.8,311.2,314.2,342.1,338.7,316.7,314.5,327.5,316.9,755.9,396.7,1.5,19.1
2025-04-28 09:10:55,314.7,319.0,311.4,314.5,342.7,338.8,316.7,314.6,327.7,317.7,756.8,397.0,1.5,19.1
2025-04-28 09:11:00,314.8,319.2,312.4,314.5,342.9,338.9,317.2,314.8,327.8,317.9,757.3,397.2,1.6,19.1
2025-04-28 09:11:05,315.2,319.6,312.5,314.7,343.4,339.2,317.7,315.0,327.9,318.1,756.6,397.6,1.7,19.1
2025-04-28 09:11:10,315.6,319.9,312.7,314.9,343.5,339.5,317.8,315.1,328.6,318.7,757.1,398.1,2.2,19.2
2025-04-28 09:11:15,315.7,320.6,312.9,315.1,343.8,339.8,317.9,315.6,329.1,318.9,757.6,398.5,2.7,19.2
2025-04-28 09:11:20,316.1,321.2,313.4,315.6,344.0,340.0,318.0,316.3,329.3,319.2,757.3,398.8,2.2,19.2
2025-04-28 09:11:25,316.6,321.8,313.7,315.8,344.0,340.2,318.3,317.1,329.8,319.4,757.9,398.9,2.1,19.2
2025-04-28 09:11:30,317.2,322.0,313.7,316.2,344.2,340.4,318.8,318.3,330.2,319.8,757.9,399.3,2.2,19.2
2025-04-28 09:11:35,317.5,321.8,314.1,316.3,344.8,340.7,319.4,318.4,330.8,320.3,758.5,399.6,2.3,19.2
2025-04-28 09:11:40,317.6,321.7,314.2,316.9,345.2,341.0,320.4,318.4,331.1,320.7,759.0,400.3,2.2,19.3
2025-04-28 09:11:45,317.8,321.7,314.6,317.4,345.9,341.4,320.9,318.6,331.6,321.5,760.1,400.4,2.3,19.3
2025-04-28 09:11:50,318.2,322.3,315.0,317.6,346.0,342.1,321.3,319.1,331.6,321.5,759.9,400.9,2.0,19.3
2025-04-28 09:11:55,318.5,322.6,315.4,318.2,346.5,342.8,321.4,319.1,331.8,321.9,760.1,400.9,1.9,19.3
2025-04-28 09:12:00,318.8,322.9,315.5,318.6,346.6,343.4,321.5,319.0,332.0,322.0,760.2,401.6,1.7,19.3
2025-04-28 09:12:05,319.0,323.4,315.7,319.2,346.8,343.7,321.8,319.5,332.6,322.5,760.5,402.0,1.6,19.3
2025-04-28 09:12:10,319.3,323.6,315.8,319.5,347.2,343.7,322.1,319.9,333.0,322.6,760.0,403.0,2.1,19.4
2025-04-28 09:12:15,319.7,323.8,316.4,319.8,347.6,343.9,322.2,320.3,333.0,322.8,760.4,403.5,2.2,19.4
2025-04-28 09:12:20,319.8,324.1,316.6,319.9,347.9,344.0,322.2,320.7,333.4,323.2,760.9,403.3,3.1,19.4
2025-04-28 09:12:25,320.0,324.4,317.0,319.9,348.6,344.3,322.5,321.0,333.6,323.3,760.7,403.7,3.5,19.4
2025-04-28 09:12:30,320.2,324.7,317.9,320.5,349.1,344.9,323.0,321.2,333.4,323.5,760.5,404.1,3.7,19.4
2025-04-28 09:12:35,320.2,324.8,318.4,320.6,349.3,345.0,323.6,321.3,333.4,323.7,760.3,404.6,3.6,19.4
2025-04-28 09:12:40,320.9,325.0,318.8,320.5,349.4,345.6,323.6,321.4,333.4,324.1,760.2,404.5,3.6,19.3
2025-04-28 09:12:45,321.3,325.1,318.6,320.8,349.6,345.6,323.8,321.6,333.7,324.1,760.0,404.5,3.7,19.3
2025-04-28 09:12:50,322.0,325.7,318.8,321.1,349.8,345.5,323.7,321.6,334.2,324.3,760.2,405.0,3.2,19.2
2025-04-28 09:12:55,322.1,325.8,318.8,321.1,349.9,346.0,323.8,322.3,334.7,324.7,761.2,405.3,2.4,19.2
2025-04-28 09:13:00,322.4,326.2,319.2,321.1,350.1,345.8,324.1,322.4,335.0,325.2,761.3,405.8,2.2,19.2
2025-04-28 09:13:05,322.7,326.3,319.1,321.5,350.8,346.3,324.8,322.5,335.7,325.5,761.5,406.2,2.1,19.2
2025-04-28 09:13:10,322.4,326.3,319.4,321.8,351.1,346.6,325.2,323.1,336.0,325.8,762.5,406.3,2.1,19.1
2025-04-28 09:13:15,322.5,326.6,319.5,321.8,351.4,347.1,325.5,323.4,336.4,326.1,762.3,406.7,2.2,19.2
2025-04-28 09:13:20,322.6,327.5,319.5,321.9,351.7,347.3,325.6,323.7,336.8,326.7,762.9,406.6,2.1,19.1
2025-04-28 09:13:25,322.8,327.6,320.0,322.0,351.8,347.4,326.1,324.2,337.2,326.8,763.2,406.5,1.7,19.1
2025-04-28 09:13:30,323.0,328.0,320.1,322.5,351.9,347.8,326.5,324.0,337.3,327.4,763.4,406.8,1.5,19.1
2025-04-28 09:13:35,323.5,328.3,320.3,322.8,351.8,347.8,326.7,324.4,337.4,327.6,763.3,407.7,1.4,19.2
2025-04-28 09:13:40,324.2,328.5,320.6,324.0,352.4,347.9,326.8,324.8,337.3,327.5,762.7,408.4,1.2,19.2
2025-04-28 09:13:45,324.9,329.3,321.2,324.5,352.6,349.0,326.8,325.2,337.8,328.0,762.7,408.8,1.1,19.2
2025-04-28 09:13:50,324.9,329.3,321.5,324.7,353.4,349.5,327.4,325.7,337.9,328.3,763.0,409.6,1.0,19.2
2025-04-28 09:13:55,325.2,330.0,321.6,324.9,353.8,349.7,327.4,325.7,338.1,328.5,763.2,410.1,1.4,19.2
2025-04-28 09:14:00,325.5,330.3,322.4,325.1,354.3,350.1,327.7,326.0,338.6,328.8,763.0,410.6,2.3,19.2
2025-04-28 09:14:05,325.8,330.5,323.1,325.3,354.4,350.4,327.8,326.6,338.9,328.9,763.6,410.9,2.9,19.2
2025-04-28 09:14:10,326.0,330.4,323.9,325.7,354.6,350.6,328.4,327.2,339.2,329.3,763.3,411.2,2.5,19.2
2025-04-28 09:14:15,325.9,330.6,323.9,325.9,354.9,350.9,328.8,327.0,339.5,329.6,763.3,411.6,2.3,19.2
2025-04-28 09:14:20,326.5,331.0,324.5,326.0,355.1,351.5,328.9,327.1,339.4,329.9,764.5,412.2,1.7,19.2
2025-04-28 09:14:25,326.7,331.4,324.6,326.2,355.1,351.4,329.0,327.8,339.7,330.3,764.5,412.4,2.5,19.2
2025-04-28 09:14:30,326.8,331.4,324.6,326.5,355.2,352.1,329.4,327.8,340.0,330.4,764.8,412.9,3.5,19.2
2025-04-28 09:14:35,327.1,331.5,325.1,327.2,355.5,352.3,329.4,328.0,340.2,331.0,765.2,413.2,2.8,19.2
2025-04-28 09:14:40,327.8,332.0,325.2,327.4,355.7,352.5,329.9,328.6,340.7,331.3,765.9,413.8,2.2,19.2
2025-04-28 09:14:45,327.9,332.3,325.6,327.7,355.8,353.1,330.3,328.9,340.9,331.8,765.9,414.8,2.1,19.2
2025-04-28 09:14:50,328.3,332.4,325.6,328.4,356.1,353.3,330.8,329.3,341.8,332.3,766.8,415.0,1.9,19.2
2025-04-28 09:14:55,328.4,332.9,326.1,328.4,357.3,353.6,331.4,329.9,342.6,332.6,767.7,414.9,2.2,19.2
2025-04-28 09:15:00,328.9,333.4,326.6,328.8,358.0,354.0,331.8,330.2,342.8,332.7,767.5,415.0,2.2,19.2
2025-04-28 09:15:05,329.2,333.7,326.9,328.8,358.0,354.0,332.2,330.6,343.3,332.9,767.7,415.3,2.1,19.3
2025-04-28 09:15:10,329.3,333.9,327.1,329.1,358.7,354.5,332.7,330.8,343.7,333.3,768.4,415.7,1.9,19.3
2025-04-28 09:15:15,329.6,334.8,327.8,329.3,359.2,355.5,333.2,330.9,343.8,333.7,768.7,416.0,2.0,19.3
2025-04-28 09:15:20,330.1,335.2,328.1,330.0,359.5,356.0,333.5,331.0,344.0,333.9,768.8,416.1,1.5,19.3
2025-04-28 09:15:25,330.7,335.2,328.0,330.5,359.7,356.3,333.5,331.4,344.3,334.0,768.6,417.4,1.9,19.3
2025-04-28 09:15:30,331.3,335.3,328.4,330.8,359.9,356.3,333.6,331.8,344.7,334.4,768.3,417.7,2.3,19.3
2025-04-28 09:15:35,331.2,335.7,328.7,331.2,360.7,356.4,334.0,332.3,344.9,334.7,769.2,417.9,3.3,19.3
2025-04-28 09:15:40,331.4,336.0,328.7,331.2,360.7,356.7,334.4,332.6,345.0,334.8,769.2,418.3,3.2,19.3
2025-04-28 09:15:45,331.7,336.3,328.9,331.9,361.0,356.5,334.6,332.7,345.4,335.1,769.1,418.7,2.9,19.3
2025-04-28 09:15:50,332.0,336.5,329.2,332.1,361.3,356.8,334.6,332.8,345.4,335.0,768.5,418.8,2.8,19.3
2025-04-28 09:15:55,332.2,336.5,329.7,332.1,361.2,357.4,334.6,333.1,345.3,335.2,768.2,419.1,3.0,19.2
2025-04-28 09:16:00,332.3,336.9,329.5,332.5,361.8,357.4,334.9,332.7,345.7,335.5,768.2,419.6,3.0,19.2
2025-04-28 09:16:05,332.7,337.3,329.8,332.5,362.0,357.5,335.0,333.4,346.1,335.7,767.8,419.9,2.9,19.2
2025-04-28 09:16:10,332.9,337.4,330.5,332.6,362.4,357.7,335.2,333.5,346.3,336.0,768.3,419.9,2.4,19.2
2025-04-28 09:16:15,333.4,337.2,330.8,333.1,362.8,357.9,335.3,333.6,346.7,336.2,768.6,419.9,2.4,19.2
2025-04-28 09:16:20,333.5,337.2,330.8,333.1,362.8,358.0,335.6,334.0,346.8,336.5,769.2,420.3,2.3,19.2
2025-04-28 09:16:25,333.9,337.4,331.4,333.1,363.0,358.4,335.7,334.4,346.9,336.9,768.7,420.8,1.8,19.2
2025-04-28 09:16:30,334.3,337.4,331.6,333.0,363.0,358.5,336.0,334.7,347.5,337.2,769.5,420.6,1.6,19.2
2025-04-28 09:16:35,334.5,337.7,330.7,333.2,363.3,359.0,336.2,334.9,347.7,337.7,770.0,420.6,1.4,19.2
2025-04-28 09:16:40,334.6,338.0,331.4,333.1,363.5,358.8,336.9,335.1,348.1,337.9,769.9,420.4,1.6,19.2
2025-04-28 09:16:45,334.4,338.3,331.9,333.1,363.5,358.7,336.7,335.4,348.2,337.8,769.4,420.4,1.7,19.2
2025-04-28 09:16:50,334.6,338.6,332.0,333.6,363.7,358.9,337.0,335.4,348.2,338.0,768.8,420.9,1.8,19.2
2025-04-28 09:16:55,334.9,338.7,332.2,333.8,363.8,359.0,337.1,335.5,348.4,338.2,768.8,421.3,1.7,19.3
2025-04-28 09:17:00,335.3,338.7,332.3,333.9,363.9,359.4,337.2,335.7,348.3,338.4,768.7,421.5,1.9,19.2
2025-04-28 09:17:05,335.6,339.4,332.9,334.3,363.9,360.0,337.4,335.5,348.8,338.5,768.4,421.9,2.4,19.2
2025-04-28 09:17:10,335.5,339.8,333.1,334.5,363.8,360.2,337.3,335.6,349.0,338.6,768.1,422.5,2.9,19.3
2025-04-28 09:17:15,335.3,339.7,333.0,334.5,364.1,360.8,337.3,336.2,349.0,339.0,768.3,422.7,2.7,19.2
2025-04-28 09:17:20,335.8,340.0,333.3,335.0,364.3,360.6,337.6,336.5,349.1,339.3,768.1,423.2,2.6,19.2
2025-04-28 09:17:25,336.0,340.4,333.4,335.2,364.8,360.8,337.8,336.8,349.4,339.3,768.1,423.2,2.6,19.2
2025-04-28 09:17:30,336.2,340.4,333.9,335.4,365.0,361.1,338.4,337.0,349.7,339.8,768.6,423.3,2.3,19.2
2025-04-28 09:17:35,336.4,340.8,334.2,335.6,365.4,361.4,338.5,337.3,349.8,340.3,768.7,423.4,1.9,19.1
2025-04-28 09:17:40,336.5,341.1,334.3,335.9,365.7,361.4,339.0,337.5,350.1,340.6,768.1,423.8,2.0,19.2
2025-04-28 09:17:45,336.9,341.6,334.9,336.1,366.3,361.7,339.1,338.3,350.6,341.0,769.5,424.2,1.7,19.2
2025-04-28 09:17:50,337.2,342.1,335.2,336.7,366.5,362.2,339.3,338.9,351.5,341.2,770.0,424.6,1.5,19.2
2025-04-28 09:17:55,337.7,342.6,335.2,337.0,366.7,362.2,339.8,339.2,351.9,341.5,769.8,425.2,1.8,19.2
2025-04-28 09:18:00,338.2,342.6,335.7,338.0,367.2,362.9,340.4,339.6,352.2,341.7,770.4,425.8,1.8,19.2
2025-04-28 09:18:05,338.5,342.9,335.8,338.1,367.6,363.2,341.0,339.7,351.9,342.1,770.7,426.6,1.6,19.2
2025-04-28 09:18:10,339.3,343.5,336.1,338.7,367.8,363.5,341.4,340.0,352.5,342.6,771.5,427.1,1.5,19.2
2025-04-28 09:18:15,339.8,343.9,336.4,339.4,368.3,363.5,341.6,340.4,352.7,342.9,771.2,427.4,1.7,19.2
2025-04-28 09:18:20,340.5,343.9,336.8,339.6,368.6,364.1,341.8,340.8,352.9,343.0,771.2,427.7,1.6,19.2
2025-04-28 09:18:25,340.6,344.1,337.4,339.6,368.9,364.4,342.0,341.0,353.3,343.2,771.0,428.3,1.3,19.2
2025-04-28 09:18:30,340.8,344.3,338.1,339.6,369.3,364.8,342.2,341.5,353.3,343.5,771.8,428.6,1.2,19.2
2025-04-28 09:18:35,340.6,344.2,338.5,339.4,369.6,365.1,343.0,341.7,353.4,343.9,771.3,428.6,1.0,19.3
2025-04-28 09:18:40,340.7,344.5,338.5,339.3,369.8,364.9,343.4,341.8,353.6,344.2,771.6,428.3,0.7,19.3
2025-04-28 09:18:45,340.9,344.4,338.6,339.4,370.0,364.9,343.6,341.9,354.1,344.5,771.7,428.4,0.9,19.3
2025-04-28 09:18:50,341.1,345.0,338.6,339.6,370.1,364.8,343.4,342.1,354.4,344.7,771.8,428.5,0.9,19.3
2025-04-28 09:18:55,341.4,345.2,338.5,339.9,370.0,365.2,343.3,342.5,354.7,344.8,771.5,428.6,0.8,19.4
2025-04-28 09:19:00,341.8,345.1,338.8,340.5,369.8,365.4,343.7,342.8,354.9,345.1,771.5,428.8,0.9,19.4
2025-04-28 09:19:05,342.0,345.5,339.1,340.7,369.9,365.6,343.7,342.8,355.0,345.6,772.4,429.7,0.8,19.4
2025-04-28 09:19:10,342.3,345.7,339.2,340.9,369.9,366.0,343.7,342.9,355.3,345.7,772.7,429.5,0.8,19.4
2025-04-28 09:19:15,342.5,346.1,339.4,341.2,370.1,366.3,343.9,343.2,355.2,345.9,772.5,429.6,1.0,19.4
2025-04-28 09:19:20,342.8,346.2,339.7,341.3,370.2,366.4,343.9,343.2,355.4,346.4,772.6,430.1,0.9,19.5
2025-04-28 09:19:25,342.9,346.7,339.8,341.5,370.2,366.6,344.1,343.4,355.7,346.3,772.4,430.9,1.4,19.5
2025-04-28 09:19:30,343.1,347.2,340.0,341.9,370.7,366.7,345.1,343.7,355.6,346.6,772.2,431.4,1.5,19.6
2025-04-28 09:19:35,343.5,347.5,340.3,342.6,371.2,367.5,345.2,343.9,356.1,346.7,771.7,431.8,1.5,19.6
2025-04-28 09:19:40,343.7,347.8,340.6,342.7,371.2,368.6,345.3,344.2,356.3,347.1,772.1,432.3,1.6,19.6
2025-04-28 09:19:45,344.1,348.0,341.1,343.4,371.7,368.6,345.8,344.5,356.8,347.3,772.3,432.7,1.9,19.7
2025-04-28 09:19:50,344.4,348.4,341.6,343.9,372.0,368.8,345.9,345.0,356.8,347.6,772.4,432.8,1.9,19.7
2025-04-28 09:19:55,345.0,348.7,342.3,344.2,372.6,369.2,346.2,345.3,357.4,347.9,772.3,433.3,2.1,19.7
2025-04-28 09:20:00,345.3,348.5,342.6,344.0,373.2,369.6,346.1,345.6,358.6,348.3,772.3,433.7,2.3,19.7
2025-04-28 09:20:05,345.7,349.4,343.3,344.3,374.2,369.7,346.3,345.8,358.5,348.6,772.7,434.2,2.5,19.7
2025-04-28 09:20:10,345.6,349.8,343.6,344.5,374.3,370.2,347.0,346.9,358.9,349.1,773.9,434.4,2.3,19.7
2025-04-28 09:20:15,345.8,350.0,343.6,344.8,374.5,370.5,347.8,347.4,359.2,349.5,774.6,434.9,1.8,19.7
2025-04-28 09:20:20,346.0,350.2,343.6,344.8,374.7,370.7,348.3,347.5,359.4,349.9,774.4,435.1,1.7,19.8
2025-04-28 09:20:25,346.4,350.7,343.8,345.2,374.8,371.1,348.8,347.7,359.3,349.9,774.4,435.1,1.2,19.8
2025-04-28 09:20:30,346.6,351.0,344.0,345.5,374.7,371.4,349.2,347.9,359.6,350.3,774.6,435.5,1.2,19.8
2025-04-28 09:20:35,347.1,351.0,344.4,346.1,375.2,371.8,349.7,348.8,360.2,350.5,774.7,436.4,1.0,19.8
2025-04-28 09:20:40,347.5,351.4,344.9,346.8,375.5,372.0,349.9,349.3,360.8,350.8,775.4,436.8,0.9,19.8
2025-04-28 09:20:45,347.8,352.1,345.4,347.1,376.3,372.4,350.1,349.5,360.9,351.2,775.7,437.0,0.9,19.8
2025-04-28 09:20:50,348.3,352.4,345.8,347.0,376.9,372.9,350.4,349.4,361.1,351.7,776.5,437.6,0.9,19.8
2025-04-28 09:20:55,348.6,352.8,346.0,347.5,377.4,373.3,350.4,349.5,361.3,351.8,775.6,437.6,0.9,19.9
2025-04-28 09:21:00,348.8,352.9,346.4,348.3,377.9,373.5,350.6,349.8,361.4,352.1,776.4,438.5,1.0,19.9
2025-04-28 09:21:05,349.1,353.3,346.4,348.6,378.1,373.6,351.1,350.1,361.7,352.2,776.3,438.7,1.0,19.9
2025-04-28 09:21:10,349.4,353.6,347.0,348.6,378.3,373.9,351.2,350.5,362.2,352.5,776.4,439.4,1.2,20.0
2025-04-28 09:21:15,349.4,353.8,347.4,348.9,378.4,374.1,351.5,351.3,362.6,352.9,776.4,440.1,1.9,20.0
2025-04-28 09:21:20,349.6,354.3,348.1,349.3,378.6,374.4,351.7,351.7,363.1,353.4,776.9,440.2,2.3,20.0
2025-04-28 09:21:25,349.9,354.4,348.4,349.8,379.0,374.8,352.3,351.7,364.0,353.6,777.6,440.4,2.4,20.0
2025-04-28 09:21:30,350.2,355.3,348.6,350.3,379.4,375.4,352.6,351.9,364.6,354.3,778.2,441.1,1.9,20.0
2025-04-28 09:21:35,350.4,355.1,348.8,351.0,380.1,375.9,353.5,352.3,364.9,354.4,778.8,441.1,2.0,20.0
2025-04-28 09:21:40,350.8,355.2,349.3,351.4,380.4,377.1,353.8,352.5,365.2,355.0,778.8,442.1,3.1,20.0
2025-04-28 09:21:45,350.9,355.1,349.6,351.7,380.5,377.3,353.7,353.0,365.2,355.0,779.0,442.6,3.7,20.0
2025-04-28 09:21:50,350.9,355.4,350.3,352.2,381.0,377.7,353.9,353.2,365.5,355.5,779.5,443.6,4.4,20.0
2025-04-28 09:21:55,351.3,355.9,350.4,352.6,381.3,377.8,354.8,353.5,365.8,355.8,779.5,444.6,3.7,20.0
2025-04-28 09:22:00,351.8,356.1,351.1,352.8,381.5,377.5,355.2,353.6,366.4,356.3,779.6,444.5,4.0,20.0
2025-04-28 09:22:05,352.5,356.3,351.1,352.8,381.4,377.5,355.1,353.8,366.6,356.5,779.8,444.2,3.7,19.9
2025-04-28 09:22:10,352.3,356.9,351.5,353.2,381.5,377.8,355.3,354.2,366.9,356.8,780.4,444.6,4.1,19.9
2025-04-28 09:22:15,352.4,357.0,351.6,353.3,382.8,378.4,355.3,354.3,367.2,357.1,780.6,444.4,3.7,19.9
2025-04-28 09:22:20,353.1,357.6,351.7,353.1,383.2,378.6,355.6,355.6,367.2,357.6,781.1,444.7,3.5,19.8
2025-04-28 09:22:25,353.0,357.8,352.2,353.5,383.7,378.7,355.7,355.6,367.6,357.9,781.0,445.1,3.3,19.8
2025-04-28 09:22:30,353.5,358.7,352.7,354.3,383.9,379.1,356.3,355.5,367.9,358.2,781.4,445.5,3.1,19.8
2025-04-28 09:22:35,353.7,359.3,352.9,354.6,383.8,380.1,357.2,356.3,368.3,358.6,781.3,446.3,2.3,19.8
2025-04-28 09:22:40,354.1,359.7,353.8,355.2,384.4,380.5,357.4,356.7,368.6,358.7,781.9,446.7,3.1,19.7
2025-04-28 09:22:45,355.1,360.0,354.3,355.7,385.2,380.8,357.6,357.4,368.8,359.2,782.2,447.4,2.6,19.7
2025-04-28 09:22:50,355.4,360.0,354.8,356.2,385.6,381.4,357.8,357.7,369.0,359.5,782.5,447.9,2.7,19.7
2025-04-28 09:22:55,355.6,359.6,354.9,356.1,385.7,381.6,358.2,358.1,369.3,359.9,782.7,448.2,2.8,19.7
2025-04-28 09:23:00,348.7,350.6,346.6,346.7,376.6,371.8,348.6,347.9,359.4,348.8,753.4,435.9,2.8,19.7
2025-04-28 09:23:05,354.6,356.3,352.9,348.7,378.9,373.4,350.7,349.9,360.7,352.7,765.2,442.3,2.8,19.7
2025-04-28 09:23:10,355.9,360.4,354.9,356.0,386.4,382.5,358.6,358.4,368.9,358.4,779.8,448.0,2.6,19.6
2025-04-28 09:23:15,356.5,360.5,356.1,356.7,387.2,382.9,359.5,359.1,369.7,361.1,784.1,449.2,2.2,19.6
2025-04-28 09:23:20,357.1,360.9,356.6,357.5,387.1,383.5,359.9,359.1,370.9,361.4,784.0,449.3,2.2,19.6
2025-04-28 09:23:25,357.4,361.0,356.6,357.8,387.0,383.7,360.1,359.3,371.1,361.8,783.9,450.0,2.0,19.5
2025-04-28 09:23:30,357.7,361.7,356.7,357.6,386.8,383.5,360.0,359.2,370.8,361.8,783.6,450.5,1.9,19.5
2025-04-28 09:23:35,357.9,361.6,356.7,357.5,386.9,383.4,360.0,359.4,370.8,361.9,783.1,451.3,1.8,19.5
2025-04-28 09:23:40,358.1,361.6,357.0,357.6,387.0,383.7,360.3,359.6,371.0,362.1,782.6,451.6,1.7,19.5
2025-04-28 09:23:45,358.1,361.9,357.0,357.9,387.1,384.0,360.0,360.0,371.0,362.0,780.1,451.9,1.7,19.5
2025-04-28 09:23:50,358.1,362.0,357.0,358.4,387.4,384.0,360.5,360.5,371.3,362.5,782.7,452.5,1.6,19.5
2025-04-28 09:23:55,358.4,362.3,357.0,358.6,387.8,384.2,360.8,360.7,371.9,362.8,783.0,452.8,1.9,19.5
2025-04-28 09:24:00,358.5,362.6,357.6,358.6,388.3,384.5,361.1,360.9,372.3,362.9,783.0,453.1,1.8,19.5
2025-04-28 09:24:05,358.8,363.3,358.2,359.1,389.0,384.8,361.5,361.5,372.3,363.2,783.4,453.2,1.9,19.5
2025-04-28 09:24:10,359.3,363.5,358.5,359.4,389.3,385.2,361.8,362.2,372.7,363.6,784.2,453.1,2.0,19.5
2025-04-28 09:24:15,359.6,363.7,358.7,359.5,390.1,385.4,361.9,362.5,372.7,363.7,783.6,453.4,2.3,19.5
2025-04-28 09:24:20,360.0,363.6,359.0,359.8,390.4,386.0,363.1,362.3,373.3,363.8,783.2,452.5,2.1,19.5
2025-04-28 09:24:25,360.0,364.1,359.2,360.4,390.6,386.2,362.9,362.6,373.7,364.3,784.1,453.3,1.9,19.5
2025-04-28 09:24:30,360.0,364.3,359.2,360.8,390.8,386.4,363.2,363.6,374.3,364.9,784.7,454.2,1.9,19.5
2025-04-28 09:24:35,360.1,364.2,359.8,361.3,390.9,386.9,363.6,363.9,374.9,365.1,785.0,454.4,2.3,19.5
2025-04-28 09:24:40,360.5,364.4,359.9,361.4,391.2,387.2,364.2,364.1,375.2,365.5,785.7,454.9,2.4,19.5
2025-04-28 09:24:45,360.9,365.2,360.3,361.8,391.6,387.6,364.7,364.9,375.9,366.1,786.4,455.5,2.3,19.5
2025-04-28 09:24:50,361.0,365.6,360.8,361.8,392.1,387.9,365.1,364.9,376.6,366.3,787.0,456.0,1.9,19.5
2025-04-28 09:24:55,361.2,366.1,361.3,362.3,392.7,388.1,365.6,364.9,376.6,366.5,787.1,456.3,1.7,19.5
2025-04-28 09:25:00,361.7,366.5,361.5,362.8,393.0,388.5,365.9,365.6,376.9,367.1,787.7,456.7,1.9,19.5
2025-04-28 09:25:05,362.5,367.0,362.0,363.1,393.3,388.8,366.2,366.2,377.1,367.4,787.5,456.8,1.9,19.5
2025-04-28 09:25:10,362.9,366.9,362.3,363.2,393.9,389.2,366.6,366.5,377.3,367.6,787.7,457.5,1.9,19.6
2025-04-28 09:25:15,362.9,367.4,362.6,363.9,394.2,389.5,366.9,366.8,377.6,367.8,788.0,457.8,2.3,19.6
2025-04-28 09:25:20,363.1,367.6,362.8,364.2,394.5,390.0,367.1,367.3,377.9,368.4,788.5,458.9,2.8,19.6
2025-04-28 09:25:25,363.6,368.2,363.4,364.7,395.0,390.6,367.9,367.6,378.3,368.8,788.9,459.4,2.5,19.6
2025-04-28 09:25:30,363.9,368.2,363.8,365.0,395.4,390.7,368.3,367.6,378.3,369.2,789.2,459.8,2.9,19.6
2025-04-28 09:25:35,364.6,368.3,364.3,364.9,395.6,390.7,368.3,367.7,378.5,369.3,789.3,460.3,2.8,19.6
2025-04-28 09:25:40,365.1,368.7,364.8,364.8,395.7,390.7,368.4,368.6,378.7,369.6,789.2,460.5,2.4,19.6
2025-04-28 09:25:45,365.3,369.4,365.2,365.1,396.1,390.8,368.6,368.4,378.7,369.9,789.8,460.2,2.1,19.6
2025-04-28 09:25:50,365.4,369.7,365.1,365.3,395.9,390.7,368.6,368.5,379.1,370.4,790.1,460.5,1.9,19.6
2025-04-28 09:25:55,365.5,369.7,365.3,365.8,395.9,390.8,368.8,368.4,379.2,370.6,790.0,460.7,1.7,19.6
2025-04-28 09:26:00,365.7,369.9,365.3,365.9,395.9,391.8,368.9,368.2,379.2,370.5,788.5,460.8,2.1,19.6
2025-04-28 09:26:05,365.9,370.4,365.6,366.3,396.0,392.2,368.4,368.3,379.4,370.3,788.2,461.0,2.2,19.7
2025-04-28 09:26:10,365.8,370.9,366.0,366.6,396.2,392.5,368.7,368.3,379.8,370.8,788.6,461.4,3.6,19.6
2025-04-28 09:26:15,365.8,370.9,366.4,367.4,396.5,393.0,369.2,368.8,380.3,371.3,788.8,462.0,3.8,19.6
2025-04-28 09:26:20,366.1,371.5,366.7,367.5,396.5,393.0,369.2,369.2,380.8,371.6,788.9,462.6,3.8,19.6
2025-04-28 09:26:25,366.5,372.2,367.0,367.8,396.7,393.2,369.5,369.4,381.5,371.7,789.0,463.2,3.7,19.6
2025-04-28 09:26:30,366.8,372.8,367.3,368.3,397.5,393.6,369.8,369.8,381.8,372.1,789.5,463.9,3.5,19.5
2025-04-28 09:26:35,367.5,373.4,367.4,368.7,398.0,394.1,370.1,370.5,382.6,372.4,789.9,464.3,3.4,19.5
2025-04-28 09:26:40,368.3,373.5,367.6,368.9,398.3,394.2,371.2,370.9,382.8,372.9,790.4,464.6,3.4,19.5
2025-04-28 09:26:45,368.8,373.9,368.2,369.0,399.1,394.6,371.7,371.1,383.1,373.3,790.5,464.7,3.3,19.4
2025-04-28 09:26:50,369.5,373.4,368.5,369.1,399.4,395.0,372.1,371.2,383.2,373.6,791.1,464.8,2.9,19.4
2025-04-28 09:26:55,369.7,373.3,368.7,369.3,399.9,395.3,372.1,371.9,383.1,373.9,790.7,465.3,2.5,19.4
2025-04-28 09:27:00,370.1,373.6,369.2,369.4,400.1,395.2,372.3,372.2,383.1,374.1,791.1,465.6,2.2,19.4
2025-04-28 09:27:05,370.1,374.0,369.5,369.4,400.1,394.9,372.2,371.8,382.7,374.2,790.6,465.3,2.1,19.4
2025-04-28 09:27:10,369.9,374.1,369.6,369.6,400.2,395.2,372.2,372.6,383.5,374.4,790.1,465.1,1.9,19.3
2025-04-28 09:27:15,370.1,374.7,369.4,370.0,400.3,395.5,372.9,373.0,383.7,374.6,790.5,465.5,1.9,19.3
2025-04-28 09:27:20,370.4,374.9,369.7,370.5,400.8,395.9,372.8,372.7,383.9,374.5,790.4,466.1,2.0,19.4
2025-04-28 09:27:25,370.5,375.0,369.9,370.7,401.1,396.1,372.8,372.6,384.5,374.7,789.7,466.4,1.9,19.3
2025-04-28 09:27:30,370.8,374.8,369.9,371.0,401.0,396.6,373.2,373.1,384.6,375.1,790.0,467.1,2.0,19.4
2025-04-28 09:27:35,370.7,375.2,370.2,371.5,400.9,396.6,373.2,373.4,384.9,375.6,789.8,468.1,1.7,19.3
2025-04-28 09:27:40,370.8,375.2,370.9,371.2,401.3,396.6,373.1,373.6,385.0,375.8,790.3,468.0,2.2,19.4
2025-04-28 09:27:45,371.0,375.4,370.9,371.3,401.4,396.9,373.4,373.7,385.2,376.2,791.3,468.3,2.1,19.4
2025-04-28 09:27:50,371.1,375.7,371.3,371.3,401.7,397.1,374.1,374.3,385.7,376.4,791.1,468.7,2.1,19.4
2025-04-28 09:27:55,371.7,375.7,371.7,371.5,402.0,397.6,374.2,374.7,386.1,376.4,790.9,468.8,1.7,19.4
2025-04-28 09:28:00,371.7,376.3,372.0,372.0,402.3,398.1,374.6,374.7,386.3,376.6,790.5,469.1,1.7,19.4
2025-04-28 09:28:05,371.9,376.7,372.2,372.3,402.8,398.3,375.3,375.4,386.8,376.8,790.4,469.1,1.8,19.4
2025-04-28 09:28:10,372.5,376.9,372.4,372.4,403.0,398.5,375.3,376.0,386.9,377.5,791.5,469.3,1.7,19.4
2025-04-28 09:28:15,373.0,377.3,372.6,372.7,403.4,398.7,375.4,376.2,387.1,377.9,791.8,469.4,1.4,19.4
2025-04-28 09:28:20,373.3,377.5,373.0,373.1,403.5,399.3,375.9,376.2,387.3,378.1,791.5,469.8,1.4,19.5
2025-04-28 09:28:25,373.7,377.6,373.1,373.3,403.6,399.5,376.1,376.5,387.5,378.6,792.0,470.1,1.6,19.5
2025-04-28 09:28:30,374.5,378.3,373.7,373.5,404.0,400.0,376.5,376.8,387.6,378.8,792.0,470.2,1.7,19.5
2025-04-28 09:28:35,374.8,378.5,373.9,373.9,404.4,400.3,376.8,376.9,387.7,379.1,792.4,470.8,1.5,19.5
2025-04-28 09:28:40,375.4,378.9,374.1,374.5,404.8,400.2,377.0,377.1,387.7,379.2,792.0,470.9,1.3,19.5
2025-04-28 09:28:45,375.7,379.6,374.2,375.0,405.2,400.7,377.5,377.7,388.4,379.5,792.6,471.8,1.1,19.5
2025-04-28 09:28:50,375.6,380.0,374.4,375.5,405.6,401.1,377.6,377.9,388.7,379.6,792.1,472.0,0.9,19.5
2025-04-28 09:28:55,375.9,380.2,374.8,375.5,405.7,401.3,377.7,378.2,389.0,379.9,792.7,472.2,0.8,19.5
2025-04-28 09:29:00,376.1,380.6,375.6,375.8,406.4,401.6,378.2,378.5,389.0,380.3,793.0,472.5,1.1,19.6
2025-04-28 09:29:05,376.5,380.7,375.9,376.0,406.6,401.6,378.3,378.7,389.3,380.7,792.9,473.0,1.6,19.6
2025-04-28 09:29:10,376.7,381.2,376.7,376.4,406.6,401.5,378.6,379.0,389.3,380.6,792.9,473.4,1.8,19.6
2025-04-28 09:29:15,377.0,381.7,376.6,376.4,406.5,402.1,378.7,379.4,389.7,381.0,793.1,473.4,1.7,19.6
2025-04-28 09:29:20,377.3,382.1,376.8,377.2,406.9,403.0,379.1,379.6,390.0,381.1,793.0,473.5,1.6,19.7
2025-04-28 09:29:25,377.1,382.5,377.1,377.5,407.3,403.6,379.0,380.0,390.1,381.3,793.5,474.4,2.9,19.7
2025-04-28 09:29:30,377.4,382.7,377.3,377.8,407.8,403.9,379.8,380.1,390.4,381.3,793.3,474.2,3.3,19.7
2025-04-28 09:29:35,377.6,382.9,377.3,378.1,408.1,404.1,380.0,380.3,390.5,381.8,793.5,475.0,3.2,19.7
2025-04-28 09:29:40,377.6,383.3,377.5,377.8,408.3,404.3,380.4,381.0,390.8,382.1,793.4,474.9,2.4,19.7
2025-04-28 09:29:45,378.0,383.8,377.9,378.3,408.4,404.3,380.1,381.1,391.2,382.4,793.4,475.1,2.1,19.7
2025-04-28 09:29:50,378.4,384.2,378.2,379.2,408.9,405.0,380.6,381.4,391.4,382.6,793.4,476.8,2.0,19.7
2025-04-28 09:29:55,378.7,384.2,378.3,379.5,409.0,405.0,380.5,381.8,391.4,382.6,793.5,477.0,1.8,19.7
2025-04-28 09:30:00,379.2,384.2,378.5,379.4,408.9,405.1,380.7,381.9,391.7,382.8,793.0,477.6,1.8,19.8
2025-04-28 09:30:05,379.3,384.1,378.6,379.5,409.0,405.3,381.1,382.0,392.0,383.3,793.4,477.7,1.7,19.8
2025-04-28 09:30:10,379.7,384.2,378.9,379.5,409.1,405.8,381.7,382.1,392.3,383.4,793.8,477.8,1.5,19.8
2025-04-28 09:30:15,380.6,384.9,379.1,379.8,409.8,405.5,382.2,382.5,392.6,383.9,794.1,477.7,1.3,19.8
2025-04-28 09:30:20,380.7,385.7,379.4,380.0,410.2,405.7,382.5,383.0,393.0,384.5,794.8,478.2,1.2,19.8
2025-04-28 09:30:25,381.4,385.9,379.7,380.2,410.2,406.0,382.6,383.3,393.4,384.9,795.1,478.5,1.5,19.8
2025-04-28 09:30:30,381.7,385.9,380.0,380.5,410.4,406.3,382.8,383.5,393.9,385.1,795.3,478.7,2.7,19.9
2025-04-28 09:30:35,381.8,386.2,380.2,380.9,410.5,406.6,382.9,383.4,394.0,385.3,795.6,478.9,3.1,19.9
2025-04-28 09:30:40,381.8,386.1,381.5,381.4,411.2,406.7,383.3,383.8,394.1,385.5,795.3,479.0,3.3,19.9
2025-04-28 09:30:45,381.8,386.7,381.4,381.8,411.3,407.1,383.6,384.0,394.1,385.7,795.4,479.5,3.3,19.9
2025-04-28 09:30:50,382.0,387.2,381.7,382.6,411.7,407.8,383.9,384.6,394.6,386.2,795.5,480.0,3.1,19.9
2025-04-28 09:30:55,382.4,387.4,382.2,382.7,411.8,408.4,384.2,384.8,395.0,386.6,795.8,480.8,2.9,19.9
2025-04-28 09:31:00,382.9,387.2,382.5,382.6,412.0,409.0,384.4,385.1,395.2,386.8,796.2,481.0,3.2,19.9
2025-04-28 09:31:05,383.1,387.1,382.7,382.8,412.1,409.1,384.6,385.7,395.8,387.4,796.5,481.0,3.6,19.9
2025-04-28 09:31:10,383.0,387.1,383.1,383.0,412.9,409.2,385.3,386.0,396.3,387.6,796.8,481.0,2.9,19.9
2025-04-28 09:31:15,383.0,386.9,383.1,383.2,413.5,409.3,385.3,386.1,396.6,387.7,796.5,481.2,2.6,19.8
2025-04-28 09:31:20,382.9,387.0,382.9,383.5,413.7,409.2,385.4,387.0,396.6,388.0,796.8,481.5,2.6,19.8
2025-04-28 09:31:25,383.2,387.4,383.1,384.0,413.8,410.3,385.9,386.8,396.6,388.2,796.8,482.5,2.3,19.8
2025-04-28 09:31:30,383.5,387.6,383.5,384.3,413.9,411.3,386.1,387.1,396.7,388.4,796.7,482.6,2.3,19.8
2025-04-28 09:31:35,384.1,388.5,383.6,384.3,413.9,411.7,386.6,387.4,397.1,388.5,797.0,482.6,2.8,19.8
2025-04-28 09:31:40,384.5,388.7,383.6,384.3,414.9,411.5,387.1,387.4,397.6,389.1,797.0,483.6,2.8,19.8
2025-04-28 09:31:45,385.0,389.1,384.6,384.6,415.1,411.3,387.1,387.7,397.5,389.2,797.3,483.4,3.6,19.8
2025-04-28 09:31:50,385.5,389.1,384.6,384.8,415.2,411.1,387.9,387.8,397.3,389.3,796.4,483.4,4.0,19.7
2025-04-28 09:31:55,386.2,389.4,385.0,385.2,415.2,411.1,387.3,388.1,398.0,389.3,796.1,483.6,3.9,19.7
2025-04-28 09:32:00,386.9,390.0,385.5,385.6,415.2,411.0,387.2,388.0,398.1,389.4,795.6,484.4,3.1,19.7
2025-04-28 09:32:05,387.1,390.0,385.9,385.9,415.9,411.6,387.4,388.5,398.1,389.7,795.9,485.0,3.2,19.6
2025-04-28 09:32:10,386.9,390.5,385.7,386.1,415.7,411.9,387.6,388.7,398.3,389.9,796.3,485.5,2.6,19.6
2025-04-28 09:32:15,387.6,390.7,385.8,386.6,416.0,412.7,388.1,389.4,398.8,390.0,796.2,486.5,2.0,19.6
2025-04-28 09:32:20,387.8,391.1,386.3,386.8,416.0,413.2,388.1,389.4,399.2,390.3,796.2,486.6,1.7,19.6
2025-04-28 09:32:25,387.8,391.3,387.0,387.1,416.5,413.6,388.3,389.5,399.4,390.7,796.5,486.9,1.7,19.5
2025-04-28 09:32:30,388.0,391.8,387.0,387.7,416.8,413.7,388.5,389.9,399.9,391.1,796.6,487.2,3.2,19.6
2025-04-28 09:32:35,388.4,391.7,387.2,387.9,417.2,414.9,388.9,390.4,400.3,391.4,797.3,487.7,3.0,19.6
2025-04-28 09:32:40,388.8,391.7,388.0,388.1,418.0,415.0,389.8,392.1,400.4,391.9,797.5,488.4,2.8,19.5
2025-04-28 09:32:45,389.0,391.7,388.6,388.3,418.4,415.3,390.0,391.8,401.0,392.3,798.0,488.5,2.8,19.5
2025-04-28 09:32:50,389.6,391.9,388.9,388.6,419.2,415.2,390.5,392.0,401.5,392.5,798.9,488.6,2.2,19.5
2025-04-28 09:32:55,389.7,392.6,389.2,389.0,419.3,415.5,391.2,392.7,402.6,392.8,799.0,488.9,1.9,19.5
2025-04-28 09:33:00,389.9,393.1,388.7,389.0,419.4,415.6,391.7,392.7,402.6,393.2,799.5,489.1,1.6,19.5
2025-04-28 09:33:05,389.7,394.3,389.0,389.6,419.5,415.9,392.2,392.9,402.7,394.0,800.8,489.1,1.5,19.5
2025-04-28 09:33:10,390.0,394.5,389.5,389.7,419.6,416.3,392.4,393.5,402.8,394.2,801.1,489.4,1.6,19.5
2025-04-28 09:33:15,390.4,394.3,389.7,389.9,420.2,416.7,392.9,394.3,403.6,394.3,801.0,489.6,1.8,19.5
2025-04-28 09:33:20,390.5,393.8,389.8,389.9,421.0,416.7,393.8,394.9,404.4,394.5,800.2,489.8,1.6,19.5
2025-04-28 09:33:25,390.7,393.8,389.9,390.0,421.1,417.0,394.2,395.1,404.7,394.6,799.8,489.6,1.5,19.6
2025-04-28 09:33:30,391.0,394.1,390.1,390.1,421.9,417.0,394.2,395.0,404.7,394.6,799.9,489.7,1.9,19.6
2025-04-28 09:33:35,391.7,394.3,390.1,390.4,422.2,417.1,394.8,394.8,404.8,394.9,799.6,489.9,2.1,19.6
2025-04-28 09:33:40,391.8,394.5,390.3,390.8,421.8,417.5,394.8,394.8,404.4,395.1,799.6,490.2,2.0,19.6
2025-04-28 09:33:45,392.1,394.8,390.5,390.9,421.5,417.6,394.5,395.0,404.2,395.0,798.3,490.8,1.6,19.6
2025-04-28 09:33:50,392.2,395.3,390.7,391.2,422.2,417.8,394.6,395.3,404.4,395.3,798.4,491.1,1.5,19.6
2025-04-28 09:33:55,392.6,395.6,391.1,391.7,422.5,418.2,394.8,395.9,404.8,395.5,798.7,491.4,2.0,19.6
2025-04-28 09:34:00,392.9,395.7,391.6,392.1,422.6,418.8,395.0,396.2,405.3,395.9,798.6,492.3,1.9,19.6
2025-04-28 09:34:05,392.9,395.9,391.6,392.2,423.4,419.0,395.4,396.7,405.9,396.2,798.7,492.2,1.9,19.6
2025-04-28 09:34:10,393.6,396.6,392.4,392.5,423.6,419.1,395.6,396.9,406.4,396.4,798.8,492.2,2.5,19.7
2025-04-28 09:34:15,393.6,397.1,392.8,392.7,423.5,419.6,396.1,397.0,406.4,396.8,799.2,492.4,2.4,19.7
2025-04-28 09:34:20,393.5,397.3,392.7,393.3,423.7,419.6,396.5,397.1,406.3,396.9,798.6,492.5,2.6,19.7
2025-04-28 09:34:25,393.9,397.8,392.7,393.5,424.0,419.5,396.1,397.3,406.5,397.1,798.9,493.4,2.4,19.7
2025-04-28 09:34:30,394.3,398.4,393.1,393.8,424.0,419.9,396.3,397.4,406.8,397.5,798.8,493.8,2.8,19.7
2025-04-28 09:34:35,394.6,398.6,393.4,394.2,424.4,420.2,396.3,397.7,407.4,398.1,796.0,494.1,2.8,19.7
2025-04-28 09:34:40,395.1,399.6,393.9,394.4,425.1,420.7,396.8,398.3,408.0,398.4,799.6,494.9,2.2,19.8
2025-04-28 09:34:45,395.8,400.1,394.6,394.9,425.7,421.3,397.4,398.8,408.2,398.8,800.4,495.2,2.2,19.8
2025-04-28 09:34:50,396.1,400.4,395.1,395.4,425.9,421.7,397.9,399.1,408.3,399.1,800.3,495.4,2.2,19.8
2025-04-28 09:34:55,396.3,400.8,395.6,395.7,426.1,421.9,398.5,399.3,409.1,399.4,800.6,496.0,2.3,19.8
2025-04-28 09:35:00,396.4,401.1,396.1,396.0,426.6,422.4,398.8,400.0,409.8,399.8,801.2,496.6,2.8,19.8
2025-04-28 09:35:05,397.0,401.6,396.0,396.4,426.8,422.5,399.1,400.4,410.5,400.4,801.6,497.0,3.8,19.8
2025-04-28 09:35:10,397.4,401.4,396.2,397.0,426.9,422.9,399.5,400.6,410.9,400.8,802.0,497.8,3.9,19.8
2025-04-28 09:35:15,397.5,401.3,396.4,397.3,426.8,422.9,399.6,400.5,410.8,401.0,801.5,498.7,4.2,19.8
2025-04-28 09:35:20,398.3,401.1,397.2,397.5,426.9,423.7,399.9,400.7,410.8,401.1,801.5,499.3,3.6,19.8
2025-04-28 09:35:25,398.4,401.2,397.4,397.8,427.3,424.0,399.8,401.0,410.8,401.3,801.2,499.1,3.2,19.8
2025-04-28 09:35:30,399.1,401.7,397.8,397.6,427.1,424.0,399.4,400.9,410.9,401.4,801.1,499.3,3.2,19.8
2025-04-28 09:35:35,399.6,401.4,398.1,397.6,427.9,423.9,399.5,400.9,410.6,401.6,801.0,499.0,2.9,19.8
2025-04-28 09:35:40,399.7,401.6,397.8,397.5,427.7,424.4,399.7,401.0,410.5,401.7,801.0,498.7,2.5,19.7
2025-04-28 09:35:45,399.8,401.5,398.0,397.3,427.4,424.4,399.8,401.0,410.8,401.7,800.1,499.6,3.0,19.7
2025-04-28 09:35:50,399.9,401.8,398.2,397.2,428.0,424.2,400.0,401.5,411.2,401.9,800.2,499.5,3.6,19.7
2025-04-28 09:35:55,398.8,401.9,398.2,397.4,428.1,424.1,400.0,401.9,411.6,402.2,800.3,499.5,3.1,19.7
2025-04-28 09:36:00,399.4,402.9,398.0,397.6,428.4,424.6,400.4,402.4,411.6,402.5,800.7,500.0,2.7,19.7
2025-04-28 09:36:05,399.8,403.5,398.6,398.1,428.7,424.9,400.7,402.8,411.9,402.5,800.2,500.4,2.5,19.7
2025-04-28 09:36:10,400.1,403.5,399.1,398.4,429.1,425.1,401.5,403.4,412.6,402.7,800.4,500.6,3.2,19.6
2025-04-28 09:36:15,400.4,403.8,399.6,398.7,429.5,426.1,401.9,403.6,412.6,403.1,800.4,501.2,2.7,19.6
2025-04-28 09:36:20,400.8,403.6,399.8,398.9,429.9,426.4,402.5,404.3,412.9,403.3,800.7,501.4,2.4,19.6
2025-04-28 09:36:25,401.4,404.4,399.9,399.6,431.0,426.9,403.1,405.2,413.3,404.0,801.2,501.6,2.1,19.6
2025-04-28 09:36:30,401.6,405.0,400.3,399.9,431.5,427.2,403.2,405.2,413.8,404.5,801.7,501.9,2.0,19.6
2025-04-28 09:36:35,402.2,405.2,400.3,400.1,431.5,427.2,403.2,405.4,414.1,404.9,802.3,502.0,2.0,19.6
2025-04-28 09:36:40,402.9,405.6,400.8,400.5,432.3,427.4,403.7,405.6,414.7,405.4,803.1,502.6,2.5,19.6
2025-04-28 09:36:45,403.1,405.8,400.8,400.8,432.3,427.6,404.2,405.8,415.4,405.8,803.6,503.1,2.8,19.6
2025-04-28 09:36:50,403.5,406.3,401.6,401.5,432.3,427.8,404.5,405.9,415.7,405.9,803.7,503.6,2.7,19.6
2025-04-28 09:36:55,404.4,406.9,402.1,401.7,432.3,428.0,404.5,405.9,416.2,406.5,804.1,503.8,2.1,19.6
2025-04-28 09:37:00,404.5,406.7,402.4,401.9,432.8,428.4,404.6,406.2,416.2,406.5,804.1,504.1,1.8,19.6
2025-04-28 09:37:05,404.8,406.7,402.6,402.0,433.1,428.9,405.1,406.4,416.2,406.6,803.5,504.6,1.8,19.6
2025-04-28 09:37:10,404.4,406.7,402.8,402.4,433.4,429.2,405.0,406.5,416.2,406.7,803.2,504.8,1.8,19.6
2025-04-28 09:37:15,404.6,407.0,403.0,402.7,433.6,429.2,405.1,406.6,416.2,407.1,803.2,504.8,2.0,19.7
2025-04-28 09:37:20,405.1,407.9,403.4,403.3,434.2,429.5,405.4,407.2,416.4,407.5,803.5,505.6,2.4,19.7
2025-04-28 09:37:25,405.6,408.3,403.6,403.6,434.3,429.7,405.5,407.4,416.8,407.9,803.7,505.6,2.7,19.7
2025-04-28 09:37:30,405.6,408.6,403.6,403.8,434.2,430.1,405.5,407.7,417.5,408.1,803.6,506.3,3.1,19.7
2025-04-28 09:37:35,405.7,408.5,403.9,404.1,434.3,430.3,406.0,408.0,417.7,408.2,803.8,506.7,3.5,19.7
2025-04-28 09:37:40,405.9,408.9,404.3,404.3,434.6,430.4,406.1,408.1,417.8,408.3,803.9,506.5,3.5,19.7
2025-04-28 09:37:45,406.0,409.8,404.6,404.6,435.3,430.7,406.8,408.3,418.1,409.0,804.6,507.2,3.1,19.6
2025-04-28 09:37:50,406.2,409.9,404.8,404.9,435.6,431.1,407.4,408.2,418.4,409.2,804.8,507.5,3.1,19.6
2025-04-28 09:37:55,406.9,410.4,405.1,405.1,435.5,431.2,407.4,408.4,418.7,409.4,804.6,508.2,3.2,19.6
2025-04-28 09:38:00,406.8,410.8,405.3,405.3,435.9,431.4,407.3,409.4,419.0,409.3,804.6,509.3,3.6,19.5
2025-04-28 09:38:05,407.4,411.2,406.0,405.6,435.9,431.9,407.6,409.9,419.4,409.8,804.8,509.5,3.0,19.5
2025-04-28 09:38:10,408.3,410.9,406.8,405.7,436.0,432.5,407.8,410.5,419.8,410.2,805.3,509.5,3.1,19.5
2025-04-28 09:38:15,408.4,411.0,407.2,406.1,436.5,433.2,408.2,411.2,419.9,410.5,805.9,509.9,3.3,19.5
2025-04-28 09:38:20,408.5,411.3,407.4,406.6,437.1,433.9,409.1,411.5,420.4,411.0,806.6,510.4,3.3,19.5
2025-04-28 09:38:25,408.9,412.1,408.1,407.6,437.5,434.5,410.1,411.9,421.0,411.3,807.2,511.1,3.5,19.5
2025-04-28 09:38:30,409.6,412.5,408.3,408.0,438.3,434.7,410.6,412.3,421.4,411.8,807.6,511.9,3.5,19.5
2025-04-28 09:38:35,410.1,412.6,408.4,408.5,439.1,435.4,411.1,412.4,421.6,412.0,808.1,512.1,3.2,19.4
2025-04-28 09:38:40,410.8,412.6,408.5,408.5,439.2,435.5,411.4,413.0,422.2,412.6,808.8,512.3,3.1,19.4
2025-04-28 09:38:45,410.9,413.2,409.0,409.1,439.8,435.7,411.6,413.6,422.6,413.0,808.8,512.5,2.8,19.4
2025-04-28 09:38:50,411.0,414.3,409.4,409.2,440.1,436.1,411.5,413.7,422.8,413.4,809.1,513.6,2.7,19.4
2025-04-28 09:38:55,411.2,414.5,409.8,409.5,440.3,436.4,411.6,413.7,423.2,413.8,809.5,514.0,3.5,19.4
2025-04-28 09:39:00,411.8,414.6,409.9,409.5,440.4,436.4,412.1,413.7,423.4,414.0,809.7,513.9,3.2,19.4
2025-04-28 09:39:05,412.5,414.5,410.3,410.3,440.5,436.8,412.3,413.8,423.7,414.5,809.6,514.0,3.2,19.4
2025-04-28 09:39:10,413.0,414.4,410.4,410.8,441.0,437.0,412.6,414.0,424.0,414.6,809.6,513.9,3.3,19.4
2025-04-28 09:39:15,413.3,414.7,410.6,411.2,441.3,437.4,412.9,414.4,424.1,414.8,809.4,514.2,3.4,19.4
2025-04-28 09:39:20,414.0,415.3,411.1,411.3,441.7,437.6,412.9,414.8,424.5,415.1,809.7,515.2,3.1,19.4
2025-04-28 09:39:25,414.1,416.0,411.8,411.7,442.3,437.7,413.2,415.5,425.0,415.5,809.9,515.7,3.2,19.4
2025-04-28 09:39:30,414.4,416.8,412.1,411.8,443.0,437.9,413.8,416.0,425.3,415.9,810.6,516.2,2.9,19.4
2025-04-28 09:39:35,414.7,417.3,412.3,412.3,443.5,438.7,414.5,416.7,425.6,415.9,810.6,516.2,2.5,19.4
2025-04-28 09:39:40,415.1,417.6,413.0,412.7,443.7,438.8,414.9,417.1,425.6,416.6,810.7,517.6,3.0,19.4
2025-04-28 09:39:45,415.5,418.1,413.2,413.5,444.2,439.7,415.2,417.5,426.0,416.6,810.4,517.7,3.4,19.4
2025-04-28 09:39:50,415.9,417.8,413.8,413.9,444.3,440.5,415.1,418.0,426.6,416.8,810.2,518.3,3.3,19.3
2025-04-28 09:39:55,416.0,417.8,414.1,414.1,444.8,440.7,415.7,418.5,427.3,417.4,810.9,518.5,3.3,19.3
2025-04-28 09:40:00,416.4,418.1,414.7,414.0,445.4,440.6,416.4,418.9,427.9,417.9,811.7,518.9,2.7,19.3
2025-04-28 09:40:05,416.6,418.4,414.5,414.0,445.8,440.4,417.0,419.0,428.5,418.2,812.0,518.8,3.2,19.3
2025-04-28 09:40:10,417.1,418.8,414.2,414.2,446.3,440.5,417.3,419.4,428.7,418.6,812.7,518.9,2.9,19.3
2025-04-28 09:40:15,417.2,419.0,414.2,414.5,446.2,441.0,417.4,419.4,429.1,418.3,811.4,519.0,2.8,19.3
2025-04-28 09:40:20,417.5,418.9,414.7,414.9,446.5,441.2,417.3,419.6,429.4,417.8,811.7,519.5,2.2,19.3
2025-04-28 09:40:25,417.5,419.1,415.0,415.1,446.7,441.7,417.6,419.9,429.8,418.6,811.8,520.2,2.7,19.3
2025-04-28 09:40:30,417.6,419.2,415.7,415.3,446.8,442.1,417.9,419.9,430.0,418.9,812.0,520.9,2.2,19.3
2025-04-28 09:40:35,417.6,419.9,416.0,415.2,447.0,442.1,418.1,420.2,430.3,419.1,812.1,520.8,1.9,19.3
2025-04-28 09:40:40,417.8,420.2,415.9,415.7,447.0,442.3,418.4,420.3,430.2,419.8,812.5,521.0,1.5,19.3
2025-04-28 09:40:45,417.9,420.7,416.1,416.0,447.1,442.4,418.7,420.6,430.5,420.4,813.2,522.3,1.2,19.3
2025-04-28 09:40:50,418.8,420.7,416.5,416.1,447.5,443.7,418.8,421.3,431.2,420.7,813.8,522.4,2.4,19.3
2025-04-28 09:40:55,419.3,421.1,417.0,416.8,447.7,444.0,418.8,421.6,431.4,420.9,813.4,522.5,3.0,19.3
2025-04-28 09:41:00,419.7,421.2,417.7,416.9,447.8,444.0,419.4,422.2,432.0,421.5,813.7,522.6,3.1,19.4
2025-04-28 09:41:05,420.1,421.7,418.2,417.8,448.4,445.1,419.8,422.5,432.8,421.4,813.6,523.4,2.4,19.4
2025-04-28 09:41:10,420.4,422.0,418.2,418.4,449.5,445.4,420.6,423.1,432.9,421.6,813.6,523.8,2.6,19.4
2025-04-28 09:41:15,420.7,423.1,418.6,418.6,450.1,445.4,421.6,423.3,433.5,422.0,813.7,524.2,3.2,19.4
2025-04-28 09:41:20,421.3,423.4,418.9,419.1,450.4,445.4,422.0,423.7,433.7,422.1,813.9,524.6,3.0,19.4
2025-04-28 09:41:25,421.3,423.7,418.9,419.4,450.5,445.4,421.9,423.6,434.0,422.6,813.8,525.8,2.5,19.4
2025-04-28 09:41:30,421.9,423.8,418.9,419.7,450.7,445.4,421.9,423.8,433.9,422.9,813.8,525.6,2.9,19.4
2025-04-28 09:41:35,422.2,423.9,419.4,419.8,451.2,446.1,422.2,423.8,434.0,423.1,814.0,525.9,3.2,19.4
2025-04-28 09:41:40,422.4,424.1,419.6,419.7,451.4,446.0,422.7,424.2,433.9,423.1,814.0,525.9,3.0,19.4
2025-04-28 09:41:45,422.6,424.0,419.9,419.9,451.4,445.9,422.5,424.6,434.0,423.1,813.5,525.6,2.5,19.4
2025-04-28 09:41:50,423.0,424.0,420.2,420.1,451.4,446.2,422.7,424.5,434.1,423.4,813.3,525.7,2.5,19.4
2025-04-28 09:41:55,422.9,424.4,419.9,420.1,451.3,446.4,423.0,425.2,434.2,423.7,813.4,525.8,2.6,19.4
2025-04-28 09:42:00,422.9,424.2,420.2,420.3,451.6,446.7,422.9,425.2,434.7,424.0,813.2,526.1,2.6,19.4
2025-04-28 09:42:05,423.5,424.8,420.8,420.8,452.0,447.0,423.1,425.5,435.3,424.4,814.1,526.7,2.3,19.4
2025-04-28 09:42:10,423.4,425.4,420.9,421.1,452.5,447.7,423.3,426.3,436.4,424.8,814.2,527.1,2.1,19.4
2025-04-28 09:42:15,423.7,425.7,421.1,421.3,453.4,448.1,424.2,426.9,436.8,425.3,814.6,527.4,2.0,19.4
2025-04-28 09:42:20,423.8,426.0,421.4,422.0,453.7,448.3,425.3,427.0,437.1,425.7,815.3,527.7,1.7,19.4
2025-04-28 09:42:25,424.0,426.0,421.9,422.0,454.2,448.5,425.6,427.0,437.8,425.9,815.4,528.3,1.5,19.5
2025-04-28 09:42:30,424.7,425.8,422.5,422.3,454.8,449.2,425.8,427.1,437.9,426.3,815.8,528.1,1.7,19.5
2025-04-28 09:42:35,425.1,426.5,422.7,422.7,454.7,449.7,426.0,427.5,438.1,427.0,816.7,528.4,1.7,19.5
2025-04-28 09:42:40,425.3,427.0,422.7,423.0,454.9,450.0,425.9,427.7,438.2,427.1,816.8,528.4,1.8,19.5
2025-04-28 09:42:45,425.7,427.2,422.6,423.2,455.2,450.1,425.7,427.7,438.3,427.4,816.9,528.9,2.6,19.6
2025-04-28 09:42:50,426.5,427.2,422.9,423.3,455.3,450.3,426.3,427.7,438.4,427.6,816.8,529.0,2.8,19.6
2025-04-28 09:42:55,426.8,427.4,423.3,423.4,455.2,450.2,426.4,428.2,438.4,427.7,814.1,529.0,2.5,19.6
2025-04-28 09:43:00,426.9,427.4,423.8,423.4,455.0,450.1,426.3,428.3,438.5,428.0,816.5,529.7,2.4,19.6
2025-04-28 09:43:05,427.2,427.5,424.5,423.7,455.2,450.0,426.3,428.5,438.4,428.2,816.2,530.2,2.1,19.7
2025-04-28 09:43:10,427.3,427.5,424.7,423.8,455.4,450.0,426.3,427.6,438.3,428.2,815.4,530.2,2.0,19.6
2025-04-28 09:43:15,427.6,427.7,425.0,423.5,455.7,450.1,426.5,428.5,438.5,428.4,815.4,529.8,1.7,19.7
2025-04-28 09:43:20,427.8,427.8,424.9,423.8,455.8,450.4,426.6,428.5,438.6,428.7,815.7,529.6,1.7,19.7
2025-04-28 09:43:25,427.5,428.4,424.4,424.2,455.7,450.6,426.8,428.7,438.8,428.8,815.7,529.6,2.2,19.7
2025-04-28 09:43:30,427.4,429.0,424.1,424.5,455.6,450.4,426.9,429.3,439.6,429.2,816.0,530.0,1.7,19.7
2025-04-28 09:43:35,427.6,429.4,424.1,424.7,455.9,450.6,426.9,429.6,440.0,429.6,816.1,530.2,1.6,19.7
2025-04-28 09:43:40,428.0,430.0,424.6,425.2,456.3,451.2,427.6,429.7,440.3,429.8,816.4,530.6,1.3,19.7
2025-04-28 09:43:45,428.2,430.6,425.1,425.6,456.3,451.3,428.1,430.0,440.3,430.1,816.5,531.3,1.2,19.7
2025-04-28 09:43:50,428.7,430.9,425.4,425.9,456.4,451.6,428.3,430.0,440.4,430.3,816.5,532.1,1.7,19.8
2025-04-28 09:43:55,428.8,431.3,425.9,426.2,457.1,452.5,428.6,430.6,440.5,430.3,816.5,532.3,2.0,19.8
2025-04-28 09:44:00,429.4,431.5,426.4,427.0,457.5,453.0,428.8,431.1,440.6,430.3,816.2,533.6,1.6,19.8
2025-04-28 09:44:05,429.3,431.5,427.0,427.1,457.9,452.9,429.0,431.2,441.5,431.0,816.4,533.4,1.7,19.8
2025-04-28 09:44:10,429.5,431.1,427.3,427.4,458.3,453.2,429.2,431.4,441.8,431.3,816.5,533.6,1.7,19.8
2025-04-28 09:44:15,429.9,431.0,427.3,427.3,458.6,453.4,429.5,431.7,442.0,431.8,816.4,533.5,1.7,19.9
2025-04-28 09:44:20,430.4,431.6,427.5,427.6,458.7,453.6,429.8,432.2,442.3,432.4,817.9,533.9,1.4,19.9
2025-04-28 09:44:25,430.3,432.3,427.5,427.8,458.7,453.9,430.1,432.5,442.7,432.7,818.1,534.5,1.3,19.9
2025-04-28 09:44:30,431.2,433.4,427.7,428.5,458.8,454.2,430.5,432.7,443.0,433.0,818.0,534.9,1.2,20.0
2025-04-28 09:44:35,432.1,433.6,428.0,428.8,458.9,454.5,430.6,433.2,443.4,433.5,818.8,535.5,1.1,20.0
2025-04-28 09:44:40,432.4,434.0,428.5,429.2,459.5,455.0,431.3,433.6,443.7,433.8,818.8,535.9,1.2,20.0
2025-04-28 09:44:45,432.8,433.9,429.2,429.9,460.0,455.6,431.6,433.8,443.7,434.1,819.2,536.8,2.2,20.1
2025-04-28 09:44:50,433.1,433.7,429.7,430.2,460.4,456.1,432.0,434.6,444.0,434.2,819.4,537.2,2.6,20.1
2025-04-28 09:44:55,433.5,433.8,430.0,430.5,460.6,456.3,432.2,435.0,444.5,434.7,819.2,537.3,3.1,20.1
2025-04-28 09:45:00,433.5,434.5,431.4,430.9,461.1,456.7,432.5,435.3,444.7,435.0,819.5,537.9,3.1,20.1
2025-04-28 09:45:05,433.7,434.7,431.3,431.3,461.2,457.0,432.7,435.8,444.7,435.3,819.8,538.0,2.9,20.1
2025-04-28 09:45:10,434.3,435.3,431.6,431.6,461.6,457.4,433.0,435.8,445.0,435.4,819.6,539.4,2.5,20.1
2025-04-28 09:45:15,434.5,435.6,431.6,431.9,462.2,457.7,433.3,435.9,445.6,435.7,820.4,539.6,2.2,20.1
2025-04-28 09:45:20,435.0,436.2,432.0,432.0,462.3,457.9,433.3,436.1,446.2,436.2,820.4,540.4,2.3,20.2
2025-04-28 09:45:25,435.3,436.3,432.1,432.0,462.5,458.1,433.8,436.4,446.6,436.8,821.1,541.1,2.6,20.2
2025-04-28 09:45:30,435.5,436.1,432.6,432.3,462.6,458.4,434.2,436.4,446.8,437.0,821.2,540.9,2.6,20.2
2025-04-28 09:45:35,435.7,437.0,432.9,432.6,462.8,458.7,435.0,437.0,447.5,437.2,821.5,540.9,2.4,20.2
2025-04-28 09:45:40,435.8,437.1,433.5,432.7,463.6,458.9,435.3,437.4,448.0,437.7,821.8,541.0,2.0,20.2
2025-04-28 09:45:45,435.9,437.2,433.7,432.8,464.0,458.7,435.6,437.7,447.7,437.8,822.2,540.8,1.8,20.2
2025-04-28 09:45:50,436.3,437.5,433.5,432.8,463.8,458.7,435.5,437.4,448.0,438.2,822.3,541.2,1.9,20.2
2025-04-28 09:45:55,436.5,437.9,433.2,433.0,463.6,458.8,435.4,438.3,447.9,438.2,821.9,541.5,1.7,20.2
2025-04-28 09:46:00,436.8,437.9,433.2,433.0,463.9,458.9,435.5,438.1,448.0,438.4,822.0,541.4,1.5,20.3
2025-04-28 09:46:05,437.1,438.2,433.1,433.3,463.7,459.0,436.0,438.8,448.3,438.5,821.8,541.6,1.5,20.3
2025-04-28 09:46:10,437.5,438.1,433.4,434.0,464.4,459.1,436.2,438.8,448.4,438.9,822.3,541.9,1.6,20.3
2025-04-28 09:46:15,437.3,438.3,433.3,434.3,464.5,459.6,436.5,438.7,448.8,439.1,822.1,542.5,1.8,20.3
2025-04-28 09:46:20,437.4,438.9,434.0,434.5,464.7,459.8,436.6,439.2,449.2,438.7,822.5,543.3,1.9,20.3
2025-04-28 09:46:25,437.9,439.2,434.1,434.8,464.9,460.1,437.2,439.4,449.4,439.7,822.7,543.7,1.9,20.3
2025-04-28 09:46:30,438.0,439.4,434.2,435.0,465.1,460.6,437.8,439.7,449.6,440.4,823.2,544.0,1.8,20.3
2025-04-28 09:46:35,438.1,440.0,434.9,435.7,465.5,460.9,438.2,440.3,449.8,440.5,823.3,544.3,1.9,20.3
2025-04-28 09:46:40,438.7,439.9,435.3,436.0,465.4,461.2,438.2,440.5,450.0,440.8,823.2,545.2,2.1,20.4
2025-04-28 09:46:45,438.9,440.4,435.8,436.4,465.4,461.3,438.3,440.8,450.0,440.9,823.1,545.5,2.3,20.4
2025-04-28 09:46:50,439.2,440.9,436.2,436.7,465.8,462.1,438.6,440.9,450.5,441.3,823.1,545.7,2.4,20.4
2025-04-28 09:46:55,439.7,441.1,436.7,436.9,466.5,462.5,438.7,441.7,451.0,441.6,823.8,546.0,2.2,20.4
2025-04-28 09:47:00,440.3,441.3,437.1,437.2,466.7,462.8,439.2,442.1,451.1,441.9,824.1,546.8,2.0,20.4
2025-04-28 09:47:05,440.9,441.4,437.2,437.2,467.7,463.0,439.3,442.2,451.6,442.3,824.5,546.7,1.8,20.4
2025-04-28 09:47:10,441.1,441.7,437.4,437.5,467.7,463.2,439.5,442.6,452.0,442.2,824.4,546.6,1.8,20.4
2025-04-28 09:47:15,442.0,441.7,437.7,438.0,468.2,463.3,439.5,442.8,452.4,442.6,824.6,547.3,1.7,20.4
2025-04-28 09:47:20,442.1,442.1,437.8,438.2,468.3,463.5,440.0,442.9,452.1,442.8,824.6,547.6,1.5,20.4
2025-04-28 09:47:25,442.4,442.8,438.4,438.7,468.6,464.1,440.4,443.1,452.4,442.8,824.3,547.9,1.5,20.4
2025-04-28 09:47:30,442.3,443.2,438.7,438.9,468.8,464.7,440.5,443.6,452.6,442.9,823.8,548.2,1.4,20.5
2025-04-28 09:47:35,442.7,443.5,439.0,439.0,469.3,464.9,440.7,444.0,453.2,443.1,823.8,548.7,1.5,20.5
2025-04-28 09:47:40,443.0,444.0,439.3,439.0,469.6,465.1,440.8,444.2,453.5,443.6,824.6,548.8,1.5,20.5
2025-04-28 09:47:45,443.0,444.0,439.5,439.3,470.1,465.3,441.6,444.5,454.0,443.8,824.6,549.2,2.0,20.5
2025-04-28 09:47:50,442.9,444.0,439.5,439.6,470.3,465.3,441.8,445.1,454.2,444.2,825.0,549.6,2.0,20.5
2025-04-28 09:47:55,443.3,444.2,439.7,439.4,470.5,465.8,442.1,445.7,454.4,444.5,825.3,549.6,1.7,20.6
2025-04-28 09:48:00,443.3,445.0,440.4,440.2,470.6,466.1,442.5,445.7,454.6,444.9,825.5,549.8,1.4,20.6
2025-04-28 09:48:05,443.6,445.2,440.9,440.5,471.1,466.9,443.2,446.0,454.8,445.3,825.9,549.8,1.3,20.6
2025-04-28 09:48:10,444.1,446.0,441.3,440.8,471.5,467.0,443.7,447.1,455.5,445.8,826.3,550.3,1.5,20.6
2025-04-28 09:48:15,444.6,446.3,441.4,441.1,472.0,467.3,443.9,447.0,455.7,446.0,826.5,550.6,1.3,20.6
2025-04-28 09:48:20,444.9,446.7,441.5,441.3,472.4,467.4,444.5,447.5,455.9,446.5,827.0,551.0,1.2,20.7
2025-04-28 09:48:25,445.0,446.7,442.1,441.5,473.0,467.6,444.8,447.3,456.1,446.4,826.8,551.0,1.2,20.7
2025-04-28 09:48:30,445.2,446.8,441.8,441.5,473.0,467.4,444.8,447.5,456.1,446.8,826.7,550.8,1.3,20.7
2025-04-28 09:48:35,445.5,447.3,442.0,442.7,473.0,467.7,444.8,447.5,456.7,446.8,826.7,551.1,1.2,20.7
2025-04-28 09:48:40,445.8,447.3,442.6,443.1,473.0,468.0,444.8,447.9,457.0,447.0,826.8,551.4,1.3,20.8
2025-04-28 09:48:45,446.6,447.6,443.0,443.3,473.5,468.4,445.2,448.3,456.8,447.4,826.8,551.9,2.5,20.8
2025-04-28 09:48:50,447.1,448.5,444.2,443.4,473.3,468.6,445.6,448.2,456.7,447.7,826.7,552.7,3.6,20.8
2025-04-28 09:48:55,447.1,448.5,444.4,443.9,473.4,468.3,445.7,448.1,456.8,448.0,826.8,552.8,3.6,20.8
2025-04-28 09:49:00,447.4,448.7,444.4,444.4,474.1,468.6,445.8,448.4,456.9,448.0,826.0,553.0,3.3,20.8
2025-04-28 09:49:05,447.6,448.4,444.4,444.6,474.1,469.0,445.9,449.0,457.5,448.1,826.5,554.0,3.0,20.8
2025-04-28 09:49:10,447.9,448.5,444.4,444.8,474.1,468.9,445.7,449.3,457.8,448.3,826.5,554.2,2.8,20.8
2025-04-28 09:49:15,448.3,448.5,444.7,444.8,474.1,470.0,446.2,449.8,458.6,448.7,826.4,555.1,2.5,20.8
2025-04-28 09:49:20,448.5,448.9,445.0,444.7,474.6,470.0,446.4,450.2,459.6,449.0,827.1,555.2,2.3,20.7
2025-04-28 09:49:25,448.9,449.4,445.4,444.7,474.6,470.6,447.4,450.9,459.9,449.4,826.7,555.5,2.5,20.8
2025-04-28 09:49:30,449.0,450.6,445.5,445.5,475.0,471.2,447.8,451.3,460.4,449.7,827.1,556.2,2.8,20.8
2025-04-28 09:49:35,449.6,450.8,445.8,446.0,476.2,472.0,448.2,451.8,460.6,450.1,827.7,556.3,3.0,20.8
2025-04-28 09:49:40,450.0,451.0,446.2,446.4,477.3,472.1,448.8,452.0,460.8,450.4,827.1,556.2,3.6,20.8
2025-04-28 09:49:45,450.0,451.0,447.2,446.9,477.5,472.6,449.0,452.1,461.2,450.9,827.8,556.8,3.2,20.8
2025-04-28 09:49:50,450.0,451.2,447.2,447.1,477.7,472.9,449.4,452.1,461.5,451.4,828.5,557.3,2.7,20.7
2025-04-28 09:49:55,450.6,451.8,448.1,448.2,477.8,473.1,450.0,452.9,462.2,451.7,829.0,557.8,3.0,20.7
2025-04-28 09:50:00,450.5,451.8,448.5,448.5,478.5,472.9,450.3,453.1,462.2,451.9,828.5,557.9,3.8,20.7
2025-04-28 09:50:05,450.6,451.7,449.0,448.2,479.2,473.6,450.5,453.6,462.2,451.9,828.6,557.8,3.7,20.7
2025-04-28 09:50:10,450.7,451.7,449.2,448.8,479.4,473.5,450.7,454.2,462.6,451.9,828.1,558.2,3.1,20.7
2025-04-28 09:50:15,450.9,451.3,448.9,449.1,479.6,473.8,451.3,454.2,463.0,452.3,828.4,558.3,2.7,20.7
2025-04-28 09:50:20,451.3,451.3,449.4,448.9,479.5,474.0,451.7,454.3,463.3,452.9,828.6,558.1,2.5,20.7
2025-04-28 09:50:25,451.6,451.5,449.3,448.9,479.9,474.2,452.2,454.9,463.4,453.2,829.1,558.2,2.7,20.6
2025-04-28 09:50:30,451.0,451.7,449.4,448.8,480.0,474.3,452.3,455.1,463.5,453.6,829.3,558.7,2.5,20.6
2025-04-28 09:50:35,451.3,452.2,449.6,449.2,480.3,474.9,452.8,455.3,464.8,454.0,829.5,558.5,3.5,20.6
2025-04-28 09:50:40,451.3,452.4,449.7,449.1,480.7,474.5,452.8,456.2,464.8,454.5,830.0,558.5,3.7,20.6
2025-04-28 09:50:45,451.6,452.7,449.7,449.4,481.0,474.3,453.6,455.9,465.0,455.0,830.4,558.7,3.4,20.6
2025-04-28 09:50:50,451.7,453.1,450.1,449.6,481.0,474.6,454.1,456.2,465.2,455.0,830.0,558.5,3.4,20.6
2025-04-28 09:50:55,452.0,453.5,449.8,449.5,481.1,474.9,453.8,456.1,464.9,455.1,829.7,558.7,3.4,20.6
2025-04-28 09:51:00,452.2,453.9,450.1,449.7,481.4,474.7,454.2,456.2,464.9,455.4,829.1,559.3,3.0,20.6
2025-04-28 09:51:05,452.0,454.3,450.5,450.5,481.3,475.2,454.0,455.9,464.8,455.6,829.0,559.4,3.0,20.6
2025-04-28 09:51:10,452.1,454.4,450.8,450.7,481.5,475.4,454.3,455.9,465.4,455.4,829.0,559.8,2.8,20.5
2025-04-28 09:51:15,453.1,455.3,451.6,451.4,481.8,475.9,454.4,456.3,466.0,455.4,828.6,560.4,2.7,20.5
2025-04-28 09:51:20,453.6,455.6,451.9,451.8,482.7,476.5,454.7,457.2,466.1,455.7,828.5,560.4,2.7,20.5
2025-04-28 09:51:25,453.4,455.7,452.0,451.6,482.7,476.9,454.4,458.2,466.5,455.8,828.4,560.8,2.7,20.5
2025-04-28 09:51:30,454.1,455.7,452.4,451.9,483.2,477.1,454.8,458.5,467.1,456.3,828.2,561.4,2.4,20.5
2025-04-28 09:51:35,454.5,456.1,452.9,451.8,483.8,477.2,455.3,458.5,467.2,456.8,828.7,561.5,2.3,20.5
2025-04-28 09:51:40,454.8,456.1,453.7,452.3,484.5,477.6,456.2,458.7,467.5,457.6,829.9,561.7,2.1,20.5
2025-04-28 09:51:45,455.2,456.3,453.7,452.3,484.5,477.6,456.5,458.7,468.0,457.9,829.8,561.8,2.0,20.6
2025-04-28 09:51:50,455.4,457.4,453.8,452.8,484.4,477.8,456.6,459.0,468.2,458.2,829.8,562.3,2.2,20.6
2025-04-28 09:51:55,455.5,457.8,453.7,452.7,484.8,478.6,456.4,459.7,468.6,458.6,830.6,562.5,2.3,20.6
2025-04-28 09:52:00,456.0,458.1,454.1,453.8,485.2,479.0,456.7,459.9,468.9,459.0,830.9,562.6,2.1,20.6
2025-04-28 09:52:05,456.1,458.8,454.3,454.2,485.4,479.1,457.0,459.9,468.8,459.2,831.3,563.2,2.1,20.6
2025-04-28 09:52:10,456.7,458.7,454.7,454.1,485.7,479.7,457.5,460.0,469.0,459.3,830.9,563.9,1.8,20.6
2025-04-28 09:52:15,456.9,459.2,454.8,454.2,485.7,479.7,457.9,460.1,469.4,460.0,831.8,564.6,1.7,20.6
2025-04-28 09:52:20,457.4,459.8,455.0,454.5,485.6,479.8,457.9,460.4,469.7,460.4,832.0,565.5,1.7,20.7
2025-04-28 09:52:25,457.9,459.4,455.1,455.1,486.1,480.2,458.5,460.9,469.8,460.6,832.5,565.8,1.7,20.7
2025-04-28 09:52:30,457.9,459.8,455.4,455.2,486.5,481.5,458.6,461.4,470.0,461.0,832.1,566.2,1.5,20.7
2025-04-28 09:52:35,458.2,460.0,455.8,455.7,487.0,481.4,458.4,461.3,470.6,460.9,831.7,566.3,1.3,20.8
2025-04-28 09:52:40,458.6,460.4,456.3,456.2,487.4,482.0,458.9,461.6,471.1,461.1,832.1,566.6,1.2,20.8
2025-04-28 09:52:45,458.9,460.6,456.7,456.5,488.2,482.4,458.9,461.8,471.5,461.1,832.0,567.1,1.1,20.8
2025-04-28 09:52:50,459.8,460.8,456.9,456.4,489.2,482.3,459.5,462.1,471.5,461.4,831.6,567.6,0.9,20.9
2025-04-28 09:52:55,460.3,461.1,457.1,456.5,489.0,482.4,459.7,462.4,471.7,461.8,831.8,568.1,0.8,20.9
2025-04-28 09:53:00,460.8,461.7,457.8,457.2,489.4,482.8,460.1,462.7,472.3,462.2,832.0,568.4,0.8,20.9
2025-04-28 09:53:05,461.1,461.8,457.9,457.4,489.9,482.8,460.5,462.7,472.7,462.6,832.8,568.2,0.8,20.9
2025-04-28 09:53:10,461.3,462.3,458.4,457.5,489.8,483.1,460.6,463.0,473.0,463.3,833.1,568.8,0.7,21.0
2025-04-28 09:53:15,462.0,462.2,458.4,458.3,490.0,483.3,460.7,463.6,473.1,463.4,833.5,569.1,0.8,21.0
2025-04-28 09:53:20,462.3,462.3,458.5,458.2,490.1,483.9,460.9,463.9,473.4,463.5,834.5,569.5,1.1,21.0
2025-04-28 09:53:25,462.5,462.5,458.4,458.5,490.1,484.4,461.2,464.3,473.5,464.0,834.2,569.8,1.1,21.1
2025-04-28 09:53:30,463.1,462.5,459.1,458.7,490.2,484.3,461.7,464.4,473.7,464.3,834.5,570.5,1.0,21.2
2025-04-28 09:53:35,463.2,462.9,459.4,459.0,490.5,484.4,461.9,464.6,473.8,464.6,834.7,571.2,0.9,21.2
2025-04-28 09:53:40,463.2,463.3,459.4,459.1,490.9,484.9,462.6,464.8,473.6,464.6,834.5,572.0,0.8,21.2
2025-04-28 09:53:45,463.3,464.0,460.4,459.6,491.2,485.3,462.4,465.4,474.2,464.8,833.6,572.0,0.7,21.3
2025-04-28 09:53:50,463.4,464.3,460.7,459.5,491.5,485.5,462.4,466.1,474.6,465.3,834.0,571.8,0.6,21.3
2025-04-28 09:53:55,463.5,464.9,461.1,459.9,491.9,486.0,463.0,466.7,475.6,465.5,834.8,571.7,0.6,21.3
2025-04-28 09:54:00,464.0,465.1,461.1,460.7,492.4,486.3,463.1,466.8,476.1,465.6,834.9,572.7,0.6,21.3
2025-04-28 09:54:05,464.2,465.4,461.0,461.0,492.8,486.5,464.1,466.9,476.3,466.0,834.4,572.8,0.5,21.4
2025-04-28 09:54:10,464.7,465.7,461.4,461.2,493.2,486.8,464.5,467.4,476.4,466.1,834.5,572.7,0.5,21.4
2025-04-28 09:54:15,464.7,465.8,462.3,461.2,493.4,486.7,464.6,467.5,476.7,466.5,835.6,573.1,0.4,21.5
2025-04-28 09:54:20,464.9,465.6,462.5,461.6,493.0,486.8,465.0,467.9,476.9,466.9,835.9,573.2,0.6,21.5
2025-04-28 09:54:25,464.8,465.5,462.7,461.9,493.3,486.9,465.4,467.4,477.0,467.2,835.7,573.6,1.0,21.6
2025-04-28 09:54:30,464.8,465.3,462.9,461.8,493.1,487.1,465.6,467.4,476.8,467.5,836.1,574.0,1.6,21.6
2025-04-28 09:54:35,465.1,465.6,462.7,462.0,493.0,487.5,465.4,467.8,476.5,467.5,836.0,574.0,1.6,21.7
2025-04-28 09:54:40,465.1,465.7,462.8,461.9,493.3,488.0,465.6,467.7,477.0,467.7,835.6,573.9,1.9,21.7
2025-04-28 09:54:45,465.3,465.7,462.9,462.6,493.8,487.6,465.9,468.1,477.7,467.7,835.5,573.8,2.1,21.8
2025-04-28 09:54:50,464.9,466.5,463.1,462.7,494.2,488.3,466.2,468.5,477.7,468.3,835.2,574.1,2.9,21.9
2025-04-28 09:54:55,465.0,466.4,463.0,463.4,494.6,488.9,466.6,469.1,477.7,468.4,835.8,574.4,3.5,21.9
2025-04-28 09:55:00,465.5,467.2,463.6,463.7,494.8,489.1,466.4,469.3,478.1,469.0,836.6,574.9,3.7,21.9
2025-04-28 09:55:05,466.0,467.9,464.2,464.3,495.1,489.4,466.5,469.6,478.6,468.9,836.3,575.6,3.4,21.9
2025-04-28 09:55:10,467.0,468.2,464.7,464.4,495.2,489.9,466.6,469.6,479.2,469.3,836.1,575.9,3.2,21.9
2025-04-28 09:55:15,467.3,468.9,465.2,464.5,496.0,490.3,466.9,469.8,479.6,469.7,836.2,576.2,2.9,21.9
2025-04-28 09:55:20,467.4,468.8,465.6,464.4,496.3,490.6,467.2,470.1,479.7,469.6,835.8,576.0,2.5,21.9
2025-04-28 09:55:25,467.7,469.2,465.7,464.5,496.1,490.9,467.7,470.1,479.5,469.6,835.8,575.9,2.4,22.0
2025-04-28 09:55:30,467.9,469.5,465.2,464.9,496.4,491.1,468.1,470.1,479.2,469.8,835.7,576.5,2.1,22.0
2025-04-28 09:55:35,468.4,469.5,465.4,465.5,496.6,491.6,468.2,470.3,479.2,470.1,835.8,577.0,1.9,22.0
2025-04-28 09:55:40,468.8,469.7,466.1,465.6,496.9,491.7,467.9,470.2,479.5,469.9,834.4,577.4,1.6,22.0
2025-04-28 09:55:45,468.9,469.4,466.3,465.4,497.1,491.3,468.1,470.6,479.8,470.0,834.9,577.3,1.5,22.1
2025-04-28 09:55:50,468.9,469.3,465.9,465.3,497.0,491.3,468.0,470.7,479.9,470.7,835.7,577.2,1.1,22.1
2025-04-28 09:55:55,469.1,469.7,466.2,465.4,497.1,491.2,468.5,471.1,480.5,470.9,835.5,577.5,1.3,22.1
2025-04-28 09:56:00,469.5,470.0,466.1,465.7,497.3,491.2,468.5,471.5,481.1,471.3,835.5,577.6,1.2,22.1
2025-04-28 09:56:05,469.8,470.3,466.0,465.9,497.1,491.6,469.0,471.7,481.4,471.8,836.4,577.9,1.1,22.2
2025-04-28 09:56:10,469.8,471.0,466.2,465.9,497.3,492.1,469.4,472.1,481.6,472.0,836.2,578.0,1.0,22.2
2025-04-28 09:56:15,469.6,471.2,466.4,466.1,497.6,492.3,469.1,472.3,481.4,472.2,835.7,578.4,1.4,22.2
2025-04-28 09:56:20,469.7,471.7,467.1,466.5,498.0,492.8,469.4,472.2,481.3,472.4,835.5,578.6,1.5,22.2
2025-04-28 09:56:25,469.8,472.4,467.3,466.2,498.2,492.5,470.0,472.1,481.5,472.6,835.7,578.8,1.7,22.2
2025-04-28 09:56:30,469.7,473.0,467.8,466.4,498.5,492.7,469.6,471.6,481.5,473.0,835.8,578.9,1.9,22.3
2025-04-28 09:56:35,470.0,472.8,467.7,467.9,498.0,492.7,469.7,471.9,481.3,473.0,835.6,579.5,1.8,22.3
2025-04-28 09:56:40,470.6,473.0,467.6,468.0,498.0,493.0,469.5,472.1,481.4,473.4,835.3,580.0,1.6,22.3
2025-04-28 09:56:45,470.9,473.0,467.9,468.8,498.1,493.9,469.9,472.8,481.9,473.5,835.2,581.1,1.9,22.3
2025-04-28 09:56:50,471.5,472.9,468.5,469.3,498.8,494.7,470.4,473.0,481.9,473.4,834.8,581.2,2.0,22.4
2025-04-28 09:56:55,472.2,473.3,468.7,469.0,499.0,495.2,470.4,473.6,482.1,473.3,834.2,580.3,1.8,22.4
2025-04-28 09:57:00,472.5,473.7,469.0,468.9,499.4,495.6,470.8,474.1,483.1,473.3,833.7,581.6,1.5,22.4
2025-04-28 09:57:05,472.9,474.1,469.1,469.6,499.5,495.6,470.4,474.7,483.1,473.4,833.8,581.8,1.4,22.4
2025-04-28 09:57:10,473.5,475.3,469.5,470.5,500.1,495.8,470.6,474.8,483.8,473.7,833.6,582.5,1.4,22.4
2025-04-28 09:57:15,473.3,475.4,469.8,471.0,500.4,496.0,471.1,475.4,484.0,473.9,833.5,584.3,1.3,22.5
2025-04-28 09:57:20,474.0,475.7,470.2,471.4,501.1,496.4,471.4,475.8,484.3,474.1,834.4,584.6,1.1,22.5
2025-04-28 09:57:25,474.3,475.9,470.7,471.5,501.3,496.4,472.1,476.4,484.8,474.6,833.9,586.4,1.1,22.5
2025-04-28 09:57:30,474.8,475.9,470.9,471.6,501.5,496.8,472.7,476.5,485.0,474.9,834.1,586.0,1.8,22.5
2025-04-28 09:57:35,474.9,475.5,471.1,471.4,501.2,497.1,473.1,476.5,485.2,475.7,835.4,585.5,2.0,22.6
2025-04-28 09:57:40,475.6,475.7,471.5,471.5,501.5,497.1,473.0,477.1,485.8,476.3,836.1,585.1,1.9,22.6
2025-04-28 09:57:45,475.8,475.8,472.0,471.6,502.0,497.0,474.3,476.9,486.3,476.7,836.2,585.4,2.1,22.6
2025-04-28 09:57:50,475.3,476.3,472.2,472.0,502.7,497.1,474.6,477.2,486.3,477.0,836.7,585.5,2.1,22.6
2025-04-28 09:57:55,475.7,476.4,472.2,472.1,502.8,497.1,474.7,477.2,486.1,477.2,836.5,585.7,1.7,22.7
2025-04-28 09:58:00,475.9,476.6,472.7,472.1,503.0,497.1,474.3,477.1,486.5,477.5,836.6,586.3,1.6,22.7
2025-04-28 09:58:05,476.3,476.9,472.7,472.5,502.8,497.5,474.3,477.1,486.6,477.5,836.2,586.4,1.3,22.7
2025-04-28 09:58:10,476.8,477.3,472.6,472.8,502.7,497.8,474.2,477.6,487.5,477.8,836.2,586.5,1.1,22.8
2025-04-28 09:58:15,476.6,477.6,472.5,473.3,502.8,498.8,474.4,478.6,487.3,478.1,836.3,587.2,1.2,22.8
2025-04-28 09:58:20,476.4,478.0,472.8,473.7,503.5,499.6,474.6,478.9,487.4,478.2,836.5,587.5,1.3,22.8
2025-04-28 09:58:25,477.1,479.0,473.7,474.0,503.7,499.9,474.7,479.4,488.0,478.0,835.3,588.1,1.8,22.8
2025-04-28 09:58:30,478.0,480.0,474.2,475.3,504.0,500.6,475.5,479.8,487.9,477.9,835.8,588.7,2.2,22.8
2025-04-28 09:58:35,478.3,480.5,474.5,475.4,504.3,500.2,475.5,480.1,488.0,478.3,835.4,589.1,2.3,22.8
2025-04-28 09:58:40,478.7,480.3,474.9,475.2,504.8,500.2,476.2,480.2,488.7,478.8,836.7,589.0,2.1,22.8
2025-04-28 09:58:45,478.8,480.1,475.3,475.7,504.5,500.3,476.2,481.1,489.3,479.0,836.7,589.3,1.9,22.8
2025-04-28 09:58:50,478.8,480.4,475.0,476.4,504.7,500.6,476.5,481.4,490.3,479.8,836.7,589.5,1.9,22.8
2025-04-28 09:58:55,478.7,480.6,475.4,476.9,505.2,501.8,478.1,481.5,491.6,480.0,837.6,590.0,1.8,22.8
2025-04-28 09:59:00,479.0,481.3,475.6,477.0,507.4,502.4,479.2,482.5,491.5,480.8,837.9,590.5,1.8,22.9
2025-04-28 09:59:05,479.5,481.6,476.2,476.8,507.7,502.4,479.3,482.8,491.8,480.7,838.8,590.9,1.8,22.9
2025-04-28 09:59:10,479.5,481.1,476.3,476.6,508.0,502.3,479.5,482.9,491.8,481.2,838.2,590.1,1.4,22.9
2025-04-28 09:59:15,479.9,480.6,476.4,476.5,508.0,502.9,479.9,482.9,491.7,481.6,838.6,590.0,1.3,22.9
2025-04-28 09:59:20,479.5,480.7,476.8,477.2,508.1,502.9,480.3,483.0,491.9,481.4,838.5,591.3,1.4,22.9
2025-04-28 09:59:25,480.0,480.9,476.9,477.5,508.6,503.4,480.2,483.0,492.3,481.6,838.3,591.6,1.5,22.9
2025-04-28 09:59:30,480.0,480.9,477.0,477.6,509.0,503.6,480.7,482.9,492.7,482.8,839.3,591.8,1.4,22.9
2025-04-28 09:59:35,480.4,481.6,477.5,477.5,509.0,503.7,480.9,483.1,492.8,483.4,840.6,591.9,1.3,23.0
2025-04-28 09:59:40,480.9,481.5,477.6,477.5,508.8,503.9,481.2,483.6,493.0,483.8,840.4,592.1,1.3,23.0
2025-04-28 09:59:45,480.8,481.8,477.6,477.9,509.4,504.1,481.6,483.8,493.1,483.9,840.6,592.0,1.3,23.0
2025-04-28 09:59:50,481.2,481.9,477.8,478.1,509.7,504.6,481.9,484.4,493.9,484.0,840.3,592.2,1.2,23.0
2025-04-28 09:59:55,482.3,481.7,478.0,478.2,510.0,505.4,481.7,484.7,493.7,484.1,840.4,592.7,1.1,23.0
2025-04-28 10:00:00,482.6,481.9,478.5,478.4,510.3,505.3,481.9,485.2,493.9,484.0,840.0,592.9,0.8,23.0
2025-04-28 10:00:05,482.7,481.9,479.1,478.3,510.2,505.1,482.2,485.3,494.5,484.5,840.1,593.2,0.8,23.0
2025-04-28 10:00:10,482.9,482.4,479.4,478.1,510.4,505.0,482.9,485.2,494.7,484.7,840.0,593.3,0.6,23.0
2025-04-28 10:00:15,482.4,482.8,479.5,478.8,510.5,505.2,483.1,485.7,494.9,485.0,840.6,593.0,0.6,23.0
2025-04-28 10:00:20,482.6,483.2,479.4,479.2,510.0,505.4,482.8,485.6,494.9,485.3,840.9,593.3,0.5,23.1
2025-04-28 10:00:25,483.2,483.7,479.5,478.9,510.1,505.5,483.1,485.8,495.0,485.6,840.2,593.5,0.4,23.0
2025-04-28 10:00:30,483.2,484.1,479.9,479.1,510.8,505.2,483.0,485.8,494.9,485.7,840.1,593.4,0.3,23.1
2025-04-28 10:00:35,483.4,484.2,480.1,479.2,510.7,505.3,482.8,485.4,495.1,486.2,840.6,593.6,0.2,23.1
2025-04-28 10:00:40,483.7,484.3,480.1,479.5,511.0,505.5,482.7,485.4,495.2,486.4,840.5,593.6,0.1,23.1
2025-04-28 10:00:45,483.9,484.4,480.2,480.0,511.1,506.0,482.9,485.6,495.0,486.5,840.4,593.6,0.0,23.2
2025-04-28 10:00:50,482.6,484.5,480.4,480.0,511.0,506.1,482.8,486.1,495.2,487.6,841.2,594.0,0.0,23.2
2025-04-28 10:00:55,483.7,485.4,480.7,480.5,511.3,506.5,483.2,486.5,495.4,487.4,841.5,594.4,0.3,23.2
2025-04-28 10:01:00,483.7,485.7,481.1,481.3,511.6,506.7,483.4,487.0,495.9,487.7,840.7,594.5,0.4,23.2
2025-04-28 10:01:05,484.2,486.0,481.6,482.2,512.1,507.3,483.3,487.2,495.8,487.6,840.8,595.1,0.4,23.3
2025-04-28 10:01:10,484.5,486.3,481.9,482.3,512.1,507.4,483.9,487.5,496.5,487.9,840.8,595.8,0.4,23.3
2025-04-28 10:01:15,485.2,486.3,481.7,481.9,512.3,507.8,484.2,487.8,496.8,488.3,841.4,596.1,0.4,23.3
2025-04-28 10:01:20,485.9,487.0,482.4,482.6,512.8,508.4,484.5,488.3,497.5,488.7,841.5,596.4,0.6,23.4
2025-04-28 10:01:25,486.2,488.2,483.2,482.9,513.4,508.5,484.7,488.8,497.9,489.0,842.0,596.8,0.6,23.4
2025-04-28 10:01:30,486.7,488.2,483.7,483.2,513.7,509.0,485.1,489.1,497.9,489.1,842.5,597.4,1.1,23.5
2025-04-28 10:01:35,487.1,489.4,484.5,484.1,514.1,509.1,485.8,489.4,497.9,489.5,842.2,597.8,1.2,23.5
2025-04-28 10:01:40,487.4,489.3,484.6,484.3,514.3,509.7,486.0,490.1,498.0,489.6,842.0,598.6,1.9,23.6
2025-04-28 10:01:45,488.1,489.7,484.8,485.0,514.8,510.5,486.2,490.9,498.8,489.8,841.8,599.2,2.0,23.6
2025-04-28 10:01:50,488.8,490.0,485.1,485.1,515.2,510.6,486.7,491.2,499.5,489.8,842.1,599.6,1.8,23.7
2025-04-28 10:01:55,489.6,490.2,485.4,485.6,515.8,510.9,486.9,491.2,499.4,490.0,841.9,600.3,1.6,23.7
2025-04-28 10:02:00,490.0,490.8,486.0,485.8,516.4,511.6,487.4,491.4,499.7,490.7,842.4,601.5,1.3,23.8
2025-04-28 10:02:05,490.7,491.7,486.1,486.5,516.5,512.0,487.8,492.1,500.3,491.2,842.9,601.6,1.3,23.8
2025-04-28 10:02:10,491.1,492.6,486.5,486.6,516.4,512.5,487.9,492.5,500.8,491.6,843.5,601.8,1.4,23.9
2025-04-28 10:02:15,491.3,493.0,486.7,487.1,517.1,513.0,488.4,492.7,500.8,491.9,843.9,602.4,1.4,23.9
2025-04-28 10:02:20,491.6,493.4,487.4,487.9,517.6,513.1,488.9,493.2,501.6,492.3,843.7,602.9,1.2,23.9
2025-04-28 10:02:25,491.7,493.2,488.4,488.0,518.0,513.8,489.6,493.6,501.9,493.0,844.2,603.4,1.2,23.9
2025-04-28 10:02:30,492.2,493.0,488.6,488.1,518.6,514.1,490.4,494.1,502.4,493.6,845.8,604.5,2.0,24.0
2025-04-28 10:02:35,492.7,493.4,489.1,488.9,518.9,514.6,490.5,494.2,503.1,493.8,845.3,604.6,2.0,24.0
2025-04-28 10:02:40,493.3,493.8,489.5,489.5,519.0,514.8,490.6,494.8,503.1,494.2,846.1,604.7,2.3,24.1
2025-04-28 10:02:45,494.3,494.1,489.8,489.8,519.0,515.0,491.0,495.2,503.3,494.2,845.9,605.7,2.2,24.1
2025-04-28 10:02:50,494.7,494.4,490.2,489.7,519.1,515.0,491.1,495.2,503.5,494.4,845.8,606.3,2.2,24.1
2025-04-28 10:02:55,495.2,494.6,490.5,490.1,519.2,515.6,491.7,495.8,505.1,494.7,846.3,606.5,2.4,24.2
2025-04-28 10:03:00,495.5,495.0,490.5,490.3,519.4,516.1,492.1,496.2,505.2,495.4,846.7,606.8,2.5,24.2
2025-04-28 10:03:05,495.5,495.6,490.7,490.3,520.1,516.3,492.5,497.0,505.6,495.5,847.2,607.7,2.1,24.2
2025-04-28 10:03:10,495.4,495.5,491.2,490.8,520.6,516.5,493.4,497.6,505.6,495.9,847.4,607.7,2.4,24.2
2025-04-28 10:03:15,495.5,495.8,491.5,491.1,521.0,517.1,493.7,498.2,506.0,496.0,847.2,607.8,2.6,24.2
2025-04-28 10:03:20,495.9,495.9,491.3,492.5,521.6,518.3,494.1,498.6,506.0,496.5,847.6,608.7,3.0,24.2
2025-04-28 10:03:25,495.8,496.4,491.7,492.4,521.7,519.2,494.1,498.7,506.3,496.8,848.2,609.0,2.7,24.2
2025-04-28 10:03:30,496.1,496.3,492.0,492.4,522.0,519.2,494.3,498.7,506.3,497.2,848.6,609.2,2.4,24.1
2025-04-28 10:03:35,496.4,496.7,492.7,492.3,522.8,518.6,493.9,498.8,506.5,497.5,848.7,609.1,2.2,24.1
2025-04-28 10:03:40,496.7,496.5,492.6,492.9,522.9,519.4,494.6,499.2,506.6,497.8,848.7,609.6,2.0,24.1
2025-04-28 10:03:45,496.9,496.6,492.7,493.3,522.9,520.1,494.7,499.7,507.5,498.0,848.4,609.7,2.0,24.1
2025-04-28 10:03:50,497.1,496.2,492.7,493.4,524.0,519.9,494.9,499.4,508.0,498.5,848.8,610.2,2.7,24.1
2025-04-28 10:03:55,496.9,496.2,493.0,493.7,523.9,519.8,495.3,499.3,508.4,498.6,849.0,610.6,2.9,24.1
2025-04-28 10:04:00,497.3,496.5,493.6,494.1,523.8,519.9,495.9,499.9,508.4,498.7,849.2,611.0,2.3,24.0
2025-04-28 10:04:05,497.6,497.4,493.7,494.4,524.2,520.1,496.3,500.5,508.5,498.8,849.4,611.3,2.1,24.0
2025-04-28 10:04:10,497.5,497.8,493.8,494.2,524.2,520.3,496.8,500.8,509.4,499.3,849.4,612.0,2.4,24.0
2025-04-28 10:04:15,497.6,498.8,494.4,494.8,525.7,520.7,497.7,501.4,509.6,499.7,850.6,612.0,3.1,24.0
2025-04-28 10:04:20,498.0,498.8,495.2,495.1,525.9,521.1,497.9,501.2,509.9,500.1,850.4,612.0,3.5,24.0
2025-04-28 10:04:25,498.3,498.6,495.3,495.3,525.8,521.1,498.1,501.4,510.2,500.3,850.2,612.2,2.9,23.9
2025-04-28 10:04:30,498.4,498.5,496.5,494.8,526.3,521.2,498.2,501.8,510.2,500.4,850.1,612.3,2.4,23.9
2025-04-28 10:04:35,498.5,498.5,496.5,495.0,526.4,521.3,498.7,501.9,509.7,500.8,850.0,612.8,2.2,23.9
2025-04-28 10:04:40,499.0,499.0,496.7,494.9,526.6,521.7,498.3,501.8,510.3,500.7,849.5,613.3,2.5,23.8
2025-04-28 10:04:45,499.5,499.5,496.8,494.9,526.5,521.7,498.0,502.0,510.6,500.7,849.2,613.3,2.1,23.8
2025-04-28 10:04:50,499.6,500.0,496.6,495.3,526.7,521.9,498.1,501.9,510.6,501.1,849.0,613.1,1.6,23.8
2025-04-28 10:04:55,499.7,501.0,497.0,495.6,526.6,521.9,498.2,502.0,510.9,501.7,849.6,612.9,1.6,23.8
2025-04-28 10:05:00,500.2,501.2,496.7,496.9,527.1,522.0,498.6,502.3,510.8,501.8,849.8,613.1,1.4,23.8
2025-04-28 10:05:05,500.6,502.3,496.8,497.4,526.7,522.0,498.4,502.4,511.2,501.8,850.1,613.4,1.5,23.7
2025-04-28 10:05:10,501.2,502.7,497.2,497.5,526.7,522.3,498.4,502.7,511.1,502.2,849.6,614.0,1.7,23.7
2025-04-28 10:05:15,501.5,502.7,497.6,497.8,527.1,523.0,498.3,503.4,511.3,502.4,850.0,614.3,1.7,23.7
2025-04-28 10:05:20,502.5,502.5,498.4,497.9,527.9,524.0,499.4,504.0,511.9,503.3,850.3,614.5,2.7,23.7
2025-04-28 10:05:25,502.6,502.7,498.3,498.1,528.3,524.2,499.9,504.3,512.5,503.4,848.9,614.6,2.7,23.7
2025-04-28 10:05:30,503.2,503.0,498.6,497.9,528.7,524.2,500.2,504.7,513.2,503.7,850.4,614.6,2.7,23.6
2025-04-28 10:05:35,503.4,503.0,498.3,498.4,528.8,524.7,500.6,504.6,513.1,504.0,851.3,615.4,2.6,23.6
2025-04-28 10:05:40,502.9,503.1,498.4,498.5,528.7,524.7,501.0,504.4,513.3,504.0,851.3,616.5,2.4,23.6
2025-04-28 10:05:45,503.2,503.2,498.5,498.9,528.6,525.1,501.1,504.5,513.3,504.4,850.5,616.5,2.0,23.6
2025-04-28 10:05:50,503.4,503.0,498.9,498.9,528.8,525.2,501.3,504.8,513.6,504.4,850.0,616.5,2.1,23.6
2025-04-28 10:05:55,503.5,503.2,499.3,499.1,528.8,525.1,501.6,505.1,513.8,504.7,850.0,616.5,2.0,23.6
2025-04-28 10:06:00,503.5,503.0,499.8,498.9,529.3,524.9,501.5,505.1,514.0,505.0,850.2,616.6,2.0,23.5
2025-04-28 10:06:05,503.8,502.6,499.9,498.8,529.2,525.2,501.9,505.4,514.0,504.9,849.3,616.8,1.8,23.5
2025-04-28 10:06:10,503.8,502.7,499.9,498.6,529.4,525.0,502.0,505.4,514.3,505.4,849.5,617.3,1.6,23.5
2025-04-28 10:06:15,504.0,502.9,499.8,499.1,529.8,525.8,501.8,505.1,514.9,505.7,849.7,617.4,2.0,23.5
2025-04-28 10:06:20,504.2,503.4,500.0,499.3,530.0,526.1,501.8,505.5,515.0,505.8,849.4,617.7,2.3,23.5
2025-04-28 10:06:25,504.3,503.9,500.9,499.3,530.1,526.4,501.9,506.0,515.2,506.1,849.2,617.8,2.3,23.4
2025-04-28 10:06:30,504.1,503.9,501.0,499.3,530.2,526.2,502.3,506.5,515.2,506.3,849.2,618.8,2.0,23.4
2025-04-28 10:06:35,504.3,504.1,501.4,499.5,530.3,526.2,502.5,506.5,515.4,506.7,849.6,618.8,1.7,23.4
2025-04-28 10:06:40,504.8,504.0,501.5,499.6,530.4,526.0,503.2,506.5,515.4,506.8,849.6,619.2,1.5,23.4
2025-04-28 10:06:45,505.0,504.1,501.4,499.6,531.0,526.8,503.5,506.9,515.2,506.8,850.0,619.8,1.3,23.4
2025-04-28 10:06:50,505.8,504.4,501.6,500.0,531.4,526.6,503.4,506.9,515.6,507.2,849.4,619.9,1.0,23.4
2025-04-28 10:06:55,506.1,505.7,501.6,500.5,531.1,528.1,503.5,506.7,515.8,507.5,849.1,620.4,1.0,23.4
2025-04-28 10:07:00,506.1,506.4,501.6,500.6,531.2,527.7,503.9,506.7,515.9,507.6,849.5,620.3,0.9,23.4
2025-04-28 10:07:05,505.7,507.2,502.2,501.6,531.7,528.0,504.0,507.3,516.1,508.1,849.6,622.2,0.7,23.4
2025-04-28 10:07:10,505.6,507.9,502.6,502.9,531.5,528.4,504.0,507.8,516.6,508.1,849.9,621.6,0.6,23.4
2025-04-28 10:07:15,506.5,508.1,503.0,502.8,531.2,528.7,504.0,507.8,517.0,508.3,849.6,622.1,0.8,23.4
2025-04-28 10:07:20,506.5,508.2,503.3,503.5,532.0,529.1,504.5,508.7,517.4,508.9,850.0,622.6,1.8,23.4
2025-04-28 10:07:25,507.2,508.7,503.8,503.7,533.3,529.5,505.2,508.6,517.9,509.0,850.4,623.6,2.5,23.3
2025-04-28 10:07:30,508.7,508.9,504.2,504.1,533.5,529.9,505.3,509.1,518.1,509.8,850.7,624.3,3.1,23.3
2025-04-28 10:07:35,508.9,509.0,504.4,504.5,533.4,530.4,505.3,509.4,518.8,510.1,851.1,624.3,3.2,23.3
2025-04-28 10:07:40,509.2,508.9,504.7,504.4,533.5,530.6,505.4,509.9,519.2,510.2,850.9,624.4,3.0,23.3
2025-04-28 10:07:45,509.9,508.8,504.9,504.5,533.9,530.9,505.5,510.3,519.4,510.5,851.1,624.9,2.3,23.3
2025-04-28 10:07:50,509.8,509.5,505.4,504.7,534.8,531.0,505.5,510.3,519.2,508.7,850.8,624.8,1.8,23.3
2025-04-28 10:07:55,509.9,509.7,505.9,505.2,534.8,531.3,505.5,510.8,519.3,510.5,851.0,624.8,1.7,23.3
2025-04-28 10:08:00,509.9,509.8,505.7,505.1,534.8,531.5,505.7,511.0,519.3,510.6,850.8,624.9,1.5,23.3
2025-04-28 10:08:05,509.9,509.6,505.4,504.7,534.6,531.2,505.7,510.7,519.2,510.6,850.2,624.5,1.2,23.3
2025-04-28 10:08:10,507.5,508.7,503.3,502.9,533.0,529.8,504.2,510.2,518.9,509.8,848.3,622.4,1.1,23.3
2025-04-28 10:08:15,507.2,507.6,502.4,502.4,531.6,529.4,504.0,507.7,517.3,508.0,844.0,621.1,1.1,23.3
2025-04-28 10:08:20,506.8,507.6,502.5,502.1,531.3,528.4,502.5,507.4,516.0,506.6,841.4,620.4,1.0,23.3
2025-04-28 10:08:25,506.8,507.5,502.6,502.6,531.1,528.1,503.1,507.2,516.0,506.7,841.8,621.0,2.0,23.3
2025-04-28 10:08:30,506.8,507.6,502.8,503.4,531.4,528.2,503.5,507.7,516.1,507.6,842.9,621.4,2.4,23.3
2025-04-28 10:08:35,507.1,507.4,502.6,503.8,531.7,528.3,503.8,507.9,516.4,508.0,842.9,621.4,2.7,23.3
2025-04-28 10:08:40,508.2,507.7,502.8,503.7,531.8,528.5,504.2,508.1,516.5,508.3,843.3,623.5,3.3,23.3
2025-04-28 10:08:45,508.3,508.2,504.0,503.3,532.4,528.8,504.6,508.4,516.8,508.3,843.4,623.2,3.7,23.2
2025-04-28 10:08:50,508.2,508.8,504.4,503.5,532.6,528.7,505.0,508.7,517.0,509.1,843.9,622.8,3.3,23.1
2025-04-28 10:08:55,508.5,508.8,504.2,503.8,532.6,528.8,504.6,508.6,517.0,509.3,844.1,622.6,3.0,23.1
2025-04-28 10:09:00,508.5,508.8,504.2,504.0,532.6,529.1,504.3,508.7,517.4,509.4,843.9,622.9,2.4,23.1
2025-04-28 10:09:05,508.4,509.4,504.0,504.4,532.9,529.6,504.1,509.2,517.8,510.2,844.7,623.1,2.1,23.1
2025-04-28 10:09:10,508.8,510.0,504.4,504.4,532.9,529.8,505.2,509.3,518.2,510.6,845.6,623.4,2.0,23.0
2025-04-28 10:09:15,509.4,510.9,504.8,504.9,533.3,529.9,506.1,510.3,519.0,511.3,847.0,623.6,2.0,23.0
2025-04-28 10:09:20,510.8,512.9,506.8,506.4,534.9,531.8,507.1,511.6,519.2,511.6,847.2,626.0,2.1,23.0
2025-04-28 10:09:25,512.7,513.5,507.9,507.2,536.2,533.2,508.5,512.7,521.1,512.2,848.1,628.5,2.3,23.0
2025-04-28 10:09:30,514.3,514.0,509.5,509.5,538.0,534.3,509.9,513.3,521.6,513.5,850.3,628.4,2.1,23.0
2025-04-28 10:09:35,515.1,515.6,510.0,510.3,537.9,534.8,509.8,514.4,523.1,514.8,852.0,629.6,2.7,22.9
2025-04-28 10:09:40,515.8,516.0,510.7,510.6,539.5,535.6,511.0,515.7,523.8,515.9,853.7,630.9,2.3,22.9
2025-04-28 10:09:45,515.7,516.6,511.2,511.4,539.8,537.0,511.7,517.3,524.6,516.4,854.5,632.2,2.1,22.9
2025-04-28 10:09:50,516.4,518.1,511.7,512.0,541.4,537.5,512.6,517.5,525.8,516.9,855.0,632.6,2.1,22.9
2025-04-28 10:09:55,516.9,518.7,512.1,512.8,541.4,537.9,512.7,518.1,527.0,518.1,855.2,633.1,2.3,22.9
2025-04-28 10:10:00,516.7,518.8,512.7,513.4,541.7,538.9,513.8,518.0,527.8,517.7,855.8,633.6,2.9,22.9
2025-04-28 10:10:05,517.2,518.8,513.0,513.5,542.3,539.1,514.6,518.3,527.8,517.8,855.5,634.1,3.0,22.9
2025-04-28 10:10:10,518.0,518.6,514.1,513.2,542.6,539.2,515.0,518.7,527.7,518.4,856.2,634.3,3.2,22.8
2025-04-28 10:10:15,518.3,518.1,514.0,513.5,543.0,539.6,514.9,519.6,527.8,519.2,856.5,634.1,3.2,22.8
2025-04-28 10:10:20,518.3,518.3,514.4,513.4,543.2,539.4,515.0,520.0,528.1,519.3,856.5,634.1,2.4,22.7
2025-04-28 10:10:25,518.5,518.5,514.3,513.7,543.2,540.0,515.6,520.4,528.7,519.6,856.9,634.7,2.3,22.7
2025-04-28 10:10:30,518.7,519.3,514.6,514.4,543.9,540.0,516.2,520.3,529.0,520.4,857.1,635.0,2.4,22.6
2025-04-28 10:10:35,518.8,519.4,514.7,514.5,544.2,540.4,516.8,521.4,529.2,520.2,857.0,634.8,2.3,22.6
2025-04-28 10:10:40,519.1,519.6,515.5,514.6,545.0,540.5,517.0,521.5,529.1,520.4,857.0,635.1,2.4,22.6
2025-04-28 10:10:45,519.3,519.6,515.9,515.0,545.5,540.7,517.2,521.3,529.0,520.8,857.8,635.7,2.4,22.6
2025-04-28 10:10:50,519.7,520.0,516.0,515.5,545.5,541.4,517.3,521.7,529.8,520.7,856.8,635.4,2.5,22.6
2025-04-28 10:10:55,519.8,520.7,516.2,516.1,545.7,541.5,517.5,521.7,530.0,520.9,857.0,635.8,2.3,22.6
2025-04-28 10:11:00,520.0,521.8,516.6,516.1,545.8,541.5,517.8,521.9,530.0,520.9,856.4,636.3,2.0,22.5
2025-04-28 10:11:05,520.6,522.6,517.2,516.4,546.3,542.6,517.6,522.3,530.4,521.1,856.3,636.8,2.2,22.5
2025-04-28 10:11:10,521.3,523.2,517.4,516.9,546.5,542.7,518.3,522.7,530.7,521.3,856.5,637.2,3.0,22.5
2025-04-28 10:11:15,522.0,523.6,517.4,517.0,546.8,543.1,518.7,523.2,531.1,522.0,857.8,637.7,2.8,22.5
2025-04-28 10:11:20,522.4,524.8,518.0,517.2,547.2,543.2,518.9,523.7,532.2,522.5,857.5,637.6,2.8,22.5
2025-04-28 10:11:25,522.8,524.9,518.2,517.6,547.8,543.2,519.1,524.4,533.3,522.4,857.6,637.7,2.7,22.4
2025-04-28 10:11:30,523.6,524.4,518.7,518.4,548.2,543.6,520.8,524.5,533.5,522.9,858.2,638.6,2.6,22.4
2025-04-28 10:11:35,524.4,524.4,518.7,518.9,548.5,543.9,520.7,525.0,533.6,523.2,858.6,638.7,2.3,22.4
2025-04-28 10:11:40,524.5,524.5,518.7,519.2,548.6,544.7,521.7,525.0,533.8,523.3,858.5,640.1,2.0,22.4
2025-04-28 10:11:45,524.3,524.5,519.3,519.2,549.0,545.0,521.3,525.4,533.8,523.9,858.8,640.1,1.9,22.4
2025-04-28 10:11:50,524.5,524.7,519.8,519.4,549.1,545.2,521.2,525.7,533.5,524.1,859.0,640.3,2.2,22.4
2025-04-28 10:11:55,524.5,525.0,520.0,520.4,549.3,545.6,521.4,527.2,534.1,524.2,859.1,640.4,2.1,22.4
2025-04-28 10:12:00,525.5,525.7,520.4,520.6,550.0,545.7,522.0,527.5,534.2,525.2,859.6,641.2,2.8,22.4
2025-04-28 10:12:05,525.3,525.5,520.8,521.4,550.2,546.2,523.0,528.0,534.4,525.4,859.9,641.5,3.7,22.4
2025-04-28 10:12:10,525.7,526.2,521.3,521.5,550.1,546.9,523.3,528.3,535.4,525.9,860.3,642.0,3.9,22.3
2025-04-28 10:12:15,525.7,527.1,521.3,521.9,550.7,546.9,523.4,528.1,535.6,525.9,860.4,642.6,4.2,22.3
2025-04-28 10:12:20,526.3,527.4,522.8,522.3,551.2,546.7,523.4,528.3,536.0,526.1,859.9,642.7,5.5,22.2
2025-04-28 10:12:25,527.2,527.0,522.1,522.6,552.8,548.1,524.0,528.7,536.2,526.1,859.7,643.1,4.3,22.1
2025-04-28 10:12:30,527.6,526.9,522.1,523.3,553.1,548.6,523.7,529.4,536.1,525.8,859.4,644.1,3.8,22.1
2025-04-28 10:12:35,527.7,527.0,522.7,523.4,552.8,548.3,523.9,529.6,536.7,526.4,859.1,644.9,3.7,22.0
2025-04-28 10:12:40,528.3,527.4,522.9,523.5,553.7,548.8,524.7,529.8,536.8,526.6,859.4,644.5,3.7,22.0
2025-04-28 10:12:45,528.3,527.9,523.9,523.5,553.9,549.9,525.5,529.9,537.2,526.9,859.2,644.6,3.5,22.0
2025-04-28 10:12:50,529.1,528.8,524.3,524.6,554.2,550.9,525.3,530.6,538.6,527.6,860.3,645.2,4.0,21.9
2025-04-28 10:12:55,528.7,529.9,524.3,525.2,554.7,551.6,525.4,530.8,538.5,528.4,860.8,646.8,3.8,21.9
2025-04-28 10:13:00,528.9,530.9,524.5,526.6,554.8,552.1,525.9,531.2,539.6,528.8,861.8,648.5,4.1,21.8
2025-04-28 10:13:05,529.4,530.5,524.5,526.3,554.7,552.0,526.7,531.1,539.9,529.1,861.7,647.9,5.2,21.7
2025-04-28 10:13:10,530.8,530.1,524.8,525.7,555.1,550.9,526.8,531.8,539.8,529.1,861.8,647.6,5.2,21.7
2025-04-28 10:13:15,531.0,529.9,525.5,525.5,555.8,551.1,527.3,532.3,540.4,529.3,861.9,647.3,4.4,21.6
2025-04-28 10:13:20,530.6,530.0,525.4,525.8,555.9,551.0,528.8,532.7,540.6,529.9,861.9,648.0,4.6,21.6
2025-04-28 10:13:25,531.5,530.7,525.4,525.6,556.1,551.5,529.0,532.9,540.3,530.1,862.4,648.0,3.6,21.5
2025-04-28 10:13:30,531.5,530.9,526.0,525.6,556.2,551.7,528.5,533.2,540.4,530.1,862.4,648.2,3.5,21.4
2025-04-28 10:13:35,531.2,530.4,526.2,525.7,556.3,551.4,527.8,533.2,540.5,530.4,862.2,647.9,3.0,21.4
2025-04-28 10:13:40,530.8,530.6,526.4,525.9,556.5,551.6,527.9,532.8,540.4,530.4,861.6,647.4,2.8,21.3
2025-04-28 10:13:45,530.4,530.8,526.7,526.0,556.4,551.7,528.1,532.4,540.2,530.3,861.2,647.2,2.8,21.3
2025-04-28 10:13:50,530.4,531.0,526.4,525.9,556.3,551.6,527.6,532.7,540.2,530.4,860.9,647.0,2.5,21.3
2025-04-28 10:13:55,530.5,531.3,524.1,526.1,556.3,551.6,527.4,532.9,540.3,530.5,860.2,647.5,2.0,21.2
2025-04-28 10:14:00,530.8,532.1,525.9,526.3,555.7,551.6,527.2,532.9,540.5,530.7,859.6,648.0,2.8,21.2
2025-04-28 10:14:05,531.2,532.2,526.2,526.5,555.4,551.8,527.2,533.1,540.8,531.0,859.7,647.8,3.5,21.2
2025-04-28 10:14:10,531.7,531.4,526.3,526.6,555.4,551.7,527.8,533.0,540.7,531.2,859.9,648.0,4.2,21.2
2025-04-28 10:14:15,531.4,531.3,527.3,527.2,555.5,551.9,527.8,532.9,540.6,531.3,860.2,648.4,3.9,21.1
2025-04-28 10:14:20,531.2,531.3,527.2,527.5,555.9,552.3,528.3,532.8,540.4,531.4,860.0,648.9,4.0,21.1
2025-04-28 10:14:25,531.1,530.8,527.1,527.8,556.4,552.2,528.2,532.9,540.4,531.4,859.2,649.4,3.4,21.0
2025-04-28 10:14:30,531.1,530.9,527.4,527.8,556.3,552.3,528.6,532.9,540.5,531.6,859.2,649.5,3.4,21.0
2025-04-28 10:14:35,531.3,531.1,527.4,527.2,556.4,552.1,528.4,533.0,540.1,531.4,858.9,649.5,2.7,20.9
2025-04-28 10:14:40,531.9,532.5,528.0,527.5,556.6,552.4,528.8,533.6,540.9,531.9,859.3,649.4,2.0,20.9
2025-04-28 10:14:45,532.4,532.9,528.2,527.5,557.1,552.7,528.9,533.7,541.2,532.3,859.6,650.1,1.6,20.9
2025-04-28 10:14:50,532.7,533.4,528.1,528.4,557.8,553.3,529.3,535.0,542.6,532.9,860.1,650.5,1.5,20.9
2025-04-28 10:14:55,533.1,533.8,528.4,529.0,558.0,553.6,529.6,535.1,543.3,533.1,860.0,651.3,1.3,20.9
2025-04-28 10:15:00,533.1,534.3,528.6,529.2,558.0,554.3,530.1,535.1,543.4,533.5,860.6,651.6,1.8,20.9
2025-04-28 10:15:05,533.5,534.6,528.9,530.8,558.2,554.5,530.7,534.9,543.4,533.7,860.8,652.3,2.7,20.9
2025-04-28 10:15:10,534.0,534.6,529.7,530.6,558.6,555.3,531.5,535.0,544.0,534.2,861.1,652.8,4.0,20.9
2025-04-28 10:15:15,534.6,534.8,530.3,530.6,558.7,556.6,531.8,535.7,544.7,534.5,861.6,653.6,3.7,20.9
2025-04-28 10:15:20,534.6,534.9,530.8,530.5,559.6,556.5,532.0,535.6,544.9,534.8,861.9,654.0,3.0,20.9
2025-04-28 10:15:25,534.7,534.7,531.0,530.6,559.4,556.3,532.2,535.7,544.9,534.9,861.2,653.6,2.6,20.8
2025-04-28 10:15:30,536.3,535.2,531.1,530.9,559.3,556.4,532.2,536.1,544.8,535.1,861.0,654.0,2.3,20.8
2025-04-28 10:15:35,536.4,535.7,531.4,531.2,559.6,556.3,532.9,536.5,545.0,535.5,860.9,654.0,2.2,20.8
2025-04-28 10:15:40,536.4,536.2,531.2,531.8,560.3,556.7,533.1,537.5,545.1,535.7,860.8,654.4,2.4,20.8
2025-04-28 10:15:45,537.0,536.5,531.0,531.6,560.7,556.9,533.2,538.4,545.3,535.8,861.0,654.9,2.7,20.8
2025-04-28 10:15:50,537.0,536.1,531.1,531.6,560.4,556.8,533.1,538.2,545.6,536.2,861.4,655.0,2.5,20.8
2025-04-28 10:15:55,536.8,535.6,531.1,531.7,560.6,556.6,532.6,538.2,545.9,536.4,860.7,654.6,2.1,20.8
2025-04-28 10:16:00,536.2,535.5,531.0,531.6,560.6,557.0,532.5,538.7,545.9,536.3,860.3,654.6,1.9,20.8
2025-04-28 10:16:05,536.4,535.9,530.9,531.6,560.5,556.9,532.5,538.5,545.5,536.5,860.1,654.8,1.8,20.9
2025-04-28 10:16:10,536.8,536.3,531.1,531.5,560.7,557.2,532.9,538.4,545.6,536.7,860.1,654.6,1.9,20.9
2025-04-28 10:16:15,537.4,536.9,531.5,531.8,561.2,557.9,533.4,538.3,545.6,536.9,859.9,655.0,1.7,20.8
2025-04-28 10:16:20,537.7,537.3,532.1,532.5,561.7,558.0,533.2,538.5,545.8,537.2,860.7,655.3,1.3,20.9
2025-04-28 10:16:25,538.2,537.2,532.3,532.5,561.7,558.0,533.9,539.3,546.4,537.6,860.9,655.7,1.2,20.9
2025-04-28 10:16:30,538.3,537.8,532.6,532.9,562.2,558.4,534.6,539.4,546.6,537.7,861.2,656.8,1.7,20.9
2025-04-28 10:16:35,538.6,537.7,533.6,533.2,562.5,558.4,534.9,539.6,547.2,538.0,861.5,657.2,2.3,20.9
2025-04-28 10:16:40,538.7,539.6,533.6,533.5,562.8,558.8,536.0,540.1,548.6,538.5,862.2,658.4,2.3,20.9
2025-04-28 10:16:45,539.0,539.2,534.0,533.5,563.4,558.9,536.5,540.9,548.9,538.6,862.0,658.4,2.5,20.9
2025-04-28 10:16:50,539.5,539.6,534.7,534.2,564.0,559.7,537.0,542.4,549.2,539.2,862.7,658.9,2.2,20.9
2025-04-28 10:16:55,540.1,539.7,534.8,535.1,564.6,560.8,537.5,542.7,549.3,539.4,862.9,659.2,2.6,20.9
2025-04-28 10:17:00,540.2,539.8,535.0,535.5,565.7,561.0,537.6,542.4,549.6,539.9,863.2,659.0,3.1,20.9
2025-04-28 10:17:05,540.1,539.7,536.0,535.6,565.7,561.2,538.1,542.6,549.6,540.0,862.7,658.9,3.0,20.9
2025-04-28 10:17:10,539.9,539.6,535.8,535.1,565.6,560.9,538.0,542.5,549.3,539.9,862.2,658.6,3.5,20.9
2025-04-28 10:17:15,540.2,539.8,535.9,534.9,565.4,560.7,537.7,542.5,549.0,539.7,861.8,658.3,3.5,20.9
2025-04-28 10:17:20,540.0,540.1,536.0,535.1,565.4,560.5,537.9,542.3,548.9,539.6,861.4,658.4,3.4,20.9
2025-04-28 10:17:25,540.2,540.0,535.9,534.9,565.4,560.8,537.4,542.2,549.1,539.5,861.2,658.0,3.5,20.8
2025-04-28 10:17:30,540.4,540.7,536.4,535.7,565.7,560.9,537.7,542.4,549.4,539.9,860.6,658.0,3.0,20.8
2025-04-28 10:17:35,541.1,541.2,536.7,536.0,565.9,561.5,538.1,543.3,549.7,540.0,861.0,659.4,2.3,20.8
2025-04-28 10:17:40,542.2,541.7,537.2,537.1,566.9,562.3,539.2,543.7,550.0,540.4,861.3,660.0,2.2,20.8
2025-04-28 10:17:45,542.8,543.4,538.7,537.6,567.7,563.2,539.3,544.5,552.2,541.6,862.8,660.6,2.1,20.8
2025-04-28 10:17:50,543.5,543.1,538.8,537.9,568.4,563.8,540.8,545.5,552.0,542.3,864.1,661.1,2.0,20.8
2025-04-28 10:17:55,543.9,543.0,538.7,538.3,568.8,564.0,541.5,545.9,552.1,542.8,864.4,661.8,1.9,20.8
2025-04-28 10:18:00,544.1,543.5,539.0,538.3,568.7,564.3,541.4,545.9,552.0,543.0,863.9,662.1,1.4,20.9
2025-04-28 10:18:05,543.9,543.5,539.3,538.4,569.0,564.6,541.3,545.8,552.8,543.9,864.0,662.1,1.4,20.9
2025-04-28 10:18:10,543.8,543.5,539.1,538.6,568.7,564.2,541.4,545.8,552.9,543.7,863.9,662.5,1.3,20.9
2025-04-28 10:18:15,543.6,543.4,539.2,538.7,568.1,564.2,541.5,546.3,553.3,543.6,863.5,662.7,1.1,20.9
2025-04-28 10:18:20,543.9,543.5,539.7,538.8,567.7,564.0,541.7,545.8,553.4,543.6,863.1,662.5,1.0,20.9
2025-04-28 10:18:25,544.4,543.4,539.6,538.9,567.8,564.2,541.5,545.9,553.2,543.8,862.4,662.5,0.9,21.0
2025-04-28 10:18:30,545.0,543.9,539.7,539.1,568.2,564.7,541.6,546.8,554.1,544.3,863.1,662.2,1.0,21.0
2025-04-28 10:18:35,545.0,544.5,540.3,539.2,568.4,564.7,541.7,547.0,554.2,544.3,863.1,662.4,1.3,21.0
2025-04-28 10:18:40,545.0,545.0,540.6,539.4,568.7,565.0,541.6,547.4,554.4,544.6,863.2,662.5,1.3,21.0
2025-04-28 10:18:45,544.9,545.0,540.5,539.4,568.8,565.3,542.1,547.4,554.5,545.4,863.3,662.7,1.3,21.0
2025-04-28 10:18:50,544.8,545.2,540.3,540.1,568.9,565.9,542.7,547.2,554.4,545.4,862.9,662.6,1.2,21.1
2025-04-28 10:18:55,545.2,545.1,540.7,540.5,569.4,566.3,542.9,547.4,554.5,545.6,863.2,663.2,1.3,21.1
2025-04-28 10:19:00,546.3,545.2,541.2,541.0,569.9,566.6,542.6,547.6,554.5,545.9,863.9,664.0,1.6,21.1
2025-04-28 10:19:05,546.4,545.0,541.4,541.3,570.2,567.1,543.5,548.1,555.0,546.3,864.2,664.2,1.7,21.2
2025-04-28 10:19:10,546.6,545.1,541.4,541.3,570.2,567.3,543.2,548.2,555.4,546.6,864.4,664.3,1.7,21.2
2025-04-28 10:19:15,546.5,544.9,541.1,541.2,570.2,567.1,542.9,547.8,555.8,546.6,863.7,664.4,1.6,21.3
2025-04-28 10:19:20,546.6,545.2,541.5,541.5,570.5,566.8,543.0,548.1,555.9,546.8,863.9,664.2,1.6,21.3
2025-04-28 10:19:25,546.6,545.5,541.6,541.5,570.3,566.7,543.3,548.5,555.8,547.0,864.1,665.4,1.5,21.3
2025-04-28 10:19:30,547.2,546.4,542.1,541.9,571.7,567.4,544.0,549.1,557.2,547.2,864.3,665.8,1.3,21.3
2025-04-28 10:19:35,547.3,546.7,542.8,542.1,571.7,567.6,544.4,549.6,557.4,547.9,864.9,665.9,1.2,21.4
2025-04-28 10:19:40,547.3,547.6,543.2,542.3,572.3,568.0,544.7,549.9,557.4,548.0,864.4,666.0,1.1,21.4
2025-04-28 10:19:45,547.3,547.9,543.4,542.3,572.1,568.3,544.9,550.3,557.5,548.1,864.3,666.4,1.0,21.4
2025-04-28 10:19:50,547.6,548.1,543.6,542.4,572.5,569.1,545.1,550.3,557.7,548.3,864.3,667.0,0.8,21.4
2025-04-28 10:19:55,547.9,548.2,543.9,542.6,572.8,569.3,545.8,550.3,557.9,548.3,864.2,667.1,0.6,21.5
2025-04-28 10:20:00,548.2,547.8,543.8,542.8,572.6,569.3,546.2,550.3,557.8,548.7,864.9,667.4,0.6,21.5
2025-04-28 10:20:05,548.1,548.0,543.6,542.9,573.0,569.2,545.8,549.9,557.7,548.7,864.1,667.3,1.0,21.5
2025-04-28 10:20:10,548.5,547.8,543.9,542.8,573.3,569.2,545.6,550.7,557.4,548.8,863.8,667.0,0.9,21.5
2025-04-28 10:20:15,548.7,548.2,544.4,543.7,573.6,569.8,546.1,551.2,557.9,548.9,864.1,667.4,1.4,21.6
2025-04-28 10:20:20,548.9,549.1,544.8,544.2,573.6,569.8,546.2,551.2,558.2,549.3,864.5,667.7,1.7,21.6
2025-04-28 10:20:25,549.0,549.8,545.5,544.4,574.1,570.2,546.7,551.4,558.9,549.7,864.8,667.7,1.6,21.6
2025-04-28 10:20:30,549.6,550.4,545.9,545.1,574.6,571.6,546.7,551.8,559.3,550.1,865.5,668.2,1.8,21.7
2025-04-28 10:20:35,550.1,550.9,546.3,545.8,574.5,572.2,547.0,551.9,559.8,551.0,866.6,669.9,1.9,21.7
2025-04-28 10:20:40,550.7,551.4,546.7,546.4,575.6,571.9,547.6,552.6,560.4,551.7,867.1,670.2,1.8,21.7
2025-04-28 10:20:45,550.9,551.3,546.7,546.4,575.6,571.9,547.8,553.3,560.6,552.0,867.5,670.5,2.0,21.7
2025-04-28 10:20:50,550.7,551.7,547.1,546.6,576.0,572.2,547.5,553.6,560.5,552.1,867.7,670.7,2.0,21.8
2025-04-28 10:20:55,551.0,551.7,547.2,546.8,576.0,572.2,548.2,553.5,561.0,552.5,866.8,670.8,1.8,21.8
2025-04-28 10:21:00,551.6,552.1,547.6,547.4,575.9,572.3,548.4,553.7,561.1,552.5,867.3,670.9,1.6,21.8
2025-04-28 10:21:05,552.0,552.3,548.4,548.0,576.3,573.1,548.7,553.9,561.3,552.8,867.9,671.5,1.4,21.8
2025-04-28 10:21:10,552.8,553.2,548.6,548.5,576.5,573.3,549.4,554.2,561.3,553.1,867.5,672.7,2.1,21.9
2025-04-28 10:21:15,553.5,553.2,548.8,548.3,576.7,573.5,549.7,554.4,561.6,553.5,868.0,672.4,2.5,21.9
2025-04-28 10:21:20,553.8,553.3,549.2,548.2,577.3,573.9,550.5,554.6,562.0,553.4,867.6,672.1,1.8,21.9
2025-04-28 10:21:25,553.7,553.1,549.3,548.2,577.3,573.7,550.1,554.6,562.0,553.5,867.2,671.3,1.6,22.0
2025-04-28 10:21:30,553.8,553.1,549.1,547.8,577.4,573.9,550.5,554.4,562.2,553.8,867.1,671.9,1.6,22.0
2025-04-28 10:21:35,554.3,553.4,549.5,548.5,577.7,574.4,550.3,555.3,562.4,554.0,867.2,673.4,1.8,22.0
2025-04-28 10:21:40,554.9,554.8,550.4,549.4,578.1,574.8,550.4,555.6,562.6,554.2,867.5,673.7,2.1,22.0
2025-04-28 10:21:45,555.6,555.3,551.4,550.8,579.5,576.2,551.9,556.7,563.8,555.1,868.9,675.6,2.0,22.1
2025-04-28 10:21:50,555.8,555.9,552.0,551.7,580.2,576.7,553.2,559.3,565.0,555.5,869.5,675.7,2.1,22.1
2025-04-28 10:21:55,556.4,556.7,552.6,552.7,580.6,577.6,553.4,559.3,565.5,556.3,870.5,676.6,3.5,22.1
2025-04-28 10:22:00,556.4,557.1,553.6,553.2,582.4,578.0,554.6,559.5,565.7,556.7,870.8,676.8,4.2,22.0
2025-04-28 10:22:05,557.6,557.3,554.0,553.6,582.8,578.1,555.2,560.0,566.0,557.1,871.0,677.6,4.8,22.0
2025-04-28 10:22:10,558.6,558.0,555.0,553.6,582.5,578.7,556.1,560.8,566.6,557.7,871.5,677.6,5.7,22.0
2025-04-28 10:22:15,558.8,559.5,555.4,554.1,583.2,579.1,556.0,560.9,567.6,557.8,872.6,678.2,5.4,22.0
2025-04-28 10:22:20,558.7,559.6,555.4,554.3,583.8,579.5,556.4,560.4,567.3,558.1,872.5,678.2,4.7,21.9
2025-04-28 10:22:25,558.8,559.4,555.4,553.9,583.9,579.2,556.2,560.1,567.6,558.4,872.1,677.6,4.4,21.8
2025-04-28 10:22:30,557.7,558.6,554.2,552.7,583.1,577.9,555.5,559.7,567.5,558.3,871.5,677.2,4.1,21.8
2025-04-28 10:22:35,556.9,557.1,552.8,551.8,581.2,576.8,553.7,558.4,566.4,557.1,868.6,675.9,3.5,21.7
2025-04-28 10:22:40,557.7,557.2,552.9,552.1,581.3,576.9,554.2,558.0,565.3,556.1,866.3,675.4,3.4,21.6
2025-04-28 10:22:45,559.2,558.8,553.2,552.9,581.8,577.4,555.0,558.5,565.5,556.3,867.0,677.9,3.5,21.6
2025-04-28 10:22:50,560.1,559.6,555.7,555.8,584.3,579.4,555.7,560.7,567.5,558.6,870.7,678.7,3.0,21.6
2025-04-28 10:22:55,560.5,560.5,555.9,555.6,584.3,580.1,557.6,562.0,568.2,559.4,871.4,679.7,3.3,21.6
2025-04-28 10:23:00,560.5,560.9,556.2,555.7,584.8,580.5,557.7,561.9,568.7,560.1,872.1,679.7,3.1,21.5
2025-04-28 10:23:05,560.7,561.2,556.1,556.0,585.4,580.8,557.7,562.5,569.1,560.2,871.7,679.8,2.6,21.5
2025-04-28 10:23:10,561.1,561.1,557.1,555.9,585.7,580.8,558.0,562.6,568.6,560.3,871.3,680.2,2.6,21.5
2025-04-28 10:23:15,561.0,561.6,557.4,556.0,585.9,580.9,557.8,563.6,568.9,560.4,871.5,680.4,2.1,21.5
2025-04-28 10:23:20,561.5,562.0,556.9,556.2,586.0,581.2,558.6,563.7,569.0,560.7,871.7,681.6,2.3,21.5
2025-04-28 10:23:25,561.5,562.3,557.3,556.6,586.1,581.3,558.9,564.0,570.0,561.4,872.0,682.0,2.9,21.5
2025-04-28 10:23:30,562.0,562.8,557.9,557.2,586.8,582.1,559.3,564.3,570.3,562.1,873.0,682.1,3.3,21.4
2025-04-28 10:23:35,562.4,563.3,559.1,557.3,586.9,582.6,560.0,563.9,570.7,562.4,873.2,682.2,3.1,21.4
2025-04-28 10:23:40,562.8,562.7,558.7,557.5,586.9,582.7,560.1,564.1,571.0,562.5,872.7,681.9,2.6,21.3
2025-04-28 10:23:45,562.1,560.9,557.1,556.9,586.2,582.5,559.3,563.8,571.0,562.3,871.7,681.0,2.7,21.3
2025-04-28 10:23:50,562.0,561.1,557.1,556.5,586.0,581.4,558.4,563.6,570.6,561.7,870.2,679.9,2.4,21.3
2025-04-28 10:23:55,561.1,560.6,556.8,556.6,585.2,581.1,557.8,563.0,569.9,561.3,869.5,679.9,2.5,21.3
2025-04-28 10:24:00,560.9,560.5,556.4,556.4,585.0,580.7,557.4,562.9,569.8,561.0,868.2,679.9,2.3,21.3
2025-04-28 10:24:05,561.2,562.0,556.5,556.2,585.0,581.3,557.9,562.8,569.9,561.1,868.1,680.4,2.1,21.3
2025-04-28 10:24:10,562.0,562.7,556.9,556.6,585.8,581.8,558.3,563.4,569.9,561.5,867.9,681.3,1.6,21.2
2025-04-28 10:24:15,563.4,563.2,557.8,559.3,587.0,582.3,559.3,565.4,570.4,562.0,869.1,682.0,1.5,21.2
2025-04-28 10:24:20,563.7,564.1,558.3,558.7,587.0,582.7,559.2,565.1,571.0,562.8,869.5,683.0,1.4,21.2
2025-04-28 10:24:25,563.8,564.0,558.7,558.8,587.3,583.1,559.7,565.6,571.6,563.4,869.6,683.7,2.8,21.2
2025-04-28 10:24:30,563.9,563.9,558.7,558.6,587.0,582.8,559.7,565.5,572.1,563.3,869.4,682.9,2.3,21.2
2025-04-28 10:24:35,563.1,563.4,558.9,558.6,586.6,582.4,560.0,565.3,571.3,563.1,868.6,682.2,2.2,21.2
2025-04-28 10:24:40,563.5,563.5,559.0,558.7,587.3,583.0,560.0,564.7,571.1,563.1,868.0,683.4,2.0,21.2
2025-04-28 10:24:45,564.0,565.0,560.2,559.1,588.6,584.2,561.6,565.7,572.1,563.5,869.5,684.9,2.2,21.2
2025-04-28 10:24:50,565.1,566.1,560.8,559.9,589.4,584.9,562.9,568.2,572.7,564.6,871.1,685.7,2.2,21.2
2025-04-28 10:24:55,565.3,566.1,561.0,560.3,589.8,585.4,562.6,567.6,573.3,565.4,871.1,685.4,2.5,21.2
2025-04-28 10:25:00,564.9,565.9,561.4,561.0,589.4,585.5,562.3,567.6,573.4,565.7,871.9,685.1,2.6,21.2
2025-04-28 10:25:05,565.1,565.7,561.3,560.9,589.4,585.1,562.1,567.3,573.3,565.9,871.1,685.2,2.7,21.2
2025-04-28 10:25:10,565.7,566.3,561.2,561.0,589.7,585.7,562.2,567.2,573.2,565.2,870.5,685.7,3.5,21.2
2025-04-28 10:25:15,566.3,566.5,562.7,561.4,589.6,585.8,561.9,567.6,573.6,566.0,871.0,686.0,3.0,21.2
2025-04-28 10:25:20,566.4,566.8,562.4,561.9,590.9,586.0,562.3,567.6,573.9,566.0,871.2,686.7,3.5,21.2
2025-04-28 10:25:25,566.5,566.9,562.6,561.6,591.0,586.3,562.6,568.5,574.2,566.3,871.2,687.5,3.6,21.2
2025-04-28 10:25:30,567.2,567.6,562.8,561.6,590.9,586.8,563.2,569.9,574.6,566.4,871.4,687.6,3.0,21.1
2025-04-28 10:25:35,567.8,567.8,563.2,561.8,591.0,587.3,563.8,569.5,576.1,566.7,871.5,688.0,2.9,21.0
2025-04-28 10:25:40,568.0,568.3,564.7,562.4,592.1,587.8,564.4,569.8,576.5,567.4,872.6,688.2,2.7,21.0
2025-04-28 10:25:45,568.4,569.2,565.0,563.6,592.6,587.9,565.2,570.0,577.2,567.7,873.1,688.4,3.0,20.9
2025-04-28 10:25:50,569.0,569.5,565.2,564.0,592.6,588.1,565.4,570.0,577.2,568.5,873.6,688.9,3.0,20.9
2025-04-28 10:25:55,569.0,569.9,565.4,564.8,592.7,588.8,566.1,571.8,577.6,569.0,873.8,689.3,2.7,20.8
2025-04-28 10:26:00,569.2,570.0,565.5,564.6,593.3,589.3,566.2,572.0,577.7,569.2,874.2,690.2,2.5,20.7
2025-04-28 10:26:05,569.5,569.8,565.4,564.8,593.9,589.6,567.2,572.3,577.7,569.6,874.2,690.3,2.3,20.7
2025-04-28 10:26:10,569.9,570.1,565.6,565.0,594.0,590.9,567.1,572.9,579.0,569.7,873.7,691.3,1.7,20.7
2025-04-28 10:26:15,570.1,570.4,565.9,565.3,594.6,590.7,567.3,572.9,578.9,569.9,874.1,691.8,1.9,20.7
2025-04-28 10:26:20,570.5,571.2,566.3,566.1,595.2,590.7,567.5,572.8,579.0,570.6,874.1,691.9,2.6,20.8
2025-04-28 10:26:25,570.4,571.7,566.7,566.4,595.4,590.9,567.9,573.1,578.9,571.0,874.8,691.7,3.7,20.8
2025-04-28 10:26:30,570.9,571.8,566.9,566.8,595.6,591.0,568.2,573.3,579.6,570.9,873.6,692.3,2.9,20.8
2025-04-28 10:26:35,571.1,572.0,567.3,567.0,595.6,591.4,568.5,573.5,579.4,571.8,874.7,693.0,2.5,20.8
2025-04-28 10:26:40,571.8,571.8,567.2,567.1,595.5,591.5,568.7,574.1,579.3,572.1,874.9,693.3,3.2,20.8
2025-04-28 10:26:45,571.6,571.6,567.4,567.1,595.4,591.4,569.2,575.2,579.8,572.0,874.5,692.8,3.1,20.8
2025-04-28 10:26:50,571.7,571.8,568.1,567.5,595.8,591.8,569.2,575.1,580.1,572.4,874.7,693.1,3.7,20.8
2025-04-28 10:26:55,571.9,572.1,568.0,567.8,595.8,592.2,569.6,575.5,580.3,572.3,874.8,694.0,3.4,20.8
2025-04-28 10:27:00,572.4,572.6,567.9,567.8,595.9,592.2,569.4,575.5,580.8,572.4,874.2,694.0,2.4,20.8
2025-04-28 10:27:05,572.1,572.9,568.4,567.8,596.1,592.4,569.6,575.6,580.8,572.8,874.5,693.7,2.5,20.8
2025-04-28 10:27:10,572.2,573.1,568.3,567.9,596.1,592.2,569.7,575.5,581.1,572.9,874.3,693.5,3.0,20.8
2025-04-28 10:27:15,572.5,573.4,568.8,567.7,596.5,592.5,570.1,575.2,581.0,573.1,874.1,693.7,3.0,20.8
2025-04-28 10:27:20,573.0,574.0,569.2,568.6,596.3,592.7,570.0,575.3,580.9,573.1,873.4,694.0,2.4,20.8
2025-04-28 10:27:25,573.4,574.1,569.3,568.7,596.9,593.2,570.4,575.7,581.4,573.7,873.9,694.7,1.9,20.8
2025-04-28 10:27:30,573.5,574.8,569.4,568.7,597.3,593.3,570.6,576.1,581.5,573.8,873.9,694.8,2.7,20.8
2025-04-28 10:27:35,573.8,574.8,569.8,569.2,597.9,593.5,570.7,576.0,582.1,574.0,874.4,694.6,3.1,20.9
2025-04-28 10:27:40,574.3,575.1,570.7,569.5,598.6,594.3,570.7,576.2,582.2,574.7,875.0,695.1,3.0,20.8
2025-04-28 10:27:45,574.8,575.2,570.7,570.2,598.7,594.8,571.5,576.4,582.2,575.1,874.9,695.4,2.8,20.8
2025-04-28 10:27:50,574.8,575.1,571.2,570.2,599.2,594.4,571.7,576.4,582.5,575.1,874.7,695.5,3.1,20.8
2025-04-28 10:27:55,575.1,575.3,571.5,570.4,599.1,594.6,572.6,577.6,582.7,575.3,874.8,696.7,2.8,20.8
2025-04-28 10:28:00,575.4,576.0,571.9,570.9,599.3,595.1,572.8,578.0,583.4,575.6,874.6,696.8,2.6,20.8
2025-04-28 10:28:05,575.0,576.2,571.5,571.0,599.8,595.9,572.8,578.3,583.9,575.8,875.0,697.3,3.3,20.8
2025-04-28 10:28:10,574.2,575.7,571.4,570.7,599.5,595.2,573.0,577.7,584.6,575.3,873.6,696.7,3.1,20.8
2025-04-28 10:28:15,573.9,575.1,570.9,570.0,598.3,593.8,571.9,577.0,583.3,574.4,872.4,696.1,2.7,20.8
2025-04-28 10:28:20,572.4,574.0,570.1,568.9,597.0,592.4,571.0,575.5,582.1,573.7,868.6,693.9,2.5,20.8
2025-04-28 10:28:25,572.5,573.6,569.3,568.5,596.5,592.5,570.7,575.2,581.7,573.4,868.2,693.8,3.1,20.8
2025-04-28 10:28:30,572.3,573.4,568.8,567.9,595.8,591.8,570.6,575.0,581.6,573.0,867.8,693.3,2.5,20.8
2025-04-28 10:28:35,572.8,573.3,568.9,568.0,596.0,592.2,570.0,575.8,582.0,573.1,867.7,693.7,2.1,20.8
2025-04-28 10:28:40,572.8,573.1,569.6,569.3,595.5,592.5,570.4,576.2,581.6,573.0,867.4,694.1,1.9,20.8
2025-04-28 10:28:45,572.6,572.8,569.0,568.9,595.9,592.4,570.7,576.2,580.8,572.2,866.0,693.7,1.8,20.8
2025-04-28 10:28:50,573.0,573.0,569.2,568.9,596.1,592.6,570.9,576.1,581.0,572.3,866.1,694.1,2.0,20.8
2025-04-28 10:28:55,574.8,574.4,569.6,569.2,597.5,593.0,571.3,576.3,581.3,573.5,866.7,695.3,1.8,20.8
2025-04-28 10:29:00,576.4,574.6,572.9,570.5,599.4,595.1,573.8,578.2,583.9,574.8,870.4,698.3,2.0,20.9
2025-04-28 10:29:05,576.3,575.7,572.7,571.8,600.5,596.1,574.5,579.6,584.5,576.7,872.7,698.4,2.0,20.9
2025-04-28 10:29:10,574.8,575.3,571.6,570.7,599.4,594.4,574.5,578.0,583.6,575.3,870.2,697.8,1.7,20.9
2025-04-28 10:29:15,574.2,574.6,570.4,570.1,597.9,593.5,572.8,577.4,583.1,575.2,868.1,696.2,2.1,20.9
2025-04-28 10:29:20,574.3,574.5,570.0,569.8,597.3,593.4,572.4,577.3,582.2,574.0,866.4,696.4,2.3,20.9
2025-04-28 10:29:25,574.6,574.9,571.3,570.0,597.7,595.1,573.8,577.9,582.3,575.4,868.9,697.9,2.0,20.9
2025-04-28 10:29:30,575.5,575.5,572.6,570.9,598.9,595.4,573.7,578.7,583.8,576.8,869.9,698.1,1.7,20.9
2025-04-28 10:29:35,575.9,576.0,573.0,571.2,599.2,596.2,574.1,579.1,585.0,577.1,871.1,699.1,1.8,20.9
2025-04-28 10:29:40,577.4,576.9,573.9,572.2,601.4,597.8,575.3,580.9,585.6,577.8,871.9,699.8,2.0,20.9
2025-04-28 10:29:45,578.8,578.0,575.3,573.7,602.1,598.5,576.0,582.6,587.7,579.0,873.0,701.0,1.9,21.0
2025-04-28 10:29:50,579.1,579.0,576.1,574.3,603.6,600.1,576.4,582.4,587.2,579.5,873.8,701.6,1.8,21.0
2025-04-28 10:29:55,579.9,580.7,577.1,575.4,604.6,600.2,578.2,584.6,589.1,580.6,876.1,702.7,1.6,21.0
2025-04-28 10:30:00,580.6,581.2,577.0,575.9,605.0,600.6,579.0,584.5,589.9,581.0,874.7,703.4,1.5,21.0
2025-04-28 10:30:05,580.4,581.5,576.9,576.1,605.5,600.9,579.2,584.3,589.7,581.3,876.5,704.0,1.4,21.1
2025-04-28 10:30:10,580.6,581.2,577.0,577.1,605.5,601.2,579.6,584.8,590.1,581.6,875.7,704.1,1.4,21.1
2025-04-28 10:30:15,580.9,580.9,577.0,576.7,605.1,601.2,580.5,585.0,591.1,581.7,875.6,704.1,1.4,21.1
2025-04-28 10:30:20,581.0,580.8,576.6,576.4,605.5,602.1,580.7,586.4,591.0,581.9,875.7,704.5,1.9,21.2
2025-04-28 10:30:25,581.5,582.0,577.0,576.9,605.7,602.5,581.0,586.2,591.3,581.8,875.0,705.7,2.3,21.2
2025-04-28 10:30:30,582.4,582.3,577.5,577.6,605.4,602.5,581.3,585.9,591.3,582.3,875.2,705.9,2.2,21.2
2025-04-28 10:30:35,582.1,582.3,578.0,577.7,606.5,602.4,581.4,586.4,591.6,582.5,875.1,705.6,2.0,21.2
2025-04-28 10:30:40,582.2,582.0,578.7,577.9,606.4,602.8,581.5,586.0,592.0,582.7,874.9,705.7,2.2,21.3
2025-04-28 10:30:45,582.4,581.7,579.2,577.9,606.7,603.4,581.3,586.9,592.3,583.4,875.5,705.8,2.4,21.3
2025-04-28 10:30:50,582.9,581.8,578.9,578.6,607.3,603.5,582.1,587.4,592.7,583.3,876.1,706.1,1.9,21.3
2025-04-28 10:30:55,582.6,582.0,579.1,578.6,607.6,603.6,582.5,587.4,593.3,583.4,874.9,706.0,1.7,21.3
2025-04-28 10:31:00,582.6,582.2,578.9,579.1,608.5,603.9,582.8,587.3,593.2,583.9,876.3,707.0,3.0,21.3
2025-04-28 10:31:05,583.0,582.7,579.1,579.1,608.2,603.7,583.0,587.6,593.3,584.2,876.3,706.9,3.6,21.3
2025-04-28 10:31:10,583.1,583.2,580.0,579.9,608.6,603.5,583.3,587.4,593.1,584.4,876.3,707.4,3.5,21.3
2025-04-28 10:31:15,583.4,583.1,580.7,580.1,608.9,603.8,583.6,587.5,593.1,584.2,876.4,707.8,3.8,21.3
2025-04-28 10:31:20,583.5,583.1,581.0,580.2,609.2,603.8,583.5,588.1,593.6,584.4,876.1,707.7,4.4,21.2
2025-04-28 10:31:25,583.7,583.8,581.0,579.6,609.1,604.1,583.8,588.0,593.7,584.1,875.2,707.8,3.9,21.2
2025-04-28 10:31:30,584.1,584.4,581.1,579.8,609.8,604.1,584.0,588.6,594.3,584.4,875.5,708.4,3.1,21.2
2025-04-28 10:31:35,584.2,584.5,581.1,580.4,608.4,604.3,583.7,589.4,595.7,585.2,876.1,708.2,3.0,21.2
2025-04-28 10:31:40,584.9,585.2,581.4,580.3,609.0,605.0,584.4,589.4,595.9,585.1,875.7,707.7,3.3,21.1
2025-04-28 10:31:45,585.2,585.8,581.2,580.2,609.5,605.3,584.4,589.8,596.2,585.1,875.5,708.7,3.9,21.1
2025-04-28 10:31:50,585.0,586.4,581.3,580.8,610.2,606.3,586.1,590.1,596.1,585.5,875.7,709.5,4.1,21.0
2025-04-28 10:31:55,585.5,586.5,582.3,581.1,610.6,606.0,585.5,589.9,596.4,586.2,875.4,709.9,3.2,21.0
2025-04-28 10:32:00,585.8,586.4,584.0,581.3,610.8,606.0,584.9,589.9,595.8,586.5,876.7,710.2,2.5,21.0
2025-04-28 10:32:05,586.2,586.1,583.8,581.5,610.8,606.3,584.9,590.1,595.8,587.0,876.8,710.0,1.9,20.9
2025-04-28 10:32:10,586.1,586.1,583.9,581.2,610.4,606.9,584.6,590.0,596.3,587.3,876.3,709.9,1.7,20.9
2025-04-28 10:32:15,586.2,586.3,583.9,581.7,610.2,607.4,585.5,590.6,596.6,587.3,876.4,709.7,1.5,20.9
2025-04-28 10:32:20,586.1,586.5,583.9,581.9,610.9,607.7,585.7,591.1,597.1,587.8,876.8,709.7,1.2,20.8
2025-04-28 10:32:25,586.4,586.7,584.0,582.1,611.4,607.5,585.5,591.7,597.4,588.4,877.0,709.8,1.0,20.9
2025-04-28 10:32:30,586.9,587.2,584.3,582.4,611.8,607.6,586.2,591.6,597.5,588.7,876.9,710.7,0.8,20.9
2025-04-28 10:32:35,587.5,588.3,584.4,582.7,612.4,608.0,586.3,592.4,598.1,589.0,877.2,711.2,0.6,20.9
2025-04-28 10:32:40,587.9,588.7,584.5,583.8,612.4,608.1,586.7,593.3,598.1,589.5,877.7,711.3,0.7,20.9
2025-04-28 10:32:45,588.4,588.9,584.8,583.9,612.6,608.3,587.0,593.2,598.4,589.9,877.9,711.6,0.6,21.0
2025-04-28 10:32:50,589.1,588.7,585.3,584.8,612.7,608.6,587.3,593.4,598.9,590.2,878.3,712.0,0.9,21.0
2025-04-28 10:32:55,588.9,589.1,585.4,585.1,612.7,609.9,587.8,593.2,599.4,590.5,878.1,712.3,1.5,21.0
2025-04-28 10:33:00,589.1,589.4,585.4,585.3,613.4,609.9,588.1,593.9,600.1,590.8,878.3,712.7,1.9,21.1
2025-04-28 10:33:05,589.2,589.5,585.7,585.6,613.8,609.8,588.5,594.1,600.0,591.2,878.8,713.4,1.8,21.1
2025-04-28 10:33:10,589.8,590.2,586.5,585.9,613.6,610.4,588.4,594.2,599.9,591.4,878.9,713.4,2.1,21.1
2025-04-28 10:33:15,590.2,590.0,586.3,585.9,614.0,610.7,588.7,594.1,600.6,591.7,878.5,713.9,2.3,21.2
2025-04-28 10:33:20,590.4,590.5,586.3,586.1,614.2,610.7,588.8,594.0,600.8,591.8,878.5,713.9,2.2,21.2
2025-04-28 10:33:25,590.6,590.9,586.5,586.4,614.2,610.8,589.0,594.3,600.9,592.1,878.4,714.4,2.0,21.2
2025-04-28 10:33:30,591.0,590.5,586.7,587.0,614.5,610.9,589.2,594.8,601.2,592.5,878.3,715.1,1.8,21.2
2025-04-28 10:33:35,591.3,590.8,586.9,586.8,614.6,611.3,589.3,595.4,601.3,592.5,878.7,716.0,1.8,21.3
2025-04-28 10:33:40,592.0,591.2,587.7,587.3,614.9,612.3,589.6,596.2,601.3,592.6,878.5,716.5,1.9,21.3
2025-04-28 10:33:45,592.0,591.6,588.7,588.1,615.5,612.7,589.7,596.4,602.0,592.8,878.7,716.8,2.4,21.3
2025-04-28 10:33:50,592.1,592.1,588.8,588.6,616.0,613.0,590.8,596.9,602.3,593.4,879.3,717.4,3.2,21.3
2025-04-28 10:33:55,592.8,593.5,589.7,588.9,616.4,614.0,591.2,597.0,602.5,594.0,879.7,717.7,3.8,21.4
2025-04-28 10:34:00,592.8,593.9,590.6,589.2,617.0,614.4,592.2,597.5,603.3,594.8,880.5,718.5,3.9,21.4
2025-04-28 10:34:05,593.2,594.9,591.0,589.3,618.3,614.2,592.4,598.1,603.6,595.1,880.9,719.0,4.2,21.3
2025-04-28 10:34:10,593.8,595.0,590.9,590.2,618.7,614.7,592.9,598.2,604.1,595.1,880.7,719.2,3.4,21.3
2025-04-28 10:34:15,594.5,594.9,591.1,591.8,619.0,615.1,592.9,598.7,604.5,595.3,880.9,719.5,4.1,21.3
2025-04-28 10:34:20,594.5,595.0,591.5,592.2,619.5,616.3,593.6,599.4,605.0,595.8,881.3,720.0,3.8,21.3
2025-04-28 10:34:25,595.1,595.2,592.1,592.1,620.2,616.4,594.0,599.9,605.4,595.9,881.4,720.6,5.0,21.2
2025-04-28 10:34:30,597.3,595.9,592.2,592.2,620.5,616.7,594.6,600.2,606.4,596.4,881.9,720.9,5.5,21.2
2025-04-28 10:34:35,596.7,596.0,594.0,592.3,621.0,617.1,594.5,600.5,606.6,596.5,882.1,722.2,4.9,21.2
2025-04-28 10:34:40,596.6,596.0,594.0,592.4,621.3,617.5,594.8,600.8,606.7,597.2,882.6,721.9,4.7,21.1
2025-04-28 10:34:45,596.8,596.5,594.3,592.6,621.5,617.4,595.3,601.2,607.2,597.4,883.0,721.8,5.3,21.1
2025-04-28 10:34:50,596.9,597.5,594.5,592.8,621.4,617.5,595.7,601.5,607.6,597.5,883.2,722.0,4.3,21.0
2025-04-28 10:34:55,597.1,598.3,594.2,593.3,621.5,617.7,596.0,601.7,607.9,597.9,883.4,722.2,4.5,20.9
2025-04-28 10:35:00,597.4,598.6,594.0,593.2,621.9,617.8,596.6,601.8,608.1,598.1,883.6,721.9,4.2,20.9
2025-04-28 10:35:05,597.5,599.3,594.1,593.5,621.9,618.2,596.6,602.0,608.3,598.3,883.5,721.8,3.5,20.8
2025-04-28 10:35:10,598.0,599.4,594.2,593.4,622.6,618.6,597.0,602.1,608.9,598.5,883.5,722.0,2.7,20.8
2025-04-28 10:35:15,598.0,599.9,594.3,593.6,622.8,619.1,598.2,602.7,609.1,598.7,883.6,722.6,2.6,20.8
2025-04-28 10:35:20,598.1,599.9,594.5,593.5,622.8,619.3,597.9,603.0,608.8,599.1,884.0,723.4,2.6,20.8
2025-04-28 10:35:25,598.5,599.4,594.9,593.7,623.3,618.9,598.2,602.8,609.2,599.5,884.1,723.0,2.8,20.7
2025-04-28 10:35:30,599.2,599.4,595.2,594.0,623.7,619.4,598.5,602.9,609.2,599.5,884.1,723.1,2.0,20.7
2025-04-28 10:35:35,599.5,599.7,596.3,595.2,623.9,619.5,598.0,603.7,609.3,599.8,883.6,723.5,2.0,20.7
2025-04-28 10:35:40,599.9,599.1,596.6,595.5,624.5,619.5,598.2,604.2,609.5,600.1,883.9,724.2,1.7,20.7
2025-04-28 10:35:45,600.3,599.2,596.7,595.5,624.5,620.3,598.7,604.5,610.1,600.3,884.1,724.1,2.0,20.7
2025-04-28 10:35:50,600.2,599.3,596.6,596.2,624.5,620.6,598.7,604.6,610.2,600.8,884.6,724.6,2.4,20.7
2025-04-28 10:35:55,600.3,599.3,597.0,596.5,624.4,620.7,598.8,605.0,610.7,600.8,884.4,725.6,2.3,20.7
2025-04-28 10:36:00,600.3,599.9,597.5,596.6,624.4,620.6,599.3,604.8,611.7,601.1,884.1,725.7,2.2,20.7
2025-04-28 10:36:05,600.4,600.5,597.6,596.9,624.9,621.4,599.7,605.6,611.8,601.1,884.0,726.0,2.5,20.7
2025-04-28 10:36:10,600.8,600.6,597.8,597.0,625.0,621.9,600.0,606.0,611.5,601.3,883.8,726.4,3.2,20.7
2025-04-28 10:36:15,600.9,600.8,598.0,597.0,625.3,621.8,600.2,605.9,612.1,601.7,883.9,726.5,4.0,20.7
2025-04-28 10:36:20,601.1,601.1,598.5,597.1,625.5,622.0,600.0,605.8,611.7,602.2,884.2,727.2,3.4,20.7
2025-04-28 10:36:25,601.0,601.2,598.2,597.0,625.5,622.0,600.3,606.1,611.8,602.3,884.5,727.2,3.2,20.6
2025-04-28 10:36:30,601.1,601.6,599.3,597.3,626.2,622.5,600.6,606.1,612.0,602.6,884.3,726.9,3.1,20.6
2025-04-28 10:36:35,601.4,601.4,599.6,597.6,626.6,622.2,600.7,606.2,612.4,602.8,884.7,727.5,3.0,20.6
2025-04-28 10:36:40,601.5,601.3,599.7,597.5,626.7,622.2,600.6,605.9,612.3,603.0,884.8,726.6,2.8,20.5
2025-04-28 10:36:45,601.7,601.8,599.6,597.9,626.3,621.9,601.0,605.7,612.5,602.8,884.4,726.4,2.8,20.5
2025-04-28 10:36:50,602.2,601.9,599.1,597.8,626.4,622.0,601.1,605.9,612.6,603.0,884.5,726.6,3.4,20.5
2025-04-28 10:36:55,601.9,602.4,599.3,597.8,626.0,621.7,601.1,605.9,612.4,602.9,884.2,727.4,3.1,20.5
2025-04-28 10:37:00,602.2,602.6,598.9,598.0,625.7,621.8,601.2,606.2,612.8,602.9,883.7,727.4,2.7,20.5
2025-04-28 10:37:05,602.7,602.9,598.9,598.4,625.7,622.1,601.2,605.8,612.9,603.0,883.2,727.5,2.4,20.4
2025-04-28 10:37:10,602.7,602.8,598.7,598.2,625.9,622.3,601.2,605.9,612.8,603.6,883.8,729.0,2.1,20.4
2025-04-28 10:37:15,602.7,603.3,598.9,598.1,626.1,622.5,601.3,606.5,612.9,603.6,883.8,729.0,2.2,20.4
2025-04-28 10:37:20,603.2,603.9,599.3,598.0,626.5,623.0,601.0,606.2,613.0,603.6,883.8,728.9,2.7,20.4
2025-04-28 10:37:25,603.6,603.7,599.6,598.6,626.7,623.2,601.3,606.6,613.5,604.1,883.9,729.0,3.7,20.4
2025-04-28 10:37:30,604.1,603.9,599.6,599.2,626.0,623.5,602.0,607.4,613.5,604.3,883.5,729.1,4.1,20.4
2025-04-28 10:37:35,603.9,603.9,600.3,599.5,627.1,623.7,601.9,608.2,614.0,604.6,884.7,729.7,4.5,20.3
2025-04-28 10:37:40,604.5,604.2,600.6,599.8,627.5,624.2,602.1,608.3,614.4,605.2,883.6,730.9,4.3,20.3
2025-04-28 10:37:45,604.6,604.1,600.8,599.9,627.5,624.7,602.0,608.9,614.8,605.8,884.4,730.5,4.0,20.3
2025-04-28 10:37:50,605.8,604.3,600.7,599.9,628.0,624.9,602.1,608.7,615.2,606.2,884.6,730.9,2.7,20.3
2025-04-28 10:37:55,605.8,604.6,600.8,600.0,628.2,625.2,602.3,609.3,615.7,606.2,884.7,731.4,1.9,20.3
2025-04-28 10:38:00,605.7,604.9,601.3,600.7,628.7,625.2,602.7,609.6,615.8,606.7,885.1,731.9,1.6,20.3
2025-04-28 10:38:05,605.8,605.7,601.8,601.0,629.6,625.7,603.5,609.8,616.3,607.3,885.5,732.1,1.7,20.3
2025-04-28 10:38:10,605.9,606.3,602.2,601.1,629.8,626.0,604.3,610.2,616.2,607.3,885.5,732.7,1.9,20.3
2025-04-28 10:38:15,606.3,607.3,602.2,601.4,629.7,626.4,604.9,610.6,616.4,607.1,885.2,732.7,2.7,20.3
2025-04-28 10:38:20,606.6,607.0,602.4,601.6,630.1,626.5,604.9,610.6,616.9,607.3,885.3,733.0,2.7,20.3
2025-04-28 10:38:25,607.1,606.8,602.7,601.6,630.3,626.7,605.3,610.8,617.5,607.8,884.8,733.5,3.3,20.3
2025-04-28 10:38:30,607.4,607.7,602.9,602.1,630.4,626.7,605.5,610.8,617.6,607.6,884.7,734.0,3.1,20.3
2025-04-28 10:38:35,608.1,607.7,603.0,602.2,630.1,627.4,605.4,611.3,618.0,607.7,884.2,733.6,3.4,20.3
2025-04-28 10:38:40,607.9,607.5,603.2,602.9,630.3,627.6,605.1,612.2,618.0,608.1,884.4,734.1,2.8,20.3
2025-04-28 10:38:45,608.1,607.7,603.4,603.3,630.6,627.7,605.7,612.7,618.8,608.6,885.5,734.4,2.4,20.3
2025-04-28 10:38:50,607.9,607.7,603.4,603.5,630.9,628.2,606.2,612.9,619.0,608.9,885.4,735.0,1.9,20.3
2025-04-28 10:38:55,608.3,608.1,603.8,603.9,632.1,628.5,606.8,613.4,619.2,610.0,885.7,735.7,2.1,20.3
2025-04-28 10:39:00,608.5,608.9,604.7,604.3,632.3,629.1,606.9,613.3,619.4,610.1,885.9,736.1,3.1,20.3
2025-04-28 10:39:05,608.6,609.3,604.7,604.6,632.5,629.4,607.1,613.3,620.0,610.2,885.6,736.6,3.9,20.3
2025-04-28 10:39:10,609.0,609.7,605.9,605.7,632.1,630.5,607.3,613.6,620.2,610.7,885.9,737.9,3.8,20.3
2025-04-28 10:39:15,609.2,609.8,605.9,606.3,632.0,631.4,607.8,614.6,620.6,611.1,886.2,738.6,3.6,20.3
2025-04-28 10:39:20,610.5,610.1,606.0,606.9,632.6,632.6,608.4,615.0,620.8,611.4,886.3,739.1,3.1,20.3
2025-04-28 10:39:25,610.8,610.1,606.2,606.8,633.1,632.5,609.1,615.6,621.1,611.6,886.5,739.6,2.8,20.3
2025-04-28 10:39:30,611.0,610.5,606.3,607.1,633.7,632.7,609.2,615.3,621.0,611.9,886.8,740.1,2.5,20.3
2025-04-28 10:39:35,612.1,611.0,606.5,607.3,633.7,633.1,609.4,615.3,621.8,612.1,887.0,740.2,2.5,20.3
2025-04-28 10:39:40,612.1,611.0,607.0,607.6,633.7,633.2,609.4,615.9,621.8,612.5,886.8,741.0,2.3,20.3
2025-04-28 10:39:45,612.3,612.3,607.4,608.1,634.3,633.6,610.2,615.9,622.1,613.0,886.5,740.8,2.8,20.3
2025-04-28 10:39:50,612.0,612.3,607.6,608.4,634.1,633.6,610.2,616.6,622.1,613.0,887.3,742.1,3.2,20.3
2025-04-28 10:39:55,612.1,612.5,607.2,608.5,633.7,632.9,610.1,616.5,622.2,613.4,887.2,742.2,3.5,20.3
2025-04-28 10:40:00,612.4,612.6,607.6,608.6,634.2,633.1,610.5,616.5,622.1,613.7,887.5,742.5,3.6,20.2
2025-04-28 10:40:05,613.0,613.3,608.2,609.0,634.8,634.0,610.9,616.7,622.3,613.7,887.5,743.2,3.4,20.2
2025-04-28 10:40:10,612.9,613.4,608.4,609.0,635.7,634.0,611.4,617.1,622.9,613.9,887.6,743.5,3.3,20.2
2025-04-28 10:40:15,613.4,613.3,608.6,608.7,636.3,633.3,611.5,617.5,623.2,614.3,887.9,743.5,3.2,20.2
2025-04-28 10:40:20,613.7,613.8,608.5,609.0,636.5,633.5,611.2,617.8,623.2,614.2,887.3,743.5,3.1,20.2
2025-04-28 10:40:25,613.7,614.1,608.8,609.4,636.7,633.5,610.8,618.7,623.5,614.8,887.6,743.4,3.3,20.2
2025-04-28 10:40:30,613.7,613.7,609.1,610.0,637.0,634.2,611.0,618.9,623.6,615.1,887.5,743.9,3.1,20.2
2025-04-28 10:40:35,614.4,613.8,609.5,610.2,637.2,634.5,611.4,619.1,624.1,615.2,887.4,743.9,3.5,20.2
2025-04-28 10:40:40,615.3,614.1,609.9,610.4,637.4,634.4,612.2,619.8,624.5,615.8,888.1,743.8,3.1,20.2
2025-04-28 10:40:45,615.3,614.5,610.2,610.5,637.8,634.8,612.5,619.9,625.1,615.7,887.7,744.3,3.0,20.1
2025-04-28 10:40:50,615.6,614.5,610.4,610.7,637.9,635.5,612.5,620.1,625.4,616.0,888.0,744.7,2.6,20.1
2025-04-28 10:40:55,615.6,614.7,610.3,610.6,637.6,635.7,612.3,620.1,626.3,616.7,888.5,745.0,2.4,20.1
2025-04-28 10:41:00,615.5,614.9,610.7,610.9,637.9,635.4,613.3,620.6,626.2,616.8,888.7,744.3,2.3,20.1
2025-04-28 10:41:05,616.1,615.2,610.8,610.9,637.9,635.7,614.0,620.6,625.9,617.5,889.1,744.8,2.1,20.1
2025-04-28 10:41:10,616.2,615.4,612.4,611.2,638.9,636.1,614.9,620.5,625.9,617.8,890.0,744.7,2.0,20.1
2025-04-28 10:41:15,616.8,615.9,612.0,611.7,639.4,636.7,614.8,620.8,626.9,618.3,889.7,745.3,1.9,20.2
2025-04-28 10:41:20,617.0,616.0,611.9,612.0,639.6,637.5,614.9,621.3,627.1,618.4,889.9,746.0,1.8,20.1
2025-04-28 10:41:25,617.0,616.3,611.9,612.2,639.6,637.8,615.3,621.5,627.6,618.3,890.0,746.4,2.1,20.2
2025-04-28 10:41:30,617.2,616.5,612.1,612.6,639.7,638.4,615.0,621.8,627.4,618.3,890.3,746.2,2.2,20.2
2025-04-28 10:41:35,618.0,616.5,612.5,613.1,639.7,637.8,615.2,621.9,627.8,618.6,889.9,747.1,2.5,20.2
2025-04-28 10:41:40,618.5,616.7,612.7,613.3,640.0,638.1,616.0,622.9,628.1,618.8,889.3,747.5,2.8,20.2
2025-04-28 10:41:45,618.7,617.2,612.6,613.5,640.1,638.4,616.2,622.9,629.0,618.9,889.8,747.9,3.0,20.2
2025-04-28 10:41:50,619.3,617.6,613.0,614.8,640.9,638.7,617.0,623.5,630.0,619.0,889.5,748.0,2.9,20.2
2025-04-28 10:41:55,619.6,617.8,614.3,615.1,641.4,639.2,617.2,623.7,630.2,618.8,889.3,748.4,4.0,20.2
2025-04-28 10:42:00,619.3,618.1,614.3,615.6,642.2,639.2,618.2,624.2,630.7,619.4,889.7,748.4,4.1,20.2
2025-04-28 10:42:05,619.4,618.5,614.9,615.6,642.4,639.7,619.2,624.3,630.9,619.9,890.1,748.4,5.0,20.2
2025-04-28 10:42:10,619.1,619.0,615.4,615.6,643.1,639.7,619.0,624.6,630.5,619.9,889.5,748.3,4.5,20.1
2025-04-28 10:42:15,619.9,620.0,615.7,615.4,643.1,639.8,619.6,624.9,630.3,620.2,889.3,748.9,4.0,20.2
2025-04-28 10:42:20,620.5,620.4,615.8,615.2,642.9,640.0,619.4,624.7,630.0,620.2,889.3,748.8,4.6,20.1
2025-04-28 10:42:25,620.0,619.8,615.0,614.8,642.8,639.6,618.7,624.7,629.8,620.4,889.0,748.3,4.5,20.1
2025-04-28 10:42:30,619.6,619.6,615.0,614.6,642.4,639.2,618.1,623.4,629.0,620.1,888.6,747.2,3.5,20.1
2025-04-28 10:42:35,619.4,619.2,614.9,614.3,642.0,639.1,617.4,623.7,628.4,619.8,887.6,746.5,3.0,20.0
2025-04-28 10:42:40,619.4,619.5,614.6,613.7,642.0,639.0,617.6,623.6,628.5,619.8,887.0,746.1,2.4,20.0
2025-04-28 10:42:45,619.3,619.0,614.8,613.7,641.6,639.1,617.0,623.4,628.4,619.8,886.8,746.5,2.5,20.0
2025-04-28 10:42:50,619.3,619.0,614.6,614.2,641.1,639.3,616.4,623.4,629.2,620.1,886.2,746.0,2.5,20.0
2025-04-28 10:42:55,620.0,618.3,613.9,614.1,640.6,638.6,616.1,623.4,629.3,620.2,886.4,746.8,2.8,20.0
2025-04-28 10:43:00,619.9,618.2,613.9,613.9,640.6,638.7,616.2,623.4,629.1,619.8,885.7,746.7,2.6,20.0
2025-04-28 10:43:05,620.2,618.3,614.4,614.0,641.5,639.9,616.3,623.6,629.6,619.9,885.9,746.8,2.5,20.0
2025-04-28 10:43:10,620.2,618.7,615.1,614.3,642.3,640.0,617.3,624.2,630.3,620.8,886.4,747.8,2.5,20.0
2025-04-28 10:43:15,620.2,619.1,615.3,614.9,642.8,640.2,618.5,624.2,630.6,621.1,886.7,748.1,2.4,19.9
2025-04-28 10:43:20,620.8,619.1,614.9,615.2,642.3,640.8,618.5,624.2,630.8,621.6,886.9,747.8,2.2,19.9
2025-04-28 10:43:25,621.0,619.3,614.9,615.8,642.2,640.7,618.4,624.4,630.8,621.8,886.9,747.9,2.2,19.9
2025-04-28 10:43:30,621.5,619.8,615.0,615.8,642.4,640.7,618.4,624.6,630.8,622.2,887.0,748.6,2.2,20.0
2025-04-28 10:43:35,622.0,620.4,615.7,616.6,643.0,640.8,618.8,625.5,631.1,622.6,887.3,749.1,2.2,20.0
2025-04-28 10:43:40,622.3,621.1,616.3,616.9,643.4,641.1,619.1,625.6,631.4,622.9,887.6,749.7,1.7,20.0
2025-04-28 10:43:45,622.1,621.6,616.7,617.1,644.1,641.7,619.9,625.5,631.6,623.3,887.9,750.2,1.9,20.0
2025-04-28 10:43:50,622.5,621.9,617.0,617.3,644.9,642.6,620.1,626.0,632.1,623.7,888.3,750.2,2.1,20.0
2025-04-28 10:43:55,622.8,622.2,618.2,617.8,645.2,642.9,620.3,626.5,632.4,624.2,888.6,750.5,1.9,20.0
2025-04-28 10:44:00,623.3,622.2,618.4,618.1,645.4,642.8,620.4,627.0,632.8,624.6,888.9,751.2,1.7,20.0
2025-04-28 10:44:05,624.0,622.5,618.4,618.2,645.5,643.1,620.8,627.3,633.1,625.0,889.1,751.3,1.6,20.1
2025-04-28 10:44:10,624.4,622.6,618.8,618.8,645.7,643.6,621.4,627.5,633.4,625.4,889.5,751.7,1.7,20.1
2025-04-28 10:44:15,625.2,622.8,619.1,619.3,646.5,643.6,621.7,628.0,633.5,625.6,889.7,752.4,1.5,20.1
2025-04-28 10:44:20,625.6,623.5,619.6,619.5,646.2,643.9,621.6,628.7,633.5,625.9,889.5,753.4,1.3,20.1
2025-04-28 10:44:25,626.2,624.3,619.7,620.0,646.2,644.4,621.7,628.7,633.9,626.3,889.7,753.4,1.4,20.2
2025-04-28 10:44:30,626.2,624.7,619.9,620.0,646.3,644.8,622.3,629.4,634.7,626.1,889.6,753.3,1.5,20.2
2025-04-28 10:44:35,626.2,624.8,619.8,619.8,646.3,645.6,623.0,629.5,634.8,626.4,889.3,753.8,1.7,20.2
2025-04-28 10:44:40,626.5,625.2,620.7,620.4,646.7,645.8,622.7,630.0,634.9,626.8,890.1,754.1,1.7,20.2
2025-04-28 10:44:45,626.2,625.5,620.9,620.5,647.1,645.9,623.0,630.2,635.2,627.2,890.3,753.9,1.5,20.3
2025-04-28 10:44:50,626.4,625.6,621.1,620.8,647.3,646.1,623.6,630.3,635.7,627.6,890.2,754.0,1.4,20.3
2025-04-28 10:44:55,626.9,625.7,621.6,621.2,648.1,646.5,624.4,631.2,636.5,627.5,890.0,754.7,1.1,20.3
2025-04-28 10:45:00,627.1,625.9,622.4,621.9,649.1,647.2,624.6,631.7,636.3,627.4,889.6,755.4,1.1,20.3
2025-04-28 10:45:05,627.3,626.7,622.7,621.9,649.1,647.5,624.8,632.2,636.7,627.4,889.2,755.4,1.4,20.3
2025-04-28 10:45:10,627.0,627.2,622.7,622.1,649.3,647.5,624.9,632.5,637.2,627.4,888.8,755.8,2.2,20.4
2025-04-28 10:45:15,627.2,627.6,623.1,622.6,649.3,647.5,625.1,632.2,637.3,627.9,888.8,755.6,3.1,20.4
2025-04-28 10:45:20,627.6,627.8,623.1,622.8,649.8,647.3,624.7,632.4,637.5,628.4,889.6,755.6,2.9,20.4
2025-04-28 10:45:25,627.9,628.1,623.5,623.2,649.6,647.8,625.3,632.4,638.1,628.5,889.8,755.7,3.1,20.4
2025-04-28 10:45:30,628.1,628.3,623.4,623.1,649.6,648.1,625.5,632.5,638.2,628.8,889.7,756.1,2.8,20.4
2025-04-28 10:45:35,628.4,628.7,623.5,623.5,650.1,649.0,625.9,632.1,638.5,628.8,888.7,756.7,2.9,20.4
2025-04-28 10:45:40,629.7,628.8,623.8,623.5,650.1,648.5,625.4,632.1,638.2,628.9,888.9,757.3,3.3,20.4
2025-04-28 10:45:45,630.0,628.9,624.1,623.9,649.9,647.8,625.6,632.3,638.5,629.2,889.7,757.4,3.3,20.4
2025-04-28 10:45:50,630.0,628.9,623.6,623.6,650.0,648.2,625.6,632.6,638.2,629.4,889.4,757.8,3.5,20.4
2025-04-28 10:45:55,630.2,629.6,623.5,624.4,650.2,648.2,625.9,633.1,638.2,629.7,889.3,758.1,3.4,20.4
2025-04-28 10:46:00,630.7,629.1,624.0,624.6,650.4,648.5,625.9,633.3,638.7,629.3,889.1,758.4,3.6,20.3
2025-04-28 10:46:05,630.8,628.6,624.1,625.2,650.7,648.6,626.2,633.3,638.6,629.8,889.1,758.6,3.3,20.4
2025-04-28 10:46:10,630.6,628.7,624.2,625.5,650.8,648.9,626.5,634.1,639.1,629.9,889.1,759.0,4.8,20.3
2025-04-28 10:46:15,630.6,629.3,625.1,625.2,650.9,649.2,627.5,634.7,639.5,630.4,889.0,758.7,4.5,20.3
2025-04-28 10:46:20,630.7,630.2,625.5,625.1,651.2,649.4,627.6,634.6,639.7,630.6,889.2,758.8,3.6,20.3
2025-04-28 10:46:25,630.8,630.3,625.6,625.3,651.8,649.8,627.9,634.7,639.9,630.8,889.2,758.6,3.3,20.3
2025-04-28 10:46:30,631.2,630.4,625.4,625.5,651.8,650.0,628.5,635.1,640.3,631.0,889.5,758.9,3.4,20.2
2025-04-28 10:46:35,631.3,630.4,625.9,625.7,651.7,650.7,628.5,635.4,640.3,631.1,889.5,759.3,4.4,20.3
2025-04-28 10:46:40,631.9,630.7,626.1,626.0,652.2,651.4,628.6,636.2,640.6,631.7,889.5,760.3,4.4,20.3
2025-04-28 10:46:45,632.2,631.1,626.7,626.3,653.5,651.5,629.3,636.6,641.2,632.2,889.4,760.5,3.9,20.2
2025-04-28 10:46:50,632.5,631.6,627.3,627.9,654.0,651.6,629.5,636.8,641.5,632.5,890.0,760.7,3.7,20.2
2025-04-28 10:46:55,633.0,632.2,628.4,628.2,654.2,651.6,630.8,637.2,641.9,633.0,890.5,760.6,3.3,20.1
2025-04-28 10:47:00,632.9,632.5,628.1,627.8,654.4,652.3,630.9,637.3,642.2,633.4,890.7,761.2,3.3,20.1
2025-04-28 10:47:05,633.3,632.7,628.1,628.5,654.7,653.4,631.3,637.8,642.6,633.7,890.7,761.6,3.5,20.1
2025-04-28 10:47:10,633.7,632.9,628.4,628.8,655.3,653.5,631.4,637.9,642.8,634.2,890.7,761.4,3.3,20.1
2025-04-28 10:47:15,633.6,633.2,628.9,628.8,655.3,653.2,630.9,638.4,642.8,634.2,890.5,761.7,2.7,20.1
2025-04-28 10:47:20,633.9,633.1,629.3,628.5,655.0,653.1,630.9,638.0,642.9,634.2,890.9,761.8,2.2,20.0
2025-04-28 10:47:25,634.6,633.2,628.9,629.0,655.5,653.6,631.3,637.9,642.8,634.7,890.8,761.9,1.9,20.1
2025-04-28 10:47:30,635.4,633.2,629.1,629.1,655.7,653.6,631.4,638.5,643.0,635.1,890.9,762.6,1.8,20.1
2025-04-28 10:47:35,635.9,633.4,629.7,629.3,655.9,653.7,632.4,638.8,643.3,635.6,890.9,763.0,2.4,20.1
2025-04-28 10:47:40,636.1,634.2,629.5,629.4,656.3,653.9,632.9,638.5,643.1,635.2,890.6,762.7,3.3,20.1
2025-04-28 10:47:45,635.8,634.1,630.0,629.4,656.5,654.2,632.2,638.2,643.3,635.3,890.0,763.4,3.5,20.1
2025-04-28 10:47:50,635.5,634.6,629.9,629.7,656.3,654.1,632.2,638.4,643.5,635.6,890.4,763.5,4.0,20.1
2025-04-28 10:47:55,635.2,634.7,629.7,629.8,656.3,653.8,632.6,639.1,643.6,635.6,890.4,764.0,4.1,20.1
2025-04-28 10:48:00,636.0,634.7,629.9,629.4,656.7,654.2,633.4,640.6,643.7,635.9,890.5,764.0,3.5,20.1
2025-04-28 10:48:05,636.0,635.0,629.9,629.5,656.8,654.7,634.0,640.6,644.1,636.2,890.2,764.0,2.8,20.1
2025-04-28 10:48:10,636.5,635.6,630.4,630.0,657.2,654.7,634.1,640.3,644.2,636.5,890.5,764.5,2.4,20.1
2025-04-28 10:48:15,637.1,635.2,630.7,630.2,657.6,654.7,634.1,640.6,644.5,637.0,890.5,764.6,2.0,20.0
2025-04-28 10:48:20,637.2,635.4,631.0,630.3,657.8,654.7,634.8,640.7,642.7,637.3,890.7,764.5,2.1,20.1
2025-04-28 10:48:25,637.1,635.7,631.3,631.4,657.7,655.0,634.7,640.7,644.8,637.2,890.5,765.0,2.0,20.1
2025-04-28 10:48:30,637.4,636.0,631.3,631.3,658.1,655.2,634.8,640.5,644.9,637.7,890.7,765.2,1.8,20.1
2025-04-28 10:48:35,637.5,636.3,631.4,631.8,659.2,655.6,635.2,641.1,645.3,638.1,890.7,765.1,1.5,20.1
2025-04-28 10:48:40,637.4,636.1,632.0,631.8,658.7,656.3,634.7,641.6,645.5,638.2,890.8,765.8,1.4,20.2
2025-04-28 10:48:45,637.5,636.3,631.9,631.8,658.4,656.6,634.8,640.7,646.2,638.1,890.5,766.7,1.1,20.2
2025-04-28 10:48:50,637.7,636.7,632.3,632.0,658.6,656.2,634.9,641.2,646.0,638.5,890.5,766.8,1.0,20.2
2025-04-28 10:48:55,637.6,636.9,632.3,632.3,658.7,656.4,635.1,641.2,646.5,638.6,890.5,766.5,0.8,20.2
2025-04-28 10:49:00,637.7,637.2,632.6,632.4,658.4,656.5,635.5,641.3,647.0,638.8,890.6,766.3,0.8,20.2
2025-04-28 10:49:05,638.0,637.6,632.5,632.9,658.4,656.5,635.3,641.7,647.2,639.4,890.9,766.7,1.2,20.2
2025-04-28 10:49:10,638.2,637.8,633.3,633.1,658.5,656.8,635.5,642.4,647.5,639.6,891.0,767.1,1.8,20.3
2025-04-28 10:49:15,638.5,638.0,633.2,633.0,659.2,657.2,635.8,642.3,647.6,639.8,891.3,767.1,1.8,20.3
2025-04-28 10:49:20,639.2,638.3,633.6,633.0,659.8,657.1,636.0,642.8,648.5,640.1,890.7,767.4,1.7,20.4
2025-04-28 10:49:25,639.4,638.3,633.6,633.2,659.6,657.4,636.2,643.4,648.4,639.8,890.7,767.5,1.7,20.4
2025-04-28 10:49:30,639.6,638.0,633.8,633.9,659.8,657.5,636.2,643.4,648.3,640.1,890.7,767.5,1.5,20.4
2025-04-28 10:49:35,639.8,638.1,633.9,634.6,659.9,657.6,636.6,643.5,648.2,640.6,890.6,768.1,1.6,20.4
2025-04-28 10:49:40,640.6,637.9,634.7,634.9,660.7,658.1,636.9,643.6,648.0,640.7,890.8,768.0,1.8,20.5
2025-04-28 10:49:45,640.5,637.8,634.8,635.1,661.2,658.4,637.3,643.6,648.1,641.1,890.8,768.4,2.2,20.5
2025-04-28 10:49:50,640.8,638.0,635.3,634.9,661.6,658.6,637.1,643.5,648.2,641.0,890.9,768.8,2.9,20.5
2025-04-28 10:49:55,641.1,638.2,635.4,634.9,661.7,658.7,637.4,643.5,648.6,641.2,890.4,769.1,2.9,20.6
2025-04-28 10:50:00,641.3,638.9,635.3,634.8,660.9,658.6,637.6,643.3,648.5,641.6,890.3,769.2,2.2,20.6
2025-04-28 10:50:05,641.2,639.4,635.9,635.1,660.9,658.8,637.4,643.1,648.1,641.8,890.3,768.9,2.1,20.6
2025-04-28 10:50:10,641.3,640.4,635.7,636.0,660.6,659.0,637.2,643.4,648.7,641.8,889.6,769.3,2.1,20.6
2025-04-28 10:50:15,641.4,640.7,635.6,636.5,660.7,659.1,637.0,643.7,649.1,642.4,889.5,769.5,1.7,20.6
2025-04-28 10:50:20,641.8,640.8,635.6,636.4,661.0,659.4,637.3,644.3,649.2,642.6,890.4,769.7,1.8,20.7
2025-04-28 10:50:25,641.8,640.5,636.0,636.5,661.3,659.5,637.7,644.5,649.9,642.8,890.1,770.1,3.1,20.7
2025-04-28 10:50:30,642.2,640.7,635.8,636.0,661.0,659.6,637.7,645.2,649.9,643.0,890.0,770.4,2.6,20.7
2025-04-28 10:50:35,642.6,641.0,636.0,636.1,661.2,659.9,638.3,645.2,650.4,643.3,890.3,770.2,2.6,20.8
2025-04-28 10:50:40,642.6,640.3,636.7,637.0,661.7,660.1,638.5,645.5,650.7,643.4,889.8,770.4,2.2,20.8
2025-04-28 10:50:45,643.1,640.5,636.7,637.4,662.0,660.5,639.0,645.4,650.6,643.9,890.2,771.0,2.1,20.8
2025-04-28 10:50:50,643.4,641.0,637.3,637.2,662.7,660.0,639.1,645.8,650.3,643.3,888.4,771.0,2.7,20.8
2025-04-28 10:50:55,643.3,642.4,637.0,637.4,662.7,660.8,639.9,646.2,651.6,644.0,889.4,771.3,3.2,20.8
2025-04-28 10:51:00,642.9,642.3,637.5,638.4,663.4,661.1,640.1,647.4,651.8,644.0,889.2,771.3,3.9,20.8
2025-04-28 10:51:05,643.4,642.0,638.2,637.9,663.5,661.4,640.7,646.9,651.7,644.3,889.0,771.5,3.7,20.8
2025-04-28 10:51:10,643.4,641.9,637.8,638.0,663.7,661.5,641.0,647.1,651.9,644.3,889.0,772.3,3.0,20.8
2025-04-28 10:51:15,643.5,642.4,637.9,638.0,664.0,662.0,641.2,647.6,652.4,644.5,889.5,772.2,2.8,20.8
2025-04-28 10:51:20,643.9,642.3,638.6,638.1,664.3,662.1,641.3,647.8,652.8,644.8,889.1,772.3,3.7,20.8
2025-04-28 10:51:25,644.1,641.9,638.9,637.6,664.6,662.1,641.4,647.7,652.1,645.5,889.7,771.8,3.1,20.7
2025-04-28 10:51:30,644.2,641.2,638.8,637.5,664.9,661.3,641.8,647.6,652.1,645.6,889.2,771.5,3.0,20.7
2025-04-28 10:51:35,644.6,641.5,639.2,637.8,664.7,661.5,641.9,647.6,651.8,645.8,889.1,771.8,2.3,20.7
2025-04-28 10:51:40,644.6,641.9,639.2,638.3,664.7,661.8,641.8,648.7,652.2,645.6,889.4,772.3,3.4,20.7
2025-04-28 10:51:45,644.5,642.4,639.9,638.3,665.2,661.9,641.7,648.5,652.5,645.8,888.6,772.8,3.0,20.7
2025-04-28 10:51:50,644.4,642.6,639.9,638.6,665.1,662.3,642.2,648.7,653.1,646.4,888.8,772.8,3.1,20.7
2025-04-28 10:51:55,644.1,642.6,639.4,638.7,665.6,662.2,642.7,648.6,653.4,646.2,889.2,772.6,3.1,20.7
2025-04-28 10:52:00,644.6,642.8,639.5,638.7,665.1,662.2,642.4,648.3,653.2,646.2,888.3,772.0,3.7,20.7
2025-04-28 10:52:05,644.8,643.1,640.9,638.8,664.7,662.4,642.9,648.3,653.2,646.0,888.2,772.6,3.8,20.6
2025-04-28 10:52:10,645.2,643.3,640.7,638.9,664.9,662.6,642.9,648.4,652.9,646.1,888.0,773.1,3.8,20.6
2025-04-28 10:52:15,645.2,643.3,640.9,638.8,665.1,662.6,642.7,648.5,654.3,646.6,888.6,773.3,3.0,20.5
2025-04-28 10:52:20,645.0,643.4,641.5,639.0,665.7,663.2,642.8,649.4,654.6,646.8,888.3,774.4,3.2,20.4
2025-04-28 10:52:25,645.2,643.5,642.2,639.2,665.7,663.6,643.1,649.3,654.9,647.4,889.0,773.9,2.7,20.3
2025-04-28 10:52:30,646.0,644.2,641.6,639.4,665.6,663.8,643.0,649.3,654.6,647.2,888.7,773.7,2.6,20.3
2025-04-28 10:52:35,645.9,644.1,641.0,640.2,665.7,663.9,642.9,649.3,654.6,646.9,887.4,773.7,2.5,20.3
2025-04-28 10:52:40,645.7,644.2,640.7,640.5,665.5,663.9,642.4,648.8,654.6,646.8,887.2,773.5,2.5,20.3
2025-04-28 10:52:45,645.9,644.0,640.5,640.5,665.2,663.8,642.6,648.6,654.2,646.9,886.9,773.2,2.8,20.3
2025-04-28 10:52:50,645.8,644.2,641.1,640.4,664.8,663.7,642.8,648.5,654.0,647.5,886.5,773.2,2.8,20.2
2025-04-28 10:52:55,645.7,644.7,641.3,640.2,664.8,663.3,642.7,648.4,654.4,647.2,885.8,773.3,2.7,20.2
2025-04-28 10:53:00,645.8,646.1,641.4,639.9,665.3,663.6,642.7,648.7,654.8,647.4,886.0,773.0,2.2,20.2
2025-04-28 10:53:05,645.4,646.3,640.8,639.6,665.4,663.5,643.0,648.6,655.1,648.0,886.5,773.5,2.0,20.2
2025-04-28 10:53:10,645.5,646.6,640.8,640.9,665.8,663.9,643.2,649.4,655.4,648.7,887.3,773.5,1.7,20.3
2025-04-28 10:53:15,645.7,646.3,641.2,641.6,666.2,664.1,643.2,650.2,655.4,648.9,887.0,774.6,1.5,20.3
2025-04-28 10:53:20,646.3,646.9,642.0,642.0,666.6,664.7,643.8,650.6,656.2,648.8,887.2,774.6,1.9,20.3
2025-04-28 10:53:25,646.6,648.2,642.6,642.0,666.9,664.7,643.7,650.8,656.0,649.1,887.0,775.1,2.7,20.3
2025-04-28 10:53:30,647.1,648.1,643.1,642.3,666.9,665.1,643.9,651.0,657.0,649.0,886.6,775.4,2.6,20.3
2025-04-28 10:53:35,648.1,648.8,643.4,642.8,667.2,665.9,644.3,651.6,657.2,649.4,886.6,776.6,2.8,20.3
2025-04-28 10:53:40,648.1,649.1,643.8,643.1,667.5,666.5,644.1,651.9,657.3,649.8,886.9,778.1,3.2,20.3
2025-04-28 10:53:45,648.4,649.7,644.0,643.8,667.8,666.5,645.4,652.5,658.1,650.7,887.9,777.7,3.5,20.3
2025-04-28 10:53:50,649.1,649.9,644.2,644.0,668.7,667.0,646.8,653.0,658.3,650.6,888.2,778.2,3.7,20.3
2025-04-28 10:53:55,649.4,649.7,644.3,643.8,668.7,667.4,646.3,653.1,658.3,651.1,888.2,778.3,2.9,20.3
2025-04-28 10:54:00,649.4,649.7,644.5,643.8,669.0,668.2,646.8,653.9,658.3,651.5,888.1,778.7,2.3,20.3
2025-04-28 10:54:05,649.5,650.1,644.9,644.5,669.0,668.3,646.8,653.8,658.7,651.7,887.7,779.1,1.8,20.3
2025-04-28 10:54:10,649.7,650.4,645.3,644.4,669.1,668.4,646.9,653.4,659.3,651.6,887.5,779.2,1.6,20.3
2025-04-28 10:54:15,650.1,650.6,645.1,644.5,669.7,669.2,647.1,653.8,659.8,652.1,888.3,779.5,2.6,20.4
2025-04-28 10:54:20,650.1,650.2,645.0,644.6,669.8,668.8,647.0,654.1,659.7,652.1,888.1,779.6,2.9,20.4
2025-04-28 10:54:25,650.3,649.4,645.2,645.0,669.9,668.6,646.9,653.9,659.9,652.3,888.3,779.7,2.8,20.4
2025-04-28 10:54:30,650.4,649.8,646.0,645.5,670.5,668.7,647.5,654.1,660.0,652.5,888.1,779.7,2.7,20.4
2025-04-28 10:54:35,650.8,650.5,646.6,646.1,670.9,669.9,648.7,654.7,660.2,652.8,888.7,780.5,2.8,20.4
2025-04-28 10:54:40,651.0,650.9,647.1,646.3,671.1,670.8,648.7,655.0,660.6,653.1,888.9,781.2,2.6,20.4
2025-04-28 10:54:45,651.6,651.2,647.7,646.8,671.1,670.7,648.9,655.1,660.6,653.0,888.6,781.3,2.8,20.4
2025-04-28 10:54:50,651.9,651.5,647.8,646.6,671.4,670.5,648.9,654.9,661.2,653.4,888.3,781.4,2.2,20.3
2025-04-28 10:54:55,652.2,651.5,648.0,647.0,671.3,669.9,648.6,655.3,661.5,653.6,888.2,781.8,1.8,20.3
2025-04-28 10:55:00,652.3,651.4,647.7,647.1,671.4,669.6,648.7,655.6,661.1,653.6,887.6,782.5,1.5,20.3
2025-04-28 10:55:05,652.3,651.1,647.2,646.4,670.7,668.8,648.9,655.2,660.7,653.2,886.0,782.5,1.2,20.3
2025-04-28 10:55:10,652.2,651.4,647.0,646.1,670.2,668.8,649.0,655.4,660.8,653.3,886.6,781.3,1.1,20.4
2025-04-28 10:55:15,652.1,650.9,647.0,645.4,670.4,668.5,649.4,655.3,660.8,653.8,887.3,780.5,1.1,20.4
2025-04-28 10:55:20,652.0,651.0,646.8,645.5,670.8,669.0,649.9,655.1,660.8,655.0,888.6,780.8,1.1,20.4
2025-04-28 10:55:25,652.6,651.0,647.8,645.9,671.8,669.8,649.8,655.5,662.0,655.3,889.1,781.0,1.0,20.3
2025-04-28 10:55:30,653.0,651.3,648.1,645.9,672.1,670.2,650.5,656.6,662.5,656.2,889.9,782.2,0.9,20.3
2025-04-28 10:55:35,653.0,652.3,648.2,646.7,673.5,670.9,650.8,657.1,663.1,656.7,890.5,782.7,0.6,20.2
2025-04-28 10:55:40,653.4,652.6,648.8,647.3,673.7,671.0,651.0,657.3,663.6,656.8,890.4,783.7,0.6,20.2
2025-04-28 10:55:45,653.9,653.4,649.1,647.7,673.8,671.5,651.1,657.3,664.0,656.8,890.5,783.5,0.5,20.3
2025-04-28 10:55:50,654.1,653.7,649.2,647.9,673.2,671.8,651.6,657.7,664.3,657.2,890.5,783.6,0.5,20.3
2025-04-28 10:55:55,654.3,653.5,649.2,648.3,673.3,672.0,651.7,657.8,664.5,657.3,890.6,783.4,0.4,20.4
2025-04-28 10:56:00,654.6,652.7,649.0,648.2,673.0,671.6,651.7,657.5,664.2,657.1,889.6,783.3,0.3,20.4
2025-04-28 10:56:05,654.5,652.7,648.7,648.1,672.9,671.6,651.7,657.3,664.1,657.3,889.2,783.1,0.2,20.5
2025-04-28 10:56:10,653.9,652.6,648.8,647.3,673.3,671.6,651.7,657.7,664.0,657.5,889.3,783.1,0.3,20.5
2025-04-28 10:56:15,653.6,652.4,648.1,647.5,673.3,671.6,651.5,657.8,663.8,657.1,888.5,782.8,0.2,20.6
2025-04-28 10:56:20,653.7,652.2,648.1,647.4,673.4,671.3,650.7,657.5,663.8,657.0,888.3,782.2,0.2,20.6
2025-04-28 10:56:25,653.6,652.6,648.1,647.2,673.6,671.9,650.7,657.2,663.9,656.7,888.1,783.3,0.3,20.6
2025-04-28 10:56:30,653.9,652.7,648.1,646.9,673.2,672.4,650.7,657.4,663.8,656.7,887.3,783.2,0.2,20.7
2025-04-28 10:56:35,653.7,652.8,648.7,647.2,672.9,672.1,650.6,657.1,663.3,656.6,886.7,783.8,0.1,20.7
2025-04-28 10:56:40,653.6,653.1,648.7,647.3,672.7,672.0,651.2,657.0,663.2,656.2,886.6,783.5,0.2,20.8
2025-04-28 10:56:45,653.9,653.5,649.1,647.6,672.9,671.9,651.4,657.4,663.5,656.6,886.5,783.4,0.3,20.9
2025-04-28 10:56:50,653.5,654.0,648.8,647.5,673.3,672.1,651.2,657.6,663.8,657.2,886.7,783.5,0.4,20.9
2025-04-28 10:56:55,653.7,654.1,649.3,648.1,673.4,671.9,651.1,657.9,663.7,657.0,886.2,783.5,0.4,21.0
2025-04-28 10:57:00,653.6,654.0,649.3,648.2,673.2,671.6,651.1,658.5,663.6,656.4,885.7,783.7,0.5,21.0
2025-04-28 10:57:05,653.8,655.3,649.2,648.4,673.5,672.1,651.2,659.1,664.9,656.7,885.7,784.0,1.1,21.1
2025-04-28 10:57:10,654.2,654.7,649.8,648.5,673.4,672.2,651.9,659.8,664.6,656.8,885.4,784.0,1.4,21.1
2025-04-28 10:57:15,654.4,653.9,649.8,648.7,673.8,672.5,652.0,659.6,664.8,656.9,884.9,784.4,1.5,21.1
2025-04-28 10:57:20,654.6,654.6,650.1,648.7,673.8,673.0,652.1,659.0,664.7,656.6,884.2,784.4,1.3,21.2
2025-04-28 10:57:25,655.2,654.6,650.6,648.9,674.0,673.5,652.3,660.1,665.3,656.7,883.8,784.6,1.2,21.2
2025-04-28 10:57:30,655.1,653.8,650.1,649.1,674.4,673.5,652.6,660.1,665.7,657.4,884.6,784.8,1.1,21.3
2025-04-28 10:57:35,654.9,653.4,649.8,649.3,674.4,674.3,653.0,660.1,665.6,657.5,884.2,785.5,2.2,21.3
2025-04-28 10:57:40,655.0,653.9,650.2,649.5,674.6,674.0,653.5,660.4,665.6,658.1,884.2,785.9,2.7,21.4
2025-04-28 10:57:45,654.9,654.4,650.2,648.8,674.4,673.7,653.9,661.3,665.9,658.6,885.0,785.4,2.4,21.5
2025-04-28 10:57:50,654.7,653.8,650.5,649.0,673.9,674.2,653.7,659.8,665.6,658.2,884.2,785.6,2.0,21.5
2025-04-28 10:57:55,655.1,653.8,650.4,649.6,674.3,673.7,653.3,659.6,665.3,658.1,883.7,785.0,1.5,21.5
2025-04-28 10:58:00,655.7,654.5,651.6,649.9,674.6,673.8,653.7,660.3,665.4,658.3,883.0,785.7,1.9,21.5
2025-04-28 10:58:05,655.9,654.7,651.9,650.6,675.6,674.1,654.0,660.8,665.6,658.5,883.4,786.7,2.1,21.6
2025-04-28 10:58:10,656.4,654.9,652.6,651.0,677.0,674.8,654.1,660.9,666.0,659.6,885.0,786.4,2.3,21.6
2025-04-28 10:58:15,657.9,655.1,653.0,651.6,676.7,675.3,654.7,661.3,667.7,660.1,886.0,786.9,2.9,21.6
2025-04-28 10:58:20,657.7,655.8,653.7,652.4,676.7,675.5,655.2,661.2,667.4,660.5,886.2,787.1,2.8,21.6
2025-04-28 10:58:25,657.8,656.1,653.6,652.6,676.9,676.4,655.2,661.8,667.4,660.3,884.9,787.2,2.5,21.5
2025-04-28 10:58:30,657.9,657.0,653.7,652.9,677.5,676.4,654.9,662.0,667.6,660.1,885.2,787.6,2.1,21.6
2025-04-28 10:58:35,658.2,657.2,653.5,652.9,677.2,676.1,655.5,663.0,668.0,660.9,885.5,788.0,1.9,21.6
2025-04-28 10:58:40,658.9,657.8,654.2,653.0,677.6,675.9,656.0,663.1,668.9,660.8,885.7,788.7,1.6,21.6
2025-04-28 10:58:45,659.3,658.0,655.6,653.4,677.5,676.5,656.3,662.8,669.3,661.5,886.4,789.2,1.4,21.6
2025-04-28 10:58:50,660.0,658.8,655.1,653.8,678.5,677.2,656.8,664.1,670.8,662.4,886.8,790.1,1.1,21.6
2025-04-28 10:58:55,659.5,658.9,655.1,653.9,679.1,677.8,657.4,664.3,670.8,662.9,887.5,790.7,1.0,21.6
2025-04-28 10:59:00,659.1,658.8,654.7,653.8,679.0,677.9,657.5,664.2,670.9,662.4,886.1,790.6,1.0,21.7
2025-04-28 10:59:05,659.6,659.3,655.1,654.5,678.9,678.1,657.7,665.3,670.7,662.3,885.7,790.8,1.5,21.7
2025-04-28 10:59:10,660.4,659.6,655.6,654.8,678.9,678.4,657.6,666.1,670.7,663.3,887.4,791.0,2.3,21.7
2025-04-28 10:59:15,660.3,660.1,655.6,654.9,679.1,678.4,658.9,666.1,670.5,663.6,887.1,791.2,3.1,21.7
2025-04-28 10:59:20,660.4,659.8,655.9,655.4,679.7,678.3,659.0,666.0,670.6,663.8,887.0,790.9,3.2,21.6
2025-04-28 10:59:25,660.8,659.5,655.9,655.4,680.2,678.1,658.9,665.5,671.0,664.0,887.4,790.7,3.1,21.6
2025-04-28 10:59:30,660.8,660.1,656.9,655.6,681.1,679.1,659.7,666.8,671.4,664.2,887.4,791.5,3.0,21.6
2025-04-28 10:59:35,660.9,660.2,657.4,656.1,681.6,679.3,659.9,666.5,672.0,664.5,887.0,791.7,3.2,21.5
2025-04-28 10:59:40,661.1,660.1,657.9,656.5,681.9,679.5,660.2,666.9,671.9,664.7,886.9,792.8,3.0,21.5
2025-04-28 10:59:45,661.9,659.9,658.5,657.0,681.9,679.7,660.6,667.2,672.1,664.8,887.3,794.2,3.4,21.5
2025-04-28 10:59:50,662.3,660.0,658.4,656.3,682.0,679.7,660.3,667.5,672.6,665.1,887.2,793.6,2.7,21.5
2025-04-28 10:59:55,662.5,660.2,658.1,656.4,681.6,680.3,660.3,667.0,672.7,665.4,887.6,793.4,2.3,21.5
2025-04-28 11:00:00,662.4,660.4,658.5,657.0,681.8,680.8,660.1,667.3,671.8,665.3,886.5,793.4,1.9,21.5
2025-04-28 11:00:05,662.5,660.2,658.4,657.1,681.9,680.8,660.1,667.4,671.9,665.4,886.8,793.9,1.7,21.5
2025-04-28 11:00:10,662.7,660.1,658.2,657.0,682.3,680.4,660.7,667.8,672.2,665.9,886.8,793.3,1.5,21.5
2025-04-28 11:00:15,662.4,660.5,657.9,656.9,682.5,680.6,660.9,668.0,673.3,666.5,887.3,793.2,1.3,21.5
2025-04-28 11:00:20,661.8,661.0,657.6,657.4,682.4,681.0,661.6,668.4,673.2,666.6,887.4,793.4,1.3,21.5
2025-04-28 11:00:25,662.4,661.2,658.1,658.0,683.3,681.4,661.7,668.7,673.5,666.6,887.0,794.2,1.6,21.5
2025-04-28 11:00:30,662.7,661.4,658.8,658.3,683.6,681.9,662.0,668.8,673.8,666.8,887.0,794.3,1.7,21.5
2025-04-28 11:00:35,663.6,662.4,659.5,658.5,683.7,681.9,662.6,668.9,674.1,667.3,887.4,794.5,1.5,21.5
2025-04-28 11:00:40,664.0,663.0,660.0,658.7,684.1,682.5,663.0,669.0,674.6,668.4,888.0,794.7,1.5,21.5
2025-04-28 11:00:45,663.9,663.1,660.9,658.9,683.9,682.6,662.9,669.1,674.5,668.9,888.0,795.0,1.6,21.5
2025-04-28 11:00:50,664.1,663.5,660.5,659.3,683.2,682.7,662.6,668.9,674.7,668.7,887.8,795.6,1.9,21.5
2025-04-28 11:00:55,664.8,664.4,660.3,660.1,683.8,683.3,662.6,670.2,674.8,668.8,888.1,795.6,3.1,21.5
2025-04-28 11:01:00,664.7,664.6,660.4,660.6,683.9,683.0,662.6,669.7,675.0,669.1,888.0,795.5,3.4,21.5
2025-04-28 11:01:05,664.9,664.3,660.5,660.9,684.0,683.5,662.8,670.0,675.3,669.3,887.8,797.8,3.7,21.4
2025-04-28 11:01:10,665.8,664.3,660.9,660.7,684.3,683.7,663.5,669.8,676.4,669.5,887.6,797.3,3.7,21.4
2025-04-28 11:01:15,665.5,663.8,661.3,660.2,684.1,683.2,663.5,670.3,676.9,669.3,887.7,797.1,3.8,21.4
2025-04-28 11:01:20,665.1,664.3,660.9,659.8,684.3,683.3,663.7,670.3,677.2,669.4,887.7,796.8,3.2,21.3
2025-04-28 11:01:25,664.6,665.0,660.8,659.6,684.4,683.3,663.9,670.3,677.4,669.6,887.6,797.2,3.1,21.2
2025-04-28 11:01:30,664.5,664.6,660.4,659.8,684.7,683.6,663.9,670.5,677.3,669.5,887.2,796.8,3.1,21.2
2025-04-28 11:01:35,664.5,664.8,661.3,660.1,686.0,684.2,664.1,670.3,677.7,669.6,887.3,796.7,2.6,21.1
2025-04-28 11:01:40,664.5,665.0,662.7,661.9,686.2,684.5,664.7,671.1,678.1,669.7,887.5,797.2,2.9,21.1
2025-04-28 11:01:45,665.9,664.9,663.4,661.8,686.3,684.4,665.2,671.7,678.0,670.6,887.5,798.9,3.5,21.1
2025-04-28 11:01:50,665.7,665.3,663.3,662.6,687.3,685.2,665.9,672.1,678.7,671.1,887.9,799.8,3.8,21.1
2025-04-28 11:01:55,666.6,665.6,664.0,664.1,688.0,685.4,666.8,672.8,680.0,671.4,888.5,800.0,3.3,21.0
2025-04-28 11:02:00,666.9,665.2,663.8,664.1,688.0,685.7,667.2,673.1,679.9,671.9,888.9,800.0,3.8,20.9
2025-04-28 11:02:05,667.2,665.7,664.1,663.9,688.1,685.7,667.4,673.4,679.6,671.9,888.5,799.9,3.6,20.9
2025-04-28 11:02:10,667.4,665.8,664.3,662.7,688.4,686.0,667.6,673.1,678.8,671.8,887.8,799.7,3.8,20.9
2025-04-28 11:02:15,667.8,665.6,664.1,662.8,688.4,686.3,668.0,673.1,678.8,671.8,887.7,801.4,3.0,20.8
2025-04-28 11:02:20,667.7,665.5,664.4,662.8,688.2,686.2,668.2,672.8,678.5,672.1,887.6,800.6,2.7,20.8
2025-04-28 11:02:25,667.8,665.0,664.1,662.7,688.1,686.2,667.9,672.5,678.6,672.0,887.4,800.2,2.6,20.8
2025-04-28 11:02:30,667.5,665.0,664.4,663.1,687.8,686.3,667.7,672.6,678.7,672.0,886.8,800.3,2.8,20.8
2025-04-28 11:02:35,667.7,665.2,664.0,663.5,687.3,686.8,667.3,673.1,679.0,672.2,887.0,800.2,4.0,20.7
2025-04-28 11:02:40,668.1,665.5,664.3,663.3,687.6,686.4,667.0,673.2,679.3,672.7,886.6,800.4,4.1,20.7
2025-04-28 11:02:45,669.0,666.4,664.7,663.7,687.6,686.2,667.3,673.2,679.3,672.8,887.3,799.8,3.6,20.6
2025-04-28 11:02:50,669.1,667.5,664.8,663.5,687.8,686.4,667.2,673.5,680.3,673.0,887.3,799.7,3.2,20.6
2025-04-28 11:02:55,669.6,668.2,664.9,664.1,688.6,687.0,667.4,674.4,680.5,673.0,887.1,800.6,2.8,20.6
2025-04-28 11:03:00,669.7,668.4,665.2,664.1,688.8,687.1,667.6,674.8,681.4,673.6,887.5,800.8,2.5,20.5
2025-04-28 11:03:05,669.0,667.8,664.8,663.7,688.5,687.1,667.8,674.7,681.5,673.9,887.5,800.3,2.2,20.5
2025-04-28 11:03:10,668.6,667.5,664.4,663.5,688.6,686.7,667.7,674.6,681.2,673.5,886.5,799.0,2.4,20.5
2025-04-28 11:03:15,667.9,666.1,664.6,663.1,688.3,686.4,667.5,674.1,680.9,673.4,886.3,798.2,3.1,20.5
2025-04-28 11:03:20,668.1,665.1,664.5,662.4,688.0,686.6,667.2,673.7,681.2,673.8,886.8,798.2,2.7,20.5
2025-04-28 11:03:25,665.5,663.0,664.1,660.3,687.3,684.7,667.2,672.1,681.1,673.7,886.3,798.0,2.1,20.4
2025-04-28 11:03:30,660.7,658.7,659.5,657.6,683.6,681.3,663.9,670.4,679.2,672.4,883.5,792.8,1.7,20.4
2025-04-28 11:03:35,658.1,655.6,655.8,653.1,679.6,677.5,660.3,665.1,673.1,668.6,877.8,788.1,1.3,20.4
2025-04-28 11:03:40,658.1,655.8,655.2,651.9,678.8,675.5,657.7,663.1,670.6,664.4,871.3,786.3,3.0,20.5
2025-04-28 11:03:45,658.7,656.2,656.7,653.0,678.5,676.3,658.6,662.9,670.9,663.5,871.2,787.2,3.5,20.5
2025-04-28 11:03:50,658.6,656.6,657.0,653.5,678.9,676.8,659.4,663.5,671.7,664.3,871.5,787.2,3.3,20.4
2025-04-28 11:03:55,660.0,656.2,657.0,653.5,679.1,676.1,658.7,664.0,671.6,664.2,871.5,787.0,2.8,20.4
2025-04-28 11:04:00,662.7,659.6,659.1,655.8,682.0,678.4,661.5,666.4,672.8,666.1,872.8,789.5,2.3,20.4
2025-04-28 11:04:05,664.4,661.8,661.1,658.1,682.5,680.7,661.7,667.4,672.8,668.0,877.1,793.8,2.3,20.4
2025-04-28 11:04:10,666.1,665.0,663.1,660.5,685.2,682.3,664.3,669.5,676.9,670.0,878.7,795.1,3.4,20.4
2025-04-28 11:04:15,668.7,666.2,665.3,661.8,687.7,685.0,666.6,671.4,679.1,671.3,881.2,797.9,3.9,20.3
2025-04-28 11:04:20,671.3,667.8,666.1,663.9,688.4,685.4,667.0,672.8,679.5,673.0,883.2,798.7,3.5,20.3
2025-04-28 11:04:25,673.2,669.3,668.7,667.1,690.3,687.6,668.4,674.5,681.2,674.0,884.5,801.7,2.9,20.2
2025-04-28 11:04:30,672.6,670.4,668.7,667.5,691.4,689.4,669.7,675.4,682.9,676.0,887.1,803.3,2.7,20.1
2025-04-28 11:04:35,672.2,670.4,669.1,667.7,691.6,690.4,670.5,677.4,684.8,676.9,887.4,803.6,2.6,20.1
2025-04-28 11:04:40,671.2,670.0,669.0,667.4,691.0,690.0,670.3,677.5,684.7,676.9,886.9,803.0,2.8,20.1
2025-04-28 11:04:45,670.9,669.8,668.8,666.7,690.7,689.1,669.7,676.5,684.2,676.5,885.9,802.4,3.3,20.1
2025-04-28 11:04:50,670.9,670.2,669.3,666.0,690.7,689.1,669.3,676.0,683.3,675.3,884.3,802.3,3.8,20.1
2025-04-28 11:04:55,671.6,671.2,670.7,666.3,690.7,689.4,669.2,676.7,683.3,675.6,884.0,802.7,3.4,20.1
2025-04-28 11:05:00,672.4,671.3,670.6,667.1,691.0,690.9,669.4,677.2,684.6,676.5,885.7,803.8,2.5,20.0
2025-04-28 11:05:05,673.8,672.2,671.5,667.9,692.1,691.6,670.1,678.3,685.0,677.6,886.8,805.3,2.9,20.0
2025-04-28 11:05:10,673.5,672.1,671.7,668.1,692.2,692.2,671.3,678.8,685.8,678.5,887.6,806.0,2.9,20.0
2025-04-28 11:05:15,674.6,672.9,671.8,668.6,692.7,692.6,672.1,678.9,686.4,678.8,888.4,806.2,2.6,19.9
2025-04-28 11:05:20,674.7,673.4,671.8,669.3,693.0,692.9,673.8,679.8,687.4,679.5,889.0,806.0,2.8,19.9
2025-04-28 11:05:25,675.7,673.9,672.2,669.9,694.2,693.2,674.0,679.8,687.7,679.6,889.1,808.0,3.5,19.9
2025-04-28 11:05:30,676.2,674.6,673.0,670.5,696.1,694.4,674.4,680.7,687.8,680.6,889.7,808.2,3.2,19.8
2025-04-28 11:05:35,676.9,675.8,674.8,671.9,696.2,695.5,675.3,681.5,688.2,680.9,890.4,809.9,3.5,19.7
2025-04-28 11:05:40,677.4,676.1,675.6,672.3,696.7,695.8,675.0,682.3,689.0,681.9,890.9,810.5,3.8,19.5
2025-04-28 11:05:45,678.1,677.9,677.4,673.3,696.7,696.2,674.9,682.9,689.4,682.6,891.9,810.6,3.7,19.4
2025-04-28 11:05:50,678.5,677.8,676.9,673.3,696.9,696.4,675.4,683.2,689.7,683.3,892.3,811.4,3.1,19.3
2025-04-28 11:05:55,675.6,677.4,675.8,673.6,696.4,697.6,674.6,683.8,690.3,682.7,890.4,809.9,2.1,19.1
2025-04-28 11:06:00,674.6,675.2,672.3,671.2,692.3,694.0,670.9,681.0,687.3,679.0,884.4,804.9,1.7,19.1
2025-04-28 11:06:05,676.4,674.2,672.8,670.7,692.0,693.2,671.1,679.3,685.6,678.1,884.0,806.0,1.5,19.1
2025-04-28 11:06:10,678.5,675.0,674.0,672.2,694.5,695.7,673.4,681.9,688.3,681.6,889.2,808.5,1.7,19.1
2025-04-28 11:06:15,678.5,676.7,675.1,673.8,695.0,696.6,674.5,684.2,689.5,682.1,889.9,810.1,2.2,19.1
2025-04-28 11:06:20,679.7,678.3,677.1,674.7,696.9,697.8,675.6,684.9,689.8,684.4,891.5,811.6,2.6,19.2
2025-04-28 11:06:25,680.6,680.4,677.8,675.4,698.2,698.8,676.8,685.7,691.2,685.6,893.1,813.7,2.5,19.3
2025-04-28 11:06:30,682.4,681.1,677.9,676.4,699.2,699.1,678.0,686.2,692.3,685.5,893.8,814.9,1.9,19.3
2025-04-28 11:06:35,683.4,682.3,679.5,678.0,700.9,700.1,679.8,687.1,694.0,686.7,894.8,816.0,1.7,19.4
2025-04-28 11:06:40,684.4,682.7,680.2,678.4,701.2,700.9,679.7,687.9,694.1,687.4,896.0,817.5,1.7,19.4
2025-04-28 11:06:45,685.6,683.1,681.2,679.8,703.1,701.4,681.5,689.0,695.6,688.6,897.7,817.8,1.4,19.4
2025-04-28 11:06:50,686.0,684.3,682.3,680.1,704.0,702.9,682.6,690.6,695.8,689.4,898.2,819.0,1.3,19.5
2025-04-28 11:06:55,686.0,685.0,683.4,680.5,704.2,703.4,683.0,691.2,697.2,690.2,899.5,820.2,1.4,19.5
2025-04-28 11:07:00,685.9,685.3,683.1,679.9,704.1,703.4,682.6,690.7,697.1,691.1,899.2,819.8,1.3,19.6
2025-04-28 11:07:05,686.1,685.6,683.0,680.0,704.5,703.5,682.7,690.8,696.8,690.2,898.5,819.7,1.2,19.6
2025-04-28 11:07:10,687.7,685.6,683.2,680.5,704.9,703.9,683.1,690.9,697.0,690.4,898.9,820.8,1.2,19.7
2025-04-28 11:07:15,687.9,685.9,685.1,682.5,705.9,704.5,683.9,691.6,698.1,691.0,899.9,822.6,1.9,19.8
2025-04-28 11:07:20,688.4,686.5,684.9,683.0,706.7,705.6,684.9,692.1,698.7,692.1,900.6,822.5,2.2,19.8
2025-04-28 11:07:25,688.9,687.4,686.2,683.7,707.3,706.3,685.3,692.7,699.9,693.1,901.8,824.6,2.2,19.8
2025-04-28 11:07:30,689.8,687.5,686.8,683.6,708.0,706.8,686.0,693.1,700.4,693.7,902.6,823.9,2.3,19.9
2025-04-28 11:07:35,689.4,687.0,686.5,683.8,707.8,706.9,686.2,693.7,700.6,694.0,903.2,824.0,2.7,19.9
2025-04-28 11:07:40,689.1,686.4,686.3,683.7,708.1,706.7,686.7,693.7,700.7,693.7,902.8,822.8,2.9,19.9
2025-04-28 11:07:45,689.3,686.6,686.5,683.7,707.9,706.7,686.7,693.3,700.2,693.4,901.6,822.9,2.6,20.0
2025-04-28 11:07:50,689.3,686.9,686.7,684.1,708.0,706.8,686.5,693.4,700.4,693.6,901.6,823.4,2.6,20.0
2025-04-28 11:07:55,689.0,686.9,686.3,683.8,707.4,706.6,686.4,694.2,700.8,694.1,901.8,823.0,2.2,20.0
2025-04-28 11:08:00,685.8,685.2,683.1,681.5,704.8,704.5,683.5,693.6,700.3,694.3,900.5,820.3,2.0,20.0
2025-04-28 11:08:05,681.6,680.9,679.7,678.5,701.6,701.3,680.0,688.2,696.6,689.2,893.0,814.9,1.6,20.0
2025-04-28 11:08:10,680.2,679.8,677.4,674.8,698.3,698.0,677.5,685.2,691.3,685.1,887.6,812.3,1.4,20.1
2025-04-28 11:08:15,678.8,678.1,675.6,672.6,696.3,695.9,675.5,682.2,689.4,681.9,886.1,811.9,1.2,20.1
2025-04-28 11:08:20,678.9,677.7,675.2,672.4,695.0,695.0,674.3,681.0,688.1,681.3,882.2,809.5,1.1,20.2
2025-04-28 11:08:25,678.7,677.5,675.3,672.7,695.3,694.3,674.5,681.0,688.2,683.2,884.3,810.3,1.0,20.2
2025-04-28 11:08:30,680.5,677.6,677.2,674.4,697.1,694.3,675.7,681.1,688.7,684.1,886.4,811.7,0.9,20.2
2025-04-28 11:08:35,681.2,678.3,677.5,675.2,697.9,697.5,677.5,684.4,691.3,684.9,887.5,813.5,1.0,20.3
2025-04-28 11:08:40,681.6,678.6,677.9,675.2,698.5,697.7,677.9,684.8,691.9,685.0,886.5,813.9,1.3,20.3
2025-04-28 11:08:45,681.6,678.4,678.2,676.1,698.8,698.4,678.4,685.5,691.8,684.8,886.5,814.7,1.6,20.4
2025-04-28 11:08:50,682.4,679.4,678.7,676.6,699.5,698.8,678.8,685.6,691.9,685.3,887.1,815.2,1.6,20.4
2025-04-28 11:08:55,683.7,680.2,680.3,677.5,701.0,700.6,680.2,686.4,692.7,687.3,889.9,817.5,1.5,20.4
2025-04-28 11:09:00,684.5,681.4,681.3,678.5,701.8,701.9,681.8,688.2,695.0,689.1,891.5,817.4,1.2,20.4
2025-04-28 11:09:05,684.1,681.0,679.8,678.2,701.4,701.6,681.0,688.3,694.9,689.3,890.9,816.6,0.9,20.5
2025-04-28 11:09:10,683.9,681.2,679.4,677.2,700.6,700.7,679.6,687.8,693.9,687.9,889.0,816.1,0.9,20.5
2025-04-28 11:09:15,685.0,681.5,679.6,677.0,700.6,700.5,679.6,686.8,693.3,687.2,888.1,816.4,1.0,20.6
2025-04-28 11:09:20,684.9,681.4,679.9,677.7,700.5,700.9,679.8,686.8,693.7,687.4,888.5,816.6,1.0,20.6
2025-04-28 11:09:25,683.6,680.6,679.8,677.2,700.4,700.2,679.3,687.1,693.9,688.0,889.1,815.5,0.8,20.6
2025-04-28 11:09:30,683.3,680.2,680.5,677.0,700.8,699.8,679.8,687.7,694.1,688.2,889.0,815.0,0.8,20.7
2025-04-28 11:09:35,684.8,680.7,682.1,677.4,701.3,700.4,680.1,688.0,694.5,689.7,892.0,817.2,0.9,20.7
2025-04-28 11:09:40,685.9,683.9,683.6,680.6,704.5,702.3,682.7,690.0,696.8,691.2,893.3,818.6,0.8,20.8
2025-04-28 11:09:45,686.1,684.4,683.9,680.8,704.6,703.7,682.9,691.4,697.7,692.0,894.5,819.0,0.9,20.8
2025-04-28 11:09:50,686.0,684.6,684.0,680.9,705.1,704.3,684.9,692.0,698.9,692.7,894.9,819.5,1.1,20.9
2025-04-28 11:09:55,686.3,684.5,683.2,681.2,705.3,704.0,684.2,692.1,698.0,692.7,894.6,819.6,1.3,20.9
2025-04-28 11:10:00,686.4,684.5,683.5,681.8,705.0,704.2,684.2,691.9,698.0,692.8,894.8,819.8,1.5,20.9
2025-04-28 11:10:05,687.0,685.3,684.2,682.8,706.3,705.0,684.9,692.2,698.7,693.8,895.7,821.2,1.6,21.0
2025-04-28 11:10:10,688.4,688.0,685.5,683.9,707.0,706.4,685.6,692.9,699.0,693.9,896.1,822.4,1.9,21.0
2025-04-28 11:10:15,689.1,689.1,686.3,685.0,707.8,706.9,686.2,693.3,700.2,695.0,897.0,823.9,1.6,21.1
2025-04-28 11:10:20,689.2,689.0,686.7,684.9,708.4,707.4,686.8,694.5,701.0,695.0,897.1,823.6,1.9,21.1
2025-04-28 11:10:25,689.8,688.5,686.6,684.8,708.4,707.4,687.1,694.4,701.2,695.2,896.8,823.8,1.7,21.2
2025-04-28 11:10:30,690.1,688.2,687.1,684.5,709.1,707.5,687.8,694.5,701.7,695.9,898.1,824.0,1.8,21.2
2025-04-28 11:10:35,690.6,688.3,687.6,685.2,709.4,707.5,688.6,695.3,702.0,696.3,898.0,824.7,2.1,21.2
2025-04-28 11:10:40,691.7,688.6,688.1,685.5,709.9,708.6,689.3,695.6,702.1,696.5,898.1,826.0,2.0,21.3
2025-04-28 11:10:45,692.1,688.9,688.8,685.6,710.0,709.0,689.6,695.7,702.4,697.5,899.5,826.3,2.1,21.3
2025-04-28 11:10:50,692.5,689.1,689.1,685.5,710.2,708.8,689.7,695.7,702.3,697.6,899.8,826.4,2.0,21.3
2025-04-28 11:10:55,691.9,688.8,688.8,685.9,709.4,708.5,689.2,695.7,702.1,697.2,898.2,825.3,2.0,21.3
2025-04-28 11:11:00,691.9,687.7,688.3,685.6,709.2,707.8,688.1,695.2,701.4,697.0,898.7,825.0,2.3,21.3
2025-04-28 11:11:05,693.1,688.9,688.5,686.0,709.3,708.1,688.3,695.3,701.4,696.9,897.8,825.8,1.9,21.3
2025-04-28 11:11:10,693.4,689.2,689.4,686.9,709.7,708.9,689.0,696.0,701.6,697.5,899.0,827.0,1.9,21.3
2025-04-28 11:11:15,693.5,689.8,689.6,687.5,709.9,709.1,689.3,696.0,702.1,697.9,899.6,827.8,1.8,21.3
2025-04-28 11:11:20,693.6,690.2,689.6,688.1,709.7,708.9,689.5,696.2,702.3,698.1,899.4,828.7,1.8,21.3
2025-04-28 11:11:25,695.3,690.6,689.6,688.6,710.6,709.9,690.5,697.9,703.0,698.9,899.7,828.8,3.0,21.3
2025-04-28 11:11:30,695.3,691.8,689.9,688.8,710.6,710.6,690.7,698.2,703.9,698.7,900.4,829.5,2.7,21.3
2025-04-28 11:11:35,695.2,691.9,690.2,688.7,711.2,711.2,691.0,698.3,704.3,699.5,900.2,829.8,3.1,21.3
2025-04-28 11:11:40,695.2,691.2,690.4,689.4,711.7,711.7,691.1,699.0,705.0,700.2,901.4,830.1,3.0,21.3
2025-04-28 11:11:45,694.8,691.2,690.4,689.3,712.4,711.9,691.3,700.1,705.2,700.9,901.5,830.3,2.6,21.3
2025-04-28 11:11:50,694.5,691.1,691.1,688.8,712.7,712.2,691.7,700.4,706.2,700.4,901.5,830.2,3.0,21.3
2025-04-28 11:11:55,694.5,691.3,692.0,689.6,713.0,712.9,692.0,700.3,705.8,701.1,901.8,830.3,3.4,21.3
2025-04-28 11:12:00,694.8,691.9,692.1,690.0,713.5,713.3,692.4,700.3,705.4,701.2,902.0,831.1,3.5,21.2
2025-04-28 11:12:05,695.4,693.0,693.9,691.6,714.3,713.6,693.9,700.9,706.7,701.5,901.8,831.2,3.7,21.2
2025-04-28 11:12:10,696.1,693.8,694.1,692.0,714.6,714.7,694.2,701.1,707.0,701.9,902.5,831.5,4.5,21.1
2025-04-28 11:12:15,696.2,694.1,694.6,691.9,715.1,714.3,694.7,701.1,706.8,702.0,902.5,831.0,3.8,21.1
2025-04-28 11:12:20,697.2,694.7,694.4,693.1,715.4,714.8,695.0,701.9,707.7,703.0,903.6,832.0,3.4,21.0
2025-04-28 11:12:25,697.7,695.6,694.8,692.6,715.6,715.7,695.1,702.0,707.6,702.9,903.7,832.8,3.3,21.0
2025-04-28 11:12:30,697.9,696.7,695.6,692.9,715.2,715.4,695.2,702.0,707.8,703.4,904.3,833.3,2.6,20.9
2025-04-28 11:12:35,698.5,696.7,695.6,693.0,715.4,715.3,695.0,701.4,708.8,703.7,904.0,833.6,2.2,20.9
2025-04-28 11:12:40,698.9,696.8,695.3,693.1,715.5,715.5,694.9,701.7,709.8,703.5,903.8,832.9,1.8,20.9
2025-04-28 11:12:45,699.0,697.1,695.3,693.6,715.6,715.9,695.1,703.7,710.4,703.5,903.2,832.9,1.9,20.9
2025-04-28 11:12:50,698.7,696.5,695.2,693.3,715.2,716.2,694.7,702.6,710.5,703.1,902.8,832.7,1.9,20.8
2025-04-28 11:12:55,698.2,695.7,694.7,693.2,714.7,716.2,694.5,702.1,709.9,703.4,902.3,832.8,1.9,20.8
2025-04-28 11:13:00,698.0,695.2,694.9,693.4,715.3,715.6,694.9,702.8,709.5,703.5,902.5,834.4,2.7,20.8
2025-04-28 11:13:05,698.5,695.5,695.7,693.7,715.8,716.3,695.0,702.8,710.0,703.7,902.7,834.1,3.6,20.8
2025-04-28 11:13:10,699.5,696.8,696.9,694.2,716.0,715.9,695.4,702.8,709.8,704.0,902.8,834.8,4.2,20.6
2025-04-28 11:13:15,700.3,696.7,697.8,694.0,716.1,716.5,695.9,702.8,709.6,704.1,902.5,834.7,3.2,20.5
2025-04-28 11:13:20,701.4,697.3,697.5,694.3,716.0,716.5,695.7,702.7,710.0,704.1,902.0,834.6,2.3,20.4
2025-04-28 11:13:25,701.0,697.3,697.0,694.3,716.0,716.6,695.4,702.7,710.5,704.2,902.1,834.5,1.8,20.4
2025-04-28 11:13:30,700.5,696.7,697.3,694.8,715.8,716.5,695.5,703.3,710.4,704.3,902.1,833.7,1.4,20.4
2025-04-28 11:13:35,699.4,696.2,697.2,694.5,715.7,716.4,694.9,703.9,710.3,704.3,901.9,833.7,1.4,20.4
2025-04-28 11:13:40,699.3,695.8,697.3,694.1,716.0,716.5,695.4,704.3,710.3,704.4,901.5,834.1,1.0,20.4
2025-04-28 11:13:45,699.4,695.5,697.1,693.9,715.9,716.4,695.4,703.9,710.2,704.5,901.3,834.7,1.0,20.5
2025-04-28 11:13:50,699.4,696.0,697.4,694.5,716.3,716.9,695.9,703.6,710.3,704.9,901.8,835.5,1.1,20.5
2025-04-28 11:13:55,699.3,696.9,696.9,694.5,716.3,717.4,696.1,703.7,710.2,705.1,901.7,836.0,0.9,20.5
2025-04-28 11:14:00,699.5,696.4,696.4,695.0,716.3,717.5,695.7,703.5,710.5,704.9,901.3,835.5,1.0,20.6
2025-04-28 11:14:05,700.3,697.0,696.8,695.4,716.1,717.3,695.7,703.4,711.1,704.9,900.3,835.4,1.1,20.6
2025-04-28 11:14:10,700.9,697.3,697.2,695.5,716.4,717.6,695.8,704.4,711.4,705.2,901.0,835.7,1.4,20.6
2025-04-28 11:14:15,701.3,697.2,697.4,695.6,716.7,718.3,696.3,705.4,711.8,706.0,901.5,836.1,1.5,20.7
2025-04-28 11:14:20,701.2,698.4,697.6,695.9,716.9,718.3,697.1,705.3,712.1,706.4,901.8,835.6,1.2,20.7
2025-04-28 11:14:25,701.4,698.3,697.8,696.2,717.5,718.4,697.9,705.3,712.1,706.4,901.6,835.7,1.6,20.7
2025-04-28 11:14:30,701.4,698.3,698.0,695.8,718.1,718.6,698.3,704.8,712.6,707.0,902.1,836.3,1.3,20.8
2025-04-28 11:14:35,701.5,698.0,697.9,695.5,718.0,718.6,697.8,705.4,712.2,706.5,901.6,835.9,1.1,20.8
2025-04-28 11:14:40,702.2,698.8,698.2,696.8,718.3,718.7,698.8,705.3,712.0,706.4,901.3,836.4,1.0,20.9
2025-04-28 11:14:45,702.8,699.6,698.8,696.6,718.7,718.7,698.5,705.5,711.9,706.2,900.9,835.9,1.0,20.9
2025-04-28 11:14:50,703.6,699.6,700.1,696.6,719.2,718.6,698.5,705.1,711.8,706.3,900.7,835.7,1.2,20.9
2025-04-28 11:14:55,703.6,699.8,699.9,696.4,718.8,718.6,698.1,705.5,712.4,706.7,900.9,835.7,1.2,20.9
2025-04-28 11:15:00,703.7,699.5,700.5,696.6,719.0,719.0,698.1,705.4,712.7,706.6,900.1,836.3,1.2,20.9
2025-04-28 11:15:05,703.3,699.5,700.5,697.3,718.7,719.0,697.8,705.6,712.8,707.0,900.2,836.0,1.1,20.9
2025-04-28 11:15:10,703.1,699.7,701.0,697.9,718.5,719.6,698.5,705.6,713.2,707.4,901.3,836.1,1.1,21.0
2025-04-28 11:15:15,702.3,700.2,701.4,698.4,718.7,719.6,698.6,705.9,713.9,708.0,901.5,836.7,1.0,21.0
2025-04-28 11:15:20,702.6,700.0,701.3,697.9,718.9,719.8,698.5,706.5,714.1,709.3,902.1,838.3,1.1,21.0
2025-04-28 11:15:25,702.8,700.7,701.7,698.4,720.0,720.1,699.6,707.2,714.3,708.9,902.0,838.2,1.0,21.0
2025-04-28 11:15:30,704.4,701.2,701.7,698.5,720.0,720.4,699.7,708.0,714.2,709.6,902.4,838.7,0.9,21.1
2025-04-28 11:15:35,703.7,701.3,701.9,698.4,719.6,720.8,699.4,707.9,714.4,709.8,902.6,839.2,0.8,21.1
2025-04-28 11:15:40,703.5,701.2,701.8,698.5,719.6,720.9,699.5,708.0,714.4,709.6,902.6,839.6,0.7,21.1
2025-04-28 11:15:45,704.1,701.3,702.1,698.9,719.4,720.9,699.3,707.9,714.4,709.8,901.7,839.9,0.6,21.2
2025-04-28 11:15:50,703.8,701.3,701.7,698.9,719.9,720.9,699.5,708.4,714.6,710.1,902.0,839.6,0.6,21.2
2025-04-28 11:15:55,703.6,701.5,701.4,699.1,720.1,721.8,699.9,709.0,714.7,710.6,902.4,839.8,0.6,21.3
2025-04-28 11:16:00,703.6,701.8,701.3,699.2,720.1,721.9,700.3,708.8,715.1,710.5,902.1,839.3,0.5,21.4
2025-04-28 11:16:05,704.0,702.5,701.5,699.1,720.2,722.2,700.6,709.0,715.4,710.7,902.0,840.4,0.7,21.4
2025-04-28 11:16:10,703.7,702.3,701.9,699.3,720.6,722.4,701.2,709.1,715.6,711.1,902.1,841.3,0.8,21.4
2025-04-28 11:16:15,704.3,702.7,702.7,700.0,721.1,722.2,701.8,709.1,715.9,711.5,902.6,841.2,0.7,21.4
2025-04-28 11:16:20,706.2,699.0,703.7,700.8,722.6,722.6,703.2,709.3,715.8,711.8,903.3,841.2,0.6,21.5
2025-04-28 11:16:25,706.1,703.4,704.5,701.2,723.2,722.9,703.2,709.9,716.8,711.8,903.8,841.6,0.6,21.5
2025-04-28 11:16:30,706.4,703.6,704.1,701.6,722.8,722.9,703.1,710.7,716.9,713.4,904.5,842.0,0.5,21.6
2025-04-28 11:16:35,706.5,704.0,704.0,701.2,723.7,723.0,703.0,710.3,717.0,713.2,904.5,842.5,0.4,21.6
2025-04-28 11:16:40,706.6,704.2,704.5,701.1,723.5,723.2,703.1,711.3,717.5,713.6,904.9,842.5,0.4,21.6
2025-04-28 11:16:45,707.1,704.9,705.2,701.6,723.8,724.0,703.1,711.0,717.9,714.0,905.5,843.0,0.3,21.7
2025-04-28 11:16:50,707.5,704.7,705.5,701.7,724.2,723.6,704.1,713.0,718.4,715.1,906.5,843.4,0.6,21.7
2025-04-28 11:16:55,707.9,704.7,706.0,702.3,724.5,724.7,705.2,712.5,718.2,715.2,906.7,845.4,0.8,21.7
2025-04-28 11:17:00,708.1,705.7,706.4,702.7,724.6,725.2,705.1,712.8,718.9,715.5,906.6,844.8,2.1,21.8
2025-04-28 11:17:05,708.3,705.8,706.3,703.5,724.8,726.0,705.6,712.9,719.1,715.4,906.8,845.2,2.2,21.8
2025-04-28 11:17:10,709.3,705.4,706.1,704.0,724.9,726.3,706.0,712.8,719.3,715.3,906.2,845.7,2.4,21.8
2025-04-28 11:17:15,709.7,705.6,705.9,704.3,724.8,726.0,706.3,712.8,719.2,715.7,906.1,846.0,2.2,21.8
2025-04-28 11:17:20,710.2,705.7,705.8,704.2,725.0,725.7,706.0,712.8,719.5,715.4,905.4,846.2,2.1,21.8
2025-04-28 11:17:25,710.1,705.5,706.5,704.3,725.0,725.4,705.6,713.1,720.1,715.5,906.6,846.2,2.2,21.8
2025-04-28 11:17:30,709.9,705.6,706.6,704.1,725.5,725.9,705.5,713.1,720.4,716.1,906.8,846.8,1.9,21.8
2025-04-28 11:17:35,709.9,706.2,706.8,703.9,725.6,725.7,705.9,713.6,720.5,716.2,906.5,846.9,2.2,21.8
2025-04-28 11:17:40,709.5,706.7,706.8,704.9,725.3,725.9,706.0,713.5,720.6,715.8,906.5,846.9,2.6,21.8
2025-04-28 11:17:45,709.2,706.8,706.7,704.6,725.6,726.4,706.2,713.6,720.7,716.0,906.2,847.3,2.7,21.8
2025-04-28 11:17:50,709.4,707.7,706.7,704.6,725.9,726.7,707.7,713.9,720.6,716.1,906.2,847.6,2.4,21.8
2025-04-28 11:17:55,710.3,708.1,707.5,705.7,725.9,726.6,707.3,714.1,720.9,716.2,905.6,848.0,2.3,21.8
2025-04-28 11:18:00,711.0,708.2,707.7,705.5,726.6,727.0,707.2,714.2,721.0,715.8,905.9,848.7,2.5,21.8
2025-04-28 11:18:05,711.7,708.2,708.0,706.1,726.3,727.1,707.1,714.9,721.7,715.8,904.8,848.9,2.0,21.7
2025-04-28 11:18:10,712.4,708.1,708.0,705.9,726.3,727.4,707.5,715.1,721.9,717.0,906.0,849.2,2.4,21.7
2025-04-28 11:18:15,711.7,707.9,708.6,706.0,726.9,728.1,708.6,716.0,722.3,717.3,906.8,849.6,3.0,21.7
2025-04-28 11:18:20,711.7,707.8,708.8,707.0,727.4,728.6,709.9,716.5,723.0,718.1,907.6,850.1,3.5,21.7
2025-04-28 11:18:25,711.6,708.1,709.1,707.2,728.7,729.6,709.3,717.0,722.9,717.4,907.6,849.9,3.0,21.7
2025-04-28 11:18:30,711.4,708.1,709.5,707.0,728.5,728.6,709.2,717.0,722.3,717.1,905.9,849.4,2.5,21.7
2025-04-28 11:18:35,711.1,707.0,709.8,706.6,727.8,727.9,708.9,716.7,722.2,716.6,904.3,848.5,2.5,21.6
2025-04-28 11:18:40,710.9,706.8,709.2,706.0,726.9,727.8,708.4,715.4,722.4,715.9,904.2,847.2,4.5,21.6
2025-04-28 11:18:45,711.0,706.9,708.3,705.3,726.5,727.1,708.3,715.5,721.4,715.4,903.0,846.9,4.2,21.6
2025-04-28 11:18:50,710.5,707.5,708.3,705.4,726.8,726.6,708.5,714.9,721.7,715.6,903.5,847.1,3.3,21.5
2025-04-28 11:18:55,710.9,707.8,708.4,705.6,727.6,727.9,708.8,716.4,721.7,716.4,904.4,847.5,2.7,21.5
2025-04-28 11:19:00,711.5,708.4,709.0,707.0,728.0,729.1,709.4,716.0,722.2,716.7,904.6,849.3,2.0,21.4
2025-04-28 11:19:05,712.0,708.9,710.0,707.0,728.2,729.0,709.4,716.5,722.6,717.0,904.5,850.5,1.9,21.4
2025-04-28 11:19:10,712.4,709.1,710.8,707.9,728.8,728.8,710.5,717.3,722.9,717.3,904.8,849.1,2.7,21.4
2025-04-28 11:19:15,712.5,708.6,711.5,707.9,729.1,728.9,710.6,717.1,722.8,717.6,904.7,848.6,3.7,21.4
2025-04-28 11:19:20,713.0,708.5,711.6,707.9,729.2,728.8,710.8,716.7,722.8,717.6,904.6,848.6,3.4,21.4
2025-04-28 11:19:25,712.9,708.7,711.9,707.9,729.4,729.1,710.2,716.8,723.6,717.9,904.1,848.5,2.8,21.4
2025-04-28 11:19:30,712.9,708.6,711.3,708.3,729.1,729.8,710.5,717.3,724.0,718.2,904.5,849.7,2.6,21.3
2025-04-28 11:19:35,713.2,708.9,710.8,708.5,728.9,730.3,710.7,717.5,724.0,718.1,904.3,851.1,3.2,21.3
2025-04-28 11:19:40,712.9,709.0,710.6,709.1,729.4,730.1,710.8,717.2,724.3,718.8,904.7,849.9,5.4,21.3
2025-04-28 11:19:45,713.3,708.8,710.8,709.2,729.5,729.6,710.9,717.4,724.3,718.8,904.8,849.5,6.2,21.3
2025-04-28 11:19:50,714.4,709.3,711.9,709.8,730.4,729.7,711.2,717.6,725.5,719.6,905.4,849.5,4.9,21.2
2025-04-28 11:19:55,714.1,709.8,711.1,709.3,730.3,730.1,711.1,717.6,725.2,720.1,905.4,849.5,4.5,21.1
2025-04-28 11:20:00,715.6,711.7,711.2,709.7,730.2,729.9,710.7,717.6,724.8,719.6,904.9,849.6,5.2,21.1
2025-04-28 11:20:05,716.8,714.6,712.0,711.4,731.2,731.5,712.2,719.7,725.2,720.1,906.2,852.0,5.6,21.0
2025-04-28 11:20:10,718.8,714.7,715.6,713.2,734.8,734.2,714.5,721.1,726.8,722.0,907.8,853.5,5.0,21.0
2025-04-28 11:20:15,719.0,714.7,716.3,714.0,736.0,734.9,716.0,723.0,728.6,723.9,911.4,855.4,5.3,20.8
2025-04-28 11:20:20,720.2,716.9,717.5,715.4,736.7,735.5,717.6,724.1,730.0,725.4,911.7,855.9,3.8,20.8
2025-04-28 11:20:25,720.5,716.8,717.6,715.8,737.7,735.6,718.0,724.8,730.7,725.6,911.9,856.2,3.6,20.8
2025-04-28 11:20:30,721.3,717.2,718.3,716.3,737.6,736.2,718.4,725.3,730.6,726.0,912.0,856.6,3.5,20.8
2025-04-28 11:20:35,721.6,717.0,718.2,716.2,737.6,736.6,719.0,725.7,731.1,726.8,912.5,857.3,3.3,20.7
2025-04-28 11:20:40,721.9,716.9,718.7,716.7,737.7,736.6,719.7,725.7,731.3,727.2,912.9,857.5,3.2,20.7
2025-04-28 11:20:45,722.5,716.9,718.9,717.3,738.2,737.7,720.1,727.4,732.0,727.9,913.0,857.6,3.3,20.6
2025-04-28 11:20:50,722.5,717.4,718.6,716.9,738.5,738.4,720.3,726.8,732.4,728.4,913.2,858.4,2.9,20.6
2025-04-28 11:20:55,722.2,717.3,718.5,717.2,739.0,738.0,720.2,726.8,731.7,728.4,913.1,858.3,2.9,20.6
2025-04-28 11:21:00,721.9,717.6,719.5,717.7,739.0,738.1,720.1,726.8,731.9,728.7,913.0,858.6,3.8,20.6
2025-04-28 11:21:05,721.7,717.3,721.0,718.2,738.8,738.2,720.3,726.7,732.7,728.8,913.1,858.8,3.9,20.5
2025-04-28 11:21:10,722.3,718.1,720.6,718.1,739.3,738.2,720.4,726.9,732.8,729.2,913.5,858.9,4.1,20.5
2025-04-28 11:21:15,722.8,718.7,720.3,718.5,740.0,739.0,721.3,728.1,733.0,729.6,913.9,859.4,3.6,20.5
2025-04-28 11:21:20,723.4,719.1,720.6,719.3,740.5,739.7,721.8,728.5,733.2,729.5,913.8,859.8,3.4,20.4
2025-04-28 11:21:25,723.3,718.9,720.7,719.3,741.0,739.6,721.9,728.5,733.9,730.2,913.7,861.0,3.9,20.4
2025-04-28 11:21:30,723.6,719.7,721.2,719.4,741.0,739.7,721.5,728.6,734.8,730.6,914.2,860.7,3.6,20.4
2025-04-28 11:21:35,724.4,719.8,721.2,719.5,741.3,740.0,721.6,728.9,734.9,730.9,914.0,860.2,3.8,20.3
2025-04-28 11:21:40,724.9,720.0,721.9,720.1,741.7,740.2,723.4,729.1,735.0,731.3,914.4,860.2,3.3,20.3
2025-04-28 11:21:45,724.9,720.5,721.9,720.1,742.1,740.5,723.3,729.1,734.9,731.8,914.8,862.0,2.7,20.2
2025-04-28 11:21:50,725.3,720.8,722.3,719.8,742.3,740.4,723.4,729.0,735.2,731.9,915.1,861.7,2.4,20.2
2025-04-28 11:21:55,725.7,720.5,723.0,719.8,742.3,740.4,723.0,729.6,734.9,732.2,915.0,861.5,2.5,20.2
2025-04-28 11:22:00,725.4,720.3,722.8,720.2,742.2,740.4,723.7,729.7,732.6,732.6,914.9,861.0,2.4,20.2
2025-04-28 11:22:05,725.3,720.8,720.8,720.4,740.9,740.2,723.5,729.8,735.2,732.7,915.1,860.9,2.1,20.2
2025-04-28 11:22:10,724.7,721.2,722.6,720.3,741.3,740.3,723.2,729.8,735.5,732.7,914.8,861.1,1.7,20.2
2025-04-28 11:22:15,725.4,721.2,722.9,720.1,741.3,740.5,722.9,729.7,735.7,732.5,914.8,860.9,1.2,20.2
2025-04-28 11:22:20,725.4,721.0,722.5,720.4,741.3,740.6,722.9,729.6,735.6,732.8,914.8,861.1,1.0,20.2
2025-04-28 11:22:25,725.6,720.7,722.4,720.0,740.9,740.7,723.1,729.6,735.3,732.4,914.3,861.4,0.8,20.2
2025-04-28 11:22:30,725.7,721.1,722.4,719.3,741.1,740.1,722.9,729.1,734.9,732.1,913.9,861.1,1.3,20.2
2025-04-28 11:22:35,725.8,721.0,722.4,719.2,740.9,739.5,722.7,728.6,734.7,731.9,912.7,860.7,1.6,20.3
2025-04-28 11:22:40,725.6,720.9,721.6,719.1,741.0,739.4,722.4,728.6,734.4,732.0,913.0,860.8,1.5,20.3
2025-04-28 11:22:45,726.1,720.8,721.4,718.9,741.1,739.5,723.0,728.7,734.9,732.1,913.1,860.4,1.4,20.3
2025-04-28 11:22:50,726.8,720.3,722.0,719.3,741.0,740.0,723.1,729.3,735.6,732.5,913.3,861.0,1.2,20.3
2025-04-28 11:22:55,726.4,720.4,722.4,719.9,741.0,739.9,722.9,729.5,736.0,732.4,913.0,861.5,1.0,20.3
2025-04-28 11:23:00,726.2,720.4,722.4,720.4,741.0,740.2,723.3,730.4,736.3,732.7,913.1,862.0,0.9,20.3
2025-04-28 11:23:05,726.5,721.0,723.7,720.8,741.5,740.3,723.4,730.3,736.6,733.0,913.1,862.0,0.8,20.4
2025-04-28 11:23:10,726.1,721.0,723.4,720.8,741.7,740.6,723.7,730.5,736.0,733.2,912.8,862.3,0.7,20.4
2025-04-28 11:23:15,726.0,721.2,723.2,720.7,742.9,740.8,724.0,731.3,736.8,733.6,913.2,862.2,0.6,20.4
2025-04-28 11:23:20,726.3,721.8,723.7,720.7,742.9,742.1,724.4,731.5,737.1,733.9,913.5,863.0,0.5,20.5
2025-04-28 11:23:25,726.6,722.3,723.8,721.3,743.4,742.5,724.4,731.9,737.3,734.2,913.8,863.2,0.7,20.5
2025-04-28 11:23:30,727.1,722.9,724.1,722.2,743.6,742.2,724.9,732.2,738.0,734.8,914.4,863.6,0.8,20.5
2025-04-28 11:23:35,727.3,723.6,724.5,722.1,743.4,742.4,725.2,732.2,737.9,734.9,914.2,863.7,0.7,20.6
2025-04-28 11:23:40,727.5,723.6,725.5,722.6,744.0,743.1,725.7,733.0,738.3,735.8,915.3,863.5,0.6,20.6
2025-04-28 11:23:45,728.0,723.9,725.7,723.7,745.1,743.3,726.8,733.0,738.4,736.2,915.3,865.0,0.8,20.6
2025-04-28 11:23:50,728.4,724.7,725.8,723.6,745.0,743.6,727.5,733.3,739.0,736.1,915.8,865.0,1.1,20.7
2025-04-28 11:23:55,729.5,725.8,726.0,723.9,745.1,744.0,727.5,735.2,739.3,736.5,916.1,865.3,1.1,20.7
2025-04-28 11:24:00,729.8,725.6,726.0,724.4,746.1,744.8,728.1,735.2,739.5,736.1,915.8,865.8,1.2,20.7
2025-04-28 11:24:05,730.2,726.2,726.7,725.4,746.2,746.2,727.9,734.7,740.3,736.9,915.8,866.3,1.4,20.7
2025-04-28 11:24:10,729.9,726.6,726.8,726.0,746.4,745.3,727.8,734.8,739.8,736.7,915.9,867.4,1.7,20.8
2025-04-28 11:24:15,730.1,727.3,727.5,726.6,746.5,745.4,728.2,734.9,739.8,736.7,915.5,867.3,2.4,20.8
2025-04-28 11:24:20,730.3,727.6,727.8,726.6,746.7,745.0,727.7,735.1,739.9,736.7,915.4,867.8,3.0,20.8
2025-04-28 11:24:25,730.3,727.7,727.6,726.7,746.7,745.3,727.5,734.8,740.5,736.9,915.1,867.3,2.7,20.8
2025-04-28 11:24:30,730.2,726.5,728.0,725.9,746.9,745.2,727.9,735.5,740.7,737.3,916.0,867.1,2.8,20.8
2025-04-28 11:24:35,730.8,726.6,728.2,725.8,746.7,745.7,728.2,735.4,740.9,737.3,915.8,867.4,3.6,20.8
2025-04-28 11:24:40,730.7,726.4,728.1,726.1,746.7,745.9,727.8,735.6,740.8,737.0,915.1,867.9,3.1,20.8
2025-04-28 11:24:45,730.9,726.4,728.3,726.5,746.7,746.3,728.7,735.3,741.4,737.1,915.1,867.6,2.6,20.8
2025-04-28 11:24:50,731.3,726.4,728.5,727.3,746.6,746.2,729.3,735.3,741.2,737.0,914.5,867.8,2.4,20.8
2025-04-28 11:24:55,731.0,727.0,728.8,727.0,746.8,746.4,729.2,735.2,741.3,736.6,914.3,867.9,2.8,20.8
2025-04-28 11:25:00,731.2,727.0,728.5,726.9,747.2,746.1,729.5,735.0,742.5,737.6,914.9,868.2,3.3,20.8
2025-04-28 11:25:05,731.3,726.5,728.6,726.7,747.3,746.3,729.6,735.5,742.4,737.8,914.9,868.5,2.9,20.8
2025-04-28 11:25:10,731.8,727.2,729.3,726.8,747.6,747.5,730.0,736.3,742.5,737.7,914.8,869.3,2.9,20.8
2025-04-28 11:25:15,732.1,727.1,729.2,727.2,748.2,747.2,729.9,736.2,742.5,738.0,915.0,871.0,3.3,20.8
2025-04-28 11:25:20,732.8,727.2,729.4,728.1,748.6,748.5,729.8,736.4,742.7,738.1,914.5,870.0,3.8,20.8
2025-04-28 11:25:25,732.4,727.7,729.6,728.1,748.6,748.5,729.8,736.0,742.4,738.7,914.5,870.7,3.7,20.8
2025-04-28 11:25:30,732.5,727.5,730.3,728.1,748.6,747.8,729.9,736.2,742.1,738.5,914.0,870.4,4.2,20.8
2025-04-28 11:25:35,734.2,727.6,730.0,728.0,748.7,747.6,729.6,736.5,742.4,739.1,914.3,869.6,3.5,20.7
2025-04-28 11:25:40,733.9,727.9,730.0,728.4,748.7,747.5,729.7,737.0,742.9,739.1,914.3,868.8,2.8,20.7
2025-04-28 11:25:45,733.8,728.0,730.0,728.4,748.2,747.6,729.6,737.3,742.7,739.3,914.3,868.7,2.4,20.7
2025-04-28 11:25:50,732.6,728.7,729.9,728.0,748.3,748.1,729.9,738.0,743.6,739.7,914.2,869.0,1.9,20.7
2025-04-28 11:25:55,732.7,729.0,729.9,728.1,748.4,748.7,730.4,737.7,744.0,740.0,914.5,868.7,1.8,20.6
2025-04-28 11:26:00,732.7,729.0,730.6,728.1,748.8,749.3,730.9,737.5,744.4,740.2,914.9,868.8,1.9,20.6
2025-04-28 11:26:05,732.5,729.2,730.7,729.8,749.5,749.4,730.9,737.8,745.0,740.9,915.5,869.4,1.9,20.6
2025-04-28 11:26:10,732.8,730.0,731.7,730.3,749.3,749.3,731.8,737.5,745.4,741.5,916.1,870.1,3.0,20.7
2025-04-28 11:26:15,733.5,729.5,732.3,730.3,750.8,749.7,731.8,737.9,745.7,741.7,916.1,870.9,3.4,20.6
2025-04-28 11:26:20,733.9,730.0,732.5,730.5,750.7,750.3,732.2,738.5,745.7,741.8,916.2,870.7,3.2,20.6
2025-04-28 11:26:25,734.2,730.2,732.6,730.5,750.9,751.0,732.1,738.8,746.1,742.4,916.5,870.8,3.0,20.6
2025-04-28 11:26:30,735.2,730.5,732.3,730.8,751.6,750.8,732.8,739.2,746.1,742.2,916.0,872.5,3.1,20.6
2025-04-28 11:26:35,735.4,730.8,733.7,731.0,751.2,751.3,732.7,739.4,746.4,742.9,916.9,870.5,2.6,20.6
2025-04-28 11:26:40,735.4,731.3,733.5,731.6,751.3,751.1,733.3,739.6,746.6,743.2,917.1,870.9,2.4,20.6
2025-04-28 11:26:45,735.5,731.4,733.6,732.0,751.7,752.2,733.8,739.9,746.9,743.1,917.0,871.4,1.9,20.6
2025-04-28 11:26:50,736.2,731.9,733.8,732.3,752.1,751.6,734.1,740.1,747.6,743.7,916.8,871.9,2.2,20.6
2025-04-28 11:26:55,736.1,732.0,734.3,732.1,752.7,751.8,733.9,740.6,747.5,743.9,916.8,872.3,2.2,20.6
2025-04-28 11:27:00,736.6,731.8,734.9,732.2,752.5,751.9,734.1,740.6,747.6,744.2,917.4,872.5,2.2,20.6
2025-04-28 11:27:05,736.6,731.8,735.4,731.9,752.5,752.4,734.5,740.5,747.7,744.1,916.3,873.0,2.1,20.6
2025-04-28 11:27:10,736.8,731.6,735.6,732.3,753.0,752.2,734.0,740.7,748.1,744.0,916.5,872.8,2.1,20.6
2025-04-28 11:27:15,737.0,731.4,735.0,732.6,753.1,752.1,734.0,741.6,748.0,745.4,916.6,872.7,2.1,20.7
2025-04-28 11:27:20,737.5,732.1,734.8,732.5,753.1,752.3,734.2,741.7,748.2,745.4,917.3,873.0,1.8,20.7
2025-04-28 11:27:25,737.7,732.5,734.9,732.2,752.9,752.6,734.7,741.3,748.8,745.7,917.8,873.2,1.9,20.7
2025-04-28 11:27:30,737.7,733.2,735.3,733.1,753.7,753.3,735.3,741.6,749.4,745.8,917.6,874.5,1.9,20.7
2025-04-28 11:27:35,737.7,734.3,735.6,733.1,753.2,753.6,735.6,741.8,749.6,745.9,917.2,874.3,2.0,20.7
2025-04-28 11:27:40,737.3,732.8,736.4,733.0,753.5,753.0,736.1,742.3,749.4,745.5,917.9,874.5,1.6,20.7
2025-04-28 11:27:45,737.3,733.0,736.5,733.0,753.5,753.4,736.6,742.4,749.6,746.0,918.0,874.0,2.2,20.7
2025-04-28 11:27:50,737.6,732.4,736.6,733.1,754.3,754.2,737.3,742.5,750.0,746.7,917.6,874.0,1.9,20.6
2025-04-28 11:27:55,738.6,732.6,737.0,733.5,754.6,754.6,737.3,743.0,750.0,746.8,918.0,875.2,2.0,20.6
2025-04-28 11:28:00,738.7,733.5,737.9,734.2,754.9,754.7,737.5,743.1,750.1,746.5,917.9,875.7,2.2,20.6
2025-04-28 11:28:05,738.9,733.8,738.2,733.9,755.1,754.6,737.3,743.1,751.0,746.9,918.1,876.2,2.1,20.5
2025-04-28 11:28:10,738.6,734.2,737.9,734.6,755.2,754.8,737.4,743.4,751.0,747.3,918.3,876.1,2.0,20.5
2025-04-28 11:28:15,739.6,734.1,738.8,735.0,755.7,755.2,738.1,743.7,751.0,747.7,917.9,876.0,1.9,20.5
2025-04-28 11:28:20,740.3,734.2,739.6,735.0,755.7,755.8,737.7,743.7,751.5,747.9,918.3,876.0,2.2,20.5
2025-04-28 11:28:25,740.2,734.0,739.4,735.6,755.8,755.7,738.0,744.1,751.8,748.7,918.6,877.8,2.3,20.5
2025-04-28 11:28:30,740.4,734.4,739.1,735.5,756.6,756.2,738.0,744.6,752.1,748.9,919.5,877.3,1.8,20.5
2025-04-28 11:28:35,740.8,734.0,740.5,736.0,756.2,756.5,738.4,744.8,752.1,749.1,919.7,877.2,1.5,20.5
2025-04-28 11:28:40,741.3,734.0,740.6,736.2,756.7,757.0,739.1,745.1,752.7,749.5,919.8,877.6,1.5,20.5
2025-04-28 11:28:45,741.1,735.3,740.8,736.9,757.1,757.1,739.4,745.6,752.9,749.6,919.6,877.4,1.5,20.5
2025-04-28 11:28:50,741.1,736.8,741.0,736.9,757.9,756.8,739.7,745.9,753.1,749.9,919.8,877.3,1.8,20.5
2025-04-28 11:28:55,741.4,737.0,741.6,737.3,757.6,757.8,739.9,746.2,753.3,750.1,919.5,877.8,2.0,20.5
2025-04-28 11:29:00,741.7,736.6,742.1,737.9,757.9,758.2,740.0,746.0,753.4,750.1,920.0,878.9,2.0,20.5
2025-04-28 11:29:05,742.1,736.9,742.4,738.0,758.2,758.0,740.2,746.3,753.6,750.4,919.8,880.0,1.5,20.5
2025-04-28 11:29:10,742.5,737.0,742.4,738.5,758.0,759.5,740.0,746.7,754.2,750.7,919.8,879.9,1.3,20.5
2025-04-28 11:29:15,742.3,737.3,742.3,739.4,758.2,759.7,740.1,747.2,755.4,750.9,920.3,880.2,1.1,20.5
2025-04-28 11:29:20,742.2,737.3,742.2,739.7,758.1,759.1,740.2,749.2,755.2,751.0,920.3,880.2,1.7,20.6
2025-04-28 11:29:25,742.6,738.6,741.9,739.4,758.6,759.5,740.2,748.7,755.6,751.1,920.1,880.4,1.7,20.6
2025-04-28 11:29:30,742.8,738.6,741.8,739.0,758.7,760.2,740.8,749.1,756.1,751.5,920.4,881.3,1.6,20.6
2025-04-28 11:29:35,743.5,738.7,742.2,739.2,759.0,760.1,741.9,748.0,755.6,751.5,920.7,881.8,2.0,20.7
2025-04-28 11:29:40,743.4,738.7,743.3,739.3,759.7,760.3,741.6,748.0,755.7,752.0,920.6,881.9,2.1,20.7
2025-04-28 11:29:45,744.5,738.8,743.5,740.3,759.8,760.6,741.4,748.0,755.5,752.0,920.9,881.4,2.4,20.7
2025-04-28 11:29:50,744.5,739.3,743.6,740.8,759.7,760.4,741.4,748.5,756.5,751.8,920.3,882.1,2.8,20.7
2025-04-28 11:29:55,744.2,740.1,744.1,740.5,759.9,760.1,741.8,749.0,756.1,751.9,919.9,883.8,3.8,20.7
2025-04-28 11:30:00,744.1,740.0,743.4,740.6,760.2,760.1,742.1,749.1,755.9,751.9,920.1,883.3,3.7,20.8
2025-04-28 11:30:05,744.4,739.9,743.5,740.6,760.2,760.6,742.9,749.4,756.2,752.4,920.1,882.3,3.4,20.7
2025-04-28 11:30:10,744.7,740.4,743.7,741.4,760.7,761.1,742.5,750.0,756.3,752.7,919.8,882.4,3.0,20.7
2025-04-28 11:30:15,744.8,740.8,744.1,742.0,761.0,760.9,742.8,750.6,756.8,752.5,919.7,882.7,3.4,20.7
2025-04-28 11:30:20,745.2,741.0,744.7,741.8,762.5,760.7,743.3,750.5,756.5,752.9,919.6,883.1,3.4,20.7
2025-04-28 11:30:25,745.2,741.0,745.0,742.3,762.0,761.0,743.5,750.7,756.6,753.1,919.7,883.0,2.7,20.7
2025-04-28 11:30:30,745.4,741.1,745.2,742.0,761.8,761.3,745.0,751.1,756.3,753.2,919.9,883.1,3.4,20.7
2025-04-28 11:30:35,746.8,741.2,745.6,741.6,761.9,760.8,744.5,750.0,756.2,753.2,919.7,882.8,3.5,20.7
2025-04-28 11:30:40,746.6,740.9,745.9,741.5,762.1,760.5,744.7,749.6,756.6,753.1,919.4,883.0,3.2,20.7
2025-04-28 11:30:45,746.5,740.2,745.4,741.5,761.9,760.5,744.6,749.5,756.6,753.2,919.3,883.2,3.1,20.7
2025-04-28 11:30:50,746.8,739.6,745.0,741.6,761.7,760.7,743.8,749.2,756.4,752.9,918.7,882.8,2.6,20.7
2025-04-28 11:30:55,746.4,740.0,744.8,741.1,761.7,760.2,744.1,749.1,756.3,752.6,918.1,883.0,2.9,20.7
2025-04-28 11:31:00,746.0,740.3,745.2,740.7,761.5,760.1,743.8,749.8,756.4,752.8,918.3,882.6,2.9,20.7
2025-04-28 11:31:05,746.0,740.3,745.2,740.6,761.4,759.8,743.6,749.6,756.1,752.8,918.0,882.7,2.4,20.7
2025-04-28 11:31:10,746.2,740.3,744.9,740.2,760.7,759.5,743.4,749.5,756.3,752.5,917.1,883.1,1.9,20.7
2025-04-28 11:31:15,746.2,741.0,744.7,740.1,760.1,759.4,743.6,749.9,756.4,752.7,917.1,883.3,1.6,20.7
2025-04-28 11:31:20,745.8,740.9,744.3,740.3,760.9,759.9,743.6,750.2,756.3,753.3,916.9,883.6,1.3,20.7
2025-04-28 11:31:25,745.9,740.4,744.4,741.4,761.1,760.7,743.8,750.2,756.5,753.2,917.0,883.8,1.6,20.7
2025-04-28 11:31:30,745.6,740.3,744.5,741.6,761.4,761.1,743.8,750.7,756.4,753.6,917.0,883.5,2.0,20.8
2025-04-28 11:31:35,745.6,741.3,744.6,742.1,761.4,761.4,744.2,750.8,756.7,753.3,916.9,883.2,2.2,20.8
2025-04-28 11:31:40,745.7,740.9,744.3,742.1,761.7,761.6,744.4,750.4,756.8,754.1,917.1,883.0,2.0,20.8
2025-04-28 11:31:45,746.9,740.9,744.6,742.3,761.8,761.7,744.1,750.9,757.0,754.4,916.8,883.4,2.4,20.8
2025-04-28 11:31:50,746.8,741.4,744.8,742.4,763.0,761.5,744.7,752.3,757.2,754.9,917.4,885.0,2.2,20.8
2025-04-28 11:31:55,746.4,741.6,745.4,742.7,762.7,761.5,745.3,751.6,757.5,754.5,917.2,885.2,2.3,20.8
2025-04-28 11:32:00,746.5,741.7,745.9,742.9,762.5,761.1,745.1,752.0,757.7,755.2,917.4,885.0,2.7,20.8
2025-04-28 11:32:05,746.4,741.9,745.8,743.1,762.7,761.5,745.4,751.7,758.1,755.6,917.9,884.7,2.8,20.8
2025-04-28 11:32:10,746.6,741.6,746.3,742.7,762.7,762.6,746.1,751.5,758.0,755.5,918.0,884.6,2.9,20.8
2025-04-28 11:32:15,747.3,741.9,746.9,742.8,763.1,763.7,745.9,751.7,758.2,755.3,917.7,885.0,3.0,20.8
2025-04-28 11:32:20,747.4,742.4,746.5,743.0,763.1,764.1,745.4,751.8,758.0,755.1,917.0,884.9,2.5,20.8
2025-04-28 11:32:25,747.7,742.2,747.9,743.7,763.4,763.9,745.6,751.8,758.4,755.7,917.8,885.9,2.4,20.7
2025-04-28 11:32:30,747.9,742.4,748.1,744.4,763.5,763.4,746.0,751.9,758.8,756.4,918.3,886.7,2.0,20.6
2025-04-28 11:32:35,748.5,743.1,748.5,743.8,764.0,764.0,746.3,752.3,759.1,756.9,918.7,886.0,1.6,20.6
2025-04-28 11:32:40,748.9,742.9,748.8,743.8,764.5,763.7,746.3,753.2,759.1,757.3,918.8,885.7,1.4,20.6
2025-04-28 11:32:45,749.1,745.1,748.8,744.5,764.4,763.8,746.5,753.6,759.9,757.9,919.6,885.7,1.9,20.6
2025-04-28 11:32:50,748.9,745.4,748.9,744.3,764.5,764.0,746.9,754.2,760.4,758.3,920.2,885.7,2.0,20.6
2025-04-28 11:32:55,749.1,747.1,748.6,745.1,765.0,764.6,747.5,754.0,760.8,758.6,919.8,886.2,2.3,20.6
2025-04-28 11:33:00,749.3,746.9,748.6,745.6,765.3,765.1,747.9,754.1,761.3,759.0,920.4,887.1,2.1,20.6
2025-04-28 11:33:05,750.1,747.1,748.6,745.6,765.6,765.7,748.3,754.3,761.5,759.3,920.6,887.1,1.7,20.6
2025-04-28 11:33:10,750.3,747.0,749.1,746.1,765.7,765.7,748.9,755.2,762.0,759.5,920.7,887.6,1.7,20.6
2025-04-28 11:33:15,750.6,746.7,749.6,746.6,766.7,766.0,749.4,756.2,762.1,759.7,920.8,887.8,2.2,20.6
2025-04-28 11:33:20,751.5,746.8,749.8,746.4,767.0,766.1,750.1,756.7,762.2,759.9,921.0,888.8,3.0,20.6
2025-04-28 11:33:25,751.5,747.3,750.2,747.0,767.6,766.0,749.8,756.6,762.0,759.9,920.2,888.6,2.7,20.6
2025-04-28 11:33:30,751.8,747.4,750.1,747.6,767.4,766.3,749.8,756.1,762.2,760.0,920.4,889.1,2.2,20.6
2025-04-28 11:33:35,751.6,746.9,750.6,747.7,767.0,767.2,750.5,756.8,762.2,760.2,920.9,889.1,2.3,20.6
2025-04-28 11:33:40,752.3,747.0,750.8,747.8,767.3,766.8,750.8,756.1,762.6,760.4,920.8,889.8,2.3,20.6
2025-04-28 11:33:45,752.6,747.3,750.8,748.2,767.5,767.1,751.0,756.5,762.9,761.0,922.1,890.2,2.3,20.7
2025-04-28 11:33:50,752.9,747.8,751.0,748.0,768.0,767.3,750.9,757.6,763.3,761.3,921.6,889.7,2.2,20.6
2025-04-28 11:33:55,753.3,748.2,753.0,748.4,768.5,767.4,751.3,757.8,763.5,761.3,921.3,889.9,2.2,20.7
2025-04-28 11:34:00,753.4,748.3,752.4,748.6,768.8,767.7,752.2,758.3,764.5,761.6,921.5,890.5,3.3,20.7
2025-04-28 11:34:05,754.0,748.8,752.9,749.8,769.3,768.4,751.9,758.7,764.5,761.9,921.8,890.9,4.0,20.7
2025-04-28 11:34:10,754.5,749.2,752.9,749.5,769.2,768.6,752.3,758.8,764.6,761.8,921.7,891.4,3.1,20.7
2025-04-28 11:34:15,754.7,749.0,753.5,749.6,769.5,769.2,752.2,758.5,764.8,762.2,921.4,892.7,2.8,20.6
2025-04-28 11:34:20,755.3,749.1,753.7,749.6,769.4,769.7,752.7,758.6,764.8,762.9,922.0,892.5,2.8,20.6
2025-04-28 11:34:25,755.5,749.1,754.0,750.5,769.8,769.7,753.1,759.3,765.6,763.2,922.2,892.9,3.2,20.6
2025-04-28 11:34:30,755.7,749.4,754.4,751.2,770.5,770.0,753.3,759.6,765.1,763.8,922.5,892.9,3.3,20.6
2025-04-28 11:34:35,755.8,749.8,755.4,751.6,770.9,770.0,754.3,759.6,765.6,763.7,922.6,893.1,3.2,20.6
2025-04-28 11:34:40,756.3,750.6,755.1,752.3,771.4,770.4,753.6,760.4,766.0,764.2,922.7,893.6,3.5,20.5
2025-04-28 11:34:45,756.5,750.5,755.0,751.7,771.8,770.6,753.8,761.4,766.1,764.4,922.5,893.9,3.3,20.6
2025-04-28 11:34:50,756.4,753.0,754.8,752.0,772.1,770.8,753.8,761.8,766.7,764.5,922.3,894.4,2.8,20.5
2025-04-28 11:34:55,757.0,753.3,755.7,752.5,771.5,771.2,754.0,761.5,767.2,765.0,922.7,894.7,2.5,20.5
2025-04-28 11:35:00,757.1,753.8,756.4,752.5,772.4,771.7,754.5,761.4,766.8,764.8,922.1,895.2,2.3,20.5
2025-04-28 11:35:05,757.9,754.1,756.8,752.5,772.7,772.0,754.9,762.0,766.7,764.9,922.0,895.5,2.8,20.5
2025-04-28 11:35:10,758.2,754.0,756.9,754.6,772.8,772.5,754.9,762.2,767.0,764.9,921.8,896.4,3.2,20.5
2025-04-28 11:35:15,758.2,753.4,756.8,754.3,773.3,772.2,754.5,761.8,767.5,764.5,921.8,896.7,3.9,20.5
2025-04-28 11:35:20,759.1,753.1,756.8,753.9,773.1,772.2,754.9,761.9,767.8,765.0,921.6,897.0,3.7,20.5
2025-04-28 11:35:25,759.2,752.9,757.2,754.0,773.5,772.2,754.6,762.3,767.7,764.9,921.4,896.3,3.4,20.5
2025-04-28 11:35:30,759.0,752.7,756.4,753.6,773.3,772.0,754.8,762.4,767.5,764.4,921.0,895.7,2.9,20.5
2025-04-28 11:35:35,758.4,753.0,755.8,753.3,772.6,771.8,754.1,762.7,767.1,763.8,919.9,896.0,2.7,20.4
2025-04-28 11:35:40,758.1,753.5,755.8,753.1,771.9,771.3,754.2,762.4,766.9,764.2,919.6,895.9,2.3,20.4
2025-04-28 11:35:45,757.4,753.5,755.6,753.2,771.9,771.6,754.4,761.7,766.9,764.4,920.0,896.3,2.2,20.4
2025-04-28 11:35:50,757.2,752.8,756.7,753.2,772.3,771.5,755.4,761.8,766.9,764.8,920.0,896.8,2.5,20.4
2025-04-28 11:35:55,757.4,752.8,756.7,753.1,772.3,771.8,755.2,761.7,766.9,765.3,919.7,897.1,3.1,20.4
2025-04-28 11:36:00,757.8,753.6,756.3,752.8,772.3,771.8,754.3,761.9,767.6,765.4,920.7,897.2,2.9,20.4
2025-04-28 11:36:05,757.9,753.5,756.4,753.0,772.4,772.3,754.8,762.4,769.3,766.3,921.4,897.5,2.5,20.4
2025-04-28 11:36:10,758.2,753.3,756.5,755.4,772.3,772.4,754.9,763.7,768.7,766.2,921.6,898.4,3.0,20.3
2025-04-28 11:36:15,758.3,754.3,756.9,755.5,772.9,774.0,755.6,764.8,769.0,766.8,921.8,898.3,2.8,20.3
2025-04-28 11:36:20,759.7,754.3,757.2,756.0,774.4,774.4,756.0,764.5,769.4,767.2,921.9,898.2,4.1,20.3
2025-04-28 11:36:25,759.1,754.9,758.1,755.7,774.4,773.8,756.3,764.1,769.6,767.2,921.9,898.3,3.2,20.3
2025-04-28 11:36:30,759.5,755.0,758.1,756.3,775.2,773.8,757.1,764.2,769.4,767.4,922.0,898.8,4.1,20.3
2025-04-28 11:36:35,759.4,754.9,758.4,756.5,775.3,774.1,757.3,763.9,769.4,767.1,921.8,899.3,3.5,20.3
2025-04-28 11:36:40,760.5,754.8,758.3,756.5,775.3,773.7,757.3,763.7,769.0,767.4,921.5,899.2,5.5,20.2
2025-04-28 11:36:45,760.5,756.5,758.3,756.4,775.4,773.6,757.4,764.0,769.4,767.7,921.9,899.3,5.0,20.2
2025-04-28 11:36:50,760.6,756.3,758.9,756.2,774.9,774.1,757.8,764.1,769.9,767.7,921.6,899.7,5.1,20.1
2025-04-28 11:36:55,761.9,756.3,758.2,756.3,774.6,774.1,757.9,764.8,770.0,768.0,921.7,899.5,5.5,20.1
2025-04-28 11:37:00,762.2,756.5,758.2,756.4,775.0,774.0,757.5,765.5,770.2,767.9,921.7,899.7,5.2,20.1
2025-04-28 11:37:05,762.1,756.3,758.2,756.3,776.0,775.0,758.9,766.1,771.0,768.4,921.8,899.9,4.4,20.1
2025-04-28 11:37:10,762.8,756.6,758.8,757.0,776.0,775.3,759.0,766.5,770.9,768.8,922.3,900.4,3.6,20.0
2025-04-28 11:37:15,762.8,756.8,759.2,757.3,776.0,775.3,759.2,766.8,771.1,769.0,922.6,901.4,2.8,20.0
2025-04-28 11:37:20,762.4,757.4,759.6,757.3,776.2,776.0,759.4,767.6,771.3,769.5,923.0,901.9,2.4,20.0
2025-04-28 11:37:25,762.7,757.5,759.7,757.5,776.7,776.6,759.8,767.5,771.8,769.0,922.6,901.8,2.7,20.0
2025-04-28 11:37:30,762.6,757.3,760.5,758.2,777.3,776.8,760.2,767.4,771.7,769.1,922.7,901.7,4.0,20.0
2025-04-28 11:37:35,762.4,757.0,761.0,758.1,777.7,777.2,760.7,767.5,771.6,769.5,922.4,901.8,4.6,20.0
2025-04-28 11:37:40,762.4,756.9,761.7,758.0,777.9,777.1,760.9,767.4,772.0,769.7,922.2,902.2,4.7,20.0
2025-04-28 11:37:45,762.3,756.4,761.9,757.3,778.5,776.5,761.0,767.5,771.9,769.9,922.5,902.0,4.5,20.0
2025-04-28 11:37:50,762.5,757.1,761.8,757.3,778.8,776.6,761.3,767.9,771.8,770.1,922.6,901.3,4.5,19.9
2025-04-28 11:37:55,762.5,757.3,761.9,757.3,779.0,776.5,761.7,768.2,771.8,770.4,922.9,901.4,3.6,19.9
2025-04-28 11:38:00,762.7,757.2,761.9,757.6,778.4,776.5,761.5,768.2,771.9,770.6,923.1,901.3,2.8,19.9
2025-04-28 11:38:05,763.2,758.0,761.9,758.6,778.5,776.8,761.9,768.1,772.0,770.7,923.3,901.3,2.7,19.9
2025-04-28 11:38:10,763.8,758.5,761.8,758.9,778.7,776.6,762.3,767.9,772.5,771.2,923.6,901.0,2.4,19.9
2025-04-28 11:38:15,764.9,758.4,761.9,759.1,779.1,777.0,762.3,768.6,773.2,771.8,923.7,902.1,2.0,19.9
2025-04-28 11:38:20,765.3,758.5,762.5,759.5,779.5,777.5,761.9,769.1,774.6,772.0,924.0,902.0,2.3,19.9
2025-04-28 11:38:25,765.6,759.9,762.5,759.6,779.8,778.8,762.1,769.7,774.3,772.3,923.9,902.6,2.5,19.9
2025-04-28 11:38:30,765.7,759.4,762.5,760.5,780.5,779.2,763.0,770.2,774.4,772.2,924.0,903.2,2.0,19.9
2025-04-28 11:38:35,765.7,759.1,764.1,761.3,780.7,779.4,763.2,770.3,774.5,772.6,924.0,903.6,2.5,19.9
2025-04-28 11:38:40,766.1,759.7,763.8,761.5,780.9,779.7,763.1,770.3,775.3,772.9,923.7,903.6,2.4,19.9
2025-04-28 11:38:45,766.0,760.3,764.1,761.8,780.8,779.4,762.8,771.0,776.2,772.9,923.8,903.7,2.6,19.9
2025-04-28 11:38:50,766.0,760.9,764.0,761.9,781.0,779.6,763.5,770.7,775.6,773.0,923.6,904.0,2.8,19.9
2025-04-28 11:38:55,766.4,760.9,764.2,761.5,781.0,779.3,763.5,770.2,774.8,773.2,923.7,904.1,2.5,19.9
2025-04-28 11:39:00,766.7,760.3,764.3,761.2,780.8,779.2,763.5,770.3,774.3,773.1,922.9,904.1,2.2,19.9
2025-04-28 11:39:05,766.8,759.9,764.0,760.8,780.5,778.9,763.2,770.1,774.2,772.8,922.7,904.2,1.7,19.9
2025-04-28 11:39:10,766.7,759.7,764.2,760.6,780.4,779.0,762.7,769.9,774.1,772.8,921.7,903.4,1.4,19.9
2025-04-28 11:39:15,766.2,759.6,764.1,760.1,780.0,778.9,762.6,770.0,774.0,772.7,921.8,903.8,1.2,19.9
2025-04-28 11:39:20,765.9,760.2,764.0,759.9,779.7,778.6,762.4,769.8,773.6,772.7,921.9,903.1,1.0,20.0
2025-04-28 11:39:25,765.8,760.5,763.6,759.8,779.4,778.3,762.1,769.7,774.6,772.6,921.3,902.9,1.1,20.0
2025-04-28 11:39:30,765.9,760.3,764.0,759.8,779.3,778.4,762.1,770.0,774.3,772.6,920.9,902.4,1.1,20.0
2025-04-28 11:39:35,766.1,760.1,764.6,759.5,779.2,778.2,762.2,770.1,774.5,773.2,921.1,902.9,1.5,20.0
2025-04-28 11:39:40,765.9,759.9,764.6,759.8,779.3,780.3,762.2,770.3,775.0,773.4,921.8,903.2,2.1,20.0
2025-04-28 11:39:45,765.7,760.2,765.0,760.6,779.9,780.0,762.9,771.2,775.9,773.9,921.6,903.4,2.0,20.0
2025-04-28 11:39:50,765.7,760.7,764.9,761.2,780.8,780.4,763.0,771.8,776.0,774.1,922.0,903.9,3.8,20.0
2025-04-28 11:39:55,765.9,761.3,764.8,761.5,781.1,780.8,764.0,771.7,775.7,774.0,921.3,904.1,3.9,20.0
2025-04-28 11:40:00,766.3,761.8,765.0,761.7,781.3,780.1,764.6,771.9,775.1,774.2,921.2,903.9,3.0,19.9
2025-04-28 11:40:05,766.3,761.9,765.2,761.8,781.8,780.2,764.2,771.6,775.2,774.2,921.6,903.9,2.8,20.0
2025-04-28 11:40:10,767.1,762.2,765.2,761.8,781.6,780.0,764.0,771.3,775.1,774.4,921.2,904.0,2.3,20.0
2025-04-28 11:40:15,766.8,762.3,764.9,761.7,781.4,779.5,764.2,770.7,774.9,774.0,920.6,904.0,2.2,20.0
2025-04-28 11:40:20,766.7,761.7,765.4,761.4,780.6,779.5,763.1,770.9,774.5,773.3,920.2,903.9,3.3,20.0
2025-04-28 11:40:25,766.5,762.0,764.9,760.9,780.4,779.4,763.2,771.1,775.3,773.8,920.1,903.7,3.6,20.0
2025-04-28 11:40:30,766.4,763.0,764.8,761.0,780.7,779.6,763.9,771.6,775.6,774.4,920.3,903.5,3.2,20.0
2025-04-28 11:40:35,766.3,763.6,764.7,761.4,781.1,780.2,763.2,772.2,775.7,775.1,920.9,904.6,2.5,20.0
2025-04-28 11:40:40,766.9,763.0,765.2,762.2,781.0,780.8,763.6,772.6,776.3,775.7,921.2,904.8,3.2,20.0
2025-04-28 11:40:45,767.0,763.2,765.7,763.0,782.1,780.9,765.0,772.3,777.9,776.0,921.5,905.4,3.2,20.0
2025-04-28 11:40:50,768.0,763.7,766.4,764.6,782.3,781.9,765.4,773.3,777.7,776.6,921.9,905.7,3.6,20.0
2025-04-28 11:40:55,768.8,763.4,766.7,764.4,783.1,782.2,766.1,773.9,778.6,776.9,922.3,906.3,3.5,20.0
2025-04-28 11:41:00,770.1,763.1,768.0,764.3,783.4,782.5,766.3,774.3,778.8,777.2,922.5,906.8,3.3,20.0
2025-04-28 11:41:05,770.3,763.3,768.1,765.0,784.5,783.2,767.6,774.9,778.7,777.8,923.0,907.5,2.9,20.0
2025-04-28 11:41:10,770.8,763.9,768.7,765.7,785.1,783.1,767.8,775.8,778.8,777.8,923.2,907.7,2.7,20.0
2025-04-28 11:41:15,771.0,765.0,769.0,766.2,785.0,783.7,768.0,775.7,779.0,778.1,921.8,908.4,2.5,20.0
2025-04-28 11:41:20,770.8,765.2,768.9,766.4,785.2,783.3,768.4,775.1,779.1,778.0,922.4,908.6,3.0,20.0
2025-04-28 11:41:25,770.9,765.1,768.8,766.1,785.2,783.5,767.9,774.9,779.2,777.9,921.8,908.0,2.9,20.0
2025-04-28 11:41:30,770.3,765.1,768.7,765.5,784.6,783.8,767.7,774.9,779.2,778.1,922.6,908.4,2.8,20.0
2025-04-28 11:41:35,770.4,764.9,768.8,765.3,784.4,783.5,767.8,774.9,779.5,778.0,922.3,908.4,2.4,20.0
2025-04-28 11:41:40,769.9,765.3,769.2,765.7,784.4,783.3,767.8,775.3,779.0,778.1,922.1,909.0,1.9,20.0
2025-04-28 11:41:45,770.3,764.7,768.8,765.6,784.0,783.4,767.1,775.2,779.3,778.4,922.1,908.8,1.5,20.0
2025-04-28 11:41:50,770.5,764.7,768.9,766.0,784.3,784.4,766.9,775.7,779.4,778.7,922.3,908.8,1.5,20.0
2025-04-28 11:41:55,770.6,765.4,768.9,766.0,784.6,785.4,767.3,775.4,779.5,779.1,922.6,909.2,1.5,20.0
2025-04-28 11:42:00,770.6,765.7,769.1,766.2,784.8,785.0,767.6,776.0,779.8,779.1,922.5,909.6,1.7,20.0
2025-04-28 11:42:05,770.5,765.5,769.3,766.3,785.1,784.6,767.7,776.3,779.9,779.4,922.6,909.7,2.1,20.1
2025-04-28 11:42:10,771.4,765.4,769.8,766.7,785.6,784.4,768.2,775.8,780.3,779.6,922.8,909.7,2.6,20.1
2025-04-28 11:42:15,771.6,765.7,770.1,766.3,785.4,784.8,768.0,776.7,781.0,780.0,923.0,910.1,2.8,20.1
2025-04-28 11:42:20,771.6,766.6,769.9,766.8,785.7,785.3,768.3,777.1,780.8,780.4,923.0,910.1,2.6,20.0
2025-04-28 11:42:25,771.4,766.7,770.2,766.7,786.7,785.9,768.2,777.7,781.0,780.4,923.2,910.5,2.1,20.0
2025-04-28 11:42:30,771.2,767.1,770.9,767.6,786.7,785.4,768.8,777.8,781.3,780.5,923.2,910.4,2.7,20.0
2025-04-28 11:42:35,771.6,767.2,770.7,767.5,787.1,785.9,769.0,778.6,781.4,780.7,923.2,910.5,3.5,20.0
2025-04-28 11:42:40,772.0,768.0,771.0,767.6,787.5,785.7,769.4,778.7,781.6,780.6,922.7,910.7,3.1,20.0
2025-04-28 11:42:45,772.0,769.3,771.3,768.0,787.4,785.9,769.8,778.7,782.0,781.2,923.0,911.0,3.5,20.0
2025-04-28 11:42:50,772.3,769.6,771.8,768.4,787.4,787.0,770.1,780.6,782.8,781.6,923.7,911.5,2.9,20.0
2025-04-28 11:42:55,772.8,769.0,772.1,768.9,787.9,787.6,770.7,780.5,784.5,782.1,923.9,911.4,2.6,20.0
2025-04-28 11:43:00,773.2,768.9,772.5,769.9,788.5,789.3,770.8,780.8,784.9,783.0,924.1,912.0,2.4,19.9
2025-04-28 11:43:05,774.8,769.8,772.5,770.4,789.3,788.8,772.1,780.9,785.1,782.8,924.8,912.8,2.2,19.9
2025-04-28 11:43:10,774.9,769.7,773.5,770.2,790.6,789.5,772.2,781.1,785.5,783.0,924.6,913.0,2.5,19.9
2025-04-28 11:43:15,776.0,770.1,773.9,771.0,790.1,789.6,772.4,781.4,785.6,783.2,924.7,913.6,1.9,19.9
2025-04-28 11:43:20,776.0,770.3,773.8,771.1,789.9,789.4,772.7,781.0,785.7,783.2,923.8,913.8,1.7,20.0
2025-04-28 11:43:25,776.3,770.0,773.9,770.9,790.3,789.3,772.6,780.8,785.5,783.1,924.1,913.6,1.7,20.0
2025-04-28 11:43:30,776.5,769.7,773.9,771.2,791.0,789.3,772.4,780.7,785.0,783.3,923.9,914.2,1.6,20.0
2025-04-28 11:43:35,776.5,769.4,774.6,770.8,790.7,788.6,772.3,780.5,784.5,783.1,923.6,913.7,1.6,20.0
2025-04-28 11:43:40,776.6,768.7,774.7,770.4,790.5,788.3,771.9,779.4,784.1,782.6,922.2,912.5,1.5,20.0
2025-04-28 11:43:45,775.8,768.3,773.9,769.5,789.3,788.1,771.9,779.1,784.0,782.3,922.0,912.0,1.3,20.1
2025-04-28 11:43:50,774.9,767.7,773.7,769.3,788.9,788.0,771.7,779.5,784.3,782.3,921.7,912.2,1.2,20.1
2025-04-28 11:43:55,774.8,768.5,773.3,769.0,788.8,787.6,771.5,780.3,785.2,782.8,922.4,911.5,0.9,20.1
2025-04-28 11:44:00,774.6,769.2,773.6,769.8,789.1,788.7,772.6,780.7,785.4,783.3,923.3,911.6,0.9,20.1
2025-04-28 11:44:05,774.8,769.7,773.6,770.6,788.9,788.7,772.9,780.8,785.4,783.5,923.0,912.8,1.1,20.2
2025-04-28 11:44:10,774.4,769.8,773.9,770.6,788.9,789.0,772.9,780.4,784.8,783.4,922.1,912.6,1.0,20.2
2025-04-28 11:44:15,775.0,769.2,774.0,770.5,788.5,788.9,772.6,780.5,784.9,783.5,922.2,912.1,0.9,20.2
2025-04-28 11:44:20,774.6,768.7,774.0,770.6,787.9,789.0,771.8,780.7,785.7,784.2,923.2,912.7,1.1,20.2
2025-04-28 11:44:25,774.6,769.3,773.9,770.9,789.1,788.6,772.5,781.2,785.9,784.8,923.7,913.9,1.7,20.3
2025-04-28 11:44:30,774.9,769.5,774.0,771.1,788.8,788.6,772.9,782.0,786.7,785.6,924.0,914.3,2.1,20.3
2025-04-28 11:44:35,775.7,770.3,774.9,771.8,790.2,789.9,773.6,782.3,787.2,785.7,924.7,914.5,1.6,20.3
2025-04-28 11:44:40,776.2,771.1,775.5,772.2,790.4,790.1,773.5,782.5,788.4,786.2,925.0,915.4,1.7,20.3
2025-04-28 11:44:45,776.9,771.4,776.6,772.2,790.8,790.1,773.8,783.4,788.4,786.3,924.8,915.4,2.0,20.3
2025-04-28 11:44:50,777.5,771.4,776.7,772.1,791.0,791.8,773.8,784.1,789.1,786.2,924.6,915.2,1.8,20.3
2025-04-28 11:44:55,777.7,771.5,776.1,772.4,791.4,790.8,774.0,783.9,788.7,786.1,924.4,915.0,1.7,20.3
2025-04-28 11:45:00,777.9,769.9,776.2,772.2,791.4,790.3,774.6,783.9,788.7,785.7,923.4,915.3,2.4,20.3
2025-04-28 11:45:05,777.4,770.8,776.2,772.7,791.2,790.7,774.7,784.1,789.2,786.9,923.9,915.2,1.8,20.3
2025-04-28 11:45:10,777.9,771.7,776.6,772.3,791.9,791.3,775.7,784.8,789.9,786.8,924.1,914.9,1.5,20.3
2025-04-28 11:45:15,778.1,772.7,776.6,773.3,793.1,791.7,775.6,785.1,789.8,786.8,924.3,914.8,2.0,20.3
2025-04-28 11:45:20,777.9,773.0,776.4,774.9,793.2,792.8,776.4,785.1,789.3,786.8,924.4,916.8,2.9,20.3
2025-04-28 11:45:25,778.9,772.7,776.8,775.0,793.3,793.5,776.5,785.0,789.9,787.0,924.5,918.3,3.7,20.4
2025-04-28 11:45:30,778.9,773.3,777.6,775.9,793.2,794.2,776.5,784.7,789.5,787.6,924.7,918.5,4.5,20.3
2025-04-28 11:45:35,779.9,774.8,777.1,776.0,792.5,793.8,776.4,784.9,790.2,787.4,924.0,919.7,4.1,20.3
2025-04-28 11:45:40,780.1,775.9,778.1,775.9,793.2,793.7,776.9,785.9,790.5,787.9,924.3,919.4,4.6,20.3
2025-04-28 11:45:45,780.7,776.2,778.7,776.5,793.5,794.1,776.9,786.9,791.8,788.3,924.3,920.2,4.7,20.3
2025-04-28 11:45:50,780.5,776.5,778.6,777.3,794.8,795.2,776.7,787.0,791.9,788.2,924.2,920.1,3.4,20.3
2025-04-28 11:45:55,781.3,776.9,778.7,777.8,795.0,795.1,778.0,787.4,792.4,788.4,924.2,920.5,3.1,20.3
2025-04-28 11:46:00,781.5,777.3,779.2,777.9,795.4,794.8,778.1,788.3,792.6,789.2,924.7,920.4,3.7,20.3
2025-04-28 11:46:05,781.6,777.0,779.9,777.6,795.3,795.5,777.7,788.8,792.6,789.7,925.1,920.5,4.2,20.3
2025-04-28 11:46:10,781.3,776.6,779.9,778.3,795.8,795.7,777.4,788.1,792.6,789.8,925.7,921.2,4.4,20.3
2025-04-28 11:46:15,782.1,776.7,780.0,778.4,795.7,795.3,779.0,788.7,792.6,789.9,925.6,921.0,5.2,20.2
2025-04-28 11:46:20,782.6,775.9,780.1,777.9,795.9,795.6,778.6,788.4,792.4,789.4,925.1,921.2,4.7,20.2
2025-04-28 11:46:25,783.3,775.6,780.9,777.5,796.5,795.6,778.9,787.8,792.8,789.7,924.6,920.8,3.8,20.2
2025-04-28 11:46:30,783.0,775.4,780.8,777.9,796.2,796.4,778.5,787.4,792.2,789.6,924.9,920.8,3.2,20.1
2025-04-28 11:46:35,783.0,776.0,781.2,777.7,796.5,795.8,778.9,787.6,792.4,789.8,924.5,920.8,2.5,20.1
2025-04-28 11:46:40,783.1,776.1,781.9,777.8,796.1,795.2,778.8,787.7,793.2,789.7,923.8,920.2,2.6,20.1
2025-04-28 11:46:45,782.9,776.1,781.6,777.7,795.9,795.4,779.1,788.7,793.2,789.7,924.2,920.4,2.7,20.1
2025-04-28 11:46:50,782.7,775.7,781.2,778.1,795.7,795.2,779.0,788.9,793.4,789.5,923.9,920.7,2.6,20.1
2025-04-28 11:46:55,782.4,775.4,780.2,777.8,795.5,795.9,778.9,788.6,793.7,789.9,924.2,920.1,2.7,20.1
2025-04-28 11:47:00,782.4,776.0,780.1,777.7,795.7,796.4,779.3,788.8,793.4,790.2,924.4,920.6,2.9,20.1
2025-04-28 11:47:05,781.9,775.9,780.2,778.3,796.2,796.2,779.7,788.7,793.5,790.6,924.5,921.3,2.3,20.0
2025-04-28 11:47:10,782.3,775.8,780.2,778.0,796.3,796.1,779.5,788.6,795.0,790.9,925.0,921.0,1.9,20.0
2025-04-28 11:47:15,782.6,776.8,780.7,778.4,796.5,796.6,780.1,788.4,795.7,791.4,925.4,920.9,2.0,20.0
2025-04-28 11:47:20,782.8,777.1,780.6,778.3,796.2,797.3,779.9,789.1,795.5,792.0,925.5,920.9,1.8,20.0
2025-04-28 11:47:25,783.5,777.1,781.9,778.5,796.2,797.6,780.1,789.8,795.5,791.4,925.1,921.6,1.4,20.0
2025-04-28 11:47:30,783.2,778.3,782.2,779.1,796.2,797.8,779.7,789.9,795.7,791.8,924.9,921.8,1.2,20.0
2025-04-28 11:47:35,783.4,778.6,782.1,779.1,796.3,797.9,780.1,790.2,795.5,792.2,925.0,921.5,1.0,20.1
2025-04-28 11:47:40,783.8,778.8,782.0,779.0,796.8,797.7,780.9,790.2,795.2,792.5,925.5,921.3,0.8,20.1
2025-04-28 11:47:45,784.1,779.0,781.9,779.0,797.2,798.2,781.5,789.7,795.0,792.9,925.7,921.0,0.7,20.1
2025-04-28 11:47:50,784.2,779.4,782.3,780.1,797.5,798.4,781.4,789.9,794.8,792.7,925.7,921.5,0.7,20.1
2025-04-28 11:47:55,784.9,779.4,782.7,780.2,797.2,797.3,780.9,789.5,794.9,792.3,924.8,922.0,1.1,20.1
2025-04-28 11:48:00,785.0,778.8,782.3,780.1,797.3,797.9,780.6,789.5,795.1,792.5,925.2,922.5,1.5,20.1
2025-04-28 11:48:05,784.9,778.7,782.5,780.5,797.0,798.0,781.0,789.6,795.3,792.3,924.4,923.6,1.6,20.1
2025-04-28 11:48:10,785.0,779.9,782.5,781.1,796.8,798.4,781.2,790.0,795.4,792.5,924.1,924.0,1.6,20.2
2025-04-28 11:48:15,785.2,781.2,782.6,781.2,797.0,797.9,781.5,789.6,795.4,792.8,924.4,924.4,4.4,20.2
2025-04-28 11:48:20,785.3,781.4,783.0,781.7,797.4,797.8,781.1,790.1,795.2,793.1,924.4,924.3,4.9,20.2
2025-04-28 11:48:25,785.8,781.7,783.1,781.7,797.9,797.8,781.2,791.0,795.8,793.6,925.1,924.3,5.6,20.2
2025-04-28 11:48:30,786.2,781.8,783.5,780.8,798.1,798.5,782.1,791.5,796.3,793.7,925.3,924.4,4.7,20.2
2025-04-28 11:48:35,787.0,782.3,783.8,780.7,798.5,799.0,782.9,791.9,796.4,794.2,925.6,924.6,3.4,20.1
2025-04-28 11:48:40,787.8,782.1,784.0,781.2,798.7,799.2,783.2,792.1,796.9,794.3,925.6,924.6,2.9,20.1
2025-04-28 11:48:45,787.9,781.9,784.2,781.5,799.2,799.3,783.0,791.9,797.2,793.7,925.1,924.8,2.6,20.2
2025-04-28 11:48:50,788.0,781.2,784.4,782.0,799.7,800.3,782.9,792.1,796.9,794.0,924.4,924.8,2.1,20.2
2025-04-28 11:48:55,787.8,781.0,784.5,783.1,799.5,800.6,782.7,792.7,796.9,793.6,924.2,926.0,2.0,20.2
2025-04-28 11:49:00,787.4,780.8,785.0,782.7,799.2,801.8,782.7,792.9,796.9,793.5,923.7,926.4,3.8,20.2
2025-04-28 11:49:05,787.1,781.0,785.0,783.3,801.0,801.9,782.7,792.9,797.4,793.8,923.7,926.1,4.6,20.2
2025-04-28 11:49:10,787.0,781.1,785.7,784.0,801.0,802.1,782.8,793.7,797.8,793.7,923.3,926.9,4.0,20.3
2025-04-28 11:49:15,787.3,781.7,786.2,783.7,800.3,802.0,783.0,794.1,797.2,794.3,923.9,927.0,4.1,20.2
2025-04-28 11:49:20,787.3,782.7,786.1,783.5,800.2,801.4,783.5,793.5,797.5,794.6,923.2,926.3,4.1,20.2
2025-04-28 11:49:25,787.4,782.8,785.8,783.3,800.3,800.6,783.8,793.9,797.8,795.5,923.9,924.8,3.5,20.2
2025-04-28 11:49:30,787.7,782.6,786.4,783.6,800.6,800.7,783.9,793.6,798.9,795.6,924.6,925.3,3.1,20.1
2025-04-28 11:49:35,787.9,782.9,786.4,783.5,800.9,801.9,785.5,795.0,799.1,796.1,924.8,925.9,3.1,20.1
2025-04-28 11:49:40,788.2,783.4,786.8,784.4,801.5,801.8,785.4,795.1,799.2,796.2,925.3,926.8,3.9,20.1
2025-04-28 11:49:45,789.7,783.6,786.6,784.8,802.2,802.6,785.0,795.6,799.4,796.9,925.5,927.1,2.8,20.1
2025-04-28 11:49:50,789.4,784.0,786.7,785.3,802.6,804.3,786.2,796.5,800.5,797.6,926.6,927.8,3.9,20.1
2025-04-28 11:49:55,789.3,785.2,787.7,785.9,803.6,803.9,786.7,796.6,800.8,798.2,927.2,928.2,4.0,20.1
2025-04-28 11:50:00,789.6,785.6,788.4,786.3,803.4,803.9,787.2,796.3,801.3,798.2,927.2,928.4,3.9,20.0
2025-04-28 11:50:05,790.1,785.4,788.3,786.5,803.6,805.5,787.6,796.8,801.3,798.6,927.2,928.7,3.6,20.0
2025-04-28 11:50:10,790.8,785.3,788.1,787.1,803.6,804.5,787.2,796.7,801.5,798.5,926.8,929.5,3.1,20.0
2025-04-28 11:50:15,792.2,784.7,788.7,787.7,803.9,804.4,787.0,796.8,801.8,798.7,927.1,929.3,2.7,20.0
2025-04-28 11:50:20,792.1,785.1,788.8,787.5,804.0,804.7,787.1,797.4,801.7,798.8,927.1,929.3,2.8,20.0
2025-04-28 11:50:25,791.6,785.3,789.0,787.4,804.1,804.9,787.6,797.1,802.1,799.1,927.1,929.7,2.9,20.0
2025-04-28 11:50:30,791.8,785.7,789.3,787.2,804.3,805.4,787.7,798.1,802.1,799.1,927.0,929.8,3.9,20.0
2025-04-28 11:50:35,792.3,785.2,789.5,787.2,804.6,805.1,788.2,798.3,803.0,798.8,926.6,930.1,4.1,20.0
2025-04-28 11:50:40,792.4,784.5,789.6,787.0,804.6,804.7,788.7,797.1,803.0,799.4,926.7,929.6,3.5,20.0
2025-04-28 11:50:45,792.9,784.2,790.1,786.8,804.4,804.1,788.5,796.7,802.7,799.2,926.2,929.4,3.8,20.0
2025-04-28 11:50:50,792.7,784.6,789.8,787.0,803.9,804.7,787.8,797.0,802.4,800.0,927.0,929.1,3.5,20.0
2025-04-28 11:50:55,792.3,785.1,789.5,787.2,805.6,805.3,788.4,797.7,802.4,800.1,927.2,929.8,3.2,20.0
2025-04-28 11:51:00,792.0,785.6,789.4,787.4,805.1,805.7,788.2,798.1,802.4,800.6,927.5,930.3,2.8,20.0
2025-04-28 11:51:05,792.5,786.0,790.0,788.1,805.2,805.7,788.5,798.4,802.9,801.2,927.9,930.4,2.5,20.0
2025-04-28 11:51:10,792.6,786.4,790.6,788.2,805.7,805.8,789.3,799.3,803.3,801.3,928.2,931.2,2.3,19.9
2025-04-28 11:51:15,793.0,786.7,791.3,788.6,806.8,807.3,790.3,801.4,804.3,802.3,929.1,931.9,2.1,19.9
2025-04-28 11:51:20,793.6,786.6,792.2,790.0,806.9,808.1,791.2,800.9,805.1,802.8,929.6,933.2,2.9,19.9
2025-04-28 11:51:25,794.7,787.0,792.6,791.0,808.4,808.5,791.9,801.1,805.2,803.2,930.1,933.0,3.9,20.0
2025-04-28 11:51:30,795.0,787.5,793.0,790.8,808.8,808.2,792.0,801.5,805.0,803.9,930.8,932.9,3.7,20.0
2025-04-28 11:51:35,795.5,787.6,793.7,791.2,809.1,808.2,792.6,801.2,806.4,803.6,930.7,934.0,3.1,20.0
2025-04-28 11:51:40,795.9,788.2,794.2,791.1,809.5,808.0,792.9,801.4,806.1,803.3,929.2,934.1,2.8,19.9
2025-04-28 11:51:45,796.2,788.8,796.0,790.6,809.8,807.9,792.8,801.4,805.6,803.3,929.5,934.9,3.0,19.9
2025-04-28 11:51:50,796.3,788.6,795.4,789.8,810.0,808.3,793.4,800.7,804.6,803.0,927.6,933.9,2.7,19.9
2025-04-28 11:51:55,796.7,789.2,795.2,790.1,808.7,808.0,791.0,800.6,804.7,802.9,926.9,932.7,3.0,19.9
2025-04-28 11:52:00,796.7,788.7,794.8,790.0,808.1,807.5,791.1,800.5,804.4,803.1,927.4,933.0,2.3,19.9
2025-04-28 11:52:05,795.4,788.6,793.6,789.9,807.4,807.4,790.5,799.9,804.1,802.7,926.8,932.1,1.9,19.9
2025-04-28 11:52:10,795.8,788.2,793.1,789.8,807.0,807.4,790.4,799.6,804.1,803.5,927.3,931.7,1.6,19.9
2025-04-28 11:52:15,795.1,787.8,792.8,789.8,806.8,807.3,790.3,799.1,804.3,803.2,927.3,931.8,1.3,19.9
2025-04-28 11:52:20,794.2,787.6,792.9,790.0,807.0,807.7,790.0,799.4,805.0,803.5,927.4,932.2,1.0,19.9
2025-04-28 11:52:25,794.6,788.1,792.6,790.0,807.2,807.7,790.1,799.4,805.3,803.9,927.3,933.4,0.9,19.9
2025-04-28 11:52:30,794.8,788.7,793.0,790.8,806.6,807.6,790.2,799.8,805.4,803.9,927.1,932.9,0.8,20.0
2025-04-28 11:52:35,795.0,789.0,793.4,791.3,806.8,807.9,790.6,799.9,805.2,803.3,926.8,932.8,0.7,20.0
2025-04-28 11:52:40,795.1,788.9,793.7,791.0,807.0,807.6,792.1,799.4,805.0,804.1,927.1,932.9,1.1,20.0
2025-04-28 11:52:45,795.5,789.0,793.6,791.0,807.5,807.6,792.1,800.2,805.6,803.8,927.0,933.1,1.3,20.0
2025-04-28 11:52:50,795.6,788.4,793.6,790.9,808.1,807.5,792.2,800.0,805.2,804.3,927.2,933.2,1.2,20.0
2025-04-28 11:52:55,795.6,788.2,794.1,790.9,808.1,807.7,792.2,800.4,805.6,804.5,927.7,933.9,1.1,20.1
2025-04-28 11:53:00,796.3,787.7,794.3,791.0,808.6,808.1,792.7,801.5,806.3,805.4,928.0,934.2,1.6,20.1
2025-04-28 11:53:05,797.7,788.3,794.5,791.8,809.1,808.5,793.4,802.1,806.3,806.1,929.3,934.5,2.0,20.1
2025-04-28 11:53:10,797.5,789.8,794.8,792.4,809.6,808.8,794.4,802.3,806.3,806.1,929.3,935.8,2.2,20.1
2025-04-28 11:53:15,797.8,790.0,795.0,792.9,809.8,809.2,794.3,802.6,807.2,806.6,929.4,935.6,2.4,20.1
2025-04-28 11:53:20,798.2,790.0,795.5,792.7,810.2,810.2,794.9,804.1,808.3,806.7,929.8,936.3,2.4,20.1
2025-04-28 11:53:25,798.3,791.2,796.1,794.4,811.0,811.7,795.5,804.1,809.7,807.5,930.2,937.8,2.8,20.1
2025-04-28 11:53:30,798.5,791.8,797.3,795.4,811.1,812.5,795.5,805.0,809.7,807.8,930.2,938.9,4.4,20.1
2025-04-28 11:53:35,799.0,791.8,797.7,796.0,811.7,813.1,795.8,804.9,810.0,807.9,930.4,939.0,4.7,20.1
2025-04-28 11:53:40,799.3,792.1,798.3,795.9,811.5,812.9,795.9,805.3,810.4,807.9,929.9,939.5,4.7,20.1
2025-04-28 11:53:45,800.0,793.0,799.1,795.7,811.8,812.9,795.9,806.3,809.7,808.3,930.7,938.5,4.5,20.1
2025-04-28 11:53:50,800.1,793.3,799.3,795.4,812.0,812.4,796.4,805.7,810.3,808.3,930.6,938.9,3.8,20.1
2025-04-28 11:53:55,800.3,794.0,799.7,795.0,813.4,812.5,796.7,806.1,810.6,808.7,930.9,938.1,3.4,20.1
2025-04-28 11:54:00,800.7,794.2,799.8,795.7,813.2,813.6,797.1,806.1,810.4,808.8,930.8,938.4,3.3,20.0
2025-04-28 11:54:05,801.1,793.9,799.7,795.9,813.3,813.8,797.1,805.7,811.7,808.8,930.3,939.3,3.8,20.0
2025-04-28 11:54:10,800.7,794.2,800.2,796.2,813.4,813.7,797.7,805.2,811.8,808.6,930.0,938.0,3.6,20.0
2025-04-28 11:54:15,800.9,794.3,800.0,796.5,812.8,813.3,797.2,805.1,811.2,808.6,929.7,938.2,4.3,20.0
2025-04-28 11:54:20,801.1,794.0,799.2,796.0,812.6,813.0,797.3,804.4,811.0,808.2,929.0,938.1,3.8,19.9
2025-04-28 11:54:25,801.0,794.1,799.0,795.8,812.9,813.1,797.0,804.4,810.2,808.0,928.5,938.1,3.4,19.9
2025-04-28 11:54:30,801.2,793.5,798.9,795.2,812.9,813.0,796.6,804.2,809.9,807.8,927.6,937.4,2.8,19.9
2025-04-28 11:54:35,801.0,793.3,799.2,795.4,812.4,812.3,796.1,805.2,809.1,807.7,927.5,937.0,3.1,19.9
2025-04-28 11:54:40,801.1,793.1,798.7,795.2,812.7,812.4,796.6,804.9,809.6,808.5,928.2,936.8,3.0,19.9
2025-04-28 11:54:45,800.0,793.6,798.6,795.1,812.9,812.2,796.6,805.1,809.3,809.0,927.9,936.4,2.8,19.9
2025-04-28 11:54:50,799.3,794.3,799.0,795.9,812.9,812.2,796.3,805.2,809.5,808.8,927.7,936.6,2.5,19.8
2025-04-28 11:54:55,799.4,794.1,799.2,796.0,812.9,812.2,796.4,804.9,809.0,809.1,927.7,937.2,2.3,19.8
2025-04-28 11:55:00,799.6,794.4,799.2,795.9,812.4,811.8,796.5,805.3,809.3,809.1,927.3,936.9,2.4,19.9
2025-04-28 11:55:05,800.1,793.7,799.1,796.2,813.0,812.1,796.5,805.1,808.8,808.8,927.0,937.5,3.3,19.8
2025-04-28 11:55:10,800.5,793.0,799.6,795.7,813.4,812.2,796.2,804.8,809.2,809.1,926.6,937.3,3.1,19.8
2025-04-28 11:55:15,800.8,792.3,799.5,795.2,812.7,812.4,796.2,805.4,809.8,809.8,927.2,937.3,3.4,19.8
2025-04-28 11:55:20,801.0,792.0,799.3,795.3,812.8,812.3,796.9,806.0,810.1,809.9,927.3,937.4,3.2,19.8
2025-04-28 11:55:25,800.4,792.5,799.6,795.5,813.3,812.8,797.2,805.6,809.9,809.6,926.4,937.5,2.9,19.8
2025-04-28 11:55:30,801.1,793.2,799.7,795.8,812.8,812.4,796.8,805.4,809.3,808.5,925.9,937.7,2.8,19.7
2025-04-28 11:55:35,801.0,793.4,799.7,795.6,812.6,811.6,796.8,804.6,808.6,808.1,924.2,937.5,2.7,19.7
2025-04-28 11:55:40,801.2,792.0,798.9,794.4,812.5,811.0,796.0,803.6,808.1,808.1,923.5,935.6,2.6,19.7
2025-04-28 11:55:45,800.5,792.1,797.7,793.6,811.6,810.5,795.7,803.9,808.5,807.9,923.4,935.0,2.5,19.7
2025-04-28 11:55:50,799.6,792.2,797.8,794.0,811.0,810.8,795.6,803.8,808.3,808.1,923.4,935.2,2.6,19.6
2025-04-28 11:55:55,799.4,791.7,797.8,794.0,811.0,811.5,795.4,804.3,808.8,808.6,923.7,935.7,2.5,19.6
2025-04-28 11:56:00,799.1,791.3,798.6,794.7,811.4,811.6,795.2,804.3,809.2,808.7,923.9,935.9,2.6,19.6
2025-04-28 11:56:05,799.5,791.4,798.9,795.3,811.0,810.8,796.0,804.1,809.2,808.8,923.7,935.6,2.8,19.6
2025-04-28 11:56:10,799.6,792.4,798.6,795.1,811.4,811.2,795.8,804.3,809.7,809.5,924.2,935.4,2.9,19.6
2025-04-28 11:56:15,799.3,793.1,798.7,795.3,811.8,811.6,796.1,805.4,810.6,810.4,925.3,937.2,2.6,19.6
2025-04-28 11:56:20,799.6,793.5,798.9,795.6,812.4,812.4,796.8,806.1,811.1,810.5,925.7,938.1,2.1,19.5
2025-04-28 11:56:25,800.1,793.8,799.2,796.4,813.2,813.3,797.6,806.5,811.9,811.5,926.6,938.3,1.8,19.5
2025-04-28 11:56:30,800.2,793.9,799.9,796.7,813.7,814.3,799.9,807.4,813.0,812.2,927.5,940.2,1.5,19.6
2025-04-28 11:56:35,800.4,794.8,800.6,797.3,814.4,815.2,799.9,808.6,813.6,812.6,927.4,939.9,2.1,19.5
2025-04-28 11:56:40,801.2,795.5,801.7,797.9,815.8,816.4,800.0,809.2,813.8,812.0,926.7,940.6,2.1,19.5
2025-04-28 11:56:45,802.1,796.6,803.2,800.3,815.7,816.3,800.2,809.5,813.7,812.0,927.0,941.1,2.1,19.6
2025-04-28 11:56:50,802.8,796.6,802.9,800.6,815.6,816.4,799.7,809.4,813.8,811.9,926.2,941.4,3.2,19.6
2025-04-28 11:56:55,803.7,796.8,802.7,799.9,815.7,816.1,799.9,809.6,814.1,812.5,926.8,941.3,3.7,19.6
2025-04-28 11:57:00,803.6,796.9,802.9,800.1,815.5,816.8,800.3,810.0,814.6,812.8,927.6,941.5,3.7,19.6
2025-04-28 11:57:05,803.5,797.6,802.8,800.3,815.9,817.5,800.4,811.1,815.5,813.0,927.8,942.3,5.5,19.6
2025-04-28 11:57:10,803.8,798.1,804.2,802.2,816.5,818.1,800.7,811.5,816.3,813.7,928.8,942.4,4.6,19.5
2025-04-28 11:57:15,805.4,798.8,805.2,802.1,816.7,818.5,802.0,811.5,816.6,814.1,929.0,942.3,3.6,19.5
2025-04-28 11:57:20,805.9,799.0,805.7,803.3,817.5,819.7,802.6,812.2,816.5,814.4,929.3,942.8,3.9,19.5
2025-04-28 11:57:25,806.4,800.0,805.1,804.2,818.3,819.8,802.9,812.3,817.1,815.6,931.6,943.8,4.9,19.5
2025-04-28 11:57:30,806.4,800.2,805.5,804.5,819.4,819.9,804.0,813.1,817.2,815.7,931.4,944.1,4.4,19.5
2025-04-28 11:57:35,806.6,800.1,805.7,804.7,819.2,820.0,804.4,813.4,817.3,816.2,931.7,945.3,3.7,19.5
2025-04-28 11:57:40,807.4,800.4,807.6,803.7,819.6,820.4,804.9,813.2,818.1,816.8,932.3,946.6,3.1,19.5
2025-04-28 11:57:45,807.3,800.6,807.8,803.6,820.7,821.0,804.7,814.7,818.3,816.9,932.3,946.8,3.1,19.5
2025-04-28 11:57:50,808.3,801.1,808.7,804.2,820.8,821.1,805.0,814.5,818.6,817.5,932.4,947.1,3.4,19.5
2025-04-28 11:57:55,808.3,800.8,808.2,804.5,820.7,821.3,805.8,815.2,819.6,818.1,933.7,947.2,3.7,19.5
2025-04-28 11:58:00,808.4,800.5,808.2,805.0,821.0,821.7,806.0,815.2,819.5,818.1,933.8,947.7,3.6,19.5
2025-04-28 11:58:05,809.1,800.7,809.7,805.1,821.0,822.0,806.4,815.3,819.9,818.6,934.1,947.8,3.7,19.5
2025-04-28 11:58:10,809.3,801.6,810.7,804.6,821.3,822.9,806.8,816.1,820.3,818.9,934.5,947.2,3.9,19.4
2025-04-28 11:58:15,809.7,802.4,810.5,805.1,821.3,822.7,806.8,815.9,820.7,819.9,935.5,947.4,3.4,19.4
2025-04-28 11:58:20,809.9,802.3,810.5,805.4,821.7,822.8,807.8,816.0,821.4,819.8,935.1,947.8,2.8,19.4
2025-04-28 11:58:25,810.1,802.5,810.2,806.7,822.9,823.8,808.8,816.1,821.2,820.5,935.5,949.6,2.5,19.4
2025-04-28 11:58:30,810.3,802.6,810.9,806.7,823.1,823.4,808.6,816.3,821.8,820.8,936.1,949.1,2.2,19.4
2025-04-28 11:58:35,810.7,803.2,811.3,807.0,823.0,823.9,808.7,816.9,821.8,821.1,936.3,949.2,2.0,19.4
2025-04-28 11:58:40,810.9,803.2,811.4,807.2,823.4,824.3,808.3,816.6,821.9,821.0,936.2,949.2,2.0,19.4
2025-04-28 11:58:45,810.8,803.4,811.2,807.6,823.4,825.3,808.5,817.2,822.0,821.5,936.7,950.2,2.1,19.4
2025-04-28 11:58:50,811.6,804.4,811.5,808.6,823.6,825.1,808.6,817.0,822.2,822.0,937.1,950.8,2.2,19.4
2025-04-28 11:58:55,811.7,804.7,812.0,809.0,824.2,824.8,808.5,817.1,822.4,822.3,937.0,951.2,2.3,19.4
2025-04-28 11:59:00,812.3,804.5,812.9,810.0,824.7,825.5,809.3,817.6,823.2,822.6,937.4,951.7,2.7,19.4
2025-04-28 11:59:05,812.7,805.3,812.7,810.5,824.9,825.9,809.5,817.8,823.6,822.9,937.8,952.0,2.9,19.4
2025-04-28 11:59:10,813.2,805.6,813.1,810.6,824.8,825.8,809.3,817.9,823.8,823.0,937.8,953.1,3.9,19.5
2025-04-28 11:59:15,813.5,805.1,813.7,809.6,825.1,826.0,810.1,817.8,823.9,822.9,937.7,952.9,3.4,19.5
2025-04-28 11:59:20,813.8,804.9,813.9,809.5,825.1,826.3,810.1,818.4,823.5,822.4,937.1,952.8,3.0,19.5
2025-04-28 11:59:25,814.5,804.9,813.6,809.0,824.5,827.0,809.6,818.7,823.9,822.5,936.8,953.9,1.8,19.5
2025-04-28 11:59:30,814.4,804.6,814.7,808.7,824.8,827.3,809.5,818.8,823.8,822.5,936.4,953.9,1.8,19.5
2025-04-28 11:59:35,814.4,805.0,814.9,810.1,825.0,827.7,809.5,818.8,823.7,822.5,936.3,953.6,2.4,19.5
2025-04-28 11:59:40,814.2,805.0,814.4,809.8,825.1,827.7,809.7,819.2,824.3,823.6,937.7,953.4,2.6,19.6
2025-04-28 11:59:45,813.8,805.2,813.4,810.0,825.3,827.6,810.3,819.3,824.4,823.8,937.5,953.5,2.5,19.6
2025-04-28 11:59:50,813.9,806.0,814.2,809.9,825.7,827.4,810.7,819.5,824.6,824.5,938.3,953.2,2.3,19.5
2025-04-28 11:59:55,814.0,806.4,814.7,810.2,826.1,827.8,811.0,819.9,824.8,824.2,938.0,953.5,2.4,19.5
2025-04-28 12:00:00,814.4,806.3,815.2,810.4,825.9,828.3,810.8,820.7,825.3,825.4,938.6,954.2,2.1,19.5
2025-04-28 12:00:05,815.1,807.1,815.7,812.0,826.2,829.3,811.2,820.9,825.5,825.5,939.2,955.1,2.0,19.5
2025-04-28 12:00:10,814.9,807.7,815.9,812.4,827.0,829.5,811.8,821.6,825.8,826.0,939.5,955.3,2.1,19.5
2025-04-28 12:00:15,814.9,808.3,816.7,812.4,827.2,829.6,811.5,821.4,825.9,826.0,939.1,956.4,2.5,19.5
2025-04-28 12:00:20,815.0,808.9,816.5,812.8,827.2,830.1,811.4,821.6,826.3,826.0,939.2,956.3,2.9,19.5
2025-04-28 12:00:25,815.4,809.1,816.1,812.8,827.3,829.7,811.9,821.2,826.3,826.0,938.8,955.7,3.2,19.5
2025-04-28 12:00:30,815.7,809.3,816.4,812.4,827.5,829.1,812.1,820.5,825.2,825.5,938.6,956.2,3.1,19.5
2025-04-28 12:00:35,815.7,808.8,816.9,811.6,827.8,827.8,812.4,819.8,825.0,824.8,937.4,955.2,3.1,19.5
2025-04-28 12:00:40,815.3,809.0,816.9,810.9,827.1,827.8,811.9,819.4,824.9,824.8,937.1,954.4,2.9,19.5
2025-04-28 12:00:45,815.9,808.9,817.0,810.4,825.9,828.1,810.8,819.2,824.7,824.8,936.9,953.8,2.8,19.5
2025-04-28 12:00:50,815.6,809.0,816.0,811.2,825.8,827.8,810.7,819.2,824.6,825.1,937.2,953.7,2.3,19.5
2025-04-28 12:00:55,815.2,808.8,815.5,811.2,825.8,827.9,810.2,819.1,824.3,825.0,936.8,953.3,2.0,19.5
2025-04-28 12:01:00,815.2,808.4,815.9,811.3,825.5,827.7,810.7,818.7,824.4,824.8,936.5,953.4,1.6,19.5
2025-04-28 12:01:05,815.0,807.6,814.8,810.5,825.0,827.0,810.3,818.8,824.5,825.0,936.3,952.9,1.6,19.5
2025-04-28 12:01:10,815.1,807.3,815.1,810.2,825.5,826.9,810.5,818.7,824.5,825.1,936.4,953.1,1.5,19.5
2025-04-28 12:01:15,815.4,807.1,815.0,810.0,825.4,826.9,810.8,818.9,824.7,825.1,936.2,952.9,1.6,19.5
2025-04-28 12:01:20,815.0,806.4,814.8,809.7,825.4,827.1,810.7,819.3,825.3,824.9,936.1,952.5,1.4,19.5
2025-04-28 12:01:25,814.6,806.4,815.3,810.0,825.6,827.2,810.6,819.4,825.8,825.1,935.9,952.7,1.2,19.5
2025-04-28 12:01:30,815.0,806.5,815.0,810.3,825.5,827.3,810.6,819.4,825.8,825.2,936.2,952.9,1.0,19.5
2025-04-28 12:01:35,815.2,806.8,815.4,810.3,825.5,827.2,810.7,819.6,826.0,825.7,936.5,952.6,0.9,19.6
2025-04-28 12:01:40,815.1,806.9,815.4,810.2,826.0,827.6,811.9,820.1,826.3,826.3,937.2,954.3,0.8,19.5
2025-04-28 12:01:45,814.8,807.6,815.7,810.7,826.4,828.4,812.6,820.5,827.1,826.9,937.7,955.2,0.8,19.5
2025-04-28 12:01:50,814.9,808.0,816.0,811.4,827.9,828.8,813.0,820.9,827.1,826.9,937.7,955.2,1.0,19.5
2025-04-28 12:01:55,815.5,808.7,816.2,812.0,827.4,828.9,812.3,820.4,827.3,827.3,937.9,955.5,1.4,19.6
2025-04-28 12:02:00,815.6,809.0,816.6,812.3,827.4,829.1,812.8,821.3,827.6,827.4,938.0,955.4,1.6,19.6
2025-04-28 12:02:05,816.0,809.0,817.0,812.9,827.9,829.5,813.1,821.7,828.5,827.9,938.3,955.5,1.6,19.5
2025-04-28 12:02:10,816.2,809.5,817.4,813.4,828.4,830.3,814.0,823.7,829.2,828.7,939.2,956.0,1.6,19.6
2025-04-28 12:02:15,817.3,810.3,818.1,813.6,828.7,830.4,814.3,824.5,829.7,829.9,939.8,956.3,1.6,19.6
2025-04-28 12:02:20,818.0,811.0,818.9,815.0,829.7,831.4,814.6,824.6,829.7,830.2,940.4,957.1,1.6,19.6
2025-04-28 12:02:25,819.5,811.9,819.3,815.3,830.0,832.4,814.9,824.1,829.8,830.3,940.8,958.4,1.4,19.5
2025-04-28 12:02:30,819.4,812.2,820.1,815.7,830.1,832.4,815.3,824.1,829.5,830.3,940.4,958.8,1.3,19.5
2025-04-28 12:02:35,818.3,812.1,819.6,815.5,830.0,832.3,815.2,824.3,829.4,829.6,939.6,958.5,1.0,19.5
2025-04-28 12:02:40,817.9,812.0,817.9,813.3,828.0,831.7,814.0,822.9,828.3,829.2,938.8,957.8,1.0,19.6
2025-04-28 12:02:45,815.6,810.0,816.7,812.0,827.0,829.4,811.2,820.6,826.4,827.8,936.2,955.6,0.8,19.5
2025-04-28 12:02:50,815.5,808.4,815.8,811.6,825.5,828.8,811.0,820.5,825.1,826.5,934.5,954.1,0.7,19.5
2025-04-28 12:02:55,815.7,808.9,816.2,812.4,826.5,828.5,810.6,820.9,825.3,826.5,935.2,954.9,0.7,19.6
2025-04-28 12:03:00,815.4,809.3,816.9,812.1,826.7,828.9,811.0,821.3,825.3,826.6,934.9,955.2,0.6,19.6
2025-04-28 12:03:05,815.1,809.1,816.5,811.7,826.1,828.1,811.1,820.6,825.2,826.7,934.7,955.3,0.6,19.6
2025-04-28 12:03:10,814.2,808.0,815.1,810.4,824.5,827.6,810.6,818.8,825.0,825.1,932.7,953.1,0.8,19.6
2025-04-28 12:03:15,814.0,806.6,814.7,808.6,824.1,826.4,808.9,817.8,823.7,824.6,931.6,952.1,1.0,19.6
2025-04-28 12:03:20,813.9,806.6,814.2,808.3,823.4,826.0,808.9,817.7,823.5,824.2,931.5,952.0,1.2,19.6
2025-04-28 12:03:25,814.1,806.2,814.7,809.3,824.0,826.0,809.7,818.4,824.1,825.1,932.4,952.0,1.6,19.7
2025-04-28 12:03:30,814.0,806.5,815.1,810.0,824.3,826.8,809.8,818.8,824.5,825.1,932.2,952.2,2.0,19.7
2025-04-28 12:03:35,814.9,806.4,816.1,810.4,824.3,826.9,810.2,818.9,825.3,825.9,932.4,952.7,2.1,19.7
2025-04-28 12:03:40,816.5,806.9,817.5,811.4,826.0,828.7,812.1,821.8,826.7,826.6,933.4,954.0,3.9,19.7
2025-04-28 12:03:45,816.7,807.8,818.0,813.3,826.8,831.8,813.2,821.8,828.0,827.7,934.4,954.6,3.6,19.7
2025-04-28 12:03:50,816.9,810.0,818.3,815.6,827.4,831.7,813.3,823.9,828.4,829.0,936.0,956.2,3.2,19.7
2025-04-28 12:03:55,818.7,809.8,821.0,814.5,828.9,832.0,814.4,824.5,829.3,830.2,936.9,958.3,2.6,19.7
2025-04-28 12:04:00,820.7,811.3,820.5,815.8,830.5,832.7,815.3,825.0,830.3,830.5,938.1,958.6,3.1,19.8
2025-04-28 12:04:05,820.9,811.3,821.1,816.8,831.4,833.5,815.9,825.6,831.0,831.3,938.7,959.5,3.4,19.8
2025-04-28 12:04:10,820.9,811.6,821.7,816.6,831.3,833.7,815.8,825.9,832.2,831.8,938.8,959.4,2.9,19.8
2025-04-28 12:04:15,820.8,811.9,821.4,816.9,831.2,834.0,816.0,825.7,832.4,832.4,938.8,959.2,2.2,19.7
2025-04-28 12:04:20,820.7,812.5,821.9,816.5,831.7,834.2,816.7,826.2,831.9,832.6,938.9,959.8,1.9,19.7
2025-04-28 12:04:25,820.9,812.7,823.8,816.3,831.4,834.1,817.4,826.1,832.3,832.7,939.2,959.7,1.9,19.8
2025-04-28 12:04:30,821.2,813.3,823.4,816.7,831.3,834.4,817.5,826.3,831.7,832.4,938.8,959.7,1.5,19.8
2025-04-28 12:04:35,821.3,813.6,823.3,817.1,832.0,835.7,817.4,826.4,831.5,832.3,938.7,960.5,1.6,19.8
2025-04-28 12:04:40,821.5,814.1,823.9,817.4,832.2,835.1,817.3,826.4,831.7,832.2,938.0,960.9,1.6,19.8
2025-04-28 12:04:45,822.2,813.9,823.8,817.8,831.8,835.3,815.9,826.3,831.9,831.9,937.4,959.9,1.6,19.8
2025-04-28 12:04:50,821.8,813.9,823.2,818.1,831.7,834.9,816.6,826.0,831.9,832.6,937.6,959.9,1.4,19.8
2025-04-28 12:04:55,821.2,813.8,822.3,817.9,832.1,835.3,817.2,826.0,831.7,833.0,938.1,960.4,1.2,19.8
2025-04-28 12:05:00,821.0,813.7,822.4,818.4,831.9,835.6,817.5,825.7,831.5,833.2,938.5,960.5,1.2,19.9
2025-04-28 12:05:05,821.2,813.4,822.3,819.0,832.7,835.3,817.5,825.7,831.8,833.6,938.2,960.7,1.4,19.9
2025-04-28 12:05:10,821.5,812.9,823.0,818.4,832.6,835.3,817.4,826.0,832.4,833.5,938.2,960.6,1.4,19.8
2025-04-28 12:05:15,821.2,812.8,823.4,818.6,832.4,835.2,817.6,826.1,831.8,832.4,936.9,960.9,1.2,19.9
2025-04-28 12:05:20,821.5,812.7,823.8,819.0,832.5,834.7,816.9,826.0,831.4,832.0,936.4,961.6,1.2,19.9
2025-04-28 12:05:25,822.0,813.6,823.3,817.8,831.6,833.7,817.2,825.7,831.3,832.1,936.2,960.6,1.1,20.0
2025-04-28 12:05:30,821.7,813.3,823.1,817.3,831.6,833.6,816.8,825.6,831.0,831.8,935.7,959.5,1.2,20.0
2025-04-28 12:05:35,821.6,813.3,823.9,816.7,831.8,833.3,816.6,825.5,831.0,832.1,935.8,959.9,1.2,20.0
2025-04-28 12:05:40,822.1,812.6,823.2,816.6,831.1,832.8,816.5,825.2,830.5,831.8,935.4,959.2,1.6,20.0
2025-04-28 12:05:45,821.7,812.2,822.6,816.3,830.6,832.7,816.6,824.8,830.6,831.7,934.8,959.1,1.6,20.0
2025-04-28 12:05:50,821.3,811.2,822.2,817.3,830.5,833.0,816.4,824.9,831.0,831.9,935.0,958.3,1.7,20.0
2025-04-28 12:05:55,821.1,811.0,822.0,816.7,830.5,833.5,816.4,825.4,831.2,832.0,934.8,958.6,1.8,20.0
2025-04-28 12:06:00,821.4,810.8,822.1,816.6,830.4,833.5,816.3,826.2,831.5,832.0,934.3,958.8,1.6,20.0
2025-04-28 12:06:05,821.1,810.7,822.2,816.6,830.3,834.1,816.3,826.3,831.8,832.0,934.0,959.4,1.3,20.1
2025-04-28 12:06:10,821.0,811.5,822.0,816.5,830.3,834.1,815.7,826.4,832.2,832.3,934.3,960.0,1.2,20.1
2025-04-28 12:06:15,820.8,811.3,822.5,816.5,830.7,834.2,816.1,827.0,832.6,832.8,934.9,959.7,1.4,20.1
2025-04-28 12:06:20,820.4,811.5,823.5,816.9,830.6,834.9,817.3,827.9,834.1,833.2,935.0,959.2,1.2,20.1
2025-04-28 12:06:25,820.5,812.0,823.7,818.0,831.3,836.1,817.5,828.5,833.4,833.2,935.0,960.5,1.4,20.1
2025-04-28 12:06:30,821.8,812.1,823.6,819.7,831.6,836.1,817.4,828.1,833.2,832.7,934.5,961.2,1.3,20.1
2025-04-28 12:06:35,822.0,811.6,823.8,818.6,831.4,835.8,817.3,828.1,833.4,832.4,933.6,960.9,1.4,20.1
2025-04-28 12:06:40,821.9,811.5,823.8,818.7,831.7,836.0,817.1,827.5,833.5,832.4,933.4,961.3,2.1,20.1
2025-04-28 12:06:45,821.8,811.4,824.0,817.9,831.7,835.5,817.0,827.2,833.9,832.5,933.0,960.9,2.7,20.2
2025-04-28 12:06:50,821.7,812.2,824.2,818.2,830.6,835.1,817.0,827.5,833.2,832.4,933.0,960.4,3.0,20.2
2025-04-28 12:06:55,821.8,812.0,824.1,818.6,830.7,834.6,817.2,827.8,832.9,832.7,932.9,960.0,3.1,20.2
2025-04-28 12:07:00,822.1,813.0,823.7,818.2,830.6,834.7,817.3,827.7,833.2,833.1,933.4,960.7,2.4,20.2
2025-04-28 12:07:05,822.4,813.4,824.1,818.3,831.6,835.5,817.6,828.3,833.9,833.0,933.2,961.4,2.1,20.2
2025-04-28 12:07:10,823.0,813.1,822.7,819.2,831.6,835.3,817.3,828.3,833.7,833.0,932.5,961.0,1.9,20.2
2025-04-28 12:07:15,822.5,813.3,823.2,819.7,831.0,835.7,817.5,829.0,833.5,833.4,932.6,961.1,1.6,20.2
2025-04-28 12:07:20,822.4,814.1,823.0,819.9,831.5,836.0,818.0,828.4,834.0,833.4,932.5,961.2,1.4,20.2
2025-04-28 12:07:25,822.2,814.8,823.0,820.2,831.6,836.8,818.6,828.6,834.1,833.9,932.8,960.9,1.5,20.3
2025-04-28 12:07:30,821.9,816.2,823.9,820.4,832.1,836.8,819.3,828.7,834.4,834.0,932.9,960.6,1.3,20.3
2025-04-28 12:07:35,821.8,816.0,824.1,819.2,832.9,836.6,819.6,828.4,834.4,834.1,932.6,960.8,1.7,20.2
2025-04-28 12:07:40,822.4,815.7,825.0,819.2,832.7,836.2,819.1,828.3,835.0,833.8,931.9,961.8,3.4,20.2
2025-04-28 12:07:45,822.6,815.3,825.8,819.0,833.0,836.2,817.9,828.7,834.7,833.7,931.8,962.2,3.9,20.2
2025-04-28 12:07:50,823.6,815.4,826.0,819.2,832.3,835.9,817.7,828.5,834.1,833.3,931.4,962.4,3.3,20.3
2025-04-28 12:07:55,823.2,815.5,825.4,818.7,832.1,836.1,817.6,828.0,833.7,833.2,930.6,961.6,3.1,20.3
2025-04-28 12:08:00,823.1,814.1,825.2,818.5,832.1,836.3,817.4,827.9,833.7,833.6,930.5,960.9,2.7,20.2
2025-04-28 12:08:05,823.2,814.0,825.1,818.7,831.8,835.7,817.2,827.6,832.8,833.7,930.5,960.4,2.7,20.2
2025-04-28 12:08:10,823.1,813.0,824.8,818.7,832.0,835.8,817.8,827.7,833.2,834.6,931.1,960.3,2.3,20.3
2025-04-28 12:08:15,822.6,812.9,825.0,818.8,832.5,835.6,818.2,827.6,833.6,835.0,931.6,959.6,2.4,20.2
2025-04-28 12:08:20,822.7,813.5,824.8,818.7,832.3,835.7,818.2,828.0,835.2,835.4,932.1,959.7,2.1,20.2
2025-04-28 12:08:25,822.8,813.7,825.5,819.0,832.8,836.2,818.8,829.5,835.6,835.5,932.3,960.0,2.0,20.2
2025-04-28 12:08:30,824.7,813.9,825.9,819.5,833.1,837.0,819.8,830.1,835.9,835.4,931.7,961.2,2.1,20.2
2025-04-28 12:08:35,824.8,815.2,826.5,820.3,833.4,837.6,819.4,829.9,835.8,835.6,932.2,961.6,2.1,20.2
2025-04-28 12:08:40,824.4,816.0,828.0,821.0,833.9,837.8,819.5,830.1,835.8,835.5,931.4,962.2,1.9,20.2
2025-04-28 12:08:45,824.0,815.9,827.1,821.7,833.7,838.0,819.2,830.0,836.3,835.9,932.2,962.0,1.7,20.2
2025-04-28 12:08:50,824.6,815.7,827.6,821.6,833.5,838.1,819.7,829.9,836.7,836.5,932.4,962.3,1.4,20.2
2025-04-28 12:08:55,824.3,815.7,827.6,822.0,833.9,838.8,820.7,830.5,837.6,837.3,933.3,962.6,1.1,20.3
2025-04-28 12:09:00,825.8,816.3,827.8,821.5,834.3,839.0,821.9,831.0,837.3,837.3,933.0,963.3,1.1,20.3
2025-04-28 12:09:05,826.0,816.9,828.4,821.7,834.7,839.8,822.7,830.7,837.1,837.3,933.2,963.6,1.1,20.3
2025-04-28 12:09:10,825.8,817.1,829.0,821.8,835.4,838.8,821.4,830.7,837.1,837.1,932.9,965.1,2.1,20.2
2025-04-28 12:09:15,825.4,817.0,829.7,821.7,835.3,840.1,821.0,831.0,837.4,838.1,933.3,966.4,2.9,20.2
2025-04-28 12:09:20,825.4,817.7,829.5,822.4,835.6,840.4,821.0,831.5,837.5,838.3,933.2,965.7,3.6,20.3
2025-04-28 12:09:25,826.1,816.9,829.4,822.0,836.4,840.4,822.1,831.9,837.9,838.2,932.8,965.6,3.3,20.2
2025-04-28 12:09:30,826.7,817.2,829.6,822.3,835.7,840.6,822.2,832.9,839.3,839.2,933.6,965.9,3.7,20.3
2025-04-28 12:09:35,827.0,817.4,829.5,822.9,835.5,841.0,821.9,833.0,839.9,839.2,934.1,966.3,3.1,20.3
2025-04-28 12:09:40,826.4,818.7,830.0,823.6,836.6,841.4,822.7,834.4,840.1,839.8,934.1,966.7,3.0,20.2
2025-04-28 12:09:45,826.8,818.1,830.6,823.8,836.4,842.3,822.6,834.7,840.8,839.9,934.1,966.7,2.3,20.2
2025-04-28 12:09:50,828.7,818.3,830.9,824.6,836.6,844.0,822.1,835.1,840.7,839.9,935.2,967.1,2.6,20.2
2025-04-28 12:09:55,828.4,818.5,831.4,825.6,836.9,843.9,822.5,835.2,840.9,840.6,935.1,967.6,2.4,20.2
2025-04-28 12:10:00,829.7,818.9,831.7,825.9,836.9,844.0,823.0,835.6,841.0,840.5,935.1,967.0,1.9,20.2
2025-04-28 12:10:05,829.8,819.7,831.5,826.8,837.4,843.7,824.1,834.8,841.1,840.9,935.1,966.6,2.0,20.3
2025-04-28 12:10:10,829.2,819.9,831.6,827.2,837.9,843.8,824.5,835.0,840.6,840.7,935.1,966.7,2.3,20.2
2025-04-28 12:10:15,829.1,820.0,832.0,827.0,838.6,843.8,823.8,834.6,840.5,840.7,935.0,967.6,2.1,20.3
2025-04-28 12:10:20,829.5,820.6,832.3,826.6,837.6,843.0,823.6,834.2,840.3,840.8,934.3,967.2,2.0,20.3
2025-04-28 12:10:25,829.5,821.0,832.1,826.4,837.3,842.4,823.5,833.8,840.4,840.7,934.5,967.3,1.8,20.2
2025-04-28 12:10:30,829.6,820.7,832.0,825.3,837.9,842.2,824.3,834.6,840.9,840.9,934.8,967.2,1.9,20.2
2025-04-28 12:10:35,829.6,819.5,832.4,825.0,839.2,842.3,824.4,834.8,841.2,840.9,934.2,967.4,1.9,20.2
2025-04-28 12:10:40,829.2,819.1,832.4,825.3,838.6,842.7,824.2,835.3,841.2,840.9,935.2,967.7,2.5,20.2
2025-04-28 12:10:45,829.2,819.3,832.3,825.6,838.0,842.2,824.3,834.6,841.7,840.9,934.4,967.8,2.3,20.3
2025-04-28 12:10:50,829.4,819.2,832.4,825.6,837.6,842.1,823.8,834.5,841.5,840.9,933.9,967.8,2.4,20.2
2025-04-28 12:10:55,829.1,819.1,832.1,825.6,837.7,841.9,823.6,834.8,841.4,841.3,934.7,967.2,1.9,20.2
2025-04-28 12:11:00,829.0,818.5,832.6,825.0,837.8,842.0,825.5,834.8,841.9,841.6,934.3,967.4,1.7,20.2
2025-04-28 12:11:05,829.2,818.9,832.9,825.2,838.1,843.8,825.5,835.7,843.3,842.3,935.1,968.1,1.6,20.2
2025-04-28 12:11:10,829.1,820.5,832.9,826.1,838.7,844.5,825.2,835.6,843.4,842.4,935.7,969.4,1.9,20.3
2025-04-28 12:11:15,829.0,821.1,833.2,826.5,839.6,844.8,825.7,836.5,844.4,842.8,935.5,969.6,2.5,20.2
2025-04-28 12:11:20,829.7,822.1,834.3,826.9,839.6,845.1,825.8,836.5,844.3,843.1,936.1,970.3,2.6,20.2
2025-04-28 12:11:25,830.3,822.1,835.4,827.7,840.4,846.1,826.2,836.9,844.8,842.5,934.6,971.3,2.5,20.2
2025-04-28 12:11:30,832.0,822.6,836.2,827.9,840.5,846.1,826.4,837.7,844.5,843.4,936.0,971.9,3.4,20.2
2025-04-28 12:11:35,832.7,823.7,836.2,828.2,840.4,846.3,825.9,838.0,844.0,843.7,936.0,971.5,3.1,20.2
2025-04-28 12:11:40,832.6,823.1,835.8,828.5,840.2,846.2,826.6,837.6,843.8,843.6,936.0,970.8,2.4,20.2
2025-04-28 12:11:45,831.9,823.4,836.2,828.4,840.9,845.3,827.0,837.5,843.4,843.5,936.3,972.0,2.1,20.2
2025-04-28 12:11:50,832.4,824.1,836.1,828.0,840.8,845.6,827.1,838.4,844.2,844.4,936.1,971.1,2.5,20.2
2025-04-28 12:11:55,832.8,824.2,836.3,828.1,840.8,845.4,827.1,838.5,844.3,845.2,937.1,971.2,2.7,20.2
2025-04-28 12:12:00,833.3,824.2,836.1,828.4,841.3,845.6,827.7,838.0,844.6,845.3,937.7,971.5,2.6,20.2
2025-04-28 12:12:05,833.5,824.2,837.5,828.0,842.0,845.9,828.7,838.0,844.6,845.0,936.8,972.0,2.1,20.2
2025-04-28 12:12:10,833.7,824.5,837.3,828.2,841.9,846.2,828.8,838.2,845.3,845.2,936.6,972.0,2.0,20.2
2025-04-28 12:12:15,834.3,824.2,837.1,828.5,842.0,846.3,828.2,836.5,844.7,845.6,937.4,972.5,1.7,20.2
2025-04-28 12:12:20,834.2,824.1,836.5,828.6,842.6,846.5,828.9,837.9,844.4,845.7,936.6,972.6,1.3,20.2
2025-04-28 12:12:25,834.0,823.5,837.4,829.1,842.6,846.3,828.5,837.7,844.8,845.2,937.0,973.0,1.0,20.2
2025-04-28 12:12:30,833.8,822.9,837.3,829.1,842.7,846.3,828.6,838.1,844.8,845.8,936.6,972.8,1.0,20.2
2025-04-28 12:12:35,833.4,822.6,837.4,830.1,842.5,845.8,828.0,838.2,844.9,846.1,937.7,973.3,1.2,20.2
2025-04-28 12:12:40,833.6,823.1,837.3,829.9,842.9,846.2,829.5,837.9,845.1,846.2,937.6,973.5,1.6,20.2
2025-04-28 12:12:45,833.6,823.4,837.6,830.1,843.3,846.3,830.3,839.3,845.2,846.5,937.4,973.9,1.5,20.2
2025-04-28 12:12:50,834.1,824.9,838.0,831.0,843.4,846.8,830.2,838.8,845.6,846.2,937.4,974.2,1.4,20.2
2025-04-28 12:12:55,834.4,824.4,837.8,830.6,843.9,846.9,830.8,839.6,845.8,846.7,937.3,975.6,1.1,20.3
2025-04-28 12:13:00,834.7,824.2,838.9,830.0,843.6,847.3,830.5,840.2,846.5,847.0,937.4,975.9,1.2,20.3
2025-04-28 12:13:05,835.3,825.0,839.3,830.8,843.8,847.6,830.4,840.2,846.5,846.7,937.5,975.1,1.1,20.3
2025-04-28 12:13:10,835.1,825.4,839.2,831.0,843.6,848.0,829.8,840.4,846.6,847.0,937.4,976.6,0.8,20.3
2025-04-28 12:13:15,835.0,826.8,839.2,831.3,843.6,848.2,829.8,840.5,846.2,846.8,936.4,976.4,0.8,20.3
2025-04-28 12:13:20,835.9,826.3,839.5,831.3,843.0,848.5,829.8,842.1,846.4,847.8,937.3,976.1,0.7,20.3
2025-04-28 12:13:25,836.6,826.0,838.3,831.1,843.2,848.5,830.3,841.9,847.5,847.7,936.9,976.1,0.8,20.4
2025-04-28 12:13:30,836.7,826.0,838.5,831.9,843.3,848.4,830.6,841.6,847.4,847.9,938.0,975.8,0.6,20.4
2025-04-28 12:13:35,836.6,825.8,838.8,832.0,844.2,849.4,831.1,841.4,847.2,848.4,937.9,975.4,0.6,20.4
2025-04-28 12:13:40,836.7,826.3,839.0,831.5,843.9,849.9,831.4,841.2,847.7,848.9,938.4,976.1,0.8,20.4
2025-04-28 12:13:45,836.8,825.8,839.1,832.9,844.2,849.2,832.5,841.5,847.6,848.7,938.4,976.3,1.1,20.4
2025-04-28 12:13:50,837.4,826.0,839.6,833.0,843.8,849.2,832.7,841.4,847.4,848.3,937.9,975.5,1.2,20.4
2025-04-28 12:13:55,837.2,826.0,839.9,831.8,844.6,849.6,831.7,841.4,847.5,848.6,938.0,975.8,1.7,20.4
2025-04-28 12:14:00,837.5,826.5,840.2,832.2,844.6,849.1,831.4,841.5,847.6,848.6,937.7,976.1,1.8,20.5
2025-04-28 12:14:05,837.7,826.2,840.3,831.9,844.1,848.7,831.3,841.1,848.0,848.7,937.7,975.7,1.9,20.5
2025-04-28 12:14:10,837.8,826.1,840.0,831.7,843.4,848.9,831.2,841.2,848.0,848.3,937.7,975.3,1.6,20.5
2025-04-28 12:14:15,837.5,827.1,840.0,831.0,844.6,848.6,831.0,842.1,847.2,848.5,936.9,975.3,1.5,20.5
2025-04-28 12:14:20,837.4,826.3,840.5,830.9,844.7,848.7,831.3,842.1,846.9,848.5,937.2,974.7,1.4,20.5
2025-04-28 12:14:25,837.2,825.6,840.3,831.0,844.7,849.1,831.3,841.5,847.0,849.3,937.5,974.7,1.6,20.5
2025-04-28 12:14:30,837.2,825.3,840.5,831.0,844.7,848.7,831.6,841.0,847.1,849.0,937.4,974.5,1.9,20.5
2025-04-28 12:14:35,837.5,825.9,840.3,831.1,844.9,848.8,831.8,840.9,847.5,849.0,937.6,974.6,1.9,20.5
2025-04-28 12:14:40,837.9,826.1,840.3,832.5,845.2,848.3,831.8,841.4,847.3,849.0,936.9,974.9,1.5,20.5
2025-04-28 12:14:45,839.0,826.3,840.4,832.9,844.8,848.5,832.1,841.5,847.2,848.8,936.2,976.3,1.5,20.5
2025-04-28 12:14:50,838.2,826.7,840.1,832.6,845.1,848.7,831.9,841.4,847.3,848.4,936.1,976.3,1.3,20.5
2025-04-28 12:14:55,838.4,827.2,840.2,832.4,844.6,849.6,831.7,841.7,846.8,848.6,936.2,975.9,1.2,20.5
2025-04-28 12:15:00,838.0,827.3,840.2,832.5,844.5,849.0,831.3,841.4,847.5,848.8,935.6,976.5,1.1,20.6
2025-04-28 12:15:05,837.5,827.1,840.0,832.3,844.2,849.0,831.3,841.4,847.6,848.6,935.5,976.0,1.0,20.6
2025-04-28 12:15:10,837.5,826.7,840.2,832.0,844.4,849.2,831.9,841.4,847.6,848.6,934.7,976.0,0.8,20.6
2025-04-28 12:15:15,837.8,826.1,840.9,831.8,844.4,848.9,831.8,841.5,847.8,848.6,934.9,976.5,0.8,20.6
2025-04-28 12:15:20,837.9,826.5,840.9,832.1,844.0,848.7,831.6,841.9,847.9,849.3,934.8,975.1,0.9,20.6
2025-04-28 12:15:25,837.3,826.7,840.9,831.9,844.5,850.2,831.8,842.9,847.6,848.6,935.0,975.6,0.8,20.6
2025-04-28 12:15:30,837.9,827.2,841.3,832.5,844.8,850.1,831.4,842.9,847.7,848.7,934.3,975.5,0.8,20.6
2025-04-28 12:15:35,838.2,827.3,840.5,833.5,843.9,849.7,830.7,842.5,847.9,848.9,934.6,978.0,1.4,20.6
2025-04-28 12:15:40,837.6,827.8,840.0,833.0,844.5,849.5,831.0,842.2,848.3,849.3,935.2,977.2,1.9,20.7
2025-04-28 12:15:45,837.0,828.1,839.9,833.0,845.9,849.2,831.3,842.4,849.1,850.2,935.3,977.0,2.3,20.7
2025-04-28 12:15:50,837.4,828.3,840.6,833.0,845.5,850.2,832.6,842.9,849.5,850.3,935.8,977.2,2.5,20.7
2025-04-28 12:15:55,837.3,828.7,840.9,833.9,845.2,850.6,832.4,843.4,849.9,850.6,935.9,977.2,2.3,20.7
2025-04-28 12:16:00,837.6,829.1,841.7,835.6,845.9,851.4,832.7,844.4,850.2,851.2,936.6,977.9,2.1,20.7
2025-04-28 12:16:05,837.8,828.6,841.7,835.5,846.4,850.8,833.0,843.6,850.4,851.7,937.0,977.7,1.9,20.7
2025-04-28 12:16:10,838.3,830.3,842.3,835.9,847.1,850.7,833.4,843.8,851.3,851.8,937.2,977.6,2.1,20.7
2025-04-28 12:16:15,839.5,829.7,842.5,836.5,847.5,851.8,833.6,845.5,851.8,852.4,938.0,977.4,2.3,20.7
2025-04-28 12:16:20,839.4,830.2,842.8,837.1,847.6,851.8,834.1,845.5,851.8,852.4,938.0,978.1,2.6,20.7
2025-04-28 12:16:25,840.3,830.7,843.1,837.0,848.2,851.8,834.7,846.2,852.0,852.5,937.6,978.7,2.2,20.8
2025-04-28 12:16:30,841.1,830.8,843.4,836.4,848.4,852.3,834.5,846.3,852.7,852.5,937.7,979.6,2.0,20.7
2025-04-28 12:16:35,840.7,830.9,843.6,836.8,848.5,852.6,834.8,846.3,852.2,852.9,938.1,979.6,1.9,20.7
2025-04-28 12:16:40,840.8,830.7,844.9,836.9,848.9,853.4,835.0,846.8,852.6,853.2,938.0,978.9,1.5,20.7
2025-04-28 12:16:45,841.0,830.6,845.4,837.5,849.2,853.5,835.1,846.6,852.6,853.0,938.1,979.2,1.5,20.7
2025-04-28 12:16:50,841.0,830.3,845.7,837.3,848.9,853.4,835.6,846.4,852.4,852.8,937.6,980.1,1.5,20.7
2025-04-28 12:16:55,841.4,830.5,845.2,837.4,848.7,852.8,835.4,846.2,852.1,852.9,937.2,980.6,1.3,20.7
2025-04-28 12:17:00,841.6,830.4,843.7,836.7,848.1,853.1,835.1,846.0,852.0,852.8,937.1,980.4,1.5,20.8
2025-04-28 12:17:05,841.3,830.1,843.5,836.4,848.0,852.8,834.9,845.7,851.6,852.6,936.9,979.9,1.7,20.8
2025-04-28 12:17:10,840.9,830.4,843.4,835.6,847.9,852.1,834.6,845.3,850.8,852.1,936.0,979.1,1.5,20.8
2025-04-28 12:17:15,841.0,830.0,843.6,835.3,847.5,852.1,834.5,845.2,851.6,852.6,936.3,978.2,1.5,20.8
2025-04-28 12:17:20,840.9,829.8,843.4,835.8,847.5,852.0,834.9,845.7,851.7,852.7,936.7,978.0,1.4,20.8
2025-04-28 12:17:25,840.7,830.6,843.9,835.6,847.6,852.3,835.5,845.9,852.5,853.3,936.9,977.9,2.0,20.8
2025-04-28 12:17:30,841.6,830.2,843.7,835.6,848.1,852.1,836.3,846.4,852.9,853.5,937.6,978.9,1.9,20.8
2025-04-28 12:17:35,841.1,830.8,845.0,835.7,849.0,853.2,836.5,846.9,853.3,854.0,937.5,979.4,3.5,20.8
2025-04-28 12:17:40,841.0,830.9,846.2,836.2,849.4,853.1,837.2,847.1,853.1,854.2,937.9,979.3,3.6,20.8
2025-04-28 12:17:45,842.2,831.9,847.1,837.0,849.9,853.6,837.3,846.9,853.4,853.8,936.9,979.9,3.5,20.7
2025-04-28 12:17:50,842.6,832.3,846.8,837.2,850.2,853.2,837.1,847.1,853.7,853.8,936.3,979.3,2.9,20.8
2025-04-28 12:17:55,842.4,832.1,847.2,837.0,850.1,853.1,837.1,846.8,853.1,853.6,936.3,979.2,3.0,20.7
2025-04-28 12:18:00,842.7,832.2,846.8,836.8,850.1,852.8,836.6,846.4,852.4,853.8,936.2,978.2,2.7,20.7
2025-04-28 12:18:05,842.5,831.8,846.3,835.8,848.5,852.4,835.7,845.9,851.1,853.1,935.6,978.0,3.5,20.7
2025-04-28 12:18:10,842.3,830.5,846.0,836.1,848.6,852.2,834.6,845.8,850.8,852.1,933.6,976.8,3.7,20.7
2025-04-28 12:18:15,842.5,830.3,845.5,835.4,847.8,851.7,834.6,846.1,850.9,852.1,933.0,976.7,3.6,20.7
2025-04-28 12:18:20,842.0,830.0,845.0,835.9,847.9,851.6,834.3,845.4,850.4,852.0,933.0,976.6,4.1,20.7
2025-04-28 12:18:25,840.9,829.9,844.3,835.7,847.7,851.9,834.2,843.7,850.6,851.8,932.1,976.3,3.9,20.7
2025-04-28 12:18:30,839.7,830.2,844.0,836.0,847.9,852.2,834.3,845.1,851.0,852.0,932.5,975.1,2.7,20.7
2025-04-28 12:18:35,839.5,830.1,843.5,836.5,847.2,853.3,834.3,846.3,851.4,852.3,932.3,977.3,2.4,20.7
2025-04-28 12:18:40,839.5,830.8,842.7,836.8,847.1,853.5,834.5,847.7,851.4,852.8,932.9,977.5,2.1,20.7
2025-04-28 12:18:45,839.4,831.6,842.6,837.2,848.2,853.6,834.5,847.1,851.7,853.1,932.9,978.1,2.2,20.6
2025-04-28 12:18:50,840.3,831.4,844.0,838.1,848.3,853.3,834.8,847.2,851.8,853.1,932.8,978.2,3.0,20.6
2025-04-28 12:18:55,840.8,831.9,844.0,837.6,848.2,853.3,835.1,848.3,852.0,853.1,932.5,978.1,2.9,20.6
2025-04-28 12:19:00,841.2,832.5,844.4,837.6,848.4,853.1,835.0,848.0,850.7,853.1,932.6,979.0,3.5,20.6
2025-04-28 12:19:05,840.7,831.7,844.0,837.9,849.2,853.6,835.5,847.8,852.1,854.0,933.9,979.0,2.2,20.6
2025-04-28 12:19:10,840.9,831.6,845.4,838.2,849.4,853.8,835.7,847.9,852.5,854.5,934.0,979.1,2.1,20.6
2025-04-28 12:19:15,841.0,833.5,845.5,839.4,850.5,854.1,836.7,849.3,853.6,854.6,934.3,979.7,2.8,20.6
2025-04-28 12:19:20,842.4,833.8,845.3,839.2,850.5,855.2,837.4,849.7,853.7,854.5,934.2,980.8,3.6,20.6
2025-04-28 12:19:25,842.5,833.4,845.3,839.7,851.4,855.0,838.8,849.4,853.8,855.4,934.2,981.0,3.3,20.6
2025-04-28 12:19:30,843.2,833.5,846.4,839.1,851.9,854.6,839.1,849.8,854.2,854.6,933.8,981.4,2.8,20.6
2025-04-28 12:19:35,843.5,833.8,846.9,840.4,851.8,854.6,839.6,849.6,854.6,854.8,934.6,981.0,2.5,20.6
2025-04-28 12:19:40,843.4,834.1,846.9,840.2,852.2,855.0,839.7,849.8,854.9,855.5,934.5,982.4,2.6,20.6
2025-04-28 12:19:45,843.4,834.4,846.6,841.1,852.6,856.6,839.0,850.4,855.2,855.5,934.7,982.3,3.5,20.6
2025-04-28 12:19:50,844.0,835.2,847.0,841.8,852.6,857.5,839.4,850.7,855.6,856.4,935.3,982.8,4.2,20.5
2025-04-28 12:19:55,845.0,834.8,848.3,841.6,853.1,857.6,840.0,850.7,855.6,856.6,935.5,983.0,3.7,20.6
2025-04-28 12:20:00,845.8,834.6,848.0,841.5,854.0,856.9,840.4,850.9,855.8,856.6,935.6,983.3,3.2,20.6
2025-04-28 12:20:05,846.1,834.4,848.3,841.8,853.9,856.4,840.3,850.0,856.3,856.9,935.9,983.5,2.4,20.6
2025-04-28 12:20:10,846.1,834.9,848.1,841.6,853.7,856.7,840.2,850.1,856.1,857.7,936.8,983.9,2.3,20.5
2025-04-28 12:20:15,845.7,834.9,848.2,841.6,853.5,856.6,840.0,850.4,856.1,858.0,936.8,983.6,3.0,20.5
2025-04-28 12:20:20,845.8,835.2,848.5,840.9,854.0,856.5,840.9,850.6,856.3,858.3,937.1,983.6,3.4,20.5
2025-04-28 12:20:25,846.2,834.4,848.8,841.7,854.6,857.6,841.6,851.3,856.5,858.1,937.4,983.2,2.6,20.5
2025-04-28 12:20:30,846.3,834.4,848.9,841.8,854.7,857.3,841.6,852.1,856.2,857.6,936.0,984.1,2.1,20.5
2025-04-28 12:20:35,846.3,834.4,849.1,842.6,853.9,857.6,840.3,851.9,856.0,857.5,935.7,984.0,2.1,20.5
2025-04-28 12:20:40,845.9,835.5,849.6,842.3,853.6,857.8,840.0,852.0,856.1,857.8,935.6,984.0,2.5,20.4
2025-04-28 12:20:45,846.4,834.7,849.4,842.7,853.9,857.5,839.8,852.9,856.0,858.0,936.5,984.5,3.4,20.4
2025-04-28 12:20:50,846.3,835.3,849.2,843.8,854.2,857.4,839.8,853.0,855.8,858.2,936.3,984.6,3.2,20.4
2025-04-28 12:20:55,846.1,835.6,849.4,843.1,854.6,857.5,839.8,852.6,855.8,858.3,936.3,984.6,3.4,20.4
2025-04-28 12:21:00,846.6,835.4,849.1,843.5,854.4,857.6,840.1,852.3,856.0,858.5,936.7,984.6,3.1,20.4
2025-04-28 12:21:05,847.1,835.4,849.1,843.3,854.7,857.7,841.4,853.7,856.5,859.2,936.9,985.5,3.1,20.4
2025-04-28 12:21:10,847.6,835.3,849.7,843.5,855.0,857.9,842.6,853.8,858.0,859.9,937.3,985.5,2.7,20.4
2025-04-28 12:21:15,847.6,835.1,849.7,843.0,855.5,858.1,843.7,853.6,858.0,859.8,937.5,985.6,2.4,20.4
2025-04-28 12:21:20,847.6,835.5,849.9,843.8,855.7,858.5,843.2,854.2,858.1,859.8,937.4,985.9,2.1,20.4
2025-04-28 12:21:25,847.1,836.0,850.7,844.0,855.8,859.1,843.5,854.1,858.3,860.0,937.6,986.2,2.4,20.4
2025-04-28 12:21:30,846.9,836.3,850.1,845.0,856.0,859.9,843.2,854.9,858.5,860.2,938.2,986.2,2.3,20.3
2025-04-28 12:21:35,847.2,837.0,850.4,845.3,856.3,860.1,842.6,854.7,858.6,860.7,938.4,986.2,2.4,20.3
2025-04-28 12:21:40,847.8,837.0,850.9,845.4,856.4,860.1,842.6,854.8,858.3,860.4,938.7,986.6,1.9,20.3
2025-04-28 12:21:45,848.1,837.4,851.4,845.3,856.5,859.8,843.6,854.5,858.3,860.4,938.2,987.1,1.7,20.3
2025-04-28 12:21:50,849.3,837.0,851.6,845.2,856.8,859.6,843.7,855.2,857.9,860.4,938.3,986.7,2.0,20.3
2025-04-28 12:21:55,849.3,836.8,852.2,845.4,857.7,859.5,843.9,854.2,858.0,860.7,938.0,986.8,2.0,20.3
2025-04-28 12:22:00,849.5,837.0,852.1,845.0,857.5,859.4,843.3,854.0,857.5,860.6,938.3,986.5,1.9,20.3
2025-04-28 12:22:05,849.5,836.8,851.6,844.2,856.9,859.7,843.1,854.3,857.7,860.6,938.3,986.8,1.9,20.3
2025-04-28 12:22:10,849.3,836.5,851.3,843.8,856.9,859.4,843.6,853.8,857.2,860.5,937.6,985.6,1.5,20.3
2025-04-28 12:22:15,848.9,835.9,851.1,844.1,856.5,859.9,843.2,853.8,857.1,860.9,937.9,986.0,1.3,20.3
2025-04-28 12:22:20,848.8,835.8,851.3,843.8,856.6,860.1,843.4,853.9,857.2,861.3,937.9,985.9,1.1,20.2
2025-04-28 12:22:25,848.6,836.1,851.7,844.1,856.7,860.4,843.5,853.8,857.7,861.4,938.6,985.9,1.0,20.3
2025-04-28 12:22:30,848.9,836.5,852.3,844.4,856.4,860.5,843.5,854.5,858.1,861.6,938.4,985.8,1.1,20.3
2025-04-28 12:22:35,848.8,836.6,852.6,844.3,857.0,859.9,843.6,854.2,857.9,862.2,939.2,986.3,1.0,20.3
2025-04-28 12:22:40,848.7,837.3,853.0,844.7,857.2,860.5,843.8,854.2,858.7,862.2,939.3,985.9,1.1,20.3
2025-04-28 12:22:45,849.4,837.2,853.1,844.7,856.7,860.5,844.4,854.5,858.6,862.4,939.1,985.8,1.1,20.3
2025-04-28 12:22:50,849.9,837.3,853.4,844.9,856.9,860.4,844.3,854.1,858.7,862.1,938.4,985.6,1.2,20.3
2025-04-28 12:22:55,850.2,838.4,853.4,844.7,857.2,860.8,843.8,853.9,858.8,862.5,938.5,985.1,1.2,20.2
2025-04-28 12:23:00,850.1,838.4,854.1,844.7,857.5,860.8,843.3,854.1,858.8,862.6,938.9,985.3,1.2,20.2
2025-04-28 12:23:05,850.2,838.6,854.1,844.8,857.3,861.1,843.6,855.2,858.8,862.6,938.5,985.5,1.2,20.2
2025-04-28 12:23:10,850.5,838.7,854.3,845.8,857.0,861.4,843.7,855.1,859.0,862.4,938.8,984.5,1.4,20.2
2025-04-28 12:23:15,850.4,838.7,853.8,845.7,856.7,861.3,843.9,855.2,859.0,862.5,938.3,984.2,1.5,20.2
2025-04-28 12:23:20,850.3,840.0,854.0,846.3,856.8,861.6,844.0,856.0,859.6,862.8,938.2,984.4,1.6,20.2
2025-04-28 12:23:25,850.5,840.2,854.2,846.4,856.8,861.9,843.9,856.3,860.1,863.2,938.8,986.2,1.6,20.2
2025-04-28 12:23:30,850.5,841.6,854.3,846.7,857.4,862.7,844.2,856.9,860.5,863.3,939.2,986.4,1.4,20.1
2025-04-28 12:23:35,850.7,841.7,854.0,847.4,858.2,863.9,844.7,857.2,860.9,863.8,939.4,987.5,1.3,20.2
2025-04-28 12:23:40,851.2,841.9,854.2,848.3,858.3,863.9,844.9,857.4,861.0,863.9,939.7,988.0,1.2,20.1
2025-04-28 12:23:45,852.2,842.5,855.1,848.3,858.2,863.8,845.6,857.3,863.0,865.3,940.6,987.8,0.9,20.2
2025-04-28 12:23:50,852.9,843.1,855.7,848.4,858.8,863.9,846.2,858.2,862.1,865.4,941.5,987.4,0.7,20.2
2025-04-28 12:23:55,853.0,843.8,856.1,848.5,859.2,864.7,846.5,858.6,862.4,865.2,941.3,987.3,0.8,20.2
2025-04-28 12:24:00,853.3,843.6,856.0,849.1,859.6,865.0,846.6,859.2,862.7,865.6,941.2,988.0,0.7,20.2
2025-04-28 12:24:05,854.0,843.8,856.4,849.4,859.6,865.0,846.9,859.7,863.4,866.1,942.3,989.4,0.5,20.2
2025-04-28 12:24:10,854.5,844.7,856.9,849.7,859.5,865.1,846.7,859.9,863.5,866.1,942.0,989.4,0.5,20.3
2025-04-28 12:24:15,854.7,845.0,857.1,849.9,859.7,865.3,847.0,859.9,863.2,866.4,942.1,988.9,0.5,20.2
2025-04-28 12:24:20,854.1,844.9,856.8,849.6,860.2,865.7,847.0,860.1,863.5,866.7,943.4,988.3,0.4,20.2
2025-04-28 12:24:25,853.8,845.3,857.0,850.2,860.2,866.3,848.4,860.6,866.0,867.3,943.2,989.0,0.4,20.2
2025-04-28 12:24:30,853.9,845.4,858.2,850.9,861.5,867.0,848.8,861.9,866.1,868.5,944.6,991.2,0.4,20.3
2025-04-28 12:24:35,854.5,846.0,858.0,851.8,862.5,867.5,849.5,862.7,866.8,869.7,946.5,990.9,0.9,20.2
2025-04-28 12:24:40,854.8,846.7,858.1,854.1,862.7,869.3,850.8,863.9,867.2,870.2,947.4,992.4,2.4,20.3
2025-04-28 12:24:45,855.4,848.0,859.7,854.5,864.2,869.2,851.5,863.6,868.3,870.2,947.2,993.5,2.5,20.3
2025-04-28 12:24:50,856.7,848.4,859.9,854.7,864.2,869.9,851.4,865.0,869.5,870.0,947.0,994.4,2.6,20.3
2025-04-28 12:24:55,857.0,848.0,860.7,855.3,864.4,869.8,851.5,864.9,868.9,869.9,946.1,994.3,3.6,20.4
2025-04-28 12:25:00,857.5,848.8,860.8,856.6,864.3,870.1,851.5,864.6,868.8,869.5,945.8,996.1,3.6,20.3
2025-04-28 12:25:05,857.9,849.1,860.9,856.2,864.7,869.6,851.3,864.1,868.3,869.7,945.2,995.8,3.9,20.4
2025-04-28 12:25:10,858.1,848.5,860.5,855.6,864.4,870.4,851.2,864.0,868.9,869.9,945.8,996.0,4.3,20.4
2025-04-28 12:25:15,857.9,848.6,860.4,855.4,864.6,870.6,851.7,864.6,868.9,870.2,946.2,996.2,4.3,20.4
2025-04-28 12:25:20,858.0,847.4,860.7,855.5,864.7,870.6,852.4,864.9,868.5,870.1,946.0,996.0,3.5,20.4
2025-04-28 12:25:25,858.3,847.2,860.7,855.8,864.8,870.9,852.2,864.2,868.2,870.1,945.3,996.8,3.8,20.4
2025-04-28 12:25:30,858.4,847.2,860.9,856.0,865.3,871.0,851.9,864.0,868.2,870.0,944.9,995.6,3.0,20.4
2025-04-28 12:25:35,857.9,847.3,862.6,855.7,865.3,870.4,851.9,863.4,867.6,869.6,944.6,994.6,2.9,20.4
2025-04-28 12:25:40,858.3,846.8,861.8,855.1,864.9,869.7,851.3,863.1,867.4,869.6,944.5,994.4,3.0,20.4
2025-04-28 12:25:45,859.0,846.6,861.7,854.5,863.4,868.9,850.3,862.7,867.5,869.4,943.9,993.9,2.6,20.4
2025-04-28 12:25:50,859.0,845.7,861.0,854.8,863.3,869.3,850.6,862.6,868.7,869.4,943.5,993.9,2.4,20.4
2025-04-28 12:25:55,858.1,846.1,860.5,855.0,863.9,869.6,850.6,863.0,868.0,869.1,943.2,993.9,1.8,20.4
2025-04-28 12:26:00,857.2,845.5,860.5,854.7,863.7,869.3,850.3,862.9,868.0,869.2,942.9,994.5,1.4,20.4
2025-04-28 12:26:05,857.0,845.2,860.4,854.4,863.1,868.8,850.3,863.0,868.0,869.4,943.0,994.9,1.4,20.4
2025-04-28 12:26:10,856.9,845.0,860.0,853.8,863.4,868.4,850.7,863.4,868.2,869.7,942.9,994.4,1.1,20.4
2025-04-28 12:26:15,857.4,845.4,860.0,853.3,863.5,868.6,850.8,864.1,868.4,869.9,943.3,994.0,0.9,20.4
2025-04-28 12:26:20,857.2,845.6,860.0,853.4,863.8,869.1,851.2,864.0,868.3,870.1,943.5,996.3,0.9,20.5
2025-04-28 12:26:25,857.2,845.9,860.6,854.2,864.8,869.1,852.0,863.5,868.2,870.5,943.5,995.1,1.4,20.4
2025-04-28 12:26:30,857.4,846.6,861.8,854.0,865.0,869.0,852.1,863.4,868.1,870.5,943.7,994.5,2.2,20.4
2025-04-28 12:26:35,857.8,846.7,862.4,854.9,865.2,868.8,851.9,863.3,868.4,870.7,943.5,994.0,2.4,20.4
2025-04-28 12:26:40,858.2,846.7,862.9,854.7,865.8,869.3,851.8,863.5,868.5,870.6,943.3,994.5,2.3,20.4
2025-04-28 12:26:45,858.5,846.9,862.9,854.6,865.2,869.8,851.3,863.4,868.4,870.6,943.3,994.5,2.2,20.4
2025-04-28 12:26:50,859.0,847.2,862.8,854.9,865.0,869.8,851.3,863.8,868.8,871.5,943.8,995.4,2.1,20.4
2025-04-28 12:26:55,858.6,847.0,862.2,855.2,864.7,870.4,851.5,864.3,870.0,872.3,944.5,995.2,2.4,20.4
2025-04-28 12:27:00,858.6,847.4,861.9,856.7,865.6,871.2,852.6,864.1,869.9,872.5,945.2,995.2,3.0,20.4
2025-04-28 12:27:05,858.5,847.2,863.5,856.0,866.3,871.2,852.7,864.5,870.8,873.3,945.8,995.8,3.4,20.4
2025-04-28 12:27:10,858.7,847.5,863.8,856.1,866.7,871.2,853.5,865.2,870.9,873.6,945.9,996.1,3.0,20.4
2025-04-28 12:27:15,859.0,848.0,863.7,856.0,867.0,871.3,854.0,865.4,871.4,873.9,946.1,996.8,2.8,20.4
2025-04-28 12:27:20,859.7,848.7,863.9,856.4,867.2,871.1,854.4,866.0,871.3,873.6,945.7,997.2,2.5,20.3
2025-04-28 12:27:25,860.1,849.1,864.2,856.6,867.1,872.0,854.8,866.2,871.7,874.3,946.0,997.6,2.3,20.3
2025-04-28 12:27:30,860.9,850.5,864.7,857.6,867.1,872.3,855.1,866.5,871.7,874.2,946.0,998.2,1.9,20.3
2025-04-28 12:27:35,861.2,851.1,864.8,859.2,867.6,873.1,854.8,867.5,872.1,874.2,945.7,998.7,1.5,20.3
2025-04-28 12:27:40,861.8,851.2,864.3,858.7,867.3,873.2,854.9,866.8,872.1,874.4,945.9,999.4,1.4,20.3
2025-04-28 12:27:45,861.7,850.9,864.1,859.3,867.7,873.7,855.1,866.8,872.7,874.7,945.9,1000.4,1.4,20.3
2025-04-28 12:27:50,861.4,850.5,864.7,859.3,868.3,873.7,855.6,867.1,872.4,874.7,946.1,1001.0,1.2,20.3
2025-04-28 12:27:55,861.5,850.4,864.7,859.5,868.4,873.9,856.4,867.0,872.3,874.9,945.9,1000.6,1.9,20.3
2025-04-28 12:28:00,861.7,850.6,864.7,859.1,868.5,874.0,856.3,867.2,872.3,874.8,945.8,1000.4,2.0,20.3
2025-04-28 12:28:05,862.0,850.2,865.5,859.1,868.8,874.1,856.6,867.0,871.9,874.7,945.8,999.9,2.1,20.3
2025-04-28 12:28:10,862.2,849.2,865.2,859.4,868.6,873.4,856.4,865.7,871.2,873.9,944.0,999.4,2.4,20.3
2025-04-28 12:28:15,861.9,849.0,864.9,858.9,868.4,873.2,854.2,865.6,870.4,873.6,943.6,998.9,2.7,20.3
2025-04-28 12:28:20,861.5,849.0,864.4,857.4,867.9,872.2,853.8,866.0,870.2,873.7,943.4,998.4,2.8,20.3
2025-04-28 12:28:25,860.9,849.2,864.0,856.6,867.1,871.7,854.3,866.2,870.3,874.1,943.4,997.2,2.8,20.3
2025-04-28 12:28:30,860.6,848.6,864.1,856.4,867.5,871.0,854.3,865.1,869.9,873.7,942.8,996.0,2.5,20.3
2025-04-28 12:28:35,860.2,848.2,864.0,856.0,867.8,870.4,854.4,864.2,869.6,873.3,942.1,996.0,2.4,20.3
2025-04-28 12:28:40,860.6,847.7,864.2,855.5,867.0,870.5,854.1,864.1,869.4,873.0,941.7,995.1,2.2,20.3
2025-04-28 12:28:45,860.6,847.2,863.9,855.4,866.6,870.4,854.0,864.2,870.2,874.0,943.1,995.5,2.0,20.3
2025-04-28 12:28:50,860.3,847.1,863.3,855.8,867.0,870.3,853.9,865.3,870.9,874.4,943.5,995.1,1.8,20.3
2025-04-28 12:28:55,860.3,846.8,863.9,856.3,867.8,871.0,854.1,865.4,871.0,874.2,942.9,995.3,1.7,20.3
2025-04-28 12:29:00,860.9,846.7,864.3,856.4,867.0,871.4,853.5,865.7,870.8,874.2,942.7,995.7,1.5,20.3
2025-04-28 12:29:05,861.2,847.6,863.9,856.3,867.0,871.4,854.0,865.8,870.6,874.4,942.8,996.0,1.2,20.3
2025-04-28 12:29:10,860.7,848.0,864.1,856.2,867.7,871.8,854.4,866.5,871.0,875.0,943.2,996.4,1.2,20.2
2025-04-28 12:29:15,860.4,848.9,864.1,856.1,868.1,872.7,854.8,865.7,871.3,875.2,943.5,998.0,1.0,20.2
2025-04-28 12:29:20,861.3,849.2,864.5,857.0,868.4,873.0,854.7,866.0,870.8,875.0,943.1,998.2,1.1,20.2
2025-04-28 12:29:25,861.7,848.7,865.4,857.4,868.4,872.3,854.8,865.5,870.6,875.2,942.8,997.7,1.0,20.2
2025-04-28 12:29:30,861.7,847.7,864.8,857.5,868.6,871.9,855.4,865.8,870.8,874.5,943.0,996.5,1.3,20.3
2025-04-28 12:29:35,861.4,847.8,864.9,857.8,868.4,871.8,855.7,866.6,871.0,875.7,942.9,996.8,1.6,20.3
2025-04-28 12:29:40,861.0,848.3,865.1,857.8,868.3,871.8,856.1,867.2,871.6,875.6,943.1,998.0,1.7,20.2
2025-04-28 12:29:45,861.4,848.0,865.0,858.2,868.6,873.2,856.1,867.5,871.6,875.4,942.6,998.1,1.5,20.3
2025-04-28 12:29:50,861.1,847.8,865.1,858.4,868.7,872.9,856.0,868.1,872.0,875.6,942.9,999.0,1.5,20.3
2025-04-28 12:29:55,861.5,848.7,866.0,858.5,869.5,873.1,856.1,868.3,872.3,875.9,943.8,999.6,1.7,20.3
2025-04-28 12:30:00,861.7,849.0,866.6,858.7,869.3,873.5,857.0,868.5,872.7,876.8,944.0,999.3,1.9,20.3
2025-04-28 12:30:05,861.9,849.5,866.8,859.1,869.7,873.7,858.1,869.0,872.8,877.0,943.5,998.9,1.9,20.3
2025-04-28 12:30:10,862.3,850.3,867.1,859.2,870.1,873.4,858.3,868.8,873.0,877.2,943.8,998.9,1.9,20.3
2025-04-28 12:30:15,863.6,852.8,867.2,859.0,870.5,873.5,857.9,869.5,873.2,877.5,944.8,999.0,2.2,20.3
2025-04-28 12:30:20,864.2,851.6,867.3,858.7,870.9,873.9,859.0,869.9,873.3,877.7,944.6,998.6,2.2,20.3
2025-04-28 12:30:25,863.4,851.5,866.9,859.6,871.4,874.1,859.0,869.8,873.8,877.5,944.3,999.0,2.2,20.3
2025-04-28 12:30:30,863.4,851.7,866.9,859.7,871.0,874.6,858.7,869.9,874.5,877.7,944.7,999.0,1.9,20.3
2025-04-28 12:30:35,863.6,851.6,867.1,860.0,871.6,875.2,859.4,869.6,874.8,878.2,945.3,999.3,1.8,20.3
2025-04-28 12:30:40,863.8,851.9,867.0,860.9,871.7,876.0,859.9,869.9,874.9,878.8,945.7,999.9,1.7,20.2
2025-04-28 12:30:45,864.2,852.0,867.3,861.5,872.6,876.9,860.4,870.0,875.2,878.8,946.0,1001.0,1.8,20.2
2025-04-28 12:30:50,864.1,852.5,867.9,861.9,872.9,876.8,860.7,870.2,875.5,879.3,946.4,1001.4,2.1,20.2
2025-04-28 12:30:55,865.2,852.7,869.1,862.0,872.8,876.8,860.7,870.2,875.8,879.3,946.6,1001.6,2.1,20.2
2025-04-28 12:31:00,865.8,853.0,869.9,862.1,873.1,876.7,860.3,870.1,875.7,879.1,946.1,1001.6,2.1,20.2
2025-04-28 12:31:05,867.2,852.9,869.9,861.9,873.1,876.6,860.3,870.2,875.8,878.9,946.0,1000.8,1.8,20.2
2025-04-28 12:31:10,867.5,852.6,869.4,861.5,872.9,876.5,860.4,871.0,875.6,879.5,946.3,1000.6,1.6,20.1
2025-04-28 12:31:15,867.2,853.5,869.2,862.4,873.4,876.9,860.5,871.6,876.3,880.0,946.6,1001.4,1.4,20.2
2025-04-28 12:31:20,867.2,853.2,869.3,862.6,873.1,877.6,860.7,872.1,876.6,880.3,947.1,1002.0,1.2,20.2
2025-04-28 12:31:25,867.3,853.9,869.6,862.4,873.3,877.6,861.6,871.9,877.0,880.3,947.3,1002.2,1.1,20.2
2025-04-28 12:31:30,867.1,854.4,870.1,862.3,873.8,877.7,862.3,872.3,877.4,880.7,947.5,1002.6,0.8,20.2
2025-04-28 12:31:35,867.7,854.2,869.8,862.6,874.0,878.1,861.9,872.2,877.9,880.4,947.3,1003.6,0.7,20.2
2025-04-28 12:31:40,867.7,854.2,870.8,863.3,873.9,878.3,862.0,872.7,877.9,880.7,947.3,1003.4,1.2,20.2
2025-04-28 12:31:45,867.5,854.4,871.2,862.8,873.9,878.4,862.0,873.0,877.9,880.6,947.3,1003.0,1.6,20.2
2025-04-28 12:31:50,867.7,854.9,871.0,863.2,874.8,878.8,861.8,873.0,877.8,880.6,947.1,1003.2,1.8,20.2
2025-04-28 12:31:55,867.9,854.9,871.4,863.5,874.8,878.8,861.6,873.0,877.7,881.3,947.5,1003.4,2.2,20.2
2025-04-28 12:32:00,868.1,854.5,871.7,863.6,874.7,879.3,861.5,873.0,877.5,881.1,947.4,1003.4,2.0,20.2
2025-04-28 12:32:05,868.4,854.4,872.2,863.6,874.6,878.9,861.8,872.7,877.5,881.4,947.3,1003.8,2.0,20.2
2025-04-28 12:32:10,868.4,854.3,872.3,863.1,874.4,877.7,861.7,872.5,876.9,881.2,946.7,1003.6,1.8,20.2
2025-04-28 12:32:15,868.3,853.3,871.6,863.0,874.1,877.5,861.8,872.0,876.8,880.7,946.2,1003.6,1.7,20.2
2025-04-28 12:32:20,868.2,852.6,870.7,862.7,873.4,877.2,861.5,872.0,876.9,880.5,945.4,1002.6,1.5,20.2
2025-04-28 12:32:25,867.8,852.9,869.9,862.7,872.8,877.6,861.9,871.7,876.8,880.3,945.8,1002.6,1.3,20.2
2025-04-28 12:32:30,867.0,852.6,870.1,862.5,872.6,877.8,861.7,871.9,877.0,880.2,944.4,1002.0,1.2,20.2
2025-04-28 12:32:35,867.2,852.6,870.5,863.4,872.8,878.3,861.9,871.3,876.8,880.3,944.1,1001.6,1.1,20.1
2025-04-28 12:32:40,867.1,852.8,870.6,863.1,872.4,877.2,861.3,871.7,876.7,880.4,944.5,1002.0,1.1,20.2
2025-04-28 12:32:45,866.8,853.4,870.5,862.5,872.7,877.0,861.4,871.6,876.4,880.9,944.8,1002.0,1.1,20.3
2025-04-28 12:32:50,866.8,853.7,870.9,862.5,873.0,876.9,861.3,871.9,875.9,880.3,944.1,1001.6,1.0,20.2
2025-04-28 12:32:55,867.0,854.0,870.6,862.9,874.0,877.0,861.7,872.5,876.0,880.4,944.1,1001.8,1.0,20.2
2025-04-28 12:33:00,867.2,855.6,871.3,862.8,873.4,877.6,861.3,872.4,876.1,880.0,944.4,1001.2,0.9,20.2
2025-04-28 12:33:05,868.3,855.0,871.5,862.8,873.6,877.5,861.4,872.4,876.0,881.4,943.4,1001.4,0.9,20.2
2025-04-28 12:33:10,867.7,855.2,871.0,863.3,873.3,877.9,861.5,872.3,876.1,880.1,943.8,1001.6,0.8,20.2
                                                                                                       