timestamp,P1,P2,P3,P4,P5,P6,P7,P8,P9,P0,PH,Pinc,ws,temp
2025-04-23 12:38:40,842.9,829.6,847.5,840.2,847.9,855.9,840.9,847.6,857.9,859.1,923.6,991.8,0.6,20.6
2025-04-23 12:38:45,843.4,830.0,847.5,840.6,848.5,855.0,841.2,848.6,858.1,859.4,923.8,992.6,0.6,20.7
2025-04-23 12:38:50,843.5,830.4,847.2,840.7,848.9,854.8,841.0,848.7,857.7,859.5,923.7,992.7,0.6,20.7
2025-04-23 12:38:55,844.6,829.9,846.9,841.2,849.1,855.3,841.2,848.8,857.9,859.5,923.8,992.7,0.6,20.6
2025-04-23 12:39:00,844.9,829.9,847.1,842.1,849.4,855.6,841.4,849.3,857.4,859.7,924.1,993.6,0.5,20.7
2025-04-23 12:39:05,845.2,830.1,847.5,842.1,849.6,855.3,841.5,849.6,857.7,860.0,924.2,994.1,0.4,20.7
2025-04-23 12:39:10,845.2,830.5,847.8,842.5,849.4,855.8,841.5,851.2,857.6,860.1,924.2,994.7,0.3,20.7
2025-04-23 12:39:15,845.2,831.2,847.9,842.4,849.5,856.1,842.4,818.7,858.0,860.2,924.0,995.4,0.2,20.6
2025-04-23 12:39:20,845.2,831.9,848.2,842.7,849.8,855.7,842.4,836.9,858.4,860.4,924.2,995.6,0.1,20.7
2025-04-23 12:39:25,845.7,832.8,848.8,843.3,850.2,855.9,842.6,849.4,858.6,860.4,924.0,995.7,0.1,20.7
2025-04-23 12:39:30,845.9,833.8,848.5,843.6,850.1,855.9,842.7,835.3,858.7,860.2,923.5,996.1,0.0,20.7
2025-04-23 12:39:35,845.9,834.2,849.5,843.5,850.2,856.0,842.6,849.9,858.8,860.4,924.3,996.0,0.0,20.7
2025-04-23 12:39:40,846.1,834.4,849.4,844.0,850.5,855.9,842.8,852.0,859.2,860.7,924.2,996.2,0.0,20.7
2025-04-23 12:39:45,846.2,834.1,849.3,844.1,850.7,856.4,843.0,851.5,859.6,861.2,924.0,996.7,0.0,20.7
2025-04-23 12:39:50,845.9,834.2,849.7,844.3,851.3,856.3,842.7,852.5,860.2,861.5,924.7,996.2,0.0,20.7
2025-04-23 12:39:55,845.8,834.3,849.5,844.3,851.6,856.4,842.8,852.7,860.3,861.7,924.6,995.7,0.0,20.7
2025-04-23 12:40:00,846.2,834.4,849.6,844.1,851.7,856.7,843.1,853.1,860.1,861.0,924.5,995.5,0.0,20.7
2025-04-23 12:40:05,846.6,834.4,850.0,844.4,852.0,857.1,843.0,852.2,859.9,862.0,924.7,995.9,0.0,20.7
2025-04-23 12:40:10,846.8,834.6,850.2,844.3,852.1,857.5,843.3,853.0,859.9,862.2,924.7,995.7,0.0,20.7
2025-04-23 12:40:15,847.5,835.1,850.3,844.4,851.9,857.8,843.6,854.2,859.9,862.1,924.9,995.7,0.2,20.7
2025-04-23 12:40:20,847.7,835.3,850.4,844.3,851.8,857.9,843.5,853.8,860.1,862.7,925.0,995.8,0.3,20.7
2025-04-23 12:40:25,847.7,835.4,850.2,844.7,851.5,857.9,843.8,853.7,860.1,862.3,924.9,995.7,0.4,20.7
2025-04-23 12:40:30,847.7,834.6,850.7,844.6,851.2,857.9,844.0,853.9,859.9,862.8,925.3,996.1,0.3,20.7
2025-04-23 12:40:35,847.3,834.2,850.6,844.7,851.2,857.6,844.1,854.0,860.1,862.8,925.1,996.0,0.4,20.7
2025-04-23 12:40:40,847.6,834.8,850.9,844.7,851.2,857.5,844.2,853.6,860.2,862.7,924.9,995.7,0.5,20.7
2025-04-23 12:40:45,847.4,834.5,850.8,844.5,851.5,857.5,844.4,853.5,860.0,862.8,924.7,996.0,0.5,20.7
2025-04-23 12:40:50,846.9,834.3,850.6,844.6,852.1,857.2,844.3,853.3,860.3,862.8,924.6,996.1,0.4,20.7
2025-04-23 12:40:55,846.5,834.1,850.6,844.9,851.9,857.0,842.9,853.1,859.9,862.7,924.3,996.1,0.4,20.7
2025-04-23 12:41:00,846.4,833.8,850.7,844.8,851.8,857.5,842.7,853.0,859.8,862.5,923.8,995.6,0.3,20.7
2025-04-23 12:41:05,846.2,834.0,851.5,844.8,851.5,857.7,842.5,852.9,859.5,862.4,924.0,995.4,0.2,20.7
2025-04-23 12:41:10,846.2,834.6,852.0,844.6,851.6,857.3,842.6,852.6,859.0,862.1,923.5,994.8,0.2,20.7
2025-04-23 12:41:15,846.4,834.7,852.3,844.4,851.3,857.3,842.7,853.0,859.2,862.1,923.5,994.8,0.1,20.8
2025-04-23 12:41:20,846.6,834.5,852.8,844.9,851.2,857.5,842.5,853.7,859.4,862.0,923.6,994.7,0.5,20.8
2025-04-23 12:41:25,846.5,833.2,852.7,845.2,851.5,857.5,842.5,854.1,860.0,861.9,923.7,994.4,0.6,20.8
2025-04-23 12:41:30,847.1,832.9,852.7,845.4,851.8,857.7,842.9,854.1,860.6,862.3,923.7,995.0,0.8,20.8
2025-04-23 12:41:35,847.6,832.7,852.9,845.1,852.1,858.1,843.7,854.7,860.5,862.5,923.4,995.0,0.9,20.8
2025-04-23 12:41:40,847.9,832.5,852.7,845.2,852.6,858.2,844.1,854.6,860.7,862.7,923.7,995.4,0.8,20.8
2025-04-23 12:41:45,848.2,833.5,852.9,845.1,852.5,858.2,844.2,854.6,860.6,863.0,923.8,995.5,0.7,20.7
2025-04-23 12:41:50,848.5,833.8,852.5,845.2,852.6,858.2,844.5,854.8,860.6,862.9,923.4,995.6,0.8,20.8
2025-04-23 12:41:55,848.3,834.3,852.1,845.6,852.2,858.3,844.4,855.1,861.2,862.7,923.3,995.5,0.7,20.7
2025-04-23 12:42:00,847.7,834.3,851.7,846.0,852.4,858.6,844.4,855.2,861.2,862.6,922.6,995.3,0.8,20.7
2025-04-23 12:42:05,847.8,834.3,851.4,846.9,852.1,859.1,843.9,855.0,860.9,862.4,922.5,995.4,0.9,20.7
2025-04-23 12:42:10,847.7,834.2,851.4,847.0,852.4,859.3,843.7,854.8,860.8,862.5,922.7,995.1,0.9,20.7
2025-04-23 12:42:15,847.4,834.5,851.2,847.1,852.6,859.4,843.8,855.2,860.8,862.6,922.7,995.2,0.7,20.7
2025-04-23 12:42:20,847.6,834.2,851.7,846.7,852.6,859.2,843.8,855.2,860.9,862.8,922.7,994.6,0.6,20.7
2025-04-23 12:42:25,847.6,834.1,851.5,846.5,852.4,859.0,843.8,855.3,860.6,863.0,922.9,994.8,0.5,20.7
2025-04-23 12:42:30,847.7,834.7,851.6,846.5,852.4,858.9,843.4,855.1,860.7,863.3,923.0,994.9,0.4,20.7
2025-04-23 12:42:35,847.4,834.8,851.7,846.5,852.3,858.3,843.5,855.1,860.6,863.3,922.9,995.2,0.3,20.7
2025-04-23 12:42:40,847.2,834.5,851.2,846.0,852.4,858.7,843.8,855.2,860.5,863.2,922.6,994.9,0.2,20.7
2025-04-23 12:42:45,847.2,834.3,852.4,845.7,852.2,858.7,843.7,854.9,860.4,863.3,922.7,994.5,0.1,20.7
2025-04-23 12:42:50,848.1,834.3,853.1,844.9,852.2,858.7,843.8,855.0,860.2,863.0,922.2,994.0,0.1,20.7
2025-04-23 12:42:55,847.9,835.2,853.1,844.7,851.9,858.6,844.2,855.2,860.3,863.2,922.1,994.0,0.0,20.7
2025-04-23 12:43:00,848.3,835.5,853.1,844.7,852.2,858.4,844.2,855.0,860.3,863.1,921.7,993.8,0.0,20.8
2025-04-23 12:43:05,848.5,835.9,852.9,844.7,852.3,858.2,844.6,855.2,859.8,863.0,921.7,993.2,0.2,20.7
2025-04-23 12:43:10,848.4,835.4,852.8,844.7,852.6,858.2,844.8,855.0,859.7,863.2,921.7,993.7,0.3,20.7
2025-04-23 12:43:15,848.6,835.3,852.7,844.5,852.7,858.3,844.9,855.3,859.5,863.3,921.9,994.2,0.2,20.7
2025-04-23 12:43:20,849.1,835.0,853.1,846.2,852.3,858.7,845.5,855.0,859.9,863.5,921.9,994.2,0.2,20.8
2025-04-23 12:43:25,849.1,834.8,853.4,845.3,852.6,858.6,845.3,854.6,860.1,863.5,921.7,994.4,0.1,20.8
2025-04-23 12:43:30,849.3,834.9,853.6,845.5,853.2,858.9,845.8,854.9,860.2,863.5,922.0,994.5,0.1,20.8
2025-04-23 12:43:35,849.7,834.8,854.0,846.2,853.8,858.9,846.3,855.4,860.2,863.8,921.9,994.7,0.2,20.8
2025-04-23 12:43:40,849.7,834.8,854.9,846.2,854.6,858.8,846.8,855.0,860.2,864.0,921.9,995.3,0.2,20.8
2025-04-23 12:43:45,849.9,834.7,855.0,846.2,855.2,858.6,846.7,855.0,860.3,863.9,922.0,995.5,0.3,20.8
2025-04-23 12:43:50,849.7,835.0,855.3,845.8,855.4,858.8,846.7,855.6,860.1,864.0,922.1,995.9,0.2,20.8
2025-04-23 12:43:55,850.0,835.1,855.7,845.7,855.4,858.8,846.9,855.5,860.3,864.5,922.0,996.2,0.3,20.8
2025-04-23 12:44:00,850.4,835.1,855.5,845.7,855.3,858.0,846.7,855.8,860.3,864.4,921.7,996.6,0.3,20.8
2025-04-23 12:44:05,850.5,835.4,855.2,845.9,855.1,858.1,846.3,855.1,860.4,864.7,922.0,996.7,0.4,20.8
2025-04-23 12:44:10,851.3,835.9,855.3,845.9,854.9,858.3,846.7,855.7,860.5,865.0,922.2,997.2,0.6,20.8
2025-04-23 12:44:15,851.9,836.0,855.5,846.6,855.3,858.5,846.8,855.5,860.4,865.0,922.4,997.6,0.7,20.8
2025-04-23 12:44:20,852.0,837.0,855.5,846.9,855.5,858.7,847.0,855.4,860.5,865.4,922.9,998.1,0.8,20.9
2025-04-23 12:44:25,852.1,837.7,855.8,847.2,855.9,858.2,847.5,855.9,860.5,865.7,923.1,998.2,0.8,20.9
2025-04-23 12:44:30,852.3,838.1,855.9,848.0,856.1,858.4,847.4,856.1,860.9,865.7,922.5,998.8,0.7,20.9
2025-04-23 12:44:35,851.5,838.0,855.9,848.3,856.1,859.6,847.6,856.6,861.0,865.7,922.9,999.0,0.6,20.9
2025-04-23 12:44:40,851.6,838.6,856.2,847.8,856.2,859.9,847.2,856.7,861.2,865.9,922.0,998.4,0.5,20.9
2025-04-23 12:44:45,852.0,838.4,856.5,848.1,856.4,859.8,847.4,856.2,861.5,866.0,922.1,998.6,0.5,20.9
2025-04-23 12:44:50,851.5,838.2,856.4,848.3,856.3,860.0,847.9,856.2,861.6,865.9,921.9,999.6,0.3,20.9
2025-04-23 12:44:55,850.9,838.1,856.5,848.3,856.4,860.1,848.3,856.6,861.6,865.6,922.2,999.3,0.3,20.9
2025-04-23 12:45:00,851.7,837.5,856.8,848.0,855.9,860.0,848.1,856.4,861.7,865.6,921.7,999.1,0.2,20.9
2025-04-23 12:45:05,851.2,836.8,857.3,847.8,855.5,860.5,848.0,856.9,861.7,865.6,921.6,999.1,0.2,20.9
2025-04-23 12:45:10,851.1,837.0,857.8,847.9,856.2,860.3,849.1,856.4,862.8,866.2,921.9,999.3,0.1,20.9
2025-04-23 12:45:15,850.9,837.3,859.1,847.8,856.6,860.8,849.6,856.7,862.9,865.9,922.1,999.7,0.1,21.0
2025-04-23 12:45:20,850.9,837.2,858.4,848.4,857.0,861.2,849.1,856.7,863.0,867.1,922.3,999.9,0.0,20.9
2025-04-23 12:45:25,851.2,837.2,857.9,848.4,857.6,861.2,848.8,856.6,862.9,866.9,922.2,999.8,0.1,20.9
2025-04-23 12:45:30,852.0,837.0,858.5,848.9,858.1,860.6,848.8,856.8,862.8,867.3,923.2,999.1,0.1,20.9
2025-04-23 12:45:35,852.4,837.2,858.2,849.0,858.5,860.7,848.7,857.1,863.6,867.6,923.2,999.2,0.1,21.0
2025-04-23 12:45:40,852.5,837.2,858.1,849.4,858.2,860.9,848.5,857.5,863.7,867.7,923.4,998.8,0.2,21.0
2025-04-23 12:45:45,852.7,837.3,858.3,850.4,859.4,861.7,848.6,857.9,863.7,868.3,923.1,999.3,0.3,21.0
2025-04-23 12:45:50,852.3,837.8,858.4,850.4,859.8,861.7,848.3,857.9,863.6,868.2,923.3,999.5,0.2,21.0
2025-04-23 12:45:55,852.9,838.2,858.7,850.2,859.7,862.1,848.5,857.9,863.7,868.8,923.7,999.5,0.2,21.0
2025-04-23 12:46:00,853.0,838.6,858.8,849.9,859.8,862.7,848.6,858.2,864.0,868.9,924.3,999.3,0.1,21.0
2025-04-23 12:46:05,853.2,838.7,858.8,849.5,860.0,862.6,849.0,858.4,863.8,869.0,923.9,999.5,0.0,21.0
2025-04-23 12:46:10,852.9,840.0,859.0,849.9,860.3,862.4,849.0,858.9,864.7,868.9,924.0,1000.2,0.0,21.1
2025-04-23 12:46:15,853.5,839.7,859.7,850.4,860.4,862.1,848.8,858.6,865.2,869.3,923.4,1002.4,0.0,21.0
2025-04-23 12:46:20,853.8,839.1,860.0,850.2,859.8,862.1,848.6,859.8,865.7,868.9,923.7,1001.2,0.2,21.0
2025-04-23 12:46:25,853.9,839.0,860.8,850.0,859.8,862.2,848.5,859.9,865.7,869.1,923.7,1001.0,0.4,21.1
2025-04-23 12:46:30,853.7,839.3,861.0,850.2,859.7,862.7,848.4,860.3,865.8,869.3,923.4,1000.8,0.5,21.0
2025-04-23 12:46:35,854.0,839.2,861.6,851.0,859.3,862.8,848.6,861.0,866.1,868.9,922.9,1001.0,0.5,21.0
2025-04-23 12:46:40,854.0,838.3,861.4,851.8,859.2,863.6,848.4,861.7,865.9,868.7,922.4,1000.6,0.5,21.0
2025-04-23 12:46:45,854.5,838.0,861.8,851.4,859.5,864.1,848.2,861.8,865.7,868.8,922.7,1000.4,0.5,21.0
2025-04-23 12:46:50,854.7,838.2,861.8,851.4,859.3,864.1,847.8,861.5,865.7,869.0,922.8,1000.2,0.5,21.0
2025-04-23 12:46:55,854.5,838.2,861.4,851.0,859.5,864.3,847.8,861.5,865.7,868.9,923.1,999.8,0.5,21.0
2025-04-23 12:47:00,854.2,838.6,861.0,851.6,859.1,863.9,847.8,861.5,865.6,869.0,923.1,999.6,0.5,21.0
2025-04-23 12:47:05,853.9,839.2,860.9,851.5,859.6,864.0,848.5,861.9,865.9,869.3,923.4,998.9,0.7,21.1
2025-04-23 12:47:10,854.1,838.9,860.6,851.5,860.1,864.4,848.7,861.9,866.2,870.0,923.5,998.6,0.7,21.1
2025-04-23 12:47:15,854.6,838.9,860.2,851.5,860.0,864.1,848.5,861.9,866.1,870.2,923.7,998.2,0.6,21.1
2025-04-23 12:47:20,854.1,839.1,859.6,852.1,859.7,863.9,848.6,861.7,866.1,870.4,923.7,998.2,0.6,21.1
2025-04-23 12:47:25,854.4,839.4,859.7,852.4,858.5,863.9,848.5,861.5,865.9,870.8,923.9,998.2,0.5,21.1
2025-04-23 12:47:30,855.0,839.4,859.8,851.8,858.5,863.9,848.3,861.3,865.7,870.8,923.7,998.2,0.3,21.1
2025-04-23 12:47:35,855.0,840.1,859.9,852.2,858.7,863.7,848.5,861.3,865.5,870.7,923.6,998.0,0.3,21.1
2025-04-23 12:47:40,854.8,840.0,860.1,852.4,858.2,863.7,848.3,861.5,865.7,870.7,923.5,998.8,0.2,21.1
2025-04-23 12:47:45,855.5,840.5,860.6,852.4,858.1,864.2,848.8,861.6,865.1,871.2,923.6,998.2,0.2,21.0
2025-04-23 12:47:50,855.2,840.2,860.1,852.1,858.3,864.1,848.7,861.6,865.4,871.0,923.4,997.9,0.1,21.1
2025-04-23 12:47:55,855.7,840.4,861.1,851.7,859.1,864.3,848.8,861.4,865.6,871.3,923.4,998.4,0.1,21.1
2025-04-23 12:48:00,855.9,840.5,860.4,852.2,858.8,864.4,848.7,861.1,866.0,871.4,923.0,998.7,0.1,21.1
2025-04-23 12:48:05,856.0,840.5,860.6,852.2,858.7,864.4,849.1,861.0,866.1,871.5,923.4,999.4,0.1,21.1
2025-04-23 12:48:10,856.0,840.3,860.3,852.3,859.4,864.5,849.4,860.8,866.2,871.9,923.4,999.2,0.1,21.1
2025-04-23 12:48:15,856.2,840.3,860.7,852.3,859.8,864.4,849.6,861.3,866.5,872.1,923.7,999.2,0.3,21.1
2025-04-23 12:48:20,856.4,840.8,861.5,852.0,860.1,864.1,850.2,861.0,867.1,872.3,923.9,999.4,0.6,21.1
2025-04-23 12:48:25,857.1,841.3,861.8,852.2,860.3,864.4,850.0,861.0,867.4,872.5,924.2,999.6,0.6,21.1
2025-04-23 12:48:30,857.5,841.9,862.3,852.4,860.4,864.6,850.6,861.4,868.2,872.6,924.0,1000.0,0.6,21.1
2025-04-23 12:48:35,858.1,843.0,862.7,852.1,861.2,864.7,851.2,862.2,868.6,873.3,924.3,999.9,0.5,21.1
2025-04-23 12:48:40,858.1,843.5,863.0,852.3,860.9,864.8,851.5,862.4,868.5,873.4,924.4,999.9,0.4,21.1
2025-04-23 12:48:45,859.2,843.6,863.0,852.9,861.6,864.9,851.7,862.2,868.5,873.8,925.1,1000.2,0.5,21.1
2025-04-23 12:48:50,859.6,843.8,863.4,853.6,862.1,865.6,853.2,862.9,868.6,874.5,925.5,1000.2,0.5,21.2
2025-04-23 12:48:55,859.9,843.5,863.8,854.0,862.1,865.5,853.1,863.4,869.0,875.0,925.4,1002.0,0.6,21.2
2025-04-23 12:49:00,860.3,843.5,863.8,854.4,861.9,865.9,853.4,863.4,869.3,874.2,925.0,1002.2,0.6,21.1
2025-04-23 12:49:05,860.1,843.3,864.2,854.8,860.7,865.8,854.2,863.5,869.1,874.8,925.6,1002.2,0.6,21.2
2025-04-23 12:49:10,860.1,843.6,864.6,855.1,860.9,866.4,853.2,863.4,868.9,874.8,926.0,1002.4,0.7,21.2
2025-04-23 12:49:15,860.2,843.6,863.7,855.1,861.3,864.5,852.5,863.0,868.7,875.0,925.0,1001.4,0.7,21.2
2025-04-23 12:49:20,859.7,843.7,863.8,854.6,861.6,865.0,852.8,863.1,868.5,875.0,924.6,1000.4,0.7,21.2
2025-04-23 12:49:25,859.3,843.5,863.9,854.7,862.0,865.1,853.7,862.4,868.1,874.6,924.0,1000.6,0.5,21.2
2025-04-23 12:49:30,859.1,843.7,864.3,854.4,862.4,865.4,854.6,862.4,867.8,874.6,924.1,1000.2,0.4,21.2
2025-04-23 12:49:35,859.0,844.1,864.4,854.2,862.2,865.3,854.3,861.7,868.0,875.2,924.4,1001.4,0.3,21.2
2025-04-23 12:49:40,858.9,843.7,864.8,853.7,862.7,864.9,854.9,863.0,868.3,875.2,924.4,1001.4,0.3,21.2
2025-04-23 12:49:45,858.7,844.1,864.6,853.8,862.8,864.5,855.1,863.6,868.2,875.0,924.7,1001.8,0.4,21.2
2025-04-23 12:49:50,858.7,844.3,865.5,854.0,862.7,866.0,855.2,863.8,869.4,875.3,924.6,1002.0,0.5,21.2
2025-04-23 12:49:55,858.7,843.8,864.6,854.3,862.7,866.8,855.4,863.4,868.6,875.5,924.7,1002.6,0.6,21.2
2025-04-23 12:50:00,858.9,844.1,865.2,854.4,862.7,867.2,856.0,865.5,868.7,875.4,924.8,1003.2,0.7,21.3
2025-04-23 12:50:05,858.7,844.8,865.2,854.4,863.0,867.6,855.6,865.0,869.3,875.1,924.2,1002.6,0.7,21.3
2025-04-23 12:50:10,859.1,845.1,863.9,853.9,862.3,866.9,854.2,865.7,869.6,875.9,925.0,1003.0,0.5,21.2
2025-04-23 12:50:15,859.2,843.7,864.8,853.7,862.6,866.7,854.5,866.2,869.8,875.7,924.8,1003.6,0.5,21.2
2025-04-23 12:50:20,859.3,844.0,864.6,854.1,862.8,865.9,854.8,866.0,870.1,874.8,923.9,1003.6,0.5,21.3
2025-04-23 12:50:25,859.6,844.1,864.6,853.7,862.5,865.4,854.8,866.1,870.4,875.8,923.7,1003.6,0.5,21.3
2025-04-23 12:50:30,860.0,844.7,864.2,854.3,861.9,865.4,854.5,864.6,870.2,875.7,923.7,1003.0,0.5,21.3
2025-04-23 12:50:35,859.3,844.0,864.1,854.1,861.8,865.4,854.4,864.9,870.0,875.8,923.5,1003.4,0.4,21.3
2025-04-23 12:50:40,857.9,843.8,864.1,854.3,861.6,865.8,853.7,864.4,869.5,875.4,923.8,1003.2,0.3,21.3
2025-04-23 12:50:45,858.9,843.8,863.7,853.8,861.0,865.2,854.2,864.9,869.2,875.9,923.8,1003.2,0.5,21.3
2025-04-23 12:50:50,859.0,844.0,863.8,854.3,861.5,865.2,853.9,864.7,869.2,874.8,923.2,1003.4,0.7,21.3
2025-04-23 12:50:55,859.6,844.2,864.4,854.6,861.9,864.8,854.1,864.3,869.6,873.6,922.0,1003.6,0.9,21.3
2025-04-23 12:51:00,859.3,844.4,864.7,854.2,862.0,864.7,855.2,863.6,869.5,874.2,921.5,1004.4,1.0,21.3
2025-04-23 12:51:05,859.8,844.6,865.5,853.9,861.3,864.5,854.7,864.0,869.5,873.9,922.6,1004.4,1.0,21.3
2025-04-23 12:51:10,859.8,844.0,865.5,853.8,861.4,863.9,854.4,864.5,868.9,874.5,922.5,1003.6,0.9,21.3
2025-04-23 12:51:15,859.6,844.3,865.3,854.1,863.1,863.9,853.9,864.3,869.4,874.8,922.0,1003.6,0.7,21.3
2025-04-23 12:51:20,859.7,844.3,865.4,854.7,862.5,864.0,854.4,864.1,869.3,875.0,921.6,1004.0,0.6,21.3
2025-04-23 12:51:25,859.6,844.3,864.8,855.6,862.4,864.9,854.1,864.1,869.3,874.7,921.8,1003.8,0.5,21.3
2025-04-23 12:51:30,859.5,845.1,865.5,854.8,862.3,864.6,854.9,864.3,868.6,874.4,921.7,1003.8,0.4,21.3
2025-04-23 12:51:35,860.1,844.7,865.2,855.4,863.4,864.8,855.3,864.7,868.2,875.0,921.8,1004.8,0.5,21.3
2025-04-23 12:51:40,860.1,845.3,865.3,855.2,863.3,865.1,856.1,864.4,868.5,874.9,922.2,1006.4,0.9,21.3
2025-04-23 12:51:45,860.2,845.0,865.2,855.6,863.3,864.8,855.8,864.5,868.9,875.5,921.8,1005.6,1.0,21.3
2025-04-23 12:51:50,859.7,846.1,865.7,856.2,863.9,865.0,857.1,863.9,869.3,875.0,921.4,1005.6,1.1,21.3
2025-04-23 12:51:55,859.1,845.7,865.5,856.1,864.5,865.1,856.7,863.8,869.2,875.4,922.0,1005.4,0.9,21.3
2025-04-23 12:52:00,859.7,846.3,865.3,856.4,864.5,865.4,856.5,864.0,870.9,875.4,922.3,1007.2,0.8,21.3
2025-04-23 12:52:05,859.7,844.8,865.5,855.8,864.0,865.8,856.4,864.4,869.8,876.5,922.8,1007.0,0.8,21.3
2025-04-23 12:52:10,859.8,844.6,865.8,856.1,864.1,866.4,856.2,865.7,869.9,876.8,922.7,1006.6,0.8,21.2
2025-04-23 12:52:15,860.9,844.7,865.8,856.4,864.6,866.6,856.1,864.8,870.5,876.3,923.4,1007.0,0.7,21.3
2025-04-23 12:52:20,862.5,844.3,865.7,856.7,865.2,866.6,858.8,865.5,870.8,876.9,923.2,1007.2,0.7,21.2
2025-04-23 12:52:25,861.0,844.4,866.7,857.5,865.7,866.7,857.5,865.9,871.1,878.0,925.4,1007.4,0.9,21.2
2025-04-23 12:52:30,860.1,844.9,866.7,857.2,865.8,865.6,858.7,866.4,871.1,878.2,923.9,1007.2,1.0,21.2
2025-04-23 12:52:35,860.4,845.7,867.1,856.9,866.6,866.0,859.2,866.9,871.8,877.9,924.9,1007.0,1.1,21.2
2025-04-23 12:52:40,860.2,845.7,867.6,857.2,866.2,866.7,858.9,867.1,871.1,878.4,924.6,1006.8,1.1,21.2
2025-04-23 12:52:45,861.4,845.5,866.8,857.0,866.1,866.7,858.9,868.0,872.0,878.4,924.3,1005.6,1.4,21.2
2025-04-23 12:52:50,861.5,845.8,866.4,856.8,865.2,867.3,858.4,868.1,873.5,878.3,924.0,1006.6,1.5,21.2
2025-04-23 12:52:55,861.6,846.2,866.5,857.7,865.8,867.8,857.8,867.4,872.8,877.5,923.1,1007.0,1.5,21.2
2025-04-23 12:53:00,861.9,846.1,866.8,857.7,865.8,868.2,857.8,867.8,872.9,877.3,923.2,1006.6,1.4,21.2
2025-04-23 12:53:05,861.7,846.1,866.5,859.1,865.5,869.4,857.3,867.9,873.5,877.5,923.2,1007.0,1.2,21.2
2025-04-23 12:53:10,862.0,846.7,866.0,858.8,865.4,869.1,858.0,869.0,874.1,878.3,923.2,1007.2,1.0,21.2
2025-04-23 12:53:15,862.2,846.9,865.8,858.8,865.6,870.1,857.7,868.9,874.5,878.1,923.4,1007.4,0.9,21.1
2025-04-23 12:53:20,862.4,847.2,866.2,858.6,865.6,870.7,857.8,869.3,874.5,878.2,923.3,1007.8,0.7,21.1
2025-04-23 12:53:25,861.9,846.6,866.2,859.0,865.4,871.0,857.9,869.2,874.6,877.7,923.1,1008.0,0.7,21.1
2025-04-23 12:53:30,861.8,846.4,866.1,859.4,866.0,871.7,858.0,869.9,874.6,878.1,923.6,1008.0,0.6,21.1
2025-04-23 12:53:35,862.7,845.4,866.5,860.3,866.1,871.8,857.8,869.8,875.1,879.0,923.4,1008.0,0.6,21.1
2025-04-23 13:03:30,872.1,777.0,877.7,868.7,872.9,879.1,867.7,876.2,879.9,885.9,918.0,1009.2,3.1,21.3
2025-04-23 13:03:35,873.3,775.7,877.3,868.5,872.7,879.6,867.6,876.7,880.4,886.0,918.5,1009.2,2.9,21.2
2025-04-23 13:03:40,873.5,773.8,878.0,868.7,873.6,880.0,868.1,878.0,881.5,886.4,918.0,1009.2,2.7,21.2
2025-04-23 13:03:45,873.5,773.0,878.1,869.4,873.3,880.2,868.0,877.4,881.8,886.7,918.2,1009.2,2.4,21.1
2025-04-23 13:03:50,873.0,772.1,878.1,869.7,873.7,880.3,868.3,877.4,881.4,887.2,918.0,1008.6,2.2,21.1
2025-04-23 13:03:55,872.7,771.2,877.9,869.5,873.6,879.4,869.2,877.7,881.0,887.2,918.2,1008.2,2.2,21.1
2025-04-23 13:04:00,873.6,769.0,877.2,869.3,873.7,879.0,869.5,877.7,881.5,887.5,918.2,1007.6,2.1,21.1
2025-04-23 13:04:05,873.7,767.9,877.5,869.0,873.5,878.9,869.5,877.4,881.2,887.7,918.4,1007.2,2.0,21.0
2025-04-23 13:04:10,873.1,765.9,878.1,868.7,873.6,879.1,869.2,877.4,881.4,887.9,918.6,1008.0,3.1,21.0
2025-04-23 13:04:15,874.0,765.4,877.5,868.6,873.4,879.0,868.3,877.6,882.9,887.9,918.6,1008.8,3.1,21.0
2025-04-23 13:04:20,873.8,764.9,877.9,869.8,873.6,879.1,868.2,878.9,883.5,887.9,918.2,1009.6,3.0,21.0
2025-04-23 13:04:25,873.5,761.5,878.2,869.6,873.8,879.2,868.3,879.1,883.8,887.9,918.3,1010.4,2.4,20.9
2025-04-23 13:04:30,872.7,760.1,878.7,870.6,873.8,880.9,868.8,879.5,883.4,887.9,918.1,1010.2,2.1,21.0
2025-04-23 13:04:35,873.0,760.2,878.8,871.1,875.0,881.0,868.7,879.4,883.2,888.2,917.9,1010.0,2.6,20.9
2025-04-23 13:04:40,873.0,758.1,878.7,871.1,875.3,881.8,868.9,879.7,883.2,888.1,917.9,1009.8,2.8,20.9
2025-04-23 13:04:45,873.0,757.1,879.4,871.5,875.8,881.9,869.6,879.4,883.3,888.0,917.6,1009.6,2.8,20.9
2025-04-23 13:04:50,872.9,756.2,879.0,871.5,876.5,882.2,870.5,879.8,883.7,888.2,917.7,1010.0,2.4,20.9
2025-04-23 13:04:55,873.6,755.6,880.6,871.5,876.7,882.0,870.2,879.9,884.1,888.3,917.5,1009.8,2.0,20.9
2025-04-23 13:05:00,874.5,754.6,880.7,871.4,877.1,882.0,870.2,879.5,884.3,888.2,917.7,1009.6,1.8,20.9
2025-04-23 13:05:05,874.6,752.7,880.6,870.6,876.9,881.3,870.0,879.5,883.9,888.8,918.0,1009.2,1.7,20.9
2025-04-23 13:05:10,874.9,752.9,880.3,870.4,876.9,881.0,869.8,879.4,883.7,889.0,918.1,1009.0,1.8,20.9
2025-04-23 13:05:15,874.5,751.7,879.9,870.2,876.7,880.7,869.9,879.4,883.7,889.2,918.1,1009.8,1.7,20.9
2025-04-23 13:05:20,874.5,751.5,879.2,870.4,876.4,880.1,869.8,879.3,883.7,889.2,917.7,1009.8,1.6,20.9
2025-04-23 13:05:25,874.3,751.6,879.4,870.7,876.3,880.1,870.0,879.4,883.3,889.5,917.6,1009.8,1.5,20.9
2025-04-23 13:05:30,874.1,751.0,879.6,870.9,876.0,880.0,870.3,878.9,883.0,889.6,917.5,1009.4,1.3,20.8
2025-04-23 13:05:35,874.4,749.7,879.3,871.2,875.8,880.1,869.5,879.0,882.7,889.5,917.5,1009.0,1.2,20.8
2025-04-23 13:05:40,874.5,749.1,879.5,871.2,875.2,880.1,869.0,879.3,883.4,889.4,917.1,1009.2,0.9,20.8
2025-04-23 13:05:45,873.8,746.6,879.3,870.9,875.3,880.3,868.7,879.3,884.0,889.4,917.0,1009.0,0.9,20.8
2025-04-23 13:05:50,873.9,744.5,879.3,870.4,875.4,880.0,868.8,879.9,884.0,889.2,916.9,1009.0,1.0,20.8
2025-04-23 13:05:55,873.8,740.9,879.5,870.2,875.2,880.3,869.3,879.3,883.8,889.1,917.1,1009.0,1.2,20.8
2025-04-23 13:06:00,873.8,740.3,879.5,870.4,875.6,880.9,869.4,879.3,883.6,889.3,916.8,1009.2,1.2,20.8
2025-04-23 13:06:05,874.0,738.9,879.4,872.2,875.9,880.9,870.0,879.6,883.5,889.3,916.6,1009.2,1.1,20.8
2025-04-23 13:06:10,874.2,737.8,879.5,872.7,876.5,880.6,870.7,879.7,883.3,889.5,916.7,1010.8,1.0,20.8
2025-04-23 13:06:15,873.9,736.2,879.7,872.8,877.0,880.4,870.6,879.7,883.8,889.7,916.8,1011.4,1.0,20.8
2025-04-23 13:06:20,874.0,734.4,879.7,872.6,876.9,880.5,870.8,879.7,883.8,890.1,916.9,1011.8,0.9,20.8
2025-04-23 13:06:25,873.7,733.1,879.9,872.1,876.7,880.7,871.5,879.7,884.1,890.3,917.1,1011.2,0.8,20.8
2025-04-23 13:06:30,874.0,730.5,879.8,871.8,876.8,880.5,871.4,879.9,884.4,890.3,917.0,1011.0,0.9,20.9
2025-04-23 13:06:35,874.0,731.3,880.1,871.5,877.0,880.7,871.2,880.1,884.8,890.6,917.0,1011.0,1.5,20.8
2025-04-23 13:06:40,874.7,728.7,880.1,871.6,877.0,880.4,871.4,879.9,884.9,890.9,917.1,1010.6,1.3,20.8
2025-04-23 13:06:45,874.6,729.0,880.3,871.4,877.4,880.3,871.7,880.0,885.5,890.8,917.0,1010.4,1.2,20.8
2025-04-23 13:06:50,874.9,726.4,880.2,871.5,877.3,880.9,871.5,879.9,885.4,890.9,917.0,1011.6,0.9,20.9
2025-04-23 13:06:55,874.9,725.7,880.5,871.6,877.4,881.4,871.4,880.2,885.5,891.0,917.1,1011.6,1.2,20.9
2025-04-23 13:07:00,875.3,722.9,880.7,872.2,877.2,881.6,871.3,881.1,885.6,890.9,917.0,1011.8,1.2,20.9
2025-04-23 13:07:05,875.7,721.8,880.8,872.2,877.9,881.0,871.3,882.0,885.4,891.3,917.1,1011.8,1.3,20.9
2025-04-23 13:07:10,875.7,719.9,881.0,872.0,878.1,881.1,871.5,881.3,885.0,891.4,917.0,1012.0,1.2,20.9
2025-04-23 13:07:15,875.5,718.9,881.1,871.6,878.4,881.2,871.4,881.4,884.9,891.5,917.4,1012.6,1.1,20.9
2025-04-23 13:07:20,875.3,717.2,881.1,871.8,878.4,881.5,871.9,881.3,884.7,891.6,917.4,1012.4,1.2,20.9
2025-04-23 13:07:25,875.3,716.3,881.2,872.0,878.6,881.6,871.7,881.3,885.1,892.0,917.5,1011.4,1.2,20.9
2025-04-23 13:07:30,875.6,713.9,881.4,872.4,879.2,881.7,872.4,880.9,885.6,892.1,917.8,1010.6,1.7,20.9
2025-04-23 13:07:35,875.9,713.0,881.5,872.9,879.0,882.2,872.9,881.4,886.0,892.4,917.9,1011.0,1.4,20.9
2025-04-23 13:07:40,876.0,711.2,881.9,872.8,879.8,882.1,872.7,881.4,886.0,892.6,917.5,1011.2,1.4,20.9
2025-04-23 13:07:45,876.3,709.8,882.1,872.3,880.2,881.8,872.7,881.4,886.6,892.5,917.9,1012.2,1.8,21.0
2025-04-23 13:07:50,876.4,708.6,882.1,872.5,880.2,881.0,873.2,881.5,886.9,892.7,917.8,1012.0,2.0,21.0
2025-04-23 13:07:55,876.4,707.0,882.1,872.1,880.5,881.2,874.0,881.6,886.7,892.8,918.0,1011.8,1.4,21.0
2025-04-23 13:08:00,876.4,704.5,882.0,872.4,880.3,881.3,873.8,881.6,887.0,893.1,918.1,1011.4,1.3,21.0
2025-04-23 13:08:05,876.7,702.8,882.4,872.1,880.1,881.6,873.7,881.5,886.9,893.0,918.3,1012.0,1.3,21.0
2025-04-23 13:08:10,876.2,700.6,882.5,872.3,880.2,882.3,874.1,882.2,887.0,893.2,917.6,1012.4,1.1,21.0
2025-04-23 13:08:15,876.2,699.0,882.4,872.5,880.9,882.7,874.5,882.5,886.8,892.9,917.7,1012.2,1.4,21.0
2025-04-23 13:08:20,876.8,696.0,883.0,873.1,881.2,883.0,874.5,882.5,886.9,893.3,918.2,1012.0,1.3,21.0
2025-04-23 13:08:25,877.2,693.1,883.3,873.2,881.1,882.9,875.1,882.8,887.3,893.5,918.4,1012.6,1.2,21.0
2025-04-23 13:08:30,877.8,692.3,883.2,873.3,880.9,882.8,874.5,883.0,887.2,893.8,918.5,1013.0,1.6,21.0
2025-04-23 13:08:35,877.9,690.1,883.4,873.6,880.4,882.9,874.6,883.3,887.3,893.9,918.4,1012.8,1.4,21.1
2025-04-23 13:08:40,878.2,687.3,883.7,873.5,880.2,883.0,874.7,883.2,887.6,894.1,918.5,1012.6,1.1,21.1
2025-04-23 13:08:45,878.5,685.5,883.7,873.6,880.6,882.6,874.4,883.3,887.7,894.4,918.7,1012.6,1.0,21.1
2025-04-23 13:08:50,878.3,682.3,884.2,873.4,880.9,882.4,874.2,883.3,887.8,894.7,918.7,1012.2,0.9,21.1
2025-04-23 13:08:55,878.4,679.6,884.3,873.5,880.9,882.6,874.0,883.1,889.6,894.6,918.8,1012.0,0.8,21.1
2025-04-23 13:09:00,878.6,675.7,884.3,874.3,881.0,882.7,874.1,883.6,889.1,894.9,918.8,1012.0,0.7,21.1
2025-04-23 13:09:05,879.7,672.5,884.8,874.8,880.9,882.5,874.2,884.0,889.0,894.9,918.8,1011.8,0.8,21.1
2025-04-23 13:09:10,880.0,668.9,885.5,875.5,881.8,883.8,874.5,884.0,889.0,895.2,919.3,1012.0,0.7,21.1
2025-04-23 13:09:15,880.3,666.6,885.8,875.2,882.0,884.0,874.6,884.2,889.4,895.3,918.9,1013.2,0.6,21.1
2025-04-23 13:09:20,880.7,664.2,885.2,875.1,882.1,884.1,875.5,884.9,889.7,895.5,919.2,1014.0,0.8,21.1
2025-04-23 13:09:25,880.5,661.2,885.3,875.4,882.2,884.4,875.5,885.1,889.7,895.8,919.2,1015.0,1.0,21.1
2025-04-23 13:09:30,880.6,659.4,885.6,875.5,882.2,885.1,875.6,886.2,890.1,896.0,919.4,1015.4,0.8,21.1
2025-04-23 13:09:35,880.8,658.8,885.5,875.9,882.5,885.2,875.7,886.8,890.0,896.0,919.3,1016.2,0.7,21.2
2025-04-23 13:09:40,880.4,656.5,885.5,875.8,882.3,885.4,875.8,886.7,890.4,896.0,919.2,1016.0,1.0,21.1
2025-04-23 13:09:45,880.8,654.2,885.6,876.4,882.3,886.6,876.3,886.5,890.7,896.0,919.3,1015.8,1.5,21.1
2025-04-23 13:09:50,881.1,653.2,885.8,877.2,882.5,886.8,876.5,886.8,890.8,895.9,919.4,1015.8,2.4,21.2
2025-04-23 13:09:55,880.8,651.8,886.1,877.9,882.9,887.1,876.7,886.9,890.7,896.1,919.4,1016.4,3.1,21.2
2025-04-23 13:10:00,880.6,649.9,886.2,878.6,883.3,887.0,877.0,887.5,891.2,896.3,919.4,1016.6,3.1,21.2
2025-04-23 13:10:05,882.0,646.1,885.9,877.6,884.2,887.3,877.6,887.5,891.1,896.6,919.9,1017.2,2.9,21.2
2025-04-23 13:10:10,882.5,644.0,886.3,877.7,884.0,887.8,877.4,887.3,891.3,897.0,920.2,1016.8,2.3,21.1
2025-04-23 13:10:15,882.3,642.4,886.4,878.2,883.9,888.2,877.5,887.3,891.6,897.0,920.1,1017.0,2.4,21.1
2025-04-23 13:10:20,882.2,638.9,886.3,878.4,883.6,888.5,877.8,886.5,891.7,897.0,920.2,1016.6,2.5,21.1
2025-04-23 13:10:25,881.8,634.8,886.0,877.8,883.4,888.4,877.3,886.6,891.8,897.1,919.8,1016.6,2.0,21.1
2025-04-23 13:10:30,881.6,632.5,885.7,877.6,883.3,887.9,877.5,886.8,891.7,897.2,919.8,1016.6,1.7,21.1
2025-04-23 13:10:35,881.6,630.7,886.6,877.5,883.7,888.0,877.3,886.6,891.2,897.0,919.7,1015.8,1.5,21.1
2025-04-23 13:10:40,881.8,629.9,886.7,877.9,883.6,887.8,877.2,886.8,891.7,897.2,919.7,1014.8,1.2,21.1
2025-04-23 13:10:45,881.6,625.8,886.6,878.1,883.8,887.2,877.2,886.7,892.0,897.4,919.2,1015.2,1.0,21.1
2025-04-23 13:10:50,881.7,624.0,887.0,878.5,884.3,887.3,877.0,886.7,891.8,897.4,919.1,1015.6,0.9,21.1
2025-04-23 13:10:55,881.8,620.4,887.3,878.6,884.5,887.1,877.7,886.5,891.5,897.6,919.3,1015.8,0.7,21.1
2025-04-23 13:11:00,881.4,619.0,887.3,879.8,884.6,887.2,878.2,887.5,890.4,897.6,919.3,1016.8,0.6,21.1
2025-04-23 13:11:05,881.5,615.8,887.4,879.7,884.5,887.4,878.6,888.2,890.8,897.8,919.3,1016.8,0.6,21.0
2025-04-23 13:11:10,881.8,613.5,887.9,879.0,885.0,887.5,879.3,888.2,890.9,898.3,919.5,1017.2,0.9,21.1
2025-04-23 13:11:15,882.1,611.2,887.8,878.7,885.0,887.4,879.3,887.7,891.0,898.2,919.7,1018.2,0.8,21.1
2025-04-23 13:11:20,882.0,609.6,887.6,879.1,885.0,887.5,879.1,887.7,891.4,898.5,920.1,1018.6,0.7,21.1
2025-04-23 13:11:25,882.4,604.1,887.3,878.7,885.4,887.7,879.3,887.5,891.7,898.5,920.2,1018.4,0.6,21.1
2025-04-23 13:11:30,883.0,601.3,887.6,878.4,885.2,887.9,880.1,887.7,892.6,898.8,920.6,1019.0,0.7,21.1
2025-04-23 13:11:35,882.7,600.1,888.1,878.4,885.2,887.9,879.9,887.9,892.7,899.1,921.0,1018.0,0.8,21.1
2025-04-23 13:11:40,882.6,597.0,887.8,879.8,885.4,888.3,879.6,888.1,893.1,899.5,921.2,1018.6,1.0,21.1
2025-04-23 13:11:45,882.5,595.6,887.9,880.0,886.0,888.2,879.6,888.0,894.2,899.8,921.0,1019.2,1.0,21.1
2025-04-23 13:11:50,882.7,592.3,888.3,880.5,886.2,887.9,879.7,888.2,893.5,899.6,920.9,1018.6,0.9,21.1
2025-04-23 13:11:55,882.7,590.6,888.1,880.2,885.6,887.7,879.1,888.5,893.5,899.6,920.8,1018.0,0.8,21.1
2025-04-23 13:12:00,883.3,585.9,888.8,881.0,885.0,887.9,878.6,889.0,893.8,899.6,920.7,1018.8,0.9,21.1
2025-04-23 13:12:05,884.2,583.9,888.4,881.2,885.2,888.4,878.9,888.8,894.0,899.5,920.3,1019.2,1.0,21.2
2025-04-23 13:12:10,884.4,580.9,888.5,881.3,885.5,888.7,878.9,888.9,893.8,899.4,920.1,1019.0,1.0,21.2
2025-04-23 13:12:15,884.4,578.5,888.9,881.4,885.5,888.8,879.3,888.6,893.1,899.4,920.0,1020.0,0.9,21.2
2025-04-23 13:12:20,883.9,575.8,889.4,880.8,886.0,888.7,879.9,889.3,893.2,899.2,920.3,1019.8,0.9,21.2
2025-04-23 13:12:25,883.6,571.0,889.0,881.5,886.3,889.1,879.9,889.9,893.2,899.1,919.6,1020.2,1.0,21.2
2025-04-23 13:12:30,883.6,569.1,888.8,881.2,886.6,890.0,880.4,890.0,893.6,899.9,920.6,1019.8,1.4,21.2
2025-04-23 13:12:35,883.0,565.3,888.9,881.1,886.7,890.0,879.9,889.7,893.2,900.2,920.6,1020.0,1.5,21.2
2025-04-23 13:12:40,882.7,563.5,888.8,881.3,886.7,890.0,879.8,889.3,893.2,900.2,920.4,1020.2,1.2,21.2
2025-04-23 13:12:45,882.5,559.2,888.2,881.4,886.5,889.9,879.7,889.4,893.3,900.3,920.5,1019.8,1.0,21.2
2025-04-23 13:12:50,882.6,556.8,887.7,881.3,885.4,889.2,879.9,889.5,892.8,900.4,920.5,1019.2,0.9,21.2
2025-04-23 13:12:55,882.7,553.7,887.7,881.1,885.3,888.8,879.5,888.7,892.5,900.5,920.9,1018.2,0.8,21.2
2025-04-23 13:13:00,883.5,549.8,887.7,880.4,885.0,888.0,879.5,888.2,892.6,900.7,920.8,1017.6,0.8,21.2
2025-04-23 13:13:05,883.9,547.1,887.9,880.3,886.0,887.8,879.5,888.6,892.8,900.8,920.5,1017.4,0.8,21.2
2025-04-23 13:13:10,883.6,542.3,887.9,880.3,886.4,887.6,879.4,888.6,893.1,900.7,920.2,1017.0,0.7,21.3
2025-04-23 13:13:15,883.4,538.7,888.3,880.2,887.0,887.5,879.8,889.0,892.8,900.4,920.1,1017.0,0.6,21.3
2025-04-23 13:13:20,883.5,535.4,888.6,880.3,886.9,887.5,879.6,889.5,892.6,900.0,919.9,1017.8,0.5,21.3
2025-04-23 13:13:25,883.3,532.4,888.7,880.4,887.6,888.1,880.3,889.0,892.6,900.3,920.5,1018.0,0.4,21.3
2025-04-23 13:13:30,883.3,527.7,889.2,880.3,887.6,888.0,879.9,889.3,893.2,900.6,920.2,1018.2,0.3,21.3
2025-04-23 13:13:35,883.7,526.0,888.9,880.7,888.1,888.3,880.5,889.2,893.5,900.9,920.4,1018.8,0.5,21.3
2025-04-23 13:13:40,883.9,519.4,889.4,880.3,888.2,888.6,880.8,889.6,893.7,901.3,920.9,1019.0,0.9,21.3
2025-04-23 13:13:45,884.0,517.2,889.6,880.6,888.3,888.4,881.7,889.4,894.7,901.6,920.7,1018.8,1.2,21.3
2025-04-23 13:13:50,884.2,513.4,889.5,881.2,888.7,888.6,881.6,889.5,894.8,901.9,921.7,1018.6,0.9,21.4
2025-04-23 13:13:55,884.5,509.6,889.7,881.7,888.7,888.6,882.2,889.6,894.6,902.0,921.7,1018.8,0.8,21.4
2025-04-23 13:14:00,884.9,505.3,889.7,881.4,889.8,889.3,883.3,890.3,895.2,902.3,921.7,1019.8,0.7,21.4
2025-04-23 13:14:05,885.5,502.6,890.2,882.6,889.5,890.0,883.9,890.2,895.5,902.1,922.1,1020.2,1.3,21.4
2025-04-23 13:14:10,886.0,498.6,890.7,882.7,889.3,890.0,884.1,890.5,895.7,902.3,921.9,1020.8,1.6,21.4
2025-04-23 13:14:15,885.6,495.2,891.2,883.1,889.9,889.7,883.7,891.2,894.7,903.0,921.8,1021.0,1.3,21.3
2025-04-23 13:14:20,886.2,491.2,891.1,882.9,890.2,889.5,883.8,891.3,894.8,902.8,922.6,1021.4,1.2,21.4
2025-04-23 13:14:25,886.3,487.6,891.5,883.1,890.2,889.7,884.4,891.3,894.7,902.9,922.0,1022.6,2.0,21.4
2025-04-23 13:14:30,887.3,483.7,891.8,882.6,890.6,890.5,884.2,891.9,894.7,903.3,922.5,1021.8,2.1,21.4
2025-04-23 13:14:35,887.5,482.6,891.7,882.6,890.7,890.9,884.2,891.6,894.9,903.4,923.4,1022.4,1.8,21.4
2025-04-23 13:14:40,888.0,478.0,892.2,882.8,891.3,891.2,885.1,891.5,895.0,903.6,923.4,1022.4,1.8,21.4
2025-04-23 13:14:45,888.4,472.6,892.7,883.4,891.5,891.3,885.3,891.4,895.2,904.1,923.1,1023.0,1.9,21.4
2025-04-23 13:14:50,888.9,469.5,892.7,883.6,891.6,890.8,885.0,891.3,895.3,904.4,923.7,1023.8,1.9,21.4
2025-04-23 13:14:55,888.7,464.0,893.3,884.0,892.6,891.3,885.3,891.4,895.8,904.6,924.2,1024.2,2.1,21.4
2025-04-23 13:15:00,888.7,461.4,893.4,884.5,892.5,891.9,886.0,891.5,896.5,904.7,924.8,1024.2,2.0,21.5
2025-04-23 13:15:05,888.2,455.5,893.2,884.8,892.6,891.6,886.9,892.0,896.8,905.5,925.8,1025.0,1.8,21.5
2025-04-23 13:15:10,888.1,451.7,893.0,885.1,893.6,892.7,886.7,892.4,897.1,906.3,926.6,1026.0,1.8,21.5
2025-04-23 13:15:15,888.4,448.9,893.0,884.9,893.1,893.0,886.9,893.0,897.5,906.6,926.2,1026.2,1.5,21.5
2025-04-23 13:15:20,888.9,442.5,893.1,884.4,893.3,892.2,887.1,893.3,897.4,906.7,926.4,1026.4,1.2,21.5
2025-04-23 13:15:25,889.0,438.8,893.3,884.8,893.5,891.7,886.9,893.7,897.7,906.8,926.0,1026.6,1.2,21.4
2025-04-23 13:15:30,889.2,436.2,893.9,885.4,893.9,891.1,886.7,893.3,896.9,907.0,926.7,1027.0,1.1,21.4
2025-04-23 13:15:35,889.1,432.5,893.7,885.5,894.5,891.6,886.8,893.5,897.5,906.9,926.6,1028.0,0.9,21.5
2025-04-23 13:15:40,888.9,428.8,894.1,885.3,893.9,891.6,886.4,893.7,897.8,907.9,926.6,1028.4,0.7,21.4
2025-04-23 13:15:45,889.3,424.3,893.9,885.7,893.6,892.1,886.4,893.2,898.0,907.7,927.0,1028.6,0.6,21.4
2025-04-23 13:15:50,888.9,421.6,893.8,886.3,893.9,892.5,886.1,893.4,898.2,907.6,927.1,1028.8,0.7,21.4
2025-04-23 13:15:55,890.3,416.9,893.4,885.9,893.5,892.2,886.1,893.9,898.3,907.5,927.0,1029.4,0.5,21.4
2025-04-23 13:16:00,889.9,413.3,894.0,886.0,893.5,892.8,886.8,893.8,898.1,908.4,927.1,1028.8,0.4,21.4
2025-04-23 13:16:05,890.3,408.3,893.9,886.4,893.1,892.4,887.3,894.2,898.2,908.0,926.9,1028.8,0.6,21.4
2025-04-23 13:16:10,890.5,403.8,893.7,886.6,893.6,892.7,886.8,893.5,898.0,907.8,927.2,1028.8,0.6,21.4
2025-04-23 13:16:15,891.4,399.7,893.6,887.1,893.6,893.3,886.6,894.0,898.0,907.9,926.6,1029.2,0.8,21.4
2025-04-23 13:16:20,891.2,394.8,893.9,887.3,893.4,893.3,886.2,894.4,898.1,906.9,927.1,1029.0,1.0,21.4
2025-04-23 13:16:25,891.3,390.5,894.4,887.9,893.8,894.3,886.2,895.2,897.9,907.1,926.3,1029.2,0.8,21.4
2025-04-23 13:16:30,891.6,385.5,894.7,887.8,894.2,895.0,886.0,894.7,898.0,907.4,927.0,1029.2,0.6,21.4
2025-04-23 13:16:35,892.0,381.9,894.8,888.0,894.2,894.5,886.7,894.6,897.2,907.9,927.6,1029.6,0.5,21.4
2025-04-23 13:16:40,890.5,379.7,895.1,888.0,894.7,894.5,886.5,895.4,897.9,907.8,927.5,1029.6,0.4,21.4
2025-04-23 13:16:45,890.3,376.8,895.0,888.1,894.1,895.0,886.5,896.2,898.1,908.5,928.0,1030.0,0.4,21.4
2025-04-23 13:16:50,890.1,372.8,893.9,888.5,894.3,895.0,886.6,896.7,898.2,908.6,928.1,1030.6,0.6,21.4
2025-04-23 13:16:55,889.8,368.9,893.7,888.2,893.7,895.3,886.9,897.0,898.2,908.2,927.9,1030.4,0.8,21.4
2025-04-23 13:17:00,890.1,363.8,894.1,887.6,893.3,895.0,887.0,896.6,898.0,908.2,928.0,1029.6,0.7,21.4
2025-04-23 13:17:05,889.9,360.8,894.3,886.8,892.8,894.0,887.2,896.3,898.0,908.6,928.3,1029.0,0.8,21.4
2025-04-23 13:17:10,889.7,356.8,894.3,887.0,892.5,893.4,886.7,896.4,898.5,908.6,928.3,1028.6,0.8,21.4
2025-04-23 13:17:15,890.0,353.3,894.4,887.1,892.2,892.9,886.5,896.6,898.7,908.8,928.4,1028.6,0.9,21.4
2025-04-23 13:17:20,890.0,350.1,893.6,887.0,892.1,893.1,886.6,895.6,898.7,908.5,928.2,1027.8,1.0,21.5
2025-04-23 13:17:25,890.1,346.3,894.2,887.1,892.3,893.1,886.5,896.1,898.4,908.4,926.6,1029.2,1.0,21.5
2025-04-23 13:17:30,890.2,343.2,894.4,887.5,893.1,893.4,886.1,895.7,898.7,908.2,927.6,1028.8,0.9,21.5
2025-04-23 13:17:35,890.8,340.0,894.2,887.6,892.3,892.7,885.9,895.6,899.0,908.4,927.5,1028.2,0.7,21.5
2025-04-23 13:17:40,891.9,338.1,894.6,888.1,892.5,892.4,886.2,895.6,898.9,908.3,927.3,1028.8,0.6,21.4
2025-04-23 13:17:45,891.6,334.4,894.6,887.6,892.7,893.6,886.8,896.0,898.4,908.3,927.5,1028.8,0.7,21.5
2025-04-23 13:17:50,891.6,330.8,895.6,887.9,893.1,893.9,888.0,895.7,898.8,908.2,927.9,1029.0,1.1,21.5
2025-04-23 13:17:55,891.6,327.4,895.6,888.4,893.6,893.4,888.3,895.6,899.1,908.4,927.6,1028.2,1.6,21.5
2025-04-23 13:18:00,891.7,324.8,895.7,888.4,893.8,893.2,888.3,895.9,899.0,908.8,928.1,1028.4,1.7,21.5
2025-04-23 13:18:05,892.4,321.1,896.4,888.8,894.5,893.6,888.1,896.1,899.2,909.0,927.7,1028.2,1.7,21.5
2025-04-23 13:18:10,892.9,316.5,897.0,888.6,895.1,894.0,887.7,896.3,898.9,909.4,928.0,1028.6,1.6,21.5
2025-04-23 13:18:15,892.7,313.3,897.3,888.7,896.0,894.9,887.6,896.5,898.7,909.3,928.5,1029.0,1.5,21.5
2025-04-23 13:18:20,893.3,309.1,896.9,890.3,895.8,894.8,889.1,896.8,899.0,910.3,928.6,1028.8,1.3,21.5
2025-04-23 13:18:25,893.0,305.1,896.9,890.4,895.9,894.8,888.8,896.9,899.2,910.6,929.1,1028.6,1.3,21.5
2025-04-23 13:18:30,893.4,302.6,896.8,890.8,895.8,895.0,889.0,897.9,899.5,910.4,929.2,1028.8,1.0,21.4
2025-04-23 13:18:35,893.9,299.5,896.9,890.6,895.3,895.5,888.9,897.8,899.9,911.2,930.1,1029.6,0.9,21.5
2025-04-23 13:18:40,894.5,296.7,897.2,890.6,895.4,895.3,889.0,897.9,900.5,911.4,929.7,1030.0,0.7,21.4
2025-04-23 13:18:45,895.1,295.0,897.5,890.8,895.9,895.6,890.2,898.6,900.9,911.2,930.1,1029.6,1.1,21.4
2025-04-23 13:18:50,895.1,291.6,897.7,891.0,897.2,895.6,891.0,899.0,900.7,911.1,929.8,1029.6,1.7,21.4
2025-04-23 13:18:55,894.8,290.4,897.9,891.7,897.0,895.8,891.4,898.7,900.6,910.6,929.4,1029.8,2.0,21.4
2025-04-23 13:19:00,895.0,287.3,898.4,891.9,897.6,896.6,891.5,898.8,900.2,911.0,929.6,1029.6,2.1,21.4
2025-04-23 13:19:05,894.7,284.3,898.0,891.7,897.2,897.1,891.5,898.9,900.4,911.1,929.6,1029.2,2.0,21.4
2025-04-23 13:19:10,894.9,279.9,897.8,891.6,897.2,897.5,891.9,898.7,901.0,911.4,929.9,1028.6,2.1,21.4
2025-04-23 13:19:15,895.0,277.3,897.6,891.4,897.3,897.5,891.8,899.0,901.9,911.9,929.7,1028.0,2.3,21.4
2025-04-23 13:19:20,894.7,274.5,898.4,891.4,897.2,897.5,891.8,899.4,902.3,912.0,930.1,1027.8,2.3,21.4
2025-04-23 13:19:25,894.5,271.0,899.3,891.2,897.6,897.2,891.7,899.3,902.0,912.1,930.3,1027.2,2.0,21.4
2025-04-23 13:19:30,894.4,268.3,899.4,891.2,897.5,896.9,891.8,899.2,902.0,912.2,930.1,1027.2,1.7,21.4
2025-04-23 13:19:35,894.4,266.3,899.2,891.4,897.5,896.8,892.3,899.4,901.9,912.8,930.7,1027.4,1.3,21.3
2025-04-23 13:19:40,894.3,262.7,898.1,891.3,897.8,896.8,891.9,899.5,901.7,913.3,931.4,1027.0,1.2,21.3
2025-04-23 13:19:45,894.0,259.4,897.9,891.3,897.6,897.2,891.8,899.6,902.7,913.8,931.3,1026.8,1.4,21.3
2025-04-23 13:19:50,893.9,256.8,897.1,891.8,897.4,897.9,891.8,899.3,902.7,913.8,931.3,1025.0,1.4,21.3
2025-04-23 13:19:55,893.9,253.9,897.5,891.6,897.6,897.6,891.9,899.6,902.6,913.3,931.4,1025.2,2.0,21.2
2025-04-23 13:20:00,894.2,251.6,897.9,892.1,897.6,897.4,892.2,899.6,902.4,914.0,930.9,1025.4,2.2,21.2
2025-04-23 13:20:05,894.3,247.8,897.6,892.3,897.2,897.6,892.8,899.3,902.7,913.9,931.2,1025.6,2.0,21.2
2025-04-23 13:20:10,894.6,246.0,897.5,892.1,897.1,897.7,893.1,899.8,902.6,914.0,930.9,1026.0,1.8,21.2
2025-04-23 13:20:15,895.1,243.3,898.0,891.8,896.9,897.4,892.7,900.1,902.6,914.2,930.5,1026.4,1.5,21.2
2025-04-23 13:20:20,894.8,240.6,897.8,891.7,897.0,897.6,892.6,900.1,902.7,914.0,931.0,1026.4,1.5,21.2
2025-04-23 13:20:25,894.7,238.2,898.0,891.3,897.3,897.9,892.4,899.5,902.6,914.0,931.1,1025.8,1.7,21.2
2025-04-23 13:20:30,894.4,234.8,897.8,891.4,897.9,898.2,892.5,899.9,902.7,914.1,930.8,1025.6,1.8,21.1
2025-04-23 13:20:35,894.3,234.0,898.0,891.8,897.9,897.7,892.9,899.3,903.1,914.0,930.8,1025.2,1.7,21.1
2025-04-23 13:20:40,894.2,231.2,898.2,892.3,897.8,897.5,892.3,899.2,903.2,914.2,930.3,1025.4,1.9,21.1
2025-04-23 13:20:45,894.6,227.0,898.8,892.0,897.6,897.5,892.0,899.5,903.3,914.7,930.5,1025.6,1.6,21.1
2025-04-23 13:20:50,895.4,224.2,900.1,892.2,897.8,897.8,892.3,899.6,903.6,913.8,931.0,1025.4,1.5,21.1
2025-04-23 13:20:55,895.9,221.9,900.9,892.2,898.5,897.6,892.4,899.6,904.7,914.4,930.8,1027.0,2.0,21.0
2025-04-23 13:21:00,896.5,220.3,901.0,892.1,898.6,897.9,892.3,899.8,904.9,914.7,931.2,1027.2,1.8,21.0
2025-04-23 13:21:05,896.4,219.1,901.3,892.5,899.2,898.5,892.7,902.0,905.0,914.9,931.3,1027.8,1.4,21.0
2025-04-23 13:21:10,897.4,218.0,901.5,892.4,899.7,899.0,893.8,902.0,905.2,915.4,931.7,1027.0,1.4,20.9
2025-04-23 13:21:15,897.5,215.5,901.4,893.2,900.1,899.2,895.8,902.4,905.7,915.6,931.7,1027.0,1.3,20.9
2025-04-23 13:21:20,897.3,212.6,901.4,893.3,900.7,900.4,896.0,902.5,905.6,915.6,932.0,1027.0,1.6,21.0
2025-04-23 13:21:25,897.7,210.3,901.4,893.8,901.4,900.8,896.4,903.0,905.5,915.9,932.2,1029.6,1.8,20.9
2025-04-23 13:21:30,897.8,207.3,902.2,894.3,901.4,900.9,896.2,902.8,905.2,915.7,932.3,1030.4,2.7,20.9
2025-04-23 13:21:35,897.8,204.4,902.6,895.0,901.4,901.3,895.2,902.5,905.3,916.0,932.2,1030.2,2.7,20.9
2025-04-23 13:21:40,897.8,202.9,903.1,895.0,901.2,901.4,894.8,902.2,905.6,916.2,931.9,1029.0,2.2,20.9
2025-04-23 13:21:45,897.9,200.2,902.1,895.0,901.1,901.7,894.7,902.3,905.3,916.2,932.2,1029.0,1.6,20.9
2025-04-23 13:21:50,898.2,198.0,901.7,895.2,902.3,901.8,894.5,902.0,905.1,916.4,931.8,1028.2,1.3,20.8
2025-04-23 13:21:55,898.1,196.6,901.6,895.4,901.8,901.3,894.4,901.9,905.0,916.3,931.8,1028.0,1.1,20.8
2025-04-23 13:22:00,898.2,195.2,900.5,895.6,901.6,901.1,894.5,901.1,904.8,916.5,932.0,1028.4,1.2,20.8
2025-04-23 13:22:05,896.9,192.7,899.9,895.6,901.5,900.9,894.3,901.2,905.1,916.1,931.4,1028.4,1.4,20.8
2025-04-23 13:22:10,896.8,192.2,899.5,895.2,901.0,901.1,894.2,901.6,904.6,915.6,931.3,1028.4,1.3,20.8
2025-04-23 13:22:15,896.6,189.7,899.8,894.8,900.0,901.0,893.8,901.8,904.5,916.3,931.1,1028.8,1.3,20.8
2025-04-23 13:22:20,896.9,187.9,899.8,894.3,899.8,900.9,893.4,901.8,904.6,916.3,931.1,1029.0,1.2,20.8
2025-04-23 13:22:25,896.9,185.0,900.0,893.8,899.1,900.3,893.6,901.8,904.6,916.0,931.2,1028.6,1.1,20.8
2025-04-23 13:22:30,897.5,183.3,900.6,893.9,899.2,900.4,892.9,901.5,905.2,916.2,931.2,1027.4,0.9,20.8
2025-04-23 13:22:35,897.0,180.8,900.4,893.7,899.0,899.9,893.6,901.2,905.3,916.0,931.0,1027.0,0.8,20.7
2025-04-23 13:22:40,896.8,176.6,900.0,892.6,898.5,898.7,893.7,901.3,905.2,915.7,930.1,1026.8,0.8,20.7
2025-04-23 13:22:45,896.7,174.0,899.9,893.5,897.9,898.7,893.2,901.0,905.1,915.7,929.8,1028.4,0.8,20.7
2025-04-23 13:22:50,897.0,171.2,899.4,893.5,897.6,899.0,893.5,900.9,905.0,914.9,929.5,1028.8,0.7,20.7
2025-04-23 13:22:55,896.4,169.0,899.6,893.1,897.6,898.7,893.1,901.3,905.2,914.4,928.6,1028.2,0.6,20.7
2025-04-23 13:23:00,896.2,166.2,898.9,892.8,897.3,898.4,893.0,901.9,905.0,914.0,928.4,1027.6,0.5,20.7
2025-04-23 13:23:05,896.4,164.1,898.7,892.8,897.5,898.2,891.7,901.0,904.0,913.8,927.9,1025.8,0.4,20.7
2025-04-23 13:23:10,896.9,160.7,898.4,892.8,897.0,898.2,890.9,900.8,903.6,913.7,927.5,1026.4,0.4,20.7
2025-04-23 13:23:15,896.7,159.1,898.4,892.8,896.8,898.2,891.2,900.0,902.6,913.0,927.6,1026.6,0.3,20.7
2025-04-23 13:23:20,896.3,156.2,898.6,892.8,896.7,898.0,891.5,899.5,902.6,912.8,927.5,1026.4,0.2,20.7
2025-04-23 13:23:25,896.4,153.9,899.0,892.6,896.7,898.0,891.3,899.2,902.5,913.7,927.0,1026.6,0.2,20.7
2025-04-23 13:23:30,896.6,150.4,899.2,892.9,896.4,897.3,891.4,899.3,902.6,913.1,926.9,1026.0,0.1,20.7
2025-04-23 13:23:35,896.9,148.1,899.8,892.9,896.6,897.3,890.3,898.7,902.5,912.8,926.9,1025.4,0.0,20.7
2025-04-23 13:23:40,896.7,144.7,900.3,892.6,896.7,897.3,889.8,898.9,902.2,912.9,926.3,1024.8,0.1,20.7
2025-04-23 13:23:45,896.4,142.6,900.8,892.6,896.1,897.0,890.4,898.6,902.1,912.7,926.0,1024.8,0.1,20.7
2025-04-23 13:23:50,896.5,140.3,900.0,892.4,896.2,897.2,890.5,898.2,901.7,913.0,926.3,1024.8,0.2,20.7
2025-04-23 13:23:55,896.9,138.5,899.9,892.2,896.6,896.9,890.8,898.1,901.4,912.9,926.4,1025.8,0.1,20.7
2025-04-23 13:24:00,897.2,134.5,900.2,892.5,896.7,896.5,890.8,897.6,901.8,913.1,926.3,1026.2,0.0,20.8
2025-04-23 13:24:05,897.1,132.5,900.3,892.6,897.1,896.5,890.5,897.9,902.4,913.2,926.5,1026.4,0.0,20.8
2025-04-23 13:24:10,896.8,130.5,900.3,893.0,898.1,897.5,890.2,898.8,902.5,913.0,926.6,1026.6,0.1,20.8
2025-04-23 13:24:15,896.9,128.5,900.0,892.8,898.0,897.9,890.5,898.9,903.1,913.0,926.3,1026.6,0.2,20.7
2025-04-23 13:24:20,896.9,125.6,899.8,893.2,898.4,897.7,891.1,900.4,903.2,913.1,926.4,1026.4,0.2,20.8
2025-04-23 13:24:25,897.3,123.4,899.7,893.2,898.5,898.5,891.6,900.2,902.7,913.3,927.3,1027.8,0.1,20.8
2025-04-23 13:24:30,896.9,121.9,900.2,893.2,898.2,899.2,892.3,900.8,903.0,914.2,927.6,1027.6,0.1,20.8
2025-04-23 13:24:35,897.4,119.7,899.9,894.0,897.5,899.2,892.0,900.8,903.1,914.2,927.5,1027.8,0.0,20.8
2025-04-23 13:24:40,896.9,118.2,899.3,893.0,895.7,897.3,891.9,900.0,903.2,913.6,927.1,1027.4,0.1,20.8
2025-04-23 13:24:45,897.4,115.8,899.4,892.3,895.8,897.2,892.2,899.8,902.6,913.0,926.2,1027.0,0.3,20.8
2025-04-23 13:24:50,897.0,113.8,899.8,893.1,896.0,897.0,892.5,900.1,902.9,913.6,926.4,1026.4,0.4,20.9
2025-04-23 13:24:55,896.3,112.1,899.2,891.1,895.1,896.0,892.0,899.0,902.9,913.7,926.2,1025.6,0.5,20.9
2025-04-23 13:25:00,894.5,111.2,899.2,891.7,894.8,895.3,891.4,898.2,900.3,912.7,925.3,1023.4,0.4,20.9
2025-04-23 13:25:05,894.7,109.8,897.8,890.2,893.5,894.3,890.6,897.4,900.5,911.6,924.1,1023.4,0.4,20.9
2025-04-23 13:25:10,894.8,106.8,898.5,890.3,894.5,894.0,890.7,897.5,900.6,911.2,924.1,1023.8,0.3,20.9
2025-04-23 13:25:15,894.5,104.6,898.3,890.5,894.7,894.5,891.6,899.8,900.9,912.7,925.3,1024.2,0.2,20.9
2025-04-23 13:25:20,893.9,103.4,897.9,890.1,894.6,895.2,891.6,898.5,900.8,912.3,924.8,1023.8,0.1,20.9
2025-04-23 13:25:25,893.2,102.4,897.5,889.4,894.2,894.5,891.2,897.2,899.6,912.0,924.5,1022.8,0.1,20.9
2025-04-23 13:25:30,891.5,100.3,895.2,888.2,892.7,893.3,888.9,896.4,898.3,910.4,921.9,1022.4,0.0,21.0
2025-04-23 13:25:35,891.0,98.5,894.4,886.1,890.8,892.0,887.8,895.9,897.1,909.5,920.8,1020.2,0.0,20.9
2025-04-23 13:25:40,890.7,96.7,895.0,886.3,890.3,890.8,886.7,894.8,897.8,908.6,919.9,1019.6,0.0,21.0
2025-04-23 13:25:45,891.0,95.8,896.0,886.4,890.6,891.2,887.4,895.0,897.2,908.2,919.8,1020.0,0.0,21.0
2025-04-23 13:25:50,891.6,94.1,896.1,886.6,891.3,891.7,888.7,895.9,896.8,908.7,919.7,1020.4,0.0,21.0
2025-04-23 13:25:55,892.3,93.2,898.1,887.3,893.5,892.1,890.0,897.0,897.0,909.2,921.7,1022.0,0.0,21.0
2025-04-23 13:26:00,892.9,91.4,898.0,888.4,893.7,893.6,890.4,897.4,897.9,910.5,922.3,1024.0,0.0,21.0
2025-04-23 13:26:05,893.3,90.4,898.9,890.2,894.5,894.5,890.6,897.8,898.2,910.9,922.4,1025.0,0.0,21.0
2025-04-23 13:26:10,896.3,89.2,900.5,892.5,896.6,897.4,892.9,900.5,900.2,912.6,924.3,1026.0,0.0,21.1
2025-04-23 13:26:15,895.3,88.1,900.8,893.4,897.0,898.3,893.1,900.2,900.9,913.5,925.5,1027.0,0.0,21.1
2025-04-23 13:26:20,893.8,87.0,898.6,890.8,896.0,898.3,893.0,900.2,900.9,913.3,923.9,1026.6,0.0,21.1
2025-04-23 13:26:25,893.7,85.2,898.2,890.6,895.7,896.1,890.5,897.3,899.0,910.1,922.1,1025.4,0.1,21.1
2025-04-23 13:26:30,894.4,84.0,899.2,892.1,897.4,896.7,890.8,897.9,898.6,910.4,923.1,1026.2,0.2,21.1
2025-04-23 13:26:35,895.9,82.9,900.2,893.3,899.4,897.9,892.7,899.5,899.4,913.1,925.3,1028.4,0.2,21.1
2025-04-23 13:26:40,895.9,82.2,900.1,895.0,899.4,898.5,892.8,900.7,901.2,914.5,926.4,1028.4,0.3,21.1
2025-04-23 13:26:45,896.7,81.2,900.0,894.5,899.5,898.6,892.7,900.6,901.1,915.1,926.5,1029.0,0.5,21.2
2025-04-23 13:26:50,897.1,80.6,900.3,894.3,900.2,898.7,893.3,901.2,901.9,915.1,926.5,1029.0,0.8,21.2
2025-04-23 13:26:55,897.0,79.9,900.4,894.3,899.8,898.9,893.5,901.4,901.8,915.2,926.5,1028.4,1.1,21.2
2025-04-23 13:27:00,897.3,79.6,900.4,894.5,899.4,899.8,893.6,901.0,901.6,915.2,926.3,1027.4,1.2,21.2
2025-04-23 13:27:05,897.7,78.9,901.3,894.3,899.6,900.0,893.4,901.0,901.4,915.0,926.7,1027.4,1.4,21.2
2025-04-23 13:27:10,897.7,78.6,901.4,894.6,899.7,899.8,893.1,901.3,901.4,915.0,926.1,1027.2,1.4,21.3
2025-04-23 13:27:15,897.2,77.6,901.2,894.5,899.4,899.2,893.4,901.3,901.5,915.6,926.4,1027.2,1.1,21.3
2025-04-23 13:27:20,897.4,77.6,901.8,894.1,899.7,899.3,893.7,901.2,901.5,914.7,926.9,1027.4,1.0,21.3
2025-04-23 13:27:25,897.6,77.7,901.9,893.7,900.2,899.1,893.8,900.7,901.7,915.1,926.4,1027.4,0.9,21.3
2025-04-23 13:27:30,898.0,77.3,902.3,893.9,900.3,898.6,893.7,900.8,901.6,915.0,926.9,1028.0,0.7,21.3
2025-04-23 13:27:35,897.8,76.7,902.0,894.0,899.8,897.5,894.5,900.9,902.0,915.4,927.0,1027.8,0.7,21.4
2025-04-23 13:27:40,897.8,75.9,901.5,893.3,899.7,897.5,894.8,900.9,902.2,915.3,927.1,1027.6,1.1,21.4
2025-04-23 13:27:45,898.0,75.2,901.8,892.4,900.3,897.3,894.9,901.0,902.5,915.5,927.0,1027.6,1.0,21.4
2025-04-23 13:27:50,897.8,74.6,901.8,892.6,900.0,897.6,894.8,901.2,902.3,915.8,926.9,1027.4,1.0,21.4
2025-04-23 13:27:55,898.1,74.2,901.3,891.6,900.5,897.3,895.0,900.8,902.1,915.6,926.7,1027.4,0.9,21.4
2025-04-23 13:28:00,898.2,73.1,901.5,892.1,900.5,897.1,895.0,900.7,902.2,915.6,926.6,1026.6,0.8,21.4
2025-04-23 13:28:05,898.1,73.0,901.5,891.9,899.3,897.1,895.1,900.7,902.3,915.4,926.7,1026.6,0.9,21.4
2025-04-23 13:28:10,899.0,72.7,901.9,892.1,899.9,897.2,895.3,901.8,901.9,914.9,926.5,1026.8,0.8,21.4
2025-04-23 13:28:15,899.0,72.2,902.4,893.1,900.2,897.8,895.0,902.0,902.1,915.1,926.4,1027.2,0.7,21.4
2025-04-23 13:28:20,899.4,71.6,903.3,893.5,900.3,898.9,894.5,902.2,901.8,915.0,926.2,1027.2,0.6,21.4
2025-04-23 13:28:25,898.8,71.0,902.6,893.6,900.4,899.4,894.3,901.9,902.1,914.9,926.2,1027.6,0.6,21.4
2025-04-23 13:28:30,898.6,70.5,902.7,894.1,900.2,899.9,895.1,902.0,902.3,915.2,925.5,1027.6,0.4,21.4
2025-04-23 13:28:35,899.0,70.3,902.5,893.6,900.2,899.4,895.4,901.6,902.5,915.6,928.6,1027.2,0.7,21.5
2025-04-23 13:28:40,898.6,70.6,903.1,894.1,900.1,899.0,895.5,901.5,903.1,916.0,927.2,1027.0,0.8,21.5
2025-04-23 13:28:45,898.5,70.2,903.1,894.0,900.0,898.8,895.4,901.3,903.6,915.6,927.3,1027.0,1.0,21.5
2025-04-23 13:28:50,898.0,70.3,902.8,893.0,901.0,898.6,895.6,901.7,903.5,915.9,927.2,1027.0,1.1,21.5
2025-04-23 13:28:55,897.8,70.0,902.8,893.1,901.1,898.3,895.3,901.9,902.9,916.3,926.8,1026.8,1.0,21.5
2025-04-23 13:29:00,897.6,70.0,903.0,894.0,900.7,898.9,895.5,902.2,902.3,916.4,926.7,1026.6,1.1,21.5
2025-04-23 13:29:05,897.7,69.9,902.6,893.9,900.3,898.9,895.5,902.2,902.6,916.8,927.5,1025.4,1.2,21.5
2025-04-23 13:29:10,897.4,69.9,902.6,893.8,900.3,898.7,896.1,902.3,902.9,916.3,927.4,1024.8,1.3,21.5
2025-04-23 13:29:15,897.4,70.2,902.0,894.2,900.6,898.8,895.7,902.3,902.9,916.7,926.6,1024.4,1.3,21.5
2025-04-23 13:29:20,898.0,70.4,902.4,893.7,900.6,898.4,895.4,902.4,903.0,916.4,926.5,1024.6,1.3,21.4
2025-04-23 13:29:25,898.3,70.6,902.3,893.9,899.7,899.2,895.0,902.7,903.0,915.8,926.8,1024.6,1.0,21.4
2025-04-23 13:29:30,899.4,70.3,902.6,893.6,899.7,898.9,895.5,902.7,903.1,915.9,926.5,1024.6,0.9,21.4
2025-04-23 13:29:35,899.7,69.7,902.8,893.4,899.9,899.2,895.4,902.9,902.9,916.3,925.1,1025.0,0.9,21.5
2025-04-23 13:29:40,899.4,69.7,903.0,893.7,900.5,899.0,895.6,902.9,902.9,915.7,926.3,1025.4,0.8,21.4
2025-04-23 13:29:45,899.3,69.8,903.6,894.0,901.1,898.6,895.9,902.4,902.1,915.9,927.1,1026.0,0.8,21.4
2025-04-23 13:29:50,899.1,70.2,904.2,893.6,901.6,898.8,896.1,902.7,902.4,916.1,927.3,1027.6,0.8,21.4
2025-04-23 13:29:55,899.2,70.5,904.9,893.0,901.8,898.8,896.5,902.8,902.4,916.6,927.2,1027.0,0.8,21.4
2025-04-23 13:30:00,899.2,70.6,904.5,893.3,902.3,898.7,897.0,902.3,902.4,917.1,927.9,1026.4,0.9,21.4
2025-04-23 13:30:05,899.3,70.4,904.6,893.9,902.9,899.1,897.4,903.0,902.9,917.1,927.6,1026.0,0.9,21.4
2025-04-23 13:30:10,899.2,70.8,904.8,894.0,903.1,899.6,897.6,903.3,903.6,917.3,928.1,1025.2,0.7,21.4
2025-04-23 13:30:15,899.8,71.2,905.3,894.4,903.3,900.0,897.7,903.7,904.1,917.8,928.3,1025.4,0.6,21.4
2025-04-23 13:30:20,899.6,71.5,905.4,894.5,902.7,900.1,897.4,904.5,905.4,918.2,928.7,1026.0,0.5,21.5
2025-04-23 13:30:25,900.6,71.4,905.4,895.0,903.1,899.8,897.7,905.0,905.3,918.2,928.6,1026.4,0.6,21.5
2025-04-23 13:30:30,901.1,71.4,905.7,895.3,903.4,899.7,898.0,905.4,905.9,918.7,928.9,1027.0,0.6,21.4
2025-04-23 13:30:35,901.6,71.2,906.5,895.6,903.4,901.0,898.6,905.6,906.5,918.7,929.1,1027.4,0.6,21.4
2025-04-23 13:30:40,901.2,71.3,906.5,895.5,903.1,901.0,898.7,905.6,906.4,918.9,929.3,1028.0,0.6,21.5
2025-04-23 13:30:45,901.9,70.9,906.9,896.2,903.6,902.1,898.1,905.9,906.0,918.9,929.4,1028.4,0.6,21.5
2025-04-23 13:30:50,902.4,70.5,907.5,896.5,904.0,902.9,898.3,906.5,907.1,918.7,929.1,1029.2,0.6,21.5
2025-04-23 13:30:55,902.3,69.6,907.6,897.1,904.1,903.1,898.0,907.2,906.8,918.6,929.1,1029.0,0.7,21.5
2025-04-23 13:31:00,902.4,70.0,908.5,897.3,904.5,903.0,898.9,906.9,907.0,919.0,929.0,1029.2,1.1,21.5
2025-04-23 13:31:05,902.6,70.0,907.7,897.3,904.7,903.7,898.9,907.3,907.7,919.0,929.2,1029.6,1.2,21.5
2025-04-23 13:31:10,902.5,70.1,907.8,897.7,905.2,904.2,900.4,907.2,908.6,919.0,929.6,1030.4,1.6,21.4
2025-04-23 13:31:15,903.3,70.0,907.7,897.9,905.7,905.2,900.5,908.1,908.9,919.5,929.7,1030.4,1.4,21.4
2025-04-23 13:31:20,903.2,70.0,909.5,897.8,905.6,905.7,901.5,908.5,909.5,919.4,929.9,1030.0,1.5,21.4
2025-04-23 13:31:25,903.6,70.0,909.8,898.1,906.6,905.2,901.6,908.9,910.5,920.0,929.9,1029.8,2.3,21.4
2025-04-23 13:31:30,904.2,70.1,909.8,898.7,906.4,905.6,901.7,909.5,910.6,920.1,929.9,1030.0,2.2,21.4
2025-04-23 13:31:35,905.7,70.8,909.1,899.0,906.5,906.3,901.2,909.8,910.8,920.3,930.3,1030.2,2.5,21.4
2025-04-23 13:31:40,905.0,70.9,910.8,899.5,906.4,906.4,901.1,910.2,910.1,920.8,930.0,1031.2,4.1,21.4
2025-04-23 13:31:45,905.2,71.0,910.9,900.5,906.2,906.3,901.2,909.4,909.6,920.6,929.8,1031.4,4.3,21.4
2025-04-23 13:31:50,905.5,70.8,912.2,900.2,906.2,906.0,901.4,909.0,909.6,920.5,929.8,1030.2,3.7,21.3
2025-04-23 13:31:55,905.3,71.0,911.6,900.3,906.6,906.1,901.0,909.2,909.5,921.0,930.0,1030.4,3.0,21.3
2025-04-23 13:32:00,905.5,70.6,911.0,900.0,906.5,906.2,901.0,908.8,909.3,920.6,929.6,1030.2,3.0,21.3
2025-04-23 13:32:05,904.4,70.5,910.9,900.0,906.5,905.8,901.7,909.0,908.9,920.6,929.5,1030.4,2.6,21.3
2025-04-23 13:32:10,904.2,70.4,910.1,899.9,907.2,906.1,901.1,908.2,909.2,921.0,929.9,1030.0,2.1,21.2
2025-04-23 13:32:15,904.3,70.7,910.2,899.7,907.3,905.9,900.5,909.2,909.8,921.5,930.0,1030.2,2.4,21.2
2025-04-23 13:32:20,904.6,71.1,909.5,900.1,906.2,906.1,900.6,910.3,909.6,921.6,929.8,1029.4,2.9,21.2
2025-04-23 13:32:25,905.0,71.2,909.3,899.9,906.1,905.9,901.0,910.3,910.3,921.7,929.5,1029.2,2.6,21.1
2025-04-23 13:32:30,904.6,71.2,909.8,900.0,906.4,906.5,900.8,911.0,910.9,922.1,929.7,1029.0,1.8,21.1
2025-04-23 13:32:35,905.0,70.4,909.4,901.0,906.4,906.8,901.0,911.2,911.5,922.2,930.0,1028.8,2.0,21.1
2025-04-23 13:32:40,904.8,70.4,908.9,901.5,907.0,907.0,901.6,911.4,910.4,922.6,930.0,1029.0,2.4,21.1
2025-04-23 13:32:45,904.5,71.0,908.5,901.6,907.2,907.2,901.9,910.8,910.2,922.5,930.3,1029.6,2.8,21.1
2025-04-23 13:32:50,905.0,71.5,908.4,901.9,907.2,907.4,901.9,910.9,910.8,922.4,930.3,1029.4,2.9,21.1
2025-04-23 13:32:55,904.8,71.8,909.7,902.1,907.2,907.4,902.0,910.8,911.0,922.5,929.7,1030.0,2.0,21.1
2025-04-23 13:33:00,904.5,71.9,910.3,902.7,907.7,907.7,901.8,910.7,911.0,922.3,930.2,1030.0,1.6,21.1
2025-04-23 13:33:05,904.5,71.8,910.5,902.5,908.1,907.5,901.7,910.5,911.7,922.9,930.1,1029.8,1.3,21.1
2025-04-23 13:33:10,904.3,70.9,910.0,902.0,908.2,907.2,902.1,911.1,911.3,922.7,929.8,1030.4,1.7,21.2
2025-04-23 13:33:15,904.8,71.5,910.7,902.4,907.8,907.5,901.8,911.9,911.4,922.8,929.5,1030.0,2.1,21.2
2025-04-23 13:33:20,905.3,71.5,910.9,902.8,907.4,907.8,901.7,911.4,911.5,923.0,929.4,1029.6,2.0,21.2
2025-04-23 13:33:25,905.7,71.6,910.8,903.1,907.3,908.1,901.7,911.4,912.4,922.9,929.4,1030.6,1.6,21.2
2025-04-23 13:33:30,906.0,71.7,910.7,903.0,907.3,908.0,901.7,911.5,912.1,922.8,929.4,1031.0,1.6,21.1
2025-04-23 13:33:35,906.1,71.4,910.7,903.3,907.0,907.9,902.3,912.1,911.6,923.0,928.8,1030.2,1.8,21.1
2025-04-23 13:33:40,906.4,71.1,910.3,902.8,907.5,907.4,902.8,912.9,911.8,923.6,929.2,1030.2,2.3,21.1
2025-04-23 13:33:45,906.5,70.9,910.0,902.6,907.3,907.3,902.3,912.0,911.9,923.3,929.3,1030.0,2.3,21.2
2025-04-23 13:33:50,906.3,70.7,910.5,902.7,907.1,907.3,902.4,911.4,911.9,923.9,929.5,1030.2,1.8,21.2
2025-04-23 13:33:55,906.5,70.4,910.7,902.7,907.3,906.9,902.7,911.4,912.4,923.7,929.0,1030.2,1.7,21.2
2025-04-23 13:34:00,906.4,70.3,910.6,902.7,907.6,907.2,902.6,911.1,912.5,924.0,930.0,1030.4,1.8,21.2
2025-04-23 13:34:05,906.5,70.2,910.7,902.3,908.1,907.2,902.5,911.1,912.6,924.3,930.0,1030.0,2.0,21.2
2025-04-23 13:34:10,906.3,70.4,911.8,902.4,908.1,907.6,903.2,911.5,912.3,924.8,930.4,1030.2,1.9,21.2
2025-04-23 13:34:15,907.3,70.0,911.7,902.3,908.6,906.9,904.2,912.2,912.6,923.6,930.3,1031.0,2.0,21.2
2025-04-23 13:34:20,906.7,70.2,911.4,902.5,908.6,907.1,903.7,912.2,912.1,923.2,928.5,1031.2,2.1,21.2
2025-04-23 13:34:25,906.7,70.0,911.9,902.7,909.8,907.7,904.1,913.4,912.1,923.4,929.0,1031.6,2.0,21.2
2025-04-23 13:34:30,906.6,69.9,912.5,903.1,910.4,908.1,904.0,912.6,911.7,923.4,929.2,1031.8,1.9,21.3
2025-04-23 13:34:35,906.8,70.0,912.1,903.1,908.1,908.3,904.1,912.2,911.7,924.0,929.3,1032.2,1.7,21.3
2025-04-23 13:34:40,907.0,69.6,911.9,902.9,908.8,908.1,904.1,911.9,912.3,923.7,929.2,1032.4,1.5,21.3
2025-04-23 13:34:45,906.9,69.0,911.6,902.9,908.6,908.6,903.4,912.1,911.9,923.6,929.3,1032.4,1.4,21.3
2025-04-23 13:34:50,906.5,69.4,912.1,901.7,908.9,908.0,903.4,912.2,911.6,923.8,928.4,1032.0,1.1,21.3
2025-04-23 13:34:55,906.4,69.2,911.9,901.4,908.5,907.2,903.3,911.5,912.3,924.1,929.0,1031.4,0.9,21.3
2025-04-23 13:35:00,906.2,69.2,912.3,900.8,908.7,907.1,902.0,911.6,912.4,924.7,930.2,1031.2,1.0,21.3
2025-04-23 13:35:05,906.3,69.0,912.4,900.6,908.4,907.5,903.3,911.3,912.3,924.9,929.4,1031.2,1.1,21.3
2025-04-23 13:35:10,906.4,69.3,912.2,900.7,908.2,907.6,902.9,912.3,912.2,924.5,929.7,1031.6,1.0,21.3
2025-04-23 13:35:15,905.9,69.2,911.8,900.6,908.2,907.3,903.6,911.6,912.2,924.8,929.4,1031.6,1.1,21.3
2025-04-23 13:35:20,906.1,69.0,912.1,901.1,908.7,907.6,904.2,911.1,912.1,924.6,930.1,1031.2,1.0,21.3
2025-04-23 13:35:25,906.8,69.3,911.7,900.9,908.6,908.2,904.2,911.9,911.5,924.4,929.6,1031.0,0.8,21.3
2025-04-23 13:35:30,907.5,69.5,911.5,902.2,908.0,908.2,904.2,911.8,911.2,925.0,929.5,1030.6,0.6,21.2
2025-04-23 13:35:35,907.1,69.1,911.6,902.5,908.1,907.7,904.2,912.0,912.1,925.2,929.7,1031.6,0.6,21.3
2025-04-23 13:35:40,908.3,69.2,912.1,902.7,908.7,907.2,904.3,912.1,912.4,925.0,929.5,1032.0,0.5,21.3
2025-04-23 13:35:45,908.0,68.8,912.4,902.6,908.8,906.7,904.1,911.6,912.2,924.7,928.4,1031.6,0.4,21.3
2025-04-23 13:35:50,908.2,69.0,912.5,902.7,910.2,906.6,904.1,911.1,912.4,926.0,930.2,1031.6,0.7,21.3
2025-04-23 13:35:55,908.2,69.0,912.8,902.6,910.8,906.9,903.9,911.9,912.3,924.2,929.2,1031.2,2.2,21.3
2025-04-23 13:36:00,908.2,69.6,913.2,902.4,910.2,906.9,904.4,911.5,912.1,924.7,929.1,1031.0,2.3,21.3
2025-04-23 13:36:05,908.6,70.1,913.4,902.8,909.9,907.1,904.2,912.3,911.8,924.4,929.4,1030.2,2.2,21.4
2025-04-23 13:36:10,908.0,70.0,914.0,903.0,909.3,907.3,903.1,912.4,912.4,924.9,929.7,1031.0,1.7,21.3
2025-04-23 13:36:15,908.3,69.8,914.1,903.0,909.5,907.9,903.6,912.6,912.3,924.7,929.6,1031.0,1.4,21.3
2025-04-23 13:36:20,908.0,69.7,914.2,903.2,909.6,908.5,903.3,912.2,912.8,924.8,929.2,1031.0,1.3,21.3
2025-04-23 13:36:25,908.0,69.6,914.0,903.5,909.8,908.7,903.8,912.6,913.0,925.6,931.6,1031.8,1.2,21.3
2025-04-23 13:36:30,908.0,69.6,913.9,903.5,909.5,908.8,905.1,913.1,913.0,926.1,931.0,1032.2,1.1,21.4
2025-04-23 13:36:35,908.2,69.4,913.5,903.4,908.9,908.9,904.7,913.1,913.2,926.6,931.5,1031.8,0.9,21.3
2025-04-23 13:36:40,907.8,69.8,913.3,903.4,908.9,909.5,904.2,913.8,914.0,926.8,931.3,1032.6,0.9,21.3
2025-04-23 13:36:45,907.3,70.0,913.4,904.6,909.3,909.7,904.4,914.2,914.2,926.7,931.9,1033.2,0.9,21.4
2025-04-23 13:36:50,907.3,69.9,913.1,904.9,909.7,910.4,905.1,914.8,914.4,926.8,931.9,1032.8,1.1,21.3
2025-04-23 13:36:55,907.2,69.8,913.3,905.3,910.0,909.6,905.4,915.3,914.3,927.0,931.7,1032.8,1.4,21.4
2025-04-23 13:37:00,907.9,70.2,914.0,905.2,909.9,909.7,905.3,915.1,914.4,927.1,931.5,1034.0,1.4,21.4
2025-04-23 13:37:05,908.2,70.4,913.7,904.3,909.9,909.9,905.4,915.6,914.6,926.9,931.5,1033.6,1.5,21.4
2025-04-23 13:37:10,908.3,70.1,913.3,904.8,909.2,909.5,905.0,915.3,914.8,926.7,931.8,1034.0,1.9,21.5
2025-04-23 13:37:15,907.4,69.8,913.3,905.1,909.2,909.2,904.8,915.7,914.7,926.5,931.2,1032.8,2.0,21.4
2025-04-23 13:37:20,907.2,69.2,913.2,904.8,909.3,908.5,905.0,915.9,914.7,926.0,931.2,1032.8,2.2,21.4
2025-04-23 13:37:25,907.1,69.3,913.5,904.5,908.8,908.7,904.9,915.8,914.0,926.2,931.4,1033.0,2.4,21.4
2025-04-23 13:37:30,907.6,69.5,913.1,904.7,909.0,908.9,905.0,914.4,914.7,926.6,931.5,1032.8,2.5,21.4
2025-04-23 13:37:35,908.5,69.8,911.7,904.2,909.5,908.8,905.2,914.9,915.2,926.8,931.2,1032.2,2.0,21.4
2025-04-23 13:37:40,908.3,69.7,912.8,903.4,909.2,908.4,905.4,914.6,915.7,927.0,931.0,1031.8,1.6,21.5
2025-04-23 13:37:45,908.0,70.6,912.9,902.5,908.9,908.4,905.4,914.6,915.5,927.2,931.3,1032.2,1.3,21.5
2025-04-23 13:37:50,907.9,70.7,913.5,903.0,908.9,909.2,905.5,914.8,915.5,926.9,931.1,1032.6,1.2,21.4
2025-04-23 13:37:55,907.6,70.4,913.4,903.4,909.2,910.0,905.1,914.7,915.7,927.0,931.3,1032.6,1.6,21.4
2025-04-23 13:38:00,908.1,71.0,913.8,903.8,909.6,910.1,906.2,914.6,914.9,926.9,931.1,1033.4,2.1,21.4
2025-04-23 13:38:05,907.9,71.1,913.6,904.1,909.8,910.0,906.3,914.5,915.1,926.6,931.3,1032.4,2.2,21.5
2025-04-23 13:38:10,908.4,71.1,914.1,904.9,910.3,909.9,906.5,914.1,915.0,926.9,931.2,1032.8,2.1,21.5
2025-04-23 13:38:15,908.5,70.5,914.1,905.0,911.1,910.1,907.0,914.4,915.0,926.8,931.5,1033.4,2.0,21.5
2025-04-23 13:38:20,908.5,70.5,914.6,905.3,911.6,909.9,906.9,914.7,915.0,927.0,931.9,1033.8,2.1,21.4
2025-04-23 13:38:25,908.9,70.0,915.7,905.5,911.6,910.7,907.3,915.2,916.2,927.2,931.7,1033.2,2.0,21.4
2025-04-23 13:38:30,908.8,69.7,916.3,906.1,911.4,910.7,907.0,915.6,916.1,927.2,931.4,1033.4,2.2,21.4
2025-04-23 13:38:35,908.6,69.2,916.0,906.3,911.5,910.9,906.9,916.5,915.4,927.5,931.5,1032.6,2.3,21.4
2025-04-23 13:38:40,908.5,69.0,915.6,906.1,912.0,910.8,906.8,916.8,915.4,927.7,931.2,1032.6,2.1,21.3
2025-04-23 13:38:45,908.5,68.8,914.5,906.2,911.4,911.3,906.7,916.3,915.3,927.4,931.4,1033.2,2.0,21.3
2025-04-23 13:38:50,908.0,68.8,913.7,905.9,911.3,912.2,906.4,916.1,915.0,927.4,930.3,1033.6,1.8,21.3
2025-04-23 13:38:55,907.8,68.9,913.5,906.1,911.0,912.6,905.7,915.1,914.7,927.2,930.4,1033.6,1.9,21.3
2025-04-23 13:39:00,907.4,69.3,912.1,906.1,909.8,911.7,905.4,914.9,914.6,926.6,929.9,1034.0,2.1,21.3
2025-04-23 13:39:05,907.0,69.6,911.8,905.4,909.7,911.2,905.2,914.2,914.2,926.7,929.5,1032.6,1.8,21.3
2025-04-23 13:39:10,906.8,69.4,911.6,905.4,909.6,910.8,905.2,914.7,914.3,926.4,928.9,1031.8,1.7,21.2
2025-04-23 13:39:15,906.9,69.6,911.4,905.7,909.5,910.5,905.5,914.9,913.9,926.4,929.2,1030.8,1.5,21.2
2025-04-23 13:39:20,906.8,69.9,911.5,905.4,909.4,909.9,905.7,914.7,913.9,926.3,929.2,1031.0,1.6,21.2
2025-04-23 13:39:25,906.7,70.2,912.0,905.9,908.8,909.2,904.7,914.2,914.2,926.3,928.8,1030.6,1.6,21.2
2025-04-23 13:39:30,906.3,70.3,913.2,905.2,909.4,909.1,904.0,914.0,914.6,926.1,928.9,1031.2,1.3,21.2
2025-04-23 13:39:35,906.7,70.3,913.8,905.2,909.4,909.6,904.0,914.4,915.4,926.3,928.7,1030.8,1.2,21.2
2025-04-23 13:39:40,907.4,70.9,914.2,905.0,908.7,909.7,903.8,914.4,914.7,925.6,928.5,1031.2,1.2,21.2
2025-04-23 13:39:45,907.1,70.6,914.0,905.9,908.7,908.8,903.9,914.7,914.6,925.9,927.8,1031.8,1.4,21.2
2025-04-23 13:39:50,906.2,70.3,912.9,905.2,908.3,908.8,904.2,914.5,913.8,925.5,927.7,1031.6,1.3,21.1
2025-04-23 13:39:55,906.3,70.2,912.0,903.7,908.0,908.3,904.2,913.7,913.7,925.7,927.4,1030.2,1.0,21.1
2025-04-23 13:40:00,906.0,70.1,911.5,903.2,908.2,908.0,904.7,914.3,913.3,925.6,927.5,1030.2,0.9,21.2
2025-04-23 13:40:05,905.7,70.0,911.4,902.9,907.9,907.7,904.1,913.6,913.1,925.8,928.1,1030.0,0.8,21.2
2025-04-23 13:40:10,905.3,70.0,911.2,901.8,907.3,907.6,903.0,912.7,913.4,926.0,928.0,1028.6,0.7,21.2
2025-04-23 13:40:15,904.8,70.8,911.1,901.7,907.1,906.8,902.4,912.8,913.4,925.9,927.5,1028.2,0.9,21.2
2025-04-23 13:40:20,904.9,70.8,910.4,900.3,906.5,905.3,901.4,911.7,913.1,926.4,926.5,1028.0,0.9,21.2
2025-04-23 13:40:25,904.8,71.1,910.6,900.5,906.1,905.3,901.1,910.8,912.3,925.9,926.4,1027.2,1.2,21.2
2025-04-23 13:40:30,905.3,71.0,910.6,901.0,906.3,905.0,900.8,910.2,911.6,925.5,925.7,1026.0,1.2,21.2
2025-04-23 13:40:35,905.9,70.3,910.0,901.2,906.2,904.9,900.7,908.9,911.1,925.2,925.5,1026.4,1.1,21.2
2025-04-23 13:40:40,905.9,70.0,910.3,901.2,906.2,904.8,901.1,909.8,910.7,924.0,925.3,1026.6,1.1,21.2
2025-04-23 13:40:45,905.5,70.1,910.5,901.0,906.0,905.0,901.0,909.1,910.4,924.0,924.2,1026.4,1.2,21.2
2025-04-23 13:40:50,905.4,70.2,911.1,901.1,905.9,904.9,901.3,909.9,909.9,923.1,923.2,1026.6,1.1,21.3
2025-04-23 13:40:55,905.5,69.5,910.8,900.8,905.4,904.6,901.8,909.6,909.4,922.4,924.0,1026.8,1.1,21.3
2025-04-23 13:41:00,905.5,69.0,910.5,900.9,905.6,905.2,901.3,909.5,909.2,923.4,924.1,1026.4,1.4,21.3
2025-04-23 13:41:05,905.5,68.8,910.5,901.0,905.2,905.4,901.0,910.0,908.7,923.4,925.0,1026.4,1.9,21.3
2025-04-23 13:41:10,905.9,68.6,910.3,901.2,905.7,905.3,900.5,910.3,908.5,923.6,924.6,1026.4,1.8,21.2
2025-04-23 13:41:15,906.0,69.0,910.4,901.2,906.3,905.1,900.5,910.5,908.9,923.5,924.7,1026.4,1.9,21.2
2025-04-23 13:41:20,906.6,69.2,910.9,900.9,906.2,904.7,900.6,910.9,908.8,922.7,924.2,1027.2,1.7,21.2
2025-04-23 13:41:25,907.0,69.2,911.0,901.3,906.1,906.1,901.3,910.9,909.1,922.8,924.0,1028.2,1.6,21.2
2025-04-23 13:41:30,906.9,70.3,910.5,901.9,905.9,905.9,901.7,911.3,909.5,922.2,923.5,1028.6,1.3,21.2
2025-04-23 13:41:35,906.6,70.3,910.6,903.5,905.3,905.4,901.0,912.0,909.8,922.7,923.9,1028.8,1.2,21.2
2025-04-23 13:41:40,906.8,70.1,910.6,904.0,905.3,905.5,900.6,912.1,909.5,923.0,923.9,1027.8,1.7,21.2
2025-04-23 13:41:45,907.1,70.5,910.5,903.9,905.8,906.5,900.3,911.5,910.1,923.0,924.0,1027.6,1.5,21.2
2025-04-23 13:41:50,906.7,70.2,910.0,903.2,906.5,905.2,900.7,910.6,910.6,922.4,924.7,1027.2,1.2,21.2
2025-04-23 13:41:55,906.3,69.6,909.4,902.7,907.4,905.7,900.8,911.0,910.9,923.3,925.0,1027.0,1.2,21.2
2025-04-23 13:42:00,905.8,69.4,910.1,902.9,907.0,905.7,901.2,910.9,910.8,923.7,924.8,1027.4,1.4,21.2
2025-04-23 13:42:05,906.4,69.3,910.8,902.6,907.3,905.0,901.4,911.1,911.3,923.6,924.9,1028.6,1.3,21.2
2025-04-23 13:42:10,906.1,69.3,911.3,903.0,907.5,905.3,901.0,910.9,911.5,923.5,925.0,1030.2,1.2,21.2
2025-04-23 13:42:15,906.3,69.3,911.2,903.0,907.5,905.4,900.5,911.2,911.2,923.9,924.7,1029.4,1.0,21.2
2025-04-23 13:42:20,906.5,69.3,910.6,903.8,907.2,905.7,901.0,911.5,911.3,924.2,924.7,1029.2,0.9,21.3
2025-04-23 13:42:25,906.5,69.2,910.4,903.3,907.2,906.2,900.8,912.0,911.6,924.4,925.2,1030.4,0.8,21.2
2025-04-23 13:42:30,906.4,69.2,910.7,903.3,907.2,906.1,900.5,912.1,911.8,924.4,925.3,1031.2,0.6,21.3
2025-04-23 13:42:35,906.5,68.7,910.9,902.9,907.1,905.7,901.0,912.2,911.9,924.8,924.7,1030.6,0.5,21.3
2025-04-23 13:42:40,906.5,69.0,911.0,903.1,907.1,906.2,900.7,912.2,911.6,923.4,924.9,1030.2,0.4,21.3
2025-04-23 13:42:45,906.7,69.2,910.8,902.9,906.6,905.7,901.1,912.8,911.0,924.4,924.7,1029.4,0.2,21.3
2025-04-23 13:42:50,906.8,69.0,910.5,902.6,906.8,905.8,901.2,912.7,911.2,924.1,925.0,1029.4,0.2,21.3
2025-04-23 13:42:55,906.5,68.9,910.4,902.5,906.7,906.0,901.0,912.2,911.2,924.2,924.7,1029.6,0.3,21.3
2025-04-23 13:43:00,906.3,68.8,910.3,902.3,906.6,906.1,900.8,910.7,910.6,924.1,924.7,1028.6,0.5,21.3
2025-04-23 13:43:05,905.8,68.7,910.4,902.5,906.1,905.7,900.7,910.7,910.3,923.9,924.5,1028.8,0.6,21.4
2025-04-23 13:43:10,906.0,68.5,910.6,901.7,906.3,904.7,901.1,910.6,910.6,923.3,924.4,1027.6,0.5,21.4
2025-04-23 13:43:15,906.2,68.3,910.3,901.6,906.1,904.0,900.3,910.8,910.0,922.5,924.1,1027.2,0.4,21.4
2025-04-23 13:43:20,906.4,68.1,910.3,901.1,904.4,904.3,900.0,910.2,910.2,923.1,922.6,1026.0,0.2,21.4
2025-04-23 13:43:25,906.1,67.9,910.7,902.0,905.5,903.9,900.2,909.9,909.5,922.9,922.8,1026.6,0.2,21.4
2025-04-23 13:43:30,906.7,68.0,911.1,902.2,905.5,903.6,900.3,909.9,908.8,922.8,923.2,1026.6,0.2,21.4
2025-04-23 13:43:35,906.8,68.5,911.3,902.2,905.7,904.3,899.5,909.9,908.8,922.9,922.6,1027.8,0.4,21.4
2025-04-23 13:43:40,906.9,68.7,911.6,902.4,906.6,904.6,899.8,909.9,909.3,922.5,923.4,1027.0,0.5,21.5
2025-04-23 13:43:45,907.4,69.1,912.0,902.3,906.8,906.3,899.9,909.8,909.4,922.6,923.2,1026.6,0.4,21.5
2025-04-23 13:43:50,907.4,69.2,912.4,901.6,906.7,905.3,900.3,910.4,910.8,922.7,923.8,1024.8,0.3,21.5
2025-04-23 13:43:55,908.0,69.7,912.4,901.7,906.5,905.3,901.4,910.1,909.4,922.8,923.7,1025.4,0.3,21.5
2025-04-23 13:44:00,908.1,69.5,912.1,902.2,906.7,905.0,902.6,911.0,910.0,923.2,924.1,1025.8,0.1,21.5
2025-04-23 13:44:05,908.4,69.5,912.8,901.9,906.4,905.3,902.3,911.1,910.6,923.7,924.8,1027.0,0.1,21.5
2025-04-23 13:44:10,908.7,69.5,913.0,902.5,906.6,905.6,902.4,911.0,910.6,924.1,925.4,1027.0,0.0,21.5
2025-04-23 13:44:15,909.0,69.2,913.6,903.2,907.1,905.9,902.8,911.3,910.3,924.6,925.6,1027.4,0.0,21.5
2025-04-23 13:44:20,909.0,69.2,913.3,903.4,907.4,907.4,903.8,911.7,910.7,924.5,925.4,1028.0,0.0,21.6
2025-04-23 13:44:25,909.4,69.2,913.0,902.7,907.9,907.2,904.6,912.1,911.1,925.1,926.1,1028.4,0.1,21.6
2025-04-23 13:44:30,909.5,69.4,913.2,903.2,908.5,907.4,905.5,912.3,911.4,925.5,926.1,1027.8,0.1,21.6
2025-04-23 13:44:35,909.5,69.4,913.5,903.2,908.7,906.9,905.0,912.0,911.6,925.6,926.9,1028.0,0.1,21.6
2025-04-23 13:44:40,910.2,69.5,914.0,903.8,910.1,906.6,904.1,912.7,911.9,926.8,927.7,1028.6,0.1,21.6
2025-04-23 13:44:45,910.0,69.6,914.9,904.4,910.4,906.7,904.6,913.3,911.6,926.8,927.5,1028.8,0.1,21.7
2025-04-23 13:44:50,910.4,69.5,914.6,905.3,910.3,907.6,905.2,913.5,911.4,926.6,928.0,1028.8,0.3,21.7
2025-04-23 13:44:55,910.5,69.3,914.4,905.4,910.6,907.9,905.9,914.3,911.8,927.1,928.1,1029.4,0.6,21.7
2025-04-23 13:45:00,910.7,69.3,915.0,905.9,910.9,909.0,906.4,914.1,911.7,927.5,929.0,1029.8,0.8,21.7
2025-04-23 13:45:05,910.3,69.5,915.3,906.1,911.4,908.7,906.1,914.8,912.7,927.9,929.5,1030.8,0.7,21.7
2025-04-23 13:45:10,910.8,70.2,915.4,906.2,911.2,909.1,906.2,915.4,912.9,927.9,929.4,1030.4,0.6,21.7
2025-04-23 13:45:15,910.9,70.5,916.6,907.0,912.0,909.2,907.9,915.6,913.1,928.5,929.4,1030.0,0.5,21.8
2025-04-23 13:45:20,911.0,70.5,916.2,907.7,911.9,909.3,906.9,915.9,913.1,928.8,929.6,1029.6,0.4,21.8
2025-04-23 13:45:25,910.4,70.3,916.6,907.1,912.8,909.8,907.5,916.8,914.2,928.8,930.2,1029.4,0.3,21.8
2025-04-23 13:45:30,909.9,69.9,916.5,907.1,912.8,910.0,907.4,916.4,915.1,929.4,930.4,1029.0,0.3,21.8
2025-04-23 13:45:35,910.0,69.5,915.8,907.0,912.6,909.7,907.4,916.9,915.5,929.4,930.8,1029.2,0.2,21.8
2025-04-23 13:45:40,910.6,69.5,915.7,904.9,912.7,909.5,907.9,917.3,916.0,929.7,931.1,1029.6,0.2,21.8
2025-04-23 13:45:45,909.9,69.5,916.1,905.6,912.9,909.1,907.7,916.5,916.0,929.7,930.5,1029.6,0.2,21.9
2025-04-23 13:45:50,910.2,69.6,916.3,906.3,912.2,909.7,907.7,916.5,914.8,930.0,930.4,1028.2,0.3,21.9
2025-04-23 13:45:55,909.9,69.5,916.2,906.1,912.5,909.2,907.4,916.4,914.4,930.1,930.7,1028.4,0.2,21.9
2025-04-23 13:46:00,909.9,69.8,916.7,905.6,911.4,909.0,907.1,916.0,913.3,930.4,930.6,1028.6,0.1,21.9
2025-04-23 13:46:05,910.5,70.2,916.8,906.0,911.5,909.0,907.2,915.3,913.5,929.5,930.4,1029.2,0.5,21.9
2025-04-23 13:46:10,910.9,70.6,917.0,905.5,912.2,909.2,906.8,915.4,913.8,929.8,929.8,1029.2,0.5,21.9
2025-04-23 13:46:15,911.1,70.4,917.3,905.6,911.6,908.8,906.8,914.4,913.2,929.1,929.9,1028.8,0.5,22.0
2025-04-23 13:46:20,911.4,70.4,917.5,905.8,911.9,909.2,906.4,913.5,913.0,929.0,929.3,1028.8,0.4,22.0
2025-04-23 13:46:25,911.8,70.4,917.7,906.6,912.6,909.0,906.8,913.6,912.6,928.7,929.3,1028.8,0.3,22.0
2025-04-23 13:46:30,912.2,70.5,917.6,906.8,912.4,908.9,906.7,913.8,912.6,929.1,928.8,1028.8,0.2,22.1
2025-04-23 13:46:35,911.8,70.5,917.4,906.6,912.3,908.5,906.9,913.9,912.5,929.3,929.2,1027.6,0.1,22.1
2025-04-23 13:46:40,911.6,70.7,917.1,907.7,912.0,909.1,906.8,914.5,912.5,929.1,929.1,1027.8,0.0,22.1
2025-04-23 13:46:45,911.4,70.9,917.1,907.4,912.0,909.7,906.8,914.7,912.1,929.0,929.3,1028.0,0.1,22.1
2025-04-23 13:46:50,911.4,71.1,916.5,907.6,911.9,909.2,907.4,914.6,912.2,929.3,929.3,1027.6,0.2,22.1
2025-04-23 13:46:55,911.3,71.3,916.3,907.7,911.9,908.9,907.3,914.4,912.5,929.1,928.9,1027.8,0.2,22.1
2025-04-23 13:47:00,911.5,71.3,916.6,907.3,911.8,908.7,906.8,914.6,912.8,929.1,929.1,1027.6,0.1,22.1
2025-04-23 13:47:05,910.9,71.2,916.5,906.8,912.1,908.1,906.9,914.5,912.5,928.5,929.0,1027.6,0.3,22.2
2025-04-23 13:47:10,911.4,71.1,917.1,906.6,911.8,908.4,906.8,914.7,912.1,928.6,929.1,1027.6,1.1,22.2
2025-04-23 13:47:15,911.7,71.3,917.5,906.4,911.5,908.2,906.9,914.2,912.1,928.3,928.8,1027.6,1.4,22.2
2025-04-23 13:47:20,912.2,71.5,918.0,906.6,911.5,908.4,907.7,914.4,912.5,928.8,928.8,1027.8,1.2,22.2
2025-04-23 13:47:25,912.1,72.0,918.0,906.9,911.4,908.7,908.2,914.2,912.6,928.7,929.0,1027.6,1.0,22.1
2025-04-23 13:47:30,912.6,72.2,917.7,906.6,911.7,909.0,907.9,913.9,912.7,928.7,928.4,1029.2,1.0,22.2
2025-04-23 13:47:35,913.0,71.8,917.6,906.5,911.5,909.3,907.4,914.0,912.4,928.9,927.9,1029.2,0.9,22.1
2025-04-23 13:47:40,913.1,71.4,917.5,906.8,911.5,909.5,908.0,914.6,912.7,928.4,927.6,1029.4,0.9,22.1
2025-04-23 13:47:45,912.6,71.3,917.5,906.6,911.8,909.9,907.3,914.8,912.6,928.7,928.3,1029.0,1.6,22.2
2025-04-23 13:47:50,912.9,71.1,917.9,906.9,912.0,910.1,907.7,915.6,913.0,928.7,928.5,1029.6,1.9,22.1
2025-04-23 13:47:55,913.0,71.3,918.3,907.1,911.9,910.3,907.4,915.8,913.2,928.5,928.4,1028.6,2.1,22.1
2025-04-23 13:48:00,913.0,71.0,918.7,908.0,910.6,909.7,906.6,915.9,913.5,928.7,928.0,1028.0,2.0,22.1
2025-04-23 13:48:05,913.0,71.1,918.5,908.1,911.7,910.1,906.2,915.6,912.9,928.3,927.7,1028.2,2.1,22.0
2025-04-23 13:48:10,912.9,71.2,918.4,908.5,912.2,910.7,906.5,916.1,913.3,928.0,927.7,1028.4,2.1,22.0
2025-04-23 13:48:15,912.7,70.9,918.6,909.0,912.5,910.7,906.6,916.8,913.4,928.4,927.7,1028.8,1.9,22.0
2025-04-23 13:48:20,913.4,70.6,918.6,908.9,912.3,911.7,906.6,916.7,913.6,928.4,927.7,1029.0,2.1,22.0
2025-04-23 13:48:25,914.7,70.6,918.5,908.7,912.7,911.5,906.8,916.6,913.3,928.4,927.7,1028.4,1.9,22.0
2025-04-23 13:48:30,914.4,70.6,918.7,908.9,912.4,911.4,906.8,916.5,912.7,928.7,928.0,1028.4,1.9,21.9
2025-04-23 13:48:35,913.6,70.6,918.1,909.2,911.6,910.7,906.6,915.0,912.9,929.2,928.2,1027.6,1.7,21.9
2025-04-23 13:48:40,913.2,70.7,918.4,909.2,911.7,910.6,905.3,914.9,913.0,929.2,928.5,1027.0,1.5,21.9
2025-04-23 13:48:45,912.8,70.6,918.4,909.4,911.3,910.7,905.2,915.3,913.4,929.3,928.5,1027.2,1.3,21.9
2025-04-23 13:48:50,913.0,70.6,918.1,908.9,911.0,911.2,905.2,915.3,913.7,929.0,928.2,1026.6,1.1,21.9
2025-04-23 13:48:55,912.7,70.2,917.5,908.8,911.0,911.1,906.2,915.4,913.5,928.8,928.3,1026.6,0.9,21.9
2025-04-23 13:49:00,912.7,70.3,916.8,908.6,910.2,910.8,906.3,915.8,913.8,928.9,928.6,1026.2,0.7,21.9
2025-04-23 13:49:05,912.6,70.2,917.4,908.6,909.9,910.4,906.1,916.0,914.0,929.5,929.2,1026.0,0.6,21.9
2025-04-23 13:49:10,912.9,69.7,917.4,908.6,910.0,910.4,906.2,915.9,914.4,929.8,929.2,1026.2,0.5,21.9
2025-04-23 13:49:15,912.9,69.3,917.6,909.0,910.2,910.5,907.7,915.9,914.7,929.6,929.3,1026.4,0.5,21.9
2025-04-23 13:49:20,912.9,68.8,918.0,908.8,910.3,910.8,907.1,916.6,914.8,929.7,929.5,1026.8,0.6,21.9
2025-04-23 13:49:25,912.5,68.7,918.4,908.7,910.9,910.6,907.2,916.7,916.1,929.8,929.0,1027.6,1.1,21.9
2025-04-23 13:49:30,912.3,68.7,918.2,908.7,911.4,910.1,907.6,917.3,916.0,929.5,929.0,1027.4,2.2,21.9
2025-04-23 13:49:35,912.1,68.6,918.1,907.9,911.5,911.2,907.4,918.6,916.1,929.7,928.9,1026.8,2.3,21.9
2025-04-23 13:49:40,911.7,68.7,918.4,907.7,912.7,911.3,908.2,918.9,916.4,929.4,929.1,1026.6,2.3,21.9
2025-04-23 13:49:45,911.9,68.8,918.6,908.5,912.5,910.9,908.5,918.7,916.7,929.4,929.1,1027.2,2.0,21.8
2025-04-23 13:49:50,912.0,69.1,918.0,908.4,912.8,910.7,908.8,917.8,916.4,929.5,929.3,1026.8,1.9,21.8
2025-04-23 13:49:55,911.8,69.3,917.8,908.1,912.1,910.0,911.1,917.0,916.3,931.0,930.0,1026.6,1.5,21.8
2025-04-23 13:50:00,912.2,69.5,918.9,907.8,911.8,909.8,910.3,917.0,916.4,931.2,929.9,1026.8,1.3,21.8
2025-04-23 13:50:05,912.3,69.6,919.0,907.2,912.9,910.1,910.1,916.8,916.3,930.8,929.2,1026.4,1.3,21.8
2025-04-23 13:50:10,912.4,69.8,919.6,907.4,912.1,910.1,909.9,917.2,916.5,930.5,929.0,1026.2,1.7,21.8
2025-04-23 13:50:15,912.9,70.2,919.4,906.7,911.9,909.5,909.2,917.0,916.1,930.2,928.9,1025.4,2.3,21.8
2025-04-23 13:50:20,912.6,70.1,918.6,907.2,911.8,909.5,909.6,916.8,915.8,929.9,929.0,1025.4,2.5,21.8
2025-04-23 13:50:25,912.5,70.1,918.6,907.4,911.5,909.3,908.8,916.2,916.1,930.4,929.3,1025.6,2.2,21.7
2025-04-23 13:50:30,911.9,70.0,918.4,906.9,911.4,908.9,908.9,916.3,916.6,930.1,928.6,1025.2,2.1,21.7
2025-04-23 13:50:35,911.1,70.0,917.7,906.5,911.7,909.5,908.8,916.1,916.4,929.6,928.6,1025.0,2.4,21.7
2025-04-23 13:50:40,910.9,69.8,916.8,907.0,911.7,909.7,907.4,916.9,916.2,929.4,927.8,1025.4,2.8,21.7
2025-04-23 13:50:45,911.1,69.6,917.2,907.2,911.4,909.7,907.0,917.3,916.5,928.7,927.6,1025.4,3.1,21.7
2025-04-23 13:50:50,910.6,69.4,917.3,906.8,910.7,910.2,906.7,917.3,916.2,928.1,926.7,1025.4,2.9,21.6
2025-04-23 13:50:55,910.6,70.0,917.5,907.0,910.6,910.0,907.8,916.6,915.8,927.9,926.5,1025.6,2.5,21.6
2025-04-23 13:51:00,910.8,69.8,916.4,907.4,911.9,909.6,908.6,916.6,915.2,928.2,926.3,1024.6,1.8,21.5
2025-04-23 13:51:05,910.7,69.4,917.1,907.2,912.5,909.5,908.8,916.6,915.7,928.6,927.0,1024.2,1.5,21.5
2025-04-23 13:51:10,910.7,69.1,917.7,907.3,912.3,909.2,909.1,916.1,915.8,928.5,927.3,1024.8,2.3,21.5
2025-04-23 13:51:15,911.0,68.8,918.0,907.6,911.2,909.4,908.1,916.4,915.2,929.2,927.3,1025.2,2.2,21.5
2025-04-23 13:51:20,910.8,68.9,917.8,907.3,912.3,909.7,907.6,916.0,915.0,929.5,927.1,1025.8,1.9,21.5
2025-04-23 13:51:25,910.7,68.9,917.8,907.6,912.3,909.7,907.5,916.1,914.4,929.0,927.3,1026.0,1.6,21.5
2025-04-23 13:51:30,910.8,69.0,917.5,907.4,912.1,909.5,908.0,915.7,914.3,929.7,927.3,1025.8,1.4,21.5
2025-04-23 13:51:35,910.9,69.0,917.3,907.1,912.3,909.8,908.0,916.1,914.6,929.7,927.6,1025.4,1.3,21.5
2025-04-23 13:51:40,910.8,68.9,917.6,906.9,912.5,909.0,909.1,915.6,914.4,929.6,927.9,1024.8,1.5,21.5
2025-04-23 13:51:45,910.8,68.8,917.9,906.5,912.4,908.2,908.7,916.1,914.7,929.6,927.6,1024.4,1.4,21.5
2025-04-23 13:51:50,911.1,68.9,918.1,906.7,912.8,908.5,908.9,916.2,914.7,929.6,927.4,1024.6,1.5,21.5
2025-04-23 13:51:55,911.0,69.0,918.1,906.7,912.3,909.0,909.3,916.4,914.7,929.2,927.0,1025.0,1.7,21.5
2025-04-23 13:52:00,911.3,69.1,917.7,907.7,912.3,909.3,909.1,916.4,915.3,928.9,927.1,1025.2,1.9,21.5
2025-04-23 13:52:05,911.1,68.8,918.4,907.1,912.0,909.6,909.0,917.5,915.7,928.7,926.7,1025.0,2.7,21.5
2025-04-23 13:52:10,911.4,68.6,918.5,906.7,912.6,910.1,909.4,917.8,915.6,928.5,926.5,1024.8,2.8,21.5
2025-04-23 13:52:15,911.3,68.6,918.9,906.9,912.5,910.2,909.5,917.7,916.0,929.1,926.7,1024.8,2.8,21.5
2025-04-23 13:52:20,911.5,68.9,918.4,907.4,912.0,909.7,909.5,917.6,916.3,929.1,927.2,1024.8,2.8,21.5
2025-04-23 13:52:25,912.2,69.0,918.3,907.9,912.7,909.5,909.5,917.6,916.5,929.1,926.8,1024.2,3.1,21.4
2025-04-23 13:52:30,912.4,68.7,918.9,907.8,912.9,910.7,910.5,917.0,916.4,928.8,926.7,1024.2,2.6,21.4
2025-04-23 13:52:35,913.0,68.5,920.2,908.3,913.2,911.5,910.9,917.6,916.3,929.1,926.8,1024.2,2.2,21.4
2025-04-23 13:52:40,913.0,68.5,920.3,907.9,913.6,911.7,911.5,918.0,916.4,929.3,926.8,1024.4,2.2,21.4
2025-04-23 13:52:45,914.5,68.4,920.0,909.2,914.7,912.0,911.6,917.6,916.0,929.2,926.9,1025.2,3.7,21.4
2025-04-23 13:52:50,913.7,68.3,920.5,908.6,914.5,911.9,911.2,917.9,915.9,929.3,926.6,1026.0,4.4,21.4
2025-04-23 13:52:55,913.9,68.6,921.5,908.2,914.9,912.2,911.2,917.9,915.6,929.5,926.9,1027.6,3.7,21.3
2025-04-23 13:53:00,914.3,69.8,922.1,907.8,915.1,912.5,911.0,918.2,916.3,930.1,927.1,1028.4,2.9,21.3
2025-04-23 13:53:05,914.1,69.3,921.8,908.0,915.3,912.0,911.2,918.3,917.2,930.2,927.3,1028.0,2.2,21.3
2025-04-23 13:53:10,914.4,69.3,921.6,908.6,915.5,912.0,910.7,918.3,917.1,930.5,927.6,1027.4,2.2,21.3
2025-04-23 13:53:15,914.2,70.0,921.7,908.2,915.5,911.8,911.1,919.0,917.6,931.1,928.3,1027.0,2.6,21.3
2025-04-23 13:53:20,914.8,70.2,921.8,908.4,915.9,911.3,911.1,918.9,917.5,931.0,928.7,1027.8,2.0,21.3
2025-04-23 13:53:25,914.8,70.2,922.3,908.4,915.7,911.7,911.4,919.2,918.3,931.9,928.3,1028.2,2.3,21.2
2025-04-23 13:53:30,915.5,70.3,922.0,908.4,915.0,912.2,911.9,919.2,918.1,931.6,928.4,1028.0,2.6,21.3
2025-04-23 13:53:35,914.9,70.6,922.0,908.6,914.9,912.0,911.9,919.1,918.5,932.0,928.0,1028.2,2.6,21.3
2025-04-23 13:53:40,914.6,70.1,921.5,908.8,914.2,911.6,912.1,918.7,918.1,931.6,927.8,1027.4,2.3,21.3
2025-04-23 13:53:45,914.5,69.6,921.7,908.7,914.2,911.4,912.3,917.5,917.6,931.7,927.7,1027.2,2.3,21.3
2025-04-23 13:53:50,914.6,69.5,921.6,908.5,914.6,911.2,911.9,918.1,917.5,931.4,927.9,1027.2,1.8,21.3
2025-04-23 13:53:55,914.6,69.5,920.9,908.4,914.7,910.6,911.7,918.1,917.0,931.4,927.4,1027.2,1.3,21.3
2025-04-23 13:54:00,914.6,69.5,921.4,909.0,915.2,911.1,911.6,918.2,916.8,931.7,927.5,1027.6,1.3,21.2
2025-04-23 13:54:05,914.5,70.1,921.3,909.1,914.8,911.1,911.6,918.0,916.5,931.6,927.8,1027.6,1.4,21.3
2025-04-23 13:54:10,914.3,70.2,921.2,908.8,914.4,910.8,911.5,917.4,916.4,931.5,927.5,1027.4,1.4,21.2
2025-04-23 13:54:15,913.3,70.6,920.0,908.8,913.8,910.6,911.0,917.3,916.4,931.7,927.0,1026.6,1.3,21.2
2025-04-23 13:54:20,912.4,70.6,919.7,908.0,913.2,909.6,910.2,917.1,915.4,930.1,926.4,1024.8,1.2,21.2
2025-04-23 13:54:25,912.9,70.6,919.9,908.3,913.0,909.8,910.0,916.9,915.1,929.5,925.5,1025.2,1.3,21.2
2025-04-23 13:54:30,913.3,71.2,920.3,908.6,913.2,911.0,910.6,917.5,915.5,930.0,926.0,1025.4,1.7,21.2
2025-04-23 13:54:35,913.8,71.9,920.3,909.0,914.5,911.4,910.8,917.8,917.2,930.4,926.8,1025.6,1.7,21.2
2025-04-23 13:54:40,914.1,72.2,920.6,908.9,914.5,911.3,911.7,918.3,917.2,931.1,927.0,1026.0,1.7,21.2
2025-04-23 13:54:45,914.3,72.8,920.7,908.6,914.1,911.6,911.9,918.7,916.9,930.9,927.3,1027.2,2.0,21.2
2025-04-23 13:54:50,914.1,73.2,920.4,908.8,913.6,912.1,911.8,918.7,916.9,931.0,927.1,1027.2,2.0,21.2
2025-04-23 13:54:55,914.4,74.0,920.5,909.4,914.0,912.1,911.9,918.5,917.3,931.2,927.3,1027.8,1.7,21.2
2025-04-23 13:55:00,916.1,74.2,921.5,909.8,914.2,912.9,912.0,917.9,917.2,931.5,927.6,1027.8,2.0,21.2
2025-04-23 13:55:05,916.0,74.4,921.7,909.9,914.9,912.4,912.4,918.2,917.3,931.6,927.5,1028.2,1.7,21.2
2025-04-23 13:55:10,916.1,74.7,921.5,909.9,915.6,912.5,912.9,919.5,917.9,931.7,928.4,1028.8,1.8,21.2
2025-04-23 13:55:15,915.8,75.2,921.4,909.6,916.9,912.7,913.0,920.0,918.5,931.9,928.3,1028.8,1.7,21.2
2025-04-23 13:55:20,916.5,76.8,921.9,909.6,916.5,912.4,912.6,919.3,919.3,932.4,928.0,1029.0,1.3,21.3
2025-04-23 13:55:25,915.7,76.8,921.7,909.9,916.4,912.1,912.4,919.6,919.0,932.0,928.6,1028.8,1.1,21.3
2025-04-23 13:55:30,915.7,77.0,921.7,909.9,916.4,912.2,912.2,919.6,918.9,932.4,928.7,1028.6,0.9,21.3
2025-04-23 13:55:35,915.2,78.6,921.8,910.3,916.7,912.8,911.9,919.5,918.3,932.6,928.7,1028.6,0.7,21.3
2025-04-23 13:55:40,914.8,79.1,921.9,909.9,916.0,912.4,911.9,919.3,917.9,932.0,928.7,1028.8,0.6,21.3
2025-04-23 13:55:45,915.3,79.3,922.0,910.2,915.7,912.2,912.2,919.1,918.1,931.8,928.1,1027.2,0.8,21.3
2025-04-23 13:55:50,915.5,80.2,921.8,909.8,916.0,912.9,913.3,919.0,918.4,931.7,928.3,1027.0,1.0,21.3
2025-04-23 13:55:55,915.2,80.4,921.6,909.7,916.3,913.4,913.1,919.1,918.1,931.6,928.5,1027.6,0.9,21.3
2025-04-23 13:56:00,915.2,80.9,921.4,909.5,915.6,913.5,913.1,918.3,918.1,932.2,927.2,1028.0,0.8,21.3
2025-04-23 13:56:05,915.2,81.9,921.1,909.5,915.6,913.5,913.6,919.0,918.4,931.6,927.7,1028.8,0.7,21.3
2025-04-23 13:56:10,914.3,83.8,920.3,909.2,915.9,913.5,914.3,920.0,918.5,931.3,928.3,1028.6,0.6,21.3
2025-04-23 13:56:15,914.1,84.9,920.1,909.0,916.2,914.0,913.9,920.6,918.9,931.3,928.3,1029.6,0.6,21.3
2025-04-23 13:56:20,913.9,85.8,920.7,909.4,916.4,914.8,913.6,920.5,918.8,931.6,928.3,1029.2,0.6,21.3
2025-04-23 13:56:25,914.3,86.9,921.2,909.8,916.7,915.0,914.1,920.2,919.3,932.5,928.5,1028.0,0.8,21.3
2025-04-23 13:56:30,914.4,87.8,921.7,909.7,916.8,914.5,914.4,920.2,918.9,932.6,929.1,1028.4,1.2,21.3
2025-04-23 13:56:35,913.8,89.5,921.6,909.5,916.7,914.2,914.3,919.8,918.9,933.2,929.0,1028.2,1.9,21.3
2025-04-23 13:56:40,914.3,90.5,921.8,909.6,917.1,914.4,914.1,920.2,919.2,932.9,929.2,1028.8,2.0,21.3
2025-04-23 13:56:45,915.0,91.2,922.0,909.6,917.0,913.8,914.1,919.8,919.9,933.2,929.1,1028.0,1.8,21.4
2025-04-23 13:56:50,915.8,92.8,922.3,909.8,917.0,913.4,913.7,919.9,919.1,933.5,929.8,1028.0,1.6,21.4
2025-04-23 13:56:55,916.0,94.0,922.3,909.1,916.4,913.2,914.1,920.3,919.1,933.5,929.8,1029.4,1.9,21.3
2025-04-23 13:57:00,915.9,95.7,922.1,909.0,916.6,913.1,914.4,920.7,919.0,933.7,929.8,1029.0,2.1,21.3
2025-04-23 13:57:05,916.1,97.4,921.9,908.7,917.4,913.4,915.4,920.4,919.4,933.6,929.3,1028.4,1.9,21.3
2025-04-23 13:57:10,915.5,98.5,922.1,908.5,917.5,913.0,915.4,920.6,919.5,933.3,929.1,1029.2,1.7,21.3
2025-04-23 13:57:15,915.5,100.3,921.9,908.4,916.0,913.1,915.1,920.6,919.5,933.4,929.1,1029.2,1.7,21.3
2025-04-23 13:57:20,915.3,102.4,921.7,908.5,916.6,913.6,914.9,920.7,920.0,932.9,928.4,1029.4,2.1,21.3
2025-04-23 13:57:25,915.7,103.6,922.1,909.3,916.7,913.5,914.2,920.9,920.1,933.4,928.7,1029.4,2.2,21.3
2025-04-23 13:57:30,915.4,106.0,922.3,910.2,916.6,913.3,913.7,921.3,919.7,932.9,928.5,1028.8,2.1,21.3
2025-04-23 13:57:35,915.6,108.2,922.4,910.0,916.6,913.2,913.3,920.5,919.8,933.0,928.4,1028.4,1.8,21.3
2025-04-23 13:57:40,915.8,108.9,922.6,909.9,916.4,913.3,913.6,920.7,919.7,933.2,928.5,1029.4,1.7,21.3
2025-04-23 13:57:45,916.0,111.2,922.3,909.6,916.2,913.3,913.7,920.8,919.2,933.1,928.8,1029.0,1.6,21.3
2025-04-23 13:57:50,917.2,113.8,921.7,909.9,915.8,913.2,914.1,920.9,919.7,933.0,928.7,1028.0,2.9,21.3
2025-04-23 13:57:55,916.6,114.9,921.6,910.1,915.2,913.0,912.8,920.7,919.6,933.6,928.9,1028.0,3.4,21.3
2025-04-23 13:58:00,916.4,116.3,921.3,909.2,916.0,913.0,912.3,920.2,919.4,932.7,928.4,1028.2,3.4,21.3
2025-04-23 13:58:05,915.8,117.2,921.5,909.2,916.2,912.8,911.9,920.1,919.7,932.4,927.6,1028.4,3.3,21.4
2025-04-23 13:58:10,915.4,118.3,921.7,909.9,916.9,913.4,913.0,920.1,919.7,932.3,927.3,1028.2,2.9,21.3
2025-04-23 13:58:15,915.1,119.5,921.4,909.4,917.7,912.6,913.9,920.3,920.1,932.9,927.9,1028.2,3.1,21.4
2025-04-23 13:58:20,915.0,120.8,921.7,908.5,917.2,912.3,914.6,920.1,920.4,933.1,928.3,1028.6,2.8,21.3
2025-04-23 13:58:25,915.1,122.2,922.4,907.8,916.7,912.8,914.5,919.6,920.3,933.4,928.5,1028.4,2.4,21.3
2025-04-23 13:58:30,915.1,123.6,922.2,907.8,916.3,912.3,914.4,919.5,919.5,933.4,928.3,1027.4,2.2,21.3
2025-04-23 13:58:35,915.2,124.8,922.2,907.9,916.0,912.0,913.8,919.7,919.4,933.0,928.3,1026.6,1.6,21.3
2025-04-23 13:58:40,915.1,127.7,921.8,908.7,916.3,911.9,914.0,918.8,918.9,933.2,928.3,1027.4,1.3,21.4
2025-04-23 13:58:45,915.2,128.5,921.8,908.7,916.3,912.2,914.2,918.9,918.8,932.8,927.1,1027.8,1.0,21.4
2025-04-23 13:58:50,916.5,131.9,922.2,909.6,916.5,911.9,914.0,918.8,918.8,933.1,927.9,1027.8,0.9,21.3
2025-04-23 13:58:55,916.4,132.6,922.9,909.2,916.4,911.9,913.7,918.9,918.7,933.1,927.9,1027.4,1.0,21.3
2025-04-23 13:59:00,917.4,135.2,923.6,908.7,916.6,912.3,913.8,919.0,918.4,933.2,928.3,1027.4,1.1,21.4
2025-04-23 13:59:05,917.7,136.3,923.8,908.6,916.7,912.0,914.4,918.8,917.9,933.3,927.7,1026.4,1.4,21.4
2025-04-23 13:59:10,917.3,137.9,923.2,908.5,916.6,912.1,914.1,919.3,917.9,933.7,927.8,1026.4,1.2,21.4
2025-04-23 13:59:15,917.4,139.6,922.7,907.8,916.3,912.2,914.0,919.4,918.1,933.0,928.5,1026.4,1.0,21.4
2025-04-23 13:59:20,917.2,142.2,922.7,907.6,916.1,912.0,914.0,919.6,918.2,933.3,928.1,1027.2,0.9,21.4
2025-04-23 13:59:25,917.3,143.7,922.5,907.4,916.2,911.9,913.8,919.2,918.7,933.8,928.4,1027.0,0.8,21.4
2025-04-23 13:59:30,917.4,147.4,922.5,907.3,916.6,912.1,914.4,919.3,918.4,933.7,928.5,1027.0,0.8,21.4
2025-04-23 13:59:35,917.2,150.2,922.4,908.1,917.0,911.4,915.0,919.5,918.5,933.7,928.5,1026.6,0.7,21.4
2025-04-23 13:59:40,917.2,153.5,922.2,907.7,917.1,911.3,915.1,919.1,918.1,934.0,928.5,1026.2,0.7,21.4
2025-04-23 13:59:45,917.0,156.3,922.6,908.0,917.4,911.7,915.0,919.4,917.9,933.7,929.0,1026.2,0.7,21.4
2025-04-23 13:59:50,916.9,158.4,922.4,907.7,917.1,911.7,915.0,919.2,917.9,934.0,929.0,1025.8,0.7,21.4
2025-04-23 13:59:55,917.0,163.7,922.4,907.5,916.5,911.9,915.0,919.1,918.5,934.0,928.9,1025.6,0.7,21.4
2025-04-23 14:00:00,916.9,165.9,922.2,906.5,916.2,911.0,914.7,919.1,918.2,933.8,928.4,1025.2,0.7,21.4
2025-04-23 14:00:05,916.5,170.4,922.0,906.9,916.5,909.5,914.7,918.8,917.8,933.4,928.3,1025.4,0.9,21.4
2025-04-23 14:00:10,916.7,173.4,922.6,907.1,916.9,909.5,914.3,918.7,916.9,933.6,928.2,1024.8,1.0,21.4
2025-04-23 14:00:15,917.2,176.8,922.8,907.8,916.9,909.9,913.6,918.3,917.0,933.5,928.1,1024.4,0.9,21.4
2025-04-23 14:00:20,917.5,178.8,922.6,907.8,916.7,909.9,913.6,918.1,916.3,933.0,928.0,1024.4,0.9,21.4
2025-04-23 14:00:25,917.6,182.6,923.0,907.8,916.4,910.5,913.8,917.8,916.2,932.5,926.9,1024.8,0.8,21.3
2025-04-23 14:00:30,917.6,184.8,922.9,907.8,916.6,910.3,913.6,917.9,916.2,932.1,927.2,1024.2,0.8,21.3
2025-04-23 14:00:35,917.4,188.6,922.8,908.0,916.7,910.5,913.4,918.4,915.8,932.5,926.9,1025.0,0.7,21.3
2025-04-23 14:00:40,917.0,191.5,923.1,908.1,916.4,911.1,913.4,918.3,915.6,932.1,926.7,1025.0,0.8,21.3
2025-04-23 14:00:45,916.7,196.2,923.0,908.6,916.7,911.0,913.3,918.3,915.6,931.9,926.6,1025.4,0.8,21.3
2025-04-23 14:00:50,917.0,199.8,923.0,908.7,916.2,910.8,913.5,917.5,916.0,931.8,926.9,1025.0,0.8,21.3
2025-04-23 14:00:55,916.9,202.8,922.6,908.5,915.4,910.8,913.6,917.8,916.5,931.8,927.1,1024.2,0.9,21.3
2025-04-23 14:01:00,916.8,206.9,922.1,908.8,915.1,910.6,913.4,918.0,916.6,932.1,927.0,1023.4,0.9,21.3
2025-04-23 14:01:05,916.5,209.7,921.9,909.4,914.8,910.2,913.4,917.5,916.2,932.4,926.7,1022.4,0.9,21.3
2025-04-23 14:01:10,916.2,211.7,921.6,909.3,914.5,910.2,912.9,918.3,916.0,931.8,927.0,1022.8,0.8,21.3
2025-04-23 14:01:15,915.9,215.2,921.0,909.3,914.1,910.0,912.7,918.1,915.6,931.6,925.4,1023.0,0.6,21.3
2025-04-23 14:01:20,916.0,218.2,921.0,908.4,913.8,910.1,912.1,906.0,915.2,931.2,925.9,1022.8,0.6,21.3
2025-04-23 14:01:25,916.1,221.9,920.7,908.2,912.9,910.2,911.5,917.3,915.5,931.1,925.8,1023.6,0.6,21.3
2025-04-23 14:01:30,915.7,226.0,920.5,907.7,913.2,909.8,911.8,917.9,915.0,930.9,926.0,1023.6,0.6,21.3
2025-04-23 14:01:35,915.6,231.0,920.3,907.9,913.4,910.0,911.7,918.0,916.2,931.3,926.3,1023.2,0.6,21.3
2025-04-23 14:01:40,915.5,236.2,920.8,907.9,913.4,910.5,911.6,917.9,915.7,931.5,926.0,1022.8,0.6,21.4
2025-04-23 14:01:45,915.4,238.6,919.9,907.4,912.5,910.6,911.3,917.8,915.4,931.3,926.4,1023.4,0.7,21.4
2025-04-23 14:01:50,915.3,243.0,920.3,907.5,912.6,910.4,911.1,917.7,915.3,930.5,926.0,1023.2,0.8,21.4
2025-04-23 14:01:55,915.3,246.8,920.1,907.5,913.0,910.3,911.0,917.7,915.2,931.0,926.0,1022.8,0.9,21.4
2025-04-23 14:02:00,915.3,250.2,920.4,907.1,913.0,910.1,911.2,917.5,915.5,930.8,926.1,1023.2,0.9,21.4
2025-04-23 14:02:05,915.2,252.4,920.6,907.2,913.0,909.6,910.9,917.4,916.0,930.9,925.9,1023.0,0.8,21.4
2025-04-23 14:02:10,914.9,257.1,921.1,907.1,912.7,908.7,910.4,917.4,916.3,931.2,926.3,1022.4,0.7,21.4
2025-04-23 14:02:15,914.6,259.6,921.0,907.0,912.6,909.2,910.9,917.6,916.3,931.4,926.9,1022.8,0.6,21.4
2025-04-23 14:02:20,914.7,264.6,920.7,907.1,912.9,909.6,910.8,917.4,916.2,931.3,926.7,1022.4,0.5,21.4
2025-04-23 14:02:25,913.5,269.4,920.2,907.0,913.1,909.9,910.8,917.2,915.7,931.4,926.7,1022.8,0.5,21.4
2025-04-23 14:02:30,913.5,271.9,919.9,907.2,912.8,909.9,910.9,917.2,915.8,931.3,926.8,1022.6,0.4,21.4
2025-04-23 14:02:35,913.4,275.5,919.9,906.6,912.6,909.9,910.6,917.7,916.2,931.7,926.4,1021.6,0.3,21.5
2025-04-23 14:02:40,913.7,280.0,919.4,906.6,911.9,909.6,910.8,917.5,916.5,931.4,926.4,1021.8,0.2,21.5
2025-04-23 14:02:45,913.9,285.6,919.2,906.9,911.9,909.6,910.6,917.2,916.1,931.4,926.2,1021.6,0.1,21.5
2025-04-23 14:02:50,913.9,288.9,919.3,906.6,911.6,908.7,910.5,916.9,916.4,931.0,926.0,1021.2,0.1,21.5
2025-04-23 14:02:55,913.8,294.6,919.2,906.7,911.5,908.8,910.2,915.9,915.9,930.0,925.2,1020.8,0.1,21.5
2025-04-23 14:03:00,913.5,298.5,919.6,906.4,911.5,908.9,910.3,916.0,914.2,929.6,924.9,1021.0,0.1,21.5
2025-04-23 14:03:05,913.2,303.2,919.4,905.9,912.2,908.7,910.8,916.0,914.8,930.1,924.9,1021.0,0.1,21.5
2025-04-23 14:03:10,913.6,306.2,918.8,906.2,911.8,908.7,910.4,916.5,914.8,929.7,924.8,1021.2,0.0,21.5
2025-04-23 14:03:15,913.3,310.3,918.7,906.0,912.0,908.8,910.7,916.2,915.1,929.9,925.0,1021.6,0.0,21.5
2025-04-23 14:03:20,913.5,314.4,918.6,905.7,912.6,907.9,911.0,916.6,915.1,929.8,925.3,1021.2,0.0,21.6
2025-04-23 14:03:25,912.9,322.8,918.6,905.4,913.1,908.3,911.2,916.7,915.5,929.2,925.5,1021.2,0.0,21.6
2025-04-23 14:03:30,913.2,327.8,918.7,905.4,912.9,908.4,911.8,917.0,915.5,929.3,924.8,1021.2,0.0,21.6
2025-04-23 14:03:35,912.8,330.8,919.0,905.2,912.4,907.8,911.3,916.7,914.8,929.6,924.8,1021.4,0.4,21.6
2025-04-23 14:03:40,912.9,334.8,919.2,905.5,912.6,908.3,911.3,916.9,914.8,930.0,924.3,1021.2,1.2,21.6
2025-04-23 14:03:45,912.5,339.5,918.8,905.2,913.2,908.4,911.4,918.1,915.0,929.7,924.7,1021.6,1.3,21.7
2025-04-23 14:03:50,912.6,344.0,918.0,905.6,913.1,908.2,911.6,917.2,914.9,929.4,924.3,1021.8,1.2,21.6
2025-04-23 14:03:55,912.8,348.6,918.6,905.7,912.9,908.4,911.3,916.6,914.6,929.4,924.2,1022.2,1.8,21.7
2025-04-23 14:04:00,912.8,353.2,918.7,905.8,913.2,908.5,911.3,917.1,914.8,929.3,924.5,1022.0,1.8,21.7
2025-04-23 14:04:05,912.2,357.3,919.6,905.7,913.1,909.5,911.2,916.4,914.7,929.6,924.3,1022.6,1.6,21.7
2025-04-23 14:04:10,912.5,361.3,919.9,905.6,913.1,910.0,911.1,916.9,914.7,929.5,924.5,1022.8,1.7,21.7
2025-04-23 14:04:15,913.4,365.4,919.9,905.5,913.0,909.9,912.8,917.4,915.2,929.9,924.8,1022.6,1.5,21.7
2025-04-23 14:04:20,913.3,370.2,919.8,905.2,913.4,909.6,914.3,917.2,915.0,930.2,925.1,1022.2,1.5,21.8
2025-04-23 14:04:25,913.3,372.1,919.8,905.2,913.5,909.6,913.9,917.3,915.4,930.2,924.7,1022.2,1.5,21.7
2025-04-23 14:04:30,913.1,376.9,919.8,905.2,914.1,909.5,913.5,918.0,915.4,930.3,924.9,1022.4,1.9,21.8
2025-04-23 14:04:35,913.3,381.1,920.2,905.6,914.3,910.0,913.2,917.8,915.9,930.3,925.0,1022.6,2.0,21.8
2025-04-23 14:04:40,914.2,385.3,921.1,905.6,915.2,910.3,913.4,917.8,916.2,930.3,924.6,1022.8,2.4,21.8
2025-04-23 14:04:45,914.7,388.4,921.4,905.8,915.0,910.1,913.8,917.8,916.3,930.3,924.5,1022.6,2.3,21.8
2025-04-23 14:04:50,915.4,392.9,922.1,906.0,915.1,910.3,913.5,918.4,916.3,930.4,924.4,1022.6,2.2,21.8
2025-04-23 14:04:55,915.6,397.1,922.1,906.1,915.5,911.0,913.6,918.7,916.1,930.1,924.6,1023.0,2.1,21.8
2025-04-23 14:05:00,915.0,400.4,922.5,906.7,915.5,911.2,913.7,919.6,915.5,930.2,925.1,1023.0,2.2,21.8
2025-04-23 14:05:05,915.9,404.5,922.6,907.2,915.7,911.4,913.6,919.8,915.3,930.7,925.0,1023.0,2.7,21.8
2025-04-23 14:05:10,915.8,408.5,922.9,908.0,916.3,911.0,913.6,919.6,915.9,930.9,925.7,1022.4,2.9,21.8
2025-04-23 14:05:15,916.2,412.3,922.8,907.6,916.0,911.3,913.6,919.6,916.3,931.3,925.7,1022.2,2.7,21.7
2025-04-23 14:05:20,916.2,414.2,922.5,907.7,916.8,911.2,913.9,920.0,916.3,931.6,925.8,1022.4,2.3,21.7
2025-04-23 14:05:25,915.3,417.4,922.0,908.3,916.9,911.1,914.4,919.5,916.3,931.9,926.1,1022.4,1.8,21.7
2025-04-23 14:05:30,915.5,420.4,922.4,907.6,916.4,911.4,914.3,919.5,916.3,932.3,926.4,1022.4,2.1,21.7
2025-04-23 14:05:35,915.7,425.3,922.3,907.7,916.0,911.4,913.8,919.7,916.2,932.4,926.3,1022.6,2.1,21.7
2025-04-23 14:05:40,915.7,428.8,922.3,907.4,915.6,910.8,913.4,919.2,916.4,932.4,926.3,1023.2,1.9,21.7
2025-04-23 14:05:45,915.4,434.1,922.2,907.5,914.4,910.7,913.2,919.1,916.1,932.5,926.7,1023.4,1.7,21.8
2025-04-23 14:05:50,915.6,439.1,922.1,907.4,914.5,910.4,912.7,920.1,916.1,932.2,926.4,1023.0,1.6,21.8
2025-04-23 14:05:55,915.3,442.1,922.3,907.8,914.4,910.5,912.9,920.3,916.5,932.4,925.9,1023.4,1.3,21.7
2025-04-23 14:06:00,914.9,446.2,922.0,907.7,914.3,910.6,913.1,919.7,916.5,932.5,926.3,1023.0,1.2,21.7
2025-04-23 14:06:05,914.8,449.3,921.6,908.2,914.4,910.4,913.4,919.9,916.7,932.6,926.1,1022.4,1.1,21.7
2025-04-23 14:06:10,915.5,451.5,921.8,908.1,914.4,910.4,913.8,919.8,916.8,932.5,926.2,1022.0,1.0,21.7
2025-04-23 14:06:15,915.4,456.0,920.9,907.8,913.7,910.1,913.7,919.6,916.6,932.6,925.9,1021.8,1.1,21.7
2025-04-23 14:06:20,915.4,461.1,920.9,909.0,913.9,910.8,913.4,919.1,916.5,932.1,925.9,1022.0,1.2,21.7
2025-04-23 14:06:25,915.4,463.4,920.9,909.1,914.3,910.9,913.2,919.3,916.7,932.2,925.9,1022.0,1.1,21.7
2025-04-23 14:06:30,916.1,467.2,921.5,910.3,915.0,911.4,913.0,919.8,917.1,932.5,925.7,1022.6,0.9,21.7
2025-04-23 14:06:35,915.9,470.4,921.5,910.0,915.1,912.0,913.0,920.4,916.9,932.2,925.8,1022.4,0.8,21.7
2025-04-23 14:06:40,915.1,476.2,922.3,909.7,915.6,912.7,913.5,920.4,916.7,932.6,925.6,1022.6,0.8,21.7
2025-04-23 14:06:45,915.0,479.1,922.2,909.4,915.7,912.3,914.6,920.5,917.2,932.5,926.5,1022.2,0.8,21.8
2025-04-23 14:06:50,915.0,484.9,922.1,909.5,915.3,912.1,915.1,920.9,917.4,933.1,927.0,1021.0,0.8,21.8
2025-04-23 14:06:55,915.2,488.7,921.8,909.4,915.4,910.7,915.8,920.5,917.5,934.1,927.7,1021.2,0.8,21.8
2025-04-23 14:07:00,915.4,493.6,922.0,908.8,915.1,911.4,916.2,921.0,917.6,934.2,928.4,1021.0,1.0,21.8
2025-04-23 14:07:05,916.0,497.1,922.0,908.9,915.4,912.0,915.8,920.4,917.7,934.2,927.8,1021.2,1.1,21.8
2025-04-23 14:07:10,916.3,504.0,921.7,909.4,915.6,912.0,915.5,920.0,917.4,933.7,927.2,1020.6,1.3,21.8
2025-04-23 14:07:15,916.3,506.6,922.2,909.4,915.8,911.7,915.4,919.8,917.0,933.7,927.3,1020.6,1.5,21.8
2025-04-23 14:07:20,916.4,512.2,922.2,909.5,916.0,911.4,915.1,919.5,916.9,933.7,926.8,1022.2,1.2,21.8
2025-04-23 14:07:25,916.4,517.9,922.3,909.3,916.1,911.3,914.6,920.3,916.9,933.3,926.5,1022.4,1.1,21.9
2025-04-23 14:07:30,916.1,520.5,922.5,909.5,916.6,911.9,915.2,919.8,916.7,933.5,926.5,1022.2,0.9,21.9
2025-04-23 14:07:35,916.5,525.7,922.7,909.2,916.7,911.7,915.1,920.0,916.9,932.5,926.3,1021.4,0.7,21.9
2025-04-23 14:07:40,916.1,529.3,923.0,909.0,916.9,911.5,914.8,920.5,917.7,932.6,926.5,1020.8,0.7,21.9
2025-04-23 14:07:45,916.5,535.2,923.1,908.9,916.7,910.9,914.4,920.2,917.7,933.0,927.3,1019.8,0.7,21.9
2025-04-23 14:07:50,916.3,538.7,922.8,908.0,916.0,910.7,914.4,920.4,917.5,933.0,927.1,1019.6,0.7,21.9
2025-04-23 14:07:55,916.4,544.0,922.6,907.6,916.1,910.6,914.3,920.3,917.3,933.3,926.3,1018.8,1.2,21.9
2025-04-23 14:08:00,916.6,549.4,922.7,907.4,916.1,910.6,914.2,920.8,916.6,933.0,926.1,1019.0,1.5,21.9
2025-04-23 14:08:05,916.3,553.0,922.8,907.2,915.6,910.1,913.6,920.4,915.5,932.9,926.3,1019.6,1.3,21.9
2025-04-23 14:08:10,916.1,556.3,922.6,907.6,915.5,909.6,913.8,919.4,915.8,932.4,926.2,1020.0,1.2,21.9
2025-04-23 14:08:15,916.5,562.7,921.3,907.2,915.7,909.5,914.3,919.2,915.4,931.8,925.7,1020.2,1.4,21.9
2025-04-23 14:08:20,916.4,564.7,921.4,907.2,916.1,909.1,913.9,919.1,914.7,932.1,925.4,1019.6,1.5,21.9
2025-04-23 14:08:25,916.4,571.4,921.4,907.3,915.2,909.3,913.2,918.3,914.6,932.0,925.9,1018.8,1.2,21.9
2025-04-23 14:08:30,916.0,573.1,920.9,907.7,914.7,909.4,912.8,918.8,914.6,931.9,925.4,1019.4,1.2,21.9
2025-04-23 14:08:35,915.8,577.2,921.2,908.1,914.8,910.6,912.6,918.7,914.7,931.9,925.4,1020.0,1.1,21.9
2025-04-23 14:08:40,915.7,580.3,921.6,908.9,915.5,911.2,912.2,918.9,914.7,931.4,924.3,1019.6,1.1,21.9
2025-04-23 14:08:45,915.9,584.1,922.2,909.1,915.0,911.5,912.5,919.6,914.7,931.3,924.4,1019.8,1.1,21.9
2025-04-23 14:08:50,915.7,586.9,922.2,908.9,914.9,911.5,912.2,920.0,915.1,931.7,925.1,1019.0,1.2,21.9
2025-04-23 14:08:55,916.0,590.8,922.1,908.4,914.9,911.6,913.1,919.8,915.2,931.2,925.3,1019.4,1.2,21.9
2025-04-23 14:09:00,915.9,595.3,922.5,908.4,914.8,912.8,913.2,920.6,915.2,932.4,926.0,1019.0,1.1,21.9
2025-04-23 14:09:05,916.0,597.0,922.0,908.4,914.4,911.6,913.3,920.8,915.8,932.8,927.2,1018.2,1.0,21.9
2025-04-23 14:09:10,916.5,600.3,921.9,909.7,914.5,911.0,912.7,921.0,916.0,933.3,927.1,1019.2,1.0,21.9
2025-04-23 14:09:15,916.2,603.0,921.6,908.4,915.1,910.7,912.8,921.2,916.4,933.0,926.7,1019.6,1.2,21.9
2025-04-23 14:09:20,916.7,606.3,921.6,909.0,914.7,910.8,913.2,921.2,916.2,933.1,926.6,1020.0,1.2,21.9
2025-04-23 14:09:25,915.9,610.2,922.0,909.2,915.7,911.1,912.9,921.2,915.9,933.0,924.9,1019.6,1.2,22.0
2025-04-23 14:09:30,916.2,613.4,921.7,909.1,915.4,910.6,913.2,921.3,915.9,932.8,926.4,1019.4,1.5,22.0
2025-04-23 14:09:35,916.0,616.7,921.3,909.1,915.8,911.3,913.0,920.8,915.6,933.0,926.3,1019.0,1.5,22.0
2025-04-23 14:09:40,914.9,620.0,920.9,909.4,915.7,911.3,913.1,921.1,915.8,933.2,926.2,1018.4,1.6,22.0
2025-04-23 14:09:45,914.2,623.2,920.6,909.4,913.6,911.1,912.9,920.3,915.9,932.5,926.7,1018.0,1.5,22.0
2025-04-23 14:09:50,913.8,626.1,920.2,908.8,914.2,910.9,913.2,920.6,916.4,932.9,926.2,1017.4,1.3,22.0
2025-04-23 14:09:55,914.0,629.9,919.9,908.8,914.2,911.1,912.6,920.0,916.1,932.9,926.2,1017.6,1.1,22.0
2025-04-23 14:10:00,914.0,635.0,919.4,908.8,913.6,910.3,911.8,919.3,916.3,933.0,926.2,1017.4,1.0,22.0
2025-04-23 14:10:05,914.0,639.1,919.5,907.6,913.7,910.6,911.7,919.2,916.0,932.9,925.8,1017.0,0.8,22.0
2025-04-23 14:10:10,913.5,643.5,919.0,908.3,914.2,910.6,910.8,920.0,916.3,932.6,925.2,1016.4,0.7,22.0
2025-04-23 14:10:15,914.0,646.9,919.0,907.1,913.6,909.5,911.0,919.9,916.2,932.4,925.2,1016.4,0.5,22.0
2025-04-23 14:10:20,914.0,649.5,919.5,907.0,913.2,909.3,911.3,920.6,916.0,932.3,924.7,1016.2,0.5,22.0
2025-04-23 14:10:25,913.7,652.2,919.4,906.8,913.3,909.5,911.4,920.4,916.2,931.6,924.6,1017.2,0.6,22.0
2025-04-23 14:10:30,912.6,656.9,919.3,907.1,913.1,909.6,911.3,920.4,916.1,931.1,924.5,1017.0,0.5,22.0
2025-04-23 14:10:35,912.8,663.0,919.2,907.1,912.7,909.7,911.1,920.3,916.3,931.7,924.7,1017.0,0.5,22.1
2025-04-23 14:10:40,912.4,666.0,919.0,907.8,912.6,909.1,910.9,919.7,916.0,931.7,924.5,1015.6,0.5,22.1
2025-04-23 14:10:45,912.1,671.5,918.9,907.6,912.7,908.7,910.9,919.7,916.2,931.6,924.4,1015.2,0.5,22.1
2025-04-23 14:10:50,911.7,676.1,918.9,907.1,912.5,908.4,911.4,919.1,915.7,931.6,924.4,1015.0,0.4,22.1
2025-04-23 14:10:55,913.1,679.6,918.4,907.0,912.5,907.8,911.7,918.6,914.8,931.4,924.0,1015.2,0.4,22.1
2025-04-23 14:11:00,913.4,682.6,918.1,906.6,912.8,907.9,911.5,917.7,914.7,931.2,923.6,1015.6,0.2,22.1
2025-04-23 14:11:05,912.5,685.7,918.3,906.2,912.5,907.7,911.1,918.0,914.2,930.8,923.5,1015.4,0.2,22.1
2025-04-23 14:11:10,911.9,687.8,919.1,906.2,912.3,907.9,911.1,918.0,913.8,930.3,923.2,1015.6,0.1,22.1
2025-04-23 14:11:15,912.0,689.0,918.3,906.6,912.8,906.8,910.9,918.1,913.5,930.5,923.0,1015.8,0.4,22.1
2025-04-23 14:11:20,911.2,691.6,918.7,906.5,912.8,906.7,911.5,918.0,913.7,930.2,923.2,1016.2,0.9,22.2
2025-04-23 14:11:25,911.0,693.9,918.8,906.1,912.7,906.8,910.6,917.6,914.0,930.3,923.4,1016.2,1.0,22.1
2025-04-23 14:11:30,911.4,697.5,919.3,905.5,912.5,906.6,910.9,917.2,914.2,930.4,922.9,1017.0,0.9,22.2
2025-04-23 14:11:35,912.0,699.8,920.2,905.3,912.6,906.4,910.7,917.6,914.6,930.1,923.0,1016.8,0.8,22.2
2025-04-23 14:11:40,913.0,705.6,919.9,904.6,913.3,907.1,910.7,917.9,914.5,930.0,922.6,1016.2,0.6,22.2
2025-04-23 14:11:45,913.2,709.6,920.1,904.5,913.3,907.6,910.7,917.6,914.1,929.8,922.5,1016.4,0.5,22.2
2025-04-23 14:11:50,913.8,714.4,920.7,906.0,914.1,907.5,911.2,917.4,913.9,929.9,922.8,1016.4,0.5,22.3
2025-04-23 14:11:55,913.6,718.2,920.9,907.6,914.4,908.3,912.8,918.3,913.6,930.0,923.4,1017.4,0.7,22.3
2025-04-23 14:12:00,913.5,721.4,922.3,907.8,914.3,908.5,913.3,918.3,913.7,930.5,923.5,1016.6,0.9,22.3
2025-04-23 14:12:05,913.2,724.6,921.4,907.6,914.7,908.8,914.0,918.7,914.3,930.9,923.9,1017.4,0.8,22.3
2025-04-23 14:12:10,913.6,726.2,921.2,906.9,915.2,909.2,914.0,919.1,915.1,931.2,924.1,1017.2,1.1,22.3
2025-04-23 14:12:15,913.3,727.9,921.5,906.2,915.2,909.3,913.5,919.5,915.9,931.5,924.4,1017.6,2.0,22.3
2025-04-23 14:12:20,913.0,731.1,920.9,906.2,914.3,909.0,913.0,919.3,916.4,931.9,924.7,1017.4,2.0,22.3
2025-04-23 14:12:25,912.8,731.5,920.9,906.0,914.3,909.0,912.5,919.0,915.7,931.9,924.8,1016.2,2.1,22.3
2025-04-23 14:12:30,913.1,736.0,921.6,906.4,914.1,909.0,913.0,919.2,915.6,932.0,924.9,1015.6,1.9,22.3
2025-04-23 14:12:35,913.4,738.7,921.7,906.5,913.9,909.4,912.7,918.6,915.6,931.9,924.8,1015.4,1.7,22.3
2025-04-23 14:12:40,914.1,741.4,922.1,906.4,914.1,909.1,912.9,918.9,915.6,932.0,924.5,1015.6,1.4,22.3
2025-04-23 14:12:45,913.6,745.2,921.7,906.6,914.3,909.5,913.4,919.8,915.9,931.7,924.4,1015.6,1.6,22.2
2025-04-23 14:12:50,913.3,747.0,921.5,906.7,914.6,909.5,913.1,919.8,915.7,931.5,924.3,1015.2,2.0,22.3
2025-04-23 14:12:55,913.2,750.6,921.3,907.0,914.6,909.5,913.1,920.0,915.4,931.6,924.4,1016.0,1.9,22.2
2025-04-23 14:13:00,913.2,752.1,921.5,907.5,914.8,909.8,912.7,919.8,915.4,931.8,924.4,1016.2,1.9,22.2
2025-04-23 14:13:05,913.4,755.0,920.9,907.4,914.2,909.1,913.0,919.4,915.9,931.9,924.3,1016.2,2.3,22.2
2025-04-23 14:13:10,913.1,757.1,921.4,907.0,914.3,909.2,913.4,919.5,915.8,932.0,924.4,1015.6,2.8,22.2
2025-04-23 14:13:15,913.1,760.4,921.1,906.8,914.7,908.9,913.9,919.6,915.5,932.0,924.3,1015.2,2.9,22.2
2025-04-23 14:13:20,913.2,762.7,921.0,907.4,914.6,909.1,913.3,919.4,915.2,932.1,924.5,1015.6,2.9,22.1
2025-04-23 14:13:25,914.0,766.6,921.7,907.4,914.3,909.1,912.7,918.9,914.8,932.1,924.1,1016.0,2.3,22.1
2025-04-23 14:13:30,914.4,767.7,922.4,907.9,914.1,910.1,912.1,919.1,914.7,931.7,924.0,1016.0,2.1,22.0
2025-04-23 14:13:35,914.1,771.9,923.0,907.9,914.4,910.9,912.3,919.2,914.8,931.5,923.6,1016.0,2.0,22.0
2025-04-23 14:13:40,914.7,774.2,923.2,908.2,914.6,910.4,912.9,919.6,914.6,931.8,923.9,1016.0,2.1,22.0
2025-04-23 14:13:45,914.8,777.4,922.4,908.5,915.2,910.3,912.7,919.8,914.7,931.9,924.4,1016.6,1.9,22.0
2025-04-23 14:13:50,914.8,779.4,921.8,909.5,915.2,910.8,913.0,919.9,915.4,932.1,924.5,1016.6,2.0,22.0
2025-04-23 14:13:55,914.9,781.7,922.3,909.5,915.2,910.3,913.3,920.7,915.7,932.3,924.6,1017.0,2.2,22.0
2025-04-23 14:14:00,914.8,783.8,923.0,909.2,915.5,910.5,913.3,921.2,916.2,932.3,924.7,1017.2,2.2,22.0
2025-04-23 14:14:05,914.7,786.5,922.4,908.7,915.3,911.2,913.5,921.4,916.3,932.7,925.1,1017.2,2.0,21.9
2025-04-23 14:14:10,914.9,788.8,922.4,909.0,915.6,911.1,915.8,921.8,916.3,933.0,925.3,1017.6,2.0,21.9
2025-04-23 14:14:15,914.9,791.5,922.0,909.2,915.7,911.0,915.6,922.0,916.4,933.3,925.6,1017.8,2.0,21.9
2025-04-23 14:14:20,914.9,793.8,922.1,908.7,915.8,911.0,915.1,921.6,916.3,933.4,925.2,1017.0,1.9,21.9
2025-04-23 14:14:25,914.7,795.0,922.4,908.5,915.8,910.9,914.5,921.6,916.3,933.5,925.6,1016.2,1.8,21.9
2025-04-23 14:14:30,914.3,797.9,922.6,908.5,915.3,911.2,913.8,921.4,916.2,933.9,925.3,1015.6,1.7,21.9
2025-04-23 14:14:35,914.1,801.8,922.5,908.3,914.3,910.8,913.4,921.0,916.5,934.0,925.5,1015.8,2.0,21.9
2025-04-23 14:14:40,914.1,804.4,922.6,908.4,914.6,911.1,913.3,920.5,916.4,933.8,925.4,1015.2,1.8,21.9
2025-04-23 14:14:45,914.0,807.2,922.3,908.7,915.1,910.8,913.4,920.3,916.0,933.6,925.2,1015.0,1.9,21.9
2025-04-23 14:14:50,913.7,808.7,922.2,908.9,914.8,910.4,913.9,920.5,915.7,933.6,925.2,1015.2,1.7,21.9
2025-04-23 14:14:55,914.1,812.6,922.1,908.6,914.9,910.9,913.6,920.5,915.7,933.4,925.0,1016.4,1.7,21.9
2025-04-23 14:15:00,914.2,814.5,922.1,908.1,914.1,910.8,913.1,920.9,915.8,933.2,925.2,1016.6,1.7,21.9
2025-04-23 14:15:05,914.2,816.2,922.1,908.0,914.0,910.7,912.8,921.0,915.4,933.4,924.8,1016.4,1.9,21.9
2025-04-23 14:15:10,913.8,818.0,921.7,907.8,914.7,910.6,913.2,920.3,915.9,933.4,924.9,1015.6,1.6,21.9
2025-04-23 14:15:15,913.6,820.1,921.3,907.8,914.8,910.2,913.8,920.2,916.0,933.4,925.5,1015.8,1.5,21.9
2025-04-23 14:15:20,913.3,823.1,921.0,907.7,914.2,910.1,913.6,920.4,915.8,933.4,925.6,1015.6,1.3,21.9
2025-04-23 14:15:25,913.9,825.4,920.3,907.7,914.4,910.8,913.1,920.6,915.6,933.5,925.2,1015.0,1.1,21.9
2025-04-23 14:15:30,913.5,827.3,920.4,907.6,913.8,910.7,912.9,920.9,915.7,933.3,925.0,1014.8,0.9,21.9
2025-04-23 14:15:35,913.2,830.1,920.6,908.2,913.6,910.2,912.6,920.4,915.7,933.1,924.8,1015.2,0.8,21.9
2025-04-23 14:15:40,913.3,831.8,920.8,907.9,913.7,910.2,912.7,920.4,915.8,933.1,924.7,1014.8,0.7,21.9
2025-04-23 14:15:45,913.4,833.8,921.0,907.7,913.8,910.0,912.7,920.2,915.8,932.8,924.6,1014.6,0.8,21.9
2025-04-23 14:15:50,913.2,836.4,921.0,907.8,913.7,909.8,912.5,919.9,915.7,932.5,924.3,1014.4,0.7,21.9
2025-04-23 14:15:55,913.0,838.3,921.3,907.6,913.8,909.3,912.5,920.2,915.3,932.7,924.3,1013.8,0.7,21.9
2025-04-23 14:16:00,913.1,839.7,921.1,907.4,914.0,909.3,912.6,920.6,915.6,932.6,924.1,1014.0,0.6,22.0
2025-04-23 14:16:05,912.9,842.9,921.0,907.4,914.5,909.1,913.0,920.7,915.7,932.8,924.4,1014.0,0.6,21.9
2025-04-23 14:16:10,912.9,844.5,921.1,907.6,914.2,909.2,913.1,920.4,915.7,932.8,924.1,1014.4,0.6,21.9
2025-04-23 14:16:15,913.1,846.5,921.0,907.8,914.2,909.7,913.5,920.3,915.5,932.4,924.5,1014.8,0.8,22.0
2025-04-23 14:16:20,912.7,848.8,921.7,907.3,914.1,909.8,913.9,920.7,915.7,932.5,924.8,1014.8,1.0,22.0
2025-04-23 14:16:25,913.3,849.8,922.0,906.9,913.8,909.4,913.7,920.2,915.6,932.8,924.9,1014.6,1.1,22.0
2025-04-23 14:16:30,913.2,851.5,922.3,906.6,914.2,909.6,913.5,919.9,915.6,932.8,925.4,1014.6,1.1,22.0
2025-04-23 14:16:35,913.4,853.4,922.4,907.5,914.5,909.5,913.1,919.5,915.1,932.9,924.9,1014.4,1.1,22.0
2025-04-23 14:16:40,913.2,854.9,922.2,907.9,914.4,909.4,913.0,919.8,915.0,932.7,924.7,1013.4,1.2,22.0
2025-04-23 14:16:45,912.9,858.4,922.4,907.8,915.0,909.1,913.3,920.3,915.2,933.2,925.3,1013.0,1.3,22.0
2025-04-23 14:16:50,913.3,860.2,922.2,908.1,914.9,909.2,913.4,920.5,915.2,933.2,925.2,1012.2,1.3,22.0
2025-04-23 14:16:55,913.8,862.5,921.8,908.1,913.9,908.5,913.8,920.3,915.2,933.2,925.1,1011.8,1.2,22.0
2025-04-23 14:17:00,914.3,866.2,921.8,908.2,913.4,908.5,913.9,919.8,915.5,933.0,925.5,1011.8,1.2,22.0
2025-04-23 14:17:05,914.5,867.3,921.6,908.5,913.5,908.8,914.0,919.4,915.7,932.8,924.8,1012.2,1.1,22.0
2025-04-23 14:17:10,914.3,869.2,921.3,908.8,913.5,908.8,913.6,919.9,915.8,932.5,924.3,1012.2,0.9,22.0
2025-04-23 14:17:15,914.5,869.9,921.4,909.3,914.4,908.6,913.8,920.8,915.7,932.3,924.4,1012.8,0.8,22.0
2025-04-23 14:17:20,915.0,872.6,921.4,908.9,914.3,908.8,913.9,921.5,915.0,932.6,924.3,1013.8,0.7,22.0
2025-04-23 14:17:25,915.2,873.5,921.3,908.8,914.5,909.2,914.8,921.9,915.6,932.9,924.9,1014.0,0.6,22.0
2025-04-23 14:17:30,915.0,875.6,921.1,908.9,915.3,909.3,914.5,921.9,915.5,933.4,925.5,1013.6,0.6,22.0
2025-04-23 14:17:35,915.2,876.8,921.3,909.0,915.6,909.5,914.1,921.5,916.0,933.6,925.8,1014.4,0.5,22.0
2025-04-23 14:17:40,915.5,877.2,921.3,908.7,915.0,910.4,914.9,921.0,915.9,934.2,925.9,1014.2,0.8,22.0
2025-04-23 14:17:45,915.5,878.5,921.6,908.5,915.0,910.4,915.8,920.5,916.0,934.0,926.0,1014.0,1.4,22.0
2025-04-23 14:17:50,915.7,879.4,921.6,908.2,915.2,910.2,915.8,920.6,916.1,933.8,925.9,1013.8,1.6,22.0
2025-04-23 14:17:55,916.1,881.0,921.9,908.4,915.5,910.0,915.4,920.6,916.0,933.9,926.3,1013.6,1.8,22.1
2025-04-23 14:18:00,916.2,881.9,923.0,907.9,915.7,909.8,914.8,920.7,916.3,933.9,926.2,1013.4,2.0,22.1
2025-04-23 14:18:05,915.9,884.1,922.7,908.1,915.7,909.9,914.8,920.5,916.5,933.8,926.2,1012.6,1.7,22.1
2025-04-23 14:18:10,916.2,883.9,923.2,908.2,915.6,910.0,914.4,920.4,916.7,933.5,926.4,1013.0,1.5,22.1
2025-04-23 14:18:15,916.0,884.7,923.2,908.0,915.8,909.6,915.0,920.6,916.2,933.6,926.5,1013.0,1.3,22.1
2025-04-23 14:18:20,915.8,885.2,923.3,907.9,916.0,909.4,915.5,920.9,916.2,933.5,926.7,1013.0,1.3,22.0
2025-04-23 14:18:25,916.7,885.9,922.9,908.2,916.2,909.5,915.4,920.2,916.2,933.9,926.9,1012.4,1.0,22.1
2025-04-23 14:18:30,916.5,886.4,922.6,907.6,916.1,909.1,915.0,920.7,916.2,934.1,927.0,1013.0,0.9,22.1
2025-04-23 14:18:35,915.9,886.7,922.4,907.9,915.6,908.9,915.2,920.7,915.9,934.2,927.0,1013.4,0.7,22.1
2025-04-23 14:18:40,915.3,887.2,922.4,908.4,915.8,908.4,915.4,920.4,916.0,934.1,927.3,1013.2,0.8,22.1
2025-04-23 14:18:45,914.9,888.4,922.7,908.5,915.7,908.4,915.5,920.6,916.0,934.4,927.6,1014.2,0.7,22.1
2025-04-23 14:18:50,914.7,889.5,922.9,910.5,915.9,908.3,915.1,920.7,916.0,934.3,927.6,1015.0,0.8,22.1
2025-04-23 14:18:55,914.5,889.9,922.7,910.4,915.6,908.6,915.1,921.1,916.3,934.2,927.1,1015.4,0.8,22.1
2025-04-23 14:19:00,914.6,891.0,922.1,910.0,915.4,908.9,915.4,921.2,916.6,934.8,927.5,1015.4,0.7,22.2
2025-04-23 14:19:05,914.9,891.1,921.9,910.0,915.3,909.4,914.9,921.7,916.9,934.6,927.2,1015.4,0.7,22.2
2025-04-23 14:19:10,915.2,891.8,921.4,909.7,915.4,910.3,915.1,922.0,916.8,934.7,927.5,1015.6,1.1,22.2
2025-04-23 14:19:15,915.3,892.2,921.3,911.1,915.6,909.9,915.0,922.2,916.8,934.2,927.1,1016.0,1.0,22.2
2025-04-23 14:19:20,916.1,892.0,921.8,911.0,915.5,910.4,916.2,922.0,917.3,933.9,927.2,1016.4,1.0,22.2
2025-04-23 14:19:25,917.7,892.8,921.9,910.9,915.5,910.7,915.6,922.6,916.8,933.9,927.0,1016.4,1.1,22.2
2025-04-23 14:19:30,917.9,894.5,922.1,910.7,916.3,911.2,915.9,923.1,916.3,933.7,926.8,1016.6,0.9,22.2
2025-04-23 14:19:35,918.4,895.0,922.5,910.7,916.5,911.5,915.8,923.1,916.3,934.1,926.9,1017.0,1.0,22.2
2025-04-23 14:19:40,918.4,895.5,923.2,910.4,916.4,911.6,915.7,923.1,916.0,933.9,926.8,1016.4,1.8,22.3
2025-04-23 14:19:45,918.0,895.8,923.2,911.4,917.1,911.6,915.9,923.2,916.6,934.2,927.3,1016.4,1.9,22.3
2025-04-23 14:19:50,917.3,896.0,923.2,911.3,917.3,911.1,916.3,923.7,916.8,934.1,927.5,1016.6,1.7,22.3
2025-04-23 14:19:55,917.2,895.2,923.5,911.7,917.5,911.1,916.6,924.1,916.4,934.8,928.1,1017.4,1.4,22.3
2025-04-23 14:20:00,917.6,895.4,923.5,911.6,917.8,911.3,916.9,924.4,916.8,935.0,928.0,1017.0,1.7,22.4
2025-04-23 14:20:05,917.6,894.8,923.8,911.8,917.5,911.1,917.1,923.8,917.7,935.2,928.9,1015.6,2.0,22.4
2025-04-23 14:20:10,917.4,894.6,923.9,910.5,917.5,910.8,917.5,924.1,918.1,935.4,928.9,1016.0,1.9,22.4
2025-04-23 14:20:15,917.9,896.2,923.5,910.2,917.8,910.4,916.4,923.6,917.9,935.1,928.8,1015.4,2.4,22.4
2025-04-23 14:20:20,918.0,896.1,923.3,910.0,917.4,910.3,916.6,922.7,917.3,935.6,929.2,1015.4,2.2,22.4
2025-04-23 14:20:25,918.1,895.9,924.2,910.2,917.3,910.2,916.5,922.8,917.2,935.2,928.1,1016.0,2.0,22.5
2025-04-23 14:20:30,918.2,896.0,924.0,909.5,918.2,910.6,917.2,922.7,917.6,934.7,928.1,1015.8,1.8,22.5
2025-04-23 14:20:35,918.7,895.5,923.6,909.9,917.4,910.8,917.2,922.7,917.2,935.6,928.4,1015.6,1.6,22.5
2025-04-23 14:20:40,918.9,895.2,923.5,909.9,917.4,910.8,917.2,922.3,917.0,935.3,928.1,1016.0,1.3,22.5
2025-04-23 14:20:45,918.8,896.1,924.1,910.3,917.0,910.6,917.3,922.5,916.7,935.8,929.2,1016.4,1.2,22.6
2025-04-23 14:20:50,918.3,896.4,923.3,910.0,917.1,910.0,916.6,922.2,916.6,935.6,928.1,1016.0,1.4,22.6
2025-04-23 14:20:55,918.3,895.6,923.1,909.6,917.4,909.7,916.7,922.2,916.7,935.7,929.2,1016.6,1.3,22.6
2025-04-23 14:21:00,917.6,895.4,922.6,909.8,916.7,909.5,916.1,922.6,916.2,935.5,928.9,1016.4,1.2,22.6
2025-04-23 14:21:05,917.7,894.3,922.7,909.2,917.2,909.8,915.8,923.1,916.4,935.6,928.5,1015.8,0.9,22.6
2025-04-23 14:21:10,917.9,894.8,923.3,909.8,916.7,909.9,916.2,923.0,916.3,935.2,928.2,1015.8,0.8,22.6
2025-04-23 14:21:15,917.9,895.0,923.8,912.4,916.7,909.8,916.2,922.4,916.9,935.4,928.5,1016.6,0.7,22.6
2025-04-23 14:21:20,917.8,895.4,923.8,911.6,917.0,910.6,916.6,923.5,917.2,935.7,928.7,1016.4,0.6,22.6
2025-04-23 14:21:25,918.2,895.4,923.8,910.7,917.6,911.1,916.6,923.7,917.6,935.6,928.8,1016.2,0.6,22.6
2025-04-23 14:21:30,918.7,895.9,924.6,911.3,917.8,911.6,916.5,924.1,918.5,936.3,930.2,1016.0,0.8,22.6
2025-04-23 14:21:35,919.4,896.8,925.6,910.9,917.4,912.2,916.4,923.8,918.3,936.8,930.2,1016.0,1.0,22.7
2025-04-23 14:21:40,919.4,896.8,926.1,911.1,917.5,912.6,916.8,924.2,917.9,936.6,930.4,1016.4,2.3,22.6
2025-04-23 14:21:45,919.9,897.3,925.9,912.0,917.6,913.7,916.7,923.8,917.8,937.0,930.1,1016.8,2.8,22.7
2025-04-23 14:21:50,920.9,897.2,925.0,912.4,917.7,913.3,917.0,924.3,918.3,936.9,930.5,1017.4,2.2,22.7
2025-04-23 14:21:55,921.3,897.5,924.6,912.8,918.1,913.5,918.2,924.7,918.1,936.9,930.8,1017.4,2.1,22.7
2025-04-23 14:22:00,920.9,898.0,924.0,912.5,918.3,914.3,917.4,924.9,918.2,937.2,930.9,1017.6,2.3,22.7
2025-04-23 14:22:05,919.8,898.1,924.3,913.6,918.1,914.2,917.8,925.5,919.0,937.4,931.7,1016.6,2.4,22.6
2025-04-23 14:22:10,920.1,898.3,925.0,913.8,918.6,914.0,918.8,925.5,919.7,937.9,932.2,1016.6,3.0,22.6
2025-04-23 14:22:15,920.3,898.5,925.2,913.8,918.9,913.9,918.7,925.4,919.9,938.1,932.0,1016.4,2.4,22.6
2025-04-23 14:22:20,919.8,898.1,924.9,914.6,918.7,913.8,918.9,925.5,919.8,937.8,931.7,1016.8,2.3,22.6
2025-04-23 14:22:25,919.4,898.4,924.5,913.8,918.9,913.4,918.9,925.8,919.7,937.8,931.7,1016.6,2.3,22.6
2025-04-23 14:22:30,918.9,897.8,924.3,913.8,919.4,913.2,918.9,925.4,919.7,937.7,931.8,1016.8,2.1,22.5
2025-04-23 14:22:35,918.8,898.0,924.6,913.7,918.7,913.2,919.2,925.1,919.6,937.7,931.6,1016.6,1.8,22.5
2025-04-23 14:22:40,918.5,898.4,924.1,913.3,919.1,913.0,918.7,924.4,918.4,937.7,931.4,1015.8,1.7,22.5
2025-04-23 14:22:45,918.1,898.1,923.8,913.1,919.2,913.1,918.5,924.5,918.3,937.0,931.0,1014.2,1.4,22.5
2025-04-23 14:22:50,917.8,898.4,923.4,913.3,919.2,912.8,918.4,924.3,917.8,936.8,930.7,1013.2,1.3,22.5
2025-04-23 14:22:55,917.8,898.2,923.2,913.1,917.7,912.2,918.0,923.6,917.6,936.7,930.8,1013.2,1.0,22.5
2025-04-23 14:23:00,918.5,898.5,923.2,911.9,917.8,911.7,917.4,923.4,916.8,936.4,930.2,1013.6,1.0,22.5
2025-04-23 14:23:05,918.5,898.0,923.3,911.7,918.1,911.6,916.8,923.7,916.8,936.2,930.0,1013.2,0.9,22.5
2025-04-23 14:23:10,918.6,897.9,924.4,912.4,918.3,911.3,916.5,923.5,916.8,935.9,929.3,1012.8,0.7,22.5
2025-04-23 14:23:15,918.8,898.0,924.3,912.4,917.9,911.4,916.7,923.5,916.7,935.5,929.0,1012.2,0.8,22.5
2025-04-23 14:23:20,918.7,897.8,924.5,912.5,917.8,911.7,916.7,923.8,917.2,935.3,929.0,1011.6,0.9,22.5
2025-04-23 14:23:25,918.5,897.9,923.9,912.3,918.1,911.8,916.4,923.7,917.5,935.7,929.2,1011.0,1.4,22.5
2025-04-23 14:23:30,918.3,897.6,923.3,912.2,918.0,911.9,917.0,923.7,917.5,935.4,929.0,1011.6,1.5,22.5
2025-04-23 14:23:35,918.2,897.6,922.8,912.5,917.7,912.0,916.8,924.2,917.6,935.1,928.6,1011.8,2.1,22.5
2025-04-23 14:23:40,918.2,897.7,922.8,912.2,917.6,912.9,916.3,924.3,916.9,934.8,928.5,1011.4,1.9,22.5
2025-04-23 14:23:45,918.2,897.7,922.5,911.4,917.7,911.8,915.6,924.0,916.9,935.0,928.3,1010.4,1.8,22.5
2025-04-23 14:23:50,918.3,897.7,922.6,911.3,917.4,911.8,915.6,923.1,916.3,935.5,928.5,1009.8,1.5,22.4
2025-04-23 14:23:55,917.7,897.4,922.8,911.1,917.5,911.2,914.7,922.2,915.8,935.2,928.2,1009.0,1.6,22.4
2025-04-23 14:24:00,917.4,896.9,922.6,910.6,917.5,910.6,914.8,922.0,915.7,935.0,928.1,1008.4,1.7,22.5
2025-04-23 14:24:05,917.0,896.4,921.8,909.9,916.5,909.3,915.1,921.5,914.8,934.7,928.1,1008.8,2.2,22.4
2025-04-23 14:24:10,915.9,896.0,921.0,909.8,916.5,909.2,915.4,921.3,914.5,934.6,927.5,1009.0,2.2,22.4
2025-04-23 14:24:15,915.7,895.6,920.5,909.3,916.2,909.3,914.7,920.8,914.6,934.6,927.3,1008.2,2.4,22.4
2025-04-23 14:24:20,915.4,895.3,920.1,909.1,915.3,908.7,914.3,920.3,913.9,934.1,926.4,1008.0,2.3,22.4
2025-04-23 14:24:25,915.7,895.4,920.1,908.8,914.5,908.2,914.2,920.0,913.7,934.0,926.4,1007.6,2.0,22.4
2025-04-23 14:24:30,915.6,895.4,920.2,908.8,913.9,908.7,914.4,919.6,913.4,933.5,926.0,1007.2,1.6,22.4
2025-04-23 14:24:35,915.4,895.1,920.6,908.4,914.0,908.7,913.4,919.7,913.2,933.3,926.0,1007.2,1.3,22.4
2025-04-23 14:24:40,915.1,895.3,920.9,908.5,914.1,908.6,913.3,919.8,913.0,932.9,925.7,1007.6,1.6,22.4
2025-04-23 14:24:45,915.6,895.8,920.7,909.1,914.4,908.5,913.2,919.3,913.4,932.7,925.5,1007.8,1.8,22.4
2025-04-23 14:24:50,915.2,896.0,919.8,910.0,914.5,908.7,913.2,920.1,913.7,932.6,925.5,1007.6,2.1,22.4
2025-04-23 14:24:55,915.3,895.6,919.7,909.6,914.4,908.8,913.2,920.2,914.5,933.2,925.9,1007.6,1.9,22.4
2025-04-23 14:25:00,915.9,894.9,919.4,908.8,913.9,909.0,913.1,919.8,914.6,932.9,925.3,1006.2,1.6,22.4
2025-04-23 14:25:05,916.3,895.3,919.6,908.5,913.1,908.3,913.3,919.6,913.9,933.0,925.5,1006.0,1.6,22.4
2025-04-23 14:25:10,916.8,896.1,920.0,908.8,913.1,908.3,912.5,918.9,912.3,932.6,925.3,1006.0,1.8,22.4
2025-04-23 14:25:15,916.7,896.3,919.8,908.9,913.2,908.3,912.4,918.7,911.8,932.1,925.2,1006.0,1.7,22.4
2025-04-23 14:25:20,915.7,896.6,919.0,909.7,913.5,908.5,912.6,918.8,911.3,932.2,925.1,1005.8,1.5,22.4
2025-04-23 14:25:25,915.9,896.7,919.4,909.8,913.6,908.4,913.8,919.6,911.4,932.3,925.4,1005.2,1.3,22.4
2025-04-23 14:25:30,915.5,897.3,919.7,909.6,914.0,908.9,913.5,920.3,911.9,932.6,925.4,1005.2,1.1,22.4
2025-04-23 14:25:35,915.0,897.4,919.9,910.0,914.1,909.2,913.6,920.6,912.0,932.8,925.6,1005.4,0.9,22.4
2025-04-23 14:25:40,914.7,897.2,920.2,909.7,913.9,909.3,913.7,921.3,912.4,932.8,925.6,1005.4,1.6,22.4
2025-04-23 14:25:45,914.6,896.9,920.0,909.6,914.2,909.4,913.2,921.1,912.6,933.0,925.8,1005.2,2.0,22.4
2025-04-23 14:25:50,915.0,895.8,919.4,909.6,913.4,909.0,913.1,920.9,912.4,933.1,925.9,1005.0,1.9,22.4
2025-04-23 14:25:55,914.5,895.9,919.6,909.3,912.7,909.3,912.2,920.8,912.0,933.2,925.6,1005.2,1.8,22.4
2025-04-23 14:26:00,914.7,895.2,919.0,910.0,913.0,909.0,911.5,920.1,912.1,932.8,925.3,1005.2,1.6,22.4
2025-04-23 14:26:05,914.3,895.4,918.6,909.9,913.2,908.9,912.0,919.6,911.8,932.2,924.7,1004.4,1.3,22.4
2025-04-23 14:26:10,914.0,895.4,918.4,909.7,913.2,908.8,911.9,919.6,912.0,932.2,924.7,1004.2,1.2,22.4
2025-04-23 14:26:15,914.7,895.1,918.3,909.6,913.0,908.2,911.2,919.6,912.1,932.4,925.1,1003.8,1.1,22.3
2025-04-23 14:26:20,914.5,895.5,918.5,909.5,912.7,907.9,911.0,919.4,911.9,932.6,925.2,1004.2,1.3,22.4
2025-04-23 14:26:25,914.8,897.1,918.8,909.4,912.6,908.2,911.2,919.3,911.7,932.7,925.2,1005.4,1.4,22.3
2025-04-23 14:26:30,915.3,896.9,918.9,909.6,912.7,908.0,912.5,919.1,911.2,932.4,924.6,1005.0,1.4,22.3
2025-04-23 14:26:35,915.3,896.9,919.4,910.1,913.0,908.1,912.7,919.6,911.0,932.1,924.7,1005.8,1.3,22.3
2025-04-23 14:26:40,915.1,896.6,919.6,910.6,913.7,908.5,912.9,919.5,911.4,932.1,925.3,1006.0,1.2,22.3
2025-04-23 14:26:45,915.4,896.2,919.4,910.6,914.5,909.2,913.0,919.8,911.7,932.3,925.3,1005.8,1.1,22.3
2025-04-23 14:26:50,915.6,896.3,919.5,910.6,914.9,909.8,913.5,921.5,912.3,932.4,925.8,1005.4,1.0,22.3
2025-04-23 14:26:55,916.3,896.7,920.1,910.9,914.6,909.6,913.8,921.7,913.0,933.5,926.8,1006.0,0.9,22.3
2025-04-23 14:27:00,916.0,896.9,920.7,911.1,914.5,909.4,913.4,921.6,913.5,933.7,927.4,1006.4,1.0,22.3
2025-04-23 14:27:05,915.6,896.9,920.4,911.5,914.3,910.3,913.8,921.7,913.3,934.4,927.5,1006.4,1.3,22.3
2025-04-23 14:27:10,915.8,896.7,920.3,911.5,914.7,910.6,913.8,922.0,913.4,934.2,927.3,1006.0,1.3,22.3
2025-04-23 14:27:15,916.4,896.6,920.0,911.7,915.1,910.1,913.1,921.8,913.2,934.1,927.5,1006.2,1.2,22.3
2025-04-23 14:27:20,916.8,896.3,919.6,911.2,914.9,909.9,912.9,922.2,913.2,934.2,927.4,1006.2,1.0,22.3
2025-04-23 14:27:25,916.5,896.1,919.3,910.4,914.7,908.7,913.1,921.5,913.5,934.6,927.8,1005.6,0.9,22.3
2025-04-23 14:27:30,915.9,895.8,918.6,910.6,913.9,908.5,912.6,921.4,913.3,934.5,928.5,1004.4,0.8,22.3
2025-04-23 14:27:35,915.6,895.8,918.4,909.9,913.3,908.1,912.7,920.5,913.1,934.7,928.5,1003.4,0.6,22.3
2025-04-23 14:27:40,916.0,896.0,918.1,910.0,913.4,907.6,912.4,920.0,911.8,934.3,927.5,1003.8,0.5,22.3
2025-04-23 14:27:45,916.6,896.7,918.7,910.6,913.5,907.3,912.2,919.8,911.7,933.9,927.1,1004.0,0.4,22.4
2025-04-23 14:27:50,916.5,897.4,918.8,910.8,913.2,907.8,911.9,920.2,911.3,933.7,927.1,1004.6,0.3,22.4
2025-04-23 14:27:55,916.5,897.4,919.2,910.5,913.1,907.9,911.9,920.3,911.6,933.6,927.4,1005.0,0.3,22.4
2025-04-23 14:28:00,916.8,897.2,919.2,910.7,912.7,908.0,912.8,920.5,912.0,934.5,927.4,1006.0,0.2,22.4
2025-04-23 14:28:05,916.8,897.1,919.3,911.4,913.3,907.6,913.7,921.0,912.5,933.3,927.5,1006.2,0.2,22.4
2025-04-23 14:28:10,917.7,897.3,919.5,911.4,913.1,907.2,913.1,920.8,912.0,933.8,927.3,1006.4,0.2,22.4
2025-04-23 14:28:15,917.3,897.0,919.7,911.4,913.4,907.6,913.6,920.6,912.2,933.6,927.5,1006.6,0.2,22.4
2025-04-23 14:28:20,917.2,897.4,919.9,911.4,913.5,908.2,913.5,920.7,912.1,934.0,928.0,1007.2,0.3,22.5
2025-04-23 14:28:25,917.3,897.6,920.5,911.8,914.4,908.9,914.0,921.2,911.9,933.2,927.9,1008.2,0.3,22.4
2025-04-23 14:28:30,917.7,897.6,920.6,912.4,914.5,909.3,914.2,921.7,912.2,934.3,929.2,1008.8,0.3,22.5
2025-04-23 14:28:35,917.3,897.3,920.9,912.5,915.1,909.5,914.7,922.9,912.1,934.2,928.8,1009.2,0.2,22.5
2025-04-23 14:28:40,917.0,897.6,920.8,912.2,914.7,910.1,914.4,922.7,912.5,934.8,929.3,1010.2,0.2,22.5
2025-04-23 14:28:45,917.4,898.0,921.0,912.1,914.8,910.2,914.7,922.6,913.2,935.2,928.9,1010.0,0.2,22.5
2025-04-23 14:28:50,916.9,897.7,920.7,912.3,914.9,910.2,914.9,923.0,913.3,935.5,930.0,1010.4,0.2,22.5
2025-04-23 14:28:55,916.1,897.5,920.7,911.9,915.1,909.4,914.9,922.9,913.5,935.5,929.8,1010.2,0.2,22.5
2025-04-23 14:29:00,916.0,897.4,920.6,912.1,915.4,909.1,914.9,922.5,913.5,935.8,930.1,1010.4,0.2,22.6
2025-04-23 14:29:05,914.9,896.8,920.5,911.5,915.4,909.6,914.0,921.8,913.6,935.6,930.8,1010.6,0.2,22.6
2025-04-23 14:29:10,915.3,896.4,920.3,910.5,915.4,909.0,913.5,922.2,913.8,935.6,930.2,1003.6,0.2,22.6
2025-04-23 14:29:15,915.7,896.1,919.7,909.3,915.4,907.9,913.7,921.6,914.0,935.7,930.0,1000.6,0.2,22.6
2025-04-23 14:29:20,915.7,895.7,920.1,908.7,914.6,906.0,913.7,920.9,914.4,935.2,930.8,1001.0,0.2,22.6
2025-04-23 14:29:25,915.4,895.6,919.5,908.4,913.6,906.4,913.6,921.1,914.2,935.5,929.7,995.3,0.1,22.6
2025-04-23 14:29:30,915.0,895.5,919.1,908.8,913.6,906.9,913.4,921.0,913.9,934.9,929.5,1009.4,0.1,22.7
2025-04-23 14:29:35,914.3,895.3,919.5,908.5,913.6,907.1,913.8,920.9,913.9,934.7,929.6,1009.2,0.0,22.7
2025-04-23 14:29:40,915.0,895.1,918.7,908.8,913.8,907.1,914.4,921.5,914.1,934.6,928.9,1009.4,0.0,22.7
2025-04-23 14:29:45,915.0,895.4,918.3,908.8,913.2,907.4,914.9,922.0,913.8,934.1,928.8,1009.8,0.0,22.7
2025-04-23 14:29:50,914.9,895.4,918.2,909.0,913.3,907.1,914.2,922.0,913.6,934.2,929.1,1010.0,0.0,22.7
2025-04-23 14:29:55,915.6,896.3,919.1,909.4,913.5,908.0,914.1,921.8,913.8,934.5,929.6,1010.6,0.0,22.8
2025-04-23 14:30:00,915.4,896.1,919.2,908.9,913.3,908.2,913.9,921.5,914.2,934.4,929.2,1010.8,0.6,22.8
2025-04-23 14:30:05,916.2,896.0,920.0,908.9,913.5,908.3,914.1,921.8,914.3,934.0,928.9,1010.6,1.4,22.8
2025-04-23 14:30:10,915.9,896.6,920.3,909.0,914.1,907.9,914.7,921.7,914.8,933.5,928.6,1010.6,1.7,22.8
2025-04-23 14:30:15,916.0,897.1,919.9,909.1,914.0,908.0,914.9,922.3,915.6,933.1,928.5,1010.8,1.7,22.8
2025-04-23 14:30:20,915.9,896.9,920.4,909.0,914.5,909.4,914.9,922.0,915.5,933.1,928.8,1010.6,1.7,22.8
2025-04-23 14:30:25,916.0,897.2,920.7,909.2,914.8,909.1,915.2,922.2,915.2,933.4,929.0,1010.4,1.9,22.8
2025-04-23 14:30:30,916.2,897.3,921.6,909.4,915.0,908.7,915.7,922.1,915.3,933.5,929.3,1010.4,2.0,22.8
2025-04-23 14:30:35,916.5,897.1,921.6,909.4,915.9,908.5,915.9,922.2,914.8,934.0,929.7,1009.8,1.9,22.8
2025-04-23 14:30:40,916.2,897.5,922.0,909.4,916.7,909.0,915.9,922.5,914.2,934.5,930.2,1009.4,2.1,22.8
2025-04-23 14:30:45,916.0,897.6,922.1,909.3,916.6,908.8,917.4,922.0,914.6,934.4,930.5,1009.2,3.5,22.8
2025-04-23 14:30:50,915.7,898.1,922.3,909.0,915.8,908.7,916.3,922.0,914.7,934.4,930.1,1008.6,3.0,22.8
2025-04-23 14:30:55,916.2,899.3,921.6,909.2,914.9,908.9,915.8,922.4,914.6,934.2,929.6,1008.6,2.7,22.7
2025-04-23 14:31:00,915.6,898.6,920.5,909.1,914.8,908.0,915.2,922.2,914.6,933.9,929.3,1008.2,2.7,22.7
2025-04-23 14:31:05,915.5,898.5,920.9,908.9,914.5,908.1,914.4,921.9,913.6,933.6,928.9,1007.0,2.9,22.7
2025-04-23 14:31:10,915.8,898.5,921.6,909.2,914.3,908.3,914.5,922.7,914.3,933.4,928.6,1005.8,2.9,22.6
2025-04-23 14:31:15,916.1,898.4,921.6,909.2,914.1,909.3,914.6,923.0,914.2,933.5,928.3,1005.4,2.1,22.6
2025-04-23 14:31:20,916.1,897.8,921.0,910.7,915.1,909.3,914.6,922.7,914.1,933.2,928.2,1005.4,2.1,22.6
2025-04-23 14:31:25,916.8,896.9,921.1,911.0,915.0,909.4,914.4,922.9,914.4,933.0,928.1,1005.6,2.6,22.6
2025-04-23 14:31:30,916.9,897.2,921.2,910.9,915.0,909.4,914.5,923.0,914.0,932.9,928.1,1005.4,2.6,22.6
2025-04-23 14:31:35,916.5,897.5,920.7,910.8,914.5,909.3,914.5,922.4,914.1,932.9,928.2,1005.2,2.4,22.6
2025-04-23 14:31:40,916.3,897.9,920.7,910.5,914.4,909.0,915.8,921.8,913.9,933.2,928.3,1005.0,2.3,22.6
2025-04-23 14:31:45,916.7,898.2,921.4,910.3,914.6,907.9,915.7,921.4,914.2,933.1,928.2,1004.8,2.0,22.6
2025-04-23 14:31:50,916.7,898.4,921.4,910.1,914.8,908.4,916.1,921.4,914.0,933.3,927.6,1004.0,1.9,22.6
2025-04-23 14:31:55,916.8,898.0,921.2,909.7,915.1,908.2,915.8,920.9,914.4,933.3,928.0,1004.0,1.5,22.6
2025-04-23 14:32:00,916.9,898.0,921.3,909.9,915.2,907.9,915.6,920.6,914.7,933.3,928.2,1003.8,1.3,22.6
2025-04-23 14:32:05,916.7,898.0,921.5,909.4,914.8,907.7,915.3,920.4,914.4,933.9,928.1,1004.0,1.2,22.6
2025-04-23 14:32:10,916.5,898.4,921.6,910.6,914.5,907.6,915.1,920.7,913.8,934.0,928.2,1004.2,1.0,22.6
2025-04-23 14:32:15,916.3,898.9,921.6,910.1,914.3,907.7,914.8,921.1,913.5,933.9,928.3,1004.0,0.9,22.6
2025-04-23 14:32:20,915.8,899.6,921.5,909.9,915.9,907.4,914.5,921.6,913.6,934.1,928.0,1003.4,0.8,22.5
2025-04-23 14:32:25,916.2,900.0,921.4,911.6,916.5,907.7,915.1,922.4,913.5,934.1,928.2,1003.6,0.9,22.6
2025-04-23 14:32:30,916.2,901.1,921.7,910.9,916.4,908.1,914.9,923.4,913.7,934.5,928.5,1005.4,0.8,22.6
2025-04-23 14:32:35,915.7,899.9,922.0,911.3,915.4,908.3,915.0,923.0,913.7,934.6,929.3,1005.0,1.2,22.6
2025-04-23 14:32:40,915.7,899.1,921.7,911.1,916.0,908.1,915.2,923.6,913.8,934.4,928.7,1004.2,1.4,22.6
2025-04-23 14:32:45,916.1,898.2,921.6,910.7,915.8,908.3,915.5,923.6,913.8,934.8,928.4,1004.4,1.5,22.6
2025-04-23 14:32:50,915.5,898.8,921.6,909.4,915.5,907.8,915.6,922.7,913.4,934.2,928.9,1003.6,2.4,22.6
2025-04-23 14:32:55,915.4,898.5,921.1,910.4,915.9,906.8,915.5,922.6,913.3,934.0,928.1,1003.6,2.4,22.6
2025-04-23 14:33:00,915.6,898.4,920.9,910.6,915.6,906.4,915.4,922.6,913.4,934.0,928.2,1003.0,2.4,22.6
2025-04-23 14:33:05,915.7,898.1,920.7,910.7,916.3,906.3,915.2,922.2,912.9,932.6,927.5,1002.8,2.0,22.7
2025-04-23 14:33:10,916.0,897.6,920.6,910.5,915.2,906.3,915.1,921.8,912.8,932.5,927.0,1002.8,2.0,22.7
2025-04-23 14:33:15,915.2,897.7,920.8,910.1,915.3,906.7,915.3,921.7,911.5,932.5,926.9,1002.8,2.2,22.7
2025-04-23 14:33:20,915.3,897.7,920.8,909.9,915.4,906.4,914.8,921.9,911.7,932.5,927.7,1002.8,1.8,22.7
2025-04-23 14:33:25,915.4,897.1,920.4,909.6,915.1,906.3,915.3,921.4,911.9,932.6,926.5,1002.6,1.8,22.7
2025-04-23 14:33:30,915.0,897.1,920.4,909.4,914.9,906.3,915.3,921.5,913.3,932.3,926.7,1002.2,2.2,22.7
2025-04-23 14:33:35,915.3,897.2,920.5,909.1,915.2,905.8,915.9,920.8,912.6,932.5,926.3,1001.6,2.4,22.7
2025-04-23 14:33:40,915.2,896.5,920.7,908.9,915.0,906.4,916.1,921.7,912.2,932.0,926.8,1001.4,2.3,22.8
2025-04-23 14:33:45,915.5,896.1,920.4,908.5,915.3,906.1,916.5,920.0,912.0,932.6,927.2,1001.2,2.5,22.8
2025-04-23 14:33:50,915.5,896.5,920.1,908.5,915.5,905.1,916.1,920.3,912.6,932.7,927.1,1001.4,2.4,22.8
2025-04-23 14:33:55,915.5,896.5,919.9,907.9,915.6,905.3,917.0,920.6,912.4,932.7,927.0,1002.4,2.0,22.8
2025-04-23 14:34:00,915.2,897.2,919.4,908.2,915.6,905.0,914.9,921.0,912.1,932.7,927.2,1001.8,2.0,22.8
2025-04-23 14:34:05,914.8,897.1,919.3,908.5,915.4,904.8,914.1,921.0,912.4,932.2,926.4,1001.4,1.7,22.8
2025-04-23 14:34:10,914.9,896.8,919.6,908.2,915.7,904.4,914.5,920.4,911.8,932.5,926.3,1001.2,1.4,22.9
2025-04-23 14:34:15,915.1,896.6,919.4,908.0,915.3,904.4,914.2,920.2,911.7,932.3,926.0,1001.0,1.8,22.8
2025-04-23 14:34:20,915.9,895.4,919.6,908.5,915.1,904.5,913.6,920.0,911.7,931.9,926.2,1001.2,2.1,22.9
2025-04-23 14:34:25,915.7,894.7,919.6,908.1,914.9,905.2,913.8,920.0,911.6,932.1,926.1,1001.6,1.9,22.8
2025-04-23 14:34:30,915.9,895.1,919.4,907.7,915.0,905.3,914.3,920.4,911.8,932.2,926.6,1001.6,1.5,22.8
2025-04-23 14:34:35,916.6,895.9,919.8,907.7,914.8,906.2,913.8,920.1,911.9,931.5,926.1,1002.2,1.2,22.8
2025-04-23 14:34:40,916.4,895.9,919.7,908.0,915.2,906.5,914.3,920.2,911.5,931.5,926.3,1002.0,1.2,22.9
2025-04-23 14:34:45,916.7,895.5,920.2,907.7,915.1,906.1,914.6,920.2,911.0,932.0,926.3,1002.8,1.5,22.9
2025-04-23 14:34:50,916.5,896.3,920.4,907.7,915.7,906.4,915.2,921.1,911.3,932.3,926.2,1003.0,1.7,22.9
2025-04-23 14:34:55,916.5,897.4,920.3,907.7,915.5,906.4,915.5,921.4,911.2,932.5,926.6,1003.2,1.9,22.9
2025-04-23 14:35:00,916.6,896.9,920.5,908.5,916.0,906.2,915.4,921.9,910.1,932.3,927.0,1002.8,2.0,22.8
2025-04-23 14:35:05,916.9,896.5,920.7,909.1,916.3,905.6,915.4,921.1,910.7,932.6,926.9,1003.2,1.9,22.9
2025-04-23 14:35:10,917.0,896.0,920.5,909.6,916.6,904.7,915.4,920.9,910.6,933.2,926.6,1003.4,1.9,22.9
2025-04-23 14:35:15,917.0,896.8,920.9,909.8,916.7,904.3,915.5,921.0,910.9,933.0,927.5,1003.0,1.8,22.9
2025-04-23 14:35:20,916.8,896.7,921.0,909.6,917.3,904.2,915.3,920.4,911.5,932.8,927.6,1005.0,1.7,22.9
2025-04-23 14:35:25,917.1,896.4,920.0,909.5,916.5,904.9,916.3,920.5,912.2,933.1,928.0,1004.8,1.5,22.9
2025-04-23 14:35:30,916.8,896.3,920.1,909.3,916.4,906.2,916.0,920.8,911.9,933.1,927.9,1005.0,1.3,22.9
2025-04-23 14:35:35,916.8,896.3,920.5,909.1,916.3,906.4,916.4,920.8,912.1,933.3,927.8,1005.0,1.2,22.9
2025-04-23 14:35:40,916.1,896.3,920.6,909.2,915.8,905.7,915.7,921.1,913.0,933.0,927.9,1004.6,0.9,22.9
2025-04-23 14:35:45,915.9,896.4,921.0,909.0,915.9,904.3,903.2,921.3,913.1,933.2,928.0,1003.6,0.8,22.9
2025-04-23 14:35:50,915.4,895.8,920.6,909.3,916.6,905.3,862.6,921.7,913.5,933.1,928.0,1004.0,0.8,22.9
2025-04-23 14:35:55,915.4,895.6,920.9,908.8,916.3,905.2,908.0,921.7,913.5,932.9,928.1,1003.8,0.7,22.9
2025-04-23 14:36:00,915.4,895.5,921.1,908.5,916.6,905.1,915.5,921.9,913.6,933.3,928.1,1003.8,0.7,22.9
2025-04-23 14:36:05,915.2,894.4,920.9,907.5,916.6,904.7,915.2,922.3,913.4,933.3,928.1,1003.6,0.7,22.9
2025-04-23 14:36:10,915.6,894.7,921.1,907.7,915.9,904.7,907.6,921.7,913.5,933.6,928.3,1003.4,0.7,22.9
2025-04-23 14:36:15,915.6,894.8,921.4,908.1,915.8,905.3,890.6,921.3,913.5,933.4,928.2,1004.2,0.6,22.9
2025-04-23 14:36:20,916.0,895.2,921.3,908.1,916.8,905.2,893.6,921.0,913.5,933.2,928.2,1003.0,0.5,22.9
2025-04-23 14:36:25,915.9,895.7,920.5,907.9,916.4,905.1,851.0,921.3,913.1,933.5,928.1,1003.6,0.4,22.9
2025-04-23 14:36:30,916.4,896.6,920.3,908.1,916.2,905.5,910.6,922.1,913.7,933.7,929.4,1002.2,0.3,23.0
2025-04-23 14:36:35,916.0,896.8,920.6,908.3,916.2,905.5,898.1,922.2,913.5,934.1,928.9,1001.6,0.3,23.0
2025-04-23 14:36:40,915.5,896.1,920.4,908.5,916.4,905.4,905.3,922.3,913.2,933.9,928.3,1001.4,0.4,23.0
2025-04-23 14:36:45,915.1,896.0,920.1,907.5,916.2,906.0,912.1,921.9,912.7,933.3,928.5,1001.2,0.5,23.0
2025-04-23 14:36:50,915.0,896.5,919.5,908.0,915.9,905.7,912.8,922.0,912.5,933.6,928.5,1001.0,0.8,23.0
2025-04-23 14:36:55,913.9,897.4,918.8,908.2,916.1,905.4,912.7,921.8,912.7,933.4,928.5,1000.6,0.8,23.0
2025-04-23 14:37:00,913.0,897.6,918.5,909.3,915.3,905.5,912.2,921.2,912.4,933.7,928.5,1000.2,0.7,23.0
2025-04-23 14:37:05,913.2,898.1,918.5,908.8,915.2,905.4,911.8,921.3,912.2,933.2,927.9,999.4,0.9,23.0
2025-04-23 14:37:10,913.3,897.3,918.9,907.3,914.9,904.9,910.5,921.0,912.4,932.6,927.1,998.8,1.0,23.0
2025-04-23 14:37:15,913.6,896.5,919.4,906.3,913.9,904.3,910.3,920.7,911.3,932.0,926.2,998.5,1.0,23.0
2025-04-23 14:37:20,913.9,896.1,919.0,906.6,913.8,903.8,909.7,919.8,910.8,931.3,925.6,998.2,1.0,23.0
2025-04-23 14:37:25,914.5,894.9,918.3,906.9,913.6,903.7,909.5,918.8,910.0,930.9,925.5,998.9,1.1,23.0
2025-04-23 14:37:30,914.4,895.1,918.4,906.6,913.6,903.3,909.2,918.8,908.9,930.5,925.4,998.6,1.1,23.0
2025-04-23 14:37:35,914.6,895.2,918.2,905.4,913.3,902.9,906.0,919.0,908.4,930.2,925.3,997.4,1.2,23.0
2025-04-23 14:37:40,914.6,895.2,918.5,906.5,913.3,902.6,905.9,919.3,908.5,930.1,924.9,997.6,1.1,23.0
2025-04-23 14:37:45,913.8,895.3,917.9,907.1,913.3,903.2,908.6,919.5,908.5,930.1,924.8,997.7,1.0,23.0
2025-04-23 14:37:50,913.7,895.0,917.2,907.5,913.4,904.4,909.3,919.8,909.2,930.1,924.8,998.5,0.8,23.0
2025-04-23 14:37:55,913.3,895.0,918.1,908.2,913.8,904.7,909.7,920.2,910.2,930.2,924.8,998.9,0.7,23.0
2025-04-23 14:38:00,912.7,895.4,918.4,908.4,914.0,905.9,910.6,920.5,910.8,930.0,924.5,999.7,0.9,23.0
2025-04-23 14:38:05,912.4,894.8,918.5,908.2,913.5,905.8,903.7,921.5,910.9,930.2,924.7,998.8,2.2,23.0
2025-04-23 14:38:10,913.3,894.4,918.2,908.4,913.2,905.3,903.6,921.1,911.0,930.2,924.2,997.4,2.1,23.0
2025-04-23 14:38:15,913.2,892.7,917.8,907.3,912.5,905.0,903.0,920.5,911.0,929.8,924.2,996.8,1.7,23.0
2025-04-23 14:38:20,912.1,892.2,916.7,906.4,911.8,904.3,903.1,919.6,909.8,929.9,924.4,996.8,1.5,23.0
2025-04-23 14:38:25,912.4,892.0,916.7,905.9,912.0,902.9,902.9,919.2,909.6,929.9,924.1,996.0,1.7,22.9
2025-04-23 14:38:30,912.5,891.7,916.6,905.3,911.5,902.4,902.6,918.6,909.0,929.4,923.7,994.6,2.1,22.9
2025-04-23 14:38:35,912.2,891.6,916.1,905.4,911.4,902.1,902.2,918.1,908.3,929.2,923.6,994.1,2.1,22.9
2025-04-23 14:38:40,911.8,892.1,916.0,905.7,911.8,902.2,902.2,917.9,907.6,928.9,923.4,993.4,2.2,22.9
2025-04-23 14:38:45,911.5,892.5,915.9,905.9,912.0,902.7,902.2,917.6,907.3,929.0,923.5,992.9,2.2,23.0
2025-04-23 14:38:50,911.0,892.7,915.5,906.1,911.8,902.8,908.1,917.4,907.0,929.1,923.5,992.3,2.0,22.9
2025-04-23 14:38:55,910.9,892.3,915.2,905.8,911.2,902.7,909.1,917.3,906.5,928.9,923.2,992.0,2.1,22.9
2025-04-23 14:39:00,910.8,892.8,914.6,905.4,910.7,902.6,909.7,917.2,906.8,928.3,923.2,991.1,1.9,22.9
2025-04-23 14:39:05,910.8,893.0,914.7,905.3,910.5,902.2,901.3,917.0,906.5,928.5,923.0,990.8,1.7,22.9
2025-04-23 14:39:10,910.7,893.3,914.8,905.1,910.0,901.8,896.5,917.5,906.9,928.1,922.8,990.8,1.5,22.9
2025-04-23 14:39:15,910.6,893.9,914.6,905.0,910.2,901.3,895.4,917.3,907.1,928.1,922.9,990.9,1.4,22.9
2025-04-23 14:39:20,910.2,894.3,914.6,904.8,910.1,901.2,895.3,916.8,907.6,927.9,922.7,990.2,1.2,22.9
2025-04-23 14:39:25,909.9,894.8,914.8,904.9,909.9,901.5,894.5,917.1,907.6,927.9,922.7,989.9,1.0,22.9
2025-04-23 14:39:30,909.6,895.0,915.5,905.4,909.5,901.9,893.2,916.9,907.5,927.8,922.4,989.7,1.1,22.9
2025-04-23 14:39:35,909.6,895.2,915.7,906.1,909.2,902.1,890.9,916.6,907.2,927.3,922.2,989.1,1.3,22.9
2025-04-23 14:39:40,909.8,895.5,915.6,906.1,909.4,902.5,876.1,916.4,906.9,927.0,921.9,989.0,1.6,22.9
2025-04-23 14:39:45,909.7,895.3,915.3,904.8,909.4,902.2,876.5,916.5,906.7,927.3,922.0,989.4,1.9,22.9
2025-04-23 14:39:50,910.1,895.5,914.6,904.9,908.9,901.9,875.4,916.8,906.1,927.5,922.2,989.6,2.1,22.9
2025-04-23 14:39:55,910.8,895.5,914.2,905.0,909.0,901.7,874.0,916.8,905.8,926.6,921.4,989.5,1.7,22.9
2025-04-23 14:40:00,910.8,895.6,913.9,904.9,909.2,901.1,873.6,916.2,906.0,926.7,921.0,989.5,1.9,22.9
2025-04-23 14:40:05,911.5,896.1,914.0,905.3,909.4,901.6,855.4,915.4,906.1,926.5,921.1,989.4,2.0,22.8
2025-04-23 14:40:10,911.8,896.2,915.6,905.8,909.3,901.3,859.0,916.5,906.0,926.2,921.4,989.2,2.0,22.8
2025-04-23 14:40:15,912.0,896.0,916.0,906.4,909.5,901.9,859.5,916.7,906.1,926.7,921.6,989.4,1.7,22.8
2025-04-23 14:40:20,911.8,896.3,916.0,906.0,909.9,902.4,859.8,917.6,906.8,926.8,921.8,989.4,1.6,22.8
2025-04-23 14:40:25,911.4,896.7,916.1,906.5,910.6,902.4,860.0,918.1,907.1,927.1,922.6,990.6,2.0,22.8
2025-04-23 14:40:30,912.0,896.9,916.3,906.7,910.9,903.0,860.1,918.1,907.4,927.7,923.1,990.4,2.4,22.8
2025-04-23 14:40:35,912.2,897.7,916.2,906.7,911.1,903.0,860.2,917.9,907.6,927.9,923.1,990.7,2.4,22.8
2025-04-23 14:40:40,912.5,897.7,916.2,906.2,910.8,903.3,862.6,918.0,907.1,928.0,923.3,991.6,2.1,22.7
2025-04-23 14:40:45,912.5,896.3,916.5,907.6,910.7,903.1,902.3,917.9,907.1,927.9,923.3,991.2,1.9,22.7
2025-04-23 14:40:50,912.6,895.9,916.3,907.7,910.2,902.6,905.2,918.1,907.4,928.0,923.4,991.4,1.4,22.7
2025-04-23 14:40:55,912.1,895.4,916.2,907.8,910.1,902.5,860.0,918.8,907.7,928.6,923.8,992.0,1.4,22.7
2025-04-23 14:41:00,912.1,895.6,915.9,907.7,910.1,902.4,864.7,918.3,908.1,928.6,923.5,990.9,1.2,22.7
2025-04-23 14:41:05,912.0,896.4,914.8,907.1,909.9,902.8,863.8,918.6,908.6,928.5,923.3,990.5,1.3,22.7
2025-04-23 14:41:10,911.8,896.3,914.6,906.9,909.5,902.5,906.0,918.2,908.9,928.4,923.2,990.9,1.3,22.7
2025-04-23 14:41:15,911.9,895.8,914.3,907.2,909.5,903.1,908.8,919.3,908.5,928.4,923.5,991.4,1.4,22.7
2025-04-23 14:41:20,912.2,896.0,914.6,906.8,909.9,903.4,909.6,919.6,908.6,928.3,923.3,991.7,1.2,22.8
2025-04-23 14:41:25,912.0,896.3,915.2,907.0,910.1,904.9,910.3,919.6,909.6,928.2,923.4,991.3,1.5,22.8
2025-04-23 14:41:30,912.0,896.0,915.4,907.7,910.2,905.2,911.2,919.5,909.6,928.2,923.5,991.9,2.1,22.8
2025-04-23 14:41:35,912.0,896.0,915.1,908.1,910.2,905.1,911.3,919.8,909.3,928.1,923.5,992.7,2.0,22.8
2025-04-23 14:41:40,911.8,895.9,915.1,908.2,910.6,905.0,911.6,919.3,909.3,928.3,923.9,992.2,2.7,22.8
2025-04-23 14:41:45,912.1,895.6,915.0,907.6,911.0,904.5,911.8,918.8,908.7,927.9,923.5,991.0,2.5,22.8
2025-04-23 14:41:50,912.2,894.7,915.1,906.9,910.9,903.6,911.6,918.7,909.1,928.0,923.5,990.5,2.1,22.8
2025-04-23 14:41:55,912.0,894.6,915.2,906.7,911.2,902.7,911.6,918.8,908.9,928.0,923.7,990.6,1.7,22.9
2025-04-23 14:42:00,912.0,894.5,915.4,906.2,911.5,902.2,911.7,918.3,908.6,927.9,923.5,990.1,1.4,22.9
2025-04-23 14:42:05,912.1,894.9,915.5,906.1,911.2,902.2,911.8,917.9,908.2,928.1,923.7,989.4,1.7,22.9
2025-04-23 14:42:10,912.5,895.1,915.7,906.0,911.6,901.9,911.9,917.4,908.2,928.3,924.0,989.3,1.8,22.9
2025-04-23 14:42:15,913.3,895.4,915.8,905.6,911.0,901.9,911.8,917.2,907.8,928.5,924.2,989.5,1.9,22.9
2025-04-23 14:42:20,913.0,896.2,916.0,905.1,910.7,901.9,911.6,916.6,907.6,928.8,924.2,989.6,1.6,22.9
2025-04-23 14:42:25,913.1,897.2,916.1,905.7,910.3,901.7,911.9,916.8,907.8,928.5,924.0,989.7,1.4,22.9
2025-04-23 14:42:30,913.1,897.3,916.3,906.4,910.2,901.3,911.9,916.9,907.7,928.6,924.1,989.6,1.3,22.9
2025-04-23 14:42:35,913.2,895.8,915.7,906.7,910.0,901.9,912.4,917.5,907.5,928.4,923.9,989.9,1.6,22.9
2025-04-23 14:42:40,912.7,896.0,916.0,906.7,910.4,902.2,913.6,917.9,907.6,928.5,924.1,989.7,1.5,22.9
2025-04-23 14:42:45,912.1,895.2,916.1,906.4,910.3,902.4,914.2,918.5,908.2,928.8,924.3,989.8,1.3,22.9
2025-04-23 14:42:50,912.3,895.0,916.0,906.0,910.8,902.2,914.2,918.3,908.9,928.9,924.6,990.0,1.5,22.9
2025-04-23 14:42:55,912.9,895.2,916.1,906.3,910.5,902.3,914.3,918.4,908.9,929.0,924.5,990.3,1.8,22.9
2025-04-23 14:43:00,913.2,895.9,916.7,906.8,910.8,902.6,914.7,918.7,908.8,928.6,924.5,990.6,2.3,22.9
2025-04-23 14:43:05,913.1,896.5,917.5,906.8,911.9,903.0,913.8,918.5,908.9,929.1,924.7,990.6,2.6,22.9
2025-04-23 14:43:10,913.1,896.2,918.4,906.8,912.2,903.5,913.0,918.8,909.5,929.3,925.0,990.4,2.8,22.9
2025-04-23 14:43:15,913.3,895.2,918.6,906.1,912.1,903.2,913.4,919.4,909.6,929.5,925.2,990.3,2.9,22.9
2025-04-23 14:43:20,913.8,895.2,918.3,906.0,911.2,903.1,914.6,919.6,909.2,929.7,925.3,990.5,2.4,22.8
2025-04-23 14:43:25,913.8,894.8,918.7,906.2,911.5,903.1,914.9,919.4,909.4,929.7,925.3,991.0,2.4,22.8
2025-04-23 14:43:30,913.2,894.5,918.2,906.0,911.6,902.8,914.9,919.1,909.7,929.4,925.3,990.7,2.1,22.8
2025-04-23 14:43:35,913.2,894.4,917.8,906.9,911.6,903.5,913.9,918.8,909.7,929.8,925.5,990.5,2.1,22.8
2025-04-23 14:43:40,913.2,893.8,917.4,906.4,911.2,903.1,914.0,919.0,909.5,929.7,925.4,990.3,2.2,22.7
2025-04-23 14:43:45,913.0,893.9,917.4,906.7,910.9,902.7,913.8,918.6,908.7,929.6,925.0,990.2,2.1,22.7
2025-04-23 14:43:50,913.5,894.4,917.4,906.6,910.8,903.2,913.7,918.8,908.3,929.4,925.0,989.8,2.1,22.7
2025-04-23 14:43:55,913.4,895.2,916.8,906.5,910.8,903.7,913.1,918.0,908.1,929.3,924.8,989.2,1.8,22.7
2025-04-23 14:44:00,913.0,895.1,916.9,906.6,911.9,903.6,912.9,918.0,907.5,929.1,924.8,988.9,1.8,22.7
2025-04-23 14:44:05,912.7,895.6,917.1,906.8,912.1,904.1,912.5,918.1,907.9,928.9,924.6,988.8,1.8,22.7
2025-04-23 14:44:10,913.1,896.0,917.5,907.2,911.6,903.8,913.1,918.2,907.8,928.9,924.7,988.7,1.9,22.7
2025-04-23 14:44:15,912.9,895.9,917.3,907.2,911.9,904.4,912.9,918.1,907.8,929.2,925.0,988.8,1.8,22.7
2025-04-23 14:44:20,913.0,895.2,916.9,906.6,911.5,903.8,913.3,918.2,907.9,929.2,925.1,988.2,1.9,22.7
2025-04-23 14:44:25,913.8,896.8,917.5,906.7,911.7,903.5,913.6,918.1,908.0,929.2,925.1,988.1,1.8,22.7
2025-04-23 14:44:30,914.3,896.7,918.0,906.6,911.8,903.3,914.0,918.2,908.0,929.2,925.0,989.2,1.7,22.7
2025-04-23 14:44:35,914.2,896.3,918.2,906.4,911.8,903.4,913.6,917.9,908.1,929.6,925.5,989.3,1.9,22.7
2025-04-23 14:44:40,915.4,895.9,918.8,906.6,912.3,903.5,913.8,917.7,908.3,929.5,925.6,989.4,1.6,22.7
2025-04-23 14:44:45,915.2,896.1,919.6,907.1,913.2,903.4,914.0,917.6,908.1,929.6,925.5,989.6,1.2,22.7
2025-04-23 14:44:50,915.0,896.0,919.5,907.3,913.5,903.2,914.9,918.7,907.9,929.8,926.4,989.1,1.3,22.7
2025-04-23 14:44:55,914.8,895.4,919.8,907.6,913.3,903.1,915.1,918.6,907.9,930.7,926.8,988.9,1.3,22.7
2025-04-23 14:45:00,914.5,895.2,919.2,907.9,913.1,903.7,916.0,919.0,908.4,931.1,927.4,988.9,1.6,22.7
2025-04-23 14:45:05,914.0,895.6,918.6,908.0,913.0,904.7,915.7,919.6,908.8,931.1,928.1,989.0,1.8,22.7
2025-04-23 14:45:10,913.6,895.6,918.0,909.0,912.4,904.2,914.5,919.9,909.1,931.6,928.1,988.8,1.6,22.7
2025-04-23 14:45:15,912.1,895.8,917.2,909.2,911.6,903.9,913.5,920.4,908.8,931.3,928.0,989.5,1.5,22.6
2025-04-23 14:45:20,912.0,895.8,916.4,909.7,910.9,903.9,908.2,919.0,909.9,931.3,927.3,989.1,1.3,22.6
2025-04-23 14:45:25,911.6,896.3,916.3,908.9,909.5,903.3,910.9,918.3,909.8,930.9,926.9,988.3,1.2,22.6
2025-04-23 14:45:30,911.9,895.6,915.8,907.5,909.4,902.5,910.7,918.7,908.9,930.5,926.3,987.8,1.1,22.6
2025-04-23 14:45:35,912.4,894.5,915.8,908.1,909.5,902.5,909.1,918.6,909.0,929.7,925.3,988.7,1.0,22.6
2025-04-23 14:45:40,912.9,894.3,916.2,908.3,910.1,903.4,909.1,918.5,908.4,928.6,924.6,988.2,0.7,22.6
2025-04-23 14:45:45,913.4,895.0,916.4,908.4,909.6,903.1,909.7,917.6,908.4,928.7,923.8,988.0,1.0,22.6
2025-04-23 14:45:50,913.7,894.8,916.0,908.4,909.4,902.8,911.0,918.3,908.0,928.6,924.5,987.8,1.2,22.7
2025-04-23 14:45:55,914.1,895.3,916.0,908.0,910.2,902.4,911.0,917.9,907.9,928.7,924.5,988.7,1.5,22.7
2025-04-23 14:46:00,913.8,896.9,916.4,908.3,911.2,902.3,910.6,918.1,908.1,928.8,924.8,989.9,1.8,22.7
2025-04-23 14:46:05,913.5,896.9,918.1,909.2,910.9,902.7,911.1,918.2,908.8,929.1,925.2,990.1,1.9,22.7
2025-04-23 14:46:10,912.9,896.8,917.9,908.9,911.1,903.0,911.2,917.9,909.1,929.7,925.8,990.1,1.7,22.7
2025-04-23 14:46:15,913.1,897.3,917.8,908.3,911.2,903.5,908.3,919.3,909.4,929.7,925.8,990.2,1.9,22.7
2025-04-23 14:46:20,913.4,896.0,918.0,908.1,911.0,903.8,910.8,919.6,909.2,930.0,925.8,990.6,1.4,22.8
2025-04-23 14:46:25,913.4,895.9,917.3,908.1,910.8,903.5,911.0,919.2,909.0,929.9,926.1,989.9,1.3,22.8
2025-04-23 14:46:30,912.7,895.9,916.4,908.0,910.1,903.6,910.0,919.1,908.9,929.6,925.2,989.8,1.0,22.8
2025-04-23 14:46:35,912.5,896.2,916.2,908.0,910.1,903.6,910.1,918.4,908.6,929.5,925.6,989.0,0.9,22.8
2025-04-23 14:46:40,912.3,895.9,916.0,908.2,910.3,903.3,910.1,918.1,908.6,929.5,925.0,988.9,0.7,22.8
2025-04-23 14:46:45,911.3,895.8,916.8,907.2,910.9,903.2,909.9,917.8,908.2,929.3,924.8,988.9,0.7,22.8
2025-04-23 14:46:50,911.0,896.7,916.9,907.1,911.2,903.3,911.1,918.0,908.0,928.9,924.9,988.8,0.8,22.8
2025-04-23 14:46:55,911.1,895.9,916.8,905.8,910.9,903.2,887.5,918.5,907.9,929.1,924.9,988.1,0.8,22.8
2025-04-23 14:47:00,910.8,895.5,916.8,905.6,910.2,902.9,886.8,918.0,907.8,928.6,924.6,987.4,1.0,22.9
2025-04-23 14:47:05,910.7,895.1,916.3,905.9,909.1,902.2,885.7,917.3,907.6,928.2,924.3,986.8,1.2,22.9
2025-04-23 14:47:10,911.0,893.9,916.0,905.2,908.4,901.2,884.7,916.2,907.1,927.7,923.9,986.0,1.3,22.9
2025-04-23 14:47:15,910.6,893.7,916.5,905.5,908.1,900.7,908.8,915.4,906.2,927.5,923.1,985.5,1.4,22.9
2025-04-23 14:47:20,909.8,892.8,916.2,905.4,908.2,900.6,908.2,915.4,906.2,926.9,922.7,985.5,1.3,22.9
2025-04-23 14:47:25,910.0,894.1,915.3,905.4,908.1,900.7,898.1,916.2,904.5,926.8,922.8,985.7,1.1,22.9
2025-04-23 14:47:30,910.0,893.4,913.9,904.9,907.8,900.9,909.2,915.6,904.8,927.0,923.2,985.4,1.0,22.9
2025-04-23 14:47:35,910.4,893.4,913.9,904.8,907.7,901.1,908.3,915.4,904.6,927.1,923.7,984.9,1.0,23.0
2025-04-23 14:47:40,911.5,893.6,914.0,904.7,907.6,901.0,892.5,915.1,905.0,927.2,923.9,984.6,0.9,23.0
2025-04-23 14:47:45,911.6,893.7,913.9,904.5,907.5,901.0,901.3,915.1,905.2,927.3,923.4,985.0,0.8,23.0
2025-04-23 14:47:50,911.6,895.5,914.1,904.3,908.0,901.8,900.8,915.1,905.1,926.9,923.2,985.3,0.7,23.0
2025-04-23 14:47:55,911.1,895.3,913.8,904.3,908.3,901.1,900.0,915.0,904.6,926.9,922.9,985.2,0.6,23.0
2025-04-23 14:48:00,910.6,895.9,913.9,904.4,907.9,900.4,899.9,915.0,904.1,926.6,922.8,983.8,0.7,23.0
2025-04-23 14:48:05,910.0,896.9,914.2,904.4,907.4,899.8,899.5,914.6,904.1,925.9,922.7,984.1,0.6,23.0
2025-04-23 14:48:10,909.9,897.6,914.0,904.5,907.1,899.5,907.7,914.8,904.0,925.9,922.8,984.2,0.5,23.0
2025-04-23 14:48:15,909.8,897.0,914.0,904.4,906.7,899.8,906.3,914.9,904.0,926.0,922.4,984.1,0.6,23.0
2025-04-23 14:48:20,909.5,896.2,914.0,904.8,906.6,900.1,907.6,915.0,903.8,925.7,921.5,983.2,0.6,23.0
2025-04-23 14:48:25,909.4,895.6,913.2,904.3,906.3,900.0,907.4,915.5,904.0,924.9,921.8,983.7,0.6,23.1
2025-04-23 14:48:30,909.1,895.1,912.9,904.8,905.4,899.9,908.0,915.4,904.6,924.7,921.3,983.2,0.8,23.1
2025-04-23 14:48:35,909.0,895.3,912.3,904.2,905.2,899.5,908.3,914.9,905.1,925.1,920.9,983.0,0.7,23.1
2025-04-23 14:48:40,908.7,894.9,912.2,904.2,904.8,899.3,903.7,914.2,905.2,924.7,920.7,982.6,0.6,23.1
2025-04-23 14:48:45,907.5,894.3,912.0,904.6,904.8,899.1,906.3,914.0,905.1,925.2,920.4,982.5,0.5,23.1
2025-04-23 14:48:50,907.5,894.4,911.9,903.6,905.0,898.9,905.5,914.2,904.4,924.5,920.7,982.0,0.4,23.1
2025-04-23 14:48:55,907.8,894.5,912.0,903.0,905.5,899.5,905.6,914.8,904.0,924.2,919.5,982.6,0.3,23.2
2025-04-23 14:49:00,908.4,894.2,911.7,903.1,905.3,898.6,905.7,915.4,903.6,923.6,920.3,982.0,0.2,23.2
2025-04-23 14:49:05,908.2,894.5,911.6,903.3,905.0,898.6,905.0,913.8,903.3,923.5,920.2,981.8,0.1,23.2
2025-04-23 14:49:10,907.6,894.5,910.9,903.5,904.6,898.8,905.0,913.6,902.0,923.5,919.9,982.1,0.1,23.2
2025-04-23 14:49:15,907.1,894.0,910.9,903.4,904.6,898.3,904.3,913.1,901.5,923.3,920.2,981.8,0.7,23.2
2025-04-23 14:49:20,906.8,893.1,910.4,901.2,904.7,898.0,903.5,911.6,900.9,923.5,919.8,981.8,1.2,23.2
2025-04-23 14:49:25,906.2,892.2,910.3,901.8,904.7,898.2,903.2,911.8,900.3,922.2,918.7,979.8,0.9,23.3
2025-04-23 14:49:30,906.4,891.5,910.1,900.9,904.6,897.4,904.0,911.7,900.3,922.7,917.1,979.7,0.8,23.3
2025-04-23 14:49:35,906.6,890.7,910.3,900.1,904.3,896.8,906.9,910.2,899.6,922.3,918.5,978.9,0.7,23.3
2025-04-23 14:49:40,906.2,890.9,910.7,900.5,905.3,896.2,906.1,909.4,898.7,922.2,919.4,978.5,1.0,23.3
2025-04-23 14:49:45,906.5,890.3,910.6,900.6,904.9,895.7,905.7,910.3,898.4,922.1,919.5,978.6,1.2,23.3
2025-04-23 14:49:50,906.8,890.0,911.0,901.1,904.5,895.4,905.7,910.4,898.1,921.9,919.2,978.2,1.2,23.4
2025-04-23 14:49:55,906.2,890.1,911.0,901.1,904.5,895.5,861.7,909.8,898.4,922.1,919.1,978.1,1.3,23.4
2025-04-23 14:50:00,907.0,889.9,910.7,901.0,904.1,895.3,903.6,910.2,898.7,923.1,919.5,979.0,1.3,23.4
2025-04-23 14:50:05,907.7,889.7,911.0,900.2,904.3,895.5,905.3,910.7,899.2,923.3,920.2,979.1,1.1,23.4
2025-04-23 14:50:10,907.1,889.6,911.9,901.1,904.1,895.4,905.0,910.9,899.0,922.8,920.3,978.6,1.0,23.4
2025-04-23 14:50:15,907.8,893.1,911.4,901.0,904.4,895.7,906.1,911.5,899.1,923.3,919.4,979.2,0.8,23.4
2025-04-23 14:50:20,908.4,893.2,911.9,901.8,904.4,896.9,903.5,911.7,899.5,923.1,919.5,979.1,0.8,23.5
2025-04-23 14:50:25,908.8,895.3,912.3,902.2,904.4,896.8,906.2,910.9,899.3,923.5,920.1,980.3,0.6,23.5
2025-04-23 14:50:30,908.4,894.3,912.9,902.5,904.2,897.7,906.4,911.5,899.1,923.2,920.4,979.7,0.5,23.5
2025-04-23 14:50:35,908.9,893.9,912.4,902.9,904.3,898.2,900.3,912.3,899.6,923.3,921.0,981.4,0.4,23.5
2025-04-23 14:50:40,908.6,893.5,912.4,903.6,904.5,898.0,907.2,912.2,900.8,924.4,921.6,980.5,0.3,23.5
2025-04-23 14:50:45,908.9,893.2,911.9,903.4,905.1,897.9,907.9,912.3,900.9,924.7,921.5,980.3,0.2,23.5
2025-04-23 14:50:50,908.8,893.5,911.7,903.3,905.3,897.0,907.7,912.7,901.2,926.3,921.9,979.9,0.1,23.5
2025-04-23 14:50:55,908.1,893.6,911.7,903.5,905.5,896.8,906.4,912.6,901.5,924.6,921.7,979.7,0.1,23.5
2025-04-23 14:51:00,907.8,895.1,911.9,903.7,905.1,896.6,904.9,913.5,901.2,924.5,922.3,980.3,0.5,23.5
2025-04-23 14:51:05,908.1,895.8,911.0,904.2,905.5,897.2,906.5,914.0,901.2,922.9,922.1,980.3,0.9,23.5
2025-04-23 14:51:10,908.2,895.3,911.7,904.8,905.8,897.1,907.0,914.5,901.3,924.1,921.8,980.6,1.0,23.5
2025-04-23 14:51:15,907.2,894.7,911.4,904.8,905.6,897.1,906.9,914.0,901.3,924.7,921.1,979.6,1.4,23.5
2025-04-23 14:51:20,907.0,894.5,911.5,904.6,905.1,897.1,907.0,913.7,901.3,924.8,921.8,979.3,1.7,23.5
2025-04-23 14:51:25,906.2,893.8,911.4,904.1,904.3,897.0,907.7,913.4,901.2,924.8,921.9,978.9,1.6,23.6
2025-04-23 14:51:30,906.5,893.0,911.2,903.7,904.0,896.6,907.1,913.0,900.9,924.8,922.1,978.8,1.6,23.6
2025-04-23 14:51:35,906.5,893.2,910.9,903.2,904.3,896.5,907.4,912.7,900.7,924.8,922.0,978.4,1.4,23.6
2025-04-23 14:51:40,905.9,892.8,910.9,902.9,904.3,896.5,906.7,912.7,900.8,924.8,921.9,978.2,1.3,23.6
2025-04-23 14:51:45,906.2,892.2,910.4,902.6,904.3,897.0,907.0,912.0,901.2,924.6,921.5,977.6,1.4,23.6
2025-04-23 14:51:50,906.0,891.5,910.1,902.3,903.7,895.8,907.0,912.0,900.6,923.9,921.4,977.7,1.6,23.6
2025-04-23 14:51:55,905.4,890.7,909.4,901.3,903.7,895.5,907.2,912.0,900.5,923.4,921.2,977.2,1.7,23.6
2025-04-23 14:52:00,905.5,890.5,909.4,901.2,903.3,894.6,906.7,912.0,900.4,923.2,921.1,976.8,1.6,23.6
2025-04-23 14:52:05,905.8,890.8,909.1,899.6,901.8,894.4,906.3,911.4,900.1,923.1,920.6,976.5,1.6,23.6
2025-04-23 14:52:10,906.5,891.1,909.4,899.9,902.4,894.1,905.0,909.4,899.3,923.1,919.7,976.6,1.5,23.6
2025-04-23 14:52:15,906.4,891.2,909.8,900.3,902.6,894.2,905.0,909.7,898.9,922.3,919.2,976.8,1.4,23.6
2025-04-23 14:52:20,905.3,890.7,910.0,899.8,903.1,894.0,905.3,909.9,899.0,922.3,919.5,976.7,1.3,23.6
2025-04-23 14:52:25,905.0,891.3,909.9,899.6,903.1,894.0,905.2,910.2,899.3,922.5,919.9,977.0,1.1,23.6
2025-04-23 14:52:30,905.0,891.7,909.1,899.5,902.8,894.0,905.4,910.3,899.2,922.9,920.1,977.2,1.1,23.6
2025-04-23 14:52:35,904.8,892.1,909.2,899.5,902.0,893.5,905.1,910.3,899.2,922.7,920.2,976.6,1.0,23.5
2025-04-23 14:52:40,904.7,891.7,909.1,899.0,901.8,893.3,905.4,910.1,899.3,922.6,919.0,976.1,0.9,23.5
2025-04-23 14:52:45,904.4,891.6,909.1,898.7,902.1,893.0,905.3,911.1,899.6,922.2,919.1,975.8,0.7,23.5
2025-04-23 14:52:50,904.8,891.1,908.9,899.0,902.3,893.1,905.6,911.5,899.5,921.8,919.1,976.3,0.6,23.5
2025-04-23 14:52:55,905.4,890.5,908.6,898.9,901.6,892.7,905.1,910.7,899.7,921.6,918.9,976.3,0.5,23.5
2025-04-23 14:53:00,905.7,891.1,908.8,898.6,902.3,892.7,904.1,910.7,900.4,921.2,917.9,976.3,0.3,23.5
2025-04-23 14:53:05,905.3,891.1,909.2,898.6,902.6,892.9,904.2,910.1,900.6,920.9,917.7,976.5,0.4,23.5
2025-04-23 14:53:10,905.3,892.6,908.9,898.6,903.1,893.3,904.0,910.3,899.5,920.8,917.6,976.3,0.5,23.5
2025-04-23 14:53:15,905.2,892.1,909.5,898.6,903.1,894.3,905.1,911.0,899.4,920.5,917.9,975.3,1.1,23.5
2025-04-23 14:53:20,905.1,892.3,909.5,899.1,903.4,894.0,905.7,911.6,899.5,921.2,918.4,977.1,1.8,23.5
2025-04-23 14:53:25,905.1,891.7,910.9,899.5,903.3,893.7,905.4,911.5,899.5,921.0,919.0,976.0,2.2,23.5
2025-04-23 14:53:30,904.4,891.0,910.3,899.7,903.6,893.6,906.6,911.0,899.7,921.4,919.0,975.1,2.9,23.5
2025-04-23 14:53:35,904.6,890.9,910.3,899.6,904.6,893.1,905.8,911.3,899.9,921.4,919.0,973.4,3.6,23.5
2025-04-23 14:53:40,904.5,891.3,910.0,898.7,904.6,893.2,905.7,910.4,899.5,921.3,919.0,973.8,3.2,23.4
2025-04-23 14:53:45,905.7,892.1,909.8,898.4,903.4,892.7,905.6,910.3,899.4,921.0,918.8,973.3,3.2,23.3
2025-04-23 14:53:50,905.1,891.8,909.3,898.4,903.0,892.3,905.6,909.8,898.7,921.1,918.3,972.6,2.8,23.3
2025-04-23 14:53:55,904.3,891.8,908.4,898.7,902.6,892.1,906.1,909.6,898.3,920.7,917.7,972.1,2.4,23.3
2025-04-23 14:54:00,902.9,891.7,908.0,898.8,903.0,892.3,905.5,909.5,898.3,920.5,917.8,971.2,2.2,23.3
2025-04-23 14:54:05,903.0,891.7,908.2,898.5,902.9,891.7,905.2,909.4,898.3,920.7,917.7,971.3,1.9,23.3
2025-04-23 14:54:10,902.8,891.5,907.2,897.0,902.7,891.8,904.4,909.3,898.5,920.6,917.1,971.6,1.9,23.3
2025-04-23 14:54:15,902.8,891.4,906.6,896.5,901.6,891.2,902.5,908.6,898.0,919.5,916.4,971.2,1.8,23.2
2025-04-23 14:54:20,902.6,890.0,907.0,897.7,901.6,890.9,903.2,908.0,897.6,919.1,915.6,970.9,1.4,23.3
2025-04-23 14:54:25,902.2,889.0,904.9,897.3,901.3,891.0,903.4,908.5,896.9,919.3,916.0,968.7,1.2,23.2
2025-04-23 14:54:30,902.1,889.2,905.7,897.0,900.7,890.9,903.3,908.1,897.3,919.0,916.2,969.6,1.1,23.2
2025-04-23 14:54:35,902.2,888.2,905.9,897.4,900.6,890.7,902.6,907.4,896.0,919.2,916.1,969.2,0.9,23.2
2025-04-23 14:54:40,901.7,888.0,905.3,897.3,900.2,889.9,901.8,907.3,896.3,918.9,916.1,967.7,0.8,23.2
2025-04-23 14:54:45,900.7,887.2,904.3,896.2,899.8,889.2,901.5,907.5,896.4,919.1,915.6,967.2,0.9,23.3
2025-04-23 14:54:50,900.1,886.8,903.1,896.1,898.9,888.3,901.2,907.1,895.9,918.7,915.2,966.8,1.0,23.3
2025-04-23 14:54:55,900.2,886.2,903.0,895.0,898.5,888.4,900.6,905.9,894.9,917.7,914.0,966.6,1.0,23.3
2025-04-23 14:55:00,901.3,887.1,903.4,894.5,898.6,887.6,900.0,905.6,893.5,916.9,913.0,966.9,0.9,23.3
2025-04-23 14:55:05,901.8,888.2,904.3,895.0,899.2,888.0,900.0,905.9,893.1,916.5,912.8,967.3,1.2,23.3
2025-04-23 14:55:10,902.0,887.8,904.8,895.2,900.6,889.4,900.8,907.6,894.5,917.0,913.2,967.6,1.5,23.3
2025-04-23 14:55:15,902.0,888.8,905.6,895.4,900.3,889.4,901.6,907.5,894.9,918.0,914.4,969.5,1.5,23.3
2025-04-23 14:55:20,902.6,889.2,905.8,896.4,901.2,889.4,902.5,908.5,895.2,917.9,914.3,969.0,1.9,23.3
2025-04-23 14:55:25,902.6,889.4,906.0,896.5,901.2,889.9,902.8,907.7,895.6,918.7,915.1,968.4,2.0,23.3
2025-04-23 14:55:30,903.4,889.5,906.4,896.8,901.8,890.4,902.8,907.9,895.5,918.0,914.9,970.6,2.2,23.4
2025-04-23 14:55:35,903.2,889.7,907.0,896.6,901.5,890.5,903.1,907.8,895.6,918.5,915.3,970.1,1.8,23.4
2025-04-23 14:55:40,903.3,889.3,906.0,897.1,901.9,890.6,903.2,908.0,897.0,919.1,915.8,969.8,2.1,23.4
2025-04-23 14:55:45,902.9,888.8,906.4,896.9,901.6,890.1,903.4,907.9,896.3,919.3,915.8,968.9,1.9,23.4
2025-04-23 14:55:50,902.7,888.4,905.8,896.8,901.3,890.7,903.6,907.9,896.7,919.5,916.3,968.8,1.6,23.4
2025-04-23 14:55:55,902.4,887.8,905.4,896.8,900.7,890.3,903.2,907.9,896.0,919.6,916.5,967.6,1.5,23.4
2025-04-23 14:56:00,901.8,887.2,905.5,897.4,900.1,890.0,902.6,907.5,896.3,919.6,916.1,967.2,1.5,23.4
2025-04-23 14:56:05,901.7,887.2,905.5,897.1,900.1,889.3,902.4,907.5,895.6,918.5,915.5,966.8,1.2,23.4
2025-04-23 14:56:10,901.8,887.3,904.8,897.0,899.8,888.7,901.6,907.1,895.5,918.5,915.2,966.6,1.2,23.4
2025-04-23 14:56:15,901.4,887.2,904.9,895.8,899.5,888.8,901.2,907.0,894.8,918.4,915.2,966.4,1.4,23.4
2025-04-23 14:56:20,901.0,887.1,905.0,896.0,898.7,888.5,901.3,906.8,894.7,918.1,914.9,966.5,1.1,23.4
2025-04-23 14:56:25,901.0,887.5,904.7,895.4,898.5,888.0,900.7,906.8,894.8,918.0,914.8,965.8,1.0,23.4
2025-04-23 14:56:30,900.6,886.5,904.3,894.6,898.3,888.5,900.6,906.5,894.6,917.5,914.3,964.7,0.8,23.4
2025-04-23 14:56:35,900.2,886.1,904.1,893.6,898.0,887.3,900.0,905.6,894.1,917.4,913.9,964.4,0.7,23.4
2025-04-23 14:56:40,899.7,886.2,903.9,893.4,897.6,886.4,899.6,904.6,893.0,916.9,913.4,963.5,0.8,23.4
2025-04-23 14:56:45,899.9,886.3,903.6,894.0,897.1,887.1,899.7,905.0,892.8,916.0,912.6,963.4,0.8,23.4
2025-04-23 14:56:50,901.4,886.2,903.2,894.3,897.5,887.8,899.0,906.0,893.3,915.1,912.3,964.0,1.2,23.5
2025-04-23 14:56:55,901.6,886.1,903.3,894.7,897.7,888.4,898.8,906.8,894.0,915.0,912.4,965.8,1.5,23.4
2025-04-23 14:57:00,901.5,886.4,903.7,895.5,898.6,889.5,899.3,906.6,894.5,915.0,912.4,966.2,2.2,23.4
2025-04-23 14:57:05,901.4,886.7,903.9,896.1,899.1,889.4,900.0,906.8,894.4,915.8,912.8,966.3,2.7,23.4
2025-04-23 14:57:10,901.2,887.2,903.9,896.6,899.1,889.6,901.5,907.1,894.2,916.2,913.4,966.2,3.1,23.4
2025-04-23 14:57:15,901.3,886.6,905.6,896.9,899.0,889.9,901.6,907.6,894.5,916.4,913.6,966.4,3.0,23.3
2025-04-23 14:57:20,901.4,887.1,906.8,896.7,900.5,889.5,901.1,907.2,894.5,916.4,914.2,966.1,2.8,23.3
2025-04-23 14:57:25,901.7,887.4,907.1,896.7,900.2,889.6,901.1,907.8,894.0,916.8,914.3,966.7,3.1,23.3
2025-04-23 14:57:30,901.4,888.6,906.8,896.5,900.2,889.4,901.2,907.5,893.7,916.8,914.5,967.1,3.3,23.3
2025-04-23 14:57:35,902.4,889.8,906.1,896.2,900.5,889.2,901.3,907.3,894.2,917.1,914.8,966.3,2.9,23.2
2025-04-23 14:57:40,902.4,889.3,905.0,896.3,900.3,889.6,901.0,907.2,894.1,917.2,915.0,965.8,2.6,23.2
2025-04-23 14:57:45,902.3,888.6,904.9,896.6,900.0,889.6,900.7,907.1,894.0,917.4,915.3,964.7,1.9,23.1
2025-04-23 14:57:50,902.3,888.7,905.7,897.1,899.6,889.7,900.8,906.6,893.8,917.0,914.7,964.9,1.5,23.1
2025-04-23 14:57:55,902.7,888.8,905.5,896.8,899.3,889.8,900.9,907.3,893.6,917.0,914.8,965.1,2.3,23.1
2025-04-23 14:58:00,902.1,888.9,905.6,897.0,899.0,889.4,900.8,906.7,893.4,917.0,915.1,965.7,2.0,23.1
2025-04-23 14:58:05,902.3,889.0,905.6,896.8,899.6,889.3,901.1,906.7,893.4,917.1,915.3,966.1,1.8,23.1
2025-04-23 14:58:10,902.4,888.9,905.3,896.8,899.2,889.7,901.2,906.2,893.3,917.4,915.4,965.3,1.8,23.1
2025-04-23 14:58:15,902.8,888.2,904.6,896.7,899.1,890.0,900.7,906.4,893.7,917.7,915.6,965.1,1.5,23.1
2025-04-23 14:58:20,902.9,887.8,904.2,896.4,898.7,889.8,900.6,906.3,893.5,918.2,915.8,964.2,1.2,23.1
2025-04-23 14:58:25,902.6,887.5,904.1,896.0,898.4,889.0,900.1,906.1,893.3,917.9,915.8,964.2,1.1,23.1
2025-04-23 14:58:30,902.0,888.1,904.3,896.7,898.1,889.1,899.6,905.6,893.7,917.6,915.4,963.5,0.8,23.1
2025-04-23 14:58:35,901.6,887.9,904.1,896.6,898.2,888.9,899.4,905.9,893.5,917.3,915.2,963.4,0.8,23.1
2025-04-23 14:58:40,901.4,887.7,903.9,897.0,897.9,888.8,899.6,906.2,893.9,917.1,915.3,962.8,0.6,23.1
2025-04-23 14:58:45,900.1,887.7,903.6,897.0,897.8,889.2,899.9,906.2,893.7,917.4,915.5,962.9,0.6,23.1
2025-04-23 14:58:50,900.0,887.6,902.9,896.6,897.7,888.9,899.7,907.2,893.7,917.5,915.6,963.2,0.5,23.1
2025-04-23 14:58:55,899.7,887.8,902.8,896.4,897.3,888.7,899.5,907.5,893.4,917.3,915.3,963.4,0.3,23.1
2025-04-23 14:59:00,899.4,887.9,902.9,895.9,897.6,888.5,899.6,907.0,893.1,917.2,914.8,963.3,0.2,23.1
2025-04-23 14:59:05,899.1,888.0,902.7,895.9,897.7,888.5,900.1,906.4,892.9,916.3,914.1,962.9,0.3,23.1
2025-04-23 14:59:10,899.3,887.6,903.1,895.5,898.0,888.5,900.4,906.4,892.4,916.3,914.4,963.1,0.4,23.2
2025-04-23 14:59:15,899.8,887.3,902.7,895.7,897.9,888.6,900.6,906.3,892.7,916.0,913.9,963.4,0.5,23.1
2025-04-23 14:59:20,899.9,887.0,901.8,895.7,898.1,888.9,900.3,906.0,892.7,916.0,913.9,962.8,0.4,23.2
2025-04-23 14:59:25,899.7,887.0,901.8,895.3,898.0,889.1,900.1,906.1,892.8,915.8,914.1,962.5,0.4,23.2
2025-04-23 14:59:30,899.0,886.3,901.3,895.0,897.8,888.5,899.8,905.7,892.8,915.9,914.0,962.5,0.5,23.2
2025-04-23 14:59:35,898.8,886.2,901.5,894.5,897.2,888.2,898.9,905.4,892.7,915.9,914.3,961.9,1.0,23.2
2025-04-23 14:59:40,898.9,885.9,901.7,893.9,896.3,887.6,897.8,903.9,892.6,915.4,913.7,961.8,1.0,23.2
2025-04-23 14:59:45,899.2,885.9,901.9,894.6,896.4,887.9,897.5,904.8,891.8,915.2,913.1,961.4,1.1,23.2
2025-04-23 14:59:50,899.1,886.0,902.6,894.7,896.6,887.6,897.4,905.1,890.8,914.8,913.3,960.7,1.0,23.2
2025-04-23 14:59:55,898.8,886.0,901.9,894.2,897.1,887.3,897.3,904.4,891.3,915.1,913.6,960.4,0.9,23.3
2025-04-23 15:00:00,898.6,886.1,901.9,894.0,896.5,887.6,897.8,904.6,891.2,915.5,913.7,961.1,1.0,23.3
2025-04-23 15:00:05,898.5,885.9,902.1,894.6,895.3,886.4,896.8,904.6,890.8,915.3,913.3,960.7,1.0,23.3
2025-04-23 15:00:10,898.4,886.8,902.2,894.2,895.5,887.0,896.7,904.2,890.6,914.9,912.8,961.0,0.9,23.3
2025-04-23 15:00:15,898.5,886.2,902.0,893.2,895.1,886.5,896.6,904.3,890.2,914.1,912.7,961.0,0.9,23.3
2025-04-23 15:00:20,899.1,884.5,902.2,893.7,895.1,887.3,896.4,903.8,890.0,913.9,912.4,960.5,0.8,23.3
2025-04-23 15:00:25,898.8,884.7,902.2,894.0,895.1,886.6,896.8,903.4,890.2,913.9,912.2,960.4,0.7,23.3
2025-04-23 15:00:30,899.0,884.4,902.7,894.4,895.3,886.0,897.8,903.1,889.7,914.0,911.7,960.6,0.6,23.3
2025-04-23 15:00:35,899.0,884.6,902.3,894.6,895.3,885.9,897.6,903.6,890.0,914.2,912.6,961.1,0.6,23.3
2025-04-23 15:00:40,899.2,884.8,902.4,893.7,895.3,885.6,896.8,903.5,890.0,914.3,912.4,961.6,0.5,23.4
2025-04-23 15:00:45,899.2,884.4,901.7,893.9,895.1,885.8,896.9,903.7,889.7,914.2,912.5,962.1,0.7,23.4
2025-04-23 15:00:50,899.5,885.0,901.3,893.7,895.2,885.8,897.0,903.8,890.1,913.8,912.1,962.0,0.8,23.4
2025-04-23 15:00:55,899.8,885.0,901.6,894.0,895.7,885.8,896.9,903.4,890.2,913.8,912.9,962.4,0.7,23.4
2025-04-23 15:01:00,900.1,884.9,901.6,894.1,895.7,886.3,897.0,903.7,889.9,913.3,913.2,962.1,0.7,23.4
2025-04-23 15:01:05,900.3,885.0,901.8,894.1,895.8,886.5,896.6,903.6,889.8,914.0,913.0,961.9,0.9,23.4
2025-04-23 15:01:10,900.2,885.4,901.9,894.8,895.6,886.8,897.3,904.6,890.3,913.8,913.4,961.0,1.0,23.4
2025-04-23 15:01:15,899.8,886.2,902.3,894.6,895.4,887.1,898.1,904.6,890.8,914.6,914.2,960.9,0.8,23.4
2025-04-23 15:01:20,900.1,885.8,902.0,894.8,895.8,887.7,898.4,904.8,890.9,914.7,914.2,960.7,0.8,23.4
2025-04-23 15:01:25,900.5,884.7,902.4,894.3,896.0,887.6,898.1,904.9,890.7,914.9,914.7,960.8,0.7,23.4
2025-04-23 15:01:30,900.8,884.1,902.1,894.1,896.2,887.1,897.7,904.7,890.8,915.4,914.8,960.9,0.6,23.4
2025-04-23 15:01:35,900.5,884.6,902.2,893.8,896.3,886.9,897.8,904.7,891.3,915.2,915.1,960.6,0.4,23.4
2025-04-23 15:01:40,899.3,883.8,902.2,893.4,896.7,886.8,898.2,904.9,890.9,914.9,915.0,960.5,0.4,23.4
2025-04-23 15:01:45,898.8,883.5,902.3,893.5,895.5,885.8,897.8,904.2,890.9,914.8,914.8,959.3,0.5,23.5
2025-04-23 15:01:50,898.5,883.6,901.9,892.7,895.2,885.3,896.2,903.4,891.2,915.1,915.3,958.3,1.2,23.5
2025-04-23 15:01:55,897.6,884.0,901.1,892.1,894.6,885.3,896.5,903.1,890.9,915.3,914.7,957.8,1.3,23.5
2025-04-23 15:02:00,897.3,884.0,900.8,891.6,893.9,885.0,895.9,903.3,889.3,913.9,913.7,958.5,1.1,23.5
2025-04-23 15:02:05,897.8,883.5,900.2,891.2,892.8,884.5,895.1,903.0,888.7,912.5,913.6,958.1,1.0,23.5
2025-04-23 15:02:10,898.5,883.5,899.4,891.2,891.7,884.4,894.5,902.7,888.2,912.2,912.2,957.8,1.0,23.5
2025-04-23 15:02:15,897.4,881.9,898.9,890.8,891.5,884.2,894.6,902.2,887.8,911.4,912.4,957.0,1.0,23.5
2025-04-23 15:02:20,896.9,882.1,899.1,891.2,891.7,883.9,893.9,902.2,887.9,912.2,912.0,956.7,1.0,23.5
2025-04-23 15:02:25,896.7,881.8,898.1,891.4,891.4,883.9,893.2,902.2,887.7,911.5,910.5,956.8,1.0,23.5
2025-04-23 15:02:30,896.9,882.8,897.8,891.3,891.2,884.2,893.3,901.6,887.3,911.3,911.2,956.5,1.0,23.5
2025-04-23 15:02:35,896.5,882.6,897.9,890.8,890.0,884.2,893.6,901.9,887.3,910.5,911.1,956.6,1.0,23.5
2025-04-23 15:02:40,896.5,882.7,898.0,890.9,891.3,884.4,893.1,899.5,886.4,910.6,910.9,957.0,0.9,23.5
2025-04-23 15:02:45,896.5,882.5,897.7,890.4,891.3,884.3,893.3,900.1,886.4,911.2,912.2,956.4,0.9,23.5
2025-04-23 15:02:50,896.1,882.5,896.6,889.7,890.6,883.3,893.1,899.6,886.4,912.2,911.6,956.7,0.8,23.5
2025-04-23 15:02:55,894.9,882.7,895.8,889.1,890.5,882.8,892.7,900.2,885.8,911.3,911.3,956.2,0.6,23.5
2025-04-23 15:03:00,895.2,882.6,895.9,888.7,889.1,882.9,892.5,899.8,885.5,911.1,911.4,955.4,0.5,23.5
2025-04-23 15:03:05,895.2,882.4,895.7,888.4,888.6,881.6,891.9,898.8,884.2,910.3,910.1,955.3,0.4,23.5
2025-04-23 15:03:10,895.4,881.6,895.3,888.9,888.2,881.6,891.3,898.8,883.5,909.6,910.3,955.0,0.2,23.5
2025-04-23 15:03:15,894.0,882.7,895.1,888.8,888.2,880.6,891.3,898.9,884.7,909.5,910.7,954.4,0.2,23.5
2025-04-23 15:03:20,893.9,882.9,894.2,888.4,888.2,881.3,891.1,898.0,883.5,909.4,910.9,954.6,0.2,23.5
2025-04-23 15:03:25,894.3,882.5,894.1,888.2,888.5,880.8,891.5,897.1,883.7,909.3,909.8,954.1,0.3,23.6
2025-04-23 15:03:30,893.6,880.0,894.1,888.5,888.3,880.8,890.7,896.9,884.1,909.0,909.2,954.4,0.2,23.6
2025-04-23 15:03:35,892.4,880.7,894.4,888.4,888.3,880.8,891.1,896.7,884.0,908.6,909.8,954.4,0.1,23.6
2025-04-23 15:03:40,891.8,880.7,894.6,887.8,888.3,881.0,891.0,896.8,883.8,908.5,910.2,954.0,0.1,23.6
2025-04-23 15:03:45,892.4,880.5,894.5,888.2,888.0,881.1,891.0,897.6,883.8,908.5,910.4,953.8,0.0,23.6
2025-04-23 15:03:50,892.2,881.1,893.4,888.3,887.6,880.6,890.7,897.9,883.8,908.4,910.5,953.4,0.0,23.6
2025-04-23 15:03:55,892.8,881.6,893.8,888.3,887.7,880.8,890.7,897.9,884.0,907.6,910.1,953.8,0.0,23.6
2025-04-23 15:04:00,893.1,881.3,894.0,889.0,888.0,882.8,890.7,898.0,883.9,907.5,909.4,953.9,0.0,23.6
2025-04-23 15:04:05,894.6,881.2,896.6,889.4,888.3,883.9,890.5,897.6,884.5,907.1,909.7,954.5,0.1,23.6
2025-04-23 15:04:10,895.2,881.5,896.8,892.0,890.7,883.3,891.3,898.3,885.3,907.6,909.9,955.2,0.2,23.7
2025-04-23 15:04:15,895.2,882.4,898.0,890.7,892.2,883.0,893.1,899.0,885.8,907.6,910.8,955.7,0.2,23.7
2025-04-23 15:04:20,896.0,882.5,897.5,891.2,892.3,882.7,893.8,899.2,886.0,908.0,911.1,958.4,0.2,23.7
2025-04-23 15:04:25,896.1,882.6,898.4,890.7,892.6,883.7,894.2,899.7,885.9,909.3,911.8,958.1,0.5,23.7
2025-04-23 15:04:30,895.5,882.7,898.3,890.9,893.1,884.6,894.8,900.5,886.9,909.6,912.0,957.9,1.0,23.7
2025-04-23 15:04:35,895.5,882.7,876.2,891.0,893.1,884.5,895.1,901.6,887.5,910.5,913.9,957.4,1.6,23.7
2025-04-23 15:04:40,895.2,882.8,897.9,890.0,892.7,884.4,895.3,901.5,888.2,911.7,914.2,956.9,1.5,23.7
2025-04-23 15:04:45,895.2,882.5,875.5,890.7,892.3,884.3,895.5,901.4,888.0,911.5,914.8,955.6,1.3,23.7
2025-04-23 15:04:50,894.9,882.1,896.2,890.6,892.4,883.8,895.3,901.1,887.7,911.8,914.6,955.4,1.3,23.7
2025-04-23 15:04:55,894.8,882.4,896.4,890.7,891.9,883.6,894.7,901.6,887.1,911.8,914.4,955.3,1.4,23.7
2025-04-23 15:05:00,894.1,883.2,898.6,890.4,892.0,883.3,894.4,901.3,886.3,911.6,913.9,954.8,1.2,23.7
2025-04-23 15:05:05,894.5,883.5,898.3,890.0,891.9,882.6,895.0,900.5,886.5,911.4,914.2,954.9,1.0,23.7
2025-04-23 15:05:10,894.4,883.3,898.3,890.0,891.8,882.8,895.6,900.0,886.4,911.6,914.0,954.4,1.0,23.7
2025-04-23 15:05:15,894.3,883.4,898.2,889.7,892.3,882.7,895.4,900.1,886.8,911.6,914.4,954.4,0.9,23.7
2025-04-23 15:05:20,894.2,883.0,898.5,890.1,892.6,882.8,895.1,900.8,886.9,911.0,913.8,955.0,0.9,23.7
2025-04-23 15:05:25,894.2,883.5,898.1,890.1,892.1,883.7,895.2,900.1,886.2,910.7,913.7,955.2,1.1,23.7
2025-04-23 15:05:30,894.2,883.3,879.4,889.4,892.0,882.9,895.6,899.7,886.6,910.4,913.5,954.9,1.0,23.8
2025-04-23 15:05:35,893.7,882.5,893.3,889.3,892.2,882.4,896.8,901.1,887.0,910.5,913.8,955.0,0.9,23.8
2025-04-23 15:05:40,893.3,881.4,895.6,889.0,892.1,882.8,896.8,901.1,887.0,910.7,913.8,954.6,0.8,23.8
2025-04-23 15:05:45,893.2,880.8,898.2,888.9,891.1,883.4,896.0,901.3,887.7,910.0,913.7,954.6,1.1,23.8
2025-04-23 15:05:50,893.2,879.9,899.3,888.4,891.3,883.5,895.5,900.7,888.1,909.5,913.2,953.9,2.1,23.8
2025-04-23 15:05:55,893.4,880.6,898.6,888.7,891.3,882.5,896.1,899.4,887.6,909.5,912.6,953.2,2.6,23.8
2025-04-23 15:06:00,893.9,880.4,898.5,887.9,891.9,881.1,895.0,899.4,887.1,908.8,912.2,952.7,2.7,23.8
2025-04-23 15:06:05,894.3,880.6,898.8,887.1,892.4,880.5,894.8,898.7,886.6,909.0,912.1,952.9,2.4,23.7
2025-04-23 15:06:10,894.5,879.8,899.3,886.8,891.4,880.3,894.7,899.1,885.7,909.2,912.8,953.1,2.3,23.7
2025-04-23 15:06:15,894.6,879.5,900.2,886.3,891.4,880.1,893.9,898.7,885.8,909.1,912.1,953.0,3.0,23.7
2025-04-23 15:06:20,895.8,880.0,899.7,887.4,892.2,880.5,895.0,898.4,885.4,909.2,911.9,953.6,2.4,23.7
2025-04-23 15:06:25,896.6,880.1,899.4,887.7,892.1,880.6,894.9,898.5,885.2,909.1,912.5,953.5,1.9,23.7
2025-04-23 15:06:30,896.5,880.2,899.5,887.5,892.2,880.6,894.9,898.7,885.1,909.7,913.4,953.4,2.1,23.7
2025-04-23 15:06:35,896.0,881.2,899.2,888.0,892.2,880.7,894.6,899.3,885.5,910.2,913.2,953.1,2.0,23.7
2025-04-23 15:06:40,895.7,881.7,899.0,887.7,892.5,880.7,895.1,899.3,886.1,910.2,914.1,953.5,1.6,23.7
2025-04-23 15:06:45,895.4,881.6,898.9,888.4,892.7,881.1,895.2,899.9,886.7,910.6,914.0,953.4,1.3,23.7
2025-04-23 15:06:50,894.6,881.8,898.5,888.9,892.4,881.4,894.8,901.8,886.9,910.9,914.0,953.4,1.6,23.7
2025-04-23 15:06:55,894.5,882.0,895.5,888.9,892.0,881.5,894.7,902.2,886.5,910.7,913.8,954.7,1.5,23.7
2025-04-23 15:07:00,894.0,881.6,896.7,888.5,892.2,882.3,894.5,902.2,887.4,910.2,913.6,954.1,1.2,23.7
2025-04-23 15:07:05,893.6,881.9,898.3,888.4,892.0,882.8,894.5,901.2,887.1,910.4,913.5,954.3,1.6,23.7
2025-04-23 15:07:10,894.0,881.6,898.0,890.5,892.1,883.7,894.8,901.5,886.8,910.4,913.3,954.3,2.8,23.7
2025-04-23 15:07:15,894.3,881.8,897.6,890.7,893.1,884.0,895.7,901.8,886.8,910.0,912.9,954.4,3.5,23.8
2025-04-23 15:07:20,894.1,882.1,897.2,890.8,893.5,883.9,895.8,901.2,887.1,909.5,912.7,954.0,3.1,23.8
2025-04-23 15:07:25,893.9,882.0,898.9,890.7,893.1,883.1,896.0,900.5,887.0,909.4,912.7,953.5,2.5,23.8
2025-04-23 15:07:30,893.7,881.7,898.6,889.0,893.2,882.2,895.2,900.6,886.6,909.3,912.6,953.0,2.0,23.8
2025-04-23 15:07:35,894.1,881.5,898.1,888.7,893.4,882.0,895.5,900.3,886.3,909.3,912.5,952.4,2.0,23.8
2025-04-23 15:07:40,894.5,881.2,898.4,888.0,892.5,881.9,895.4,899.3,885.8,909.1,912.7,951.8,1.8,23.8
2025-04-23 15:07:45,893.9,881.4,898.4,887.8,892.5,881.7,895.1,898.8,886.0,909.2,912.6,951.1,1.9,23.8
2025-04-23 15:07:50,893.4,881.1,898.8,887.1,892.1,880.9,894.6,898.7,885.7,908.8,912.4,950.9,2.0,23.8
2025-04-23 15:07:55,892.8,879.6,897.7,886.8,890.9,880.6,893.6,898.7,885.2,908.6,912.2,948.9,2.2,23.8
2025-04-23 15:08:00,892.7,878.2,896.7,885.7,890.4,880.5,893.3,899.1,884.9,908.3,912.2,948.6,2.2,23.8
2025-04-23 15:08:05,891.9,878.7,896.0,886.0,889.5,879.9,892.5,898.3,884.6,908.1,911.5,948.0,2.1,23.8
2025-04-23 15:08:10,891.9,878.7,895.7,885.8,889.0,878.1,891.9,898.1,883.9,907.7,911.3,948.4,2.8,23.8
2025-04-23 15:08:15,891.9,878.9,895.3,885.2,888.8,878.5,892.1,898.0,884.0,906.9,910.4,948.1,2.7,23.8
2025-04-23 15:08:20,891.0,879.0,895.0,885.0,888.9,878.6,891.8,897.8,883.8,906.8,910.7,947.9,2.8,23.7
2025-04-23 15:08:25,891.6,880.1,894.4,885.2,888.6,878.4,892.0,897.7,883.5,907.3,911.0,946.5,2.7,23.7
2025-04-23 15:08:30,891.8,879.9,894.8,885.2,888.6,878.3,891.3,897.2,883.4,907.0,910.9,946.3,2.7,23.7
2025-04-23 15:08:35,891.6,879.9,894.7,885.5,888.6,877.7,891.2,896.5,883.8,906.9,910.5,946.3,2.5,23.7
2025-04-23 15:08:40,891.5,880.1,894.0,885.9,889.0,877.5,891.4,896.2,883.8,906.6,910.0,946.2,2.5,23.7
2025-04-23 15:08:45,891.3,879.8,893.7,885.5,889.3,877.7,891.8,895.9,884.0,906.6,910.0,946.1,2.4,23.7
2025-04-23 15:08:50,892.2,879.6,893.9,885.7,888.8,877.8,892.1,895.7,884.6,907.2,910.3,946.4,2.1,23.7
2025-04-23 15:08:55,891.9,879.4,894.0,885.8,888.7,877.4,891.2,896.2,884.4,907.2,910.4,946.6,1.7,23.7
2025-04-23 15:09:00,891.0,879.9,894.1,885.4,888.6,877.6,891.6,899.5,883.8,906.4,910.0,946.5,1.7,23.7
2025-04-23 15:09:05,890.8,879.8,894.2,885.0,888.3,879.1,891.6,899.4,883.2,906.6,909.6,947.5,1.6,23.7
2025-04-23 15:09:10,890.9,879.3,893.9,884.8,888.2,879.5,891.6,899.2,883.2,906.5,910.4,946.5,1.4,23.7
2025-04-23 15:09:15,890.6,879.3,887.5,885.4,887.7,879.7,891.8,899.3,882.8,906.7,910.5,947.1,1.6,23.7
2025-04-23 15:09:20,890.5,878.8,891.7,885.6,887.6,879.0,891.5,897.6,883.5,907.1,910.2,946.9,1.7,23.7
2025-04-23 15:09:25,890.6,879.3,893.6,886.0,887.9,878.0,891.0,897.7,883.2,906.6,910.2,947.2,1.8,23.7
2025-04-23 15:09:30,890.2,879.2,893.8,886.4,887.8,877.6,891.0,898.3,883.3,906.4,909.1,946.5,2.3,23.7
2025-04-23 15:09:35,890.5,879.3,893.9,885.9,888.0,877.3,890.3,898.4,883.1,906.3,909.4,946.4,2.6,23.7
2025-04-23 15:09:40,890.8,879.6,887.7,885.3,887.5,877.9,890.3,898.0,882.4,905.9,909.5,946.6,2.4,23.7
2025-04-23 15:09:45,890.3,879.8,893.6,885.8,886.8,879.0,890.4,898.3,882.6,905.7,909.1,945.7,2.4,23.7
2025-04-23 15:09:50,890.3,878.8,893.3,885.2,886.0,878.9,890.6,898.1,882.2,905.6,908.4,945.4,2.3,23.7
2025-04-23 15:09:55,889.7,877.9,893.0,884.2,885.8,878.5,889.9,897.2,882.0,904.1,907.9,945.0,2.8,23.7
2025-04-23 15:10:00,889.1,877.9,892.0,883.7,887.7,878.4,890.8,896.0,881.4,903.4,906.8,944.1,2.9,23.7
2025-04-23 15:10:05,888.7,878.0,891.6,884.0,887.9,878.0,890.7,895.4,881.0,903.6,907.2,944.3,2.1,23.7
2025-04-23 15:10:10,888.3,875.9,891.4,883.7,886.7,876.7,890.5,895.4,880.4,903.5,907.5,943.4,1.6,23.7
2025-04-23 15:10:15,888.3,876.4,891.4,882.5,886.9,876.2,890.5,894.9,879.4,903.3,907.0,942.7,1.4,23.7
2025-04-23 15:10:20,888.3,877.1,891.8,882.2,886.9,875.7,890.1,894.9,879.0,902.7,906.0,942.4,1.4,23.7
2025-04-23 15:10:25,888.4,877.3,893.0,882.5,886.4,875.5,889.8,894.6,878.6,902.4,905.6,942.2,1.2,23.7
2025-04-23 15:10:30,888.4,876.7,893.2,883.0,886.8,876.3,889.4,895.1,878.2,902.3,905.7,942.7,1.1,23.7
2025-04-23 15:10:35,888.2,877.0,892.9,882.4,886.3,875.5,888.4,895.6,878.7,902.5,906.2,942.1,1.2,23.7
2025-04-23 15:10:40,887.3,876.4,891.5,881.5,885.7,874.5,888.3,895.6,878.6,902.9,906.3,941.3,1.5,23.7
2025-04-23 15:10:45,887.3,875.6,891.6,881.5,884.9,874.5,887.5,894.1,878.8,903.0,906.4,940.9,1.8,23.7
2025-04-23 15:10:50,888.7,875.3,890.6,881.0,884.3,874.5,886.7,892.8,878.3,902.4,905.6,940.6,1.6,23.7
2025-04-23 15:10:55,888.7,875.0,890.1,880.2,883.2,874.2,886.4,892.8,877.7,901.7,905.5,941.7,1.5,23.6
2025-04-23 15:11:00,888.1,875.5,889.2,880.4,882.6,874.3,886.2,892.5,877.2,901.3,905.4,939.9,1.5,23.6
2025-04-23 15:11:05,887.4,875.6,888.9,880.0,882.5,874.2,886.1,892.3,876.6,900.9,904.8,940.0,1.2,23.6
2025-04-23 15:11:10,887.4,874.0,888.0,879.4,882.1,873.9,885.4,892.1,876.2,900.5,904.4,939.3,1.0,23.6
2025-04-23 15:11:15,886.8,873.8,887.9,879.5,881.8,873.4,884.8,892.1,876.3,900.3,904.4,939.2,1.0,23.6
2025-04-23 15:11:20,886.7,873.4,887.7,879.5,881.6,873.4,884.5,891.5,875.8,899.7,904.2,939.4,0.9,23.6
2025-04-23 15:11:25,886.6,873.8,887.9,878.9,881.4,873.4,884.4,891.5,876.0,899.7,904.3,940.2,0.9,23.6
2025-04-23 15:11:30,886.4,873.5,888.2,879.0,881.8,873.2,884.2,891.4,876.4,899.1,904.3,940.2,0.9,23.6
2025-04-23 15:11:35,884.9,872.7,887.6,879.6,882.4,873.6,886.2,891.2,876.3,899.4,904.3,939.9,1.0,23.5
2025-04-23 15:11:40,884.3,872.9,887.3,879.2,882.2,873.7,885.8,891.1,876.4,899.3,904.0,940.0,0.9,23.5
2025-04-23 15:11:45,884.3,873.4,887.3,879.1,882.0,873.5,886.0,891.1,876.4,899.1,904.1,939.4,1.0,23.5
2025-04-23 15:11:50,884.2,873.5,887.8,879.1,881.7,873.3,886.4,890.9,877.5,898.7,903.9,939.3,1.5,23.5
2025-04-23 15:11:55,884.0,873.4,888.2,879.0,881.1,873.0,886.1,891.0,877.1,898.7,903.9,939.3,2.0,23.5
2025-04-23 15:12:00,884.3,873.4,887.7,878.4,881.7,872.4,886.0,890.7,877.4,898.6,903.7,938.3,2.2,23.5
2025-04-23 15:12:05,883.9,874.0,888.2,878.5,881.8,872.5,885.8,890.6,877.3,898.6,903.9,938.4,2.7,23.5
2025-04-23 15:12:10,884.3,874.1,888.1,878.6,882.0,873.0,885.9,890.5,876.6,898.3,903.6,938.1,3.5,23.5
2025-04-23 15:12:15,884.8,874.9,887.9,879.3,882.1,873.6,886.9,890.1,875.4,897.9,903.3,938.1,3.9,23.5
2025-04-23 15:12:20,885.2,874.7,888.1,879.2,882.4,874.0,886.7,890.1,875.4,897.8,903.2,937.9,3.2,23.4
2025-04-23 15:12:25,885.1,874.4,889.2,879.4,882.2,873.7,886.7,890.2,875.8,897.9,903.8,937.9,3.2,23.4
2025-04-23 15:12:30,885.1,874.9,889.1,879.5,882.4,873.2,886.8,890.4,876.5,898.2,903.9,938.2,3.2,23.3
2025-04-23 15:12:35,885.1,874.8,889.2,879.5,882.9,873.1,886.7,891.2,877.1,897.8,903.8,938.6,3.1,23.3
2025-04-23 15:12:40,884.9,874.3,889.1,879.1,882.5,873.5,886.2,891.4,876.8,898.3,904.5,938.5,3.5,23.3
2025-04-23 15:12:45,885.0,874.3,889.0,879.3,882.2,873.3,886.9,891.4,876.9,898.6,904.7,937.9,3.4,23.2
2025-04-23 15:12:50,885.0,874.4,888.1,879.1,881.6,873.3,886.5,892.0,877.0,898.5,904.7,937.9,3.6,23.2
2025-04-23 15:12:55,885.0,874.5,888.0,879.9,882.1,874.2,886.1,891.3,876.7,898.5,904.5,937.7,4.1,23.1
2025-04-23 15:13:00,885.1,874.2,888.6,880.6,882.1,874.8,886.5,891.6,876.7,898.5,904.5,937.9,4.2,23.1
2025-04-23 15:13:05,885.0,874.5,888.9,880.1,882.6,874.7,886.4,891.6,876.7,898.2,904.1,938.0,4.1,23.0
2025-04-23 15:13:10,884.9,875.0,888.7,880.1,882.2,874.5,886.6,891.7,876.6,897.9,903.9,937.0,3.7,22.9
2025-04-23 15:13:15,885.4,874.9,888.9,879.7,882.8,874.0,885.8,892.5,876.7,897.5,903.8,937.2,3.5,22.9
2025-04-23 15:13:20,885.3,874.9,889.2,879.9,882.7,874.4,886.0,891.9,876.7,897.3,903.6,937.6,3.6,22.8
2025-04-23 15:13:25,885.7,875.2,889.2,880.3,882.3,874.4,885.5,892.1,876.6,897.5,903.5,938.4,3.5,22.8
2025-04-23 15:13:30,887.3,875.6,889.3,880.6,882.5,874.2,883.8,892.0,876.3,897.3,903.6,938.6,3.5,22.7
2025-04-23 15:13:35,886.5,877.0,888.6,881.4,882.0,874.4,884.4,891.9,876.1,897.1,903.7,938.4,3.4,22.7
2025-04-23 15:13:40,886.9,876.9,889.3,882.9,882.2,875.0,884.0,892.0,876.0,897.3,903.9,938.8,2.9,22.6
2025-04-23 15:13:45,887.7,877.9,890.3,882.3,882.7,875.2,884.1,892.2,876.2,897.2,904.0,938.9,2.2,22.6
2025-04-23 15:13:50,888.4,878.5,891.4,883.2,883.3,875.7,884.8,892.7,876.1,897.5,904.5,939.7,2.1,22.6
2025-04-23 15:13:55,889.0,878.8,891.2,883.6,883.6,875.6,885.8,892.7,876.0,897.9,904.6,940.7,2.0,22.6
2025-04-23 15:14:00,889.2,879.1,891.8,884.1,884.5,876.2,886.3,893.4,876.4,899.1,906.2,941.0,1.7,22.6
2025-04-23 15:14:05,888.9,878.7,891.5,884.6,884.7,876.6,886.6,894.4,876.5,899.1,906.4,941.3,1.4,22.6
2025-04-23 15:14:10,888.7,878.8,891.6,884.2,885.0,876.7,887.3,895.1,877.9,899.7,907.0,941.4,1.2,22.6
2025-04-23 15:14:15,888.1,878.6,890.9,883.7,884.9,876.8,887.7,895.9,878.3,900.1,907.8,940.2,1.4,22.6
2025-04-23 15:14:20,887.5,878.1,890.4,883.3,885.2,876.6,888.1,896.2,879.2,900.6,908.1,939.9,1.6,22.6
2025-04-23 15:14:25,886.9,877.8,889.9,882.2,884.7,877.2,887.7,895.9,879.3,901.6,908.6,939.4,1.4,22.6
2025-04-23 15:14:30,887.3,877.8,890.1,883.0,884.7,877.4,887.8,894.7,879.6,902.0,909.6,939.3,1.2,22.6
2025-04-23 15:14:35,887.1,877.5,889.9,883.5,884.3,877.2,887.7,894.6,879.4,902.1,909.2,940.3,1.6,22.6
2025-04-23 15:14:40,886.8,877.3,890.3,883.7,884.4,876.5,887.6,893.9,879.5,901.7,909.2,940.1,1.3,22.6
2025-04-23 15:14:45,886.7,876.5,890.7,883.2,884.2,876.1,887.6,893.6,879.0,901.8,909.1,939.9,1.1,22.7
2025-04-23 15:14:50,886.7,876.5,890.2,883.0,884.9,875.9,887.8,893.6,878.6,901.7,909.3,939.1,0.9,22.7
2025-04-23 15:14:55,886.8,876.5,890.2,882.1,884.4,875.9,887.8,893.3,878.6,901.7,909.7,938.1,0.8,22.7
2025-04-23 15:15:00,886.7,876.5,890.0,881.8,884.5,875.3,887.6,893.2,878.4,901.6,909.4,937.7,0.8,22.7
2025-04-23 15:15:05,886.7,876.2,889.6,882.4,884.5,875.8,886.7,893.9,877.7,901.2,908.8,938.2,0.6,22.7
2025-04-23 15:15:10,887.1,876.2,889.8,882.5,884.4,875.8,886.7,893.9,877.8,900.9,909.3,938.1,0.6,22.8
2025-04-23 15:15:15,887.3,876.0,890.0,881.5,883.8,875.4,886.9,893.9,877.8,900.6,909.3,938.5,0.6,22.8
2025-04-23 15:15:20,887.3,875.7,890.2,881.6,883.5,874.4,887.1,894.3,878.1,901.0,909.5,938.0,0.5,22.8
2025-04-23 15:15:25,887.6,876.1,890.0,881.6,883.6,874.7,887.4,894.3,878.3,900.9,909.0,937.9,0.9,22.8
2025-04-23 15:15:30,887.1,875.9,890.1,881.7,883.4,874.6,887.6,894.2,878.2,901.0,909.3,937.2,1.1,22.8
2025-04-23 15:15:35,886.9,875.5,890.3,881.4,884.0,875.2,887.5,894.1,878.0,901.1,909.8,936.8,1.3,22.9
2025-04-23 15:15:40,887.0,875.2,890.3,881.3,884.1,875.4,887.0,893.8,878.0,900.8,909.5,937.4,1.3,22.9
2025-04-23 15:15:45,887.0,874.1,890.0,881.0,883.9,875.3,887.3,893.4,878.0,901.1,909.8,937.4,1.2,22.9
2025-04-23 15:15:50,886.9,873.5,889.9,880.5,883.9,874.6,887.4,893.2,878.1,901.3,909.6,937.2,1.0,23.0
2025-04-23 15:15:55,886.6,873.8,890.0,880.0,884.0,874.4,887.5,892.6,878.1,901.1,909.8,937.1,1.0,22.9
2025-04-23 15:16:00,886.4,873.7,890.2,879.9,884.1,874.0,887.3,892.0,878.6,900.9,909.9,936.7,0.9,23.0
2025-04-23 15:16:05,886.1,873.7,890.1,880.0,884.2,873.6,887.3,892.3,878.2,901.1,910.0,937.0,0.8,23.0
2025-04-23 15:16:10,886.3,873.8,889.9,880.1,884.3,873.8,887.0,893.0,877.9,901.0,909.8,937.0,0.7,23.0
2025-04-23 15:16:15,886.3,873.8,889.3,879.8,883.4,873.5,886.8,893.6,877.4,900.6,909.9,936.4,0.9,23.0
2025-04-23 15:16:20,885.9,873.4,889.5,879.8,883.2,873.0,886.9,892.9,877.1,900.6,910.2,935.8,0.9,23.1
2025-04-23 15:16:25,885.9,872.9,889.3,880.0,882.9,873.7,887.1,892.7,877.0,900.9,910.1,934.9,1.0,23.1
2025-04-23 15:16:30,885.7,872.5,889.3,879.8,882.9,873.8,886.9,892.4,877.1,900.8,910.1,935.1,0.9,23.1
2025-04-23 15:16:35,885.4,872.4,888.8,879.9,882.7,873.7,886.8,892.6,877.2,900.6,910.0,936.0,0.9,23.1
2025-04-23 15:16:40,884.8,871.8,888.6,879.8,882.6,873.6,886.2,892.8,877.4,900.6,910.7,935.2,1.1,23.1
2025-04-23 15:16:45,884.6,871.9,888.3,879.2,882.3,873.4,885.7,892.0,877.0,900.4,910.8,934.9,1.3,23.1
2025-04-23 15:16:50,883.9,872.4,887.9,878.1,882.1,872.8,885.5,892.3,876.8,900.2,910.7,933.3,1.4,23.2
2025-04-23 15:16:55,883.1,871.9,887.2,878.0,882.0,872.3,885.6,891.9,876.6,899.8,910.3,932.4,1.3,23.2
2025-04-23 15:17:00,882.9,871.6,886.8,877.6,881.5,872.2,884.9,891.2,876.6,899.4,910.0,932.7,1.5,23.2
2025-04-23 15:17:05,882.7,870.9,885.9,877.9,880.5,872.0,884.5,890.3,874.2,898.6,909.5,933.4,1.4,23.2
2025-04-23 15:17:10,882.4,870.4,885.4,877.8,880.1,871.6,884.4,890.2,874.8,898.0,909.0,933.8,1.5,23.2
2025-04-23 15:17:15,881.8,870.1,885.1,877.7,879.8,871.4,884.0,890.3,874.8,897.7,908.5,932.6,1.9,23.3
2025-04-23 15:17:20,881.7,870.5,884.2,877.4,879.7,871.2,884.5,890.9,874.5,897.7,908.6,931.8,1.8,23.3
2025-04-23 15:17:25,881.7,871.4,884.6,877.2,879.7,870.9,883.2,891.1,874.6,897.3,907.4,932.6,1.5,23.3
2025-04-23 15:17:30,881.7,871.6,885.1,876.3,879.5,870.7,883.6,891.1,874.8,897.1,907.2,932.3,1.6,23.3
2025-04-23 15:17:35,881.6,871.2,885.3,876.2,879.9,870.9,882.9,890.5,874.6,896.8,907.2,932.4,2.1,23.4
2025-04-23 15:17:40,881.6,871.0,885.6,876.8,879.7,871.5,883.5,889.8,874.4,896.6,907.0,932.1,2.4,23.3
2025-04-23 15:17:45,882.3,871.0,885.4,877.1,878.9,871.2,884.0,890.1,874.6,896.7,907.7,932.7,2.3,23.4
2025-04-23 15:17:50,882.9,871.7,885.2,877.5,879.0,870.7,883.7,890.2,875.1,896.4,907.9,932.8,2.0,23.4
2025-04-23 15:17:55,883.6,871.9,885.4,877.9,878.8,871.4,883.2,890.3,875.0,896.9,907.7,932.4,1.8,23.4
2025-04-23 15:18:00,883.1,871.7,885.9,877.8,879.2,871.1,883.3,890.7,874.7,896.7,907.3,931.9,1.6,23.4
2025-04-23 15:18:05,883.0,871.7,886.0,877.8,879.4,871.0,883.6,891.0,874.3,896.4,907.4,931.7,1.4,23.4
2025-04-23 15:18:10,883.1,872.2,886.1,877.4,879.7,871.3,883.6,890.5,874.0,896.4,907.5,931.2,1.4,23.4
2025-04-23 15:18:15,883.1,871.2,885.7,877.4,879.9,871.6,883.5,890.2,874.2,896.0,907.5,930.8,1.2,23.4
2025-04-23 15:18:20,883.2,870.8,885.8,876.3,880.2,871.4,883.6,889.6,874.3,896.2,907.8,931.0,1.0,23.4
2025-04-23 15:18:25,882.4,870.3,885.8,876.0,879.8,870.0,883.5,889.9,874.1,895.8,908.2,931.3,0.9,23.4
2025-04-23 15:18:30,882.2,870.4,885.7,875.5,879.6,869.6,883.7,889.6,874.2,896.1,908.6,930.8,1.1,23.4
2025-04-23 15:18:35,882.2,869.9,885.5,874.9,879.7,869.8,883.6,889.0,874.0,896.1,909.1,930.8,1.1,23.4
2025-04-23 15:18:40,882.0,869.7,885.3,875.4,879.5,870.1,883.6,889.2,873.9,896.5,909.5,932.0,1.0,23.4
2025-04-23 15:18:45,882.1,870.3,885.1,875.1,879.2,870.1,883.7,889.2,873.8,896.6,909.3,932.4,1.1,23.4
2025-04-23 15:18:50,882.2,869.9,884.8,875.5,879.0,870.0,883.1,889.8,873.7,897.3,909.4,931.5,1.5,23.4
2025-04-23 15:18:55,882.6,869.6,885.1,876.1,879.3,870.2,883.0,889.5,873.3,896.9,909.3,932.0,1.8,23.4
2025-04-23 15:19:00,883.1,868.9,885.5,876.1,879.1,870.0,882.7,888.8,873.5,897.1,909.3,931.7,2.2,23.4
2025-04-23 15:19:05,882.9,869.4,885.3,875.9,879.3,870.1,882.7,889.1,873.3,897.0,909.6,930.9,2.1,23.4
2025-04-23 15:19:10,882.6,869.4,884.9,875.6,879.6,870.2,882.7,889.1,873.1,896.7,909.5,930.5,1.9,23.3
2025-04-23 15:19:15,882.6,870.1,884.5,875.9,878.6,869.3,882.5,888.8,873.1,897.3,909.9,930.5,1.8,23.3
2025-04-23 15:19:20,882.7,869.4,884.7,875.1,878.6,869.6,882.2,888.5,872.8,896.3,909.1,930.2,1.7,23.2
2025-04-23 15:19:25,882.4,869.2,885.0,875.6,878.8,870.1,882.0,888.6,872.5,896.0,909.2,929.8,1.6,23.2
2025-04-23 15:19:30,882.1,869.1,885.2,875.6,878.3,869.9,881.9,888.2,872.4,896.0,908.9,929.3,1.3,23.2
2025-04-23 15:19:35,881.8,869.1,885.4,875.0,878.2,869.6,881.9,888.4,872.0,896.7,909.2,928.8,1.3,23.2
2025-04-23 15:19:40,881.3,869.3,884.7,875.4,877.8,869.0,882.5,887.6,871.5,896.0,909.3,928.5,1.1,23.2
2025-04-23 15:19:45,881.3,868.8,884.0,875.3,877.3,868.3,882.5,887.8,871.9,895.6,908.9,928.0,0.9,23.2
2025-04-23 15:19:50,881.5,868.6,883.8,876.0,877.2,868.4,881.7,887.4,871.9,895.2,908.9,928.1,1.2,23.2
2025-04-23 15:19:55,881.3,868.7,884.0,876.1,877.4,868.0,881.4,887.4,872.1,895.3,909.0,927.4,2.0,23.2
2025-04-23 15:20:00,880.8,869.4,883.9,875.9,878.0,868.3,881.2,888.0,871.6,895.3,908.7,926.7,2.5,23.2
2025-04-23 15:20:05,879.7,869.4,884.0,875.4,878.2,867.9,881.0,888.9,871.9,895.1,908.6,927.2,2.2,23.2
2025-04-23 15:20:10,879.6,869.3,883.0,876.2,878.9,868.3,880.9,888.9,872.1,895.2,908.5,927.2,2.0,23.2
2025-04-23 15:20:15,879.6,869.1,883.0,876.1,878.7,868.1,880.6,888.7,872.0,895.1,908.6,927.2,2.0,23.2
2025-04-23 15:20:20,880.3,868.0,883.1,876.2,878.2,869.0,880.3,888.4,871.8,895.4,908.5,927.5,2.2,23.2
2025-04-23 15:20:25,880.8,868.2,882.7,876.1,878.0,868.8,880.8,888.3,871.7,895.4,908.7,928.0,2.2,23.2
2025-04-23 15:20:30,880.7,868.5,882.3,875.7,877.6,868.2,880.7,887.6,871.4,895.5,908.6,928.0,1.9,23.2
2025-04-23 15:20:35,879.9,868.0,882.6,875.4,877.4,867.9,881.1,886.7,871.0,895.3,909.1,928.4,1.4,23.2
2025-04-23 15:20:40,879.3,868.1,882.6,875.1,877.5,868.3,881.3,887.0,871.2,895.1,909.2,928.1,1.3,23.2
2025-04-23 15:20:45,879.1,867.0,882.6,875.2,877.1,868.4,881.8,887.4,871.7,895.1,909.0,927.9,1.0,23.2
2025-04-23 15:20:50,879.4,866.8,882.3,874.7,876.8,867.8,881.1,887.4,871.7,895.2,908.9,925.9,0.9,23.2
2025-04-23 15:20:55,879.5,867.0,881.9,875.0,877.1,867.8,881.5,887.4,871.2,895.0,908.9,926.3,0.8,23.2
2025-04-23 15:21:00,879.0,867.1,881.4,875.3,878.0,868.6,882.1,887.3,870.8,894.8,908.6,926.7,0.9,23.2
2025-04-23 15:21:05,878.7,867.1,881.1,874.2,877.3,868.9,882.6,887.3,870.6,894.8,908.5,926.7,1.0,23.3
2025-04-23 15:21:10,878.6,867.0,880.9,874.2,877.5,868.8,882.7,886.9,870.7,894.5,908.6,926.1,1.3,23.3
2025-04-23 15:21:15,878.5,867.2,881.2,874.4,877.9,868.8,882.1,886.4,870.4,894.5,907.2,925.2,1.9,23.3
2025-04-23 15:21:20,878.6,867.4,881.9,874.5,878.0,867.9,882.3,886.2,870.1,894.0,907.2,926.0,2.4,23.3
2025-04-23 15:21:25,878.5,867.7,883.2,874.3,878.0,867.8,881.9,886.3,870.2,893.1,906.9,926.4,2.7,23.3
2025-04-23 15:21:30,878.7,867.3,883.0,873.9,878.4,867.7,882.1,886.3,869.8,893.0,907.4,926.4,2.8,23.3
2025-04-23 15:21:35,879.2,867.4,883.1,873.8,878.4,867.3,881.2,886.3,869.8,893.1,907.2,926.1,2.9,23.2
2025-04-23 15:21:40,880.0,867.1,882.5,873.3,877.8,866.8,881.1,886.1,870.7,893.4,907.2,926.3,3.3,23.2
2025-04-23 15:21:45,879.7,867.2,881.9,873.3,877.8,866.5,880.8,886.0,870.3,893.3,907.4,925.2,3.2,23.2
2025-04-23 15:21:50,879.2,867.2,882.5,874.8,876.9,866.8,880.2,886.7,870.4,892.8,907.4,924.0,2.7,23.1
2025-04-23 15:21:55,879.5,867.4,882.2,874.8,876.5,867.3,880.0,886.8,870.5,892.4,906.9,924.8,3.1,23.1
2025-04-23 15:22:00,878.1,867.3,882.1,875.2,876.2,869.0,879.8,886.8,870.4,892.8,906.5,924.6,3.1,23.1
2025-04-23 15:22:05,878.1,866.8,880.8,874.5,877.7,868.5,880.4,887.0,870.6,892.3,906.8,925.1,2.5,23.1
2025-04-23 15:22:10,877.9,867.3,880.4,873.7,876.4,868.4,880.0,887.0,870.3,892.1,906.6,924.9,2.0,23.1
2025-04-23 15:22:15,877.6,867.4,879.9,873.8,876.3,867.5,880.2,885.5,870.0,892.6,906.7,925.1,1.7,23.1
2025-04-23 15:22:20,877.3,868.4,879.8,873.8,875.0,866.9,880.1,885.5,869.3,892.4,906.2,922.2,1.7,23.1
2025-04-23 15:22:25,877.0,867.2,880.3,872.6,875.4,866.9,879.4,885.0,868.9,892.7,905.9,923.4,1.7,23.1
2025-04-23 15:22:30,876.4,864.7,880.5,872.1,875.1,866.5,879.4,884.7,868.5,891.4,906.4,922.5,2.1,23.1
2025-04-23 15:22:35,876.7,865.7,880.2,871.7,875.5,866.3,878.9,884.0,867.9,891.2,905.4,921.1,2.4,23.1
2025-04-23 15:22:40,876.3,865.2,879.7,871.8,875.1,866.2,878.6,884.2,867.4,890.7,904.5,923.6,2.4,23.1
2025-04-23 15:22:45,877.3,864.5,878.9,872.8,874.9,865.5,878.3,883.6,866.5,890.8,905.0,923.7,2.1,23.1
2025-04-23 15:22:50,877.2,864.9,878.5,872.6,874.5,865.1,877.9,883.1,866.9,891.6,905.3,922.2,1.6,23.1
2025-04-23 15:22:55,876.8,865.3,877.5,872.1,874.6,864.9,877.8,882.7,867.3,891.5,906.2,921.6,1.2,23.1
2025-04-23 15:23:00,876.3,864.2,877.9,872.7,874.8,864.8,878.3,883.7,867.3,891.3,906.0,921.6,1.1,23.1
2025-04-23 15:23:05,875.9,864.8,878.3,872.5,875.2,865.2,878.4,883.5,867.0,892.0,906.0,921.7,0.9,23.1
2025-04-23 15:23:10,875.9,865.5,878.4,872.9,875.6,866.0,878.2,884.1,867.9,891.8,906.5,922.5,0.7,23.1
2025-04-23 15:23:15,876.5,865.5,878.9,873.0,875.4,865.9,879.5,884.5,867.6,891.5,907.2,922.1,0.6,23.1
2025-04-23 15:23:20,876.2,865.5,878.3,871.9,875.0,865.8,879.2,884.4,867.6,891.6,906.9,922.2,0.9,23.1
2025-04-23 15:23:25,876.0,864.5,878.1,871.5,874.8,864.7,878.7,884.3,867.1,891.4,906.7,923.0,1.3,23.1
2025-04-23 15:23:30,875.6,865.0,878.2,871.4,874.9,864.7,878.7,883.3,866.8,891.4,906.1,922.1,1.5,23.1
2025-04-23 15:23:35,876.0,865.3,878.5,871.1,875.0,864.6,877.9,882.9,866.7,890.9,905.7,922.6,1.3,23.2
2025-04-23 15:23:40,876.0,864.8,878.9,871.9,874.6,865.1,877.9,882.9,866.6,890.7,905.4,922.8,1.2,23.2
2025-04-23 15:23:45,875.8,864.3,878.9,872.0,874.5,865.2,878.3,883.1,866.3,890.7,905.7,921.8,1.5,23.2
2025-04-23 15:23:50,875.2,863.9,877.8,871.6,874.3,865.4,877.9,883.1,866.4,890.4,906.0,921.6,1.5,23.2
2025-04-23 15:23:55,875.3,863.3,878.0,871.5,873.9,864.9,877.8,883.0,865.5,890.2,905.7,921.1,1.4,23.2
2025-04-23 15:24:00,875.3,863.0,877.8,871.2,874.3,864.4,877.3,882.3,864.9,890.2,905.3,920.4,1.3,23.2
2025-04-23 15:24:05,875.2,863.5,877.7,871.5,874.1,864.2,877.2,881.9,865.0,890.2,905.5,919.0,1.0,23.2
2025-04-23 15:24:10,875.0,864.4,878.1,871.5,873.8,864.1,877.1,882.2,865.1,889.9,905.5,918.7,0.9,23.2
2025-04-23 15:24:15,874.6,864.6,877.7,871.2,872.5,863.8,876.4,882.1,864.6,889.3,905.4,918.2,0.9,23.2
2025-04-23 15:24:20,874.8,863.9,877.1,870.6,872.1,863.7,876.0,882.0,864.4,889.3,904.8,917.9,1.0,23.2
2025-04-23 15:24:25,874.6,862.9,877.5,870.5,871.9,863.4,875.6,881.6,864.4,888.7,904.6,918.3,1.1,23.2
2025-04-23 15:24:30,874.2,863.7,876.9,870.4,871.4,863.3,875.4,881.2,864.3,888.4,904.6,918.7,1.3,23.3
2025-04-23 15:24:35,874.0,862.9,877.0,870.7,871.6,862.7,875.2,881.2,864.3,888.4,904.7,918.3,1.3,23.2
2025-04-23 15:24:40,873.5,862.5,876.6,870.6,871.7,862.4,875.5,880.7,865.1,888.2,904.8,918.4,1.2,23.3
2025-04-23 15:24:45,873.0,862.3,876.3,869.9,871.9,862.7,875.4,880.6,865.3,888.3,904.8,918.3,1.1,23.3
2025-04-23 15:24:50,873.4,862.5,876.2,869.8,872.0,862.6,875.3,880.8,864.9,888.4,904.9,918.2,0.9,23.3
2025-04-23 15:24:55,873.1,863.5,876.0,869.2,872.1,862.8,874.7,881.0,865.4,888.5,905.1,917.9,0.9,23.3
2025-04-23 15:25:00,873.2,862.3,875.8,869.1,872.0,862.7,875.0,881.3,865.8,888.6,905.1,917.7,1.1,23.3
2025-04-23 15:25:05,872.8,861.8,875.7,868.6,871.8,862.5,875.3,880.9,865.3,888.6,905.2,916.8,1.0,23.3
2025-04-23 15:25:10,872.5,860.8,875.7,868.4,872.0,862.3,875.8,881.1,865.1,887.9,905.0,916.7,1.3,23.3
2025-04-23 15:25:15,872.5,860.5,876.0,868.3,872.0,862.0,875.4,881.4,865.1,888.3,905.1,916.5,1.2,23.4
2025-04-23 15:25:20,872.2,860.3,876.1,868.7,871.8,861.8,874.7,880.9,864.7,888.2,905.2,916.3,1.0,23.4
2025-04-23 15:25:25,872.5,860.2,876.0,868.8,871.6,862.3,874.7,880.7,864.8,887.9,904.9,916.0,1.2,23.4
2025-04-23 15:25:30,872.8,860.4,875.8,869.1,871.1,862.1,874.5,880.7,864.8,888.0,905.0,916.3,1.6,23.4
2025-04-23 15:25:35,872.5,860.6,875.9,868.8,871.0,862.7,874.9,881.2,864.4,887.9,905.1,915.8,2.0,23.4
2025-04-23 15:25:40,871.8,860.4,875.8,869.0,871.0,862.7,875.4,881.5,864.9,888.1,905.4,915.9,2.1,23.4
2025-04-23 15:25:45,871.2,860.2,875.6,868.8,871.2,862.9,875.3,881.6,865.0,888.2,905.7,916.0,1.8,23.4
2025-04-23 15:25:50,871.3,860.3,875.1,869.0,871.1,862.9,875.2,881.2,865.3,888.3,905.6,916.3,1.9,23.4
2025-04-23 15:25:55,871.1,860.4,875.1,869.1,871.3,862.5,875.6,881.7,865.3,888.5,905.9,916.4,1.5,23.4
2025-04-23 15:26:00,870.6,860.9,874.5,869.2,871.2,862.2,875.4,881.4,865.3,888.5,905.9,916.0,1.4,23.4
2025-04-23 15:26:05,869.8,860.8,874.9,868.5,871.1,861.9,874.8,881.3,865.0,888.6,906.1,915.3,1.3,23.4
2025-04-23 15:26:10,870.0,861.0,875.3,868.2,870.8,861.9,874.7,881.3,864.8,888.5,906.1,915.0,1.4,23.4
2025-04-23 15:26:15,870.1,860.6,875.5,868.2,871.0,861.9,874.6,880.8,864.7,888.4,906.9,915.4,1.6,23.5
2025-04-23 15:26:20,869.8,860.3,875.3,868.0,871.1,861.8,874.7,880.3,864.1,887.5,906.2,915.5,1.3,23.5
2025-04-23 15:26:25,870.2,860.3,874.9,868.3,871.3,861.8,874.7,880.3,864.1,887.3,905.4,915.2,1.9,23.5
2025-04-23 15:26:30,870.1,860.6,874.8,868.3,871.0,861.8,874.7,879.9,864.1,887.3,905.1,915.1,2.0,23.5
2025-04-23 15:26:35,870.1,860.8,874.6,868.3,870.9,861.4,873.9,879.5,864.0,887.1,905.5,914.9,2.0,23.5
2025-04-23 15:26:40,870.1,861.6,874.7,868.3,870.6,861.0,873.4,879.6,863.1,886.7,904.2,914.9,1.9,23.5
2025-04-23 15:26:45,869.7,861.5,874.0,867.8,870.7,861.4,873.2,879.4,861.9,886.2,903.8,914.9,1.9,23.5
2025-04-23 15:26:50,869.7,860.9,873.7,868.1,870.2,861.4,873.1,878.7,862.4,886.1,903.8,914.6,1.8,23.5
2025-04-23 15:26:55,870.0,859.5,873.6,867.5,869.7,860.8,872.5,879.2,861.4,885.8,904.4,915.0,1.6,23.5
2025-04-23 15:27:00,870.2,859.4,873.0,867.5,869.6,860.5,872.6,878.5,861.5,886.0,903.8,914.0,1.7,23.5
2025-04-23 15:27:05,869.4,859.2,872.5,866.9,869.0,860.2,872.3,878.0,861.9,885.6,903.9,912.6,1.5,23.5
2025-04-23 15:27:10,869.1,858.5,871.8,866.4,868.2,860.3,872.6,878.1,861.6,885.6,903.7,912.0,1.3,23.5
2025-04-23 15:27:15,868.7,858.0,871.6,865.4,867.9,859.8,871.6,877.2,861.0,885.3,902.9,911.8,1.0,23.5
2025-04-23 15:27:20,868.3,857.2,871.4,865.4,867.7,859.2,871.6,877.3,860.3,884.2,902.1,911.4,0.9,23.5
2025-04-23 15:27:25,868.4,857.0,871.3,865.3,867.8,859.2,871.2,877.3,859.8,884.0,902.4,910.9,0.7,23.5
2025-04-23 15:27:30,868.4,856.5,871.2,865.1,867.6,858.6,870.9,877.1,859.6,883.6,902.0,910.1,0.6,23.5
2025-04-23 15:27:35,868.7,856.1,871.0,864.6,866.8,857.7,871.4,876.7,859.6,883.2,901.6,909.2,0.5,23.5
2025-04-23 15:27:40,868.4,856.3,871.2,864.7,866.8,857.5,871.4,876.0,859.4,882.3,901.4,908.6,0.4,23.6
2025-04-23 15:27:45,867.5,856.0,871.4,865.0,867.0,857.5,870.6,876.0,859.4,882.5,901.9,908.0,0.7,23.6
2025-04-23 15:27:50,867.2,855.6,870.8,864.6,867.1,857.3,870.8,876.2,859.3,882.8,902.2,907.9,0.7,23.6
2025-04-23 15:27:55,866.9,855.6,870.9,864.3,867.1,856.5,870.4,876.8,859.9,883.3,902.9,908.2,0.8,23.6
2025-04-23 15:28:00,867.2,856.3,870.7,864.6,867.2,856.5,870.2,876.7,860.5,883.3,902.6,908.8,1.2,23.7
2025-04-23 15:28:05,867.2,856.1,870.7,864.3,867.1,857.5,870.8,876.8,860.0,883.4,903.0,908.4,1.1,23.7
2025-04-23 15:28:10,867.2,856.7,870.5,863.5,866.9,857.1,870.8,877.3,860.4,883.8,903.4,909.0,1.8,23.7
2025-04-23 15:28:15,866.8,856.9,870.5,863.9,866.9,856.8,870.4,877.3,860.3,883.8,903.6,909.7,1.8,23.7
2025-04-23 15:28:20,866.6,856.6,870.4,862.9,867.0,856.5,870.1,877.6,860.2,883.9,903.4,909.7,1.3,23.7
2025-04-23 15:28:25,867.0,856.7,871.4,863.2,867.0,856.9,870.3,877.0,860.2,883.9,903.1,909.4,1.8,23.7
2025-04-23 15:28:30,866.6,856.6,871.2,862.6,867.0,856.9,870.3,877.1,860.5,883.8,903.5,909.8,2.0,23.7
2025-04-23 15:28:35,866.7,856.7,871.6,862.3,866.8,856.3,870.4,877.1,860.4,883.6,903.5,909.8,2.7,23.8
2025-04-23 15:28:40,866.6,856.2,871.4,862.1,866.5,856.1,869.9,876.8,860.1,883.5,903.4,909.8,3.3,23.8
2025-04-23 15:28:45,866.3,857.0,871.3,862.3,866.4,856.1,869.7,876.7,859.8,883.3,903.1,910.5,2.9,23.8
2025-04-23 15:28:50,865.9,856.9,870.4,863.1,866.6,856.5,870.1,876.3,859.6,883.0,902.4,910.6,2.8,23.8
2025-04-23 15:28:55,865.9,856.4,870.3,863.5,866.3,856.2,870.0,875.8,859.2,882.0,902.6,910.2,2.6,23.8
2025-04-23 15:29:00,865.7,856.5,870.3,862.9,866.1,856.7,869.9,876.2,859.1,882.1,902.3,910.4,2.7,23.8
2025-04-23 15:29:05,865.0,856.4,870.2,862.6,865.8,857.0,869.4,876.2,858.9,881.7,902.6,910.6,2.8,23.8
2025-04-23 15:29:10,864.9,856.3,869.9,861.3,866.3,855.4,869.5,875.6,859.3,882.1,902.5,910.1,2.8,23.7
2025-04-23 15:29:15,864.6,854.7,869.0,861.7,866.4,854.5,869.3,874.7,859.7,881.9,902.1,908.6,2.5,23.8
2025-04-23 15:29:20,864.0,854.9,868.0,861.4,865.5,854.7,869.1,874.9,859.1,881.8,902.0,908.6,2.3,23.7
2025-04-23 15:29:25,863.3,854.8,867.2,861.0,865.0,853.9,868.5,874.9,858.8,882.0,902.0,908.6,2.1,23.7
2025-04-23 15:29:30,862.9,854.9,866.8,860.9,864.8,853.7,867.7,874.3,858.2,881.5,901.6,908.5,2.4,23.7
2025-04-23 15:29:35,862.9,854.8,866.1,860.6,864.3,854.2,868.0,873.9,858.0,881.5,901.9,908.3,2.2,23.7
2025-04-23 15:29:40,862.7,855.1,866.2,860.8,864.3,854.1,868.3,872.6,858.2,881.3,901.3,908.5,1.8,23.7
2025-04-23 15:29:45,862.3,854.5,866.0,860.9,863.8,853.3,869.3,872.2,857.8,881.0,901.7,908.3,1.5,23.6
2025-04-23 15:29:50,862.4,854.2,865.5,860.8,863.5,853.5,869.1,872.3,857.7,880.4,901.1,907.9,1.2,23.6
2025-04-23 15:29:55,862.2,853.4,865.2,858.9,862.8,851.5,868.9,872.2,857.3,879.7,900.5,907.2,1.1,23.6
2025-04-23 15:30:00,862.3,853.5,865.4,859.0,862.3,850.7,867.9,871.4,857.1,879.5,901.0,906.9,1.0,23.6
2025-04-23 15:30:05,862.6,853.7,865.4,858.9,862.6,850.5,867.4,872.5,857.0,879.4,899.9,907.5,1.1,23.6
2025-04-23 15:30:10,863.3,853.7,865.0,859.4,862.9,851.0,867.5,872.6,857.0,878.9,899.5,907.2,1.0,23.6
2025-04-23 15:30:15,862.8,854.2,864.9,859.5,863.0,851.1,868.8,871.8,857.0,879.0,899.5,908.1,0.8,23.6
2025-04-23 15:30:20,862.6,854.4,865.2,859.1,863.6,851.8,868.2,871.8,857.2,878.5,899.3,907.3,2.6,23.6
2025-04-23 15:30:25,862.6,854.4,865.0,859.1,863.5,852.1,867.5,871.9,856.6,878.4,899.1,907.1,3.7,23.5
2025-04-23 15:30:30,862.2,854.4,865.5,859.2,863.6,852.1,867.3,872.4,856.6,878.4,899.3,906.6,3.1,23.5
2025-04-23 15:30:35,861.8,854.3,865.5,859.2,863.2,853.6,866.8,873.0,856.8,878.0,899.4,906.4,2.5,23.5
2025-04-23 15:30:40,862.1,854.2,866.0,858.9,863.3,853.2,866.6,873.0,856.4,878.3,899.7,905.6,2.1,23.4
2025-04-23 15:30:45,862.1,853.9,866.1,859.9,863.3,853.3,866.8,872.7,856.4,878.3,899.7,905.1,2.2,23.4
2025-04-23 15:30:50,862.1,854.2,866.7,860.3,863.0,853.3,867.0,872.0,856.3,878.4,899.5,904.2,2.3,23.4
2025-04-23 15:30:55,862.1,854.5,866.3,859.8,862.7,852.0,867.4,871.5,855.8,878.1,899.7,904.2,2.2,23.4
2025-04-23 15:31:00,862.0,854.6,866.4,859.7,862.5,852.7,867.8,871.4,855.7,878.3,900.0,904.7,1.8,23.4
2025-04-23 15:31:05,862.0,854.8,866.3,859.8,862.5,852.4,867.7,871.3,856.4,878.4,900.2,905.4,2.0,23.4
2025-04-23 15:31:10,862.0,855.2,866.3,860.1,862.8,852.2,867.8,871.5,856.4,878.2,900.4,905.6,2.1,23.4
2025-04-23 15:31:15,862.2,855.0,865.7,860.7,863.3,853.6,867.6,871.7,856.0,878.6,900.8,905.0,2.2,23.3
2025-04-23 15:31:20,863.1,855.3,866.5,860.8,862.9,853.4,867.4,872.0,855.9,879.0,901.4,905.1,2.2,23.3
2025-04-23 15:31:25,863.2,855.1,867.1,861.0,862.9,853.5,867.2,871.8,856.0,879.0,901.3,905.1,2.4,23.3
2025-04-23 15:31:30,863.3,856.3,867.5,861.0,863.2,853.8,867.4,872.0,855.8,879.0,901.6,905.5,2.1,23.3
2025-04-23 15:31:35,863.3,855.4,867.6,861.0,862.9,853.8,867.8,872.8,856.2,879.1,901.7,905.5,2.1,23.3
2025-04-23 15:31:40,863.6,855.1,867.4,861.9,863.2,853.6,867.7,873.2,856.1,879.1,901.7,905.0,2.3,23.3
2025-04-23 15:31:45,864.1,854.9,867.5,862.1,863.8,854.5,868.4,873.5,856.5,879.2,902.4,905.2,1.9,23.2
2025-04-23 15:31:50,864.5,854.4,868.0,862.2,865.0,855.3,868.3,873.7,856.9,879.4,902.4,905.7,1.6,23.2
2025-04-23 15:31:55,864.3,854.1,868.6,862.3,865.0,855.7,869.0,874.2,856.9,879.7,902.6,905.5,1.6,23.2
2025-04-23 15:32:00,864.8,854.5,868.7,862.4,864.6,855.4,868.2,874.5,857.2,880.0,903.7,906.0,2.2,23.2
2025-04-23 15:32:05,865.0,854.1,869.1,862.2,864.0,855.5,867.6,874.9,857.3,880.6,904.0,905.5,1.9,23.2
2025-04-23 15:32:10,864.9,854.2,868.7,861.7,863.4,854.6,867.1,874.3,857.6,880.9,903.3,904.9,1.6,23.2
2025-04-23 15:32:15,864.7,854.1,868.3,860.9,863.1,854.4,866.8,874.4,857.7,880.4,903.9,904.2,1.3,23.2
2025-04-23 15:32:20,864.3,853.9,867.1,861.0,862.3,854.3,866.3,873.8,857.1,880.1,903.5,903.5,1.2,23.2
2025-04-23 15:32:25,863.9,854.0,866.6,860.9,862.2,854.7,866.4,873.9,856.5,880.0,903.4,902.8,1.0,23.2
2025-04-23 15:32:30,863.7,854.2,866.6,861.5,862.5,854.5,866.2,873.8,856.2,879.9,903.5,902.8,0.9,23.3
2025-04-23 15:32:35,863.7,854.6,866.5,862.0,862.4,854.4,867.1,873.3,855.6,879.8,903.7,902.6,0.9,23.3
2025-04-23 15:32:40,863.5,854.5,866.2,862.0,861.5,854.2,867.1,873.3,855.5,879.0,903.8,902.1,0.8,23.3
2025-04-23 15:32:45,863.1,853.8,865.7,861.2,861.7,854.2,867.2,873.9,855.9,879.5,904.3,901.4,0.6,23.3
2025-04-23 15:32:50,862.9,854.3,865.5,860.9,861.5,853.8,867.3,873.6,856.0,879.7,905.0,900.9,0.6,23.3
2025-04-23 15:32:55,862.2,853.9,865.3,860.6,861.6,853.6,867.7,873.8,856.5,880.3,905.3,900.6,0.6,23.3
2025-04-23 15:33:00,862.0,853.4,864.9,860.0,861.6,852.6,867.9,872.6,856.1,880.5,905.2,900.0,0.5,23.3
2025-04-23 15:33:05,861.7,853.0,865.0,858.6,861.7,852.3,867.5,872.1,855.9,880.3,905.4,899.9,0.6,23.3
2025-04-23 15:33:10,861.2,852.7,865.3,859.1,861.3,851.3,867.5,872.1,855.9,879.9,905.2,899.7,0.7,23.3
2025-04-23 15:33:15,861.0,852.5,865.8,858.7,860.9,851.5,867.0,872.4,856.3,879.7,905.0,899.4,0.7,23.3
2025-04-23 15:33:20,861.4,852.4,865.7,858.4,861.0,851.7,866.9,872.4,855.7,879.2,904.5,899.4,0.8,23.4
2025-04-23 15:33:25,861.2,852.4,865.1,858.2,860.7,851.3,867.0,872.6,855.2,878.6,904.1,899.4,1.5,23.4
2025-04-23 15:33:30,861.5,852.9,864.9,857.8,861.2,852.0,866.8,871.7,855.2,878.3,903.9,899.3,1.4,23.4
2025-04-23 15:33:35,861.6,852.0,864.8,858.1,862.0,851.7,867.0,871.3,855.0,878.3,904.1,899.1,1.4,23.4
2025-04-23 15:33:40,861.5,851.6,866.3,858.5,861.6,851.1,866.7,872.0,854.6,878.4,904.4,899.2,2.7,23.4
2025-04-23 15:33:45,861.6,851.4,866.0,858.6,861.4,851.0,866.6,872.5,855.0,878.4,904.5,899.5,3.0,23.4
2025-04-23 15:33:50,861.5,851.6,865.9,858.3,861.1,850.9,866.7,872.4,855.1,878.3,904.8,899.4,2.6,23.4
2025-04-23 15:33:55,861.6,852.4,865.5,858.7,861.0,852.0,867.7,872.3,854.6,878.3,904.3,900.6,2.5,23.4
2025-04-23 15:34:00,861.3,854.5,865.3,858.6,861.0,851.3,867.7,872.3,854.5,878.3,904.8,900.8,2.3,23.4
2025-04-23 15:34:05,861.4,854.8,865.6,858.6,860.9,851.7,867.5,872.4,854.8,878.2,905.0,901.2,2.1,23.4
2025-04-23 15:34:10,861.9,853.9,865.8,858.8,861.0,851.9,867.3,872.0,855.3,879.0,905.3,900.7,2.5,23.4
2025-04-23 15:34:15,862.5,852.4,865.8,859.0,861.5,851.6,867.2,871.8,854.9,878.9,905.3,900.5,2.1,23.4
2025-04-23 15:34:20,862.9,851.5,866.0,858.3,861.5,851.8,867.2,871.8,854.5,878.6,905.4,899.9,3.1,23.4
2025-04-23 15:34:25,862.8,852.3,866.2,857.9,861.1,852.1,867.3,871.7,854.0,879.0,905.6,900.1,3.4,23.4
2025-04-23 15:34:30,863.0,851.6,866.5,857.8,861.4,851.2,867.2,871.3,853.9,878.9,905.8,900.2,2.8,23.4
2025-04-23 15:34:35,863.1,852.0,866.5,858.0,861.8,851.8,867.8,871.4,854.4,878.5,905.8,899.5,2.8,23.3
2025-04-23 15:34:40,863.5,852.1,866.3,858.3,862.2,851.5,868.2,871.3,854.3,878.4,905.7,899.4,2.8,23.3
2025-04-23 15:34:45,862.9,852.4,866.2,858.2,862.9,852.0,868.3,871.6,854.1,879.3,906.3,899.4,3.1,23.3
2025-04-23 15:34:50,863.1,853.2,866.9,858.6,862.7,851.6,868.2,871.7,854.2,879.4,906.5,899.7,3.3,23.3
2025-04-23 15:34:55,862.8,853.3,867.5,858.9,863.4,851.6,868.3,871.6,853.7,879.6,906.8,900.1,3.4,23.3
2025-04-23 15:35:00,862.7,853.4,867.3,858.9,862.9,851.7,868.4,872.3,853.9,879.3,907.2,900.2,2.9,23.3
2025-04-23 15:35:05,863.0,853.4,867.5,859.2,862.7,851.8,867.8,872.7,854.2,878.9,907.0,900.4,2.8,23.3
2025-04-23 15:35:10,863.6,852.8,867.2,858.9,863.2,852.1,867.4,873.0,855.2,878.6,907.1,899.8,2.4,23.3
2025-04-23 15:35:15,863.6,853.2,867.0,859.1,862.7,852.5,867.2,872.3,854.9,879.3,907.0,899.3,2.2,23.3
2025-04-23 15:35:20,863.8,852.8,867.1,859.0,862.2,852.3,866.8,872.2,854.8,878.9,907.2,898.7,2.5,23.3
2025-04-23 15:35:25,863.4,852.8,866.9,859.6,862.0,851.8,866.4,871.4,854.4,878.8,906.8,899.1,2.1,23.3
2025-04-23 15:35:30,863.6,852.6,866.9,859.5,861.5,852.1,866.8,872.0,854.4,878.7,906.4,899.1,2.2,23.3
2025-04-23 15:35:35,862.9,851.8,866.6,860.7,861.7,852.1,866.5,872.3,854.6,877.6,906.5,898.4,2.0,23.2
2025-04-23 15:35:40,862.3,851.3,865.5,859.4,861.0,851.9,866.3,872.0,854.3,877.4,905.8,898.0,1.8,23.3
2025-04-23 15:35:45,862.1,849.8,864.3,858.3,860.7,851.8,866.1,872.0,853.8,877.5,905.9,897.2,1.6,23.2
2025-04-23 15:35:50,861.8,850.3,863.9,858.1,859.3,850.7,864.4,871.0,853.1,877.3,905.8,896.8,1.9,23.3
2025-04-23 15:35:55,861.1,850.8,863.8,857.1,859.0,849.9,863.4,869.5,852.1,877.0,905.5,896.9,2.0,23.3
2025-04-23 15:36:00,860.5,850.4,863.2,856.7,858.6,849.4,863.6,870.0,851.8,876.4,904.8,896.3,2.1,23.3
2025-04-23 15:36:05,860.3,850.5,862.5,856.4,858.1,849.0,863.0,869.8,851.7,876.2,904.2,894.7,1.8,23.3
2025-04-23 15:36:10,860.5,850.5,862.6,856.5,858.1,848.4,862.7,869.2,851.1,875.4,903.7,895.4,1.7,23.3
2025-04-23 15:36:15,860.2,850.5,861.3,856.7,856.9,848.4,862.5,868.6,850.3,875.6,903.6,895.1,1.3,23.3
2025-04-23 15:36:20,860.0,850.7,861.3,857.1,856.3,848.3,862.4,868.1,850.0,875.0,903.8,895.5,1.1,23.3
2025-04-23 15:36:25,859.7,851.3,861.2,857.4,856.1,848.5,862.2,867.9,849.5,874.7,903.9,895.7,1.0,23.3
2025-04-23 15:36:30,858.7,851.6,861.3,856.6,856.1,848.5,862.2,867.6,849.4,874.6,903.6,895.2,0.9,23.3
2025-04-23 15:36:35,858.9,851.8,861.2,856.0,856.0,848.9,862.6,868.9,849.7,874.6,903.6,895.0,0.9,23.3
2025-04-23 15:36:40,858.8,852.5,862.1,856.7,856.5,848.3,862.7,868.3,850.3,874.7,904.0,894.8,0.7,23.3
2025-04-23 15:36:45,858.9,852.0,862.0,856.3,856.6,848.6,862.1,868.8,850.3,874.3,904.6,895.0,0.6,23.3
2025-04-23 15:36:50,858.9,851.6,861.9,856.8,856.7,848.6,862.4,868.4,850.1,874.3,904.6,894.5,0.5,23.3
2025-04-23 15:36:55,858.4,850.1,861.0,856.5,857.0,849.2,861.9,868.4,849.7,874.3,904.7,894.5,0.5,23.3
2025-04-23 15:37:00,858.3,850.0,861.2,856.2,856.4,849.4,862.3,868.6,849.8,874.0,904.6,893.9,0.4,23.3
2025-04-23 15:37:05,859.2,849.7,861.3,855.7,856.6,849.5,862.9,868.3,849.9,873.7,903.3,893.5,0.5,23.4
2025-04-23 15:37:10,858.5,849.7,861.4,855.0,857.0,848.3,862.5,868.2,850.0,873.5,903.8,893.4,0.8,23.4
2025-04-23 15:37:15,858.9,849.5,861.7,855.2,857.0,847.9,861.8,868.4,849.5,873.6,904.2,893.7,0.8,23.4
2025-04-23 15:37:20,858.2,849.5,861.6,854.8,857.6,847.7,861.9,868.3,849.5,873.1,903.8,894.1,1.1,23.4
2025-04-23 15:37:25,858.5,849.0,861.8,855.1,857.9,848.2,861.8,867.7,849.3,874.0,904.4,893.2,1.2,23.4
2025-04-23 15:37:30,858.8,848.6,861.5,855.3,856.9,847.9,861.8,867.8,849.5,873.4,904.3,892.7,1.2,23.4
2025-04-23 15:37:35,858.2,848.1,861.4,855.1,856.9,847.6,861.5,867.8,848.8,873.3,904.5,893.0,1.0,23.4
2025-04-23 15:37:40,858.3,848.7,861.0,854.6,856.4,847.7,861.6,868.0,848.1,873.0,904.8,893.1,0.9,23.4
2025-04-23 15:37:45,858.0,848.9,861.0,855.3,856.4,847.1,861.8,867.6,848.2,873.8,904.8,892.6,0.7,23.4
2025-04-23 15:37:50,857.6,849.4,860.7,855.2,855.6,848.2,861.9,867.2,848.5,873.1,904.9,893.5,0.6,23.5
2025-04-23 15:37:55,857.8,849.6,860.3,855.6,855.6,848.4,861.7,867.2,848.2,872.9,904.6,893.1,0.5,23.5
2025-04-23 15:38:00,858.0,848.3,860.4,855.7,855.9,847.8,861.3,867.1,848.3,873.0,904.5,892.4,0.8,23.5
2025-04-23 15:38:05,857.4,848.1,860.2,854.7,855.9,847.3,860.5,866.8,848.4,872.9,904.3,891.5,0.7,23.5
2025-04-23 15:38:10,857.7,848.3,860.1,853.9,855.9,847.0,860.5,866.3,847.8,872.8,904.2,890.9,0.6,23.5
2025-04-23 15:38:15,857.0,847.6,859.9,854.2,855.7,846.2,860.3,865.5,847.5,872.5,904.1,889.7,0.7,23.5
2025-04-23 15:38:20,857.0,847.7,859.7,853.9,855.1,845.5,860.2,865.6,847.3,872.3,904.3,889.0,0.6,23.5
2025-04-23 15:38:25,856.3,847.4,859.3,852.9,854.5,845.4,860.3,865.0,846.6,872.0,904.3,888.7,0.5,23.6
2025-04-23 15:38:30,857.6,848.2,859.5,851.6,854.7,844.6,860.4,864.7,847.0,872.0,904.4,888.9,0.5,23.6
2025-04-23 15:38:35,857.1,848.5,859.7,851.6,854.6,843.9,859.6,864.5,846.8,872.0,904.5,888.6,0.7,23.6
2025-04-23 15:38:40,857.5,848.2,859.1,851.6,854.4,844.1,859.8,864.5,847.1,871.9,904.5,888.2,0.6,23.6
2025-04-23 15:38:45,857.5,848.0,859.3,851.8,854.2,844.1,859.4,864.3,847.8,871.6,904.4,888.2,0.8,23.6
2025-04-23 15:38:50,857.3,848.1,859.2,851.5,854.4,844.2,860.4,864.1,847.3,871.0,903.9,888.6,1.4,23.7
2025-04-23 15:38:55,856.8,847.3,859.1,851.6,855.0,844.1,859.5,864.5,846.6,870.8,903.9,887.9,1.2,23.7
2025-04-23 15:39:00,856.0,847.2,859.6,851.7,855.0,843.7,859.4,864.5,846.0,870.9,904.0,888.8,1.9,23.7
2025-04-23 15:39:05,855.9,846.5,859.6,851.5,854.9,844.8,859.4,864.7,846.2,871.0,904.1,889.2,2.3,23.7
2025-04-23 15:39:10,855.8,846.3,860.0,851.8,854.5,845.1,859.2,864.6,845.9,871.1,904.7,889.0,2.6,23.7
2025-04-23 15:39:15,855.5,846.5,859.9,851.8,854.2,845.1,859.3,864.8,845.6,871.1,904.9,887.4,2.5,23.7
2025-04-23 15:39:20,855.4,846.7,860.0,851.9,854.4,844.8,859.9,864.8,846.0,871.1,904.8,887.4,3.3,23.7
2025-04-23 15:39:25,855.7,847.0,859.9,851.4,854.6,845.3,859.8,864.8,845.9,871.1,905.1,887.5,2.8,23.7
2025-04-23 15:39:30,856.7,847.9,860.1,851.5,855.2,845.3,859.6,864.9,846.4,871.2,905.0,887.2,2.5,23.7
2025-04-23 15:39:35,857.0,847.8,859.9,851.4,854.9,845.0,859.4,864.8,845.8,871.3,905.1,887.2,2.1,23.7
2025-04-23 15:39:40,857.1,847.2,859.9,851.7,855.2,844.7,860.2,864.6,846.0,871.2,905.2,887.3,2.1,23.7
2025-04-23 15:39:45,857.7,846.8,860.2,851.8,855.1,845.3,860.6,864.7,845.5,871.0,905.2,887.1,2.1,23.7
2025-04-23 15:39:50,857.1,846.8,859.9,852.4,855.3,845.0,860.0,864.5,845.6,871.0,905.4,886.9,2.4,23.7
2025-04-23 15:39:55,857.3,846.8,859.9,852.6,855.2,844.3,860.1,864.5,845.6,871.2,905.5,887.4,2.9,23.7
2025-04-23 15:40:00,857.2,846.9,860.1,852.6,856.1,843.9,861.0,864.4,845.4,870.9,905.2,887.8,2.6,23.7
2025-04-23 15:40:05,857.2,848.2,860.0,853.0,855.9,843.6,861.1,864.7,845.2,871.0,905.7,888.1,2.8,23.7
2025-04-23 15:40:10,856.8,848.6,859.9,852.9,855.6,843.9,860.6,865.5,845.0,871.1,905.8,888.3,2.7,23.7
2025-04-23 15:40:15,856.8,847.0,860.0,853.0,855.1,844.5,860.1,864.9,845.1,871.3,906.3,887.9,2.8,23.7
2025-04-23 15:40:20,857.2,846.2,859.6,852.5,855.1,844.1,859.8,865.0,845.2,871.1,906.2,887.5,2.7,23.6
2025-04-23 15:40:25,856.9,847.0,859.4,852.4,855.4,844.0,859.3,865.4,845.0,871.4,906.5,886.9,2.5,23.6
2025-04-23 15:40:30,856.5,846.8,859.2,852.2,854.7,844.3,859.6,865.4,845.1,871.5,906.9,886.3,2.7,23.6
2025-04-23 15:40:35,856.0,846.6,859.1,851.8,853.9,844.3,859.2,864.2,844.8,871.2,906.3,886.3,2.5,23.6
2025-04-23 15:40:40,855.6,846.0,858.9,851.5,853.7,844.0,858.9,863.7,844.2,870.9,906.1,885.6,2.7,23.5
2025-04-23 15:40:45,855.3,845.9,858.1,851.8,853.5,843.4,858.7,863.7,844.0,870.6,906.1,885.3,2.6,23.5
2025-04-23 15:40:50,855.0,846.1,857.8,851.3,854.4,843.4,858.7,863.4,844.1,870.4,905.8,884.4,1.8,23.5
2025-04-23 15:40:55,855.5,845.8,857.9,851.1,854.1,843.0,858.6,863.2,844.3,870.3,906.0,883.9,1.7,23.5
2025-04-23 15:41:00,855.4,845.4,857.9,851.3,853.8,843.3,858.3,863.1,844.2,870.5,906.1,883.6,1.3,23.5
2025-04-23 15:41:05,855.1,845.4,857.6,851.4,853.5,843.9,857.9,862.8,844.0,870.3,906.2,883.9,1.2,23.5
2025-04-23 15:41:10,854.9,845.8,857.8,851.3,853.1,844.0,858.2,863.4,843.9,870.4,906.2,884.5,1.1,23.5
2025-04-23 15:41:15,854.7,846.3,857.6,850.8,852.7,843.7,857.6,863.6,843.3,870.1,905.9,883.7,1.4,23.5
2025-04-23 15:41:20,854.7,845.8,856.3,850.6,852.9,843.1,857.1,863.6,843.0,869.8,905.7,882.5,1.6,23.6
2025-04-23 15:41:25,855.0,844.9,855.9,850.1,852.7,842.8,857.8,863.5,842.4,869.5,905.7,882.2,1.6,23.6
2025-04-23 15:41:30,854.9,844.6,856.1,849.6,852.2,842.6,857.5,863.5,841.9,869.2,905.1,882.3,1.3,23.6
2025-04-23 15:41:35,854.3,844.7,856.2,849.4,851.8,842.4,857.4,863.0,841.9,868.5,905.0,882.5,1.2,23.6
2025-04-23 15:41:40,853.8,844.2,855.4,850.0,851.6,842.8,857.2,863.0,842.1,868.1,904.3,882.7,1.0,23.6
2025-04-23 15:41:45,853.4,844.4,855.0,850.3,851.7,842.1,857.0,862.7,841.3,867.7,904.4,882.6,0.9,23.6
2025-04-23 15:41:50,853.3,844.1,854.3,850.5,852.0,841.7,856.4,861.9,840.8,867.5,904.1,882.1,1.2,23.6
2025-04-23 15:41:55,853.2,843.8,854.9,850.3,851.9,842.0,856.2,862.1,840.9,867.5,904.0,882.0,1.1,23.6
2025-04-23 15:42:00,853.2,843.8,855.0,850.0,851.5,841.9,856.2,861.6,840.8,867.6,903.8,881.6,1.2,23.6
2025-04-23 15:42:05,853.4,844.0,855.1,849.2,851.6,841.7,855.7,861.2,840.9,867.3,904.5,880.7,1.5,23.6
2025-04-23 15:42:10,853.4,844.1,855.9,848.9,851.8,841.6,855.8,860.9,840.7,867.7,904.5,880.3,1.4,23.6
2025-04-23 15:42:15,854.2,844.2,855.7,849.4,851.2,841.5,855.6,860.8,840.6,867.5,904.0,880.9,1.3,23.6
2025-04-23 15:42:20,853.6,844.2,855.9,849.5,851.6,841.2,856.5,861.4,840.3,867.3,904.1,881.3,1.4,23.7
2025-04-23 15:42:25,853.2,844.1,855.7,849.4,852.2,840.8,856.8,861.0,840.7,867.3,904.0,881.1,1.5,23.7
2025-04-23 15:42:30,853.1,844.1,855.3,849.2,852.5,842.0,856.1,861.3,841.0,867.4,904.2,881.6,2.2,23.7
2025-04-23 15:42:35,853.2,844.1,855.5,849.1,852.0,841.8,855.2,861.3,841.4,866.7,904.1,881.7,3.0,23.7
2025-04-23 15:42:40,853.3,843.4,856.1,849.2,852.2,841.1,855.0,861.0,841.1,866.8,904.4,881.6,3.0,23.7
2025-04-23 15:42:45,853.3,843.2,856.5,848.4,851.8,841.1,855.2,862.3,841.1,866.4,904.1,881.3,2.7,23.7
2025-04-23 15:42:50,853.2,842.8,856.4,848.2,851.5,840.9,855.6,862.2,841.1,866.4,904.3,879.9,2.4,23.6
2025-04-23 15:42:55,854.0,842.6,856.4,847.5,850.6,840.8,855.2,861.7,840.3,866.1,904.0,879.7,2.0,23.6
2025-04-23 15:43:00,853.2,842.4,856.0,847.5,850.9,841.5,854.7,861.6,839.6,866.1,904.1,879.3,1.8,23.6
2025-04-23 15:43:05,852.6,842.0,855.3,847.6,850.5,842.1,854.9,861.0,839.7,866.0,903.9,879.0,1.6,23.6
2025-04-23 15:43:10,852.9,842.3,854.7,848.8,850.3,841.9,855.0,860.4,839.4,866.0,904.0,878.5,1.3,23.6
2025-04-23 15:43:15,852.7,842.4,854.2,849.3,849.8,841.6,854.6,860.2,839.4,865.9,903.8,878.0,1.2,23.6
2025-04-23 15:43:20,852.4,842.7,854.1,849.3,849.8,841.0,854.6,860.2,839.2,865.5,903.5,878.0,1.1,23.6
2025-04-23 15:43:25,852.2,842.0,853.8,848.8,849.7,840.3,854.4,859.8,839.5,865.1,903.5,878.7,0.8,23.6
2025-04-23 15:43:30,852.8,843.3,853.6,848.5,849.5,839.8,853.9,859.8,839.2,865.0,903.0,879.1,0.7,23.6
2025-04-23 15:43:35,852.9,842.9,853.8,848.1,849.6,838.6,853.6,859.5,839.1,864.4,902.9,879.1,0.7,23.6
2025-04-23 15:43:40,852.4,842.8,853.4,847.3,849.4,838.3,853.0,858.6,838.7,864.3,902.8,878.6,0.8,23.6
2025-04-23 15:43:45,852.4,843.1,853.4,846.8,849.5,837.8,853.5,858.3,837.9,864.4,902.8,877.8,1.0,23.6
2025-04-23 15:43:50,852.2,843.0,853.6,846.0,849.4,837.5,853.5,858.5,837.8,864.3,903.2,877.2,1.4,23.6
2025-04-23 15:43:55,852.4,842.2,854.0,845.9,849.3,837.4,853.3,858.3,837.4,864.1,903.1,876.8,1.6,23.6
2025-04-23 15:44:00,852.1,842.2,854.3,845.6,849.0,837.4,853.3,858.6,837.2,864.0,903.0,877.0,1.5,23.6
2025-04-23 15:44:05,851.7,842.4,854.0,845.7,848.4,837.1,853.1,857.4,837.3,864.1,903.3,876.6,1.5,23.6
2025-04-23 15:44:10,851.5,841.8,853.1,844.9,847.8,837.2,852.7,857.2,837.5,863.7,903.1,876.6,1.3,23.6
2025-04-23 15:44:15,851.9,841.3,852.7,844.9,848.0,837.9,852.4,856.7,837.2,863.9,902.7,877.1,1.2,23.6
2025-04-23 15:44:20,851.4,840.4,853.0,844.9,848.1,837.2,852.4,857.1,837.2,863.7,902.8,877.0,1.0,23.6
2025-04-23 15:44:25,851.4,840.8,853.3,844.5,848.1,836.7,852.3,857.3,837.0,863.2,902.8,877.0,1.0,23.6
2025-04-23 15:44:30,851.2,840.6,853.2,844.3,847.8,836.5,852.2,857.2,836.5,863.2,903.0,876.8,1.0,23.6
2025-04-23 15:44:35,850.9,840.2,852.8,844.0,848.3,836.0,852.5,857.1,836.9,863.0,903.4,876.2,0.9,23.6
2025-04-23 15:44:40,850.6,839.6,851.8,843.5,847.6,835.6,852.5,857.0,836.9,863.4,903.3,875.6,0.8,23.6
2025-04-23 15:44:45,851.0,839.6,851.9,843.6,847.4,835.9,852.4,857.0,836.5,863.3,903.1,875.7,1.0,23.6
2025-04-23 15:44:50,851.3,839.6,851.8,843.4,847.3,836.0,852.9,857.7,836.8,863.4,903.3,875.7,1.5,23.6
2025-04-23 15:44:55,851.1,839.4,851.9,843.1,847.8,836.2,852.4,857.4,836.6,863.4,903.2,875.8,2.0,23.6
2025-04-23 15:45:00,851.0,839.9,851.8,843.0,847.4,836.1,852.3,857.5,836.4,862.9,903.1,876.0,2.0,23.6
2025-04-23 15:45:05,850.9,839.6,851.6,843.3,847.0,836.1,851.6,856.8,836.4,862.6,903.1,875.7,2.0,23.6
2025-04-23 15:45:10,850.8,839.4,851.5,843.0,846.9,836.8,850.9,856.9,835.9,862.3,902.1,874.7,1.6,23.7
2025-04-23 15:45:15,850.4,839.4,851.3,842.7,846.6,836.6,850.6,856.7,835.6,862.2,901.9,874.5,1.5,23.7
2025-04-23 15:45:20,850.3,838.1,851.0,842.8,845.9,836.3,850.3,856.3,835.5,861.7,901.8,874.4,1.4,23.7
2025-04-23 15:45:25,849.9,838.3,851.5,843.0,846.4,836.0,850.8,855.7,835.0,861.4,902.2,874.1,1.2,23.7
2025-04-23 15:45:30,850.0,838.3,851.0,843.0,846.7,835.8,850.9,855.6,835.1,862.3,902.6,873.7,1.1,23.7
2025-04-23 15:45:35,849.8,838.8,851.1,843.8,846.4,835.8,850.9,855.5,834.7,861.9,902.2,873.1,1.0,23.7
2025-04-23 15:45:40,849.7,839.1,851.4,844.3,845.9,835.4,850.8,855.2,834.6,861.5,902.3,872.2,0.8,23.7
2025-04-23 15:45:45,850.2,838.7,851.4,844.4,845.8,835.4,850.8,855.8,834.2,861.8,902.8,872.4,0.8,23.7
2025-04-23 15:45:50,849.8,839.3,850.9,844.0,845.9,835.0,850.9,855.8,834.8,861.5,902.3,872.5,0.7,23.7
2025-04-23 15:45:55,850.0,839.1,850.7,844.2,846.1,835.2,850.4,856.0,835.0,862.0,903.3,872.7,0.6,23.7
2025-04-23 15:46:00,849.5,838.9,851.1,844.2,846.1,835.2,850.8,855.7,834.9,861.4,903.2,872.6,0.8,23.8
2025-04-23 15:46:05,849.5,839.9,850.9,843.6,846.2,835.4,851.6,855.5,834.6,861.8,903.5,873.1,0.7,23.8
2025-04-23 15:46:10,849.6,840.3,851.1,843.8,846.6,835.2,851.3,855.6,834.7,861.7,903.9,873.3,0.6,23.8
2025-04-23 15:46:15,849.7,841.0,851.0,843.7,847.0,835.5,851.4,855.6,834.2,861.3,903.5,872.8,0.7,23.8
2025-04-23 15:46:20,849.9,840.9,850.5,843.5,846.9,835.2,850.7,855.6,834.0,861.3,903.3,872.9,1.1,23.8
2025-04-23 15:46:25,849.8,840.5,850.4,843.6,846.4,834.7,850.9,855.1,834.4,861.4,903.6,872.2,1.0,23.8
2025-04-23 15:46:30,849.6,840.0,850.9,843.1,846.5,834.5,851.2,855.5,834.4,861.3,903.8,872.7,1.0,23.8
2025-04-23 15:46:35,849.8,839.4,850.4,843.2,846.9,834.9,851.1,856.0,834.6,861.2,903.9,872.1,0.9,23.8
2025-04-23 15:46:40,849.5,839.1,850.5,843.4,847.3,834.9,851.3,855.7,834.7,861.1,904.3,872.0,0.7,23.9
2025-04-23 15:46:45,849.7,839.7,851.5,843.1,847.3,835.1,850.7,856.5,834.7,861.0,904.5,872.3,0.6,23.9
2025-04-23 15:46:50,849.9,839.3,852.0,842.6,846.8,835.1,850.8,856.4,834.6,861.2,904.2,872.0,0.6,23.9
2025-04-23 15:46:55,849.8,838.6,851.6,842.3,846.6,835.4,850.3,856.5,834.7,860.9,904.7,873.6,0.8,23.9
2025-04-23 15:47:00,849.7,839.0,851.1,842.2,846.7,836.2,850.0,856.6,834.8,861.1,904.8,873.4,1.0,23.9
2025-04-23 15:47:05,849.3,839.0,850.3,842.2,846.0,836.3,849.7,856.3,835.2,861.2,904.5,872.8,1.3,24.0
2025-04-23 15:47:10,849.9,838.7,850.2,841.9,845.8,835.6,849.6,856.0,835.0,861.1,904.3,872.1,1.5,24.0
2025-04-23 15:47:15,849.7,838.5,849.8,842.2,845.7,835.6,849.9,855.6,834.2,860.9,904.5,871.2,1.3,24.0
2025-04-23 15:47:20,849.6,837.7,849.7,842.8,845.5,835.7,850.0,855.6,833.4,860.9,904.9,871.0,1.1,24.0
2025-04-23 15:47:25,849.3,837.2,848.4,843.1,845.8,835.1,849.6,855.0,833.5,860.4,904.5,870.8,1.0,24.0
2025-04-23 15:47:30,849.0,836.9,849.2,843.0,845.7,835.4,848.9,854.7,833.2,860.7,904.6,870.6,1.4,24.1
2025-04-23 15:47:35,848.2,836.8,849.0,842.2,845.0,835.0,848.4,854.5,834.2,860.5,904.8,870.6,1.5,24.1
2025-04-23 15:47:40,848.2,836.8,849.4,842.1,844.2,834.1,849.0,854.3,833.5,860.5,904.8,870.1,1.2,24.1
2025-04-23 15:47:45,848.1,836.5,849.6,841.7,844.1,833.8,849.4,854.3,833.4,860.5,904.9,868.9,1.1,24.1
2025-04-23 15:47:50,847.7,836.8,849.2,840.7,844.2,832.7,849.2,854.7,833.4,859.8,905.1,868.7,1.0,24.1
2025-04-23 15:47:55,847.7,837.0,848.7,841.1,843.6,832.5,848.8,855.0,833.0,859.8,904.7,868.4,1.1,24.1
2025-04-23 15:48:00,848.4,837.1,848.0,841.6,843.2,832.1,848.3,853.8,832.6,859.7,904.5,867.2,1.2,24.2
2025-04-23 15:48:05,847.9,837.3,847.8,841.7,842.7,831.8,848.0,853.4,832.5,859.2,904.0,867.2,1.1,24.2
2025-04-23 15:48:10,847.3,836.9,847.6,839.9,842.9,832.4,848.1,853.5,832.3,859.2,904.3,867.1,0.9,24.2
2025-04-23 15:48:15,847.4,837.0,847.9,840.2,842.6,832.4,848.2,853.2,832.2,859.0,904.2,867.2,0.8,24.2
2025-04-23 15:48:20,846.9,837.2,847.5,839.6,842.7,832.2,848.1,853.7,831.7,859.0,904.5,867.3,0.7,24.2
2025-04-23 15:48:25,846.1,836.7,847.2,840.1,842.4,832.3,847.7,853.1,831.6,859.1,904.1,867.2,0.5,24.3
2025-04-23 15:48:30,846.2,837.1,847.4,840.0,842.4,832.4,847.6,853.0,832.1,858.8,904.0,866.4,0.4,24.3
2025-04-23 15:48:35,845.8,837.0,847.5,839.9,842.2,832.1,847.5,851.9,832.1,858.7,904.4,866.2,0.3,24.3
2025-04-23 15:48:40,845.3,837.1,847.4,839.7,842.2,831.8,846.9,852.0,832.9,857.9,904.0,865.9,0.3,24.3
2025-04-23 15:48:45,845.0,836.8,847.3,839.4,842.4,831.9,847.3,853.1,832.8,858.3,904.4,865.9,0.3,24.3
2025-04-23 15:48:50,845.0,836.1,846.2,839.2,842.2,831.5,847.8,853.1,833.0,858.2,904.4,866.2,0.2,24.3
2025-04-23 15:48:55,845.2,836.4,846.5,839.3,841.9,831.0,848.0,853.2,832.6,858.3,904.6,866.3,0.2,24.4
2025-04-23 15:49:00,845.2,836.6,846.3,839.9,843.5,831.0,847.6,852.7,832.1,857.8,904.7,866.6,0.2,24.4
2025-04-23 15:49:05,844.7,836.3,846.2,840.2,843.0,831.2,847.0,852.5,831.5,857.9,904.2,866.3,0.1,24.4
2025-04-23 15:49:10,844.6,835.8,845.6,839.6,842.5,831.7,846.5,852.5,831.3,857.6,904.1,866.1,0.1,24.4
2025-04-23 15:49:15,844.7,835.6,845.8,839.6,841.6,832.1,845.8,852.6,831.4,857.5,904.1,866.0,0.6,24.4
2025-04-23 15:49:20,843.9,836.0,845.8,839.3,841.0,831.4,845.7,853.6,832.0,857.8,904.0,866.0,0.6,24.4
2025-04-23 15:49:25,843.5,835.2,845.3,839.3,840.0,831.1,846.0,852.9,831.7,858.0,903.5,864.7,0.6,24.4
2025-04-23 15:49:30,843.8,835.1,844.9,839.2,840.4,832.7,846.0,852.8,831.3,858.6,904.4,864.8,0.8,24.4
2025-04-23 15:49:35,843.5,835.3,845.1,839.6,840.6,832.5,846.1,852.5,831.0,858.4,904.5,864.0,1.4,24.4
2025-04-23 15:49:40,843.5,836.5,845.0,840.1,840.8,832.8,846.0,852.7,831.0,857.8,904.5,864.0,1.5,24.5
2025-04-23 15:49:45,843.2,837.6,844.4,841.3,841.2,831.8,845.8,852.7,831.2,857.7,904.9,863.6,1.6,24.4
2025-04-23 15:49:50,843.3,837.6,844.5,841.0,841.5,832.1,845.1,852.4,832.0,857.4,904.4,863.3,2.2,24.4
2025-04-23 15:49:55,842.7,836.8,844.9,839.1,841.3,831.9,845.2,851.9,832.1,858.1,904.9,864.1,2.1,24.4
2025-04-23 15:50:00,842.6,836.7,845.9,839.3,841.2,831.8,845.0,852.3,831.8,858.3,906.1,864.5,1.7,24.4
2025-04-23 15:50:05,842.4,836.4,845.6,839.2,840.5,832.1,844.8,852.7,831.7,857.7,904.8,864.3,1.5,24.4
2025-04-23 15:50:10,842.6,835.7,844.8,839.0,840.3,831.9,844.7,853.1,831.6,857.8,904.8,864.0,1.4,24.4
2025-04-23 15:50:15,843.3,836.1,844.8,838.6,840.2,831.9,844.7,852.8,831.2,857.4,905.0,863.9,1.7,24.5
2025-04-23 15:50:20,843.3,835.8,845.1,839.3,840.8,831.6,845.2,852.5,830.9,857.6,905.6,863.6,1.6,24.4
2025-04-23 15:50:25,843.5,836.0,844.8,840.3,840.3,832.0,845.4,851.7,831.2,857.8,906.1,863.3,1.7,24.4
2025-04-23 15:50:30,843.6,835.5,844.9,839.8,841.5,831.8,845.2,852.2,831.4,858.0,906.3,862.3,2.0,24.4
2025-04-23 15:50:35,842.7,835.7,844.5,839.2,841.3,831.9,845.1,852.3,831.1,858.1,906.0,861.6,2.1,24.4
2025-04-23 15:50:40,842.3,835.9,844.3,838.7,840.8,832.0,845.5,852.4,830.5,857.7,905.7,862.3,2.1,24.4
2025-04-23 15:50:45,841.6,835.9,844.3,839.1,840.9,831.8,845.7,852.3,830.1,857.4,905.9,861.9,2.2,24.4
2025-04-23 15:50:50,842.0,835.5,844.6,839.0,840.9,830.8,845.6,851.5,831.1,856.9,905.4,861.8,2.8,24.4
2025-04-23 15:50:55,841.6,836.0,845.3,838.2,840.9,831.0,845.0,851.7,830.1,856.4,905.2,861.8,2.8,24.4
2025-04-23 15:51:00,841.6,835.9,844.9,838.6,840.6,831.0,844.5,851.3,830.1,856.2,904.8,861.9,2.2,24.3
2025-04-23 15:51:05,841.9,835.0,845.2,838.1,840.5,830.4,844.2,851.0,829.9,855.7,904.8,862.1,2.3,24.3
2025-04-23 15:51:10,841.4,834.0,845.8,838.0,840.0,830.6,843.8,851.4,830.6,855.7,904.9,862.2,2.7,24.3
2025-04-23 15:51:15,841.7,833.6,844.6,837.8,839.2,830.8,843.9,851.6,830.9,855.6,905.0,862.7,2.9,24.3
2025-04-23 15:51:20,842.4,833.4,844.0,838.3,839.3,830.3,844.1,851.7,830.9,855.9,905.3,861.8,3.1,24.2
2025-04-23 15:51:25,842.2,833.8,844.1,838.9,839.9,831.0,843.8,851.9,830.7,855.7,905.0,861.6,4.1,24.2
2025-04-23 15:51:30,842.2,834.9,844.3,839.0,839.8,831.0,843.5,851.3,830.4,856.0,904.9,861.3,4.2,24.2
2025-04-23 15:51:35,842.8,835.0,844.3,839.1,839.4,831.2,843.8,850.8,830.3,855.3,905.0,860.6,3.5,24.1
2025-04-23 15:51:40,842.0,834.6,843.2,839.0,839.8,830.8,843.3,851.0,829.8,855.6,905.3,860.9,3.4,24.1
2025-04-23 15:51:45,842.5,834.5,843.5,838.4,840.2,830.3,843.9,850.9,829.9,856.0,906.1,861.6,3.3,24.0
2025-04-23 15:51:50,841.7,834.1,843.3,837.7,840.5,830.1,844.0,850.8,829.2,855.6,905.7,861.2,3.1,24.0
2025-04-23 15:51:55,841.7,833.9,843.2,837.2,840.2,829.3,843.3,850.3,829.2,855.8,905.9,860.1,2.5,24.0
2025-04-23 15:52:00,841.3,834.4,843.7,837.1,838.7,829.0,843.7,849.9,829.6,856.0,906.3,859.4,2.3,24.0
2025-04-23 15:52:05,841.2,834.2,843.1,837.4,839.0,828.7,844.0,850.8,829.0,855.6,906.1,858.6,2.2,24.0
2025-04-23 15:52:10,840.9,833.6,843.1,837.9,839.0,829.2,843.6,850.7,828.0,855.8,906.3,858.6,2.6,24.0
2025-04-23 15:52:15,840.8,834.4,843.1,837.8,838.7,829.6,843.9,850.0,828.2,855.8,906.4,858.8,2.8,24.0
2025-04-23 15:52:20,840.5,834.5,843.6,837.7,839.6,829.5,843.1,849.3,828.7,855.7,906.3,860.8,2.1,24.0
2025-04-23 15:52:25,841.0,834.9,843.4,838.3,839.9,829.3,842.5,849.1,827.9,854.6,905.7,860.6,2.0,24.0
2025-04-23 15:52:30,841.8,834.1,843.3,837.8,839.5,828.9,842.6,849.1,827.8,854.8,905.7,859.2,1.9,24.0
2025-04-23 15:52:35,842.2,834.4,843.5,838.1,839.2,828.1,843.0,849.0,828.1,854.8,905.8,859.4,1.8,24.0
2025-04-23 15:52:40,841.8,834.4,843.8,837.6,838.9,828.2,844.6,849.3,827.9,855.0,906.2,860.6,1.6,24.0
2025-04-23 15:52:45,841.8,834.2,843.9,837.3,839.2,828.2,844.5,849.5,828.1,854.8,906.4,860.1,1.3,24.0
2025-04-23 15:52:50,842.2,833.9,844.0,837.6,840.0,828.5,843.3,849.6,827.6,855.1,906.4,859.7,1.2,24.0
2025-04-23 15:52:55,841.7,834.4,843.4,837.6,840.0,828.6,843.3,849.4,828.8,855.2,907.2,860.0,1.1,24.0
2025-04-23 15:53:00,842.0,834.7,844.0,837.4,839.5,828.7,843.3,850.0,828.9,855.7,907.6,860.2,1.6,24.0
2025-04-23 15:53:05,842.1,834.3,844.0,837.6,839.7,828.6,843.1,850.6,828.9,855.5,907.7,859.8,1.5,24.0
2025-04-23 15:53:10,841.9,833.8,843.4,837.8,840.1,828.6,843.2,850.1,828.6,855.6,907.5,859.6,1.3,24.0
2025-04-23 15:53:15,841.5,833.9,842.5,837.5,840.2,829.0,843.3,849.5,827.4,855.4,907.6,859.2,1.5,24.0
2025-04-23 15:53:20,841.5,833.8,842.5,836.9,839.8,829.0,843.1,848.9,827.5,855.3,908.0,858.7,1.6,24.1
2025-04-23 15:53:25,841.7,834.1,843.1,837.7,839.7,828.0,843.1,848.8,827.3,855.8,909.0,858.1,2.0,24.1
2025-04-23 15:53:30,841.8,833.8,842.9,837.8,839.5,828.5,843.3,848.7,827.8,856.0,908.6,857.4,2.1,24.1
2025-04-23 15:53:35,841.9,834.1,843.2,837.5,839.9,828.6,843.4,848.9,827.9,855.5,907.8,857.9,1.8,24.1
2025-04-23 15:53:40,841.9,834.1,842.4,837.8,840.0,828.3,843.1,848.3,827.9,855.2,908.1,857.9,1.5,24.1
2025-04-23 15:53:45,841.4,834.4,843.5,836.7,840.2,828.0,843.9,848.6,828.7,855.0,907.8,857.2,1.4,24.1
2025-04-23 15:53:50,840.6,835.1,844.0,837.0,839.7,827.6,843.2,848.9,828.6,855.2,908.7,857.0,2.4,24.1
2025-04-23 15:53:55,841.0,835.2,843.9,836.3,839.0,828.4,843.3,849.8,828.8,855.0,908.5,857.5,2.6,24.1
2025-04-23 15:54:00,842.0,834.5,844.0,836.1,839.0,828.4,842.3,850.5,828.5,854.8,908.8,858.1,2.1,24.0
2025-04-23 15:54:05,843.6,834.5,842.9,837.1,838.6,829.3,843.1,850.0,827.7,855.2,908.4,858.5,1.9,24.0
2025-04-23 15:54:10,843.5,834.0,841.7,838.0,839.1,829.7,842.6,849.7,826.9,855.0,908.3,858.4,2.0,24.0
2025-04-23 15:54:15,842.8,833.9,841.9,837.7,839.0,829.1,842.7,849.2,826.8,855.0,908.8,857.2,1.9,24.0
2025-04-23 15:54:20,842.3,833.0,842.2,837.0,839.7,828.8,843.8,849.1,826.9,855.1,908.8,856.6,1.5,24.1
2025-04-23 15:54:25,842.2,832.8,842.0,836.7,840.1,828.7,844.6,848.3,827.2,854.9,909.0,856.5,1.4,24.1
2025-04-23 15:54:30,841.6,833.8,843.3,836.8,840.0,828.2,843.9,848.4,827.6,855.1,909.8,855.7,2.0,24.1
2025-04-23 15:54:35,841.9,834.2,843.3,836.6,840.5,828.2,843.9,848.5,827.2,854.8,909.6,856.0,1.8,24.1
2025-04-23 15:54:40,841.4,833.4,843.5,836.2,839.7,828.3,844.2,849.5,827.1,854.5,909.7,856.1,2.2,24.0
2025-04-23 15:54:45,841.8,833.1,843.0,835.9,839.5,827.8,843.8,848.9,826.7,854.6,909.8,856.6,2.8,24.0
2025-04-23 15:54:50,841.6,832.4,842.8,835.6,839.6,827.6,842.7,848.3,826.7,854.7,909.8,856.8,2.5,24.0
2025-04-23 15:54:55,840.7,831.8,842.3,835.7,839.0,827.9,842.2,848.2,826.6,854.4,909.9,857.0,1.9,24.0
2025-04-23 15:55:00,840.4,831.7,841.7,836.1,838.7,827.5,842.0,848.1,825.9,853.9,909.8,855.3,1.5,24.0
2025-04-23 15:55:05,840.1,831.4,841.0,835.9,838.4,827.0,842.0,847.3,825.8,853.8,909.6,855.5,1.4,24.0
2025-04-23 15:55:10,840.0,830.7,840.3,835.8,836.9,827.0,842.0,847.2,825.1,853.6,909.7,854.0,1.4,24.0
2025-04-23 15:55:15,839.4,830.4,840.4,835.6,836.9,827.2,841.7,847.1,825.1,853.3,909.4,853.6,1.2,24.0
2025-04-23 15:55:20,839.5,830.4,839.8,835.4,836.5,827.1,841.7,847.0,825.6,853.5,909.2,853.5,1.3,24.0
2025-04-23 15:55:25,839.2,831.1,839.5,835.0,836.8,827.1,841.9,846.4,825.2,852.9,909.3,853.1,1.3,24.0
2025-04-23 15:55:30,838.5,830.8,838.9,834.8,836.5,826.9,841.7,846.6,825.3,853.0,908.9,852.5,1.3,24.0
2025-04-23 15:55:35,838.0,830.8,838.7,834.7,836.6,827.3,841.5,846.5,824.7,852.5,908.3,852.2,1.6,24.0
2025-04-23 15:55:40,837.6,830.4,838.2,834.4,836.5,827.8,840.8,846.5,824.5,852.1,908.7,852.4,1.5,24.1
2025-04-23 15:55:45,837.6,830.1,838.8,835.1,835.9,827.9,840.5,846.4,824.4,852.2,908.3,851.9,1.4,24.0
2025-04-23 15:55:50,837.3,830.9,838.8,834.0,835.9,827.3,840.8,845.9,824.1,852.3,908.5,851.5,2.1,24.0
2025-04-23 15:55:55,837.1,830.5,838.5,833.7,835.5,826.8,840.4,845.8,823.9,852.2,909.1,851.6,2.0,24.0
2025-04-23 15:56:00,837.3,830.2,838.1,834.1,835.1,826.2,840.0,845.4,824.1,851.4,908.4,851.6,2.1,24.0
2025-04-23 15:56:05,837.8,831.5,838.9,834.3,835.2,826.1,840.0,845.6,824.1,851.4,908.3,851.1,2.4,24.0
2025-04-23 15:56:10,837.6,831.0,838.8,834.5,835.6,825.9,839.3,846.0,824.3,851.3,907.5,851.1,2.4,24.0
2025-04-23 15:56:15,837.1,830.6,838.6,834.0,835.7,826.5,839.7,845.6,824.1,851.0,908.2,850.4,2.5,24.0
2025-04-23 15:56:20,837.4,830.9,839.2,833.7,835.3,826.3,839.8,845.5,824.2,851.2,907.6,850.1,1.9,24.0
2025-04-23 15:56:25,837.8,830.9,838.6,834.1,834.9,826.8,839.2,845.5,824.1,850.9,907.6,850.1,1.9,24.0
2025-04-23 15:56:30,837.7,831.1,838.7,833.8,834.7,826.8,838.7,846.0,824.0,850.9,908.3,850.1,1.9,24.0
2025-04-23 15:56:35,837.5,831.3,838.6,835.0,834.7,826.3,838.7,846.0,823.5,850.9,908.3,849.7,1.9,24.0
2025-04-23 15:56:40,837.1,830.2,838.1,834.6,834.9,827.0,838.9,846.5,823.3,850.2,908.0,849.6,2.0,24.0
2025-04-23 15:56:45,837.0,829.6,838.0,834.4,834.2,827.1,839.3,846.0,822.9,850.5,908.5,849.6,2.0,24.0
2025-04-23 15:56:50,837.3,829.7,837.8,834.3,834.2,826.3,839.3,845.9,823.0,851.0,908.3,849.7,2.2,24.0
2025-04-23 15:56:55,837.5,829.7,837.4,833.7,834.3,826.6,838.8,845.6,823.6,850.9,908.5,849.5,2.3,24.0
2025-04-23 15:57:00,837.3,829.8,837.3,833.5,835.2,826.0,839.1,845.6,823.6,850.9,909.0,849.4,1.9,24.0
2025-04-23 15:57:05,837.2,829.8,837.1,833.2,835.0,825.9,839.0,845.9,823.5,850.5,909.0,848.9,1.5,24.0
2025-04-23 15:57:10,836.8,831.1,836.7,833.2,834.6,825.6,838.1,845.8,823.3,850.4,908.8,848.6,1.3,24.0
2025-04-23 15:57:15,836.5,830.7,836.9,834.6,834.9,825.7,838.0,845.1,823.8,850.0,908.6,848.5,1.3,24.0
2025-04-23 15:57:20,836.5,831.0,836.5,835.3,835.2,825.2,837.8,845.8,823.6,849.3,908.1,846.9,1.7,24.0
2025-04-23 15:57:25,836.1,832.7,836.8,834.5,834.6,825.1,838.5,846.0,824.2,849.6,908.1,847.8,1.7,24.0
2025-04-23 15:57:30,836.1,832.9,836.5,833.7,835.3,826.0,837.9,845.2,824.3,850.1,908.7,848.6,1.5,24.0
2025-04-23 15:57:35,837.0,831.5,836.6,833.5,834.9,825.5,837.6,844.8,824.0,849.9,909.1,849.1,1.3,24.0
2025-04-23 15:57:40,836.6,830.7,836.4,833.7,834.1,825.5,837.6,845.2,822.2,849.6,909.5,849.1,1.3,24.0
2025-04-23 15:57:45,836.3,831.1,836.5,833.4,833.4,824.7,837.4,845.0,822.7,849.4,909.1,848.5,1.8,24.0
2025-04-23 15:57:50,836.2,831.5,836.4,832.7,833.5,824.7,837.4,844.9,821.8,849.5,909.1,848.9,1.9,24.0
2025-04-23 15:57:55,835.3,830.5,836.1,832.9,833.2,824.2,837.6,844.4,821.8,849.3,909.2,849.3,2.2,24.0
2025-04-23 15:58:00,835.2,830.8,835.8,831.2,833.4,823.5,838.3,843.7,821.5,848.9,908.3,849.0,1.9,24.0
2025-04-23 15:58:05,835.5,829.6,835.5,831.5,833.4,823.2,837.6,842.3,821.2,848.7,909.1,848.2,2.3,24.0
2025-04-23 15:58:10,835.4,829.4,835.9,830.7,833.4,822.4,837.2,842.3,820.9,848.3,908.3,847.2,2.5,24.0
2025-04-23 15:58:15,835.0,828.4,835.9,830.9,833.3,822.5,837.1,842.1,820.2,848.6,908.6,847.0,2.0,24.0
2025-04-23 15:58:20,835.1,828.2,836.0,830.9,832.9,823.4,836.9,842.6,820.6,848.5,908.5,846.9,2.3,24.0
2025-04-23 15:58:25,834.4,827.7,834.9,830.1,832.3,822.4,836.6,842.0,820.3,848.5,908.7,847.3,2.2,24.0
2025-04-23 15:58:30,834.4,826.9,834.5,829.8,832.1,822.2,836.6,842.3,820.5,848.3,909.5,846.7,2.4,23.9
2025-04-23 15:58:35,834.5,826.3,834.5,829.6,832.2,821.3,836.3,842.7,820.3,848.2,909.1,846.4,2.0,23.9
2025-04-23 15:58:40,834.5,826.6,834.3,829.0,832.2,820.8,836.3,841.6,819.8,848.4,908.9,846.1,2.0,23.9
2025-04-23 15:58:45,834.6,825.6,834.1,828.9,831.8,821.1,836.0,841.5,819.6,848.3,908.9,846.1,1.7,23.9
2025-04-23 15:58:50,834.3,825.6,834.0,828.7,831.8,819.6,835.8,841.4,820.0,848.2,909.0,846.0,1.4,23.9
2025-04-23 15:58:55,834.2,827.4,834.2,828.1,831.1,820.0,835.7,841.3,819.7,847.9,908.5,846.4,1.3,23.9
2025-04-23 15:59:00,835.5,826.3,834.4,828.4,831.0,819.8,835.5,841.0,820.0,847.3,908.9,846.9,1.0,23.9
2025-04-23 15:59:05,834.7,826.4,834.8,828.8,831.2,819.2,836.0,840.1,819.3,847.1,908.4,846.6,0.9,23.9
2025-04-23 15:59:10,834.6,825.7,834.7,829.3,831.9,819.4,835.8,840.2,818.7,846.9,908.2,846.1,1.5,23.9
2025-04-23 15:59:15,834.8,825.6,835.0,829.2,831.6,819.4,835.8,839.6,818.5,846.8,908.3,845.6,2.2,23.9
2025-04-23 15:59:20,834.4,825.5,834.5,828.6,831.4,819.5,836.2,839.7,818.7,846.6,909.8,846.0,2.2,24.0
2025-04-23 15:59:25,834.3,825.7,834.0,827.7,831.0,819.5,835.8,839.6,818.2,846.4,909.7,846.4,2.2,24.0
2025-04-23 15:59:30,833.9,825.7,833.4,828.0,830.2,819.2,835.3,839.4,817.9,846.7,908.3,845.7,2.2,24.0
2025-04-23 15:59:35,833.0,825.9,833.1,828.6,830.8,819.3,836.1,839.3,817.7,846.4,908.8,844.9,1.9,23.9
2025-04-23 15:59:40,832.7,825.9,833.0,828.6,831.1,819.5,836.0,839.8,817.8,845.7,908.9,845.0,2.1,23.9
2025-04-23 15:59:45,832.1,825.9,832.4,828.5,830.7,820.0,836.4,839.9,817.0,846.5,909.5,844.8,1.8,24.0
2025-04-23 15:59:50,832.4,825.9,832.5,828.2,830.0,819.4,836.1,839.6,817.7,846.7,909.3,845.1,1.6,24.0
2025-04-23 15:59:55,832.2,825.4,832.2,828.0,830.3,819.6,835.4,839.2,818.4,846.2,909.8,843.9,1.6,24.0
2025-04-23 16:00:00,832.1,824.9,832.4,828.3,830.2,818.8,836.0,839.2,817.9,846.5,909.4,843.3,1.3,24.0
2025-04-23 16:00:05,832.8,824.9,832.3,828.6,829.5,819.1,835.3,838.9,817.9,846.7,909.1,843.0,1.3,24.0
2025-04-23 16:00:10,833.2,825.2,832.3,828.4,829.3,819.8,835.0,838.9,817.9,846.1,909.0,844.0,1.3,24.0
2025-04-23 16:00:15,832.7,825.0,832.4,828.5,829.4,820.1,834.3,838.7,817.3,846.4,909.6,843.8,1.6,24.0
2025-04-23 16:00:20,832.2,825.7,832.1,828.5,829.1,819.8,834.2,839.1,816.7,846.4,909.6,843.6,1.4,24.0
2025-04-23 16:00:25,831.8,825.8,831.8,828.2,828.9,818.7,834.0,838.3,817.0,846.1,909.5,843.4,1.4,24.0
2025-04-23 16:00:30,831.8,825.7,831.4,828.0,828.6,818.1,833.6,838.7,816.8,846.1,909.5,843.5,1.3,24.0
2025-04-23 16:00:35,831.2,825.9,831.1,828.2,828.1,818.1,833.5,838.4,817.6,846.1,910.1,843.8,1.3,24.0
2025-04-23 16:00:40,830.9,826.0,830.5,828.1,827.7,817.9,833.4,838.1,817.2,845.8,909.6,843.6,1.0,24.0
2025-04-23 16:00:45,830.8,825.6,830.2,828.8,827.2,817.7,833.1,837.9,816.9,845.7,909.5,843.7,1.0,24.0
2025-04-23 16:00:50,830.7,824.9,829.9,829.0,826.9,817.9,832.8,838.3,816.9,845.1,909.5,842.8,1.0,24.0
2025-04-23 16:00:55,830.7,824.7,829.8,829.0,826.6,817.7,832.7,838.5,817.1,844.8,909.0,842.4,0.9,24.0
2025-04-23 16:01:00,830.4,824.4,830.2,827.7,826.8,817.5,832.8,838.7,817.1,844.5,909.1,841.4,0.8,24.0
2025-04-23 16:01:05,830.0,824.3,829.7,827.6,826.9,817.2,832.9,838.7,816.5,844.6,909.1,841.0,0.6,24.0
2025-04-23 16:01:10,830.0,824.3,829.5,827.4,826.7,816.9,832.6,838.8,816.2,844.4,908.8,841.3,0.7,24.0
2025-04-23 16:01:15,829.8,824.1,829.3,827.4,827.2,816.7,831.8,838.5,815.9,843.9,908.6,841.0,1.6,24.1
2025-04-23 16:01:20,830.1,823.8,829.1,827.1,828.0,816.9,832.4,837.9,815.4,843.8,908.2,841.0,2.1,24.1
2025-04-23 16:01:25,829.8,823.8,828.9,827.3,827.6,816.6,832.3,837.5,815.1,843.6,908.1,840.7,2.2,24.1
2025-04-23 16:01:30,830.1,824.1,828.6,827.2,827.2,816.0,831.5,836.5,814.8,843.3,907.9,840.0,2.1,24.1
2025-04-23 16:01:35,829.8,823.6,828.3,827.1,827.2,815.7,831.3,836.6,814.6,843.3,908.6,840.6,2.0,24.1
2025-04-23 16:01:40,829.7,823.4,827.9,827.0,826.9,816.1,830.7,836.4,814.3,843.4,908.9,840.9,1.8,24.1
2025-04-23 16:01:45,829.4,823.7,827.4,826.5,826.3,814.6,830.7,835.7,814.4,843.2,908.3,839.6,1.9,24.1
2025-04-23 16:01:50,829.0,823.0,827.7,825.9,825.9,814.6,830.3,835.8,813.9,843.0,908.3,839.7,1.5,24.1
2025-04-23 16:01:55,829.0,823.0,827.2,826.3,825.0,814.2,830.0,835.1,813.6,842.6,907.9,838.8,1.4,24.1
2025-04-23 16:02:00,828.7,822.6,827.2,826.2,824.9,814.5,829.9,834.7,813.2,842.2,907.6,838.6,1.3,24.1
2025-04-23 16:02:05,828.4,823.0,826.6,825.4,824.9,814.2,829.9,834.6,813.0,842.3,908.4,838.0,1.1,24.1
2025-04-23 16:02:10,828.7,822.5,826.8,825.0,824.1,813.8,829.5,834.8,812.8,842.2,908.0,837.8,1.0,24.1
2025-04-23 16:02:15,828.8,822.7,826.8,824.7,823.8,813.8,829.4,834.7,812.4,841.5,907.9,837.7,0.8,24.1
2025-04-23 16:02:20,828.4,822.5,826.5,824.8,823.8,813.6,829.5,834.9,812.4,841.7,907.9,837.8,1.2,24.1
2025-04-23 16:02:25,828.1,822.6,826.4,824.7,823.7,813.8,829.7,835.2,812.4,841.5,907.6,838.4,1.6,24.1
2025-04-23 16:02:30,828.2,822.7,826.3,824.6,823.8,813.6,830.0,834.6,813.3,840.9,907.8,838.7,1.5,24.1
2025-04-23 16:02:35,828.3,821.8,826.2,824.8,823.9,813.4,831.3,834.8,813.2,840.7,908.0,838.5,1.2,24.1
2025-04-23 16:02:40,828.2,822.0,826.2,824.6,824.0,813.9,831.2,835.5,813.3,840.4,907.7,839.1,1.0,24.1
2025-04-23 16:02:45,828.1,822.3,826.5,824.6,824.5,814.1,830.6,835.4,812.4,840.2,907.7,838.8,1.1,24.1
2025-04-23 16:02:50,827.6,822.0,826.8,824.8,824.8,814.3,829.7,835.6,812.8,840.5,907.6,837.9,1.1,24.1
2025-04-23 16:02:55,828.2,821.6,827.4,825.1,824.6,814.4,829.9,835.6,812.9,840.3,907.7,837.2,1.4,24.1
2025-04-23 16:03:00,828.0,821.2,828.0,824.8,824.7,814.6,830.3,835.3,812.6,840.2,908.2,836.4,2.0,24.1
2025-04-23 16:03:05,827.7,821.3,828.2,824.7,824.8,814.3,830.2,835.1,812.5,840.2,908.5,836.6,1.9,24.1
2025-04-23 16:03:10,827.9,821.5,828.3,825.0,825.0,814.3,830.4,834.8,812.4,840.1,908.3,836.7,1.9,24.1
2025-04-23 16:03:15,827.8,821.5,828.4,824.5,825.0,814.3,830.3,834.7,811.6,840.4,908.5,836.7,1.7,24.0
2025-04-23 16:03:20,827.9,821.1,828.0,824.3,825.0,814.1,830.2,834.6,811.6,840.4,908.7,836.4,1.5,24.0
2025-04-23 16:03:25,827.8,820.7,827.7,823.9,825.3,813.8,830.2,834.8,811.7,840.3,908.7,835.7,1.2,24.0
2025-04-23 16:03:30,828.6,820.7,827.6,823.6,825.0,813.4,829.6,834.1,811.7,840.0,908.6,835.3,1.1,24.0
2025-04-23 16:03:35,828.9,820.9,827.6,823.7,825.1,813.5,829.8,833.9,811.5,840.0,908.8,834.6,1.1,24.0
2025-04-23 16:03:40,828.7,821.0,827.5,823.8,825.0,813.2,828.8,833.8,811.2,839.5,908.8,834.4,1.1,24.0
2025-04-23 16:03:45,828.6,820.5,826.9,823.7,824.3,813.8,827.2,833.9,810.8,839.2,908.2,834.3,1.3,24.0
2025-04-23 16:03:50,828.8,820.3,826.6,823.6,824.3,813.3,827.3,834.2,810.2,839.1,908.4,834.1,1.4,24.0
2025-04-23 16:03:55,828.8,820.4,826.6,823.7,824.0,812.9,827.7,833.5,810.3,838.6,908.1,834.0,1.1,24.0
2025-04-23 16:04:00,828.7,820.4,826.2,823.1,824.1,813.2,827.8,833.5,810.1,838.6,908.3,834.1,1.0,24.0
2025-04-23 16:04:05,828.4,819.9,825.8,822.9,823.8,813.2,827.0,833.5,809.5,838.5,908.1,833.7,1.0,24.0
2025-04-23 16:04:10,827.0,819.8,824.7,823.1,823.3,813.0,826.8,832.9,808.7,838.4,907.8,833.0,0.8,24.0
2025-04-23 16:04:15,826.7,819.6,824.7,822.9,822.6,812.4,826.2,831.6,808.5,838.0,907.7,832.5,0.8,24.0
2025-04-23 16:04:20,826.2,819.3,824.6,822.5,821.7,811.6,825.3,831.8,807.9,837.7,907.6,830.9,0.6,24.0
2025-04-23 16:04:25,825.9,818.8,824.6,822.1,821.4,811.5,825.1,831.3,807.3,837.6,907.4,830.4,0.5,24.0
2025-04-23 16:04:30,825.4,818.4,824.3,821.9,821.4,811.2,825.2,831.6,806.9,837.1,907.0,830.1,0.4,24.0
2025-04-23 16:04:35,825.1,818.3,824.3,821.7,821.1,810.3,825.3,830.8,806.8,836.8,906.7,829.7,0.4,24.1
2025-04-23 16:04:40,824.9,818.0,824.4,821.7,820.9,810.2,825.6,830.7,807.0,836.4,907.0,829.1,0.4,24.0
2025-04-23 16:04:45,824.2,818.7,824.6,820.5,820.8,809.5,825.3,830.6,806.6,836.2,906.8,829.4,0.4,24.1
2025-04-23 16:04:50,824.2,818.9,824.1,820.5,820.5,809.1,824.9,830.0,806.6,836.1,906.7,829.6,0.8,24.1
2025-04-23 16:04:55,824.3,818.7,823.9,820.1,820.4,808.9,824.0,830.0,806.4,835.8,906.6,829.6,1.3,24.1
2025-04-23 16:05:00,824.8,818.1,823.5,820.1,820.4,809.1,823.8,830.0,806.6,835.3,906.7,830.1,1.3,24.1
2025-04-23 16:05:05,824.7,818.2,823.1,819.8,820.5,809.2,823.4,829.8,806.6,835.1,906.5,830.1,1.2,24.1
2025-04-23 16:05:10,824.6,817.7,822.6,819.7,820.2,808.9,823.0,829.8,806.8,835.1,906.3,829.8,1.1,24.1
2025-04-23 16:05:15,824.6,817.5,822.6,819.7,820.0,809.1,823.1,829.6,806.5,835.1,906.3,828.6,1.0,24.1
2025-04-23 16:05:20,824.5,816.8,823.0,819.5,819.6,809.0,822.6,829.8,806.5,834.9,906.4,828.5,0.9,24.1
2025-04-23 16:05:25,824.3,816.4,822.7,819.2,819.5,809.0,822.6,829.3,806.3,834.8,906.6,827.1,0.8,24.1
2025-04-23 16:05:30,823.9,815.8,822.2,819.1,818.5,808.8,822.7,828.8,806.2,834.8,906.7,827.5,0.8,24.1
2025-04-23 16:05:35,823.7,815.1,822.1,818.0,818.3,808.6,822.6,828.6,806.2,834.9,906.7,827.0,0.9,24.1
2025-04-23 16:05:40,823.7,814.5,822.0,818.0,818.1,807.5,822.3,828.7,805.8,834.8,906.9,826.9,1.1,24.2
2025-04-23 16:05:45,823.4,814.5,821.7,817.7,818.0,807.6,822.1,828.5,805.3,834.5,906.8,826.7,1.1,24.2
2025-04-23 16:05:50,823.1,814.4,821.2,817.3,817.6,806.9,821.6,827.7,805.2,834.1,906.5,826.6,1.0,24.2
2025-04-23 16:05:55,822.9,814.5,820.7,817.2,817.1,806.7,821.7,827.7,805.3,833.8,906.7,826.7,0.9,24.2
2025-04-23 16:06:00,822.7,814.2,820.8,817.7,816.9,806.8,821.4,827.4,804.9,833.7,906.8,826.4,0.8,24.2
2025-04-23 16:06:05,822.2,813.9,820.7,817.6,816.9,806.8,821.6,827.7,804.7,833.6,906.7,826.0,0.7,24.2
2025-04-23 16:06:10,822.2,813.8,820.7,817.4,817.2,806.7,821.8,827.6,804.5,833.7,906.9,825.0,0.9,24.2
2025-04-23 16:06:15,821.8,813.5,820.7,816.8,816.8,805.9,821.5,827.4,804.6,833.5,906.9,825.1,1.0,24.2
2025-04-23 16:06:20,821.4,813.5,820.3,816.4,816.5,805.4,821.4,827.4,804.9,833.8,907.1,823.5,1.0,24.2
2025-04-23 16:06:25,821.1,813.3,819.8,816.5,816.1,805.8,821.2,827.4,805.0,833.6,906.8,823.6,0.9,24.2
2025-04-23 16:06:30,821.3,813.4,819.6,816.5,816.0,805.6,821.1,827.2,804.8,833.4,906.6,823.3,0.8,24.2
2025-04-23 16:06:35,821.4,813.1,819.7,816.0,816.2,805.5,821.4,826.8,804.5,833.0,906.8,823.2,0.8,24.2
2025-04-23 16:06:40,821.3,813.0,819.5,815.6,816.4,805.3,821.0,826.2,804.0,832.9,906.3,823.3,0.7,24.2
2025-04-23 16:06:45,821.1,812.9,819.3,815.5,816.8,804.6,821.0,826.1,803.8,832.6,906.1,822.8,0.8,24.2
2025-04-23 16:06:50,820.6,812.8,819.3,815.6,816.6,805.1,821.2,826.3,803.8,832.2,906.0,822.7,0.7,24.2
2025-04-23 16:06:55,820.3,813.1,819.1,815.9,816.8,804.9,821.4,826.4,803.3,831.8,905.8,822.0,0.7,24.2
2025-04-23 16:07:00,820.4,813.0,818.9,816.0,816.3,805.1,821.0,826.4,803.2,831.5,905.6,821.6,0.7,24.2
2025-04-23 16:07:05,820.2,812.5,818.8,815.8,816.4,804.9,819.8,825.7,803.2,831.3,905.5,821.9,0.6,24.3
2025-04-23 16:07:10,820.5,812.6,818.6,815.4,816.2,804.5,820.0,825.9,802.7,831.3,905.2,821.5,0.5,24.3
2025-04-23 16:07:15,820.0,812.8,818.3,815.3,815.8,804.1,819.5,825.8,802.5,831.0,905.1,820.8,0.4,24.3
2025-04-23 16:07:20,819.7,812.5,818.2,814.8,815.5,803.8,819.7,825.5,802.5,830.7,904.7,820.9,0.5,24.3
2025-04-23 16:07:25,819.4,812.3,818.4,813.9,815.2,804.0,819.4,825.1,802.7,830.3,904.8,821.6,0.6,24.3
2025-04-23 16:07:30,819.6,812.0,818.1,813.9,815.2,803.7,819.6,824.7,802.9,830.4,905.0,821.3,0.6,24.3
2025-04-23 16:07:35,819.7,812.3,817.8,814.0,814.8,803.6,819.5,824.5,802.5,830.3,904.8,820.6,0.6,24.3
2025-04-23 16:07:40,819.5,812.6,818.2,814.0,814.7,803.2,818.6,824.5,802.3,830.2,905.2,821.0,0.7,24.3
2025-04-23 16:07:45,820.0,813.1,818.1,814.2,814.2,803.2,818.3,823.8,801.9,829.9,904.9,820.9,0.5,24.3
2025-04-23 16:07:50,820.4,812.6,818.8,814.3,814.1,802.9,818.1,824.1,801.8,829.7,904.7,820.8,0.4,24.4
2025-04-23 16:07:55,820.4,812.8,818.8,814.5,814.4,803.2,818.3,824.4,801.7,829.9,904.7,820.8,0.9,24.4
2025-04-23 16:08:00,820.5,812.7,818.7,813.9,814.0,803.2,818.2,824.1,801.8,829.8,904.7,820.7,1.0,24.4
2025-04-23 16:08:05,820.0,812.7,818.3,813.6,813.9,803.2,818.4,824.3,801.5,829.7,905.4,820.3,1.3,24.4
2025-04-23 16:08:10,819.9,812.6,818.2,814.0,814.3,803.0,818.6,824.6,801.2,830.0,905.2,820.5,1.7,24.4
2025-04-23 16:08:15,819.9,812.9,817.9,814.4,814.9,802.8,818.3,824.1,801.1,829.9,905.9,820.0,1.5,24.4
2025-04-23 16:08:20,819.4,813.3,817.9,814.5,814.7,802.8,818.3,824.0,800.9,829.7,905.6,820.3,1.5,24.5
2025-04-23 16:08:25,818.9,813.2,817.7,814.0,814.6,802.3,817.8,824.2,800.3,829.9,905.4,820.1,1.4,24.5
2025-04-23 16:08:30,818.8,813.1,817.7,813.7,813.8,802.6,818.1,824.5,800.1,829.4,904.6,820.1,1.5,24.5
2025-04-23 16:08:35,818.7,813.2,817.5,813.7,813.6,803.0,818.2,824.7,800.1,828.6,904.7,820.1,1.5,24.5
2025-04-23 16:08:40,818.5,813.0,816.6,813.3,813.0,803.4,818.0,824.6,800.2,829.2,905.4,819.2,1.4,24.5
2025-04-23 16:08:45,818.1,813.2,816.3,813.0,813.1,803.0,817.5,824.3,800.2,829.5,906.1,819.2,1.3,24.5
2025-04-23 16:08:50,817.8,813.3,816.1,813.2,812.9,802.8,816.8,823.5,800.0,829.8,905.5,819.4,1.3,24.5
2025-04-23 16:08:55,818.1,813.0,816.0,812.8,811.7,802.4,816.4,823.4,799.7,829.7,905.5,817.9,1.0,24.5
2025-04-23 16:09:00,817.7,812.8,815.4,812.4,811.6,801.5,815.5,823.0,799.5,829.0,905.4,817.6,0.9,24.5
2025-04-23 16:09:05,817.4,812.5,815.5,812.6,811.2,801.2,816.1,823.2,799.4,828.4,904.4,816.6,0.7,24.4
2025-04-23 16:09:10,817.6,812.0,815.5,812.9,811.0,801.1,815.8,822.7,799.5,828.0,904.7,816.4,0.7,24.4
2025-04-23 16:09:15,817.5,811.6,815.9,813.0,810.6,801.0,815.4,822.4,799.4,827.9,904.5,816.9,0.7,24.5
2025-04-23 16:09:20,817.0,811.7,815.8,812.4,810.0,801.0,815.9,822.5,799.2,828.1,905.0,816.6,0.8,24.4
2025-04-23 16:09:25,817.0,810.9,815.2,812.4,810.0,800.7,815.7,822.1,798.9,828.7,905.7,816.4,0.8,24.4
2025-04-23 16:09:30,816.8,810.3,815.0,811.3,810.0,800.2,815.5,822.1,799.2,828.4,905.6,816.0,0.7,24.5
2025-04-23 16:09:35,816.1,809.9,814.7,811.4,809.9,799.6,815.2,822.0,798.7,828.4,905.9,815.7,0.7,24.5
2025-04-23 16:09:40,816.1,809.8,814.6,811.5,809.8,799.1,815.6,821.2,798.5,828.3,906.0,815.1,0.6,24.5
2025-04-23 16:09:45,816.4,808.0,814.7,810.9,810.4,799.3,815.4,821.1,798.1,828.2,905.4,814.8,0.6,24.5
2025-04-23 16:09:50,816.6,808.8,814.7,811.0,809.8,798.9,815.0,821.1,797.8,827.9,906.0,813.8,0.6,24.5
2025-04-23 16:09:55,816.7,808.7,814.0,810.8,809.2,799.0,814.4,819.7,797.3,828.1,905.7,813.3,0.5,24.5
2025-04-23 16:10:00,816.1,807.9,813.8,810.3,808.6,798.5,814.5,820.2,797.0,828.4,904.9,813.6,0.6,24.5
2025-04-23 16:10:05,815.4,807.7,813.5,810.5,808.0,797.7,814.6,820.1,797.0,827.7,905.2,813.3,0.6,24.5
2025-04-23 16:10:10,815.6,807.2,812.5,809.7,807.2,796.9,814.1,820.0,797.0,826.9,905.2,812.0,0.5,24.5
2025-04-23 16:10:15,814.4,806.9,812.1,809.0,806.9,795.7,813.9,820.0,796.4,826.9,905.2,811.6,0.5,24.5
2025-04-23 16:10:20,814.6,806.5,812.5,808.5,806.2,795.4,813.5,819.6,796.2,826.9,905.2,810.9,0.6,24.5
2025-04-23 16:10:25,814.7,805.8,811.9,808.3,806.0,795.0,814.2,818.7,796.1,826.8,905.1,810.9,0.6,24.5
2025-04-23 16:10:30,813.5,804.7,811.9,807.9,806.6,794.9,814.7,818.7,795.7,826.5,905.4,810.5,0.5,24.5
2025-04-23 16:10:35,814.3,804.9,812.1,807.9,807.3,794.8,815.4,819.4,796.4,826.6,905.0,811.1,0.4,24.6
2025-04-23 16:10:40,814.4,805.1,811.9,807.7,807.9,795.3,815.4,819.4,796.7,826.3,905.2,811.9,0.4,24.6
2025-04-23 16:10:45,813.9,805.3,811.7,807.9,809.0,796.2,815.4,819.5,796.8,825.6,904.6,813.0,0.3,24.6
2025-04-23 16:10:50,813.6,805.7,811.1,807.9,809.1,796.8,814.6,818.6,796.8,826.2,905.3,812.8,0.2,24.6
2025-04-23 16:10:55,813.5,805.6,811.2,807.7,808.5,797.3,814.9,818.8,796.5,825.7,904.8,813.1,0.2,24.6
2025-04-23 16:11:00,812.7,805.7,810.9,808.4,808.0,796.1,815.1,819.4,797.3,825.3,904.5,811.4,0.2,24.6
2025-04-23 16:11:05,812.4,805.1,810.9,808.1,808.1,796.3,814.2,819.8,797.1,825.2,904.3,811.2,0.3,24.7
2025-04-23 16:11:10,812.3,805.3,810.9,807.0,808.4,796.3,814.9,819.8,796.8,824.7,904.1,810.9,0.4,24.7
2025-04-23 16:11:15,812.2,805.2,811.3,807.1,808.3,796.9,815.9,819.4,796.8,824.8,904.2,810.7,0.4,24.7
2025-04-23 16:11:20,811.7,805.1,811.5,807.0,808.0,796.7,815.4,819.0,796.6,824.7,904.2,810.1,0.4,24.7
2025-04-23 16:11:25,811.4,804.4,811.4,807.0,807.5,796.6,815.0,818.6,796.0,824.2,904.4,810.3,0.5,24.7
2025-04-23 16:11:30,811.1,804.1,811.2,806.4,807.8,796.4,814.3,818.8,795.6,824.2,904.6,810.9,0.4,24.7
2025-04-23 16:11:35,811.1,804.1,811.0,806.0,807.9,796.1,814.5,818.0,795.5,824.3,903.6,810.2,0.3,24.7
2025-04-23 16:11:40,810.8,803.8,810.0,805.5,806.8,795.4,813.4,818.0,795.3,823.5,903.9,809.6,0.4,24.8
2025-04-23 16:11:45,810.5,803.5,810.0,805.2,806.7,794.7,813.2,817.4,795.4,823.8,903.3,809.4,0.4,24.8
2025-04-23 16:11:50,810.3,803.9,810.0,805.4,806.3,794.0,812.8,816.2,794.5,823.1,902.5,809.3,0.4,24.8
2025-04-23 16:11:55,809.7,803.1,809.6,805.5,806.1,794.0,812.2,815.8,794.4,822.5,902.3,808.1,0.4,24.8
2025-04-23 16:12:00,809.6,803.0,809.5,805.1,806.2,793.7,812.1,815.4,794.1,821.8,901.9,808.2,0.7,24.8
2025-04-23 16:12:05,809.0,803.3,808.9,804.4,806.1,793.5,812.1,815.1,793.8,822.2,902.1,807.5,0.6,24.8
2025-04-23 16:12:10,808.9,802.1,809.0,804.1,805.6,793.8,811.5,815.3,793.2,821.3,901.3,806.8,0.6,24.8
2025-04-23 16:12:15,808.7,801.6,808.5,803.8,805.5,793.8,811.1,815.3,792.7,821.4,901.3,806.7,0.6,24.9
2025-04-23 16:12:20,808.7,801.1,808.2,803.5,804.7,793.1,811.0,814.8,792.2,821.1,901.3,806.5,0.9,24.9
2025-04-23 16:12:25,808.4,800.9,807.2,803.6,804.9,792.5,810.5,814.7,792.3,820.9,900.9,805.9,0.8,24.9
2025-04-23 16:12:30,808.3,800.3,807.2,803.2,805.3,792.3,810.4,814.9,792.5,820.7,900.8,806.0,0.7,24.9
2025-04-23 16:12:35,807.6,799.6,807.2,803.5,804.6,792.6,810.9,814.5,792.3,820.2,900.7,805.9,0.5,24.9
2025-04-23 16:12:40,807.0,799.4,807.0,803.8,804.8,792.6,810.7,814.3,792.1,820.2,900.7,805.3,0.4,25.0
2025-04-23 16:12:45,806.9,799.6,806.8,803.0,805.1,791.8,810.4,813.7,791.9,820.0,900.5,804.4,0.3,25.0
2025-04-23 16:12:50,806.8,799.8,806.2,803.3,804.9,792.0,811.2,813.7,791.9,819.5,900.2,804.5,0.3,25.0
2025-04-23 16:12:55,806.5,799.5,806.0,803.2,806.3,792.8,811.0,814.1,792.2,818.7,899.9,804.7,1.3,25.0
2025-04-23 16:13:00,806.2,799.0,806.7,803.5,805.4,793.2,810.5,813.8,792.8,818.5,900.0,805.2,2.6,25.0
2025-04-23 16:13:05,806.5,799.1,806.9,802.9,804.7,792.6,810.1,813.6,792.1,818.6,900.0,805.2,2.4,25.0
2025-04-23 16:13:10,806.1,799.2,805.8,802.3,804.4,791.8,809.5,814.1,791.9,818.6,899.7,805.3,2.7,25.0
2025-04-23 16:13:15,806.3,799.1,806.1,801.7,804.0,791.5,809.8,814.1,791.3,818.3,899.4,804.8,2.6,25.1
2025-04-23 16:13:20,805.5,798.0,806.0,801.6,804.1,791.4,809.6,814.0,791.0,818.2,899.4,804.4,1.8,25.1
2025-04-23 16:13:25,805.6,797.9,805.7,801.0,803.4,791.8,808.8,812.9,790.8,817.9,899.1,803.9,1.8,25.1
2025-04-23 16:13:30,806.0,797.5,805.3,801.2,803.2,791.8,809.2,812.5,790.2,817.3,898.7,803.4,2.1,25.1
2025-04-23 16:13:35,806.0,797.3,805.4,801.0,803.8,791.7,809.0,812.3,789.4,817.0,898.4,802.4,1.9,25.1
2025-04-23 16:13:40,805.7,798.3,805.6,801.2,803.6,791.8,809.3,812.9,789.7,816.7,898.4,802.0,2.3,25.1
2025-04-23 16:13:45,805.4,798.2,805.7,801.4,803.3,792.0,809.2,812.8,790.3,816.6,898.4,802.3,2.6,25.1
2025-04-23 16:13:50,805.1,798.6,805.5,800.9,802.8,791.6,809.0,812.9,791.1,816.8,898.6,802.0,2.8,25.1
2025-04-23 16:13:55,804.8,798.0,805.0,800.9,802.2,791.6,808.6,813.0,790.3,816.5,898.3,801.8,2.7,25.1
2025-04-23 16:14:00,804.3,797.3,804.4,801.1,801.9,791.5,808.6,813.0,790.1,816.6,898.2,799.7,1.9,25.1
2025-04-23 16:14:05,804.1,797.3,803.8,801.1,801.3,791.7,807.3,812.6,790.0,816.1,897.9,799.5,2.0,25.1
2025-04-23 16:14:10,803.2,796.5,802.8,800.0,801.2,791.0,806.9,811.9,789.4,815.9,898.1,798.8,2.1,25.1
2025-04-23 16:14:15,802.9,796.2,801.4,799.7,800.5,790.1,806.9,811.8,789.1,816.0,897.8,798.8,1.9,25.1
2025-04-23 16:14:20,802.8,795.9,801.1,798.4,800.3,789.6,806.4,811.6,788.9,815.8,897.4,798.3,1.9,25.1
2025-04-23 16:14:25,803.4,795.8,801.1,798.5,800.3,789.2,806.1,811.1,788.1,815.3,896.9,796.4,1.7,25.0
2025-04-23 16:14:30,802.3,795.7,801.1,798.5,799.3,789.0,805.9,809.7,787.4,814.9,896.9,796.3,1.8,25.0
2025-04-23 16:14:35,802.6,795.3,801.2,798.3,799.4,788.3,805.9,809.4,786.9,815.0,896.7,796.4,2.2,25.0
2025-04-23 16:14:40,802.1,794.6,801.0,798.5,799.6,787.9,805.6,809.2,786.5,814.1,895.4,796.3,2.0,25.0
2025-04-23 16:14:45,802.1,794.3,801.3,798.6,799.2,788.3,805.7,808.8,786.3,813.8,895.4,797.4,2.0,25.0
2025-04-23 16:14:50,801.9,794.9,801.2,797.9,799.4,788.1,805.7,809.4,786.1,813.7,895.3,797.2,2.0,24.9
2025-04-23 16:14:55,801.4,796.4,801.0,798.3,799.0,788.0,805.3,809.3,786.1,813.1,895.0,797.2,1.6,24.9
2025-04-23 16:15:00,801.0,796.0,800.6,798.2,798.8,788.3,804.9,808.7,786.2,812.6,894.9,797.3,2.1,24.9
2025-04-23 16:15:05,800.9,795.6,800.8,798.3,799.0,788.4,804.8,808.7,786.1,812.3,894.2,797.7,3.4,24.9
2025-04-23 16:15:10,800.8,795.8,800.3,797.7,798.6,787.9,803.8,807.9,786.8,812.4,894.6,797.5,3.1,24.9
2025-04-23 16:15:15,800.6,795.3,799.9,797.3,798.8,787.9,803.7,808.3,786.4,812.6,895.0,796.9,2.9,24.9
2025-04-23 16:15:20,800.5,794.8,799.6,796.9,798.6,787.6,803.5,807.7,785.7,812.6,894.9,796.5,2.7,24.9
2025-04-23 16:15:25,800.7,793.8,798.8,796.6,797.7,787.1,803.0,807.5,785.6,812.6,894.9,795.0,2.4,24.9
2025-04-23 16:15:30,800.0,793.5,798.7,796.4,797.2,787.4,802.5,807.1,785.2,812.6,895.0,794.9,2.0,24.9
2025-04-23 16:15:35,799.8,792.7,798.4,795.6,796.7,786.8,802.4,807.1,785.1,812.3,894.7,794.5,2.3,24.9
2025-04-23 16:15:40,799.3,792.3,798.1,795.6,796.5,786.1,801.9,807.2,784.8,812.0,894.5,793.2,2.4,24.9
2025-04-23 16:15:45,799.2,792.4,798.1,795.4,796.3,785.8,801.7,806.7,784.1,811.9,894.3,792.6,2.2,24.8
2025-04-23 16:15:50,799.1,792.2,798.0,795.4,796.1,785.6,801.1,805.7,782.6,811.2,893.7,792.8,1.9,24.8
2025-04-23 16:15:55,799.5,792.5,797.5,795.5,796.1,785.4,801.1,805.2,782.8,810.8,893.4,792.6,1.8,24.8
2025-04-23 16:16:00,799.8,792.6,797.4,795.8,795.9,785.6,801.1,806.2,782.2,810.6,893.3,793.0,1.6,24.8
2025-04-23 16:16:05,799.2,792.1,797.3,795.4,795.6,785.6,801.3,806.3,782.2,810.2,893.2,792.8,1.5,24.8
2025-04-23 16:16:10,799.2,792.2,797.4,795.6,795.4,785.7,801.0,806.1,782.4,809.7,893.1,792.8,1.5,24.8
2025-04-23 16:16:15,798.8,792.4,797.2,795.6,794.9,785.3,801.0,805.1,782.0,810.0,893.0,792.6,1.3,24.8
2025-04-23 16:16:20,798.0,792.4,796.4,795.6,794.8,785.3,801.0,805.3,782.1,809.9,893.3,792.8,1.1,24.7
2025-04-23 16:16:25,798.2,792.3,795.4,795.3,794.4,784.6,800.5,805.2,781.9,809.9,893.7,792.9,1.1,24.7
2025-04-23 16:16:30,797.4,792.2,795.1,794.8,794.1,784.4,800.0,804.8,781.5,810.0,893.9,791.8,1.1,24.7
2025-04-23 16:16:35,796.4,791.6,794.5,794.8,794.1,783.8,800.1,804.5,781.2,809.7,893.6,791.4,0.9,24.7
2025-04-23 16:16:40,796.5,791.5,794.3,793.4,793.5,783.6,799.6,804.0,780.7,809.2,893.2,791.1,0.8,24.7
2025-04-23 16:16:45,796.5,791.4,793.8,793.4,792.6,783.3,799.2,803.6,780.4,808.8,892.8,790.8,0.8,24.7
2025-04-23 16:16:50,796.2,791.3,793.7,793.6,792.2,782.4,798.7,803.2,780.3,807.9,892.0,790.2,0.8,24.7
2025-04-23 16:16:55,795.4,791.2,793.8,793.1,792.0,782.0,798.5,802.5,780.5,807.6,891.8,789.7,1.1,24.7
2025-04-23 16:17:00,795.5,790.9,793.6,792.7,791.6,781.9,798.3,802.5,780.3,807.5,891.6,789.5,1.8,24.7
2025-04-23 16:17:05,795.1,790.5,793.1,792.1,791.6,781.8,797.5,802.3,780.1,807.0,891.6,789.3,2.0,24.6
2025-04-23 16:17:10,795.5,789.1,792.8,792.4,791.8,781.2,797.1,801.2,779.5,806.6,891.2,788.9,1.9,24.6
2025-04-23 16:17:15,795.4,789.0,792.4,792.1,791.5,780.8,797.3,801.8,779.3,806.5,891.2,788.7,1.7,24.6
2025-04-23 16:17:20,795.6,788.8,792.2,792.0,790.9,780.9,797.4,801.4,779.4,806.4,890.6,789.3,1.3,24.6
2025-04-23 16:17:25,794.9,788.7,792.3,791.9,790.6,780.8,797.4,801.2,778.9,806.1,890.6,789.1,1.3,24.6
2025-04-23 16:17:30,794.1,788.3,792.0,792.6,790.6,781.1,797.1,801.3,778.9,806.4,890.8,788.3,1.1,24.6
2025-04-23 16:17:35,793.6,787.8,791.9,790.7,790.0,780.8,796.6,801.3,778.4,805.9,890.7,788.0,1.0,24.6
2025-04-23 16:17:40,793.7,787.2,791.8,791.6,789.7,780.3,796.3,801.0,779.2,805.8,890.6,788.3,1.0,24.6
2025-04-23 16:17:45,793.2,787.1,791.0,791.0,789.1,777.2,796.3,800.6,779.4,805.6,890.8,788.0,1.0,24.6
2025-04-23 16:17:50,793.0,786.7,791.0,790.9,789.0,777.8,795.9,799.8,779.1,805.6,890.6,787.4,0.9,24.6
2025-04-23 16:17:55,792.7,786.3,791.0,790.4,788.9,777.7,795.7,799.2,779.3,805.1,890.4,787.2,0.8,24.6
2025-04-23 16:18:00,792.4,787.0,790.6,789.4,789.1,777.8,795.4,799.4,778.5,804.2,890.5,786.0,0.7,24.6
2025-04-23 16:18:05,792.3,787.4,790.7,788.9,789.1,777.8,795.2,799.2,778.3,803.8,889.7,786.1,0.8,24.6
2025-04-23 16:18:10,792.2,786.0,791.0,788.4,789.4,777.4,795.1,799.1,777.4,803.7,890.2,786.2,1.2,24.6
2025-04-23 16:18:15,792.0,786.0,790.5,788.2,789.6,777.1,795.1,797.9,776.9,803.7,889.9,786.6,1.4,24.6
2025-04-23 16:18:20,791.6,785.9,790.2,788.4,789.4,777.0,794.4,797.9,777.0,804.6,889.7,786.9,1.4,24.6
2025-04-23 16:18:25,790.9,786.1,789.5,788.8,789.5,777.7,794.2,797.9,776.2,803.2,889.9,786.8,1.3,24.6
2025-04-23 16:18:30,790.5,785.4,789.0,788.6,789.6,777.4,795.0,798.0,775.9,803.3,888.9,786.4,1.2,24.6
2025-04-23 16:18:35,790.1,785.3,789.1,788.4,789.7,777.4,794.9,798.2,776.2,803.0,889.6,785.3,0.9,24.6
2025-04-23 16:18:40,789.9,784.6,788.9,787.6,789.5,777.3,794.6,797.9,775.9,803.3,888.9,785.1,0.9,24.6
2025-04-23 16:18:45,790.0,784.2,788.9,787.2,789.8,776.9,794.1,797.7,775.9,802.6,888.6,784.7,0.9,24.6
2025-04-23 16:18:50,790.2,783.9,788.3,786.9,789.0,776.0,794.5,796.9,775.8,801.9,888.5,784.6,0.8,24.6
2025-04-23 16:18:55,790.0,783.6,787.9,786.4,788.2,775.9,794.2,796.4,775.0,802.1,889.2,783.7,0.6,24.6
2025-04-23 16:19:00,789.4,783.4,787.8,786.2,788.0,775.5,793.6,795.9,774.2,802.3,888.9,783.6,0.5,24.6
2025-04-23 16:19:05,788.6,783.0,787.0,785.7,788.2,774.6,793.6,796.4,774.0,801.6,888.5,783.2,0.6,24.6
2025-04-23 16:19:10,788.4,782.5,786.5,785.0,786.7,774.2,793.0,796.0,774.1,801.2,888.4,783.2,0.7,24.6
2025-04-23 16:19:15,787.7,782.1,786.1,784.8,786.7,773.3,792.4,795.7,774.0,801.3,888.2,782.9,0.7,24.6
2025-04-23 16:19:20,787.3,782.1,785.9,783.7,785.4,772.3,791.7,794.6,773.8,800.8,887.6,782.2,0.6,24.6
2025-04-23 16:19:25,787.5,781.3,785.1,783.2,784.7,771.5,791.9,794.4,772.9,801.7,888.0,781.7,0.6,24.7
2025-04-23 16:19:30,787.4,780.6,785.0,782.3,783.8,769.8,791.5,793.9,772.6,800.7,887.4,780.8,0.6,24.7
2025-04-23 16:19:35,787.1,780.7,785.1,782.0,783.7,770.1,791.3,792.3,772.0,800.1,887.5,780.4,0.6,24.7
2025-04-23 16:19:40,786.7,780.5,785.4,782.1,783.8,770.3,791.2,792.7,771.8,799.1,887.1,779.9,0.5,24.7
2025-04-23 16:19:45,786.3,780.8,784.8,782.2,783.9,770.4,789.9,792.6,771.5,798.8,886.8,780.2,0.5,24.7
2025-04-23 16:19:50,786.2,781.2,785.2,782.4,784.0,770.8,789.9,793.2,771.3,798.8,886.8,780.1,0.4,24.7
2025-04-23 16:19:55,786.2,781.3,785.0,781.7,784.0,770.1,789.7,793.3,771.2,799.0,886.8,779.9,0.4,24.7
2025-04-23 16:20:00,785.9,780.8,784.3,781.7,783.4,769.9,789.5,792.8,771.2,798.6,887.2,779.3,0.7,24.7
2025-04-23 16:20:05,786.0,780.2,784.5,781.3,783.2,769.4,789.3,792.3,771.1,798.5,886.8,779.1,0.8,24.7
2025-04-23 16:20:10,785.8,780.0,784.3,781.2,783.6,769.6,789.4,792.4,771.2,798.0,887.0,778.6,0.9,24.7
2025-04-23 16:20:15,786.0,780.2,784.1,780.6,783.8,769.7,789.1,792.8,771.2,797.5,886.3,778.5,0.8,24.7
2025-04-23 16:20:20,785.6,779.8,784.7,780.9,783.8,769.9,789.3,792.6,771.3,797.2,885.9,778.6,0.8,24.7
2025-04-23 16:20:25,785.6,779.3,784.9,780.7,783.6,770.6,789.7,795.9,771.2,797.2,886.1,778.1,0.9,24.7
2025-04-23 16:20:30,785.6,778.9,784.7,780.5,783.9,770.6,789.2,795.6,771.1,797.0,886.8,778.0,1.0,24.7
2025-04-23 16:20:35,785.3,778.7,784.7,780.4,784.2,770.6,789.3,795.5,771.2,797.5,886.9,778.6,1.0,24.7
2025-04-23 16:20:40,785.5,778.6,784.4,781.8,784.5,771.9,789.2,795.3,771.2,797.5,887.0,778.7,1.0,24.7
2025-04-23 16:20:45,785.4,778.1,784.3,783.2,784.2,771.9,789.1,794.8,770.6,797.2,887.4,779.0,1.2,24.8
2025-04-23 16:20:50,785.5,777.8,784.3,782.4,783.7,771.2,789.0,793.5,770.5,797.2,887.3,778.2,1.8,24.8
2025-04-23 16:20:55,785.0,777.7,783.8,782.4,782.5,770.7,788.3,793.0,770.8,797.0,887.2,777.4,1.5,24.8
2025-04-23 16:21:00,785.2,777.8,783.4,781.8,782.7,770.3,788.0,792.6,770.6,796.8,887.1,777.7,1.4,24.8
2025-04-23 16:21:05,785.5,778.7,783.5,782.0,783.0,769.3,787.5,791.8,769.9,796.5,886.5,776.6,1.7,24.8
2025-04-23 16:21:10,785.4,778.3,783.6,782.1,782.9,769.1,787.8,791.6,769.3,796.5,886.4,776.7,1.6,24.8
2025-04-23 16:21:15,785.4,779.0,783.8,781.0,783.2,769.1,788.1,791.6,768.9,796.2,886.7,776.0,1.4,24.8
2025-04-23 16:21:20,785.3,779.7,784.3,780.6,782.6,769.3,788.5,792.0,769.3,796.1,886.6,777.1,1.2,24.8
2025-04-23 16:21:25,786.4,779.6,784.4,779.9,782.1,769.3,788.3,791.8,769.2,796.2,886.7,776.4,1.4,24.8
2025-04-23 16:21:30,786.1,779.3,783.1,779.7,781.9,768.7,788.9,791.2,769.5,796.3,887.0,775.5,1.7,24.8
2025-04-23 16:21:35,785.9,778.7,783.4,779.5,781.9,768.5,788.8,790.8,769.6,796.1,886.8,774.8,1.6,24.8
2025-04-23 16:21:40,785.9,778.8,783.9,779.4,781.9,768.5,790.1,791.1,768.8,795.9,886.2,774.4,3.4,24.8
2025-04-23 16:21:45,786.0,778.6,784.6,779.3,782.3,768.7,790.3,790.5,768.4,795.6,886.3,774.0,3.2,24.7
2025-04-23 16:21:50,786.1,778.6,785.0,779.9,783.8,769.3,789.6,790.5,768.0,795.2,886.3,773.9,3.4,24.7
2025-04-23 16:21:55,786.0,778.5,784.9,779.8,783.5,769.6,788.6,790.9,768.3,795.0,886.4,775.5,3.9,24.7
2025-04-23 16:22:00,786.1,778.2,785.3,780.1,783.2,769.7,788.2,790.7,768.8,795.3,886.9,775.4,3.3,24.6
2025-04-23 16:22:05,786.2,777.6,785.1,780.5,783.2,769.8,788.7,791.1,768.8,795.5,887.0,775.3,3.1,24.6
2025-04-23 16:22:10,785.7,777.8,785.0,780.4,783.0,770.1,789.7,791.6,769.7,795.6,887.4,774.9,3.3,24.5
2025-04-23 16:22:15,785.8,779.9,785.3,780.5,783.3,769.6,789.3,791.9,769.3,795.6,887.7,774.3,3.5,24.5
2025-04-23 16:22:20,785.6,780.4,785.7,780.4,783.2,769.0,788.1,792.1,769.2,795.5,887.7,774.6,2.7,24.4
2025-04-23 16:22:25,785.8,780.0,785.7,780.5,783.5,769.2,787.6,791.8,769.1,795.3,887.6,773.7,2.5,24.4
2025-04-23 16:22:30,786.2,779.7,785.2,780.9,783.6,769.1,787.5,792.1,769.2,795.2,887.6,774.1,3.4,24.3
2025-04-23 16:22:35,786.2,779.4,783.5,781.7,782.4,770.7,787.5,791.7,769.4,795.3,887.9,773.7,3.5,24.3
2025-04-23 16:22:40,786.0,778.3,783.6,782.1,782.5,770.8,787.3,792.0,769.8,795.6,888.1,773.5,2.6,24.3
2025-04-23 16:22:45,785.8,778.2,783.2,781.5,782.4,771.0,787.5,792.2,769.5,795.9,888.4,772.9,2.1,24.3
2025-04-23 16:22:50,785.5,778.0,782.8,781.5,781.8,770.9,787.2,792.1,769.0,796.0,888.8,772.6,1.9,24.3
2025-04-23 16:22:55,785.3,778.0,783.2,781.1,781.7,770.1,786.8,790.6,768.7,796.1,888.6,772.0,1.8,24.3
2025-04-23 16:23:00,784.4,777.9,783.5,780.8,781.2,769.0,786.6,790.7,768.4,795.8,888.1,772.2,1.4,24.2
2025-04-23 16:23:05,784.0,777.5,783.4,779.8,781.5,769.1,786.1,791.1,767.1,795.6,887.9,772.5,1.2,24.3
2025-04-23 16:23:10,783.6,776.3,782.9,779.7,781.5,769.0,785.9,791.1,767.2,795.2,887.6,771.3,1.3,24.3
2025-04-23 16:23:15,783.6,775.7,782.8,780.0,780.6,768.6,785.6,789.8,766.9,794.8,887.5,770.2,1.6,24.3
2025-04-23 16:23:20,783.4,776.1,783.0,780.0,780.5,768.3,785.4,789.2,766.5,794.8,887.2,769.6,1.3,24.3
2025-04-23 16:23:25,783.6,777.2,782.5,779.4,779.6,767.5,785.0,788.9,766.1,794.4,887.1,769.0,1.3,24.3
2025-04-23 16:23:30,783.6,776.9,782.0,779.0,779.2,766.9,784.8,788.5,765.8,794.2,886.7,768.8,1.9,24.3
2025-04-23 16:23:35,783.2,776.4,782.1,778.6,778.8,766.6,784.3,788.6,765.7,793.9,886.3,769.1,1.7,24.3
2025-04-23 16:23:40,782.7,774.7,781.5,779.2,778.8,765.5,784.0,788.0,765.7,793.9,886.5,769.1,1.8,24.3
2025-04-23 16:23:45,782.6,774.7,780.5,778.7,779.2,765.5,784.1,787.9,765.4,793.6,886.3,769.3,1.8,24.3
2025-04-23 16:23:50,782.4,774.3,780.3,779.1,779.1,765.9,784.2,787.7,765.0,793.3,886.5,768.7,1.6,24.3
2025-04-23 16:23:55,782.1,774.4,780.8,778.0,779.1,766.1,784.4,787.3,765.2,793.5,886.5,768.4,1.1,24.3
2025-04-23 16:24:00,782.0,774.6,781.1,777.7,779.1,765.7,784.1,787.4,765.1,793.2,886.7,768.5,1.1,24.3
2025-04-23 16:24:05,782.2,774.2,781.0,777.7,778.7,765.4,784.2,787.3,765.3,792.9,886.6,768.4,1.0,24.4
2025-04-23 16:24:10,782.3,774.2,780.5,777.8,778.6,765.9,784.6,787.6,765.2,792.9,886.9,768.2,2.4,24.4
2025-04-23 16:24:15,782.7,774.9,780.3,777.8,779.0,766.1,784.7,787.9,765.9,792.7,886.3,767.6,2.9,24.4
2025-04-23 16:24:20,782.7,774.7,780.2,777.3,779.3,766.5,784.9,788.0,766.1,792.4,886.6,767.4,3.0,24.3
2025-04-23 16:24:25,782.7,774.9,780.2,777.5,779.9,767.0,785.1,788.8,766.3,792.4,886.6,767.9,2.9,24.3
2025-04-23 16:24:30,782.5,775.0,780.3,777.7,780.1,767.7,785.3,788.6,766.1,792.5,887.0,768.8,2.7,24.3
2025-04-23 16:24:35,782.0,775.3,781.0,777.7,779.4,767.2,784.3,788.6,766.0,792.7,887.3,768.6,2.8,24.3
2025-04-23 16:24:40,781.6,774.6,781.2,777.5,779.1,766.8,784.1,788.1,765.5,792.8,887.2,767.9,2.3,24.2
2025-04-23 16:24:45,781.5,774.2,780.1,777.1,779.1,766.4,784.8,787.8,765.2,792.5,886.9,766.5,2.0,24.2
2025-04-23 16:24:50,781.9,774.3,780.4,777.3,779.1,766.4,784.1,788.1,764.4,792.3,886.9,767.0,2.2,24.2
2025-04-23 16:24:55,781.5,774.5,780.6,777.5,778.4,766.2,784.6,787.9,764.5,792.1,886.7,766.4,2.6,24.2
2025-04-23 16:25:00,781.4,774.6,780.0,777.1,778.5,765.9,784.0,787.6,764.0,791.8,886.3,765.5,2.8,24.2
2025-04-23 16:25:05,781.4,774.1,779.8,775.9,778.3,765.1,783.9,786.8,764.1,791.6,886.0,765.1,2.6,24.2
2025-04-23 16:25:10,781.0,773.7,779.3,775.6,777.7,764.9,783.4,786.0,763.9,791.4,885.9,765.5,2.6,24.1
2025-04-23 16:25:15,780.9,773.7,779.0,775.2,777.6,764.5,783.7,786.1,763.7,791.0,885.8,765.6,3.1,24.1
2025-04-23 16:25:20,780.5,773.6,778.9,775.0,777.7,764.2,783.1,785.5,763.1,790.4,885.5,765.5,2.8,24.1
2025-04-23 16:25:25,780.5,773.0,779.0,775.1,777.4,764.2,782.5,785.7,762.7,790.3,885.3,765.0,2.8,24.1
2025-04-23 16:25:30,780.0,773.1,778.8,774.7,777.2,763.9,781.9,785.6,763.0,790.4,885.4,764.4,3.2,24.1
2025-04-23 16:25:35,779.6,772.9,778.3,774.7,777.0,763.7,782.1,785.8,763.1,790.7,885.9,764.1,3.1,24.0
2025-04-23 16:25:40,780.0,773.1,778.1,775.2,777.0,763.4,781.6,785.5,762.6,790.6,886.1,764.0,2.7,24.0
2025-04-23 16:25:45,780.1,773.2,778.2,775.4,776.8,763.7,781.5,785.8,762.1,790.5,886.2,763.9,2.3,24.0
2025-04-23 16:25:50,780.2,773.2,778.2,775.8,776.8,763.9,781.2,785.7,761.7,790.9,886.3,764.2,2.0,24.0
2025-04-23 16:25:55,780.0,773.9,778.0,775.6,776.6,764.0,780.9,785.3,761.8,790.9,886.3,764.2,2.1,23.9
2025-04-23 16:26:00,779.6,773.8,778.0,776.1,776.8,764.2,780.7,784.9,761.8,790.2,886.0,763.9,1.9,23.9
2025-04-23 16:26:05,779.2,774.0,777.4,776.5,776.6,764.7,780.9,784.9,761.9,789.9,885.3,762.9,1.9,23.9
2025-04-23 16:26:10,778.9,773.6,776.9,776.2,776.1,764.1,780.0,784.6,761.3,790.0,886.2,763.2,1.9,23.9
2025-04-23 16:26:15,779.4,773.5,776.6,776.2,774.9,763.7,779.8,783.1,761.3,789.7,885.9,763.1,1.6,23.9
2025-04-23 16:26:20,778.8,773.4,776.5,776.1,774.1,763.6,779.8,783.6,761.1,789.3,885.4,762.9,1.4,23.9
2025-04-23 16:26:25,777.9,773.4,776.4,776.2,774.0,763.4,779.8,783.6,760.6,789.2,885.5,761.2,1.1,23.9
2025-04-23 16:26:30,777.8,773.0,775.1,776.2,773.4,763.2,779.4,783.3,760.5,788.8,884.8,761.1,0.9,23.9
2025-04-23 16:26:35,777.4,773.0,774.5,775.4,773.2,763.1,779.1,782.9,759.8,788.4,884.3,760.1,0.7,24.0
2025-04-23 16:26:40,777.3,773.3,774.5,775.2,772.4,762.3,778.3,783.3,759.2,788.0,884.4,759.5,0.6,24.0
2025-04-23 16:26:45,776.8,773.1,774.1,774.6,772.2,761.9,777.4,783.2,758.8,787.8,884.2,758.5,0.5,24.0
2025-04-23 16:26:50,776.6,772.4,773.7,774.1,772.5,761.5,776.6,782.6,758.8,787.0,883.8,758.6,0.5,24.0
2025-04-23 16:26:55,776.3,772.0,773.3,773.9,772.7,760.6,776.2,781.8,758.5,787.1,883.9,757.9,0.4,24.0
2025-04-23 16:27:00,775.9,771.1,773.5,773.5,773.1,760.7,776.2,781.5,758.5,787.0,883.7,757.4,0.3,24.0
2025-04-23 16:27:05,775.9,771.2,773.8,773.1,772.7,760.9,776.3,781.4,758.4,786.6,883.7,757.2,0.2,24.1
2025-04-23 16:27:10,775.9,770.8,774.0,772.9,772.3,760.5,775.8,781.0,757.5,786.2,883.4,757.2,0.2,24.1
2025-04-23 16:27:15,776.2,770.5,773.9,772.3,772.0,760.8,775.4,780.8,757.0,785.8,882.9,757.5,0.1,24.1
2025-04-23 16:27:20,775.9,770.2,773.7,772.5,771.4,760.7,775.8,780.6,757.0,785.3,882.9,757.3,0.7,24.1
2025-04-23 16:27:25,775.3,770.0,773.7,772.0,771.2,761.0,775.7,780.5,757.0,785.3,882.6,756.8,0.7,24.1
2025-04-23 16:27:30,774.9,769.5,773.6,772.1,770.7,760.7,775.6,780.2,757.5,785.3,883.4,756.4,0.9,24.1
2025-04-23 16:27:35,774.2,769.1,772.9,771.6,770.5,760.1,775.6,780.3,757.1,785.2,883.5,755.9,0.9,24.2
2025-04-23 16:27:40,773.9,769.0,772.8,771.6,770.1,760.0,775.0,780.4,756.6,785.4,883.6,755.8,0.9,24.2
2025-04-23 16:27:45,773.5,768.6,772.5,771.4,769.8,759.9,775.5,780.4,756.3,785.2,883.4,755.7,0.9,24.2
2025-04-23 16:27:50,772.7,768.2,772.0,770.9,769.7,759.2,774.9,779.9,756.0,784.7,883.1,754.8,0.9,24.2
2025-04-23 16:27:55,772.8,768.2,771.3,770.5,769.2,759.0,774.4,779.7,756.1,784.3,883.1,754.3,0.9,24.2
2025-04-23 16:28:00,773.0,768.6,770.7,769.6,769.3,758.3,774.4,779.8,755.6,784.2,882.8,753.8,0.8,24.2
2025-04-23 16:28:05,772.3,768.2,770.4,769.4,769.1,757.5,774.4,779.9,755.6,783.3,882.1,753.0,0.7,24.2
2025-04-23 16:28:10,771.9,767.9,770.7,768.8,769.3,757.4,774.8,779.4,755.4,783.4,881.9,752.2,0.7,24.3
2025-04-23 16:28:15,772.6,766.8,770.9,768.4,768.7,757.1,775.3,778.5,754.3,782.3,881.0,752.2,0.9,24.3
2025-04-23 16:28:20,772.8,766.9,770.8,768.4,769.3,756.9,775.0,777.9,753.5,782.1,881.2,752.0,0.9,24.3
2025-04-23 16:28:25,772.6,766.5,771.3,768.4,769.8,757.1,775.0,777.8,753.4,781.9,880.9,752.3,1.1,24.3
2025-04-23 16:28:30,772.0,766.1,771.6,768.1,769.1,757.4,774.6,777.1,753.4,781.8,881.5,752.3,2.0,24.3
2025-04-23 16:28:35,772.2,765.6,771.1,768.1,768.9,756.9,774.6,777.2,753.4,781.9,881.5,752.5,2.7,24.3
2025-04-23 16:28:40,772.0,765.6,770.8,767.9,769.0,756.8,774.7,777.4,753.5,782.2,882.0,752.0,2.3,24.3
2025-04-23 16:28:45,772.2,765.3,770.4,767.9,769.6,756.4,775.0,777.4,753.6,782.0,882.3,751.9,2.2,24.3
2025-04-23 16:28:50,772.0,765.0,770.3,767.7,769.6,756.6,775.1,777.4,753.9,781.8,882.4,751.5,2.5,24.3
2025-04-23 16:28:55,771.7,764.9,770.6,767.9,769.6,756.1,774.7,776.9,753.4,782.2,882.6,751.2,2.5,24.3
2025-04-23 16:29:00,773.1,765.1,770.8,768.2,769.3,756.2,774.0,776.8,752.5,782.2,882.6,751.0,2.6,24.3
2025-04-23 16:29:05,773.0,766.5,770.8,768.3,769.0,755.8,772.8,776.7,752.1,782.0,882.8,751.0,2.6,24.3
2025-04-23 16:29:10,772.1,766.0,770.2,767.7,768.6,756.1,773.1,777.0,752.2,782.1,882.9,751.2,2.7,24.3
2025-04-23 16:29:15,771.6,765.7,770.1,767.5,767.3,756.6,772.7,776.7,752.9,782.0,883.2,751.5,2.5,24.3
2025-04-23 16:29:20,772.2,765.5,769.8,766.9,768.0,755.8,772.8,776.3,752.8,781.7,883.0,751.8,2.3,24.2
2025-04-23 16:29:25,772.1,765.6,769.4,767.2,767.9,755.4,773.0,777.2,752.7,781.8,883.2,750.9,2.2,24.2
2025-04-23 16:29:30,771.9,765.3,769.0,767.1,767.7,755.5,773.2,778.1,752.8,781.9,883.6,750.7,2.0,24.2
2025-04-23 16:29:35,772.0,764.7,768.5,767.2,767.5,755.8,773.2,777.9,752.8,781.8,883.8,750.2,2.0,24.2
2025-04-23 16:29:40,771.4,764.5,768.6,767.2,767.5,756.6,773.8,777.2,753.5,781.9,883.8,750.2,2.0,24.2
2025-04-23 16:29:45,770.6,764.5,768.0,768.0,767.4,757.0,773.9,777.7,753.1,781.6,883.6,749.8,2.7,24.2
2025-04-23 16:29:50,770.1,765.0,767.4,769.0,767.4,757.3,773.1,777.1,753.0,781.7,883.7,749.2,3.0,24.2
2025-04-23 16:29:55,769.9,764.3,767.3,768.7,767.1,756.6,773.1,776.8,752.9,781.2,883.3,749.3,2.6,24.2
2025-04-23 16:30:00,770.0,764.3,767.8,767.9,766.8,755.1,772.6,775.7,752.1,780.5,882.5,750.2,2.4,24.2
2025-04-23 16:30:05,769.8,763.6,768.1,766.6,767.0,754.9,772.6,775.8,751.3,780.2,882.4,748.8,2.3,24.2
2025-04-23 16:30:10,770.5,763.0,768.2,766.3,767.0,754.4,773.1,775.4,751.0,780.4,882.5,748.4,1.9,24.2
2025-04-23 16:30:15,770.4,763.6,767.5,765.9,767.3,754.3,772.8,774.6,750.3,779.7,882.2,748.0,1.7,24.2
2025-04-23 16:30:20,770.1,763.7,767.1,765.5,767.5,754.4,772.5,774.1,750.3,779.8,882.6,748.0,1.9,24.2
2025-04-23 16:30:25,770.1,764.4,766.9,765.2,767.1,754.1,772.1,774.2,750.5,780.0,882.5,747.9,1.8,24.2
2025-04-23 16:30:30,769.7,764.5,767.2,765.1,766.4,753.3,771.5,773.7,750.4,780.1,882.6,747.6,1.8,24.2
2025-04-23 16:30:35,769.3,764.3,766.8,764.7,765.9,753.4,770.8,773.7,749.7,779.2,882.4,747.7,1.6,24.2
2025-04-23 16:30:40,769.3,764.6,767.2,764.3,765.0,753.4,771.2,773.3,749.3,779.0,882.2,747.2,1.6,24.2
2025-04-23 16:30:45,768.9,764.4,767.0,764.0,765.1,752.3,770.7,772.7,748.9,778.9,881.6,746.6,1.6,24.2
2025-04-23 16:30:50,768.4,764.0,766.3,763.6,764.2,752.1,769.7,772.4,748.0,778.4,881.8,746.1,1.5,24.1
2025-04-23 16:30:55,768.0,763.5,765.9,763.8,763.9,751.2,768.6,772.1,747.6,778.5,881.9,745.3,1.3,24.1
2025-04-23 16:31:00,768.0,762.3,765.2,763.4,763.5,750.8,768.5,771.7,747.3,778.2,882.0,744.9,1.2,24.1
2025-04-23 16:31:05,767.5,762.2,764.9,763.0,763.3,750.6,768.2,771.4,746.6,777.4,881.4,744.3,1.1,24.1
2025-04-23 16:31:10,767.2,761.8,764.4,762.7,763.2,750.3,767.9,771.5,746.6,777.3,881.2,744.2,0.9,24.1
2025-04-23 16:31:15,766.7,761.5,763.6,762.6,763.2,750.5,768.3,771.1,746.6,777.0,881.5,743.8,0.8,24.1
2025-04-23 16:31:20,766.1,761.7,763.6,761.9,762.4,750.5,768.0,770.2,745.9,776.7,881.4,742.9,0.7,24.1
2025-04-23 16:31:25,766.2,761.7,763.3,762.0,761.9,750.9,767.7,770.4,745.8,776.3,881.3,742.7,0.6,24.1
2025-04-23 16:31:30,766.2,761.5,763.4,761.6,762.3,751.1,768.0,769.9,746.1,776.2,880.8,742.4,0.7,24.1
2025-04-23 16:31:35,766.1,761.5,763.7,761.8,762.5,750.7,767.4,769.4,745.3,776.1,881.1,742.7,0.9,24.1
2025-04-23 16:31:40,766.1,761.8,763.8,761.9,762.4,750.6,766.9,768.9,745.4,775.7,881.7,743.0,0.9,24.1
2025-04-23 16:31:45,766.1,761.9,763.7,762.1,762.7,751.4,768.2,769.1,745.5,776.0,881.6,742.8,1.4,24.1
2025-04-23 16:31:50,766.4,761.9,763.5,761.8,762.6,751.7,768.6,769.1,746.4,775.8,881.6,742.5,1.4,24.1
2025-04-23 16:31:55,766.0,761.8,763.8,761.9,763.3,751.3,768.6,769.1,746.3,775.8,882.1,742.5,1.3,24.1
2025-04-23 16:32:00,766.1,761.7,764.3,762.2,763.3,751.0,769.2,770.0,746.2,775.7,882.1,742.4,1.5,24.1
2025-04-23 16:32:05,766.2,761.7,764.5,761.9,763.5,751.3,769.3,770.5,746.3,775.9,882.1,742.1,1.7,24.1
2025-04-23 16:32:10,765.9,761.2,765.2,761.8,763.3,751.1,769.3,770.6,746.1,776.1,882.7,741.8,2.2,24.1
2025-04-23 16:32:15,766.0,761.1,764.9,762.1,763.1,751.1,768.7,769.9,746.1,776.3,883.2,741.5,2.2,24.1
2025-04-23 16:32:20,766.2,761.2,765.0,762.2,763.3,751.1,768.4,770.1,746.1,776.3,883.2,741.6,2.3,24.1
2025-04-23 16:32:25,766.9,761.3,764.8,762.1,762.9,750.8,768.5,770.0,746.4,776.4,883.6,741.9,2.0,24.1
2025-04-23 16:32:30,766.7,761.3,764.9,761.7,763.2,750.9,768.1,770.5,746.4,776.1,883.7,742.2,1.9,24.1
2025-04-23 16:32:35,766.3,761.0,764.5,761.3,763.2,750.6,768.4,770.5,746.2,776.1,883.8,742.1,1.9,24.1
2025-04-23 16:32:40,765.8,761.1,764.2,761.3,763.0,750.3,768.5,770.3,746.0,775.8,883.9,741.9,1.7,24.1
2025-04-23 16:32:45,765.9,761.1,763.9,761.3,762.8,750.1,768.1,770.1,745.3,775.7,883.7,741.4,1.6,24.1
2025-04-23 16:32:50,765.6,761.4,763.9,761.0,762.9,750.3,767.7,769.7,745.5,775.2,883.8,740.9,1.4,24.1
2025-04-23 16:32:55,766.0,761.7,763.7,761.4,762.5,750.0,767.1,769.9,745.4,775.3,884.3,740.7,1.3,24.1
2025-04-23 16:33:00,766.0,761.6,763.6,761.3,762.5,749.9,766.9,769.3,744.9,775.6,884.7,740.4,1.2,24.1
2025-04-23 16:33:05,765.9,761.6,763.2,761.1,762.3,749.8,767.4,769.2,744.9,775.7,884.3,740.4,1.2,24.1
2025-04-23 16:33:10,766.3,761.7,763.2,761.1,762.1,749.7,767.2,769.1,744.5,775.5,884.0,740.3,1.2,24.1
2025-04-23 16:33:15,766.0,761.8,762.9,761.0,762.0,749.5,767.2,769.0,744.2,775.4,884.9,739.9,1.1,24.1
2025-04-23 16:33:20,766.0,761.3,762.2,761.1,761.6,749.0,766.9,768.8,744.1,775.3,885.0,739.8,0.9,24.1
2025-04-23 16:33:25,765.9,761.3,762.4,760.9,761.7,749.3,766.7,768.8,744.0,775.4,885.5,739.7,0.8,24.1
2025-04-23 16:33:30,765.7,761.2,762.7,760.8,761.7,748.8,767.0,768.7,743.8,775.3,885.4,739.5,0.9,24.1
2025-04-23 16:33:35,765.5,760.9,763.1,760.9,761.9,748.9,766.9,768.1,743.7,775.3,885.5,738.9,1.0,24.1
2025-04-23 16:33:40,765.7,760.7,763.3,761.0,761.9,748.9,766.5,768.2,743.3,775.1,885.8,738.7,1.0,24.1
2025-04-23 16:33:45,765.7,760.4,763.3,760.8,761.5,749.1,766.4,768.5,743.8,775.0,886.1,738.6,1.5,24.2
2025-04-23 16:33:50,765.6,760.0,763.3,760.7,761.2,748.9,766.5,768.8,744.2,775.5,886.5,738.3,1.6,24.2
2025-04-23 16:33:55,765.2,759.5,763.2,760.5,760.8,749.4,766.4,768.8,744.6,775.0,886.7,738.1,1.7,24.2
2025-04-23 16:34:00,765.5,759.7,762.6,760.1,760.9,749.0,767.0,768.7,744.6,774.8,886.9,738.0,1.6,24.2
2025-04-23 16:34:05,765.5,759.2,762.4,760.0,760.4,749.1,767.0,768.6,744.3,774.9,886.3,737.9,1.4,24.2
2025-04-23 16:34:10,765.2,759.3,761.8,759.4,760.3,748.6,766.4,768.3,743.9,774.6,885.9,737.3,1.5,24.2
2025-04-23 16:34:15,765.1,759.0,761.7,759.2,761.1,748.0,766.1,768.4,743.6,774.2,885.6,737.3,1.4,24.2
2025-04-23 16:34:20,764.9,758.5,761.4,759.4,760.8,747.8,765.7,768.0,743.5,774.2,886.3,736.8,1.2,24.2
2025-04-23 16:34:25,764.3,758.0,761.1,759.4,760.8,746.9,765.7,767.1,743.2,774.1,886.1,737.0,1.1,24.2
2025-04-23 16:34:30,764.3,758.5,761.1,759.6,760.4,747.2,765.6,767.3,743.4,773.8,886.2,737.5,1.2,24.2
2025-04-23 16:34:35,764.1,757.9,761.6,758.9,760.4,747.5,765.2,767.2,743.2,772.8,885.6,737.1,1.3,24.2
2025-04-23 16:34:40,764.1,757.9,761.6,758.6,760.1,747.1,765.2,766.6,743.0,772.6,884.6,737.1,1.9,24.2
2025-04-23 16:34:45,763.5,757.5,761.6,758.4,760.1,746.8,765.0,766.9,741.9,772.0,885.1,737.8,1.8,24.2
2025-04-23 16:34:50,763.2,757.2,761.0,758.6,760.3,746.7,764.2,767.0,741.3,772.0,885.2,737.5,1.6,24.2
2025-04-23 16:34:55,763.4,757.1,761.0,758.8,760.3,746.6,764.1,766.5,741.2,771.9,885.3,737.2,1.6,24.2
2025-04-23 16:35:00,762.5,756.8,760.8,758.3,759.2,746.2,763.6,766.5,741.4,771.8,885.1,736.1,1.8,24.1
2025-04-23 16:35:05,762.3,757.1,760.5,758.1,759.0,745.9,762.0,764.9,740.7,771.7,885.0,735.4,1.9,24.1
2025-04-23 16:35:10,762.4,756.9,760.4,757.5,757.4,745.2,762.5,764.3,741.3,771.7,884.9,734.1,1.8,24.1
2025-04-23 16:35:15,762.0,757.0,760.1,757.2,757.4,744.7,762.6,764.2,741.0,770.8,884.6,734.4,1.6,24.1
2025-04-23 16:35:20,762.2,756.6,759.3,757.1,756.9,744.5,762.6,765.0,740.1,770.3,884.3,734.9,1.6,24.1
2025-04-23 16:35:25,761.6,756.7,758.5,757.1,756.7,744.8,762.4,764.4,740.9,770.4,882.8,733.9,1.6,24.1
2025-04-23 16:35:30,761.7,756.9,758.0,756.0,756.9,745.3,761.4,764.5,741.1,769.9,883.7,733.5,1.5,24.1
2025-04-23 16:35:35,761.6,757.2,758.2,756.3,756.4,745.3,761.3,764.0,740.2,769.4,883.3,732.7,1.5,24.1
2025-04-23 16:35:40,761.3,756.5,758.3,756.8,756.2,745.3,761.1,763.4,739.5,769.3,882.9,732.7,1.6,24.1
2025-04-23 16:35:45,760.9,756.0,757.7,757.1,756.0,744.6,760.5,764.0,739.8,768.2,882.6,732.3,1.5,24.1
2025-04-23 16:35:50,760.7,756.1,757.9,756.4,755.9,744.1,760.2,763.4,739.3,768.2,882.5,732.6,1.8,24.1
2025-04-23 16:35:55,760.2,755.7,758.0,755.8,755.9,743.8,759.8,763.4,739.5,768.2,882.9,732.5,1.9,24.2
2025-04-23 16:36:00,760.1,755.0,757.4,755.1,755.5,743.5,759.9,763.2,739.0,767.7,881.9,732.2,1.8,24.1
2025-04-23 16:36:05,759.5,755.0,757.0,754.7,754.7,743.7,760.0,762.5,738.5,767.3,881.6,731.3,1.5,24.2
2025-04-23 16:36:10,759.7,754.9,756.1,754.9,754.5,743.5,759.4,761.7,737.8,767.2,881.3,730.7,1.2,24.2
2025-04-23 16:36:15,759.5,754.7,756.6,755.3,754.1,743.1,759.0,762.1,737.9,767.3,881.8,729.8,1.0,24.2
2025-04-23 16:36:20,759.1,754.3,755.4,755.0,754.0,742.8,759.1,761.8,737.6,766.5,881.3,730.7,0.8,24.2
2025-04-23 16:36:25,759.0,754.6,756.0,753.3,753.3,741.6,758.8,761.5,737.2,766.9,882.7,730.5,1.1,24.2
2025-04-23 16:36:30,759.0,754.1,755.7,753.5,753.2,741.3,758.9,761.0,737.8,767.5,882.1,729.4,1.2,24.2
2025-04-23 16:36:35,758.4,753.5,755.2,752.7,752.5,740.7,758.4,760.9,738.3,766.4,882.4,729.3,1.1,24.3
2025-04-23 16:36:40,757.9,752.1,755.4,752.2,752.5,740.6,757.7,760.9,738.2,766.6,882.1,728.6,0.8,24.3
2025-04-23 16:36:45,757.8,751.9,754.6,751.3,752.4,740.2,757.4,760.0,737.9,766.4,881.7,728.5,0.7,24.3
2025-04-23 16:36:50,757.5,751.5,754.5,750.9,752.1,740.3,757.3,759.6,737.4,766.1,881.1,727.8,0.6,24.3
2025-04-23 16:36:55,756.8,751.2,754.9,751.6,751.6,740.9,757.2,761.4,736.6,765.0,881.3,728.0,0.5,24.3
2025-04-23 16:37:00,756.8,751.6,754.2,751.3,751.9,740.5,757.2,760.7,735.9,764.7,880.8,728.0,0.3,24.3
2025-04-23 16:37:05,756.6,751.4,754.0,751.0,751.7,740.7,757.9,760.3,735.6,764.5,879.9,728.1,0.2,24.3
2025-04-23 16:37:10,756.5,750.9,754.0,750.9,751.7,740.3,757.5,759.5,735.3,764.5,879.9,727.2,0.1,24.4
2025-04-23 16:37:15,756.0,750.3,753.7,750.3,751.6,740.3,757.4,759.6,734.6,764.4,880.1,727.4,0.1,24.4
2025-04-23 16:37:20,755.3,749.6,753.0,749.9,751.1,740.4,757.1,759.4,734.7,763.6,880.1,726.5,0.0,24.4
2025-04-23 16:37:25,754.8,749.2,752.8,749.2,751.1,739.2,756.1,758.3,734.4,763.3,879.0,725.7,0.0,24.4
2025-04-23 16:37:30,754.7,748.5,752.7,748.1,750.9,737.9,755.5,757.7,734.6,763.6,879.5,725.6,0.0,24.4
2025-04-23 16:37:35,754.5,748.1,752.0,748.0,750.6,737.5,754.6,757.4,733.8,762.9,879.1,725.2,0.0,24.4
2025-04-23 16:37:40,753.4,747.9,752.1,748.1,749.8,736.9,754.7,757.2,733.5,762.7,879.5,724.3,0.2,24.5
2025-04-23 16:37:45,753.6,747.6,751.5,748.5,750.1,737.0,754.8,757.8,733.2,762.2,879.6,724.3,0.2,24.5
2025-04-23 16:37:50,753.5,746.9,751.6,747.5,749.8,736.8,754.2,757.5,732.8,762.3,879.2,723.8,0.4,24.5
2025-04-23 16:37:55,753.5,747.1,751.2,747.8,749.9,737.0,754.4,757.3,733.4,762.4,879.1,724.2,0.4,24.6
2025-04-23 16:38:00,753.7,747.2,751.0,747.4,749.6,737.0,754.7,757.0,733.2,762.2,879.3,724.1,0.4,24.6
2025-04-23 16:38:05,753.3,747.3,750.7,746.9,749.4,737.4,754.4,756.8,733.2,762.4,879.9,724.1,0.4,24.6
2025-04-23 16:38:10,753.2,747.5,750.8,746.5,749.0,737.2,754.5,756.7,733.2,762.7,880.3,723.6,0.5,24.6
2025-04-23 16:38:15,752.6,747.4,750.7,747.0,749.2,736.6,754.5,756.7,733.0,762.5,880.3,723.3,0.6,24.7
2025-04-23 16:38:20,752.7,747.3,750.7,746.7,748.5,736.6,754.2,756.5,733.0,762.2,879.8,722.8,1.0,24.7
2025-04-23 16:38:25,752.9,747.0,750.7,747.0,748.4,735.9,754.5,756.6,732.3,762.2,879.9,723.2,1.0,24.7
2025-04-23 16:38:30,752.6,747.1,751.1,747.1,748.4,736.3,754.8,756.2,732.0,761.9,879.9,723.1,0.9,24.7
2025-04-23 16:38:35,752.3,748.0,750.8,747.1,748.5,736.9,754.5,756.4,732.1,761.1,879.4,722.8,0.7,24.7
2025-04-23 16:38:40,752.1,748.0,749.5,747.0,748.6,736.9,753.9,756.3,732.0,761.4,879.6,722.3,0.7,24.8
2025-04-23 16:38:45,752.1,747.7,750.3,747.4,748.1,736.9,753.7,756.6,731.8,761.5,880.1,722.1,1.4,24.8
2025-04-23 16:38:50,752.2,748.2,750.4,747.5,748.1,736.8,753.6,756.6,732.5,761.4,880.0,721.8,1.4,24.8
2025-04-23 16:38:55,752.2,748.4,750.0,747.3,748.3,736.7,753.5,756.6,733.2,761.2,880.0,721.6,1.3,24.8
2025-04-23 16:39:00,751.7,748.1,749.9,747.2,748.5,736.8,753.8,757.0,732.7,760.8,879.9,721.3,1.1,24.8
2025-04-23 16:39:05,751.4,747.2,749.7,747.0,747.9,736.7,753.8,757.0,732.6,760.4,879.2,720.6,1.2,24.8
2025-04-23 16:39:10,751.2,746.8,749.5,747.1,747.6,736.3,755.1,756.6,733.0,759.6,878.8,720.5,1.5,24.8
2025-04-23 16:39:15,751.2,746.2,749.1,746.7,747.8,736.6,753.9,756.1,732.3,759.5,878.3,721.0,1.6,24.8
2025-04-23 16:39:20,750.8,745.6,749.0,745.9,748.1,736.5,753.8,755.9,731.8,759.2,878.1,721.7,1.7,24.8
2025-04-23 16:39:25,750.2,745.6,748.7,745.7,747.5,736.2,753.1,755.3,731.2,759.1,878.2,720.8,1.9,24.8
2025-04-23 16:39:30,750.0,745.4,749.1,745.2,747.2,736.0,752.9,754.8,730.2,759.0,877.8,720.4,1.9,24.8
2025-04-23 16:39:35,749.3,744.8,748.5,744.5,747.0,734.5,751.9,754.1,730.4,758.5,877.6,719.7,2.6,24.8
2025-04-23 16:39:40,749.0,743.9,748.6,744.2,746.6,733.7,751.3,754.2,730.4,758.2,877.6,719.5,2.7,24.8
2025-04-23 16:39:45,749.1,743.4,748.0,743.2,745.8,732.6,750.8,753.8,730.1,758.2,877.1,718.7,2.7,24.8
2025-04-23 16:39:50,749.8,743.7,747.2,743.2,744.8,732.8,750.5,753.2,728.9,757.9,877.2,717.1,2.4,24.8
2025-04-23 16:39:55,749.9,743.6,747.0,742.7,744.2,732.7,750.1,752.4,728.4,756.7,876.8,717.0,2.2,24.8
2025-04-23 16:40:00,749.2,743.1,746.3,742.7,743.9,732.1,749.5,751.4,727.4,756.7,875.9,716.9,2.0,24.7
2025-04-23 16:40:05,748.2,743.0,746.0,742.7,743.3,731.8,749.3,751.4,727.1,756.5,876.3,716.7,1.7,24.8
2025-04-23 16:40:10,748.1,743.9,745.4,742.6,743.2,731.8,748.8,751.4,726.9,756.4,875.8,716.2,1.3,24.8
2025-04-23 16:40:15,748.0,743.3,745.2,742.2,742.7,731.2,748.4,751.5,726.6,756.3,875.5,715.6,1.2,24.8
2025-04-23 16:40:20,747.9,742.0,744.8,741.7,742.8,730.9,747.8,750.8,726.5,755.9,875.5,714.8,1.0,24.8
2025-04-23 16:40:25,748.0,742.1,744.8,741.7,742.3,731.1,748.0,750.7,726.6,755.9,875.2,714.2,0.9,24.8
2025-04-23 16:40:30,748.1,741.3,743.3,741.3,742.0,731.2,747.8,751.3,726.2,755.7,875.7,713.4,1.0,24.8
2025-04-23 16:40:35,748.1,741.4,743.0,741.1,741.8,730.6,748.2,751.0,725.7,755.9,875.7,713.2,0.9,24.8
2025-04-23 16:40:40,747.3,741.1,742.3,741.1,741.7,730.3,747.2,750.5,725.8,755.7,875.8,712.9,0.9,24.8
2025-04-23 16:40:45,746.8,740.8,742.6,741.0,742.3,730.1,747.3,750.4,725.6,756.1,876.3,712.6,0.9,24.8
2025-04-23 16:40:50,746.1,740.5,742.4,740.8,741.8,730.1,747.4,749.3,725.7,755.9,876.4,712.9,0.9,24.8
2025-04-23 16:40:55,745.3,740.1,742.3,740.8,741.4,730.1,747.2,749.8,725.2,756.0,876.5,713.3,1.0,24.8
2025-04-23 16:41:00,745.9,740.5,741.8,741.2,741.3,730.1,747.1,749.5,725.4,756.1,876.7,713.4,1.0,24.8
2025-04-23 16:41:05,745.4,740.6,742.0,741.5,740.9,729.6,746.7,749.4,725.3,755.6,876.9,713.3,1.0,24.9
2025-04-23 16:41:10,745.7,741.7,741.8,741.8,741.0,729.5,746.4,749.3,725.2,755.4,876.2,713.3,0.9,24.9
2025-04-23 16:41:15,745.2,741.8,741.8,741.8,741.2,729.9,746.8,749.0,724.8,754.8,876.6,713.5,1.0,24.9
2025-04-23 16:41:20,744.8,741.2,741.1,741.3,741.2,729.7,746.6,749.3,724.0,754.7,876.5,713.1,1.1,24.9
2025-04-23 16:41:25,744.8,741.0,740.3,741.1,740.3,729.9,746.2,748.8,724.1,754.6,877.2,713.2,1.0,24.9
2025-04-23 16:41:30,744.7,740.8,740.1,741.0,740.5,729.1,746.2,748.4,724.1,754.9,877.1,713.0,0.9,24.9
2025-04-23 16:41:35,744.1,740.4,740.0,740.8,740.3,729.0,745.4,748.6,723.8,754.7,877.2,712.1,1.0,24.9
2025-04-23 16:41:40,744.1,740.0,739.2,740.6,740.0,728.9,745.8,748.3,723.5,754.6,876.9,711.9,1.0,24.9
2025-04-23 16:41:45,743.7,739.6,739.1,740.2,739.1,729.3,744.9,748.0,722.7,753.8,876.7,711.9,0.9,24.9
2025-04-23 16:41:50,743.7,739.8,738.8,740.2,739.1,729.0,745.5,748.2,722.8,753.6,876.9,712.3,0.8,24.9
2025-04-23 16:41:55,743.5,740.0,738.5,740.4,739.0,728.6,745.6,748.0,722.7,753.6,876.6,711.5,0.8,24.9
2025-04-23 16:42:00,743.7,739.4,738.5,739.8,739.0,728.2,745.0,748.6,722.6,753.4,877.0,711.4,0.6,24.9
2025-04-23 16:42:05,743.6,739.4,738.4,740.1,738.6,728.6,744.8,748.7,722.8,753.5,876.5,711.0,0.5,24.9
2025-04-23 16:42:10,743.7,739.1,738.9,740.0,738.6,728.5,744.9,748.3,722.7,752.8,877.2,711.3,0.4,24.9
2025-04-23 16:42:15,743.5,739.5,738.7,740.3,737.9,728.9,744.7,748.2,722.6,752.8,877.3,711.7,0.3,24.9
2025-04-23 16:42:20,743.6,740.2,738.5,740.9,737.7,728.2,745.1,748.3,723.0,753.9,877.7,711.0,0.2,24.9
2025-04-23 16:42:25,743.3,740.7,738.0,740.3,738.3,728.0,745.1,747.4,722.6,753.6,878.6,710.7,0.1,24.9
2025-04-23 16:42:30,743.1,739.2,738.1,739.7,738.2,727.9,745.4,747.6,722.4,753.6,878.5,709.7,0.0,24.9
2025-04-23 16:42:35,742.8,739.3,738.2,739.1,738.1,726.5,745.5,747.7,722.9,753.7,879.2,709.7,0.0,24.9
2025-04-23 16:42:40,742.5,739.1,738.1,738.8,738.4,727.0,745.4,748.6,722.6,753.7,879.4,709.1,0.0,24.9
2025-04-23 16:42:45,742.6,738.5,738.1,738.5,737.9,727.0,745.3,747.8,722.3,753.4,879.4,709.0,0.0,24.9
2025-04-23 16:42:50,741.9,738.0,737.9,738.4,737.8,726.8,745.5,747.4,722.4,753.1,879.6,709.1,0.0,25.0
2025-04-23 16:42:55,741.8,737.9,737.7,737.9,737.9,726.3,746.3,747.1,723.1,752.7,879.1,709.0,0.0,25.0
2025-04-23 16:43:00,742.0,737.5,737.8,738.2,737.5,726.8,746.1,747.5,723.1,752.2,878.9,709.0,0.6,25.0
2025-04-23 16:43:05,741.7,737.9,737.6,738.0,737.7,726.3,745.4,747.9,722.7,752.6,879.1,708.9,0.8,25.0
2025-04-23 16:43:10,741.5,736.9,737.8,737.9,737.5,726.1,745.4,748.5,721.8,752.4,879.1,709.2,0.6,25.0
2025-04-23 16:43:15,741.7,737.4,738.1,736.7,737.9,726.3,745.0,748.6,721.8,752.1,879.6,709.4,0.5,25.0
2025-04-23 16:43:20,741.4,738.5,738.1,736.1,738.2,726.4,744.9,747.5,721.6,751.7,879.2,709.5,0.4,25.1
2025-04-23 16:43:25,741.2,738.6,737.8,736.0,738.1,727.3,744.1,747.2,721.1,751.5,878.9,708.9,0.3,25.1
2025-04-23 16:43:30,741.3,738.0,738.3,736.5,738.4,726.8,743.8,746.4,721.1,751.1,879.3,708.7,0.2,25.1
2025-04-23 16:43:35,741.2,737.4,738.4,736.5,738.4,726.4,743.6,745.7,721.4,751.2,879.2,707.2,0.2,25.1
2025-04-23 16:43:40,741.5,737.1,738.8,736.6,737.8,725.5,743.8,745.6,721.3,751.0,879.4,707.4,0.1,25.1
2025-04-23 16:43:45,741.2,736.6,738.7,736.8,737.5,724.9,743.4,745.1,721.1,751.1,879.5,707.3,0.1,25.1
2025-04-23 16:43:50,741.2,736.3,738.2,736.6,736.9,724.7,743.3,745.7,721.6,751.0,879.4,707.5,0.1,25.1
2025-04-23 16:43:55,741.5,736.3,738.3,735.7,736.6,724.6,743.4,745.9,721.4,750.8,879.9,706.9,0.0,25.2
2025-04-23 16:44:00,741.6,736.4,738.1,735.8,736.3,724.9,743.5,745.7,721.6,750.8,879.2,706.5,0.0,25.2
2025-04-23 16:44:05,742.0,736.2,737.7,735.8,736.5,725.0,743.6,745.1,721.5,749.9,878.7,706.5,0.1,25.2
2025-04-23 16:44:10,742.9,736.1,737.9,735.8,736.6,725.5,744.0,745.3,720.6,749.5,879.0,708.0,0.2,25.2
2025-04-23 16:44:15,742.7,736.4,737.8,735.7,737.1,725.0,743.4,745.0,720.1,749.3,878.9,708.0,0.6,25.2
2025-04-23 16:44:20,742.7,736.1,737.1,735.2,736.5,724.8,742.7,744.9,720.0,749.2,878.7,706.8,1.7,25.2
2025-04-23 16:44:25,742.6,736.5,736.8,734.9,736.3,724.9,742.3,744.9,718.9,749.4,879.5,705.4,1.7,25.2
2025-04-23 16:44:30,741.9,736.3,736.7,734.9,735.2,725.0,742.0,745.0,719.2,749.4,879.7,705.3,1.2,25.2
2025-04-23 16:44:35,741.7,736.0,736.4,735.5,735.2,724.5,741.4,744.7,719.2,749.0,879.8,704.7,1.2,25.2
2025-04-23 16:44:40,740.8,736.3,736.0,735.1,734.6,724.2,741.2,744.7,719.6,748.9,880.0,704.4,1.0,25.2
2025-04-23 16:44:45,740.5,736.6,735.6,734.7,734.2,724.3,741.3,744.7,719.6,749.0,879.8,703.8,0.8,25.2
2025-04-23 16:44:50,740.2,736.6,735.1,735.0,734.0,724.0,741.5,745.1,720.3,748.4,879.3,703.5,0.8,25.2
2025-04-23 16:44:55,740.6,736.7,735.6,735.1,734.1,724.5,741.1,744.9,720.7,748.4,879.9,703.6,0.8,25.3
2025-04-23 16:45:00,740.4,737.0,736.4,735.5,734.2,725.7,740.8,745.9,720.7,748.2,880.5,703.7,1.6,25.3
2025-04-23 16:45:05,740.2,736.5,736.2,735.9,734.7,725.6,741.3,745.2,720.7,748.5,880.3,704.6,2.7,25.3
2025-04-23 16:45:10,739.8,736.3,736.1,736.3,734.9,725.7,740.7,745.0,720.8,748.7,880.7,705.0,2.3,25.3
2025-04-23 16:45:15,739.5,736.1,737.2,737.0,734.5,725.4,741.4,746.1,721.1,748.8,880.4,704.4,3.1,25.2
2025-04-23 16:45:20,739.1,735.9,736.7,736.9,734.7,725.2,741.4,746.2,720.8,748.9,881.1,704.1,3.3,25.3
2025-04-23 16:45:25,739.3,736.4,736.8,736.4,734.5,725.4,741.9,745.7,721.2,748.9,881.3,703.5,2.6,25.3
2025-04-23 16:45:30,739.2,736.4,736.5,736.8,734.0,725.1,742.0,745.1,720.1,749.1,881.5,702.9,2.3,25.3
2025-04-23 16:45:35,739.1,736.3,736.6,736.6,734.2,724.7,741.8,745.2,720.4,748.8,881.5,703.2,2.1,25.3
2025-04-23 16:45:40,738.2,736.1,735.7,735.3,733.9,723.6,741.6,744.8,720.3,748.3,881.4,702.9,1.9,25.3
2025-04-23 16:45:45,738.6,736.0,735.2,733.9,733.9,724.5,741.1,744.8,719.9,748.0,880.8,702.1,1.9,25.3
2025-04-23 16:45:50,738.5,735.7,734.8,733.6,733.7,724.0,741.0,745.0,719.6,748.2,881.5,701.9,2.3,25.3
2025-04-23 16:45:55,738.8,735.1,734.5,733.8,734.0,723.3,740.5,744.2,718.3,747.9,881.1,700.2,2.5,25.3
2025-04-23 16:46:00,739.0,735.2,734.4,734.1,733.7,722.8,740.0,743.3,717.9,747.7,880.8,700.0,2.2,25.3
2025-04-23 16:46:05,738.5,735.8,733.7,733.5,733.5,721.4,740.3,742.9,717.5,747.7,880.8,699.7,1.9,25.2
2025-04-23 16:46:10,738.3,735.9,733.8,732.9,732.7,721.4,739.8,741.6,717.1,747.4,880.8,700.0,1.4,25.2
2025-04-23 16:46:15,737.9,735.9,734.2,732.8,732.5,721.1,739.7,742.0,716.8,747.1,880.8,699.8,1.2,25.2
2025-04-23 16:46:20,738.1,735.2,733.3,731.4,731.8,720.6,739.0,742.2,716.2,746.6,880.5,699.0,1.0,25.2
2025-04-23 16:46:25,737.2,733.9,732.8,731.0,731.0,720.4,738.7,741.8,716.0,746.5,880.6,698.7,0.8,25.2
2025-04-23 16:46:30,737.1,733.3,732.7,730.6,730.7,720.0,738.4,741.5,716.1,746.4,879.9,698.6,0.7,25.2
2025-04-23 16:46:35,737.1,733.5,732.4,730.5,730.0,719.5,738.7,740.2,715.4,745.6,879.7,698.2,0.5,25.2
2025-04-23 16:46:40,736.7,733.2,732.3,730.2,729.9,719.0,737.7,739.2,714.9,745.5,879.6,697.7,0.5,25.2
2025-04-23 16:46:45,736.0,732.8,731.5,728.7,729.8,718.9,737.3,739.2,714.3,744.5,878.8,697.5,0.4,25.2
2025-04-23 16:46:50,736.0,732.6,731.5,729.4,730.2,718.5,736.8,738.7,713.9,744.3,878.9,697.4,0.3,25.3
2025-04-23 16:46:55,735.9,731.7,731.2,728.7,729.9,718.4,736.5,738.7,713.7,744.2,879.1,697.0,0.4,25.2
2025-04-23 16:47:00,735.7,731.5,731.0,728.7,729.5,718.5,736.3,738.3,714.3,743.7,878.9,696.2,0.8,25.2
2025-04-23 16:47:05,735.4,731.0,731.4,728.8,729.2,718.3,736.4,739.0,714.1,743.1,878.7,695.7,1.0,25.3
2025-04-23 16:47:10,734.7,730.9,731.6,728.6,728.7,717.8,736.1,738.9,713.9,742.8,877.8,695.3,1.0,25.3
2025-04-23 16:47:15,733.9,730.6,731.4,728.4,728.4,717.8,735.9,737.8,713.9,742.9,878.1,694.9,1.0,25.2
2025-04-23 16:47:20,733.1,730.7,731.3,728.4,728.4,717.6,735.5,738.0,713.6,742.7,877.9,694.5,1.0,25.2
2025-04-23 16:47:25,733.3,730.0,730.6,728.3,727.7,717.8,735.0,738.1,713.3,742.6,878.1,694.2,0.9,25.2
2025-04-23 16:47:30,733.1,728.7,729.9,728.7,727.8,717.7,735.3,738.0,712.8,742.0,878.2,693.4,0.9,25.2
2025-04-23 16:47:35,733.0,728.5,729.9,728.1,727.5,717.4,735.3,737.8,712.3,742.5,878.6,692.9,1.1,25.2
2025-04-23 16:47:40,732.8,728.5,729.3,727.7,727.0,716.7,734.3,737.2,712.0,742.5,878.6,692.6,1.2,25.2
2025-04-23 16:47:45,733.0,728.0,729.0,727.2,726.1,716.2,734.2,736.7,711.9,742.3,878.6,692.2,1.3,25.2
2025-04-23 16:47:50,733.1,727.5,728.6,726.9,726.0,716.2,733.3,736.4,711.7,741.5,878.0,692.5,1.1,25.2
2025-04-23 16:47:55,731.9,727.4,728.6,727.0,726.3,715.9,733.5,736.1,711.2,741.4,877.6,692.4,1.0,25.2
2025-04-23 16:48:00,732.7,727.5,728.1,726.7,726.5,715.9,733.6,736.1,711.1,741.1,877.4,691.6,0.9,25.2
2025-04-23 16:48:05,732.4,727.3,728.3,726.5,726.3,716.0,733.6,736.5,711.5,740.5,877.6,691.9,0.9,25.2
2025-04-23 16:48:10,732.7,727.5,728.2,726.5,726.1,715.9,734.1,736.4,711.5,740.4,877.7,691.7,0.9,25.2
2025-04-23 16:48:15,732.5,727.3,727.7,726.5,725.6,715.8,734.0,736.4,711.5,740.5,878.1,690.7,1.1,25.2
2025-04-23 16:48:20,732.5,727.4,727.1,726.3,725.2,715.0,733.7,735.9,711.3,740.2,877.8,690.1,1.0,25.2
2025-04-23 16:48:25,732.0,727.2,726.8,726.1,724.9,714.8,733.0,735.9,710.6,739.8,877.6,690.1,0.8,25.3
2025-04-23 16:48:30,732.0,727.2,726.8,725.9,724.4,714.5,732.3,735.2,710.1,739.8,877.9,689.5,0.7,25.3
2025-04-23 16:48:35,731.9,727.8,726.5,725.6,724.4,714.6,732.2,734.9,709.4,739.7,877.8,689.4,0.6,25.3
2025-04-23 16:48:40,731.7,727.3,726.3,725.6,724.6,714.5,732.2,735.0,709.4,739.5,877.5,689.8,0.5,25.3
2025-04-23 16:48:45,731.5,726.5,726.0,725.1,724.4,714.2,731.6,734.5,709.2,739.0,877.5,689.7,0.5,25.3
2025-04-23 16:48:50,731.2,726.8,725.8,724.7,723.9,713.9,731.4,734.0,708.7,738.8,877.3,688.6,0.5,25.3
2025-04-23 16:48:55,731.0,726.5,725.5,725.1,723.9,714.1,730.9,734.0,708.3,738.7,877.4,688.2,0.4,25.3
2025-04-23 16:49:00,730.1,726.2,725.4,724.5,723.8,713.7,730.8,733.4,708.3,738.4,877.6,688.2,0.3,25.3
2025-04-23 16:49:05,730.4,726.5,725.0,724.6,723.4,713.8,731.2,733.1,708.4,738.1,876.9,688.2,0.2,25.3
2025-04-23 16:49:10,730.3,726.3,724.3,723.1,723.5,713.3,731.0,732.8,708.0,737.9,877.0,687.7,0.2,25.4
2025-04-23 16:49:15,730.9,726.0,724.2,723.0,723.4,713.0,730.7,733.2,707.8,738.0,876.8,687.9,0.1,25.4
2025-04-23 16:49:20,730.4,724.7,724.2,723.1,723.6,712.7,730.7,733.0,708.3,737.7,877.0,687.7,0.0,25.4
2025-04-23 16:49:25,730.0,725.1,724.2,723.1,723.8,712.4,730.8,733.0,707.8,737.6,877.3,687.4,0.0,25.4
2025-04-23 16:49:30,729.3,724.7,724.3,722.9,723.6,712.4,730.5,732.9,707.7,737.3,877.4,687.8,0.0,25.4
2025-04-23 16:49:35,729.4,724.8,724.7,723.0,723.5,712.5,729.7,732.8,707.7,737.2,877.8,688.1,0.4,25.5
2025-04-23 16:49:40,729.1,725.1,724.3,723.5,723.5,712.1,729.1,732.6,707.3,736.9,877.4,687.9,0.6,25.5
2025-04-23 16:49:45,728.7,724.8,724.4,723.4,723.1,712.2,728.9,732.4,706.9,736.7,877.6,686.4,0.6,25.5
2025-04-23 16:49:50,728.6,724.4,723.8,723.1,722.2,712.5,729.0,732.4,705.8,736.5,877.5,686.2,0.5,25.5
2025-04-23 16:49:55,728.7,724.7,724.0,723.2,722.1,712.6,728.9,731.0,705.5,736.5,877.7,685.7,0.5,25.5
2025-04-23 16:50:00,728.2,724.9,723.8,723.1,721.9,711.8,729.1,731.0,705.1,736.8,878.0,685.2,0.3,25.5
2025-04-23 16:50:05,727.9,724.5,724.0,723.6,722.3,712.0,729.2,731.3,705.4,736.6,878.2,685.3,0.3,25.5
2025-04-23 16:50:10,727.8,724.2,724.0,723.0,722.0,711.5,728.8,731.3,705.6,736.5,878.3,684.9,0.3,25.5
2025-04-23 16:50:15,727.6,724.1,723.5,722.4,721.4,711.3,728.1,730.9,705.7,735.4,877.4,684.8,0.6,25.5
2025-04-23 16:50:20,727.6,724.0,723.4,721.8,721.3,711.0,728.0,730.4,706.1,735.4,877.1,684.9,0.6,25.6
2025-04-23 16:50:25,727.8,724.0,723.0,721.1,721.5,710.0,727.6,729.8,705.5,735.0,876.9,684.4,0.5,25.6
2025-04-23 16:50:30,727.5,723.8,722.7,720.6,721.8,709.9,727.5,729.8,705.2,734.7,877.2,684.3,0.5,25.6
2025-04-23 16:50:35,727.9,723.3,722.7,720.8,721.8,709.4,727.3,729.5,705.2,734.9,877.5,684.4,0.5,25.6
2025-04-23 16:50:40,727.9,723.6,723.1,721.2,721.7,709.5,727.3,729.1,704.6,735.3,877.9,684.4,0.4,25.6
2025-04-23 16:50:45,727.9,724.3,722.9,721.3,721.7,709.1,727.5,729.0,704.6,735.5,877.7,683.6,0.3,25.6
2025-04-23 16:50:50,728.8,724.3,723.3,721.2,721.4,709.5,726.8,729.9,704.6,735.2,878.2,683.3,0.3,25.7
2025-04-23 16:50:55,728.5,725.3,722.9,720.5,721.6,709.4,726.7,729.9,704.4,735.2,878.7,682.9,0.9,25.7
2025-04-23 16:51:00,728.8,725.6,722.9,720.5,721.8,709.3,727.1,729.4,704.2,735.6,878.5,682.9,1.0,25.7
2025-04-23 16:51:05,728.4,726.0,723.3,720.6,721.5,710.0,727.7,729.8,704.0,735.4,879.1,683.7,1.1,25.7
2025-04-23 16:51:10,728.0,725.3,722.7,720.5,721.0,709.9,727.3,729.3,703.8,735.0,878.7,683.8,1.2,25.7
2025-04-23 16:51:15,727.8,724.7,722.0,720.4,720.7,709.4,727.0,729.3,703.7,735.2,878.2,683.6,1.0,25.7
2025-04-23 16:51:20,727.6,724.1,721.7,720.1,720.5,709.0,727.0,729.1,703.6,735.1,879.3,681.9,0.9,25.7
2025-04-23 16:51:25,727.4,724.2,721.7,719.7,720.0,708.7,726.9,728.8,703.8,735.4,879.9,681.8,0.8,25.7
2025-04-23 16:51:30,726.6,723.9,721.5,719.8,720.1,708.6,727.2,728.7,703.6,735.7,880.2,681.0,0.7,25.7
2025-04-23 16:51:35,726.6,724.0,721.7,720.5,720.1,708.3,726.9,728.9,703.8,735.2,881.0,680.6,0.6,25.8
2025-04-23 16:51:40,726.9,724.1,722.0,720.8,720.2,708.7,727.0,728.8,703.7,735.0,880.6,680.4,0.4,25.8
2025-04-23 16:51:45,727.4,724.7,722.9,720.8,720.0,709.0,727.0,729.2,703.0,734.8,880.9,680.4,0.3,25.8
2025-04-23 16:51:50,726.6,723.9,722.7,720.2,720.1,709.1,726.8,729.3,703.1,734.5,880.6,680.7,0.2,25.8
2025-04-23 16:51:55,726.6,723.7,722.2,720.5,720.9,708.4,726.7,729.1,703.4,734.7,881.2,680.8,0.1,25.8
2025-04-23 16:52:00,726.6,723.3,721.8,721.6,720.4,708.0,727.0,728.8,703.4,735.0,882.1,681.2,0.1,25.8
2025-04-23 16:52:05,726.6,723.1,721.7,721.2,720.3,707.4,726.7,728.9,703.4,735.1,881.5,681.1,0.2,25.8
2025-04-23 16:52:10,727.2,722.5,721.9,721.2,719.8,707.7,726.3,729.2,703.3,735.1,882.1,680.2,0.5,25.9
2025-04-23 16:52:15,726.8,722.5,720.9,720.4,719.7,707.3,727.0,729.4,702.9,735.3,882.0,679.8,0.8,25.9
2025-04-23 16:52:20,726.2,722.8,721.1,720.8,719.4,708.5,727.2,729.0,703.1,735.3,882.7,679.6,0.9,25.9
2025-04-23 16:52:25,726.1,723.3,720.3,720.8,718.9,708.3,727.1,728.6,702.8,735.1,882.3,679.5,1.0,26.0
2025-04-23 16:52:30,725.7,723.2,719.7,719.3,719.2,708.5,726.2,729.0,703.9,735.0,882.1,679.2,1.0,26.0
2025-04-23 16:52:35,724.7,722.6,719.9,719.1,719.6,708.1,725.9,729.4,704.2,734.7,882.1,679.1,0.8,26.0
2025-04-23 16:52:40,725.0,722.2,719.6,718.6,719.7,708.2,726.0,729.2,702.9,734.3,883.1,678.8,0.7,26.0
2025-04-23 16:52:45,725.1,721.5,719.3,718.2,718.8,707.8,725.8,728.7,702.6,734.1,882.4,678.2,0.5,26.1
2025-04-23 16:52:50,725.3,720.8,719.2,718.7,718.1,707.6,725.7,728.3,701.9,734.0,881.6,678.4,0.5,26.1
2025-04-23 16:52:55,725.4,720.1,718.9,719.3,717.8,708.1,725.6,727.2,701.3,733.7,882.1,678.0,0.5,26.1
2025-04-23 16:53:00,725.1,719.2,718.7,718.7,717.4,708.0,725.5,727.5,701.0,733.4,882.3,677.8,0.6,26.1
2025-04-23 16:53:05,724.7,719.1,718.0,717.8,717.2,707.8,725.1,727.4,700.6,733.4,882.3,677.8,0.6,26.2
2025-04-23 16:53:10,724.6,719.3,718.5,717.9,717.5,707.7,725.1,726.8,700.3,732.5,882.0,677.4,0.6,26.2
2025-04-23 16:53:15,724.3,719.3,717.8,718.1,717.5,706.5,725.0,726.9,700.0,732.9,881.8,677.8,0.6,26.2
2025-04-23 16:53:20,723.9,719.5,718.1,718.0,717.9,706.7,724.7,726.4,699.7,732.6,882.4,678.2,0.6,26.2
2025-04-23 16:53:25,724.1,719.1,718.0,718.0,717.7,706.2,724.3,726.1,699.6,732.4,882.7,678.0,0.6,26.2
2025-04-23 16:53:30,723.9,718.7,717.7,717.9,717.4,705.8,724.3,725.3,699.2,732.3,882.0,676.6,0.6,26.3
2025-04-23 16:53:35,723.5,719.6,718.1,718.0,716.7,705.5,723.7,725.8,698.0,732.4,883.3,676.8,0.5,26.3
2025-04-23 16:53:40,723.7,720.0,717.4,717.8,716.1,705.1,723.5,725.6,698.2,732.2,883.1,676.3,0.4,26.3
2025-04-23 16:53:45,723.3,719.5,717.0,718.1,716.2,705.0,723.1,725.0,698.7,732.2,883.3,674.8,0.4,26.3
2025-04-23 16:53:50,723.3,719.1,716.8,717.4,716.1,705.0,723.2,725.2,699.0,732.1,883.3,673.9,0.4,26.3
2025-04-23 16:53:55,722.9,718.4,716.8,717.0,716.5,704.0,723.5,725.7,698.4,731.9,883.2,673.7,0.4,26.3
2025-04-23 16:54:00,722.6,718.2,716.6,717.4,715.6,704.4,723.1,725.8,699.1,731.7,883.5,673.7,0.4,26.3
2025-04-23 16:54:05,722.5,718.3,716.4,716.9,715.4,704.3,722.6,725.8,699.5,731.5,883.7,673.7,0.4,26.3
2025-04-23 16:54:10,722.5,717.8,715.1,715.5,714.9,703.7,722.2,726.5,699.3,731.3,883.1,673.2,0.4,26.3
2025-04-23 16:54:15,722.5,717.7,715.2,715.2,714.6,703.3,722.1,726.6,699.3,730.7,882.9,672.8,0.4,26.3
2025-04-23 16:54:20,722.0,717.6,714.8,715.1,715.1,704.1,722.0,726.3,698.9,730.2,882.9,672.6,0.5,26.3
2025-04-23 16:54:25,721.8,717.5,714.6,715.7,715.1,704.7,721.8,725.5,698.9,730.4,882.4,674.7,0.5,26.3
2025-04-23 16:54:30,722.5,717.5,714.2,716.2,715.3,704.6,722.1,725.5,698.9,730.3,882.6,674.1,0.9,26.3
2025-04-23 16:54:35,721.9,717.6,714.2,716.5,714.9,704.0,721.5,725.5,698.3,729.2,883.3,673.5,1.6,26.3
2025-04-23 16:54:40,721.5,717.3,714.9,716.6,714.4,704.5,721.5,725.1,697.3,729.3,883.2,673.0,2.1,26.3
2025-04-23 16:54:45,721.4,717.0,714.8,716.3,714.1,703.9,721.1,724.9,697.3,729.7,882.5,672.3,2.2,26.3
2025-04-23 16:54:50,721.6,716.9,714.4,715.7,714.2,703.6,721.3,725.2,696.8,729.3,882.9,671.1,2.5,26.3
2025-04-23 16:54:55,721.6,716.5,714.4,715.4,713.9,703.1,721.4,724.2,696.7,728.8,882.3,671.6,2.7,26.3
2025-04-23 16:55:00,721.2,716.5,713.1,715.0,714.0,702.4,720.5,722.3,696.0,727.9,882.5,671.5,2.3,26.3
2025-04-23 16:55:05,721.1,716.5,713.0,714.7,713.5,702.4,720.3,722.2,695.9,728.2,882.0,668.7,1.9,26.2
2025-04-23 16:55:10,720.4,716.4,712.7,714.5,713.4,701.9,721.2,722.1,696.0,728.3,882.9,669.8,1.9,26.2
2025-04-23 16:55:15,720.2,716.0,712.4,713.6,712.9,701.5,722.1,722.4,696.3,728.4,882.6,669.4,1.6,26.2
2025-04-23 16:55:20,719.7,716.2,712.4,713.3,712.2,701.4,721.7,722.7,696.6,728.1,883.0,669.1,1.5,26.2
2025-04-23 16:55:25,719.5,715.8,712.5,712.9,711.6,700.7,720.4,721.6,696.0,728.4,883.1,668.2,1.3,26.2
2025-04-23 16:55:30,719.0,715.6,712.3,712.8,711.6,700.6,719.9,721.5,695.3,727.5,881.8,667.9,1.2,26.2
2025-04-23 16:55:35,718.6,715.7,711.8,713.0,711.4,700.5,719.6,721.0,695.4,726.8,881.1,666.8,1.0,26.2
2025-04-23 16:55:40,719.2,715.8,711.6,713.2,711.5,700.5,719.6,721.0,694.7,727.3,882.9,666.2,0.9,26.2
2025-04-23 16:55:45,719.8,715.4,711.2,713.0,711.3,700.2,719.0,721.0,694.2,726.8,882.7,666.1,0.7,26.2
2025-04-23 16:55:50,719.6,715.4,711.1,712.9,711.2,700.4,718.6,720.7,693.6,727.0,882.2,665.6,0.6,26.1
2025-04-23 16:55:55,718.9,715.7,710.8,713.6,711.6,700.3,718.8,720.7,693.4,726.6,882.7,665.4,0.5,26.1
2025-04-23 16:56:00,718.6,715.5,710.5,713.4,712.1,700.2,718.8,720.8,691.4,726.3,882.9,665.7,0.5,26.1
2025-04-23 16:56:05,717.9,715.9,710.4,713.4,711.6,699.4,718.3,720.4,693.3,726.4,883.2,665.7,0.5,26.1
2025-04-23 16:56:10,717.6,715.7,710.8,713.1,710.8,699.2,718.7,720.1,693.2,725.9,882.8,666.1,0.6,26.2
2025-04-23 16:56:15,717.4,715.9,711.3,712.8,710.6,699.1,718.9,719.9,693.1,725.8,882.6,665.8,0.6,26.2
2025-04-23 16:56:20,717.3,716.2,711.4,712.1,710.3,699.1,718.3,720.0,694.1,726.0,883.2,665.8,0.5,26.1
2025-04-23 16:56:25,717.5,715.8,710.9,711.3,710.4,699.0,718.4,719.1,693.6,725.5,883.3,665.7,0.6,26.1
2025-04-23 16:56:30,718.0,715.9,711.2,711.2,710.6,698.8,717.9,719.1,693.0,726.0,883.9,666.2,0.7,26.1
2025-04-23 16:56:35,717.6,716.2,711.2,711.1,710.5,698.2,717.7,719.3,692.9,725.9,884.1,665.9,0.5,26.1
2025-04-23 16:56:40,717.4,716.0,710.9,710.9,710.9,698.0,717.6,719.3,692.9,725.6,884.6,665.6,0.4,26.1
2025-04-23 16:56:45,717.4,715.8,710.8,710.9,712.0,697.4,717.2,718.8,693.5,725.7,883.8,664.8,0.4,26.1
2025-04-23 16:56:50,716.8,715.5,710.6,711.1,711.7,696.9,717.4,718.8,693.3,725.5,884.2,664.6,0.4,26.1
2025-04-23 16:56:55,716.5,715.5,710.6,711.9,711.3,697.2,716.8,718.6,693.4,725.5,885.5,663.9,0.2,26.2
2025-04-23 16:57:00,716.5,714.9,710.5,712.0,711.1,697.5,716.4,718.1,693.0,725.4,885.3,663.7,0.2,26.2
2025-04-23 16:57:05,716.3,714.0,710.6,712.0,710.6,697.4,716.2,718.2,693.0,724.8,885.1,663.7,0.1,26.2
2025-04-23 16:57:10,715.8,713.3,709.8,711.4,709.8,697.2,715.6,718.2,692.8,724.7,884.5,664.3,0.1,26.2
2025-04-23 16:57:15,715.4,713.1,709.8,709.0,709.1,697.3,715.5,718.2,692.7,724.8,885.4,664.3,0.0,26.2
2025-04-23 16:57:20,715.5,712.7,709.2,709.9,708.8,696.7,715.5,718.2,692.2,724.0,884.5,664.3,0.2,26.2
2025-04-23 16:57:25,715.5,712.3,708.7,709.9,708.3,697.6,714.6,718.5,692.1,724.1,885.2,664.1,0.5,26.2
2025-04-23 16:57:30,715.0,712.2,708.2,709.7,708.2,697.5,714.1,718.5,691.9,723.9,885.1,663.2,0.5,26.2
2025-04-23 16:57:35,714.7,711.9,708.0,709.3,707.8,697.5,713.5,718.0,691.7,723.1,885.1,662.5,0.5,26.2
2025-04-23 16:57:40,715.1,712.1,707.5,709.0,707.7,697.3,712.9,717.6,691.6,722.4,884.9,662.3,0.5,26.2
2025-04-23 16:57:45,714.7,711.5,707.0,708.6,707.6,697.1,712.8,717.3,691.5,722.5,883.8,662.5,0.5,26.2
2025-04-23 16:57:50,714.4,711.0,706.7,708.7,707.3,696.7,712.9,717.1,691.3,722.3,883.1,662.4,0.5,26.2
2025-04-23 16:57:55,714.2,710.8,707.0,708.7,707.4,696.2,713.1,716.7,690.5,722.1,884.2,661.9,0.4,26.2
2025-04-23 16:58:00,713.9,710.8,707.1,708.3,706.8,696.0,712.3,716.5,690.9,722.4,883.7,660.6,0.4,26.2
2025-04-23 16:58:05,713.9,710.4,706.9,707.8,706.7,696.0,712.6,716.4,690.1,720.7,884.9,659.9,0.4,26.3
2025-04-23 16:58:10,714.3,710.0,706.9,707.8,706.8,695.9,712.5,716.0,690.1,721.4,885.0,659.6,0.4,26.3
2025-04-23 16:58:15,713.9,710.7,706.5,708.1,706.1,695.3,712.8,716.7,689.8,721.8,884.7,659.5,0.3,26.3
2025-04-23 16:58:20,713.7,709.9,706.2,708.1,705.7,695.3,712.7,716.7,689.5,721.8,885.5,659.6,0.4,26.3
2025-04-23 16:58:25,713.3,709.5,705.8,707.7,705.8,695.9,712.7,717.5,689.2,721.9,885.5,659.4,0.7,26.3
2025-04-23 16:58:30,712.9,709.4,705.5,707.2,705.3,697.2,712.1,717.1,690.1,721.4,884.9,659.0,0.6,26.3
2025-04-23 16:58:35,712.5,709.0,705.1,707.2,705.2,696.0,712.0,717.7,689.9,721.4,885.3,659.4,0.6,26.3
2025-04-23 16:58:40,712.6,709.0,704.5,707.3,704.9,695.6,711.9,717.1,689.8,720.6,884.3,660.7,0.4,26.4
2025-04-23 16:58:45,712.2,709.3,704.5,707.0,704.8,695.3,713.3,716.2,689.5,720.6,884.4,660.7,0.4,26.4
2025-04-23 16:58:50,712.0,709.3,703.8,707.1,704.7,695.3,712.8,716.1,689.8,720.9,885.1,659.9,0.6,26.4
2025-04-23 16:58:55,711.5,710.1,703.9,706.7,703.7,694.9,713.2,716.0,689.4,721.0,885.1,659.6,0.9,26.4
2025-04-23 16:59:00,711.4,710.0,703.9,706.4,704.5,694.9,713.7,715.8,690.5,719.4,885.3,658.6,0.9,26.4
2025-04-23 16:59:05,711.1,709.8,703.8,706.0,704.2,694.8,713.5,715.6,690.7,720.1,884.7,657.9,1.0,26.4
2025-04-23 16:59:10,710.7,708.7,702.7,705.6,704.2,694.0,713.5,715.4,690.4,720.0,885.2,657.7,1.4,26.4
2025-04-23 16:59:15,710.5,708.2,702.7,705.1,704.3,694.1,712.9,715.6,689.9,719.4,885.0,657.5,1.4,26.4
2025-04-23 16:59:20,710.3,708.0,702.6,704.8,703.6,694.4,712.3,715.4,689.9,719.0,884.4,656.9,1.3,26.4
2025-04-23 16:59:25,710.1,708.3,702.3,704.5,704.0,694.4,711.1,715.0,689.2,718.6,884.1,657.5,1.3,26.4
2025-04-23 16:59:30,709.8,707.8,701.8,704.2,704.6,693.6,711.0,714.6,689.2,718.6,883.8,657.5,1.4,26.4
2025-04-23 16:59:35,709.2,708.1,701.7,704.2,704.4,693.3,710.9,714.6,688.5,717.8,883.1,656.2,1.2,26.4
2025-04-23 16:59:40,708.8,707.8,701.8,703.8,704.1,692.8,710.9,714.0,688.2,717.8,883.4,656.2,1.0,26.4
2025-04-23 16:59:45,708.2,707.1,701.4,703.5,703.7,692.6,710.1,713.5,687.4,717.6,882.8,656.8,0.9,26.5
2025-04-23 16:59:50,708.6,706.9,701.1,703.4,703.2,692.4,710.0,713.1,686.7,717.4,882.7,655.2,0.7,26.5
2025-04-23 16:59:55,709.2,706.4,700.7,703.4,702.7,692.4,709.8,713.0,686.5,716.8,882.5,654.7,0.8,26.5
2025-04-23 17:00:00,708.4,706.2,700.5,703.5,702.2,691.7,709.9,712.7,686.1,716.7,882.6,654.5,0.9,26.5
2025-04-23 17:00:05,707.4,706.6,699.8,702.3,702.0,691.7,708.8,712.2,686.1,716.2,882.2,654.4,0.9,26.5
2025-04-23 17:00:10,707.0,706.6,699.9,701.8,701.9,691.4,707.9,711.8,685.6,716.2,882.1,653.7,0.8,26.5
2025-04-23 17:00:15,706.3,706.2,700.0,702.0,702.0,691.1,707.9,711.5,684.9,715.8,882.1,653.0,0.6,26.5
2025-04-23 17:00:20,705.9,706.3,699.1,702.4,701.4,690.9,707.6,711.4,684.6,715.7,882.0,652.9,0.5,26.5
2025-04-23 17:00:25,705.7,705.8,699.0,702.0,701.2,690.7,706.9,711.2,684.4,715.4,881.6,652.7,0.6,26.5
2025-04-23 17:00:30,705.5,705.4,698.9,702.2,700.6,690.6,706.6,711.0,684.1,714.9,881.3,651.8,0.6,26.5
2025-04-23 17:00:35,705.1,705.1,698.4,702.1,700.4,690.5,706.1,710.8,683.8,714.7,881.3,651.0,0.5,26.5
2025-04-23 17:00:40,704.5,704.7,697.9,701.5,700.5,689.7,706.2,709.5,683.8,714.3,880.8,650.5,0.5,26.5
2025-04-23 17:00:45,704.3,704.8,697.5,701.4,700.0,689.7,705.7,709.1,683.7,714.3,880.5,649.9,0.6,26.5
2025-04-23 17:00:50,704.0,704.8,697.2,700.9,699.7,689.2,705.1,709.1,683.6,713.1,880.1,650.0,0.7,26.5
2025-04-23 17:00:55,704.0,705.3,697.2,700.9,699.0,688.8,704.6,708.7,683.0,713.0,879.6,649.5,0.7,26.5
2025-04-23 17:01:00,704.3,705.9,697.0,701.1,698.2,688.9,704.6,708.5,682.4,713.2,879.7,649.3,0.8,26.5
2025-04-23 17:01:05,704.2,705.5,696.7,700.7,697.7,688.7,704.1,708.4,682.1,713.1,879.8,648.9,0.9,26.5
2025-04-23 17:01:10,703.9,704.8,696.6,700.2,697.1,688.1,704.1,707.9,681.9,712.5,879.8,648.7,0.9,26.5
2025-04-23 17:01:15,703.8,704.1,696.1,699.7,696.8,688.0,703.5,707.7,681.8,712.2,879.6,648.4,0.7,26.5
2025-04-23 17:01:20,703.8,704.1,695.4,699.4,696.9,687.3,703.6,706.7,680.8,712.2,879.7,648.2,0.6,26.5
2025-04-23 17:01:25,703.5,704.1,695.5,699.1,696.7,686.7,704.1,706.9,680.5,711.8,879.8,647.7,0.5,26.5
2025-04-23 17:01:30,702.7,703.4,695.1,699.2,696.2,686.5,704.0,706.9,680.3,711.0,880.0,646.9,0.4,26.5
2025-04-23 17:01:35,702.4,703.0,695.3,698.5,696.4,686.9,703.5,706.7,680.4,710.7,879.2,645.7,0.3,26.5
2025-04-23 17:01:40,702.3,702.9,695.2,698.8,696.4,686.7,703.6,706.8,680.7,710.6,879.1,645.3,0.2,26.5
2025-04-23 17:01:45,702.2,702.8,695.0,698.1,695.4,686.2,703.7,706.8,680.7,710.3,879.5,644.9,0.2,26.5
2025-04-23 17:01:50,701.5,703.0,694.9,697.8,695.0,686.2,703.5,707.1,680.9,710.1,879.6,644.7,0.5,26.5
2025-04-23 17:01:55,701.2,703.1,695.1,697.1,694.9,686.0,703.4,706.4,680.8,709.8,879.1,644.6,0.8,26.5
2025-04-23 17:02:00,701.2,702.3,694.5,697.0,695.4,684.8,703.1,706.1,680.6,710.0,878.9,644.5,0.9,26.5
2025-04-23 17:02:05,701.6,702.4,694.6,696.7,695.3,684.6,702.6,705.6,680.4,709.2,878.9,644.3,0.9,26.5
2025-04-23 17:02:10,701.8,702.2,694.5,696.3,695.2,683.8,702.7,705.3,680.1,709.5,878.6,644.5,0.8,26.5
2025-04-23 17:02:15,701.3,702.8,694.3,696.3,694.7,683.9,702.0,705.4,679.4,709.2,878.7,644.9,0.6,26.5
2025-04-23 17:02:20,701.1,702.8,693.5,696.1,695.2,683.7,702.3,705.0,679.4,708.8,878.8,644.6,0.5,26.5
2025-04-23 17:02:25,701.0,702.5,693.8,695.5,695.5,684.0,701.1,705.5,679.7,708.4,878.1,644.5,0.4,26.5
2025-04-23 17:02:30,700.6,702.4,693.9,694.9,695.0,684.3,701.6,706.0,680.2,708.8,878.4,644.3,0.5,26.5
2025-04-23 17:02:35,700.3,702.0,693.0,694.7,694.6,684.0,701.5,705.5,680.1,708.5,878.7,644.4,0.7,26.5
2025-04-23 17:02:40,699.7,702.3,693.5,694.4,694.7,684.0,700.7,704.7,679.3,708.2,878.0,644.2,0.7,26.5
2025-04-23 17:02:45,699.3,702.2,692.9,694.6,694.5,684.0,700.6,704.4,679.1,708.0,878.5,644.8,0.7,26.5
2025-04-23 17:02:50,699.0,702.0,692.0,694.7,693.9,684.3,699.7,704.4,678.5,708.3,878.9,644.5,0.7,26.5
2025-04-23 17:02:55,698.6,701.4,691.2,694.5,693.3,684.5,699.4,704.6,678.1,707.8,878.7,643.7,0.7,26.5
2025-04-23 17:03:00,698.4,700.8,690.8,694.0,693.1,684.3,699.1,704.2,677.9,707.6,878.6,642.9,0.6,26.5
2025-04-23 17:03:05,698.7,700.1,691.2,693.9,693.6,684.0,698.5,703.3,677.6,707.5,878.8,641.9,0.6,26.6
2025-04-23 17:03:10,699.0,699.7,691.3,693.9,693.4,683.2,698.5,703.3,676.9,707.2,878.8,641.9,0.6,26.6
2025-04-23 17:03:15,698.7,699.5,691.6,693.4,692.1,682.9,698.1,703.3,676.5,707.4,878.9,641.3,0.7,26.6
2025-04-23 17:03:20,698.6,699.3,691.2,693.0,692.1,682.8,697.8,702.7,676.3,707.2,878.6,640.7,0.7,26.6
2025-04-23 17:03:25,698.9,699.3,690.5,693.2,691.8,682.5,697.8,702.8,676.2,707.2,878.7,640.3,0.5,26.6
2025-04-23 17:03:30,699.0,700.2,690.3,692.7,691.6,682.1,697.5,702.5,675.7,706.5,878.3,639.8,0.5,26.6
2025-04-23 17:03:35,698.8,699.6,690.5,692.8,691.4,682.2,697.4,701.9,675.3,706.3,878.9,638.8,0.7,26.6
2025-04-23 17:03:40,698.6,698.5,689.5,692.4,690.9,681.4,697.3,702.2,675.4,706.1,879.3,638.1,0.7,26.6
2025-04-23 17:03:45,699.0,698.4,689.4,692.7,691.0,681.1,696.9,701.9,675.1,706.0,879.2,637.7,0.7,26.7
2025-04-23 17:03:50,698.3,698.2,689.4,692.7,691.0,680.9,697.1,701.4,675.0,705.5,878.5,637.4,0.7,26.7
2025-04-23 17:03:55,697.8,696.4,689.2,691.7,690.8,680.2,697.2,701.1,674.9,705.0,877.8,637.5,0.8,26.7
2025-04-23 17:04:00,697.1,696.8,688.7,691.5,690.6,679.8,697.1,700.1,674.5,704.6,877.4,636.9,0.8,26.7
2025-04-23 17:04:05,696.6,696.4,688.6,691.3,690.2,679.8,697.2,700.5,674.0,704.2,877.6,637.1,0.8,26.7
2025-04-23 17:04:10,695.9,695.8,688.3,691.0,690.2,680.1,696.7,700.8,674.2,704.5,878.0,637.8,0.7,26.7
2025-04-23 17:04:15,695.6,695.2,687.8,691.3,690.2,680.0,696.8,700.8,674.0,704.3,877.2,638.2,0.7,26.7
2025-04-23 17:04:20,695.3,695.2,687.9,691.2,690.0,680.1,696.3,700.5,673.9,703.7,878.2,637.6,0.6,26.7
2025-04-23 17:04:25,694.8,695.1,687.2,690.9,689.5,680.1,696.1,700.2,673.8,703.7,877.7,636.6,0.6,26.7
2025-04-23 17:04:30,694.6,695.5,686.0,690.9,689.2,679.5,695.6,700.1,673.7,702.9,877.4,635.9,0.6,26.7
2025-04-23 17:04:35,694.6,695.4,686.2,690.4,689.1,679.4,695.0,699.4,673.2,702.8,877.5,635.2,0.7,26.7
2025-04-23 17:04:40,694.6,694.8,686.0,690.5,688.9,679.3,694.7,699.1,673.0,702.7,877.2,634.1,0.6,26.7
2025-04-23 17:04:45,694.7,694.2,686.3,689.8,688.5,679.0,694.2,698.8,672.6,702.2,877.5,634.1,0.6,26.7
2025-04-23 17:04:50,695.0,694.3,685.8,689.4,688.2,678.6,694.4,698.1,671.8,702.0,877.2,634.2,0.5,26.7
2025-04-23 17:04:55,694.7,694.3,685.5,689.8,688.2,677.8,694.5,697.3,671.5,702.0,877.2,633.5,0.5,26.7
2025-04-23 17:05:00,694.7,693.4,684.5,688.8,687.2,677.1,693.8,697.9,671.2,701.7,876.9,633.1,0.5,26.8
2025-04-23 17:05:05,694.4,693.0,685.0,688.3,687.4,676.9,693.5,697.4,671.0,700.8,875.9,633.0,0.5,26.8
2025-04-23 17:05:10,694.2,693.4,684.3,688.0,687.5,676.7,693.5,696.8,670.5,700.3,876.1,632.4,0.8,26.8
2025-04-23 17:05:15,693.8,692.9,683.4,687.4,687.1,676.2,693.2,696.0,670.0,700.2,877.8,631.5,1.1,26.8
2025-04-23 17:05:20,693.3,692.5,683.2,687.5,686.6,676.2,692.8,695.6,669.8,700.2,876.9,631.4,1.1,26.8
2025-04-23 17:05:25,693.0,692.0,682.7,687.7,686.2,674.9,693.0,695.1,669.6,699.3,874.9,631.7,1.4,26.8
2025-04-23 17:05:30,692.9,692.0,682.7,687.5,686.1,675.0,692.6,694.7,669.8,699.4,875.4,632.0,1.7,26.8
2025-04-23 17:05:35,692.3,691.7,682.5,686.7,685.8,675.1,693.0,694.7,669.4,699.0,875.2,631.9,1.9,26.8
2025-04-23 17:05:40,691.8,691.5,682.0,685.5,685.1,674.4,692.9,695.0,668.8,698.8,874.5,632.1,1.8,26.8
2025-04-23 17:05:45,691.3,691.9,681.5,686.0,684.9,673.9,692.2,694.0,668.0,698.3,875.0,631.4,1.9,26.8
2025-04-23 17:05:50,691.9,691.4,681.1,685.4,684.8,673.8,691.8,694.0,667.7,697.4,874.6,630.8,1.8,26.8
2025-04-23 17:05:55,691.7,690.8,681.3,684.9,684.4,673.2,691.2,693.8,667.6,697.3,873.8,630.7,1.7,26.8
2025-04-23 17:06:00,691.7,690.1,681.1,685.1,684.7,673.3,690.6,693.3,667.5,697.0,873.4,630.4,1.6,26.7
2025-04-23 17:06:05,691.6,689.7,682.0,684.6,684.4,673.0,689.8,693.4,667.1,696.2,873.6,630.0,1.8,26.7
2025-04-23 17:06:10,691.4,689.9,681.6,684.4,684.5,673.0,689.5,692.7,667.0,696.2,872.5,629.6,1.9,26.7
2025-04-23 17:06:15,691.3,689.5,681.1,684.4,684.3,672.2,689.1,692.3,666.6,696.0,873.0,629.5,1.7,26.7
2025-04-23 17:06:20,691.3,689.4,680.8,684.8,683.8,672.1,689.1,691.6,666.0,695.1,872.8,629.6,1.9,26.7
2025-04-23 17:06:25,691.1,689.4,680.7,684.6,683.9,671.3,689.2,691.1,665.9,695.4,872.9,628.8,1.8,26.7
2025-04-23 17:06:30,690.4,689.1,680.5,684.5,683.9,671.0,689.5,691.0,665.6,694.8,872.9,628.8,1.6,26.7
2025-04-23 17:06:35,690.0,688.7,680.3,684.5,683.6,670.4,689.7,691.0,665.6,694.8,873.1,628.3,1.5,26.7
2025-04-23 17:06:40,689.8,688.3,680.0,683.2,683.7,670.4,689.9,690.9,665.4,694.7,872.5,628.4,1.4,26.7
2025-04-23 17:06:45,690.3,687.5,679.3,683.1,682.4,670.7,689.7,690.8,665.3,694.4,872.5,628.9,1.1,26.7
2025-04-23 17:06:50,689.8,687.7,679.1,683.1,682.9,670.7,689.8,690.5,665.2,694.3,873.1,628.6,1.1,26.6
2025-04-23 17:06:55,689.6,687.5,678.9,683.3,682.5,670.8,689.1,690.3,665.0,694.3,873.1,628.7,1.4,26.6
2025-04-23 17:07:00,689.1,687.3,678.4,682.6,682.0,670.9,689.0,691.4,664.7,694.0,873.5,628.0,1.3,26.6
2025-04-23 17:07:05,689.2,687.4,677.9,682.8,681.6,671.5,688.9,691.8,665.0,693.9,873.2,627.7,1.3,26.6
2025-04-23 17:07:10,688.5,687.1,677.0,681.5,681.2,670.1,688.3,692.3,665.2,693.6,873.4,627.0,1.5,26.6
2025-04-23 17:07:15,688.3,686.9,677.0,681.8,680.6,669.9,687.9,691.4,665.3,693.8,873.9,626.9,1.6,26.6
2025-04-23 17:07:20,688.0,686.9,676.8,681.3,680.7,670.0,687.7,691.1,665.2,693.3,873.3,626.6,1.5,26.6
2025-04-23 17:07:25,688.1,686.4,677.2,681.4,679.5,669.2,687.0,690.5,664.1,693.1,872.7,626.4,1.6,26.5
2025-04-23 17:07:30,687.3,686.0,677.0,681.7,679.6,668.5,686.4,689.9,664.1,693.1,873.6,625.8,1.6,26.5
2025-04-23 17:07:35,686.8,686.3,676.4,681.4,679.3,668.6,686.1,689.2,663.5,693.1,873.8,625.6,1.2,26.5
2025-04-23 17:07:40,686.6,685.9,676.0,679.7,679.4,667.6,686.3,688.2,663.5,692.9,874.0,625.4,1.0,26.5
2025-04-23 17:07:45,686.7,686.3,675.7,679.9,679.6,667.7,686.0,688.5,663.1,692.3,874.1,625.4,0.9,26.5
2025-04-23 17:07:50,686.9,685.9,675.3,679.9,679.6,667.6,685.6,689.2,662.5,691.9,873.7,625.0,0.8,26.5
2025-04-23 17:07:55,686.3,685.7,675.2,680.0,678.5,667.2,685.8,688.3,662.8,691.8,873.2,624.1,1.1,26.5
2025-04-23 17:08:00,686.2,685.4,675.6,679.5,677.7,667.5,685.8,688.9,663.1,691.7,873.6,622.9,1.0,26.5
2025-04-23 17:08:05,685.3,683.8,675.0,679.6,678.1,667.5,685.2,688.9,663.1,691.2,873.8,622.9,0.9,26.4
2025-04-23 17:08:10,685.0,684.0,674.9,679.4,678.3,667.3,685.5,688.5,663.1,691.0,873.0,623.0,0.9,26.4
2025-04-23 17:08:15,684.8,683.7,674.2,679.2,678.2,667.0,685.4,687.8,662.6,690.8,872.8,623.0,0.9,26.4
2025-04-23 17:08:20,684.1,683.7,673.6,679.0,677.7,666.4,684.7,687.6,662.5,690.8,873.0,622.9,1.2,26.4
2025-04-23 17:08:25,684.3,683.1,672.8,678.5,676.3,666.2,684.7,688.1,662.4,690.6,872.8,621.4,1.0,26.4
2025-04-23 17:08:30,684.1,682.0,673.0,678.4,675.6,664.9,683.5,687.9,661.5,690.5,872.8,621.3,0.8,26.4
2025-04-23 17:08:35,684.1,682.2,673.4,677.9,676.0,664.8,683.5,687.2,661.0,690.0,872.9,620.6,0.7,26.4
2025-04-23 17:08:40,683.9,682.2,672.9,677.5,675.7,664.9,683.3,687.1,661.0,689.8,872.5,620.4,0.6,26.4
2025-04-23 17:08:45,683.8,682.1,673.5,677.6,675.3,664.9,682.9,686.6,660.5,689.5,872.6,620.1,0.5,26.3
2025-04-23 17:08:50,683.6,682.5,673.5,677.2,675.3,665.0,682.7,685.6,660.0,689.1,872.4,619.0,0.3,26.3
2025-04-23 17:08:55,683.1,681.9,673.0,676.8,674.2,664.9,682.7,685.5,659.7,688.8,872.3,618.4,0.3,26.3
2025-04-23 17:09:00,683.1,681.7,673.0,676.8,673.8,665.1,682.5,684.9,659.9,688.5,872.8,617.8,0.5,26.3
2025-04-23 17:09:05,683.0,681.4,672.8,676.4,673.9,665.1,682.0,684.4,659.6,688.0,872.3,617.6,0.6,26.3
2025-04-23 17:09:10,682.5,681.5,672.2,676.0,673.7,664.8,681.7,684.4,659.6,687.6,872.5,617.6,0.6,26.3
2025-04-23 17:09:15,682.6,681.2,671.3,675.7,673.3,664.5,681.1,684.4,659.3,687.4,872.6,617.4,0.6,26.3
2025-04-23 17:09:20,682.7,680.8,671.6,675.9,673.4,664.6,681.6,684.4,658.8,687.3,872.0,617.3,0.9,26.3
2025-04-23 17:09:25,682.4,680.7,671.3,675.8,673.0,664.1,680.9,683.8,658.8,687.5,872.3,617.3,1.0,26.3
2025-04-23 17:09:30,681.9,680.4,671.0,675.2,672.9,663.5,680.9,683.7,658.7,687.4,871.5,617.5,0.8,26.3
2025-04-23 17:09:35,680.8,680.0,670.7,674.8,672.9,663.6,680.4,683.9,658.8,687.0,871.6,617.5,0.7,26.3
2025-04-23 17:09:40,680.7,679.8,670.5,674.4,672.8,663.9,680.4,683.8,658.5,686.7,871.9,617.1,0.6,26.3
2025-04-23 17:09:45,680.2,679.4,670.7,674.4,672.4,663.8,679.8,683.4,658.4,686.5,871.9,616.2,0.4,26.3
2025-04-23 17:09:50,680.6,679.2,670.5,674.0,672.4,662.6,679.5,683.5,658.2,686.0,872.3,615.1,0.4,26.3
2025-04-23 17:09:55,680.6,678.8,670.4,674.3,672.3,662.5,679.4,683.6,658.0,686.1,872.0,615.3,0.3,26.3
2025-04-23 17:10:00,679.7,678.8,669.4,674.0,671.6,662.0,679.6,683.9,657.6,686.3,872.0,615.0,0.2,26.3
2025-04-23 17:10:05,679.4,677.9,668.8,673.7,671.0,661.6,679.5,683.8,657.0,685.9,871.6,614.8,0.1,26.3
2025-04-23 17:10:10,679.1,678.3,667.5,673.5,670.0,661.6,679.2,683.7,656.9,685.8,871.9,615.3,0.1,26.3
2025-04-23 17:10:15,678.8,677.6,668.8,673.4,669.9,661.1,678.4,682.9,656.6,685.0,871.3,614.2,0.1,26.3
2025-04-23 17:10:20,678.7,677.2,669.1,673.0,670.0,661.1,678.2,682.3,656.4,684.5,871.1,614.0,0.0,26.3
2025-04-23 17:10:25,678.5,677.9,668.7,672.7,670.3,660.6,676.6,681.6,655.9,684.5,871.6,613.8,0.0,26.3
2025-04-23 17:10:30,678.7,678.5,668.4,672.3,670.2,660.4,677.2,681.4,655.4,684.5,871.4,613.7,0.0,26.3
2025-04-23 17:10:35,678.5,676.9,668.2,672.6,670.0,660.6,677.3,681.7,655.4,684.1,871.5,613.3,0.0,26.3
2025-04-23 17:10:40,678.0,677.3,668.1,672.6,668.8,659.8,677.4,681.3,655.6,684.3,871.5,613.2,0.0,26.3
2025-04-23 17:10:45,677.9,676.3,667.9,672.3,668.5,659.3,677.6,681.3,655.5,684.1,872.0,613.6,0.0,26.3
2025-04-23 17:10:50,678.0,676.6,667.5,672.5,668.7,659.5,677.8,681.2,655.5,684.0,872.2,612.9,0.0,26.3
2025-04-23 17:10:55,678.0,675.7,667.6,672.5,668.1,658.9,677.1,681.2,655.3,683.4,871.8,612.6,0.0,26.3
2025-04-23 17:11:00,678.0,675.3,667.4,672.5,667.8,659.3,676.8,680.9,655.7,683.4,871.0,612.1,0.0,26.3
2025-04-23 17:11:05,678.0,674.9,666.8,671.8,667.1,659.3,676.6,681.1,654.2,683.2,871.4,611.0,0.0,26.3
2025-04-23 17:11:10,677.5,674.6,667.0,671.6,666.8,659.0,675.9,680.4,654.0,682.8,871.0,610.4,0.2,26.3
2025-04-23 17:11:15,677.5,674.7,666.2,671.6,666.6,658.8,675.9,680.2,653.7,682.8,870.9,610.8,0.6,26.4
2025-04-23 17:11:20,677.6,674.6,666.5,670.1,666.5,658.9,676.1,679.6,653.0,682.6,870.6,612.8,1.0,26.4
2025-04-23 17:11:25,677.7,674.5,665.9,670.7,665.9,658.8,675.5,679.3,652.6,682.2,870.9,612.0,1.1,26.4
2025-04-23 17:11:30,677.5,674.0,665.9,671.1,666.2,658.0,675.5,679.1,652.5,681.6,870.5,611.7,1.1,26.4
2025-04-23 17:11:35,677.2,673.7,665.3,671.2,665.8,657.8,675.0,679.0,652.2,681.6,870.6,611.3,1.0,26.4
2025-04-23 17:11:40,677.0,673.9,665.2,671.3,665.6,657.9,675.1,678.9,652.1,681.3,870.4,609.6,0.9,26.4
2025-04-23 17:11:45,676.5,673.4,664.1,670.3,665.2,658.0,675.4,678.2,652.1,681.2,870.4,610.4,0.8,26.4
2025-04-23 17:11:50,675.8,673.3,664.0,669.9,664.7,657.9,675.3,678.4,652.4,680.6,870.3,609.7,0.7,26.4
2025-04-23 17:11:55,675.4,672.9,664.0,669.6,664.5,657.0,674.5,678.1,652.2,680.3,870.7,608.6,0.9,26.4
2025-04-23 17:12:00,674.6,673.5,664.1,668.8,664.6,656.8,674.0,677.6,651.8,680.1,869.8,608.3,0.8,26.4
2025-04-23 17:12:05,674.4,673.2,664.2,668.8,663.8,656.8,673.7,677.2,651.2,679.9,869.6,607.4,0.8,26.4
2025-04-23 17:12:10,673.9,672.3,663.5,668.4,663.7,656.4,673.3,676.7,650.4,679.5,869.9,606.7,0.7,26.4
2025-04-23 17:12:15,673.6,671.8,662.9,668.2,663.6,656.4,672.9,676.6,649.9,679.4,870.0,606.7,0.6,26.4
2025-04-23 17:12:20,673.4,671.5,662.1,668.1,663.3,656.1,672.6,676.5,650.0,679.5,870.1,606.5,0.5,26.4
2025-04-23 17:12:25,673.5,671.5,662.2,668.0,662.8,655.8,671.9,675.8,649.5,679.3,870.1,606.0,0.4,26.4
2025-04-23 17:12:30,673.5,671.4,662.1,667.5,662.2,655.0,671.8,675.5,649.2,678.9,869.8,605.6,0.4,26.4
2025-04-23 17:12:35,673.3,671.8,661.8,667.4,661.8,655.1,671.7,675.7,649.2,678.4,869.7,605.6,0.3,26.4
2025-04-23 17:12:40,673.2,671.6,661.4,667.4,662.1,654.9,671.7,675.1,648.7,678.2,869.0,605.5,0.2,26.4
2025-04-23 17:12:45,673.4,671.6,661.5,667.2,662.0,654.3,671.5,674.8,648.6,677.9,869.5,604.5,0.2,26.4
2025-04-23 17:12:50,673.6,671.8,660.8,667.4,661.9,654.4,671.8,674.5,648.5,677.5,869.3,603.1,0.1,26.4
2025-04-23 17:12:55,673.4,671.9,660.7,667.1,662.2,654.3,671.8,674.3,648.3,677.2,868.9,603.2,0.1,26.4
2025-04-23 17:13:00,672.7,672.2,660.5,666.9,663.1,653.9,671.4,674.0,648.1,676.8,868.8,603.1,0.1,26.4
2025-04-23 17:13:05,672.4,672.1,660.4,666.5,662.9,653.2,671.3,673.9,648.0,676.9,869.5,603.0,0.1,26.4
2025-04-23 17:13:10,672.2,671.6,660.4,666.5,662.2,653.4,671.2,673.8,647.9,677.2,869.2,602.8,0.1,26.5
2025-04-23 17:13:15,671.6,671.1,660.4,665.9,662.0,653.3,670.5,673.8,648.0,676.9,869.2,602.4,0.2,26.5
2025-04-23 17:13:20,671.4,670.9,660.2,665.8,661.9,653.4,670.3,673.8,647.9,676.5,869.9,602.6,0.9,26.5
2025-04-23 17:13:25,671.2,670.6,660.1,665.3,661.5,653.4,670.0,673.2,647.9,676.4,869.7,602.4,1.0,26.5
2025-04-23 17:13:30,670.9,670.3,660.3,665.1,661.3,653.1,669.8,673.0,648.1,676.4,869.4,601.5,0.9,26.5
2025-04-23 17:13:35,670.3,670.0,660.4,664.7,661.3,652.4,670.0,672.1,647.8,676.0,869.3,600.9,0.7,26.5
2025-04-23 17:13:40,670.3,669.8,660.1,665.0,660.9,652.7,669.9,672.2,647.3,675.8,866.7,600.6,0.6,26.5
2025-04-23 17:13:45,670.2,669.4,660.2,664.7,660.6,652.3,669.8,672.1,646.7,674.7,867.5,600.1,0.5,26.5
2025-04-23 17:13:50,669.9,668.9,660.2,664.0,660.5,651.9,668.9,671.8,646.1,674.9,867.8,599.5,0.4,26.5
2025-04-23 17:13:55,669.8,668.7,660.0,664.2,660.7,651.5,667.7,671.1,645.3,674.8,867.9,599.1,0.3,26.5
2025-04-23 17:14:00,669.6,668.7,659.5,663.4,659.9,650.9,667.8,670.6,645.3,674.7,867.7,599.2,0.4,26.5
2025-04-23 17:14:05,669.7,668.4,659.2,663.3,659.5,650.7,667.5,670.4,645.4,674.2,867.8,599.3,0.4,26.5
2025-04-23 17:14:10,669.7,668.3,659.8,662.5,659.7,650.7,667.8,670.4,644.8,673.6,867.2,598.3,0.3,26.6
2025-04-23 17:14:15,669.7,667.6,659.6,662.1,660.0,650.1,667.8,670.2,644.3,673.4,867.1,598.3,0.7,26.6
2025-04-23 17:14:20,669.9,667.6,659.6,662.1,661.0,650.0,667.3,670.1,644.5,673.3,866.9,598.3,1.7,26.6
2025-04-23 17:14:25,669.4,667.4,659.5,661.7,661.7,649.9,667.3,669.8,643.9,672.7,866.6,598.2,1.8,26.6
2025-04-23 17:14:30,668.4,667.5,658.2,661.7,661.5,649.6,667.3,669.5,644.3,672.7,866.7,599.1,1.6,26.6
2025-04-23 17:14:35,667.9,666.9,657.8,662.1,661.0,650.0,667.2,669.5,644.0,672.3,866.4,599.0,1.3,26.6
2025-04-23 17:14:40,667.4,667.0,657.0,662.1,659.5,649.9,668.4,670.6,643.7,672.3,866.7,598.6,1.1,26.6
2025-04-23 17:14:45,667.0,666.5,656.6,661.9,659.3,648.8,668.6,671.3,644.1,672.6,866.4,597.8,0.9,26.6
2025-04-23 17:14:50,667.0,665.6,656.4,661.4,658.3,648.7,669.0,670.7,644.3,672.4,866.3,597.0,0.8,26.6
2025-04-23 17:14:55,667.0,665.7,656.2,660.3,657.9,648.3,668.5,670.2,644.5,671.8,866.3,595.9,0.7,26.6
2025-04-23 17:15:00,666.6,665.4,655.5,659.3,657.1,647.6,667.5,669.5,643.8,671.7,866.5,595.2,0.7,26.7
2025-04-23 17:15:05,666.6,664.8,655.4,658.5,656.9,647.4,667.0,669.1,643.2,671.1,866.1,594.9,1.2,26.7
2025-04-23 17:15:10,666.3,664.4,655.7,658.1,656.5,647.4,667.0,668.8,642.5,671.1,865.8,594.6,2.1,26.7
2025-04-23 17:15:15,666.2,664.2,655.7,658.0,656.4,647.2,666.3,668.4,641.9,671.0,865.9,594.1,2.1,26.7
2025-04-23 17:15:20,665.7,664.9,655.7,658.5,656.0,646.7,666.6,667.8,641.3,670.9,866.0,594.5,2.0,26.7
2025-04-23 17:15:25,665.4,664.7,655.2,658.9,655.7,647.1,666.5,668.1,641.9,670.7,866.1,595.2,1.8,26.6
2025-04-23 17:15:30,664.9,664.5,654.0,659.1,656.0,648.2,666.2,668.0,642.3,670.6,866.3,595.1,1.5,26.6
2025-04-23 17:15:35,664.5,664.7,654.1,658.9,655.9,647.3,666.1,667.7,642.2,670.3,866.3,594.5,1.4,26.6
2025-04-23 17:15:40,664.0,664.6,653.6,658.1,655.6,645.9,665.2,666.6,642.1,670.0,865.7,592.5,1.2,26.6
2025-04-23 17:15:45,664.3,664.1,653.5,657.6,655.2,644.3,664.6,666.3,641.2,669.8,865.7,592.2,1.3,26.6
2025-04-23 17:15:50,664.3,663.7,652.8,656.8,654.5,643.7,664.1,667.0,640.8,669.6,865.7,591.9,1.4,26.6
2025-04-23 17:15:55,664.3,663.0,652.3,656.5,654.3,643.5,663.5,666.8,640.4,669.1,865.4,591.5,1.4,26.6
2025-04-23 17:16:00,664.1,662.3,652.6,655.8,653.9,643.7,663.4,665.9,640.3,668.9,865.3,590.9,1.3,26.6
2025-04-23 17:16:05,663.6,661.6,652.1,654.1,654.0,643.6,663.0,665.8,639.5,668.5,864.9,590.9,1.3,26.6
2025-04-23 17:16:10,662.9,661.2,651.7,654.3,653.4,643.1,662.9,665.5,639.1,668.0,864.4,591.0,1.6,26.6
2025-04-23 17:16:15,662.1,660.6,650.9,654.0,653.2,643.2,662.6,664.9,638.6,667.9,864.7,592.0,1.7,26.6
2025-04-23 17:16:20,661.8,660.3,650.2,654.5,652.3,643.2,662.3,665.0,637.8,667.2,863.9,591.6,1.8,26.6
2025-04-23 17:16:25,661.6,659.8,650.3,654.3,652.3,643.4,661.9,664.9,637.9,666.7,863.2,590.9,1.8,26.6
2025-04-23 17:16:30,661.6,659.8,649.2,654.4,651.7,643.1,661.8,663.3,638.3,666.4,863.2,590.7,1.4,26.6
2025-04-23 17:16:35,661.7,659.6,649.3,654.3,651.5,642.3,661.4,663.2,638.5,666.3,863.3,590.3,1.1,26.6
2025-04-23 17:16:40,661.5,659.3,649.4,654.0,651.4,641.8,661.6,662.7,638.6,666.2,863.4,590.0,1.0,26.6
2025-04-23 17:16:45,661.2,659.4,649.4,653.7,650.8,642.4,661.6,662.6,638.8,665.7,863.0,588.1,0.8,26.5
2025-04-23 17:16:50,660.9,659.6,648.8,653.4,650.7,642.0,661.5,663.0,638.2,665.3,863.2,587.8,0.7,26.5
2025-04-23 17:16:55,660.8,660.3,648.5,653.1,650.9,641.3,660.9,663.2,637.4,664.9,862.7,587.6,0.7,26.5
2025-04-23 17:17:00,660.6,660.2,648.6,653.2,650.8,640.8,661.5,663.4,637.7,665.1,862.9,587.2,0.8,26.5
2025-04-23 17:17:05,660.4,659.7,649.0,652.6,650.6,640.8,661.0,663.2,637.7,664.9,862.8,586.6,0.8,26.5
2025-04-23 17:17:10,660.2,658.7,648.2,652.9,650.9,641.2,661.2,663.1,637.3,664.9,863.2,586.8,0.9,26.5
2025-04-23 17:17:15,660.0,658.7,647.9,652.4,650.4,641.3,661.0,662.9,637.1,664.7,863.3,586.6,0.8,26.5
2025-04-23 17:17:20,659.8,658.0,648.0,651.9,650.4,641.1,660.9,662.9,636.5,664.4,863.2,586.5,0.6,26.4
2025-04-23 17:17:25,659.7,657.7,647.8,651.8,650.0,640.7,660.2,662.2,636.0,663.8,862.7,586.2,0.5,26.4
2025-04-23 17:17:30,659.6,657.6,647.6,651.6,650.2,640.4,660.0,661.9,635.4,663.6,862.3,586.3,0.5,26.4
2025-04-23 17:17:35,659.0,657.6,647.4,651.7,650.3,640.3,659.6,661.6,635.2,663.5,862.5,586.2,0.5,26.4
2025-04-23 17:17:40,659.1,657.6,647.9,651.7,650.3,640.4,659.6,661.7,635.2,663.3,862.6,585.5,0.7,26.4
2025-04-23 17:17:45,659.3,657.8,647.8,651.7,650.1,640.0,659.2,661.6,635.6,662.8,862.1,585.6,0.6,26.4
2025-04-23 17:17:50,659.4,658.0,647.9,651.6,650.0,640.1,659.1,661.6,636.2,662.6,862.2,585.6,0.5,26.4
2025-04-23 17:17:55,659.1,657.9,647.7,651.6,649.7,639.4,659.1,661.8,635.9,662.4,862.5,585.5,0.4,26.4
2025-04-23 17:18:00,658.7,657.8,647.3,651.6,649.7,639.5,658.6,661.5,636.3,662.3,862.5,585.2,0.3,26.4
2025-04-23 17:18:05,659.0,657.4,647.3,651.2,649.3,638.9,658.2,661.3,635.9,662.1,862.7,585.2,0.7,26.4
2025-04-23 17:18:10,658.4,657.2,647.5,651.1,649.1,638.8,658.0,661.2,635.0,661.9,862.7,585.2,0.8,26.4
2025-04-23 17:18:15,658.3,656.6,647.4,651.2,649.0,638.8,658.0,660.5,634.8,662.1,862.6,586.0,1.0,26.4
2025-04-23 17:18:20,658.1,656.2,647.2,651.0,648.9,638.8,658.6,660.4,634.8,661.8,862.5,585.6,1.1,26.4
2025-04-23 17:18:25,657.7,655.5,647.2,650.8,649.0,638.7,658.7,660.5,634.7,661.2,862.4,584.7,1.0,26.4
2025-04-23 17:18:30,657.5,655.1,647.2,650.6,648.5,638.6,657.9,660.0,634.2,661.2,862.3,584.7,0.9,26.4
2025-04-23 17:18:35,657.1,654.9,647.2,650.5,648.4,638.2,657.7,659.4,633.1,660.8,862.2,583.9,0.7,26.4
2025-04-23 17:18:40,656.5,654.7,646.6,650.5,648.3,638.3,657.5,659.4,633.0,660.5,862.0,583.6,0.6,26.4
2025-04-23 17:18:45,656.4,655.9,646.4,649.7,648.3,638.5,657.0,659.2,633.3,660.3,862.2,582.2,0.5,26.4
2025-04-23 17:18:50,656.3,655.9,646.6,649.4,648.1,638.2,656.5,658.8,633.0,660.3,862.1,581.6,0.5,26.4
2025-04-23 17:18:55,655.5,655.5,646.2,649.2,647.8,638.2,656.6,658.6,632.6,659.7,861.5,581.6,0.3,26.4
2025-04-23 17:19:00,655.1,653.5,645.4,648.7,647.2,637.8,656.0,658.6,632.5,659.5,861.5,580.7,0.3,26.4
2025-04-23 17:19:05,655.3,654.3,645.1,648.7,647.4,637.1,655.9,657.8,632.5,659.6,861.6,580.3,0.5,26.4
2025-04-23 17:19:10,655.2,653.4,645.0,648.5,647.5,636.9,655.0,657.8,631.4,659.4,861.4,578.7,0.6,26.4
2025-04-23 17:19:15,654.8,653.4,644.9,648.0,647.3,636.5,654.8,657.2,630.8,659.4,861.3,579.0,0.6,26.4
2025-04-23 17:19:20,654.5,653.3,644.9,647.5,647.4,636.5,654.3,656.9,630.1,659.1,861.4,578.4,0.5,26.4
2025-04-23 17:19:25,654.0,652.7,644.5,647.3,646.8,636.3,653.7,656.5,630.3,658.8,861.3,578.4,0.4,26.4
2025-04-23 17:19:30,653.7,652.3,643.7,647.1,646.5,635.9,653.4,656.7,630.5,657.9,860.4,578.3,0.3,26.4
2025-04-23 17:19:35,653.6,652.3,643.3,646.8,646.5,635.7,652.8,656.2,630.7,658.2,860.7,578.2,0.2,26.4
2025-04-23 17:19:40,654.1,652.0,643.3,647.4,645.7,635.8,652.7,656.0,630.0,658.0,860.9,577.9,0.2,26.4
2025-04-23 17:19:45,654.3,652.1,643.2,647.5,645.8,635.4,652.3,655.7,629.8,657.6,860.8,577.0,0.3,26.4
2025-04-23 17:19:50,654.4,651.3,643.0,646.7,645.2,635.3,652.5,656.1,629.5,657.2,860.7,577.1,0.2,26.4
2025-04-23 17:19:55,654.2,651.4,642.9,646.1,645.1,634.6,652.2,655.3,629.4,657.1,860.9,576.9,0.2,26.4
2025-04-23 17:20:00,653.5,651.6,642.1,645.9,644.5,634.1,651.2,654.7,628.6,656.6,859.3,575.8,0.4,26.4
2025-04-23 17:20:05,653.1,651.6,641.4,646.4,644.0,633.9,650.9,654.1,628.0,656.0,859.4,575.7,0.4,26.4
2025-04-23 17:20:10,652.5,651.7,641.2,646.4,643.5,633.8,651.1,653.9,627.6,655.8,859.5,575.7,0.5,26.5
2025-04-23 17:20:15,652.6,651.3,641.3,645.6,643.6,633.6,650.7,653.9,627.2,655.7,859.0,575.0,0.4,26.5
2025-04-23 17:20:20,652.2,650.8,641.4,645.2,643.4,634.0,650.7,654.0,627.3,655.7,859.6,575.1,0.3,26.5
2025-04-23 17:20:25,651.9,650.5,640.2,644.9,642.9,633.8,650.3,654.0,627.5,656.1,860.9,575.7,0.2,26.5
2025-04-23 17:20:30,651.8,651.0,640.4,644.5,642.5,633.5,650.1,653.9,627.2,656.2,860.8,575.2,0.2,26.5
2025-04-23 17:20:35,651.9,650.4,639.6,644.5,642.3,633.5,649.6,653.9,627.4,655.7,860.3,575.0,0.3,26.5
2025-04-23 17:20:40,651.8,650.4,639.8,643.8,642.3,633.1,649.5,653.9,627.4,655.0,860.4,573.4,0.3,26.5
2025-04-23 17:20:45,651.6,650.1,639.4,644.0,642.1,632.6,649.6,653.3,627.1,654.8,860.4,573.3,0.3,26.5
2025-04-23 17:20:50,651.4,650.3,639.1,642.9,641.9,632.2,649.7,652.7,626.3,654.6,860.6,572.3,0.4,26.5
2025-04-23 17:20:55,651.0,650.3,638.6,643.3,641.6,632.0,649.4,652.0,626.3,654.0,859.4,572.2,0.4,26.5
2025-04-23 17:21:00,651.2,649.8,638.8,643.1,641.3,631.6,650.2,652.5,626.6,654.0,860.2,572.2,0.4,26.5
2025-04-23 17:21:05,651.2,649.9,639.0,642.9,641.5,631.8,650.1,652.2,626.7,653.9,860.3,571.5,0.5,26.5
2025-04-23 17:21:10,649.9,649.6,638.9,642.6,641.3,631.5,650.1,652.3,626.6,653.7,860.1,570.8,0.5,26.5
2025-04-23 17:21:15,650.0,649.3,638.4,642.1,640.8,631.0,649.8,651.6,626.2,653.8,860.7,570.6,0.5,26.5
2025-04-23 17:21:20,650.2,649.8,638.2,641.7,640.9,631.2,648.9,651.7,625.4,653.6,860.8,570.2,0.4,26.6
2025-04-23 17:21:25,649.9,649.8,638.0,641.1,641.0,630.5,648.0,651.4,625.4,653.4,860.5,570.0,0.4,26.6
2025-04-23 17:21:30,649.0,649.3,637.2,641.1,640.1,629.7,647.2,650.5,625.1,652.7,860.0,569.9,0.4,26.6
2025-04-23 17:21:35,648.7,648.5,636.8,641.3,639.5,628.9,647.0,650.6,624.3,652.5,859.7,570.2,0.4,26.6
2025-04-23 17:21:40,648.3,648.4,636.6,640.9,639.1,628.8,646.8,650.2,624.1,652.2,860.0,570.0,0.4,26.6
2025-04-23 17:21:45,648.2,648.4,636.8,640.8,639.1,628.9,646.6,649.2,623.5,651.5,858.9,569.5,0.5,26.6
2025-04-23 17:21:50,648.1,647.2,636.9,640.0,638.4,628.3,646.6,648.7,623.6,651.3,858.9,569.6,0.5,26.6
2025-04-23 17:21:55,648.1,646.1,636.6,639.7,637.8,628.5,646.3,648.5,622.9,650.7,859.0,568.9,0.5,26.6
2025-04-23 17:22:00,648.0,646.4,636.5,639.6,637.8,628.5,645.4,648.0,623.0,650.6,858.8,568.9,0.6,26.6
2025-04-23 17:22:05,648.3,645.9,636.5,639.0,637.7,628.1,645.7,648.5,622.9,650.1,858.8,568.9,0.6,26.6
2025-04-23 17:22:10,647.5,646.1,636.3,638.6,638.1,627.3,645.4,648.4,622.5,649.8,859.6,568.5,0.6,26.6
2025-04-23 17:22:15,647.3,646.0,636.0,639.1,638.3,627.2,645.8,648.1,622.4,650.2,858.9,568.3,0.6,26.6
2025-04-23 17:22:20,647.3,646.0,635.8,639.1,638.1,626.4,645.3,648.0,622.1,650.1,859.3,568.1,0.6,26.6
2025-04-23 17:22:25,647.1,646.4,635.7,639.1,636.9,626.6,645.2,647.5,621.9,649.9,859.2,567.6,0.6,26.6
2025-04-23 17:22:30,646.8,645.7,635.7,638.6,636.7,626.4,645.3,647.9,622.2,650.1,859.7,567.8,0.5,26.6
2025-04-23 17:22:35,646.6,644.6,635.4,637.5,636.3,625.5,645.4,647.5,622.3,649.6,859.6,567.1,0.4,26.6
2025-04-23 17:22:40,646.1,644.4,635.7,637.3,635.9,625.3,644.8,646.3,622.1,649.4,859.6,566.7,0.3,26.7
2025-04-23 17:22:45,645.9,643.7,636.0,637.1,635.7,625.3,644.6,646.5,621.5,649.2,859.4,566.8,0.2,26.7
2025-04-23 17:22:50,645.2,643.7,635.1,636.8,635.4,625.7,643.8,646.4,621.2,648.9,859.0,566.6,0.2,26.7
2025-04-23 17:22:55,645.7,642.3,634.6,636.1,634.7,626.0,643.6,646.3,620.9,648.7,859.1,566.2,0.1,26.7
2025-04-23 17:23:00,645.3,642.3,634.0,636.1,634.6,625.7,643.2,645.6,620.6,648.6,859.1,566.2,0.1,26.7
2025-04-23 17:23:05,644.5,642.3,634.0,636.1,634.2,625.6,643.1,645.4,620.7,648.1,858.8,565.7,0.1,26.7
2025-04-23 17:23:10,644.4,641.7,633.5,635.7,634.2,625.8,643.0,645.0,620.6,648.0,859.2,565.5,0.0,26.7
2025-04-23 17:23:15,644.2,642.1,633.4,636.2,633.6,625.1,642.8,644.5,620.7,647.8,859.2,564.6,0.0,26.7
2025-04-23 17:23:20,644.2,641.9,633.3,635.7,633.6,624.9,643.0,644.3,620.5,647.8,859.1,564.0,0.0,26.8
2025-04-23 17:23:25,643.8,641.7,632.5,636.1,633.7,624.5,642.8,644.5,620.5,647.8,859.0,564.2,0.0,26.7
2025-04-23 17:23:30,643.9,641.4,632.8,636.2,633.7,624.4,642.8,644.1,619.5,647.1,859.0,563.6,0.0,26.8
2025-04-23 17:23:35,643.7,641.4,632.5,636.4,633.6,624.2,642.7,644.3,619.5,646.8,858.8,563.7,0.0,26.8
2025-04-23 17:23:40,643.5,641.2,632.3,636.4,633.4,623.8,642.6,644.4,619.9,646.8,858.3,562.9,0.0,26.8
2025-04-23 17:23:45,643.1,641.1,632.3,635.6,634.0,624.1,642.9,644.2,619.9,646.5,858.3,562.0,0.2,26.8
2025-04-23 17:23:50,643.0,641.1,632.1,635.2,633.8,624.0,643.5,644.0,619.4,646.9,859.5,562.2,0.5,26.8
2025-04-23 17:23:55,643.1,641.5,632.0,634.5,633.5,623.9,642.5,643.8,618.4,647.2,859.8,562.0,0.6,26.8
2025-04-23 17:24:00,642.6,641.6,631.6,634.9,633.4,624.3,642.8,643.5,618.4,646.9,860.0,561.8,0.5,26.8
2025-04-23 17:24:05,642.4,641.6,632.2,634.6,633.2,624.0,642.3,643.2,618.7,646.9,860.8,561.2,0.5,26.9
2025-04-23 17:24:10,642.2,641.5,632.1,635.1,633.1,624.0,642.1,643.4,618.3,647.0,861.3,561.3,0.4,26.9
2025-04-23 17:24:15,642.1,641.3,631.8,635.2,632.6,623.4,641.5,643.1,618.4,646.7,860.0,561.8,0.4,26.9
2025-04-23 17:24:20,641.6,640.0,630.8,635.1,632.2,622.1,641.7,642.6,618.3,646.5,860.7,561.8,0.3,26.9
2025-04-23 17:24:25,641.7,640.2,631.1,633.9,631.3,622.3,641.6,642.9,617.9,646.9,861.3,561.5,0.4,26.9
2025-04-23 17:24:30,641.2,639.8,631.0,633.9,630.9,622.1,641.0,642.5,617.5,646.5,860.3,561.0,0.5,26.9
2025-04-23 17:24:35,641.5,639.2,631.5,634.1,630.2,621.7,639.8,642.2,617.3,646.1,859.9,561.1,0.6,26.9
2025-04-23 17:24:40,641.5,639.0,630.8,633.7,629.9,621.4,639.5,642.1,617.1,645.4,859.4,559.5,0.6,26.9
2025-04-23 17:24:45,641.4,638.9,630.1,633.5,629.9,621.4,639.4,641.6,616.7,645.6,859.8,558.8,0.5,26.9
2025-04-23 17:24:50,640.9,639.0,630.0,633.6,629.4,621.6,639.8,641.8,616.2,644.7,859.6,558.2,0.4,26.9
2025-04-23 17:24:55,640.9,637.7,628.0,633.9,629.3,621.2,639.5,640.9,615.8,645.4,860.1,558.5,0.3,26.9
2025-04-23 17:25:00,640.9,638.5,628.6,633.5,628.8,620.7,638.6,640.9,615.6,644.8,859.7,558.0,0.2,26.9
2025-04-23 17:25:05,640.6,638.0,627.8,633.3,629.5,620.6,638.9,640.8,615.7,644.3,860.5,557.7,0.1,26.9
2025-04-23 17:25:10,640.4,637.6,627.7,633.2,628.6,620.7,639.0,640.1,615.6,644.6,860.7,557.6,0.1,26.9
2025-04-23 17:25:15,640.8,637.1,627.8,633.4,629.1,620.9,638.7,640.1,615.2,643.8,859.7,557.2,0.0,26.9
2025-04-23 17:25:20,640.7,636.6,627.8,633.2,628.6,620.8,638.3,639.8,615.2,644.0,859.7,557.1,0.0,26.9
2025-04-23 17:25:25,639.7,636.4,627.0,633.0,628.1,619.8,637.7,639.8,614.7,643.8,860.2,557.0,0.1,26.9
2025-04-23 17:25:30,639.8,636.3,626.4,632.9,627.6,619.5,637.5,640.0,614.5,643.9,860.7,557.0,0.1,26.9
2025-04-23 17:25:35,639.4,636.7,626.3,632.9,627.4,619.6,637.7,639.9,614.4,643.6,860.6,556.7,0.2,26.9
2025-04-23 17:25:40,639.5,636.7,626.2,632.5,627.0,619.2,637.3,639.5,614.2,643.4,860.7,556.4,0.1,26.9
2025-04-23 17:25:45,639.4,636.5,625.9,632.3,626.8,619.2,637.5,639.3,614.1,643.3,860.9,556.3,0.1,26.9
2025-04-23 17:25:50,639.5,636.8,626.0,631.8,627.5,618.8,637.1,639.2,614.1,643.3,861.4,555.9,0.0,26.9
2025-04-23 17:25:55,639.3,636.7,625.5,631.9,626.8,618.7,637.2,639.1,614.0,643.1,861.2,555.8,0.0,26.9
2025-04-23 17:26:00,639.5,636.8,625.9,631.4,627.1,618.4,637.4,638.6,612.4,643.1,861.0,555.7,0.0,26.9
2025-04-23 17:26:05,639.2,636.3,625.4,631.3,626.9,618.1,637.3,638.5,612.9,642.9,861.3,555.5,0.0,26.9
2025-04-23 17:26:10,638.8,635.9,625.0,631.7,626.8,618.1,636.8,638.4,612.5,642.7,861.5,555.1,0.0,26.9
2025-04-23 17:26:15,639.1,635.9,625.0,630.7,626.4,618.1,636.6,638.1,612.4,642.5,861.4,554.7,0.0,26.9
2025-04-23 17:26:20,639.0,635.3,625.6,630.5,626.2,618.3,636.4,637.4,612.1,642.1,861.2,554.6,0.0,26.9
2025-04-23 17:26:25,638.4,634.9,626.0,630.7,626.0,618.2,636.3,637.2,612.1,642.0,861.4,554.5,0.0,26.9
2025-04-23 17:26:30,638.3,635.8,625.9,631.0,626.5,617.8,636.6,637.4,611.7,641.9,861.5,553.9,0.0,26.9
2025-04-23 17:26:35,638.4,635.8,625.2,630.8,626.9,617.9,636.4,636.7,611.7,641.5,861.4,553.6,0.0,27.0
2025-04-23 17:26:40,637.8,635.4,624.4,630.7,626.6,617.8,636.3,636.6,611.3,641.3,861.5,552.8,0.0,27.0
2025-04-23 17:26:45,637.7,634.2,624.3,629.8,626.0,617.7,636.0,635.8,611.0,641.5,861.4,551.9,0.0,27.0
2025-04-23 17:26:50,637.7,634.0,623.8,630.5,625.5,617.2,635.3,635.9,610.9,641.1,860.7,551.8,0.3,27.0
2025-04-23 17:26:55,637.2,633.8,624.3,630.4,625.2,617.3,634.8,635.9,610.8,640.9,861.1,551.4,1.2,27.0
2025-04-23 17:27:00,637.5,633.5,623.8,629.4,624.4,617.1,634.6,635.9,610.5,640.6,860.8,551.3,1.6,27.0
2025-04-23 17:27:05,637.2,633.0,623.3,629.3,623.6,616.1,634.5,635.8,610.1,640.4,861.0,551.0,1.7,27.0
2025-04-23 17:27:10,636.9,632.4,623.0,629.0,624.0,615.9,634.0,635.2,609.8,640.2,860.8,550.1,1.9,27.0
2025-04-23 17:27:15,636.3,632.4,623.2,628.8,623.9,615.7,633.9,635.2,610.0,640.0,861.1,549.3,1.8,27.0
2025-04-23 17:27:20,636.6,632.5,621.9,629.0,623.3,615.3,633.6,635.2,609.9,640.0,861.2,548.8,1.4,27.0
2025-04-23 17:27:25,636.7,632.5,622.1,629.3,623.1,615.3,633.4,634.7,609.4,639.3,860.8,548.7,1.2,27.0
2025-04-23 17:27:30,636.5,632.7,622.1,628.5,622.8,615.3,633.9,634.0,609.5,639.3,860.6,549.0,1.0,27.0
2025-04-23 17:27:35,635.8,633.3,621.3,628.7,621.9,615.1,633.6,634.0,609.4,638.7,860.4,548.6,0.8,27.0
2025-04-23 17:27:40,635.6,633.2,621.3,628.5,622.1,615.2,632.7,633.6,609.3,638.2,859.9,549.0,0.7,27.0
2025-04-23 17:27:45,635.1,633.2,621.8,628.3,622.3,614.7,632.8,633.1,609.0,638.0,860.4,548.6,0.6,27.1
2025-04-23 17:27:50,635.1,632.8,621.5,628.2,623.1,615.4,632.2,633.0,609.1,637.9,860.2,548.4,0.6,27.0
2025-04-23 17:27:55,635.0,633.2,621.4,628.1,623.0,614.7,632.0,632.7,608.5,637.3,859.9,548.9,0.7,27.1
2025-04-23 17:28:00,635.3,633.3,621.8,627.5,622.9,615.0,631.9,632.5,608.6,637.4,860.0,547.5,0.7,27.0
2025-04-23 17:28:05,634.0,633.0,621.1,626.5,621.7,614.5,631.7,632.3,608.2,637.3,859.3,547.3,1.1,27.1
2025-04-23 17:28:10,634.3,632.8,621.2,627.3,621.8,614.8,631.5,632.7,608.0,637.2,859.9,547.2,1.1,27.0
2025-04-23 17:28:15,634.1,632.7,620.8,627.1,621.3,614.6,630.9,632.1,607.7,637.3,860.1,548.0,1.5,27.1
2025-04-23 17:28:20,634.2,632.3,620.3,625.9,621.3,614.7,630.8,631.6,607.8,636.9,860.9,547.8,1.9,27.0
2025-04-23 17:28:25,634.3,631.9,619.8,626.9,620.9,614.1,631.2,631.1,607.6,636.6,860.5,547.6,2.1,27.0
2025-04-23 17:28:30,633.7,631.2,619.9,627.0,620.6,613.8,630.9,631.8,607.2,636.5,859.6,547.3,1.9,27.0
2025-04-23 17:28:35,633.5,631.1,619.5,627.3,620.6,613.6,630.7,631.8,606.8,636.4,859.3,546.6,1.9,27.0
2025-04-23 17:28:40,633.5,630.9,618.4,626.7,620.5,613.1,630.9,631.5,606.7,636.3,860.8,546.5,1.5,27.0
2025-04-23 17:28:45,633.2,631.0,617.9,625.9,620.3,612.4,630.3,630.9,606.5,636.2,860.8,546.0,1.2,27.0
2025-04-23 17:28:50,632.4,631.1,617.7,626.0,620.2,612.2,630.1,630.5,605.9,635.9,860.2,544.9,1.0,27.0
2025-04-23 17:28:55,632.5,630.4,617.3,625.3,620.1,612.0,630.3,630.2,605.5,635.4,859.9,544.1,0.8,27.0
2025-04-23 17:29:00,632.4,630.2,617.5,624.6,619.7,611.7,630.2,629.9,605.3,634.9,859.5,543.6,0.7,27.0
2025-04-23 17:29:05,631.9,630.6,617.2,624.2,619.1,611.2,629.6,629.6,605.1,635.0,859.7,543.1,0.7,26.9
2025-04-23 17:29:10,631.7,630.6,616.6,623.7,618.4,610.7,629.4,629.2,605.1,634.7,859.8,543.0,0.5,26.9
2025-04-23 17:29:15,631.6,630.6,616.4,623.3,618.3,610.4,629.1,628.5,604.8,634.6,859.8,542.9,0.4,26.9
2025-04-23 17:29:20,631.7,629.9,616.6,622.7,618.4,609.8,629.2,628.3,604.7,634.6,860.0,542.6,0.4,26.9
2025-04-23 17:29:25,631.2,630.1,617.0,622.5,618.1,609.8,628.6,628.0,604.5,633.3,859.4,542.1,0.5,26.9
2025-04-23 17:29:30,630.9,630.1,616.5,622.1,618.3,610.0,628.4,628.2,604.6,633.3,859.1,541.0,0.7,26.9
2025-04-23 17:29:35,630.7,629.7,616.0,621.5,617.8,609.6,627.7,627.3,604.0,633.1,859.3,541.1,0.8,26.9
2025-04-23 17:29:40,630.4,629.2,615.9,621.2,617.5,609.6,627.4,627.2,604.1,633.2,858.5,541.1,1.0,26.9
2025-04-23 17:29:45,630.3,629.3,616.0,621.3,617.4,609.2,627.5,627.2,603.8,632.7,859.1,540.6,1.1,26.9
2025-04-23 17:29:50,629.9,629.6,615.6,621.0,617.3,609.0,627.4,627.1,603.3,632.7,858.5,540.4,1.0,26.9
2025-04-23 17:29:55,629.7,629.1,615.2,620.7,617.0,608.6,627.5,626.9,603.4,632.6,858.2,539.9,0.8,26.9
2025-04-23 17:30:00,629.4,629.0,615.1,620.6,617.1,608.4,627.5,625.8,602.9,632.4,859.6,539.9,0.8,26.9
2025-04-23 17:30:05,628.9,628.6,615.0,620.9,616.8,607.5,627.4,625.4,602.4,632.1,859.1,539.7,1.2,26.9
2025-04-23 17:30:10,628.8,628.6,614.9,620.8,616.8,607.0,627.4,625.4,602.0,632.1,858.9,539.9,1.4,26.9
2025-04-23 17:30:15,628.7,628.7,615.2,620.6,616.7,606.9,627.2,625.0,602.0,631.6,859.6,539.5,1.8,26.9
2025-04-23 17:30:20,628.5,628.4,615.2,619.0,616.6,606.8,626.6,624.9,601.6,631.4,859.9,539.6,1.6,26.9
2025-04-23 17:30:25,627.9,628.7,615.2,618.6,616.0,606.5,626.1,624.8,601.3,631.8,859.5,539.1,1.6,26.9
2025-04-23 17:30:30,627.7,628.3,614.7,618.5,615.8,606.5,626.0,624.2,601.0,631.5,859.6,539.5,1.8,26.9
2025-04-23 17:30:35,627.6,627.5,614.7,618.5,615.6,606.3,625.5,624.1,600.8,631.4,859.9,540.0,1.8,26.9
2025-04-23 17:30:40,627.2,627.9,613.9,618.7,615.6,605.6,625.2,624.3,600.3,631.1,859.3,539.9,1.6,26.9
2025-04-23 17:30:45,626.9,627.5,613.6,618.9,615.4,605.4,625.3,624.0,600.4,630.5,858.8,538.8,1.7,26.9
2025-04-23 17:30:50,626.9,627.1,613.3,618.8,615.3,605.4,624.9,623.6,600.2,630.5,859.0,538.5,1.5,26.8
2025-04-23 17:30:55,626.6,626.9,612.7,619.3,615.2,605.1,624.7,623.9,600.2,630.3,859.7,538.3,1.3,26.8
2025-04-23 17:31:00,626.6,627.3,612.9,619.2,615.0,604.8,624.4,623.5,599.6,630.1,859.8,538.4,1.1,26.8
2025-04-23 17:31:05,625.9,627.2,612.7,618.4,614.8,604.8,624.0,623.1,599.5,630.1,859.4,537.8,1.0,26.8
2025-04-23 17:31:10,625.6,626.0,612.3,618.0,614.7,604.2,623.4,623.0,599.2,630.0,859.5,537.5,0.9,26.8
2025-04-23 17:31:15,625.3,625.6,612.1,617.4,614.6,604.2,623.4,622.6,598.9,630.0,859.6,537.4,0.7,26.8
2025-04-23 17:31:20,624.8,625.2,611.8,617.3,614.3,604.1,623.3,622.9,598.5,629.6,859.7,537.5,0.9,26.8
2025-04-23 17:31:25,624.4,625.0,611.2,616.9,613.8,603.7,623.0,622.5,598.2,629.1,859.8,537.1,1.4,26.7
2025-04-23 17:31:30,624.1,625.2,611.3,616.8,613.3,604.0,623.0,622.5,598.4,629.2,859.6,536.7,1.4,26.7
2025-04-23 17:31:35,624.3,624.9,611.5,616.5,613.3,603.5,622.7,622.1,598.5,629.0,859.8,536.3,1.4,26.7
2025-04-23 17:31:40,624.3,624.6,611.4,615.9,612.9,603.2,622.5,621.5,598.4,628.7,859.5,535.6,1.3,26.7
2025-04-23 17:31:45,623.2,624.1,610.7,616.0,612.8,602.3,621.9,621.2,597.9,628.4,860.0,535.1,1.3,26.7
2025-04-23 17:31:50,623.4,624.0,610.7,616.0,612.5,601.8,621.4,620.9,597.7,628.2,859.4,535.0,1.4,26.7
2025-04-23 17:31:55,623.0,623.9,610.3,615.4,612.1,602.4,621.7,621.7,597.7,627.3,858.6,534.3,1.3,26.7
2025-04-23 17:32:00,623.2,624.0,610.2,615.1,612.1,602.5,621.8,621.7,597.6,627.1,858.7,534.4,1.4,26.7
2025-04-23 17:32:05,623.3,623.9,609.8,614.8,611.8,601.6,622.1,621.7,597.8,627.0,858.9,534.2,1.3,26.7
2025-04-23 17:32:10,623.0,624.0,610.4,614.8,611.6,600.4,621.7,621.1,597.3,626.8,859.0,533.3,1.2,26.7
2025-04-23 17:32:15,622.9,624.1,610.2,614.3,611.3,600.5,621.6,621.2,596.4,626.5,858.7,532.9,0.9,26.6
2025-04-23 17:32:20,622.9,623.4,609.7,613.9,611.3,600.9,621.5,621.5,596.6,626.3,858.5,532.5,0.9,26.6
2025-04-23 17:32:25,622.9,622.6,609.6,613.7,611.1,601.0,620.5,621.0,596.5,626.0,858.3,532.2,0.7,26.6
2025-04-23 17:32:30,622.6,622.2,609.0,613.7,611.3,600.7,621.2,621.3,596.3,625.9,858.4,531.9,0.6,26.6
2025-04-23 17:32:35,622.6,621.8,608.9,614.0,611.2,600.6,621.3,621.2,596.2,625.5,858.3,531.5,0.6,26.6
2025-04-23 17:32:40,622.2,621.7,608.7,614.2,611.0,600.7,620.9,621.0,596.0,625.3,858.3,531.3,0.5,26.6
2025-04-23 17:32:45,622.3,621.5,608.7,614.2,611.5,600.6,620.9,620.3,595.2,624.7,857.9,531.1,0.4,26.6
2025-04-23 17:32:50,621.4,621.7,608.1,613.3,611.5,599.7,620.5,620.7,595.3,624.6,858.3,531.0,0.4,26.6
2025-04-23 17:32:55,621.1,621.3,608.5,613.3,610.9,599.5,620.5,619.9,594.8,624.3,858.0,530.9,0.4,26.6
2025-04-23 17:33:00,621.0,621.3,608.8,613.1,611.3,599.4,620.2,619.1,594.4,624.4,857.8,530.7,0.4,26.6
2025-04-23 17:33:05,620.6,621.0,609.0,613.2,611.5,600.1,620.1,619.3,594.4,623.6,857.8,530.7,0.5,26.6
2025-04-23 17:33:10,620.7,620.5,608.8,613.4,611.4,600.1,619.6,619.1,594.4,623.5,858.0,530.4,0.5,26.6
2025-04-23 17:33:15,620.5,620.1,608.6,613.1,610.7,599.7,618.8,619.6,594.3,623.3,858.0,530.3,0.4,26.6
2025-04-23 17:33:20,619.9,620.1,608.6,612.4,610.2,599.4,618.8,619.5,593.7,623.3,858.3,529.5,0.5,26.7
2025-04-23 17:33:25,619.5,620.1,608.7,612.2,609.9,599.5,618.9,619.4,593.7,623.1,858.1,529.1,1.2,26.7
2025-04-23 17:33:30,619.2,620.2,608.6,611.4,609.2,599.8,618.0,618.6,593.2,623.0,858.2,528.1,1.3,26.6
2025-04-23 17:33:35,618.3,619.7,608.6,610.7,608.6,599.4,617.7,618.3,593.3,622.9,858.1,528.3,1.4,26.6
2025-04-23 17:33:40,618.8,619.8,608.3,610.5,608.3,598.7,617.2,617.9,593.7,622.5,857.9,528.2,1.0,26.5
2025-04-23 17:33:45,618.7,619.8,608.0,610.1,608.4,598.5,616.9,618.0,593.7,622.3,857.9,528.0,1.0,26.5
2025-04-23 17:33:50,618.4,619.2,607.3,610.1,608.2,598.6,616.6,617.8,593.2,621.9,857.9,527.2,1.0,26.5
2025-04-23 17:33:55,617.7,619.0,606.5,609.8,607.2,598.1,615.5,617.4,592.7,621.8,857.7,526.6,1.0,26.5
2025-04-23 17:34:00,617.5,619.1,606.4,610.1,607.0,598.6,615.3,617.2,591.7,621.6,857.7,526.2,0.9,26.5
2025-04-23 17:34:05,617.4,618.9,605.8,610.2,606.6,598.7,615.2,617.5,591.0,621.1,857.6,526.0,0.8,26.5
2025-04-23 17:34:10,616.9,618.4,605.9,610.2,606.3,598.2,614.8,617.2,590.9,621.1,857.9,525.5,0.7,26.5
2025-04-23 17:34:15,616.8,618.2,606.1,609.4,606.1,597.7,614.6,616.5,590.5,620.7,857.9,524.9,0.7,26.5
2025-04-23 17:34:20,616.7,617.7,606.0,609.3,605.5,597.1,613.9,616.1,590.1,620.4,857.8,524.3,0.6,26.5
2025-04-23 17:34:25,616.7,617.7,605.8,608.7,605.2,596.8,613.7,615.9,589.8,620.0,857.3,523.9,0.5,26.5
2025-04-23 17:34:30,616.5,618.1,604.8,608.5,606.0,596.2,613.7,615.4,589.8,619.6,856.9,523.3,0.5,26.5
2025-04-23 17:34:35,616.0,618.3,604.7,608.1,605.3,595.5,613.9,615.1,589.2,619.3,856.9,523.2,0.6,26.5
2025-04-23 17:34:40,615.8,618.3,604.7,607.9,604.6,595.3,613.6,614.5,589.2,619.3,857.0,523.3,0.7,26.5
2025-04-23 17:34:45,615.7,617.4,604.9,607.8,604.1,595.3,613.1,614.4,589.0,618.8,856.7,523.1,0.8,26.5
2025-04-23 17:34:50,615.6,617.5,604.7,606.3,603.2,595.0,613.3,614.4,588.4,618.6,856.8,523.4,0.8,26.5
2025-04-23 17:34:55,615.1,617.2,603.8,606.7,603.0,594.6,612.7,613.5,588.3,618.2,856.5,523.4,1.0,26.4
2025-04-23 17:35:00,614.9,617.1,603.1,607.0,602.3,595.1,611.6,614.3,587.5,617.7,856.6,523.0,0.9,26.4
2025-04-23 17:35:05,614.8,617.0,603.2,607.3,602.0,595.0,611.6,614.9,587.7,617.6,856.6,522.6,0.8,26.4
2025-04-23 17:35:10,614.3,616.8,602.9,607.6,602.4,595.0,611.8,614.9,587.8,617.1,856.7,521.8,0.6,26.4
2025-04-23 17:35:15,614.3,616.2,602.5,607.3,601.5,594.9,611.6,614.7,587.8,616.9,856.7,522.1,0.7,26.4
2025-04-23 17:35:20,614.1,616.8,602.0,606.9,600.6,594.8,611.0,614.1,587.6,616.9,856.5,522.4,0.7,26.4
2025-04-23 17:35:25,614.0,615.8,601.7,606.4,600.4,594.4,611.1,613.5,587.2,616.2,856.1,521.3,0.6,26.4
2025-04-23 17:35:30,613.4,616.0,600.8,606.1,600.3,594.3,610.8,612.7,586.8,615.9,855.8,521.1,0.8,26.4
2025-04-23 17:35:35,613.2,616.6,600.7,606.1,599.8,594.2,610.3,612.6,586.8,615.6,855.8,520.6,0.7,26.4
2025-04-23 17:35:40,612.5,616.4,600.3,605.8,599.8,593.9,609.8,611.7,586.6,615.1,855.4,520.0,0.5,26.4
2025-04-23 17:35:45,612.5,615.4,599.7,605.0,599.1,593.4,609.7,611.7,586.3,614.8,855.0,518.1,0.4,26.4
2025-04-23 17:35:50,612.2,613.4,599.6,604.7,598.9,593.4,609.2,611.3,585.6,614.3,854.7,517.8,0.3,26.4
2025-04-23 17:35:55,612.0,612.1,598.9,604.3,598.8,592.7,608.9,610.7,585.1,614.0,854.6,517.6,0.2,26.4
2025-04-23 17:36:00,611.9,611.9,598.6,603.8,598.1,591.8,608.5,610.3,585.0,613.9,855.3,516.7,0.1,26.4
2025-04-23 17:36:05,611.5,611.6,598.3,603.5,597.7,586.1,607.7,610.0,584.2,613.4,854.4,516.5,0.1,26.4
2025-04-23 17:36:10,610.9,612.0,598.0,603.2,597.5,590.2,607.4,609.5,583.9,613.2,853.6,516.7,0.0,26.4
2025-04-23 17:36:15,610.5,611.4,598.2,602.4,597.5,590.0,606.8,609.0,583.5,613.0,854.0,516.5,0.0,26.4
2025-04-23 17:36:20,609.9,611.3,597.6,602.3,597.2,590.1,606.4,608.0,583.2,612.8,853.9,516.2,0.0,26.4
2025-04-23 17:36:25,609.8,611.2,597.3,602.0,597.0,589.7,606.6,607.7,583.0,612.2,853.3,515.5,0.1,26.4
2025-04-23 17:36:30,610.3,610.9,597.4,600.9,595.9,589.1,606.0,607.1,582.8,612.1,853.0,515.4,0.1,26.4
2025-04-23 17:36:35,609.9,610.5,596.6,601.3,595.6,588.5,605.4,607.1,582.4,611.9,853.7,515.0,0.1,26.4
2025-04-23 17:36:40,609.5,610.1,596.3,600.5,595.1,587.9,605.4,606.8,581.8,611.5,852.7,515.4,0.4,26.4
2025-04-23 17:36:45,608.7,610.0,596.3,600.0,595.1,587.8,605.4,606.9,581.9,611.1,852.8,515.0,0.5,26.5
2025-04-23 17:36:50,608.7,609.7,596.2,600.1,594.9,587.7,605.1,606.8,581.9,611.0,852.8,514.9,0.5,26.5
2025-04-23 17:36:55,608.4,609.3,595.5,600.0,594.6,587.2,604.9,606.6,581.5,610.7,853.0,515.0,0.4,26.5
2025-04-23 17:37:00,607.9,608.6,595.3,599.6,594.7,586.5,604.9,606.2,581.4,610.0,852.7,514.7,0.4,26.5
2025-04-23 17:37:05,607.5,608.2,595.3,599.2,594.8,586.3,604.6,606.2,581.6,610.1,852.7,513.9,0.4,26.6
2025-04-23 17:37:10,607.0,607.9,594.6,599.0,594.2,586.4,604.1,605.5,581.3,610.0,851.6,513.7,0.3,26.6
2025-04-23 17:37:15,606.4,607.8,594.7,599.2,593.7,587.7,603.4,605.0,580.2,609.6,852.2,512.2,0.3,26.6
2025-04-23 17:37:20,606.2,607.3,594.4,598.5,593.5,587.1,603.3,605.2,579.8,609.4,852.3,512.6,0.2,26.6
2025-04-23 17:37:25,605.5,606.3,593.7,599.0,593.4,586.7,602.7,604.4,579.3,608.4,851.3,512.0,0.1,26.6
2025-04-23 17:37:30,605.3,605.6,593.0,598.5,592.9,586.5,602.5,603.9,579.4,608.4,851.6,511.8,0.1,26.6
2025-04-23 17:37:35,604.8,605.7,592.4,598.1,592.8,586.3,602.5,603.6,578.9,608.2,851.6,511.3,0.0,26.6
2025-04-23 17:37:40,604.7,605.4,592.5,597.8,592.7,586.3,602.3,603.5,578.5,607.3,851.3,511.3,0.1,26.6
2025-04-23 17:37:45,604.4,605.2,592.1,596.4,592.6,586.0,602.3,603.8,578.4,607.6,850.5,510.8,0.1,26.6
2025-04-23 17:37:50,604.5,604.6,591.7,596.2,592.3,586.2,602.0,603.0,578.0,607.1,850.9,510.7,0.0,26.6
2025-04-23 17:37:55,604.1,604.4,591.7,595.8,592.4,585.9,601.8,602.9,577.6,607.2,851.0,510.9,0.0,26.6
2025-04-23 17:38:00,603.8,604.0,591.3,595.7,592.0,585.7,601.6,602.8,577.4,606.5,850.8,510.0,0.0,26.6
2025-04-23 17:38:05,603.3,603.6,591.0,595.7,591.8,585.6,601.5,602.8,577.3,607.0,851.2,509.6,0.0,26.6
2025-04-23 17:38:10,603.1,603.0,590.8,595.6,592.0,584.8,601.8,602.6,577.1,606.4,850.2,509.3,0.0,26.7
2025-04-23 17:38:15,603.1,602.2,590.5,595.0,591.4,584.5,601.4,601.8,576.9,606.1,850.3,509.0,0.0,26.7
2025-04-23 17:38:20,602.4,602.2,590.4,594.7,591.5,584.3,601.1,600.9,576.5,606.3,851.1,508.8,0.0,26.7
2025-04-23 17:38:25,602.5,601.9,589.7,593.5,591.3,584.3,600.2,601.3,576.4,605.9,851.1,508.7,0.2,26.7
2025-04-23 17:38:30,601.7,601.9,589.6,594.0,590.9,583.8,600.0,600.8,576.1,606.4,851.5,508.6,0.6,26.8
2025-04-23 17:38:35,601.7,601.7,589.1,593.6,591.2,583.1,600.3,600.5,575.7,605.9,851.3,508.6,0.6,26.8
2025-04-23 17:38:40,601.7,602.0,588.6,592.3,590.7,581.3,600.0,600.7,575.7,604.7,850.8,508.8,0.6,26.8
2025-04-23 17:38:45,601.5,600.8,588.3,592.0,590.4,581.7,599.9,600.2,575.6,604.8,850.9,508.8,0.6,26.8
2025-04-23 17:38:50,601.4,600.8,588.1,591.5,590.0,581.3,600.0,600.5,575.2,604.5,851.1,508.7,0.5,26.8
2025-04-23 17:38:55,601.0,600.3,588.0,591.4,589.7,580.8,599.6,600.4,574.9,603.8,850.9,508.2,0.5,26.8
2025-04-23 17:39:00,600.7,599.7,587.7,591.2,589.1,581.3,599.4,600.1,574.9,603.7,850.1,507.6,0.6,26.8
2025-04-23 17:39:05,600.3,599.1,587.8,590.6,589.5,580.8,599.0,599.8,574.5,603.8,850.1,507.2,0.7,26.9
2025-04-23 17:39:10,600.2,598.8,587.8,590.2,588.8,581.0,599.1,599.3,574.6,603.6,849.9,507.1,0.7,26.9
2025-04-23 17:39:15,599.6,598.6,587.5,590.2,588.7,580.9,599.0,599.0,574.2,602.4,849.6,506.2,0.5,26.9
2025-04-23 17:39:20,599.4,598.4,587.3,589.7,588.7,580.4,598.4,598.8,574.1,602.4,850.0,505.6,0.5,26.9
2025-04-23 17:39:25,599.0,598.4,587.4,589.6,588.4,581.0,597.9,598.6,574.1,602.2,850.0,505.3,0.5,26.9
2025-04-23 17:39:30,598.7,598.2,587.4,589.5,588.4,580.4,597.6,598.5,574.0,602.1,849.1,505.3,0.6,26.9
2025-04-23 17:39:35,598.6,598.1,587.1,589.2,588.4,580.3,597.4,598.3,573.4,601.8,850.1,504.9,0.5,26.9
2025-04-23 17:39:40,598.6,597.7,587.1,589.3,587.9,579.6,597.3,598.6,573.4,601.4,849.5,504.9,0.5,26.9
2025-04-23 17:39:45,598.9,597.7,587.0,588.9,588.0,579.4,597.3,598.9,572.9,601.2,849.8,504.2,0.3,26.9
2025-04-23 17:39:50,598.1,597.4,587.2,588.8,589.1,579.5,597.3,598.3,573.1,601.3,850.1,503.8,0.3,26.9
2025-04-23 17:39:55,597.8,597.5,587.4,588.5,588.9,579.0,596.9,597.9,572.7,601.1,849.9,503.5,0.4,26.9
2025-04-23 17:40:00,597.7,597.2,587.0,588.0,587.5,578.6,596.7,598.2,572.1,601.0,849.8,503.6,0.6,26.9
2025-04-23 17:40:05,597.9,596.7,586.3,587.8,587.7,578.6,596.9,598.0,571.9,601.0,849.4,503.5,0.9,26.9
2025-04-23 17:40:10,597.8,596.8,585.4,587.0,587.2,578.6,596.4,597.8,571.6,600.5,849.5,503.1,1.2,26.9
2025-04-23 17:40:15,598.2,596.8,585.3,586.9,586.5,577.8,596.2,597.4,571.2,599.9,849.5,502.9,1.2,26.9
2025-04-23 17:40:20,598.1,596.7,585.1,586.9,586.3,577.5,596.0,597.5,571.0,599.6,848.9,502.4,1.0,26.9
2025-04-23 17:40:25,597.2,596.2,585.3,587.2,586.2,577.2,595.8,597.0,570.7,599.5,849.7,501.6,1.4,26.9
2025-04-23 17:40:30,596.6,595.7,584.5,586.9,586.5,577.3,595.7,596.3,570.5,599.1,849.3,501.1,2.5,26.9
2025-04-23 17:40:35,596.3,595.6,584.4,586.3,586.4,577.2,595.3,595.7,570.4,598.7,848.7,500.5,2.6,26.9
2025-04-23 17:40:40,596.0,595.5,583.9,585.6,586.3,577.4,594.9,595.2,569.9,598.3,848.7,501.1,2.2,26.8
2025-04-23 17:40:45,595.9,595.5,583.9,585.7,586.1,577.7,594.5,594.7,570.2,598.2,848.6,501.2,2.1,26.8
2025-04-23 17:40:50,595.4,594.6,583.2,586.2,585.3,577.6,593.7,594.7,570.3,597.9,848.3,501.7,1.8,26.8
2025-04-23 17:40:55,595.2,594.7,582.8,586.5,584.5,577.8,593.7,594.4,570.0,597.6,848.5,501.4,1.8,26.8
2025-04-23 17:41:00,595.0,594.3,582.9,586.5,584.0,577.3,594.1,594.6,569.8,597.4,848.0,500.8,1.8,26.8
2025-04-23 17:41:05,594.6,594.0,582.9,586.3,583.0,576.7,593.3,594.4,568.7,596.9,848.1,499.5,1.9,26.7
2025-04-23 17:41:10,594.7,594.2,582.2,586.3,582.9,576.6,592.9,593.6,568.7,596.8,847.7,499.5,2.0,26.8
2025-04-23 17:41:15,595.7,593.6,581.3,585.7,582.5,576.4,593.1,593.3,567.8,595.9,847.2,498.4,1.9,26.8
2025-04-23 17:41:20,595.1,593.7,581.0,585.6,582.2,576.0,593.2,593.1,567.6,595.6,847.1,498.0,1.6,26.8
2025-04-23 17:41:25,594.4,593.6,581.0,585.6,582.1,575.7,592.8,592.6,567.0,595.4,846.5,496.5,1.2,26.7
2025-04-23 17:41:30,593.9,593.4,580.2,584.3,581.6,575.4,592.6,591.8,566.3,594.9,846.7,496.0,1.2,26.7
2025-04-23 17:41:35,593.2,593.6,579.8,584.2,581.9,574.9,591.4,591.7,566.2,594.8,846.7,495.8,1.2,26.7
2025-04-23 17:41:40,592.1,593.5,579.2,583.9,581.5,574.8,591.2,591.6,566.1,594.4,846.4,495.9,1.1,26.7
2025-04-23 17:41:45,591.9,593.0,578.7,583.8,580.9,574.7,590.2,591.2,565.7,594.0,846.0,495.5,1.1,26.7
2025-04-23 17:41:50,591.8,592.5,578.2,583.5,581.1,574.9,589.3,591.3,565.3,593.5,846.1,495.4,1.0,26.7
2025-04-23 17:41:55,591.5,592.1,578.0,583.5,581.2,575.3,589.5,590.5,564.8,593.5,845.8,494.7,0.8,26.7
2025-04-23 17:42:00,591.6,592.0,577.9,583.0,580.8,575.2,589.2,590.4,564.4,593.3,845.5,494.1,0.7,26.7
2025-04-23 17:42:05,591.7,591.7,577.8,582.8,580.3,575.2,589.4,590.2,564.5,592.6,845.7,494.0,0.6,26.7
2025-04-23 17:42:10,591.3,592.0,577.6,582.8,580.0,575.2,589.1,590.0,564.5,592.4,846.0,494.1,0.5,26.7
2025-04-23 17:42:15,591.0,592.2,577.2,582.6,579.6,575.3,588.9,590.0,564.5,592.3,845.6,494.0,0.5,26.7
2025-04-23 17:42:20,590.8,591.3,577.3,583.2,579.2,575.4,589.0,590.2,564.6,592.4,845.6,493.8,0.6,26.7
2025-04-23 17:42:25,590.6,591.0,578.4,583.1,579.4,574.8,589.0,590.1,564.8,592.3,845.9,492.8,0.7,26.7
2025-04-23 17:42:30,590.4,591.1,578.0,582.9,579.5,574.9,589.2,591.1,565.9,592.4,846.3,493.3,0.7,26.7
2025-04-23 17:42:35,590.1,590.8,578.3,582.5,579.4,572.0,588.6,591.5,565.2,592.2,846.5,493.2,1.0,26.7
2025-04-23 17:42:40,590.3,590.4,577.7,582.4,579.3,572.3,588.5,591.7,565.3,591.9,845.8,493.1,1.1,26.7
2025-04-23 17:42:45,590.0,590.2,577.2,582.0,579.6,572.8,588.4,590.9,564.9,591.5,845.6,492.4,1.4,26.6
2025-04-23 17:42:50,589.6,589.4,578.0,581.8,579.2,573.2,588.4,590.3,564.6,591.1,845.9,492.2,1.8,26.6
2025-04-23 17:42:55,589.2,589.1,578.1,581.4,578.7,573.2,588.4,590.0,564.4,591.2,846.0,492.1,1.6,26.6
2025-04-23 17:43:00,589.3,589.1,578.2,581.8,579.0,573.0,588.1,590.1,564.0,590.7,845.8,491.6,1.9,26.6
2025-04-23 17:43:05,588.9,589.3,577.5,581.7,578.6,573.4,587.9,589.9,563.9,590.6,845.6,490.8,1.6,26.6
2025-04-23 17:43:10,588.4,588.6,576.7,581.4,578.0,573.0,587.6,589.9,563.3,590.5,845.6,490.1,1.4,26.5
2025-04-23 17:43:15,588.0,588.9,576.2,580.7,577.5,572.8,587.6,589.0,562.4,590.3,845.5,489.8,1.1,26.5
2025-04-23 17:43:20,588.0,589.4,576.1,580.6,577.3,572.3,587.1,588.6,561.9,590.2,845.5,489.7,1.1,26.5
2025-04-23 17:43:25,588.3,588.6,575.8,580.5,577.1,571.9,586.7,588.4,561.6,589.9,845.4,489.2,1.0,26.5
2025-04-23 17:43:30,588.1,588.5,575.6,580.2,576.9,571.2,586.5,588.1,561.4,589.4,844.9,489.0,1.0,26.5
2025-04-23 17:43:35,587.7,588.2,574.8,580.3,576.4,570.6,586.1,588.0,560.9,589.3,844.8,489.3,0.8,26.5
2025-04-23 17:43:40,587.3,587.7,574.8,580.0,576.1,570.5,586.2,587.3,560.6,588.9,844.6,489.7,0.8,26.5
2025-04-23 17:43:45,586.9,587.5,573.7,580.0,575.9,570.4,586.1,586.8,560.3,588.7,844.6,489.6,0.7,26.5
2025-04-23 17:43:50,586.5,587.3,574.2,580.3,575.5,570.3,586.0,586.7,560.3,588.6,844.6,488.3,0.6,26.5
2025-04-23 17:43:55,586.5,586.5,574.2,579.6,575.0,570.0,586.0,585.8,559.9,588.2,844.3,488.7,0.5,26.5
2025-04-23 17:44:00,586.0,586.3,574.4,579.0,574.5,570.1,585.1,585.8,559.9,588.1,844.2,488.6,0.9,26.5
2025-04-23 17:44:05,585.7,585.9,574.1,578.8,574.7,569.6,585.1,585.9,560.0,587.6,844.4,487.6,1.4,26.4
2025-04-23 17:44:10,585.3,585.7,573.9,579.3,574.6,569.5,584.6,585.8,559.9,587.4,843.9,486.8,1.5,26.4
2025-04-23 17:44:15,584.9,585.2,573.2,578.8,574.4,569.3,584.5,585.6,559.3,587.0,843.7,486.8,1.5,26.5
2025-04-23 17:44:20,584.7,584.9,572.2,578.8,573.9,569.2,584.3,585.0,558.9,586.7,843.6,486.7,1.2,26.4
2025-04-23 17:44:25,584.2,584.8,572.0,578.7,573.6,568.8,583.9,584.6,558.8,586.5,843.6,486.7,1.2,26.4
2025-04-23 17:44:30,583.9,584.6,572.1,578.7,573.5,568.8,583.8,584.4,558.5,586.1,843.0,485.4,1.1,26.4
2025-04-23 17:44:35,583.5,584.2,571.7,578.0,573.2,568.5,583.9,583.9,557.9,586.0,843.1,484.7,1.2,26.4
2025-04-23 17:44:40,583.2,584.2,571.4,577.5,571.9,568.4,583.3,583.7,557.5,585.6,842.6,484.5,1.1,26.4
2025-04-23 17:44:45,583.0,584.4,571.2,576.9,572.3,568.8,583.2,583.6,556.9,585.1,842.7,484.2,0.9,26.4
2025-04-23 17:44:50,582.9,584.2,570.6,576.6,572.4,568.2,583.0,583.2,556.5,584.8,842.5,483.4,0.9,26.4
2025-04-23 17:44:55,582.6,583.7,570.5,576.6,572.0,567.9,582.7,583.1,556.2,584.8,842.2,483.0,0.9,26.4
2025-04-23 17:45:00,582.3,583.1,570.8,575.9,571.1,567.9,582.3,583.1,555.8,584.2,841.5,483.5,1.0,26.4
2025-04-23 17:45:05,581.9,583.4,570.6,575.4,571.0,568.1,582.2,582.5,555.8,583.9,841.6,483.3,1.0,26.4
2025-04-23 17:45:10,581.5,583.0,570.6,575.8,570.5,568.0,582.0,582.4,555.3,583.7,841.2,483.1,1.0,26.4
2025-04-23 17:45:15,580.9,582.5,570.1,575.4,570.2,567.9,581.9,582.2,555.1,583.3,841.3,481.7,1.2,26.4
2025-04-23 17:45:20,580.3,582.8,569.7,575.2,570.0,567.3,581.7,581.9,555.0,582.9,841.0,481.5,1.4,26.4
2025-04-23 17:45:25,580.6,582.5,568.9,574.5,570.3,567.1,581.2,581.8,554.8,582.6,840.7,481.6,1.5,26.4
2025-04-23 17:45:30,580.6,582.3,569.1,574.2,570.0,566.7,580.4,581.8,554.7,582.3,840.5,481.4,1.7,26.4
2025-04-23 17:45:35,580.3,582.2,569.3,573.5,569.7,566.4,580.3,581.6,554.5,582.0,840.3,480.9,1.9,26.4
2025-04-23 17:45:40,580.2,581.4,568.8,573.4,569.5,565.9,580.5,581.2,555.0,581.2,839.7,480.4,1.5,26.4
2025-04-23 17:45:45,579.8,580.7,568.6,573.3,569.8,565.7,580.3,580.9,554.1,581.2,839.7,480.4,1.3,26.4
2025-04-23 17:45:50,579.5,580.1,568.5,573.1,569.8,565.1,580.1,580.5,553.8,580.5,839.4,480.0,1.2,26.4
2025-04-23 17:45:55,579.4,580.5,568.5,572.7,569.7,564.9,579.4,579.7,553.7,580.3,839.0,479.5,1.1,26.4
2025-04-23 17:46:00,579.1,580.9,568.3,572.6,569.4,564.9,579.1,579.5,553.5,580.0,838.8,479.3,1.3,26.4
2025-04-23 17:46:05,578.6,579.9,568.0,572.0,568.6,564.1,578.6,579.3,552.6,579.7,838.6,479.0,1.6,26.4
2025-04-23 17:46:10,578.3,579.2,567.9,571.4,568.2,564.3,578.2,579.1,552.4,579.3,838.4,478.9,1.8,26.4
2025-04-23 17:46:15,578.3,579.1,567.5,571.0,568.0,563.9,577.9,578.3,551.7,579.2,838.5,478.2,1.5,26.4
2025-04-23 17:46:20,577.9,578.5,567.3,570.8,567.2,563.5,577.6,578.1,551.3,578.8,837.9,477.6,1.4,26.4
2025-04-23 17:46:25,577.1,578.0,567.1,570.4,567.1,563.3,577.6,577.7,551.4,578.4,837.9,477.5,1.3,26.4
2025-04-23 17:46:30,577.0,577.0,566.2,570.2,567.1,562.9,577.3,577.6,551.2,578.3,837.6,477.3,1.4,26.3
2025-04-23 17:46:35,577.1,577.3,566.2,570.0,566.9,562.7,576.8,577.6,550.9,578.1,837.5,476.5,1.4,26.3
2025-04-23 17:46:40,576.5,577.5,565.9,569.9,566.5,562.9,576.1,577.0,550.3,578.1,837.3,476.3,1.1,26.3
2025-04-23 17:46:45,576.6,576.4,565.5,569.3,566.1,563.0,576.1,577.1,550.4,578.1,837.1,475.8,0.9,26.3
2025-04-23 17:46:50,576.6,576.1,564.9,569.1,565.7,562.2,575.9,576.8,550.1,577.9,837.0,475.9,0.8,26.3
2025-04-23 17:46:55,576.5,575.8,564.7,569.1,565.3,561.9,576.2,576.3,549.8,577.4,837.0,475.2,0.8,26.3
2025-04-23 17:47:00,576.3,575.6,564.6,568.7,565.2,561.9,575.9,576.2,549.6,577.6,837.2,474.9,0.7,26.3
2025-04-23 17:47:05,575.7,575.4,563.9,568.3,565.1,561.8,575.5,576.0,549.5,577.4,836.9,474.2,0.6,26.3
2025-04-23 17:47:10,575.2,575.0,563.4,568.1,564.7,561.6,575.5,575.5,548.9,577.1,836.9,473.8,1.0,26.3
2025-04-23 17:47:15,574.9,574.0,562.9,567.9,564.4,561.3,575.2,575.2,548.6,576.9,836.5,473.9,1.1,26.3
2025-04-23 17:47:20,574.2,574.8,562.9,567.5,564.1,561.1,575.2,575.3,548.4,576.8,836.6,473.5,1.2,26.3
2025-04-23 17:47:25,573.7,574.5,562.8,566.8,564.4,560.9,574.2,575.1,548.4,576.6,836.6,473.1,1.4,26.3
2025-04-23 17:47:30,573.4,574.2,562.5,566.8,564.5,560.8,574.4,575.0,547.9,576.1,836.1,472.6,1.1,26.3
2025-04-23 17:47:35,573.3,573.4,562.2,566.3,563.8,560.3,573.5,574.6,547.6,575.8,836.4,472.2,1.0,26.3
2025-04-23 17:47:40,573.3,573.8,561.3,565.9,563.4,559.9,573.3,574.2,547.6,575.7,836.3,472.3,1.0,26.3
2025-04-23 17:47:45,573.1,573.9,561.2,566.0,563.2,559.4,572.9,573.6,547.2,575.5,836.2,472.5,1.1,26.3
2025-04-23 17:47:50,572.8,573.9,561.1,565.9,563.3,558.9,572.4,572.8,546.9,575.1,835.8,472.0,1.0,26.3
2025-04-23 17:47:55,572.4,574.3,561.2,565.8,562.4,558.6,572.3,573.1,546.7,575.0,836.1,471.8,0.9,26.3
2025-04-23 17:48:00,571.9,574.2,560.8,565.2,562.0,558.5,572.4,573.0,546.3,574.5,835.5,471.4,0.9,26.3
2025-04-23 17:48:05,571.8,574.0,560.9,565.0,561.7,558.1,572.2,572.7,546.1,574.2,835.6,471.0,0.8,26.3
2025-04-23 17:48:10,571.4,573.2,560.8,564.4,561.2,557.7,571.6,572.5,546.1,574.1,835.4,470.5,0.6,26.3
2025-04-23 17:48:15,570.8,572.4,560.6,564.5,560.9,557.2,571.5,571.6,545.0,573.4,835.2,470.2,0.5,26.3
2025-04-23 17:48:20,570.7,572.0,560.3,564.3,560.6,557.4,570.9,571.3,544.8,573.2,835.1,470.0,0.4,26.3
2025-04-23 17:48:25,570.8,571.8,559.6,564.1,560.3,557.4,570.5,571.2,544.4,573.0,834.9,469.6,0.6,26.3
2025-04-23 17:48:30,570.3,571.6,559.7,563.8,559.9,531.7,570.2,570.8,544.3,572.3,834.5,468.9,0.7,26.3
2025-04-23 17:48:35,570.3,571.5,559.8,563.4,559.9,517.5,570.0,570.6,544.3,572.2,834.5,468.5,0.8,26.3
2025-04-23 17:48:40,569.9,571.4,559.5,562.8,559.9,511.0,569.4,570.0,544.2,572.0,834.6,468.4,1.0,26.3
2025-04-23 17:48:45,569.7,570.8,559.2,562.6,559.5,517.0,569.4,570.1,544.1,571.9,834.8,468.3,1.0,26.2
2025-04-23 17:48:50,570.1,571.0,558.9,562.8,559.4,549.6,569.1,569.8,543.9,571.9,835.1,467.6,1.0,26.3
2025-04-23 17:48:55,570.1,570.9,558.5,562.8,558.8,553.9,569.0,569.3,543.2,571.4,834.7,467.5,1.3,26.3
2025-04-23 17:49:00,570.1,570.7,558.4,562.4,558.4,555.4,569.1,569.0,543.0,571.4,835.0,467.5,1.3,26.3
2025-04-23 17:49:05,570.2,571.8,557.7,562.4,558.2,553.5,569.3,568.9,542.4,571.2,835.2,467.4,1.3,26.3
2025-04-23 17:49:10,570.0,571.7,557.6,562.4,558.5,554.0,568.9,568.8,542.2,570.9,835.2,467.2,1.3,26.3
2025-04-23 17:49:15,569.1,571.7,557.5,562.1,558.4,554.4,568.6,569.0,542.3,570.5,835.1,466.7,1.0,26.3
2025-04-23 17:49:20,569.4,571.5,557.5,561.8,558.3,554.6,568.7,568.8,542.9,570.2,835.3,466.4,0.9,26.3
2025-04-23 17:49:25,569.0,571.1,557.4,561.5,557.8,554.9,568.9,568.7,543.1,569.9,835.4,466.4,0.7,26.3
2025-04-23 17:49:30,568.7,570.7,557.2,561.8,557.9,554.6,568.5,568.8,543.4,569.8,835.6,467.0,1.6,26.2
2025-04-23 17:49:35,568.6,570.5,557.4,561.5,557.7,554.6,568.3,568.9,543.5,569.6,835.5,467.3,2.0,26.2
2025-04-23 17:49:40,568.5,570.4,557.4,561.4,557.5,554.6,568.3,568.9,543.0,569.7,836.0,466.3,2.2,26.2
2025-04-23 17:49:45,568.0,569.8,557.1,561.6,557.8,555.3,568.3,569.0,543.1,569.7,836.1,465.7,2.7,26.2
2025-04-23 17:49:50,567.6,569.6,556.7,561.2,557.4,555.7,568.3,568.6,542.8,569.6,836.0,465.6,2.6,26.2
2025-04-23 17:49:55,567.2,569.2,556.5,560.9,557.2,554.6,568.3,568.4,542.6,569.4,836.1,465.2,2.8,26.2
2025-04-23 17:50:00,567.2,569.0,556.3,560.5,557.1,554.2,568.3,568.2,542.7,569.2,835.8,464.7,2.5,26.2
2025-04-23 17:50:05,566.9,569.0,556.0,559.6,557.4,553.3,568.1,567.8,542.6,569.1,835.7,464.4,2.1,26.2
2025-04-23 17:50:10,566.1,568.4,555.1,559.4,556.9,552.7,567.5,567.2,541.7,568.3,835.2,464.0,2.0,26.2
2025-04-23 17:50:15,565.6,567.9,555.1,559.5,556.7,552.3,567.4,566.7,541.6,568.1,835.3,463.8,2.0,26.2
2025-04-23 17:50:20,565.3,567.3,554.5,559.4,556.5,552.3,567.1,566.5,541.3,567.9,835.4,463.6,1.7,26.2
2025-04-23 17:50:25,564.9,567.2,554.4,558.8,556.4,552.1,566.5,566.4,540.8,567.7,835.4,463.1,1.4,26.2
2025-04-23 17:50:30,564.5,567.3,554.3,558.4,555.5,552.2,566.3,566.5,540.1,567.6,835.4,463.0,1.2,26.2
2025-04-23 17:50:35,564.3,567.5,554.4,557.7,555.5,551.9,566.3,566.6,540.0,567.2,835.0,462.7,1.0,26.2
2025-04-23 17:50:40,564.3,567.3,553.8,557.6,555.1,551.1,565.9,565.8,540.0,566.9,834.6,462.4,0.9,26.1
2025-04-23 17:50:45,564.2,566.8,553.5,557.5,555.1,550.9,565.5,565.5,540.0,566.9,834.8,461.8,0.8,26.1
2025-04-23 17:50:50,563.9,566.4,553.1,557.6,554.7,550.5,565.1,565.3,539.3,566.5,834.4,461.7,1.1,26.1
2025-04-23 17:50:55,563.7,565.8,553.2,557.4,554.4,550.5,564.9,564.6,539.6,566.5,834.5,461.0,1.1,26.1
2025-04-23 17:51:00,563.1,565.8,553.0,557.0,554.0,550.3,564.4,564.0,539.8,566.2,834.3,460.8,1.7,26.1
2025-04-23 17:51:05,563.1,565.4,553.1,556.6,553.5,550.1,564.1,563.6,539.4,566.2,834.0,460.1,1.9,26.1
2025-04-23 17:51:10,562.8,565.1,552.8,556.0,553.3,549.7,564.3,563.6,538.4,565.9,834.0,459.9,1.9,26.1
2025-04-23 17:51:15,562.5,565.3,551.9,555.7,552.8,548.9,564.1,563.3,538.5,565.9,834.1,459.3,2.2,26.1
2025-04-23 17:51:20,562.3,564.8,551.6,555.7,552.6,547.9,563.5,563.0,538.4,565.5,833.9,458.6,1.9,26.1
2025-04-23 17:51:25,562.3,564.7,551.2,555.2,552.8,547.6,563.4,562.8,538.1,564.8,833.2,458.2,1.8,26.1
2025-04-23 17:51:30,562.2,564.3,551.2,555.1,553.0,547.6,563.2,563.3,537.5,564.8,833.3,458.1,1.8,26.1
2025-04-23 17:51:35,562.1,564.3,550.9,555.1,552.8,547.2,562.7,562.9,537.0,564.7,833.5,458.4,1.6,26.1
2025-04-23 17:51:40,562.0,564.3,551.1,554.9,552.9,547.0,562.7,563.3,536.8,564.7,833.5,458.4,1.4,26.0
2025-04-23 17:51:45,562.0,564.1,550.9,555.2,552.5,546.9,562.3,562.9,536.5,564.4,833.7,458.3,1.3,26.0
2025-04-23 17:51:50,561.8,563.9,551.0,555.1,552.0,546.7,562.2,562.7,536.3,564.2,833.5,458.7,1.3,26.0
2025-04-23 17:51:55,561.1,563.6,550.2,554.8,551.6,546.6,561.9,562.5,536.4,564.0,833.4,458.2,1.6,26.0
2025-04-23 17:52:00,560.9,563.0,550.2,554.1,551.4,546.2,561.3,562.2,536.6,563.8,833.3,457.5,2.0,26.0
2025-04-23 17:52:05,560.7,562.7,550.1,553.7,551.2,546.1,561.3,562.2,536.3,563.6,833.8,456.8,2.0,26.0
2025-04-23 17:52:10,560.6,562.4,549.8,553.2,551.0,546.2,561.3,561.5,536.4,563.2,833.2,456.5,1.9,26.0
2025-04-23 17:52:15,560.4,562.4,549.5,553.1,550.6,545.8,561.2,561.0,536.2,562.9,833.4,456.2,1.8,26.0
2025-04-23 17:52:20,560.1,562.2,549.3,553.1,550.6,545.5,560.6,560.2,535.7,562.5,833.1,455.9,1.8,25.9
2025-04-23 17:52:25,559.6,562.1,549.0,552.8,550.2,545.3,560.8,560.1,535.4,562.2,832.8,455.2,1.7,25.9
2025-04-23 17:52:30,559.1,562.1,548.4,552.5,549.8,545.0,560.6,559.6,535.2,561.9,833.1,455.0,1.7,25.9
2025-04-23 17:52:35,559.0,562.0,548.1,552.3,549.4,544.5,560.3,559.5,534.5,561.8,832.7,454.5,1.6,25.9
2025-04-23 17:52:40,558.7,561.2,547.8,552.2,549.7,544.0,559.8,559.4,534.3,561.4,832.8,454.0,1.3,25.9
2025-04-23 17:52:45,558.6,560.9,547.2,551.8,549.2,543.8,559.2,559.1,533.6,560.9,832.7,453.5,1.1,25.9
2025-04-23 17:52:50,558.5,560.1,547.3,551.4,549.0,543.3,558.9,558.5,533.4,560.6,832.5,453.0,1.0,25.8
2025-04-23 17:52:55,558.9,559.8,547.3,551.3,548.7,542.6,558.8,558.5,532.9,560.3,832.3,452.5,0.8,25.8
2025-04-23 17:53:00,558.9,558.9,546.5,550.6,548.4,542.0,558.6,557.6,532.7,560.0,832.6,452.4,0.7,25.8
2025-04-23 17:53:05,558.5,558.5,546.1,550.0,547.9,542.3,558.5,557.8,532.5,559.8,832.3,452.7,0.6,25.8
2025-04-23 17:53:10,558.2,558.1,546.0,549.6,548.0,542.0,558.1,557.4,531.8,559.6,831.8,452.6,0.6,25.8
2025-04-23 17:53:15,557.5,558.5,545.9,549.4,547.3,541.6,557.4,557.2,531.6,559.2,831.9,452.0,0.4,25.8
2025-04-23 17:53:20,557.3,558.0,545.6,549.0,547.4,541.4,557.0,557.0,531.5,559.3,832.0,452.0,0.3,25.8
2025-04-23 17:53:25,556.9,558.3,546.0,548.8,547.1,541.0,556.6,556.4,531.3,559.3,832.3,451.2,0.2,25.7
2025-04-23 17:53:30,556.7,557.8,546.1,548.7,546.6,540.7,556.2,556.2,530.8,559.1,832.4,451.0,0.2,25.7
2025-04-23 17:53:35,556.4,557.4,545.5,548.8,546.5,540.8,556.0,556.1,530.6,558.5,831.7,450.6,0.2,25.7
2025-04-23 17:53:40,556.2,557.1,545.2,548.5,546.3,540.5,555.4,555.1,530.1,558.5,832.0,450.6,0.3,25.7
2025-04-23 17:53:45,556.4,556.6,544.5,548.2,545.8,540.5,555.4,555.1,530.0,558.5,832.3,450.3,0.4,25.7
2025-04-23 17:53:50,555.9,556.2,544.9,548.0,545.4,540.1,555.4,555.1,530.1,558.2,832.6,449.5,0.6,25.7
2025-04-23 17:53:55,555.6,555.7,544.8,547.6,545.5,539.7,555.4,555.1,529.9,558.0,832.1,448.9,0.7,25.7
2025-04-23 17:54:00,555.5,555.8,544.6,547.5,545.4,539.6,555.2,555.1,529.9,557.6,832.7,448.0,0.7,25.7
2025-04-23 17:54:05,555.2,555.3,544.3,546.7,545.2,539.2,554.6,554.9,529.8,557.4,832.2,447.4,0.8,25.7
2025-04-23 17:54:10,555.0,554.8,543.4,546.2,544.8,539.2,554.2,554.5,529.6,557.2,832.2,447.0,0.9,25.7
2025-04-23 17:54:15,555.1,554.8,543.4,546.0,544.2,539.1,554.0,554.3,529.1,556.9,832.4,446.7,0.8,25.7
2025-04-23 17:54:20,555.6,554.9,543.2,546.1,543.7,539.2,553.8,554.2,529.1,556.6,831.9,446.9,0.6,25.7
2025-04-23 17:54:25,555.1,554.3,542.9,545.8,543.3,539.3,553.6,554.7,528.7,556.5,831.6,447.0,0.5,25.7
2025-04-23 17:54:30,554.7,554.3,542.4,545.6,543.1,538.9,553.5,554.5,529.1,555.8,831.7,446.9,0.4,25.7
2025-04-23 17:54:35,554.5,554.2,542.0,545.2,543.1,538.7,553.0,553.9,529.1,555.3,831.7,446.6,0.3,25.7
2025-04-23 17:54:40,553.6,553.8,541.7,544.6,542.9,539.1,552.9,553.8,528.8,555.0,831.4,446.1,0.3,25.7
2025-04-23 17:54:45,553.4,553.7,541.2,544.8,542.2,539.3,552.8,553.1,528.6,555.0,831.5,445.9,0.2,25.7
2025-04-23 17:54:50,552.8,553.8,541.0,544.3,542.2,538.9,552.4,553.1,528.1,554.7,831.8,445.5,0.1,25.7
2025-04-23 17:54:55,552.6,553.5,541.0,544.7,542.0,539.1,552.3,553.1,527.4,554.4,831.5,445.3,0.0,25.7
2025-04-23 17:55:00,551.8,553.9,540.6,544.3,541.8,538.9,552.5,552.9,526.8,554.2,831.6,445.6,0.0,25.7
2025-04-23 17:55:05,551.8,554.0,540.5,544.1,541.6,538.9,552.1,552.1,526.7,554.0,831.4,445.3,0.0,25.7
2025-04-23 17:55:10,551.4,554.4,539.9,543.4,541.0,538.7,551.8,551.4,526.5,553.8,831.4,444.6,0.1,25.7
2025-04-23 17:55:15,551.0,554.2,539.9,543.5,540.8,538.2,551.6,550.9,526.3,553.4,831.0,444.0,0.4,25.7
2025-04-23 17:55:20,550.9,553.5,539.6,543.2,540.3,537.8,551.0,550.8,526.3,553.1,831.3,443.4,0.4,25.8
2025-04-23 17:55:25,551.0,552.5,539.4,543.5,540.3,537.2,550.7,550.4,526.0,552.8,831.3,442.5,0.6,25.8
2025-04-23 17:55:30,551.2,552.5,539.3,543.3,540.0,536.7,550.2,550.2,525.7,552.7,831.2,442.4,0.7,25.8
2025-04-23 17:55:35,551.1,551.3,538.4,542.6,539.6,536.2,550.4,550.0,525.8,552.3,831.2,441.8,0.7,25.8
2025-04-23 17:55:40,550.9,551.3,538.2,541.8,539.3,535.8,550.4,549.7,525.7,552.1,831.1,441.9,0.6,25.8
2025-04-23 17:55:45,550.7,551.2,538.5,541.3,538.9,535.6,550.2,549.3,525.0,551.5,830.5,441.7,0.5,25.8
2025-04-23 17:55:50,550.3,550.9,538.5,540.6,538.6,534.1,550.3,549.2,524.4,551.6,830.5,441.6,0.4,25.7
2025-04-23 17:55:55,550.5,550.5,538.1,540.3,539.0,533.6,550.8,548.6,523.8,551.2,830.1,441.1,0.7,25.8
2025-04-23 17:56:00,550.7,550.3,538.1,540.3,539.0,534.0,550.6,548.9,524.1,551.0,830.2,440.1,1.3,25.8
2025-04-23 17:56:05,550.3,550.3,538.0,540.1,538.7,532.5,550.6,549.1,524.6,550.7,830.2,440.1,1.3,25.8
2025-04-23 17:56:10,549.9,550.3,538.1,539.5,539.0,533.9,550.1,549.2,524.6,550.6,830.3,439.9,1.6,25.8
2025-04-23 17:56:15,549.6,549.6,537.7,539.4,538.8,533.4,549.7,549.1,524.7,550.5,829.8,439.7,1.3,25.8
2025-04-23 17:56:20,549.7,549.3,537.3,539.3,538.6,532.9,549.8,548.7,524.2,550.2,829.8,439.2,1.2,25.8
2025-04-23 17:56:25,549.2,549.4,537.6,539.3,538.9,532.4,549.2,547.4,523.7,550.2,829.9,439.2,1.4,25.8
2025-04-23 17:56:30,548.9,548.8,537.5,539.1,538.4,532.2,549.5,547.8,523.4,550.1,829.7,438.8,1.5,25.8
2025-04-23 17:56:35,549.2,548.6,537.8,538.6,538.4,532.5,548.7,547.4,523.2,550.1,829.6,438.6,1.4,25.8
2025-04-23 17:56:40,548.8,547.8,537.5,538.4,537.0,532.2,548.2,547.3,522.4,549.7,829.5,438.3,1.7,25.8
2025-04-23 17:56:45,548.8,548.1,536.7,538.3,536.9,532.3,548.1,547.3,522.0,549.6,829.4,437.7,1.7,25.8
2025-04-23 17:56:50,548.6,547.9,536.3,538.2,536.8,532.7,548.1,547.3,521.9,549.3,829.4,437.5,1.4,25.8
2025-04-23 17:56:55,548.9,547.5,536.3,538.2,536.6,532.5,547.4,547.5,521.8,549.2,829.4,437.7,1.1,25.8
2025-04-23 17:57:00,548.6,547.3,536.3,538.2,536.4,532.3,547.3,546.9,521.6,549.5,829.4,437.5,1.3,25.8
2025-04-23 17:57:05,548.6,547.2,535.9,537.9,536.4,532.5,547.2,546.4,521.7,549.1,829.7,437.1,1.3,25.9
2025-04-23 17:57:10,548.0,547.2,535.9,537.8,536.4,531.5,547.2,546.0,521.8,548.7,829.5,436.7,1.3,25.8
2025-04-23 17:57:15,547.7,546.9,535.9,537.7,536.4,531.8,547.3,546.3,521.1,548.5,829.7,436.1,1.4,25.9
2025-04-23 17:57:20,547.4,547.4,535.6,537.5,536.0,531.8,547.2,546.5,520.6,548.0,829.0,436.0,1.5,25.9
2025-04-23 17:57:25,547.1,546.7,534.9,536.9,535.8,531.9,546.9,546.3,520.3,547.9,829.2,434.9,1.3,25.9
2025-04-23 17:57:30,546.9,546.4,534.6,536.9,535.6,531.5,546.2,545.8,519.9,547.6,828.9,434.8,1.2,25.8
2025-04-23 17:57:35,545.8,546.1,535.0,536.7,535.2,531.1,545.7,544.9,519.4,547.1,828.9,434.2,1.6,25.9
2025-04-23 17:57:40,545.9,545.6,534.4,536.3,535.0,530.6,544.9,543.8,519.4,546.9,829.2,433.5,1.5,25.8
2025-04-23 17:57:45,545.8,545.6,534.5,535.8,534.5,530.2,544.6,543.8,519.6,547.0,828.3,433.0,2.0,25.8
2025-04-23 17:57:50,545.5,545.3,534.3,535.0,534.3,529.7,544.4,543.5,519.2,546.4,828.5,432.9,1.9,25.8
2025-04-23 17:57:55,545.0,545.3,534.2,535.2,534.1,529.6,544.4,543.3,518.6,546.1,828.0,432.4,2.2,25.8
2025-04-23 17:58:00,544.7,546.1,533.8,534.8,534.0,528.6,544.8,543.0,518.4,545.8,828.0,432.7,2.6,25.8
2025-04-23 17:58:05,544.5,545.7,533.4,534.4,533.9,528.4,544.4,542.8,518.0,545.7,827.9,432.6,2.6,25.7
2025-04-23 17:58:10,544.4,545.1,533.0,534.4,533.5,528.1,544.2,542.5,517.5,545.2,827.6,432.6,2.4,25.7
2025-04-23 17:58:15,544.1,543.9,532.3,534.0,533.0,527.8,543.7,542.3,517.2,545.2,827.7,432.2,2.1,25.6
2025-04-23 17:58:20,544.2,543.8,532.1,534.1,532.6,527.6,543.1,541.8,517.2,544.8,827.5,432.3,1.9,25.6
2025-04-23 17:58:25,543.7,543.9,531.5,533.8,532.1,527.5,542.1,542.1,516.6,544.3,827.1,431.2,1.7,25.6
2025-04-23 17:58:30,543.0,544.1,531.1,533.6,531.5,527.5,541.4,541.9,516.2,543.8,827.1,430.7,1.7,25.7
2025-04-23 17:58:35,543.1,543.8,530.3,533.2,530.8,526.8,541.1,541.3,516.0,543.9,827.1,430.5,1.6,25.7
2025-04-23 17:58:40,543.1,543.4,529.9,533.3,530.5,526.7,541.0,540.8,515.7,543.7,826.9,430.0,1.5,25.7
2025-04-23 17:58:45,542.6,543.2,529.4,533.1,530.3,526.2,541.1,540.8,515.7,543.7,826.8,429.6,1.4,25.7
2025-04-23 17:58:50,542.0,543.0,528.9,532.9,530.4,525.5,540.7,540.7,515.2,543.4,826.6,428.5,1.4,25.6
2025-04-23 17:58:55,541.5,542.6,528.9,532.2,530.2,525.1,540.3,540.2,514.6,543.0,826.9,428.1,1.3,25.6
2025-04-23 17:59:00,541.0,541.8,528.8,532.0,529.9,525.0,540.1,540.1,514.4,542.8,826.9,427.6,1.2,25.6
2025-04-23 17:59:05,540.8,541.5,528.6,531.7,529.5,524.3,539.5,539.3,514.1,542.5,826.7,427.7,1.0,25.6
2025-04-23 17:59:10,540.5,541.4,528.5,531.2,529.1,523.9,539.2,539.1,513.4,542.1,826.5,427.9,1.0,25.6
2025-04-23 17:59:15,540.3,541.3,528.3,530.8,528.4,522.7,539.0,538.4,512.9,541.8,826.5,427.7,1.0,25.6
2025-04-23 17:59:20,540.3,541.1,527.9,530.1,528.1,523.1,539.0,538.6,513.2,541.5,826.1,427.0,1.1,25.6
2025-04-23 17:59:25,540.4,540.6,528.0,530.0,527.7,522.9,538.8,538.4,513.2,541.2,826.3,426.9,1.3,25.6
2025-04-23 17:59:30,540.0,540.1,527.5,529.7,527.7,522.9,538.4,538.3,512.5,540.5,825.9,426.1,1.5,25.6
2025-04-23 17:59:35,540.4,539.5,527.5,529.4,527.6,523.5,537.9,537.6,512.6,540.5,826.0,426.1,1.4,25.6
2025-04-23 17:59:40,540.4,539.1,527.2,528.8,527.3,523.2,538.0,537.7,512.2,540.5,825.5,426.3,1.3,25.6
2025-04-23 17:59:45,540.2,539.1,526.6,528.5,527.3,523.3,537.8,537.5,512.0,540.0,825.6,425.8,1.2,25.6
2025-04-23 17:59:50,539.9,538.8,526.3,528.4,527.1,523.0,538.9,537.3,511.6,539.8,825.5,425.2,1.1,25.6
2025-04-23 17:59:55,538.8,538.6,525.7,528.5,526.6,523.0,538.7,537.1,511.4,539.7,824.1,424.7,1.0,25.6
2025-04-23 18:00:00,538.6,538.8,526.2,528.4,526.4,522.5,538.5,536.6,512.0,539.2,824.7,424.8,0.9,25.6
2025-04-23 18:00:05,538.5,538.5,526.1,528.3,526.5,522.3,537.8,536.7,511.4,539.3,824.7,424.7,0.8,25.6
2025-04-23 18:00:10,538.1,537.8,525.6,528.1,526.7,521.8,537.8,536.0,511.1,538.9,824.6,424.3,0.8,25.6
2025-04-23 18:00:15,537.7,538.0,525.1,527.9,526.5,521.5,537.2,536.1,510.6,538.5,824.4,424.0,0.7,25.6
2025-04-23 18:00:20,537.8,537.9,524.9,527.7,526.2,521.5,537.0,535.8,510.5,538.4,824.7,423.5,0.6,25.6
2025-04-23 18:00:25,537.7,537.6,524.9,526.9,526.3,520.9,536.4,535.3,510.0,538.3,824.4,423.1,0.5,25.6
2025-04-23 18:00:30,537.6,537.4,524.9,526.8,526.2,520.7,536.3,534.4,509.6,538.2,824.7,423.3,0.4,25.6
2025-04-23 18:00:35,537.1,537.3,524.6,526.4,525.8,520.9,536.5,534.6,509.7,538.1,824.7,422.7,0.6,25.6
2025-04-23 18:00:40,536.9,537.1,524.4,526.6,526.0,520.6,536.3,534.4,509.5,537.8,824.7,422.2,1.0,25.6
2025-04-23 18:00:45,536.5,537.0,524.5,526.8,525.9,520.5,535.9,534.7,509.2,537.3,824.3,422.2,1.0,25.6
2025-04-23 18:00:50,537.1,537.2,524.1,526.9,525.3,500.6,536.2,534.6,509.4,537.2,824.6,421.8,0.8,25.6
2025-04-23 18:00:55,536.2,536.9,523.9,526.6,524.8,518.1,536.0,534.7,509.1,536.9,824.8,421.3,0.7,25.7
2025-04-23 18:01:00,535.9,536.8,523.8,526.1,524.6,518.4,535.9,534.2,509.1,536.9,824.9,421.3,0.7,25.6
2025-04-23 18:01:05,535.9,536.6,523.8,525.6,524.6,518.8,535.8,533.9,508.8,536.6,824.8,421.0,0.7,25.7
2025-04-23 18:01:10,535.8,535.8,523.7,525.9,524.5,519.1,535.5,533.9,508.3,536.1,824.6,420.9,0.7,25.7
2025-04-23 18:01:15,535.3,535.3,523.2,525.2,524.5,518.6,535.2,533.8,508.1,535.7,824.1,420.7,0.7,25.7
2025-04-23 18:01:20,535.2,535.0,522.7,525.0,524.1,518.4,534.5,533.3,507.9,535.9,825.1,420.5,0.7,25.7
2025-04-23 18:01:25,534.8,534.9,522.4,524.8,524.0,496.0,534.5,533.5,508.0,535.4,824.6,419.2,0.9,25.7
2025-04-23 18:01:30,534.6,534.4,521.8,524.1,524.1,504.2,534.4,533.6,507.4,535.1,824.3,419.1,1.0,25.7
2025-04-23 18:01:35,534.0,534.0,521.6,523.6,523.9,516.7,534.4,533.2,507.0,534.7,824.1,419.0,0.9,25.7
2025-04-23 18:01:40,534.0,534.2,521.6,523.5,523.7,517.7,533.8,532.4,506.8,534.3,823.4,418.3,0.8,25.7
2025-04-23 18:01:45,534.3,533.8,521.7,523.5,523.5,517.7,533.0,532.1,506.7,534.0,823.4,418.0,0.6,25.7
2025-04-23 18:01:50,534.0,533.4,521.5,523.1,523.4,517.9,532.2,531.9,506.4,533.7,823.6,418.0,0.5,25.7
2025-04-23 18:01:55,533.3,533.3,521.2,522.7,523.3,517.8,532.5,531.7,506.4,533.6,823.4,417.9,0.4,25.8
2025-04-23 18:02:00,533.2,533.0,521.1,522.3,522.9,517.3,532.2,531.6,506.3,533.2,823.2,417.3,0.3,25.8
2025-04-23 18:02:05,532.7,532.9,521.0,521.8,522.8,517.1,532.0,531.6,505.9,533.1,823.0,417.1,0.3,25.8
2025-04-23 18:02:10,532.5,533.0,520.3,521.7,521.9,516.9,532.0,531.7,505.5,532.9,822.9,416.9,0.5,25.8
2025-04-23 18:02:15,532.8,533.4,520.1,521.7,521.3,516.3,531.6,531.4,505.2,532.3,823.2,416.6,0.9,25.8
2025-04-23 18:02:20,532.9,533.2,519.8,521.3,521.0,515.5,531.5,531.1,504.6,532.1,823.1,416.2,1.4,25.8
2025-04-23 18:02:25,532.6,532.9,519.5,522.3,520.4,515.0,531.0,530.4,504.5,531.9,823.2,416.5,1.5,25.8
2025-04-23 18:02:30,532.6,532.7,519.6,522.3,520.2,514.6,531.1,529.6,504.4,532.0,823.6,416.2,1.6,25.8
2025-04-23 18:02:35,531.9,531.7,519.8,521.9,520.0,516.1,531.0,529.0,503.9,531.4,823.6,416.1,1.3,25.9
2025-04-23 18:02:40,531.8,531.6,519.8,521.9,519.7,515.6,530.7,528.9,503.2,531.5,823.6,415.9,1.3,25.9
2025-04-23 18:02:45,531.8,532.0,519.9,521.3,519.1,514.8,530.2,529.3,502.6,531.2,823.5,415.8,1.1,25.9
2025-04-23 18:02:50,531.5,532.7,519.7,521.3,519.1,514.9,529.8,529.5,502.5,531.1,823.7,415.2,1.2,25.9
2025-04-23 18:02:55,531.3,532.2,518.9,521.6,518.7,514.8,529.5,528.8,502.3,531.0,823.4,414.9,1.0,25.9
2025-04-23 18:03:00,530.7,531.1,518.5,520.9,518.3,514.9,529.3,528.2,501.8,530.5,823.4,414.3,1.0,25.9
2025-04-23 18:03:05,530.5,530.8,518.0,520.0,518.2,514.2,528.9,527.8,501.8,530.3,823.6,414.0,1.0,25.9
2025-04-23 18:03:10,530.4,529.9,517.5,519.0,518.1,514.1,528.7,528.0,501.8,529.9,823.7,413.5,1.3,25.9
2025-04-23 18:03:15,530.5,529.3,517.4,518.1,517.8,512.5,528.2,527.3,501.4,529.7,823.6,413.5,1.4,25.9
2025-04-23 18:03:20,530.4,528.6,517.1,517.9,517.3,511.7,528.6,527.1,501.3,529.7,823.8,413.5,1.2,25.9
2025-04-23 18:03:25,530.2,528.9,516.9,517.7,517.4,511.2,528.7,526.8,501.0,529.2,823.7,413.6,1.1,25.9
2025-04-23 18:03:30,529.9,528.5,516.8,517.8,517.3,510.7,528.9,526.7,500.9,528.9,823.2,413.0,0.9,25.9
2025-04-23 18:03:35,529.7,528.4,516.7,517.7,517.1,510.5,528.7,526.3,500.7,528.7,823.2,412.2,0.8,26.0
2025-04-23 18:03:40,529.6,528.4,516.7,517.2,516.5,510.2,528.5,526.0,500.6,528.4,823.5,412.0,0.9,26.0
2025-04-23 18:03:45,529.4,528.5,516.6,516.8,516.0,510.3,527.8,526.2,500.7,528.2,822.9,411.4,1.2,26.0
2025-04-23 18:03:50,529.2,528.6,516.6,516.8,516.0,509.9,527.5,526.5,500.9,528.1,823.2,411.3,1.4,26.0
2025-04-23 18:03:55,529.1,528.5,516.6,516.5,516.3,509.9,527.2,526.5,500.9,527.6,823.6,411.2,1.2,26.0
2025-04-23 18:04:00,528.9,528.3,516.3,516.5,516.1,509.3,527.2,526.1,500.7,527.4,823.4,411.0,1.1,26.0
2025-04-23 18:04:05,528.3,527.9,515.8,516.4,515.4,509.1,527.2,525.8,500.6,526.8,823.0,410.9,1.1,26.0
2025-04-23 18:04:10,527.9,527.1,515.8,516.0,515.4,509.0,527.5,525.3,500.4,526.8,823.0,410.6,1.2,26.0
2025-04-23 18:04:15,527.6,527.1,515.7,515.8,515.1,509.0,527.5,525.1,500.1,526.5,823.1,409.6,1.1,26.0
2025-04-23 18:04:20,527.5,527.4,515.5,515.7,514.9,509.0,527.3,525.3,499.9,526.5,823.3,408.8,0.9,26.0
2025-04-23 18:04:25,527.8,527.8,515.1,515.8,514.6,509.0,526.8,525.3,499.8,526.3,822.8,408.4,0.8,26.0
2025-04-23 18:04:30,527.7,527.3,514.4,515.7,514.5,508.4,526.7,524.6,499.5,525.8,822.7,408.1,0.7,26.0
2025-04-23 18:04:35,527.5,527.3,513.9,515.1,514.6,507.9,526.1,524.6,499.4,525.5,822.6,407.8,0.7,26.0
2025-04-23 18:04:40,526.8,527.3,513.6,514.7,514.4,507.8,526.0,524.2,499.0,524.9,822.5,407.5,1.0,26.0
2025-04-23 18:04:45,526.6,526.7,513.2,514.3,514.2,507.7,526.4,524.1,498.1,525.0,822.8,407.1,1.4,26.0
2025-04-23 18:04:50,526.4,527.3,513.0,514.2,514.2,507.3,526.3,523.6,497.8,524.8,823.0,406.6,2.1,26.0
2025-04-23 18:04:55,525.9,527.1,513.0,514.5,513.8,507.2,525.5,523.5,498.0,524.6,822.1,407.5,1.8,26.0
2025-04-23 18:05:00,525.6,526.9,513.0,515.3,513.5,506.7,524.7,523.3,497.9,524.1,822.0,406.9,1.5,26.0
2025-04-23 18:05:05,525.4,526.6,512.8,515.3,513.6,506.9,524.3,523.1,497.3,523.9,822.4,406.4,1.4,26.0
2025-04-23 18:05:10,525.3,525.4,512.2,514.9,512.8,507.0,524.0,522.2,497.2,523.7,822.2,406.2,1.5,26.0
2025-04-23 18:05:15,525.2,525.3,511.7,514.0,512.6,506.3,523.4,521.4,497.0,523.7,822.5,406.3,1.3,26.0
2025-04-23 18:05:20,524.7,525.0,511.7,513.8,511.9,506.1,523.0,521.4,496.5,523.3,822.2,406.2,1.2,26.0
2025-04-23 18:05:25,524.3,524.7,511.2,514.3,511.2,505.5,522.6,521.6,496.2,523.1,822.0,406.1,1.0,26.0
2025-04-23 18:05:30,524.3,524.7,511.1,513.8,511.1,505.1,523.0,521.3,496.2,522.8,821.5,405.7,1.0,26.0
2025-04-23 18:05:35,524.3,523.9,510.8,512.9,510.9,504.5,522.5,521.2,495.5,522.7,821.5,404.9,0.9,26.0
2025-04-23 18:05:40,523.8,523.7,510.3,512.6,510.7,504.6,522.4,520.9,495.2,522.5,821.4,404.1,0.8,26.0
2025-04-23 18:05:45,523.1,523.8,510.4,512.0,510.5,504.4,522.2,520.8,495.3,522.4,821.7,403.5,1.0,26.1
2025-04-23 18:05:50,522.6,523.7,510.0,511.3,509.7,504.1,521.0,520.5,494.7,522.1,821.3,402.3,1.2,26.1
2025-04-23 18:05:55,522.6,523.1,509.8,511.1,509.3,503.4,520.9,520.6,494.1,521.6,820.4,402.5,1.3,26.0
2025-04-23 18:06:00,522.5,522.4,508.7,510.7,509.0,503.4,520.7,520.7,493.9,521.4,821.0,401.8,1.4,26.0
2025-04-23 18:06:05,521.7,522.3,508.3,510.4,508.7,503.3,520.4,520.3,493.7,521.2,821.0,401.3,1.5,26.0
2025-04-23 18:06:10,521.7,522.0,508.1,510.1,508.8,503.2,520.1,520.1,494.0,520.3,820.7,401.4,1.7,26.0
2025-04-23 18:06:15,521.2,521.7,507.5,510.7,508.0,503.3,519.4,519.3,493.6,520.2,820.2,400.7,2.5,26.0
2025-04-23 18:06:20,521.2,521.9,507.5,510.2,507.7,503.0,519.3,518.8,493.0,519.8,819.8,400.7,2.5,26.0
2025-04-23 18:06:25,520.9,520.8,507.8,510.4,507.1,502.6,519.2,518.5,492.6,519.8,819.6,400.7,2.1,26.0
2025-04-23 18:06:30,520.2,520.7,507.4,510.2,506.2,501.4,518.9,518.1,491.7,519.2,819.2,400.5,1.7,26.0
2025-04-23 18:06:35,519.4,520.6,507.2,509.9,506.2,502.1,518.6,517.4,491.2,519.0,819.1,399.9,1.5,26.0
2025-04-23 18:06:40,519.2,520.0,507.1,509.6,506.0,502.0,518.2,517.3,491.4,518.4,819.0,399.6,1.6,25.9
2025-04-23 18:06:45,518.9,520.0,506.8,508.8,506.2,501.0,517.8,516.7,491.1,518.1,819.1,399.2,1.6,25.9
2025-04-23 18:06:50,518.7,519.6,506.6,508.4,506.0,500.5,517.6,516.1,490.3,518.2,818.6,398.7,1.4,25.9
2025-04-23 18:06:55,518.6,518.9,505.7,507.2,505.3,500.0,517.9,516.1,490.0,517.8,818.3,398.0,1.3,25.9
2025-04-23 18:07:00,518.4,518.4,505.2,507.4,504.6,499.9,517.9,516.0,489.6,517.7,818.8,397.9,1.2,25.9
2025-04-23 18:07:05,518.0,518.3,504.5,506.6,504.0,499.5,517.9,515.3,489.3,517.2,818.5,397.1,1.1,25.9
2025-04-23 18:07:10,517.7,518.2,504.2,506.0,503.9,498.9,517.0,514.7,488.6,516.8,818.6,396.6,1.1,25.9
2025-04-23 18:07:15,517.8,518.1,503.7,505.9,503.6,498.8,516.2,514.4,488.6,516.6,817.9,396.0,1.1,25.9
2025-04-23 18:07:20,517.5,518.0,503.2,505.9,503.2,498.3,516.0,514.1,488.2,516.2,817.4,395.1,1.1,25.9
2025-04-23 18:07:25,517.0,517.5,503.0,505.3,502.7,498.0,515.7,513.8,487.8,515.8,817.3,394.8,1.0,25.9
2025-04-23 18:07:30,517.0,517.2,502.6,504.9,502.0,497.9,515.5,513.6,487.5,515.8,817.8,394.7,0.9,25.9
2025-04-23 18:07:35,516.6,516.5,502.0,504.6,501.7,498.0,515.2,513.2,487.6,515.4,817.8,393.8,0.9,25.9
2025-04-23 18:07:40,516.2,516.4,501.8,504.4,501.3,497.6,514.9,512.5,487.1,515.2,817.7,393.7,0.9,25.9
2025-04-23 18:07:45,515.4,516.2,501.7,504.2,500.9,497.1,514.3,511.8,486.8,514.8,817.3,393.3,0.7,25.9
2025-04-23 18:07:50,514.8,516.0,501.4,503.7,500.7,496.8,513.6,511.3,486.6,514.2,817.1,393.0,0.6,25.9
2025-04-23 18:07:55,514.6,515.5,500.5,503.5,500.0,496.2,513.3,511.1,486.2,514.2,816.9,392.4,0.5,25.9
2025-04-23 18:08:00,514.2,515.1,500.2,502.9,499.9,495.0,512.8,510.6,485.2,513.5,816.5,392.0,0.3,25.8
2025-04-23 18:08:05,514.1,514.5,500.0,502.6,499.6,494.4,512.4,510.2,484.8,513.5,816.6,391.7,0.2,25.8
2025-04-23 18:08:10,513.8,514.0,499.7,502.6,499.4,494.3,512.1,509.9,484.6,513.0,816.0,391.0,0.1,25.9
2025-04-23 18:08:15,513.3,513.5,499.0,502.0,498.8,494.1,511.8,509.7,484.1,512.8,816.1,390.4,0.1,25.8
2025-04-23 18:08:20,513.0,513.5,498.8,501.6,498.4,493.7,511.5,509.2,483.8,512.1,815.8,389.9,0.2,25.9
2025-04-23 18:08:25,512.5,512.8,498.4,501.3,498.0,493.1,511.1,508.7,483.3,511.9,815.4,389.5,0.4,25.9
2025-04-23 18:08:30,511.9,512.6,498.3,500.8,497.4,492.9,510.4,508.5,483.0,511.5,815.2,388.8,0.5,25.9
2025-04-23 18:08:35,511.8,512.2,497.9,500.7,497.1,492.8,509.4,507.9,482.6,511.3,814.8,388.5,0.5,25.9
2025-04-23 18:08:40,511.3,512.1,498.1,500.1,496.6,492.4,509.3,507.9,482.4,511.0,814.5,388.0,0.5,25.9
2025-04-23 18:08:45,511.1,511.8,497.3,499.7,496.4,492.6,508.5,507.4,482.0,510.7,814.1,387.9,0.5,25.9
2025-04-23 18:08:50,511.1,511.9,497.1,499.6,496.2,492.1,508.2,506.9,481.6,510.2,813.9,387.3,0.5,25.9
2025-04-23 18:08:55,510.8,511.9,497.0,499.4,496.1,491.4,508.2,506.6,481.4,510.0,814.0,386.9,0.4,25.9
2025-04-23 18:09:00,510.7,511.1,497.1,499.2,495.8,491.0,508.0,506.4,481.4,509.8,814.1,386.7,0.9,25.9
2025-04-23 18:09:05,510.5,510.6,496.7,498.7,495.4,490.6,507.9,505.5,480.9,509.3,813.8,386.2,1.2,25.9
2025-04-23 18:09:10,510.1,510.5,496.7,498.6,494.8,490.0,507.5,505.4,480.5,509.0,813.4,386.1,1.2,25.9
2025-04-23 18:09:15,509.5,510.0,496.1,498.0,494.6,489.7,507.5,505.1,479.7,508.7,813.0,385.6,1.1,25.9
2025-04-23 18:09:20,509.2,509.8,495.6,497.9,494.5,489.1,507.0,505.0,479.3,508.2,813.4,385.2,1.1,25.9
2025-04-23 18:09:25,508.8,509.7,495.7,497.6,494.3,489.0,506.8,504.8,479.1,508.0,813.2,384.7,1.1,25.8
2025-04-23 18:09:30,508.4,509.3,494.8,496.9,494.0,489.0,506.9,504.5,478.7,507.5,812.6,384.7,1.3,25.9
2025-04-23 18:09:35,508.3,509.2,494.6,496.2,493.8,488.7,506.6,504.2,478.6,507.1,812.7,384.7,1.2,25.9
2025-04-23 18:09:40,508.2,508.8,494.4,496.3,493.7,488.3,505.9,503.8,478.1,507.4,812.8,385.0,1.3,25.8
2025-04-23 18:09:45,507.7,508.2,493.7,496.0,493.6,487.8,505.5,503.3,477.9,506.8,813.0,384.8,1.3,25.8
2025-04-23 18:09:50,507.7,508.2,493.6,496.1,493.0,487.5,505.1,503.5,477.1,506.4,812.6,384.8,1.2,25.9
2025-04-23 18:09:55,507.4,508.0,493.5,496.0,492.5,487.1,504.5,503.0,477.1,506.2,812.9,383.9,1.1,25.9
2025-04-23 18:10:00,507.2,508.4,493.0,495.9,492.4,487.5,504.6,502.5,477.1,505.9,812.5,383.6,1.1,25.9
2025-04-23 18:10:05,506.6,507.9,492.1,495.6,491.7,487.8,504.6,502.3,476.8,505.8,812.3,383.4,1.0,25.9
2025-04-23 18:10:10,505.8,507.3,491.8,495.3,491.2,487.2,504.2,501.9,476.3,505.3,812.1,382.7,0.9,25.9
2025-04-23 18:10:15,505.2,507.4,491.3,495.4,490.5,486.2,503.8,501.8,475.9,505.1,811.9,382.2,0.9,25.9
2025-04-23 18:10:20,504.7,507.2,491.2,495.0,490.2,485.7,503.4,501.6,475.8,504.8,811.9,381.6,1.1,25.9
2025-04-23 18:10:25,504.4,506.5,491.2,494.9,489.6,485.3,502.8,501.0,475.5,504.6,811.6,381.3,1.1,25.9
2025-04-23 18:10:30,504.0,506.4,491.2,494.5,489.6,485.4,502.5,500.5,475.5,504.0,811.2,381.0,1.0,25.9
2025-04-23 18:10:35,504.0,506.1,491.5,493.9,489.3,485.3,502.1,500.2,474.9,503.7,811.0,380.9,0.9,25.9
2025-04-23 18:10:40,503.5,505.5,491.1,493.4,489.4,485.6,502.2,499.9,474.6,503.5,811.0,380.5,0.7,25.9
2025-04-23 18:10:45,503.3,505.1,490.9,493.0,489.1,484.9,501.7,499.4,474.6,503.3,810.9,380.1,0.7,25.9
2025-04-23 18:10:50,503.3,504.7,490.4,492.6,488.8,484.4,501.7,499.6,473.9,502.9,810.7,379.8,0.5,25.9
2025-04-23 18:10:55,503.1,504.5,489.9,492.1,488.5,483.7,501.6,499.4,473.7,502.7,810.3,379.6,0.5,25.9
2025-04-23 18:11:00,502.7,504.4,489.6,492.1,488.6,483.2,501.6,499.5,473.2,502.4,810.9,379.2,0.4,25.9
2025-04-23 18:11:05,502.4,504.6,489.7,491.4,488.4,482.7,501.4,499.0,472.8,502.0,810.2,378.6,0.3,25.9
2025-04-23 18:11:10,502.1,504.6,489.2,491.0,488.3,482.6,501.3,498.9,472.8,501.8,810.2,377.8,0.2,25.9
2025-04-23 18:11:15,501.9,504.3,488.7,490.6,487.7,482.1,500.7,498.7,472.8,501.4,810.5,377.1,0.1,25.9
2025-04-23 18:11:20,501.7,504.1,488.4,490.6,487.4,481.4,500.1,498.2,472.1,501.3,810.3,376.7,0.1,25.9
2025-04-23 18:11:25,501.6,503.3,487.8,491.2,486.7,481.6,500.1,498.3,472.0,501.0,810.5,376.8,0.0,25.9
2025-04-23 18:11:30,501.3,503.2,487.4,491.5,486.4,482.0,499.4,498.2,471.8,500.9,810.5,376.8,0.0,25.8
2025-04-23 18:11:35,501.0,503.2,487.4,491.7,486.5,481.8,499.4,497.6,471.6,500.6,810.5,376.8,0.0,25.8
2025-04-23 18:11:40,500.5,502.7,486.8,490.9,486.2,481.7,499.2,496.8,471.2,500.2,810.1,376.4,0.0,25.8
2025-04-23 18:11:45,500.4,502.5,486.5,490.6,486.1,481.6,498.7,496.4,471.0,500.1,810.1,375.9,0.1,25.8
2025-04-23 18:11:50,500.3,502.4,486.3,490.5,485.5,481.8,498.4,496.7,470.7,499.5,809.9,375.8,0.1,25.8
2025-04-23 18:11:55,499.3,501.9,485.8,490.1,485.1,481.5,497.5,496.7,470.3,499.3,809.7,375.6,0.1,25.8
2025-04-23 18:12:00,499.3,501.9,485.6,489.9,484.7,480.9,497.3,496.8,470.1,499.2,809.7,375.6,0.1,25.9
2025-04-23 18:12:05,499.4,501.8,485.5,489.6,484.7,480.6,496.7,496.8,469.9,498.9,809.5,375.3,0.2,25.9
2025-04-23 18:12:10,499.6,501.4,485.5,489.6,484.5,480.7,496.3,496.5,469.6,498.4,809.4,375.0,0.4,25.9
2025-04-23 18:12:15,499.4,501.0,485.5,489.0,484.5,480.3,496.1,496.4,469.6,498.2,809.1,375.2,0.3,25.9
2025-04-23 18:12:20,499.1,500.7,485.3,488.7,484.0,480.2,496.0,496.2,469.6,497.9,808.9,374.9,0.3,25.9
2025-04-23 18:12:25,498.6,500.9,484.5,488.3,483.9,479.8,496.0,495.4,469.6,497.9,809.6,374.7,0.3,25.9
2025-04-23 18:12:30,498.4,500.9,484.1,488.0,483.2,479.7,496.1,495.1,469.6,497.6,809.6,374.1,0.3,25.9
2025-04-23 18:12:35,498.1,500.6,484.2,487.7,483.1,479.5,496.0,494.8,469.0,497.1,809.0,373.8,0.2,25.9
2025-04-23 18:12:40,497.9,500.2,484.1,487.5,483.0,478.9,496.0,494.6,468.7,496.6,809.0,373.7,0.2,25.9
2025-04-23 18:12:45,497.6,500.1,483.3,486.9,482.5,478.3,495.9,494.4,467.8,496.4,808.4,373.5,0.3,25.9
2025-04-23 18:12:50,497.6,500.0,483.2,486.6,482.1,478.2,495.6,494.3,467.6,495.9,808.3,373.1,0.3,25.9
2025-04-23 18:12:55,497.5,499.8,483.1,486.9,482.0,477.4,495.4,493.8,467.5,495.8,808.7,372.5,0.3,25.9
2025-04-23 18:13:00,497.3,499.2,482.9,486.5,481.9,477.3,494.7,493.3,467.1,495.8,809.1,372.4,0.3,25.9
2025-04-23 18:13:05,497.3,499.0,482.7,486.2,482.2,477.2,494.5,493.5,466.9,495.9,808.8,372.1,0.2,25.9
2025-04-23 18:13:10,497.5,498.5,482.8,486.3,481.6,476.9,494.4,493.3,466.7,495.7,808.9,371.9,0.2,25.9
2025-04-23 18:13:15,497.3,498.3,482.2,486.1,481.4,477.2,494.2,492.9,466.5,495.5,808.7,372.0,0.3,26.0
2025-04-23 18:13:20,496.9,498.2,482.3,485.7,481.2,477.4,494.2,492.7,466.4,495.1,809.5,371.5,0.4,26.0
2025-04-23 18:13:25,496.6,497.8,482.3,485.4,480.8,476.8,493.7,492.4,466.4,495.4,809.0,371.1,0.4,26.0
2025-04-23 18:13:30,496.5,497.7,482.2,484.9,480.4,476.6,494.0,491.9,466.1,495.0,808.8,371.1,0.4,26.0
2025-04-23 18:13:35,496.4,497.3,482.5,484.6,480.3,476.5,493.5,492.1,465.8,495.1,808.9,370.9,0.3,26.0
2025-04-23 18:13:40,495.9,497.0,482.0,484.5,479.8,476.2,493.2,491.9,465.3,494.7,808.7,370.9,0.5,26.0
2025-04-23 18:13:45,495.3,496.8,482.1,484.3,479.7,475.8,492.4,491.9,464.8,494.7,808.8,370.3,0.8,26.0
2025-04-23 18:13:50,495.0,496.2,481.6,483.8,479.8,475.2,492.6,491.2,464.7,493.8,808.2,369.8,0.8,26.0
2025-04-23 18:13:55,494.8,495.8,481.1,483.2,479.6,474.8,492.6,490.8,464.2,493.8,808.4,369.4,0.8,26.0
2025-04-23 18:14:00,494.7,495.9,480.7,482.7,479.9,474.3,492.4,490.5,464.1,493.9,808.3,369.2,0.7,26.0
2025-04-23 18:14:05,494.9,495.7,480.0,482.2,480.0,474.0,491.9,490.3,464.0,493.7,808.9,368.5,0.6,26.0
2025-04-23 18:14:10,494.8,495.5,479.6,481.8,479.4,473.3,491.6,489.7,463.7,493.7,808.6,368.4,0.6,26.0
2025-04-23 18:14:15,494.5,495.7,479.1,481.6,479.1,473.2,491.5,489.4,463.3,493.2,808.5,367.8,0.6,26.0
2025-04-23 18:14:20,494.4,495.2,478.8,481.2,478.6,473.0,491.5,489.4,462.9,492.7,807.9,367.6,1.0,26.0
2025-04-23 18:14:25,494.1,494.5,478.5,480.9,478.0,472.3,491.3,489.2,462.7,492.3,808.0,367.2,1.0,26.0
2025-04-23 18:14:30,494.1,493.8,478.4,480.8,477.3,471.9,490.6,488.5,462.2,492.2,807.8,367.5,1.2,26.0
2025-04-23 18:14:35,493.8,493.4,477.9,480.8,476.8,471.9,490.1,488.4,461.8,491.8,807.3,367.2,1.2,26.0
2025-04-23 18:14:40,493.3,493.2,477.9,480.6,477.1,471.7,490.2,488.1,461.4,491.6,807.5,366.9,1.2,26.1
2025-04-23 18:14:45,492.7,492.7,477.6,479.9,476.8,471.4,490.1,487.9,461.1,491.1,807.7,366.8,1.1,26.1
2025-04-23 18:14:50,492.6,492.7,478.0,479.9,476.7,471.0,489.9,487.6,461.1,490.9,807.4,366.4,1.0,26.0
2025-04-23 18:14:55,492.1,492.2,478.5,479.6,476.5,470.9,489.4,487.0,460.7,490.6,807.4,366.1,1.0,26.1
2025-04-23 18:15:00,491.6,492.3,478.1,479.6,475.9,470.6,488.9,487.5,460.7,490.3,807.2,365.6,1.2,26.1
2025-04-23 18:15:05,491.4,492.0,477.5,479.6,476.4,470.2,489.1,487.4,460.8,490.2,807.5,365.3,1.3,26.1
2025-04-23 18:15:10,491.2,491.5,476.8,479.5,475.9,470.3,489.3,487.0,460.2,489.9,807.2,365.0,1.5,26.1
2025-04-23 18:15:15,491.0,491.3,475.9,479.5,475.7,470.3,489.0,486.9,459.9,489.6,807.0,364.5,1.3,26.1
2025-04-23 18:15:20,490.8,490.9,475.4,479.7,475.6,470.0,489.1,486.3,459.8,489.2,807.2,364.0,1.1,26.1
2025-04-23 18:15:25,490.2,490.9,475.2,479.6,475.1,469.4,489.0,486.2,459.7,488.9,806.5,363.5,1.0,26.1
2025-04-23 18:15:30,490.0,491.3,474.7,479.4,474.8,469.2,489.0,485.9,459.1,488.6,806.9,363.3,0.9,26.1
2025-04-23 18:15:35,489.3,491.1,474.2,479.1,474.1,469.4,488.7,485.7,458.7,488.3,807.0,362.7,0.8,26.1
2025-04-23 18:15:40,488.7,491.1,473.7,479.1,473.5,469.1,488.1,485.6,458.9,488.1,807.0,362.1,0.7,26.1
2025-04-23 18:15:45,488.5,490.8,473.6,477.7,472.6,469.0,487.2,485.2,458.5,487.7,806.3,361.5,0.6,26.1
2025-04-23 18:15:50,488.4,490.0,473.9,477.4,472.5,468.7,487.0,484.7,458.2,487.3,806.2,361.2,0.5,26.1
2025-04-23 18:15:55,488.1,490.0,473.7,476.8,472.6,468.4,487.0,484.6,457.7,487.0,806.2,361.0,0.5,26.1
2025-04-23 18:16:00,487.7,489.4,473.6,476.5,471.9,468.3,486.3,484.2,456.7,486.5,805.7,360.4,0.6,26.1
2025-04-23 18:16:05,487.5,489.0,473.6,476.2,471.8,468.6,486.1,483.8,456.6,486.3,805.2,359.9,0.6,26.1
2025-04-23 18:16:10,487.7,488.3,472.9,476.3,471.8,468.2,485.7,483.4,456.6,485.9,805.0,359.6,0.6,26.1
2025-04-23 18:16:15,487.4,488.2,472.5,476.1,471.4,467.9,485.3,483.3,456.4,485.7,805.1,359.6,0.5,26.1
2025-04-23 18:16:20,487.0,488.0,471.9,475.7,470.9,467.8,484.8,482.7,456.0,485.6,805.0,359.7,0.6,26.1
2025-04-23 18:16:25,486.6,487.1,471.8,474.6,470.5,467.5,484.1,481.5,455.9,485.2,804.6,359.3,0.7,26.1
2025-04-23 18:16:30,486.0,487.4,471.5,474.7,470.5,467.0,483.7,481.9,455.2,485.3,804.4,358.8,1.0,26.1
2025-04-23 18:16:35,485.7,487.1,470.3,474.5,470.4,466.7,483.2,482.0,454.9,484.6,804.7,357.9,1.1,26.1
2025-04-23 18:16:40,485.1,487.1,470.1,474.2,469.6,466.0,483.4,481.6,454.6,484.3,804.2,357.1,1.0,26.1
2025-04-23 18:16:45,484.9,486.4,470.0,473.8,469.4,465.9,483.3,481.3,454.6,483.9,804.4,356.5,0.9,26.1
2025-04-23 18:16:50,484.6,486.7,469.7,473.5,468.7,465.6,482.5,480.9,454.6,483.7,803.5,356.6,0.8,26.1
2025-04-23 18:16:55,484.4,486.2,469.1,473.5,468.3,465.2,482.3,480.5,454.3,483.5,803.8,356.0,0.8,26.1
2025-04-23 18:17:00,484.4,485.7,469.1,472.9,467.6,464.9,481.8,480.2,454.4,483.0,803.3,355.7,0.7,26.1
2025-04-23 18:17:05,484.3,485.3,469.1,472.9,467.6,464.9,481.5,480.2,454.1,482.7,803.0,355.4,0.7,26.1
2025-04-23 18:17:10,483.9,485.3,468.1,472.8,467.5,464.7,481.1,480.4,453.7,482.5,803.8,355.0,0.7,26.1
2025-04-23 18:17:15,483.7,485.1,468.4,472.4,467.3,464.6,480.5,480.1,453.7,482.5,803.6,354.4,0.6,26.1
2025-04-23 18:17:20,483.3,484.6,468.4,472.2,467.4,464.2,480.5,479.5,453.4,482.0,803.7,354.5,0.5,26.1
2025-04-23 18:17:25,482.6,484.2,468.1,472.0,466.7,464.1,479.6,479.6,453.0,481.8,803.6,354.4,0.4,26.1
2025-04-23 18:17:30,482.4,484.2,467.7,472.2,466.6,463.2,479.3,479.4,452.4,481.4,802.8,353.9,0.4,26.1
2025-04-23 18:17:35,482.0,484.3,467.2,472.1,466.4,462.8,479.5,478.7,452.4,481.3,802.5,353.9,0.4,26.1
2025-04-23 18:17:40,481.5,483.9,467.2,471.7,466.2,462.7,479.3,478.5,452.3,481.0,802.7,353.6,0.3,26.1
2025-04-23 18:17:45,481.2,484.1,466.8,471.1,465.5,462.3,478.9,478.0,452.0,481.0,802.8,352.8,0.2,26.1
2025-04-23 18:17:50,480.9,483.5,466.2,470.8,465.5,462.1,478.5,478.0,452.1,480.4,802.3,352.5,0.2,26.1
2025-04-23 18:17:55,480.6,483.1,465.8,470.6,465.4,462.0,478.2,477.7,451.9,479.9,802.1,352.0,0.1,26.1
2025-04-23 18:18:00,480.4,482.6,465.7,470.0,465.0,461.5,478.4,476.9,451.5,479.6,802.3,351.7,0.1,26.1
2025-04-23 18:18:05,479.8,482.5,465.6,469.7,464.6,461.2,478.1,476.6,450.9,479.2,801.8,351.1,0.2,26.2
2025-04-23 18:18:10,479.5,481.8,465.1,469.7,464.2,460.7,477.9,476.4,450.6,478.8,801.9,350.8,0.3,26.2
2025-04-23 18:18:15,479.2,481.4,465.0,469.0,463.9,460.5,477.4,476.2,449.9,478.3,801.5,350.5,0.3,26.2
2025-04-23 18:18:20,479.1,481.2,464.5,468.3,463.2,460.3,476.9,475.7,449.3,478.0,801.1,350.0,0.3,26.2
2025-04-23 18:18:25,478.5,480.9,464.1,468.1,463.0,460.0,476.1,475.6,449.1,477.8,800.9,349.5,0.3,26.2
2025-04-23 18:18:30,478.4,480.9,464.0,467.9,462.8,459.8,476.0,474.9,449.0,477.4,800.7,349.5,0.3,26.2
2025-04-23 18:18:35,478.4,480.5,463.6,467.5,462.9,459.8,475.5,474.6,448.6,477.1,800.1,348.2,0.2,26.2
2025-04-23 18:18:40,478.4,480.5,463.7,466.8,462.8,459.8,475.4,474.1,448.1,476.8,800.3,347.7,0.2,26.2
2025-04-23 18:18:45,477.9,480.1,463.4,467.1,462.4,459.7,475.3,473.6,447.7,476.5,799.9,347.2,0.2,26.2
2025-04-23 18:18:50,477.4,479.4,463.3,466.9,462.2,459.1,475.0,472.9,447.0,476.4,800.0,347.0,0.1,26.2
2025-04-23 18:18:55,477.1,479.0,462.9,466.5,461.7,458.7,474.4,472.5,446.5,476.3,800.1,346.8,0.3,26.2
2025-04-23 18:19:00,476.8,478.5,462.4,465.8,461.3,458.9,474.2,472.3,446.4,475.9,799.6,346.4,0.4,26.2
2025-04-23 18:19:05,476.7,478.2,462.3,465.2,460.8,458.4,474.2,472.1,446.0,475.6,799.1,346.0,0.5,26.2
2025-04-23 18:19:10,476.3,478.2,462.1,465.0,460.5,457.8,473.4,471.7,445.7,475.3,798.8,345.4,0.6,26.2
2025-04-23 18:19:15,475.6,477.7,462.0,464.4,460.3,457.2,472.9,471.1,445.1,474.9,799.4,345.1,0.6,26.2
2025-04-23 18:19:20,475.3,477.4,461.3,464.2,460.3,456.5,473.2,470.6,444.5,474.7,798.9,344.7,0.6,26.2
2025-04-23 18:19:25,475.1,477.0,460.7,464.2,460.3,456.2,472.8,470.1,444.5,474.4,798.9,344.4,0.6,26.2
2025-04-23 18:19:30,475.0,476.9,460.6,464.1,459.8,456.2,472.6,469.5,443.9,473.9,798.4,344.5,0.8,26.2
2025-04-23 18:19:35,474.9,477.1,460.0,464.0,459.6,455.8,472.4,469.2,443.2,473.7,798.1,344.2,1.1,26.2
2025-04-23 18:19:40,474.5,476.8,459.6,463.5,459.1,455.5,471.9,469.1,443.0,473.2,798.1,343.5,1.0,26.3
2025-04-23 18:19:45,474.2,476.4,459.9,463.3,458.6,455.1,471.6,469.1,442.4,473.0,797.8,343.0,0.8,26.3
2025-04-23 18:19:50,474.0,476.3,459.7,463.1,458.8,454.9,471.3,469.0,442.3,472.5,797.7,342.1,0.6,26.2
2025-04-23 18:19:55,474.1,476.1,459.4,462.7,458.4,454.8,471.6,468.7,442.1,472.4,797.9,342.3,0.5,26.3
2025-04-23 18:20:00,473.9,476.0,459.0,462.5,457.9,454.5,471.5,468.7,442.0,472.1,797.7,343.5,0.4,26.3
2025-04-23 18:20:05,473.3,476.1,458.6,462.4,457.7,454.1,471.6,468.0,441.6,471.9,798.3,343.2,0.3,26.3
2025-04-23 18:20:10,473.2,476.0,458.1,462.1,457.3,454.3,471.2,468.2,441.7,471.5,797.9,342.7,0.3,26.3
2025-04-23 18:20:15,473.0,476.2,457.9,461.8,457.1,454.1,470.8,468.4,441.8,471.1,797.3,343.1,0.3,26.3
2025-04-23 18:20:20,472.2,475.7,457.5,461.3,456.9,454.3,470.6,468.4,441.6,470.9,797.3,343.1,0.2,26.3
2025-04-23 18:20:25,472.0,475.5,457.6,461.3,456.8,453.8,470.0,468.4,441.1,470.7,796.8,343.0,0.1,26.3
2025-04-23 18:20:30,471.7,475.1,457.0,460.8,456.9,453.4,470.0,468.2,441.0,470.3,796.8,342.9,0.1,26.3
2025-04-23 18:20:35,471.2,474.8,457.1,461.1,456.9,453.1,469.5,467.8,440.9,470.1,796.7,343.0,0.0,26.3
2025-04-23 18:20:40,471.1,474.3,456.6,460.6,456.5,453.5,469.1,467.4,440.5,469.9,796.3,342.9,0.0,26.3
2025-04-23 18:20:45,470.7,473.8,456.3,460.3,456.0,453.3,469.4,467.1,440.2,469.7,796.9,342.2,0.0,26.3
2025-04-23 18:20:50,470.5,473.8,455.7,460.0,455.5,453.4,469.3,467.1,439.8,469.5,796.6,342.1,0.1,26.3
2025-04-23 18:20:55,470.0,473.7,455.3,460.7,454.8,453.4,468.9,466.7,439.8,469.1,796.1,341.7,0.1,26.3
2025-04-23 18:21:00,469.7,473.5,455.1,460.5,454.6,453.5,467.8,466.9,438.9,468.8,796.2,341.0,0.1,26.3
2025-04-23 18:21:05,470.0,473.1,454.9,459.9,454.0,452.9,467.9,466.5,438.6,468.4,795.9,339.7,0.2,26.3
2025-04-23 18:21:10,469.8,472.7,455.0,459.5,454.0,452.9,467.8,466.0,438.1,468.0,795.5,337.6,0.5,26.3
2025-04-23 18:21:15,470.2,472.5,454.8,459.0,453.8,452.1,467.3,465.5,438.2,467.8,795.5,336.5,0.6,26.3
2025-04-23 18:21:20,470.3,472.5,454.8,458.3,453.4,451.4,467.1,465.3,438.5,467.4,794.9,335.9,1.1,26.3
2025-04-23 18:21:25,470.1,472.1,454.8,458.1,452.9,450.8,466.3,465.6,438.3,467.1,794.8,335.9,1.2,26.3
2025-04-23 18:21:30,469.5,472.2,455.2,457.9,452.8,450.5,466.1,465.3,438.1,466.4,794.1,335.7,1.2,26.4
2025-04-23 18:21:35,469.3,472.2,455.0,457.5,452.2,450.3,465.7,465.3,438.1,466.0,794.0,336.1,1.2,26.4
2025-04-23 18:21:40,469.0,472.0,454.1,457.2,452.2,450.2,465.5,464.4,437.6,465.5,793.3,335.8,0.9,26.4
2025-04-23 18:21:45,468.3,471.9,453.2,457.3,452.2,450.1,465.4,464.2,438.3,465.3,793.6,335.5,0.7,26.4
2025-04-23 18:21:50,467.9,471.2,452.6,457.1,451.7,449.8,465.3,463.7,438.2,465.5,793.5,335.2,0.9,26.4
2025-04-23 18:21:55,467.8,471.0,452.4,456.8,451.8,449.6,465.1,463.5,438.1,465.2,794.0,335.0,1.3,26.4
2025-04-23 18:22:00,467.5,470.8,451.9,456.5,451.9,449.3,465.5,463.5,437.9,465.2,793.9,334.5,1.6,26.4
2025-04-23 18:22:05,467.3,470.4,451.7,456.3,451.4,449.0,464.5,463.3,437.3,464.9,794.1,334.2,2.1,26.4
2025-04-23 18:22:10,467.5,470.2,451.8,456.2,450.9,448.8,464.4,463.3,436.6,464.7,793.9,334.5,1.9,26.4
2025-04-23 18:22:15,467.2,470.0,451.7,456.4,450.7,448.2,464.2,463.3,436.5,464.2,792.7,334.3,1.7,26.4
2025-04-23 18:22:20,467.1,469.9,451.8,456.8,450.4,448.5,464.0,462.8,436.8,464.1,793.8,334.1,1.7,26.4
2025-04-23 18:22:25,466.8,469.6,451.7,456.6,450.0,447.9,463.8,462.5,436.6,464.1,793.5,333.5,1.7,26.3
2025-04-23 18:22:30,466.5,469.6,452.1,455.1,450.4,447.3,463.3,461.8,435.9,463.7,793.2,333.2,1.5,26.4
2025-04-23 18:22:35,466.1,469.5,452.0,455.6,451.0,447.0,463.2,461.8,435.9,463.7,793.8,333.4,1.6,26.4
2025-04-23 18:22:40,466.0,469.6,451.8,455.5,450.7,447.0,463.1,461.5,435.7,463.4,793.3,333.4,1.7,26.4
2025-04-23 18:22:45,465.7,469.3,451.1,454.8,450.2,446.5,463.0,461.3,435.5,463.3,794.2,332.5,1.9,26.4
2025-04-23 18:22:50,465.5,469.4,450.6,454.8,450.2,446.2,463.0,461.7,435.2,463.3,794.3,332.4,2.2,26.4
2025-04-23 18:22:55,465.6,469.3,450.6,454.4,448.1,446.3,462.9,461.9,435.1,462.7,793.5,332.2,1.9,26.3
2025-04-23 18:23:00,464.9,468.8,450.4,454.7,449.0,446.7,463.0,461.3,435.5,462.8,794.0,331.9,1.7,26.3
2025-04-23 18:23:05,465.0,467.9,449.4,454.1,449.0,446.4,463.2,461.0,435.1,462.7,794.3,331.1,1.3,26.3
2025-04-23 18:23:10,464.8,467.7,449.3,454.1,448.8,445.4,463.0,460.6,435.1,462.5,793.9,330.5,1.1,26.3
2025-04-23 18:23:15,464.5,467.5,448.9,453.6,448.3,445.1,462.9,459.7,434.9,461.9,793.8,330.3,1.1,26.3
2025-04-23 18:23:20,464.1,467.5,448.6,453.3,447.8,444.8,462.5,459.4,434.2,461.9,794.3,330.1,2.2,26.3
2025-04-23 18:23:25,462.9,467.4,448.0,452.5,447.2,444.5,461.9,458.7,433.5,461.8,793.8,330.0,2.1,26.2
2025-04-23 18:23:30,463.0,467.2,447.4,452.3,446.5,444.0,461.2,458.4,433.1,461.5,793.6,329.7,2.1,26.2
2025-04-23 18:23:35,462.5,466.3,447.4,452.1,446.1,443.2,460.9,458.0,432.6,461.0,793.7,329.0,1.7,26.2
2025-04-23 18:23:40,462.5,466.3,448.1,451.3,445.6,443.1,460.3,457.3,432.1,460.9,793.0,328.2,1.4,26.2
2025-04-23 18:23:45,462.3,465.9,447.2,450.9,444.9,442.4,459.6,457.5,431.8,460.6,793.0,327.4,1.2,26.2
2025-04-23 18:23:50,462.3,465.8,446.7,450.7,444.7,442.2,459.4,457.6,431.5,459.9,792.4,327.1,1.0,26.2
2025-04-23 18:23:55,461.7,465.3,446.1,450.8,444.3,442.1,458.8,457.4,431.1,459.7,792.2,326.9,1.1,26.2
2025-04-23 18:24:00,461.1,464.9,445.7,450.0,444.7,441.3,458.6,457.0,431.0,459.4,792.2,326.4,1.2,26.2
2025-04-23 18:24:05,460.6,464.7,445.7,450.0,444.6,440.7,458.0,456.2,430.1,459.2,792.1,326.1,1.1,26.2
2025-04-23 18:24:10,460.6,464.2,445.3,449.4,444.3,440.6,457.9,455.8,430.0,458.8,791.4,325.6,1.2,26.1
2025-04-23 18:24:15,460.5,463.5,445.0,449.2,444.1,440.1,457.5,455.5,429.6,458.3,791.4,325.2,1.1,26.1
2025-04-23 18:24:20,460.1,463.4,444.6,448.5,443.6,440.1,457.1,455.7,429.2,458.1,791.1,325.5,1.3,26.1
2025-04-23 18:24:25,460.2,463.4,444.6,448.6,443.2,440.4,457.4,455.4,429.0,457.7,791.4,325.1,1.9,26.1
2025-04-23 18:24:30,459.6,462.9,444.1,449.2,442.7,439.8,457.2,454.7,428.6,457.6,791.5,324.6,1.9,26.1
2025-04-23 18:24:35,459.6,462.7,444.0,449.2,442.4,439.4,457.0,454.2,428.3,457.2,791.1,324.3,1.8,26.1
2025-04-23 18:24:40,459.0,462.3,444.0,449.0,442.0,439.0,456.3,454.0,427.8,456.8,790.8,324.7,1.3,26.2
2025-04-23 18:24:45,458.8,462.1,443.9,448.7,441.3,438.8,455.9,453.6,427.5,456.6,790.9,324.3,1.4,26.2
2025-04-23 18:24:50,458.7,462.2,444.3,448.0,441.1,439.0,455.5,453.2,427.2,456.2,790.8,324.2,1.7,26.2
2025-04-23 18:24:55,458.4,462.0,443.7,447.4,441.6,438.9,455.0,453.0,426.8,455.8,790.4,323.7,1.7,26.2
2025-04-23 18:25:00,458.1,461.6,443.0,446.9,441.5,438.1,454.6,453.0,426.4,455.8,790.2,323.7,1.6,26.1
2025-04-23 18:25:05,458.0,461.3,442.5,446.6,441.1,437.8,454.0,453.0,426.4,455.3,790.5,323.1,1.9,26.1
2025-04-23 18:25:10,457.7,461.5,442.9,446.5,440.6,437.7,453.8,452.7,426.2,455.3,790.3,322.6,2.0,26.1
2025-04-23 18:25:15,457.1,461.4,442.3,446.0,440.4,437.5,453.4,452.2,425.7,455.0,790.3,322.6,1.7,26.1
2025-04-23 18:25:20,457.0,461.2,441.9,446.3,439.4,436.6,453.4,451.7,425.3,454.5,789.7,322.1,1.5,26.2
2025-04-23 18:25:25,456.8,460.6,441.6,446.1,439.0,436.0,453.3,451.7,424.9,454.3,790.0,321.6,1.4,26.2
2025-04-23 18:25:30,456.6,460.5,441.2,446.1,439.0,435.7,452.4,451.1,425.2,453.9,789.4,321.2,1.8,26.2
2025-04-23 18:25:35,456.3,460.7,441.0,445.3,438.8,435.4,452.1,451.0,425.0,453.6,789.3,321.0,2.0,26.1
2025-04-23 18:25:40,456.3,460.7,440.9,444.8,438.4,435.2,452.0,450.6,425.0,453.3,789.7,321.1,1.9,26.1
2025-04-23 18:25:45,456.1,460.2,440.7,445.0,438.4,435.4,451.8,450.0,424.5,452.9,789.4,320.5,1.6,26.1
2025-04-23 18:25:50,455.5,459.5,440.2,445.1,438.1,435.3,451.3,450.1,424.7,452.6,789.1,320.3,1.5,26.1
2025-04-23 18:25:55,455.7,458.6,439.8,444.5,438.0,434.9,450.9,449.8,424.6,452.3,789.2,320.5,1.4,26.1
2025-04-23 18:26:00,455.2,458.2,439.5,444.0,437.6,435.5,450.7,449.5,424.3,452.1,789.0,319.9,1.3,26.1
2025-04-23 18:26:05,454.7,458.0,439.0,443.8,437.2,435.7,450.3,449.0,423.4,451.9,788.8,319.2,1.3,26.1
2025-04-23 18:26:10,454.5,458.1,438.7,443.5,437.1,435.2,450.2,448.9,423.3,451.6,789.0,318.6,1.2,26.1
2025-04-23 18:26:15,454.3,458.4,438.2,443.1,436.8,435.0,449.9,448.5,422.5,451.1,788.5,318.1,1.1,26.1
2025-04-23 18:26:20,454.2,457.7,438.1,442.7,436.3,434.5,449.9,448.4,422.4,450.8,788.1,317.7,1.0,26.0
2025-04-23 18:26:25,453.9,457.1,437.9,442.1,436.1,433.3,449.7,448.2,422.2,450.6,788.2,317.4,0.9,26.0
2025-04-23 18:26:30,453.6,456.8,437.7,441.8,435.8,432.8,449.4,448.2,422.0,450.3,788.1,317.2,1.1,26.0
2025-04-23 18:26:35,453.2,457.4,437.6,441.7,435.7,432.6,449.1,447.8,422.0,450.0,787.7,317.1,2.1,26.0
2025-04-23 18:26:40,452.8,457.4,437.2,441.6,435.5,432.2,448.8,447.4,421.5,449.8,787.8,316.6,2.6,26.0
2025-04-23 18:26:45,452.5,457.1,437.1,441.6,435.1,432.5,448.6,447.1,421.0,449.5,787.4,316.7,2.7,26.0
2025-04-23 18:26:50,452.2,456.1,436.7,441.7,434.5,432.7,448.0,446.6,420.5,449.3,787.4,316.9,2.4,26.0
2025-04-23 18:26:55,451.6,455.6,436.3,441.8,434.4,432.5,447.7,446.0,421.0,449.2,787.3,316.3,2.0,25.9
2025-04-23 18:27:00,451.6,455.4,436.0,441.4,434.5,432.0,447.3,445.6,420.8,448.8,786.9,315.8,1.8,25.9
2025-04-23 18:27:05,451.1,455.6,435.4,441.0,434.3,431.9,447.4,445.2,420.5,448.4,786.4,315.1,1.6,25.9
2025-04-23 18:27:10,450.8,455.5,435.3,440.7,433.7,430.8,446.9,445.2,419.8,448.1,786.5,314.9,1.3,25.9
2025-04-23 18:27:15,450.6,455.2,434.9,440.5,433.4,430.5,446.6,444.6,420.3,447.7,786.0,314.3,1.4,25.9
2025-04-23 18:27:20,450.3,455.0,434.5,440.3,433.0,430.2,446.5,444.1,420.0,447.6,785.8,313.9,1.4,25.9
2025-04-23 18:27:25,450.8,454.5,434.9,439.7,432.8,429.8,446.1,444.3,419.8,447.3,785.6,313.9,1.3,25.9
2025-04-23 18:27:30,450.4,454.3,434.4,439.4,433.2,429.3,445.9,444.1,419.4,447.1,785.8,313.6,1.2,25.9
2025-04-23 18:27:35,449.9,453.9,434.4,439.3,432.9,429.2,445.4,443.7,419.0,446.9,785.6,313.3,1.1,25.9
2025-04-23 18:27:40,449.6,453.3,433.7,438.7,432.5,429.0,445.4,443.5,419.1,446.4,785.2,313.3,0.9,25.9
2025-04-23 18:27:45,449.3,452.8,433.1,438.5,432.0,428.8,445.2,443.0,419.2,446.1,785.3,313.1,0.9,25.9
2025-04-23 18:27:50,449.0,452.4,432.8,438.2,431.3,428.8,444.5,443.1,418.9,445.8,785.0,312.0,0.8,25.8
2025-04-23 18:27:55,448.4,451.5,432.4,437.5,431.2,428.7,444.5,442.4,417.8,445.5,785.0,311.3,0.8,25.8
2025-04-23 18:28:00,448.1,451.7,432.2,437.1,430.4,428.5,444.0,442.3,417.6,445.3,784.7,311.0,0.9,25.8
2025-04-23 18:28:05,447.8,452.0,432.0,436.8,430.1,428.3,443.6,442.1,417.6,445.1,784.4,311.0,1.6,25.8
2025-04-23 18:28:10,447.6,451.9,432.2,436.9,429.9,428.1,443.2,442.1,417.1,444.7,784.2,310.4,2.0,25.8
2025-04-23 18:28:15,447.5,451.6,432.1,437.0,429.8,427.6,442.9,441.6,416.4,444.4,783.9,310.1,2.0,25.8
2025-04-23 18:28:20,447.3,451.6,431.4,436.5,429.4,427.1,442.4,441.3,416.2,444.2,783.9,310.3,1.7,25.8
2025-04-23 18:28:25,447.1,451.6,431.0,436.4,429.4,427.1,442.5,440.9,416.4,444.1,784.1,309.6,1.7,25.8
2025-04-23 18:28:30,447.3,452.0,431.2,436.0,429.3,426.5,442.3,440.7,416.2,444.0,784.1,309.4,1.8,25.7
2025-04-23 18:28:35,447.1,451.5,431.2,435.9,429.0,426.5,441.9,440.6,415.7,443.7,783.4,309.4,1.7,25.7
2025-04-23 18:28:40,446.7,451.1,430.6,435.8,428.9,426.6,442.4,440.3,415.2,443.4,783.8,309.2,1.9,25.7
2025-04-23 18:28:45,446.3,450.8,430.1,435.5,428.7,426.1,442.4,440.4,414.9,443.4,783.9,309.1,1.6,25.7
2025-04-23 18:28:50,446.0,451.1,430.4,435.3,428.4,425.7,441.7,440.8,415.3,443.3,784.1,308.8,1.5,25.7
2025-04-23 18:28:55,445.7,451.1,430.3,435.0,428.1,425.7,442.2,441.2,415.1,443.1,784.5,308.5,1.2,25.7
2025-04-23 18:29:00,445.5,450.8,429.5,435.1,428.2,426.1,442.7,441.0,414.8,442.6,784.2,308.2,1.4,25.7
2025-04-23 18:29:05,445.0,450.6,429.5,435.0,428.3,426.1,442.5,441.1,414.9,442.6,784.3,307.4,1.4,25.7
2025-04-23 18:29:10,445.0,450.3,429.5,435.0,428.1,425.7,440.8,439.7,414.8,442.3,783.8,307.3,1.3,25.6
2025-04-23 18:29:15,444.6,449.8,429.4,434.9,427.6,425.2,440.4,439.8,414.6,442.1,783.6,307.3,1.6,25.6
2025-04-23 18:29:20,444.4,449.5,429.4,434.3,427.6,424.9,440.1,439.2,413.8,441.9,783.5,307.3,1.5,25.6
2025-04-23 18:29:25,444.3,449.2,429.5,434.5,426.9,424.8,439.6,438.8,413.5,441.7,784.0,306.6,1.4,25.6
2025-04-23 18:29:30,444.3,448.8,428.9,433.9,426.7,424.6,439.4,439.0,413.1,441.7,783.8,306.7,1.4,25.6
2025-04-23 18:29:35,443.9,448.5,428.2,433.7,426.1,424.4,439.0,438.8,412.9,441.2,783.8,306.6,1.3,25.6
2025-04-23 18:29:40,443.5,448.6,428.0,433.7,425.9,424.2,438.8,438.2,412.2,440.9,783.9,306.0,1.2,25.6
2025-04-23 18:29:45,443.1,448.3,427.6,433.4,425.6,424.0,438.7,437.8,412.0,440.9,784.1,305.0,1.1,25.6
2025-04-23 18:29:50,442.7,448.1,427.6,432.8,425.4,423.6,438.1,437.5,411.7,440.4,783.7,304.7,1.0,25.6
2025-04-23 18:29:55,442.5,447.9,427.8,432.3,424.5,423.4,438.0,437.2,411.6,440.1,783.3,304.1,1.0,25.5
2025-04-23 18:30:00,442.4,447.4,426.9,432.4,424.3,423.3,437.6,436.8,411.2,439.7,783.2,300.3,1.4,25.5
2025-04-23 18:30:05,442.3,447.1,426.9,432.3,423.9,423.1,437.3,436.2,411.5,439.4,783.1,302.8,1.5,25.5
2025-04-23 18:30:10,441.6,446.9,426.8,432.1,423.4,422.4,437.2,435.7,411.6,439.2,783.6,302.6,1.5,25.5
2025-04-23 18:30:15,441.1,446.5,426.7,431.6,422.9,422.5,437.1,435.8,411.5,439.0,783.2,301.7,1.4,25.5
2025-04-23 18:30:20,440.9,446.5,426.5,431.4,422.7,421.6,436.2,435.7,411.3,438.5,783.0,301.2,1.3,25.5
2025-04-23 18:30:25,440.6,445.9,426.0,430.9,422.3,421.3,436.0,435.1,410.9,438.2,782.8,301.0,1.4,25.5
2025-04-23 18:30:30,440.3,445.7,425.7,430.6,422.0,420.7,435.9,435.0,410.3,437.9,782.3,301.0,1.2,25.4
2025-04-23 18:30:35,440.1,445.6,425.4,429.8,421.9,420.7,436.0,434.8,409.9,437.7,782.0,300.3,1.1,25.4
2025-04-23 18:30:40,440.1,445.4,425.3,429.6,421.4,420.4,436.1,434.8,409.7,437.4,782.1,300.0,1.0,25.4
2025-04-23 18:30:45,439.7,444.2,425.0,429.2,421.5,419.8,436.0,434.9,409.2,437.3,782.3,299.6,1.1,25.4
2025-04-23 18:30:50,439.7,443.9,424.6,428.5,421.4,419.8,435.6,434.9,409.0,437.2,782.1,299.3,0.9,25.4
2025-04-23 18:30:55,439.5,442.8,424.4,428.0,421.9,419.5,434.9,434.4,408.6,436.9,782.0,299.6,0.8,25.4
2025-04-23 18:31:00,439.6,442.3,424.3,427.9,421.8,419.2,434.6,434.0,408.4,436.6,782.4,299.4,0.7,25.4
2025-04-23 18:31:05,439.6,441.5,424.5,427.7,421.9,418.7,434.7,433.7,408.1,436.4,782.5,299.2,0.5,25.4
2025-04-23 18:31:10,439.1,440.2,424.3,427.8,421.5,418.5,434.0,433.1,407.6,436.3,782.4,298.8,0.4,25.4
2025-04-23 18:31:15,438.8,439.6,424.0,427.4,421.3,419.0,433.4,432.8,407.3,435.9,781.7,298.5,0.5,25.4
2025-04-23 18:31:20,438.8,437.4,424.0,427.1,420.9,418.9,433.3,433.1,407.1,435.8,782.0,298.3,0.4,25.4
2025-04-23 18:31:25,438.5,436.1,423.9,426.9,420.8,419.0,433.5,432.4,406.5,435.5,782.2,297.9,0.6,25.4
2025-04-23 18:31:30,438.4,435.4,423.5,426.9,420.2,418.9,432.9,432.5,406.3,435.1,781.8,297.7,0.5,25.4
2025-04-23 18:31:35,438.1,432.5,423.2,426.7,420.0,418.7,432.6,432.2,406.2,434.9,781.6,297.5,0.5,25.4
2025-04-23 18:31:40,437.9,429.8,422.7,426.4,419.7,418.3,432.5,432.0,405.9,434.7,781.9,297.2,0.4,25.4
2025-04-23 18:31:45,437.7,427.5,422.7,426.3,419.8,418.3,432.2,431.5,406.3,434.3,781.7,296.6,0.3,25.4
2025-04-23 18:31:50,437.6,424.8,422.5,426.1,419.2,417.8,431.7,431.4,406.4,434.1,781.9,296.0,0.2,25.4
2025-04-23 18:31:55,437.4,421.1,422.4,425.7,419.2,417.2,431.7,431.5,406.1,434.0,782.4,295.8,0.2,25.4
2025-04-23 18:32:00,437.4,418.7,422.2,425.5,418.7,417.0,431.8,431.2,405.9,434.1,782.7,295.5,0.1,25.4
2025-04-23 18:32:05,437.0,415.7,422.1,425.1,418.4,417.1,431.4,431.2,405.4,433.8,782.2,295.1,0.2,25.4
2025-04-23 18:32:10,436.5,412.3,421.9,424.8,417.9,417.4,431.3,431.7,405.5,433.2,782.0,294.9,0.3,25.4
2025-04-23 18:32:15,436.6,407.2,422.3,425.0,417.4,416.8,430.8,430.9,405.4,433.2,782.1,294.5,0.9,25.4
2025-04-23 18:32:20,436.1,403.6,422.4,424.8,417.2,416.6,430.4,430.8,405.4,432.8,781.8,294.4,1.4,25.4
2025-04-23 18:32:25,436.1,397.5,422.1,424.8,417.0,416.5,430.6,430.8,405.6,432.6,781.9,294.4,1.9,25.4
2025-04-23 18:32:30,436.0,392.6,422.0,424.8,416.8,415.8,430.5,429.8,405.7,432.3,782.0,294.3,1.5,25.5
2025-04-23 18:32:35,435.6,387.0,421.6,424.8,416.8,415.3,430.0,429.5,405.4,432.1,781.8,294.1,1.3,25.5
2025-04-23 18:32:40,435.5,379.9,421.3,424.6,416.8,415.1,430.0,429.3,405.4,431.7,781.7,293.7,1.7,25.5
2025-04-23 18:32:45,435.5,373.9,420.5,424.2,416.6,415.0,429.8,428.9,405.4,431.7,782.1,293.2,1.7,25.5
2025-04-23 18:32:50,435.2,370.4,420.3,423.7,416.4,415.2,429.8,428.9,404.4,431.5,782.1,293.5,1.6,25.5
2025-04-23 18:32:55,434.8,359.1,420.0,423.4,416.3,415.4,430.0,428.5,404.1,431.2,781.4,293.3,1.6,25.5
2025-04-23 18:33:00,434.3,351.5,420.0,422.9,416.0,415.1,429.8,428.3,404.2,431.2,781.4,292.4,1.3,25.5
2025-04-23 18:33:05,434.0,346.3,419.8,422.8,416.0,415.1,429.5,428.4,403.9,431.0,781.6,291.8,1.3,25.5
2025-04-23 18:33:10,433.2,335.4,419.1,422.3,415.8,414.7,428.9,428.6,403.5,430.8,782.0,291.3,1.4,25.5
2025-04-23 18:33:15,433.0,330.9,418.9,422.1,415.6,414.4,428.8,428.1,403.1,430.8,782.1,291.1,1.5,25.5
2025-04-23 18:33:20,432.5,321.3,418.0,421.3,415.2,414.1,428.7,428.0,402.6,430.4,780.9,290.4,1.4,25.5
2025-04-23 18:33:25,432.5,313.6,418.0,421.4,415.1,413.6,428.3,427.6,402.2,430.3,781.5,290.5,1.3,25.5
2025-04-23 18:33:30,432.4,302.8,418.0,420.8,415.2,412.6,428.3,427.3,401.7,430.1,781.5,290.3,1.1,25.5
2025-04-23 18:33:35,432.4,295.4,417.9,420.8,415.1,412.1,428.5,426.5,401.3,429.8,781.2,290.0,0.9,25.5
2025-04-23 18:33:40,432.2,286.2,417.6,420.4,414.8,411.9,427.9,426.4,400.9,429.7,781.1,290.0,0.8,25.5
2025-04-23 18:33:45,431.8,275.2,417.5,420.3,414.7,411.5,427.5,426.1,400.8,429.3,781.0,289.7,0.7,25.5
2025-04-23 18:33:50,431.3,266.2,417.0,420.2,414.4,411.3,427.2,425.9,400.3,429.1,781.3,289.3,0.6,25.5
2025-04-23 18:33:55,431.3,255.4,416.4,419.8,414.2,411.4,426.8,425.7,399.8,428.9,781.2,289.0,0.4,25.5
2025-04-23 18:34:00,431.1,246.6,416.2,419.8,414.4,411.4,426.9,425.5,399.4,428.5,781.1,288.4,0.4,25.5
2025-04-23 18:34:05,430.9,237.0,415.8,419.5,414.1,411.5,426.8,424.9,399.3,428.4,781.0,287.8,0.3,25.5
2025-04-23 18:34:10,430.1,230.9,415.5,419.5,413.6,410.8,425.6,425.0,399.4,427.9,780.8,287.5,0.3,25.5
2025-04-23 18:34:15,429.9,222.1,415.7,419.6,413.1,410.8,425.6,424.8,399.1,427.8,780.5,287.0,0.3,25.5
2025-04-23 18:34:20,429.9,211.5,415.6,419.5,413.1,410.8,425.7,424.1,398.8,427.4,780.6,286.4,0.2,25.5
2025-04-23 18:34:25,429.4,196.6,415.6,419.1,412.5,410.3,425.2,423.9,398.5,427.1,779.8,286.5,0.1,25.5
2025-04-23 18:34:30,429.3,192.0,415.7,418.8,412.3,410.3,424.9,423.8,398.2,426.5,779.9,286.6,0.3,25.5
2025-04-23 18:34:35,428.7,181.9,415.1,418.3,411.9,410.3,425.0,423.4,397.8,426.3,780.1,286.5,0.5,25.5
2025-04-23 18:34:40,428.5,173.4,414.9,417.8,411.6,410.0,424.9,423.3,397.5,426.1,779.8,286.7,0.8,25.5
2025-04-23 18:34:45,428.4,165.1,414.6,417.4,411.7,409.6,424.7,423.4,397.4,425.9,779.6,286.7,1.0,25.5
2025-04-23 18:34:50,428.1,154.7,414.4,417.0,411.5,409.3,424.3,423.2,397.0,425.5,779.7,285.9,1.0,25.5
2025-04-23 18:34:55,427.9,146.5,414.3,416.8,411.1,409.3,423.8,422.5,396.6,425.0,779.3,285.3,1.1,25.5
2025-04-23 18:35:00,427.7,137.9,413.8,416.5,410.9,409.0,423.7,422.5,396.5,424.9,779.5,285.1,1.1,25.5
2025-04-23 18:35:05,427.5,130.1,413.3,416.3,410.7,408.9,424.0,422.0,395.9,424.7,779.7,284.8,1.2,25.5
2025-04-23 18:35:10,427.3,123.9,412.7,415.9,409.8,408.7,423.7,421.9,396.3,424.3,779.2,284.1,1.1,25.5
2025-04-23 18:35:15,427.1,119.0,412.6,415.8,409.8,408.1,423.9,421.9,396.2,424.0,779.4,283.4,0.9,25.5
2025-04-23 18:35:20,427.2,112.4,412.2,415.6,409.5,408.1,423.8,421.5,396.3,423.7,779.3,283.2,0.8,25.5
2025-04-23 18:35:25,427.0,106.7,411.9,415.1,409.3,408.3,423.4,421.4,396.0,423.3,779.5,283.0,0.8,25.5
2025-04-23 18:35:30,426.5,100.0,411.6,414.6,408.7,407.8,423.4,421.4,395.7,423.1,778.9,282.7,0.8,25.5
2025-04-23 18:35:35,425.8,95.1,411.4,414.4,408.3,407.3,423.1,421.2,395.4,422.8,778.6,282.0,0.8,25.5
2025-04-23 18:35:40,425.8,90.8,411.2,414.0,408.6,406.5,423.5,420.9,395.3,422.5,778.7,281.9,0.8,25.6
2025-04-23 18:35:45,425.6,86.9,410.9,414.0,408.4,406.4,423.2,420.8,395.2,422.6,778.8,281.3,0.8,25.6
2025-04-23 18:35:50,425.5,82.8,410.7,413.6,408.2,405.9,423.0,420.2,394.9,422.5,778.3,281.1,0.7,25.6
2025-04-23 18:35:55,425.2,77.6,410.5,413.6,407.5,405.4,422.7,419.5,394.6,421.9,778.4,280.7,0.6,25.6
2025-04-23 18:36:00,424.9,74.7,410.5,413.6,407.3,405.2,422.6,419.5,394.2,421.3,777.5,280.8,0.5,25.6
2025-04-23 18:36:05,424.6,71.6,410.1,413.2,407.3,405.0,422.4,419.3,394.2,421.2,777.6,280.8,1.2,25.6
2025-04-23 18:36:10,424.5,68.7,409.8,412.4,407.0,404.9,421.9,419.1,394.0,420.9,777.7,280.3,1.2,25.6
2025-04-23 18:36:15,424.2,67.1,409.7,412.0,406.9,404.9,420.7,418.7,393.6,420.9,777.7,279.8,1.4,25.6
2025-04-23 18:36:20,424.2,65.2,409.4,411.8,406.6,404.6,420.5,418.2,393.0,420.7,778.0,279.6,1.8,25.6
2025-04-23 18:36:25,424.1,62.5,409.2,411.7,406.4,404.3,420.4,418.0,392.4,420.5,777.5,279.2,2.1,25.6
2025-04-23 18:36:30,423.8,61.8,408.9,411.5,406.2,403.9,420.1,417.3,392.0,420.2,777.7,279.0,2.1,25.6
2025-04-23 18:36:35,423.2,60.0,409.3,411.6,406.0,403.9,420.1,417.1,391.4,419.9,777.2,278.6,1.7,25.6
2025-04-23 18:36:40,422.9,59.8,408.9,411.8,405.6,403.7,420.0,417.0,391.1,419.7,777.6,279.0,1.4,25.6
2025-04-23 18:36:45,422.5,59.3,408.4,411.8,405.3,403.5,419.9,416.9,391.1,419.6,777.1,279.3,1.3,25.6
2025-04-23 18:36:50,422.2,58.7,407.9,411.1,405.3,402.8,419.3,416.8,390.9,419.4,776.9,279.0,1.2,25.6
2025-04-23 18:36:55,422.1,58.2,407.3,410.5,405.0,402.7,419.1,416.3,390.5,419.2,777.0,278.4,1.1,25.6
2025-04-23 18:37:00,421.8,57.6,406.8,409.9,404.3,402.1,425.8,416.3,390.5,418.9,776.7,277.9,1.0,25.6
2025-04-23 18:37:05,421.6,57.0,406.5,409.8,404.3,401.5,456.5,416.0,390.4,418.8,776.7,277.6,1.0,25.6
2025-04-23 18:37:10,421.2,56.8,406.5,409.8,404.2,400.8,418.8,415.6,389.9,418.3,776.6,277.3,1.1,25.6
2025-04-23 18:37:15,420.1,56.2,406.3,409.0,403.4,400.3,417.3,414.9,389.5,417.9,776.4,276.9,1.4,25.7
2025-04-23 18:37:20,419.9,56.0,405.7,408.3,403.2,400.1,416.2,414.4,388.9,417.5,776.1,276.4,1.3,25.7
2025-04-23 18:37:25,419.8,55.9,405.4,407.8,402.9,399.5,416.4,414.0,388.7,417.3,776.1,276.1,1.2,25.7
2025-04-23 18:37:30,419.3,55.8,404.8,407.7,402.8,399.4,416.2,413.4,388.4,417.1,775.5,275.8,1.1,25.7
2025-04-23 18:37:35,419.2,55.7,404.6,407.6,404.1,399.3,416.2,413.0,388.2,417.0,775.2,275.6,1.0,25.7
2025-04-23 18:37:40,418.5,55.5,404.1,407.3,402.4,399.2,415.9,412.9,387.7,416.5,775.1,275.4,0.9,25.7
2025-04-23 18:37:45,418.2,55.2,403.8,407.2,402.2,399.1,415.5,412.7,387.5,416.1,776.2,274.9,0.7,25.7
2025-04-23 18:37:50,417.5,54.8,403.3,406.6,401.5,398.7,415.3,412.7,386.8,416.2,775.4,274.5,0.6,25.7
2025-04-23 18:37:55,417.1,54.9,403.0,406.1,401.4,398.5,415.4,412.3,387.3,415.7,774.7,273.9,0.5,25.7
2025-04-23 18:38:00,416.9,55.0,403.0,405.5,400.8,397.8,415.4,412.1,387.1,415.8,774.7,273.4,0.4,25.7
2025-04-23 18:38:05,417.2,55.1,402.3,405.1,400.0,396.9,415.0,411.9,386.9,415.5,775.0,273.0,0.3,25.7
2025-04-23 18:38:10,416.9,55.1,402.0,404.9,399.5,396.7,414.2,411.6,386.4,415.4,775.1,272.7,0.2,25.7
2025-04-23 18:38:15,416.4,55.2,401.6,404.8,399.6,395.8,413.9,411.4,386.2,414.9,775.0,272.0,0.2,25.7
2025-04-23 18:38:20,416.3,55.1,401.2,404.3,398.9,396.1,413.0,410.1,385.5,414.7,774.6,271.7,0.1,25.7
2025-04-23 18:38:25,416.2,54.9,400.9,404.1,398.6,395.7,412.7,409.1,384.8,414.0,774.2,271.5,0.1,25.7
2025-04-23 18:38:30,415.8,55.0,400.5,403.6,398.1,395.0,412.2,408.9,384.4,413.7,774.3,271.2,0.1,25.7
2025-04-23 18:38:35,415.7,54.7,400.2,403.0,397.9,394.7,411.8,408.4,383.8,413.6,773.9,270.5,0.6,25.7
2025-04-23 18:38:40,415.4,54.5,400.2,402.5,397.8,394.3,411.6,407.8,383.7,413.3,773.2,270.5,1.2,25.7
2025-04-23 18:38:45,415.2,54.3,399.8,402.4,397.3,394.4,411.4,407.5,383.4,412.9,773.4,270.2,1.4,25.7
2025-04-23 18:38:50,414.8,54.1,399.7,401.9,397.0,394.9,411.1,406.9,382.8,412.6,772.9,269.7,1.4,25.7
2025-04-23 18:38:55,414.3,54.1,399.7,401.7,396.8,394.6,411.0,406.7,382.3,412.3,772.8,269.1,1.5,25.7
2025-04-23 18:39:00,414.0,54.3,399.7,401.6,396.6,393.2,410.8,406.2,382.0,412.2,773.3,268.9,1.6,25.7
2025-04-23 18:39:05,414.0,54.5,399.2,401.5,396.3,393.1,410.3,406.0,381.4,411.9,773.3,268.8,1.5,25.7
2025-04-23 18:39:10,413.7,54.7,398.8,401.2,396.0,392.7,409.9,405.8,381.2,411.4,772.8,268.2,1.1,25.7
2025-04-23 18:39:15,413.3,54.5,398.6,401.1,396.0,392.2,409.4,405.4,381.1,411.3,773.1,268.2,0.9,25.7
2025-04-23 18:39:20,413.2,54.4,398.5,401.4,395.6,392.1,409.1,405.3,381.0,411.0,772.5,268.1,0.9,25.7
2025-04-23 18:39:25,412.8,54.4,398.4,401.2,395.3,391.8,408.6,405.1,380.8,410.6,772.5,267.7,1.4,25.6
2025-04-23 18:39:30,412.7,54.5,398.1,400.9,395.0,391.5,408.9,405.1,380.5,410.3,772.3,267.0,1.4,25.6
2025-04-23 18:39:35,412.7,54.7,397.5,400.6,394.5,391.7,408.6,405.4,380.2,410.2,772.3,266.6,1.6,25.6
2025-04-23 18:39:40,412.5,54.7,397.1,400.3,394.2,391.6,408.2,405.7,379.9,409.6,772.0,266.6,1.7,25.6
2025-04-23 18:39:45,412.1,54.8,396.8,400.0,393.7,391.0,407.8,405.2,379.7,409.3,771.7,266.5,1.8,25.6
2025-04-23 18:39:50,412.3,54.5,396.6,400.2,393.6,391.2,407.2,404.6,379.2,409.0,772.4,265.8,1.5,25.6
2025-04-23 18:39:55,412.1,54.3,396.8,400.0,393.5,391.5,406.9,404.2,379.3,408.8,772.0,265.6,1.3,25.6
2025-04-23 18:40:00,411.7,54.5,395.8,399.2,393.5,390.9,406.9,403.9,379.3,408.6,772.1,265.2,1.3,25.6
2025-04-23 18:40:05,411.1,54.6,395.6,398.8,392.5,390.6,406.2,403.4,379.3,408.2,771.6,264.8,1.1,25.6
2025-04-23 18:40:10,411.2,54.5,395.7,398.5,392.3,390.2,405.8,403.4,379.1,408.1,771.4,264.8,1.0,25.6
2025-04-23 18:40:15,411.2,54.4,395.9,398.5,391.8,390.2,405.6,403.3,378.8,407.4,770.9,265.0,1.0,25.6
2025-04-23 18:40:20,410.5,54.4,394.9,398.2,391.5,389.5,405.5,403.1,378.5,407.1,771.3,264.5,1.3,25.6
2025-04-23 18:40:25,410.4,54.6,394.8,398.2,391.3,389.4,405.1,403.3,378.2,407.1,771.6,264.3,1.4,25.6
2025-04-23 18:40:30,410.1,54.5,394.8,397.5,391.5,389.1,404.8,402.5,377.6,406.7,771.0,263.7,1.3,25.6
2025-04-23 18:40:35,409.7,54.4,394.9,397.6,391.7,389.3,404.6,402.3,377.1,406.4,770.6,263.6,1.3,25.6
2025-04-23 18:40:40,409.4,54.4,394.5,397.2,391.6,389.6,404.7,402.2,377.0,406.2,770.3,263.7,1.3,25.6
2025-04-23 18:40:45,409.2,54.5,394.1,396.8,390.9,388.9,404.2,402.4,376.9,406.1,770.6,263.1,1.2,25.6
2025-04-23 18:40:50,409.0,54.7,394.0,396.5,391.1,388.4,403.9,402.2,376.7,405.9,770.7,262.4,1.1,25.5
2025-04-23 18:40:55,408.6,54.7,393.7,396.5,391.0,388.2,403.7,401.6,376.4,405.5,770.0,262.1,1.4,25.6
2025-04-23 18:41:00,408.3,54.4,392.7,396.4,390.6,388.0,403.4,401.1,376.0,405.1,770.2,262.2,1.3,25.5
2025-04-23 18:41:05,408.0,54.2,392.9,396.3,390.3,387.9,403.2,400.8,375.7,404.7,770.1,262.6,1.2,25.5
2025-04-23 18:41:10,407.6,53.9,392.5,396.2,389.8,388.0,403.0,400.7,375.1,404.5,769.9,262.4,1.1,25.5
2025-04-23 18:41:15,407.3,53.7,392.2,396.2,389.2,388.0,402.6,401.1,375.0,404.1,769.3,262.6,1.1,25.5
2025-04-23 18:41:20,407.2,53.8,391.8,396.1,389.2,387.9,402.1,400.9,375.3,404.1,769.4,262.2,1.0,25.5
2025-04-23 18:41:25,406.8,53.8,391.4,395.8,388.9,387.3,402.0,400.4,375.1,403.9,769.5,261.0,1.1,25.5
2025-04-23 18:41:30,406.5,54.0,391.2,395.4,388.5,387.0,401.9,400.2,374.2,403.7,769.5,260.9,1.1,25.5
2025-04-23 18:41:35,405.9,54.2,390.5,394.7,388.0,386.2,400.9,399.6,373.7,403.0,769.3,260.1,1.0,25.5
2025-04-23 18:41:40,405.5,54.1,390.4,394.4,387.7,385.9,400.6,399.0,373.2,402.1,768.1,259.7,0.9,25.5
2025-04-23 18:41:45,404.7,54.3,390.0,394.1,387.1,385.8,400.2,399.0,373.1,402.1,768.2,258.7,0.7,25.5
2025-04-23 18:41:50,404.7,54.4,389.6,393.8,386.9,385.1,399.4,398.2,372.9,401.7,767.7,258.3,0.7,25.5
2025-04-23 18:41:55,404.1,54.3,389.2,393.0,386.3,384.7,399.2,397.9,372.7,401.6,767.4,258.4,0.8,25.5
2025-04-23 18:42:00,403.6,54.0,388.9,393.0,386.1,384.4,399.2,397.7,372.4,401.2,767.0,257.8,0.8,25.5
2025-04-23 18:42:05,403.4,54.1,388.5,392.5,385.7,384.3,398.6,397.2,372.2,401.0,767.2,257.7,0.7,25.5
2025-04-23 18:42:10,403.1,54.2,388.7,392.4,385.7,383.7,398.1,396.8,372.0,400.7,767.2,257.2,0.6,25.5
2025-04-23 18:42:15,402.7,54.2,388.1,391.8,385.3,382.7,397.6,396.8,371.1,400.3,766.7,256.9,0.6,25.5
2025-04-23 18:42:20,402.2,54.3,387.5,391.6,385.0,382.9,396.9,396.4,370.7,400.1,766.4,256.6,0.5,25.5
2025-04-23 18:42:25,401.6,54.3,387.2,391.8,384.4,382.8,396.6,395.8,370.1,399.9,766.3,256.5,0.4,25.5
2025-04-23 18:42:30,401.5,54.5,386.3,391.7,384.0,382.2,396.4,395.7,369.5,399.6,766.1,256.0,0.3,25.5
2025-04-23 18:42:35,401.2,54.4,386.0,391.1,384.0,381.3,396.1,395.2,369.2,399.4,766.2,255.3,0.3,25.5
2025-04-23 18:42:40,400.6,54.2,385.9,390.7,383.5,381.3,395.5,394.2,369.1,398.9,765.4,254.6,0.4,25.5
2025-04-23 18:42:45,400.4,54.3,385.4,390.2,383.0,380.7,395.2,394.2,368.7,398.6,765.1,254.0,0.5,25.5
2025-04-23 18:42:50,399.6,54.4,385.3,389.7,382.9,380.7,395.0,393.5,368.1,398.5,765.0,253.7,0.6,25.5
2025-04-23 18:42:55,399.2,54.3,385.0,389.6,382.2,380.5,394.6,393.0,367.2,398.2,764.9,253.4,0.5,25.5
2025-04-23 18:43:00,398.8,54.3,384.8,389.0,381.6,379.9,394.2,392.3,366.7,398.1,765.1,253.1,0.5,25.5
2025-04-23 18:43:05,398.1,54.3,384.7,388.8,381.3,379.7,394.0,392.2,366.4,397.7,764.5,253.0,0.3,25.5
2025-04-23 18:43:10,397.9,54.2,384.1,388.2,381.2,379.1,393.8,391.7,365.8,397.3,764.2,252.6,0.3,25.5
2025-04-23 18:43:15,397.6,54.0,383.9,388.1,381.0,378.5,393.7,391.3,365.5,397.0,764.0,252.2,0.1,25.5
2025-04-23 18:43:20,396.6,54.1,383.4,387.8,380.6,377.8,393.2,390.8,365.1,396.8,764.1,251.3,0.1,25.5
2025-04-23 18:43:25,396.3,54.3,383.2,387.5,380.4,377.8,392.6,390.4,364.8,395.9,763.3,251.0,0.0,25.5
2025-04-23 18:43:30,396.0,54.4,382.8,387.2,380.1,378.0,392.1,389.7,364.2,395.5,762.9,250.9,0.0,25.5
2025-04-23 18:43:35,395.9,54.4,382.2,387.2,380.0,377.5,391.6,389.5,363.9,395.3,762.8,250.3,0.0,25.5
2025-04-23 18:43:40,396.0,54.2,381.9,387.0,379.7,377.0,391.4,389.1,363.8,395.0,762.8,250.1,0.0,25.5
2025-04-23 18:43:45,395.2,54.0,381.5,386.4,379.5,376.5,391.0,388.6,363.5,394.8,762.5,249.5,0.0,25.5
2025-04-23 18:43:50,394.6,53.8,381.2,385.7,379.2,375.9,390.7,388.7,362.8,394.5,762.5,248.9,0.0,25.5
2025-04-23 18:43:55,394.3,53.6,380.4,385.1,378.5,375.2,390.6,389.0,362.8,394.3,762.8,248.6,0.0,25.5
2025-04-23 18:44:00,394.5,53.7,380.3,384.8,378.7,374.9,390.0,388.8,362.4,394.0,762.3,248.4,0.0,25.5
2025-04-23 18:44:05,394.4,53.7,380.1,384.3,378.5,374.8,389.9,388.8,362.2,393.6,762.3,248.0,0.0,25.5
2025-04-23 18:44:10,394.0,53.7,380.0,384.1,378.3,374.3,389.7,388.7,362.1,393.4,762.3,247.5,0.0,25.6
2025-04-23 18:44:15,393.6,53.9,379.6,383.6,378.2,373.6,389.8,388.4,362.2,393.2,762.2,247.3,0.0,25.6
2025-04-23 18:44:20,393.4,54.0,379.4,383.1,377.9,373.5,389.4,387.6,361.8,392.6,761.4,246.9,0.0,25.6
2025-04-23 18:44:25,392.9,54.3,378.9,381.9,377.2,373.0,388.9,386.8,361.4,392.1,761.1,246.5,0.0,25.6
2025-04-23 18:44:30,392.3,54.6,378.6,381.8,376.8,372.7,388.4,386.4,361.1,391.7,760.6,246.2,0.0,25.6
2025-04-23 18:44:35,392.0,54.8,378.5,381.6,376.3,372.2,388.5,386.1,360.8,391.3,760.3,246.0,0.0,25.6
2025-04-23 18:44:40,391.5,55.4,377.9,381.4,375.9,371.8,388.4,385.3,360.3,390.8,760.2,245.5,0.0,25.6
2025-04-23 18:44:45,391.3,56.2,377.1,381.2,375.6,371.3,387.8,384.9,359.8,390.7,760.4,245.2,0.0,25.6
2025-04-23 18:44:50,391.1,57.6,376.9,380.8,375.1,371.0,387.2,384.6,359.7,390.3,759.8,244.7,0.0,25.6
2025-04-23 18:44:55,390.5,58.6,376.5,380.2,375.1,370.7,386.5,384.8,359.3,389.9,760.0,244.4,0.0,25.6
2025-04-23 18:45:00,390.0,59.6,376.4,380.0,375.0,370.3,386.2,384.5,358.8,389.5,759.5,244.0,0.0,25.6
2025-04-23 18:45:05,390.0,61.4,375.9,379.9,374.2,370.1,384.9,383.9,357.8,389.1,758.8,243.9,0.0,25.7
2025-04-23 18:45:10,389.8,62.6,375.8,379.2,373.7,369.6,384.9,383.7,357.4,388.6,758.6,243.5,0.0,25.7
2025-04-23 18:45:15,389.1,65.3,375.4,378.9,373.5,369.1,385.1,383.3,357.2,388.5,758.5,243.1,0.0,25.7
2025-04-23 18:45:20,388.7,67.3,374.9,378.8,373.2,369.2,385.1,383.1,356.9,388.1,758.3,243.0,0.0,25.7
2025-04-23 18:45:25,388.3,69.9,374.6,378.7,372.5,368.8,384.6,382.8,356.6,387.9,758.6,242.8,0.0,25.7
2025-04-23 18:45:30,387.9,72.5,374.5,378.3,372.3,368.8,384.4,382.3,356.4,387.6,758.0,242.3,0.0,25.7
2025-04-23 18:45:35,387.8,75.9,374.3,378.3,372.4,368.7,383.9,382.0,355.9,387.1,757.5,242.2,0.0,25.7
2025-04-23 18:45:40,387.6,77.6,374.1,378.0,372.1,368.1,383.7,382.0,355.5,386.8,757.2,241.8,0.0,25.8
2025-04-23 18:45:45,387.2,85.0,373.5,377.4,371.5,368.3,383.1,381.8,355.1,386.6,757.8,241.3,0.0,25.8
2025-04-23 18:45:50,386.9,89.6,373.3,377.1,371.4,367.6,382.9,381.4,355.0,386.2,757.4,240.9,0.0,25.8
2025-04-23 18:45:55,386.8,92.9,372.9,376.6,371.0,367.4,382.6,381.3,354.7,385.9,757.2,240.3,0.0,25.8
2025-04-23 18:46:00,386.6,98.1,372.8,376.1,370.7,366.8,382.6,381.1,354.7,385.7,757.2,239.9,0.0,25.8
2025-04-23 18:46:05,386.5,103.0,372.4,375.8,370.4,365.9,382.2,380.9,354.6,385.5,758.0,239.6,0.0,25.8
2025-04-23 18:46:10,386.3,109.5,371.9,375.5,370.5,365.9,381.9,380.4,353.9,385.1,757.8,239.5,0.0,25.8
2025-04-23 18:46:15,385.9,115.3,371.7,375.3,370.6,365.7,381.6,380.0,353.9,384.9,757.3,238.9,0.0,25.8
2025-04-23 18:46:20,385.8,122.9,371.6,375.0,370.3,365.3,380.8,379.9,353.6,384.7,757.2,238.7,0.0,25.8
2025-04-23 18:46:25,385.4,130.0,371.5,374.7,370.1,364.9,381.0,379.1,353.2,384.3,757.4,238.7,0.0,25.8
2025-04-23 18:46:30,385.2,137.3,371.2,374.1,369.5,364.3,380.7,379.0,352.8,384.2,757.2,238.3,0.0,25.8
2025-04-23 18:46:35,384.8,142.4,371.1,374.1,369.4,364.2,380.4,378.2,352.3,383.9,756.2,237.8,0.0,25.9
2025-04-23 18:46:40,384.5,149.3,370.8,373.7,368.8,364.2,380.2,378.2,352.1,383.4,756.5,237.5,0.0,25.8
2025-04-23 18:46:45,384.4,156.6,370.4,373.2,368.0,364.2,380.1,378.4,351.8,383.0,756.0,236.9,0.0,25.9
2025-04-23 18:46:50,384.4,165.8,370.0,372.7,367.9,364.1,379.9,377.9,351.4,382.9,757.0,236.6,0.0,25.9
2025-04-23 18:46:55,384.0,174.3,369.7,372.4,367.3,363.6,379.3,377.8,350.8,382.9,755.5,236.1,0.0,25.9
2025-04-23 18:47:00,383.8,184.6,369.4,372.0,366.9,363.0,379.3,377.6,350.7,382.4,755.7,235.7,0.0,25.9
2025-04-23 18:47:05,383.6,193.1,369.2,371.9,366.4,363.0,378.5,376.8,350.2,382.3,757.2,235.5,0.0,25.9
2025-04-23 18:47:10,383.2,201.4,368.9,371.9,366.3,362.5,378.4,376.1,350.2,381.9,755.6,235.1,0.0,25.9
2025-04-23 18:47:15,382.8,211.4,368.9,372.0,366.3,362.8,377.9,376.1,350.2,381.9,755.9,234.8,0.0,25.9
2025-04-23 18:47:20,382.4,219.8,368.7,371.5,365.7,362.7,377.7,376.3,350.0,381.6,756.2,234.4,0.0,25.9
2025-04-23 18:47:25,381.8,230.7,368.6,371.3,365.5,362.3,377.5,376.2,349.8,381.2,756.2,234.1,0.0,26.0
2025-04-23 18:47:30,381.3,239.9,368.3,370.8,365.6,361.6,377.4,375.2,349.1,381.0,756.1,233.9,0.0,26.0
2025-04-23 18:47:35,381.1,248.1,367.7,370.2,365.1,360.7,376.7,375.2,348.9,380.2,755.6,233.5,0.0,26.0
2025-04-23 18:47:40,380.7,258.3,367.9,369.9,365.2,360.6,376.6,375.2,348.2,380.1,755.1,233.2,0.0,26.0
2025-04-23 18:47:45,380.3,266.0,367.1,369.6,365.0,360.2,376.5,374.6,348.0,379.7,755.2,232.9,0.0,26.0
2025-04-23 18:47:50,380.3,269.8,367.0,369.7,364.5,360.3,376.4,374.0,347.6,379.4,755.0,232.4,0.0,26.0
2025-04-23 18:47:55,380.3,279.8,366.4,369.6,364.2,359.9,375.7,373.6,347.3,378.9,754.0,232.3,0.0,26.0
2025-04-23 18:48:00,380.0,288.1,365.9,369.5,363.8,359.8,375.1,373.3,346.8,378.5,754.0,232.3,0.0,26.0
2025-04-23 18:48:05,379.5,296.3,365.6,369.2,363.3,359.4,375.0,373.1,346.9,378.2,753.1,232.3,0.0,26.0
2025-04-23 18:48:10,379.6,303.6,365.1,369.0,363.0,359.4,374.2,372.9,346.3,377.7,752.9,232.3,0.0,26.1
2025-04-23 18:48:15,379.0,310.2,365.0,368.1,362.9,359.2,374.0,373.0,345.8,377.5,752.5,231.9,0.0,26.1
2025-04-23 18:48:20,378.6,318.1,364.6,367.9,362.5,359.1,373.8,372.8,345.6,377.1,751.9,231.3,0.0,26.1
2025-04-23 18:48:25,378.3,323.3,364.2,367.5,362.3,358.1,373.4,371.8,345.4,376.7,752.0,231.0,0.0,26.1
2025-04-23 18:48:30,378.0,326.7,364.3,367.5,362.1,358.2,373.3,371.5,344.9,376.4,751.2,230.8,0.0,26.1
2025-04-23 18:48:35,377.4,336.6,364.0,366.8,361.6,357.7,372.8,371.3,344.8,376.0,750.9,230.4,0.0,26.1
2025-04-23 18:48:40,377.6,340.7,363.7,366.4,361.3,357.4,372.6,371.1,344.3,375.8,751.1,230.2,0.0,26.1
2025-04-23 18:48:45,377.5,344.6,363.7,366.2,361.1,357.0,372.2,370.8,344.1,375.4,751.6,230.0,0.0,26.1
2025-04-23 18:48:50,377.0,349.0,363.7,365.8,361.0,356.8,371.9,370.4,343.3,375.0,750.9,229.7,0.0,26.1
2025-04-23 18:48:55,376.6,353.0,363.3,365.8,360.6,356.5,371.7,370.2,343.3,374.8,750.8,229.6,0.0,26.2
2025-04-23 18:49:00,376.2,357.5,362.7,365.5,360.5,356.4,371.6,369.8,342.8,374.6,751.3,229.4,0.2,26.2
2025-04-23 18:49:05,375.9,360.7,362.2,365.1,360.2,355.4,371.3,369.6,342.6,374.6,751.8,228.8,0.3,26.2
2025-04-23 18:49:10,375.4,363.8,362.1,364.8,360.1,355.3,371.1,369.4,342.4,374.3,751.3,228.2,0.4,26.2
2025-04-23 18:49:15,375.3,366.0,361.7,364.6,359.8,354.7,370.7,368.9,342.3,374.0,751.4,227.7,0.6,26.2
2025-04-23 18:49:20,374.7,367.7,361.5,364.4,359.2,354.6,370.2,368.6,342.1,374.2,750.9,227.2,0.6,26.3
2025-04-23 18:49:25,374.5,369.8,360.8,363.8,359.2,354.1,369.9,368.5,341.9,373.6,750.3,226.8,0.5,26.3
2025-04-23 18:49:30,374.1,370.6,360.8,363.6,358.5,353.9,369.3,368.4,341.7,373.5,750.5,226.2,0.5,26.3
2025-04-23 18:49:35,373.9,370.9,360.8,363.4,358.5,353.7,369.0,368.3,341.3,372.9,749.8,226.1,0.5,26.3
2025-04-23 18:49:40,373.7,372.9,360.2,363.4,358.2,353.1,368.9,368.0,340.7,372.4,749.8,225.9,0.6,26.3
2025-04-23 18:49:45,373.4,373.5,359.9,363.2,358.3,352.8,368.7,367.2,340.4,372.3,749.8,225.7,0.6,26.3
2025-04-23 18:49:50,373.1,373.7,359.8,363.1,358.5,352.8,368.9,366.6,340.1,372.1,749.7,225.8,0.6,26.3
2025-04-23 18:49:55,372.8,373.9,359.4,363.0,358.1,352.4,368.8,366.4,339.5,372.0,749.6,225.3,0.6,26.3
2025-04-23 18:50:00,372.8,373.6,358.9,363.0,357.6,352.8,368.3,366.1,339.2,371.8,749.7,225.1,0.6,26.3
2025-04-23 18:50:05,372.8,374.1,358.8,362.8,357.2,352.6,368.0,365.5,339.1,371.3,748.2,224.6,0.6,26.3
2025-04-23 18:50:10,372.4,374.4,358.7,362.3,356.9,353.0,368.0,365.4,339.2,371.1,749.7,224.4,0.5,26.3
2025-04-23 18:50:15,371.6,373.5,358.1,362.1,356.8,353.2,368.0,365.6,339.0,370.9,749.5,224.0,0.4,26.3
2025-04-23 18:50:20,371.4,373.3,358.2,361.8,356.3,353.1,366.7,365.8,338.7,370.3,748.8,223.5,0.3,26.3
2025-04-23 18:50:25,371.2,373.1,358.2,361.1,355.9,352.4,366.8,365.7,338.4,370.0,748.9,223.3,0.2,26.3
2025-04-23 18:50:30,370.9,372.7,357.9,360.7,355.6,352.0,366.8,365.2,337.9,369.8,747.9,223.1,0.1,26.3
2025-04-23 18:50:35,370.6,372.4,357.7,360.7,355.3,351.4,366.1,364.8,337.7,369.4,747.4,222.8,0.1,26.3
2025-04-23 18:50:40,370.6,372.5,357.5,360.3,354.7,350.7,365.9,364.6,337.8,368.9,747.3,222.7,0.0,26.3
2025-04-23 18:50:45,370.5,372.2,356.8,360.2,354.2,350.2,365.4,364.2,337.6,368.5,747.1,222.3,0.1,26.3
2025-04-23 18:50:50,370.0,372.0,356.8,359.7,354.0,350.1,365.3,363.8,337.6,368.4,747.5,222.0,0.0,26.3
2025-04-23 18:50:55,369.7,371.6,356.2,359.4,353.7,349.5,365.1,363.1,336.9,368.1,747.1,221.4,0.1,26.3
2025-04-23 18:51:00,369.4,371.0,356.0,359.2,353.4,349.1,364.7,362.8,336.3,367.2,746.6,221.2,0.0,26.3
2025-04-23 18:51:05,369.1,370.8,355.8,358.6,353.1,348.7,364.6,362.4,335.8,367.3,746.5,220.8,0.0,26.3
2025-04-23 18:51:10,368.7,370.3,355.7,358.7,352.7,348.7,363.7,362.1,335.9,367.3,746.8,220.4,0.0,26.3
2025-04-23 18:51:15,368.5,370.0,355.2,357.8,352.3,348.2,363.5,361.6,335.6,366.9,746.4,220.1,0.0,26.3
2025-04-23 18:51:20,368.1,369.5,355.3,357.5,352.3,347.9,362.8,361.2,335.4,366.9,746.5,220.0,0.0,26.3
2025-04-23 18:51:25,367.5,369.3,354.6,357.0,351.9,347.5,362.8,360.8,334.4,366.3,745.6,219.5,0.0,26.3
2025-04-23 18:51:30,367.0,369.3,354.3,356.7,351.6,347.2,362.4,360.4,333.7,365.9,745.2,219.1,0.0,26.3
2025-04-23 18:51:35,366.6,369.2,353.9,356.7,351.2,347.1,362.1,360.3,333.4,365.6,744.8,218.7,0.0,26.3
2025-04-23 18:51:40,366.2,368.8,353.4,356.1,350.8,346.7,361.8,360.1,333.0,365.4,745.0,218.4,0.0,26.3
2025-04-23 18:51:45,366.2,368.5,353.0,356.0,350.8,346.7,361.6,359.7,333.1,365.3,745.0,217.8,0.0,26.3
2025-04-23 18:51:50,366.2,368.1,352.7,355.6,350.2,346.3,361.4,359.4,332.4,364.9,744.6,217.5,0.0,26.4
2025-04-23 18:51:55,366.0,367.9,352.0,355.3,350.0,346.2,361.2,359.1,332.0,364.4,744.0,217.1,0.0,26.4
2025-04-23 18:52:00,365.7,367.5,351.7,355.1,349.5,346.0,361.1,358.8,332.0,364.1,743.7,216.8,0.0,26.4
2025-04-23 18:52:05,365.2,367.2,351.3,355.0,349.0,345.9,360.1,358.5,331.7,363.7,744.1,216.6,0.2,26.4
2025-04-23 18:52:10,365.2,367.2,351.3,354.9,348.8,345.7,359.7,358.2,331.6,363.5,743.9,216.4,0.2,26.4
2025-04-23 18:52:15,365.1,366.8,351.0,354.8,348.3,345.0,359.2,357.8,331.2,363.3,743.3,215.9,0.2,26.4
2025-04-23 18:52:20,364.6,366.6,350.7,354.4,348.2,344.9,358.8,357.3,330.5,362.8,742.1,215.6,0.3,26.4
2025-04-23 18:52:25,364.2,365.9,350.0,354.4,347.6,344.9,358.6,357.2,330.1,362.3,741.6,215.2,0.3,26.4
2025-04-23 18:52:30,364.1,365.7,349.7,354.0,347.4,344.3,358.3,357.0,329.8,361.9,742.1,214.7,0.3,26.4
2025-04-23 18:52:35,363.7,365.4,349.4,354.0,347.0,344.2,358.1,356.5,329.3,361.9,742.1,214.4,0.4,26.4
2025-04-23 18:52:40,362.9,364.9,349.1,353.7,347.0,343.8,358.2,356.5,329.1,361.2,741.2,214.0,0.5,26.4
2025-04-23 18:52:45,362.6,364.6,348.9,353.1,346.4,343.4,358.0,355.9,329.1,360.8,741.4,213.8,0.4,26.4
2025-04-23 18:52:50,362.4,364.4,348.5,353.2,346.1,343.2,357.9,355.9,329.0,360.4,740.0,213.2,0.4,26.4
2025-04-23 18:52:55,362.0,363.7,348.0,353.0,345.9,343.2,357.3,355.5,328.7,359.9,740.1,212.9,0.4,26.4
2025-04-23 18:53:00,361.7,363.3,347.7,352.6,345.2,343.0,356.9,355.3,328.5,359.7,739.7,212.5,0.4,26.4
2025-04-23 18:53:05,361.7,363.2,347.7,352.4,344.8,343.0,356.7,354.7,328.1,359.3,739.5,211.9,0.6,26.4
2025-04-23 18:53:10,361.1,362.9,347.4,351.7,344.7,342.7,356.0,354.6,328.1,359.0,739.6,211.6,0.6,26.4
2025-04-23 18:53:15,361.2,362.9,347.3,351.6,344.3,342.3,355.7,354.5,327.9,358.7,739.0,211.3,0.7,26.4
2025-04-23 18:53:20,360.9,363.3,346.5,351.1,343.8,341.9,355.0,354.2,327.9,358.5,738.5,211.1,0.9,26.4
2025-04-23 18:53:25,360.8,362.6,346.4,350.9,343.6,341.7,354.6,353.8,327.6,358.2,738.4,210.8,0.8,26.4
2025-04-23 18:53:30,360.7,362.6,346.5,350.3,343.2,341.3,353.9,353.4,327.5,357.7,738.1,210.3,0.7,26.4
2025-04-23 18:53:35,360.4,362.3,346.3,350.3,343.1,340.9,353.5,353.1,327.0,357.6,738.0,210.1,0.6,26.4
2025-04-23 18:53:40,360.2,362.3,345.9,350.2,343.0,341.1,353.6,353.0,326.6,357.4,737.7,210.0,0.6,26.5
2025-04-23 18:53:45,360.0,362.7,345.4,349.9,342.9,340.8,353.2,352.9,326.3,357.0,737.4,209.8,0.6,26.5
2025-04-23 18:53:50,359.8,362.4,345.1,350.1,342.6,340.7,352.9,352.5,325.9,356.7,737.2,209.1,0.5,26.5
2025-04-23 18:53:55,359.3,362.0,345.0,349.6,342.0,340.6,352.9,352.2,325.8,356.6,737.2,208.8,0.4,26.5
2025-04-23 18:54:00,359.2,361.9,344.8,349.4,341.7,339.9,352.2,351.9,325.3,356.5,737.5,208.3,0.3,26.5
2025-04-23 18:54:05,358.7,361.4,344.9,349.1,341.8,339.8,351.9,352.1,325.5,356.2,737.3,208.0,0.3,26.5
2025-04-23 18:54:10,358.4,360.7,344.9,348.6,341.6,339.3,351.8,352.1,325.2,356.1,737.3,207.6,0.4,26.5
2025-04-23 18:54:15,358.3,360.5,344.7,348.7,340.5,338.5,351.4,351.8,325.0,355.7,737.1,207.4,0.5,26.5
2025-04-23 18:54:20,358.1,360.5,344.6,348.7,340.7,338.3,351.3,351.6,324.7,355.2,736.4,207.1,0.9,26.5
2025-04-23 18:54:25,357.8,359.7,344.5,348.2,339.9,337.6,350.8,351.2,324.3,354.7,735.8,206.8,1.2,26.5
2025-04-23 18:54:30,357.5,359.4,344.1,348.0,339.6,337.3,350.5,350.9,323.9,354.8,736.0,206.7,1.5,26.5
2025-04-23 18:54:35,357.3,359.4,343.5,347.5,339.3,337.3,350.2,349.9,324.1,354.6,736.3,206.4,1.5,26.5
2025-04-23 18:54:40,356.7,358.9,343.2,347.9,339.5,337.2,350.3,349.5,324.5,354.4,735.9,206.1,1.3,26.5
2025-04-23 18:54:45,356.5,358.5,342.7,347.5,339.0,336.9,350.3,349.2,324.2,354.2,735.8,205.8,1.4,26.5
2025-04-23 18:54:50,356.3,358.8,341.9,347.3,338.5,336.0,349.7,348.8,323.7,353.5,734.5,205.0,1.7,26.5
2025-04-23 18:54:55,356.0,359.1,341.8,347.0,338.3,335.9,349.6,348.4,323.0,353.2,733.9,204.8,1.6,26.5
2025-04-23 18:55:00,355.7,358.4,341.2,346.1,338.1,335.5,349.1,348.4,322.6,352.7,733.7,204.4,1.5,26.5
2025-04-23 18:55:05,355.2,358.3,341.0,346.0,337.8,335.2,349.0,348.2,322.1,352.5,734.1,204.4,1.2,26.5
2025-04-23 18:55:10,354.9,357.7,340.8,345.6,337.4,334.8,348.6,348.0,322.2,352.2,733.5,204.2,1.3,26.5
2025-04-23 18:55:15,353.7,357.3,340.2,345.0,337.0,334.5,348.4,347.5,322.5,351.8,733.2,203.8,1.3,26.5
2025-04-23 18:55:20,353.5,357.0,339.6,344.8,337.0,334.4,347.7,346.9,322.6,351.9,733.6,203.9,1.8,26.5
2025-04-23 18:55:25,353.1,356.6,339.5,344.8,336.5,334.1,347.7,346.8,322.6,351.6,733.1,203.8,1.6,26.5
2025-04-23 18:55:30,352.7,356.1,339.1,344.8,336.1,333.8,347.2,346.6,322.4,351.4,732.9,203.3,1.6,26.4
2025-04-23 18:55:35,352.7,355.3,338.9,344.0,336.0,333.6,346.7,346.5,321.3,351.1,733.2,203.4,1.4,26.4
2025-04-23 18:55:40,352.3,355.0,338.5,343.7,336.1,333.4,346.5,346.4,321.1,350.6,732.6,203.0,1.3,26.4
2025-04-23 18:55:45,352.0,354.5,338.3,343.5,336.1,333.0,346.8,346.0,320.8,350.4,732.7,202.3,1.1,26.4
2025-04-23 18:55:50,352.0,354.2,338.5,343.2,335.8,332.7,346.5,345.7,320.7,350.4,732.8,201.6,1.2,26.4
2025-04-23 18:55:55,351.6,354.1,338.0,342.8,335.5,332.1,346.2,345.4,320.5,350.3,733.0,201.2,1.6,26.4
2025-04-23 18:56:00,350.8,354.2,337.8,342.5,335.1,331.8,346.0,345.2,320.1,349.9,732.9,200.6,1.7,26.4
2025-04-23 18:56:05,350.9,354.3,337.3,342.2,334.6,331.9,345.6,345.4,320.1,349.7,732.6,200.4,1.5,26.3
2025-04-23 18:56:10,350.6,354.4,337.2,341.6,334.3,331.7,345.4,345.3,319.8,349.3,732.4,200.5,1.3,26.3
2025-04-23 18:56:15,350.4,354.2,336.7,341.6,334.1,331.9,345.3,345.0,319.6,349.1,732.2,200.0,1.1,26.3
2025-04-23 18:56:20,350.1,353.1,336.9,341.0,333.8,331.4,345.2,344.3,319.6,348.9,732.4,199.5,0.9,26.3
2025-04-23 18:56:25,350.0,352.7,336.8,340.9,333.5,331.2,344.9,343.7,319.2,348.8,732.6,199.2,0.8,26.3
2025-04-23 18:56:30,349.8,352.2,336.6,341.1,333.2,330.8,344.6,343.8,319.0,348.5,731.9,198.9,0.8,26.3
2025-04-23 18:56:35,349.7,352.1,336.5,341.2,333.2,330.5,344.2,343.3,318.7,348.3,731.8,198.6,1.0,26.3
2025-04-23 18:56:40,349.4,352.1,336.4,340.8,333.0,330.2,344.2,343.4,318.4,348.1,731.7,198.5,1.1,26.3
2025-04-23 18:56:45,349.0,351.5,336.2,340.8,333.1,329.9,344.6,343.4,318.2,347.8,731.4,198.2,1.1,26.2
2025-04-23 18:56:50,348.9,351.4,335.8,340.2,332.8,329.6,344.1,343.4,317.8,347.6,731.7,197.8,1.2,26.2
2025-04-23 18:56:55,348.7,351.5,335.7,340.2,332.6,329.6,344.0,343.0,317.3,347.6,731.9,197.5,1.3,26.2
2025-04-23 18:57:00,348.6,350.8,335.9,339.9,332.9,329.5,343.4,342.5,316.9,346.8,730.1,197.2,1.2,26.2
2025-04-23 18:57:05,348.5,350.6,335.5,340.2,332.6,329.7,343.5,342.1,316.6,346.7,730.4,197.1,1.0,26.1
2025-04-23 18:57:10,348.0,350.5,335.3,339.8,332.3,329.5,343.2,342.5,316.5,346.6,730.3,196.7,1.0,26.1
2025-04-23 18:57:15,347.7,350.3,335.0,339.6,331.6,329.3,342.9,342.0,316.5,346.5,730.7,196.0,1.2,26.1
2025-04-23 18:57:20,347.6,350.2,335.2,339.4,331.3,329.1,342.3,341.7,316.3,346.3,730.8,196.0,1.2,26.1
2025-04-23 18:57:25,347.2,349.8,334.9,339.2,331.3,328.4,342.4,341.8,315.9,346.1,730.6,195.9,1.1,26.1
2025-04-23 18:57:30,347.0,349.6,334.5,338.7,330.9,328.1,342.4,341.4,315.8,345.9,730.8,195.9,1.0,26.0
2025-04-23 18:57:35,346.7,348.9,334.2,337.9,330.3,327.9,342.3,341.4,315.6,345.5,730.1,195.9,1.0,26.0
2025-04-23 18:57:40,346.0,348.8,334.0,337.5,330.2,327.8,341.9,340.7,315.0,345.1,730.1,195.3,0.9,26.0
2025-04-23 18:57:45,345.9,347.8,333.4,337.0,329.9,327.7,341.2,340.2,314.9,344.8,729.6,195.0,0.9,26.0
2025-04-23 18:57:50,345.9,347.1,333.0,337.0,329.8,327.2,340.7,339.8,314.7,344.7,729.8,194.3,0.8,26.0
2025-04-23 18:57:55,345.9,346.9,332.7,336.8,329.7,326.8,340.3,339.7,314.5,344.2,729.4,194.1,0.7,26.0
2025-04-23 18:58:00,345.4,346.9,332.7,336.8,329.8,326.7,340.0,339.4,314.5,344.0,728.8,193.9,0.8,25.9
2025-04-23 18:58:05,345.1,346.7,332.8,336.6,329.0,326.7,339.9,338.9,314.4,343.9,729.3,193.8,1.0,25.9
2025-04-23 18:58:10,344.6,346.1,332.6,336.2,328.4,326.7,340.0,338.9,313.9,343.4,729.0,193.6,1.0,25.9
2025-04-23 18:58:15,344.3,346.1,331.9,336.1,328.1,326.4,339.8,338.4,313.6,343.2,728.9,193.0,0.8,25.9
2025-04-23 18:58:20,343.7,345.8,331.4,335.7,327.9,326.0,339.7,338.3,313.1,342.9,728.9,192.6,0.7,25.9
2025-04-23 18:58:25,343.5,345.9,330.7,335.3,327.9,325.8,339.0,338.0,312.5,342.7,728.6,192.5,0.7,25.9
2025-04-23 18:58:30,343.0,345.7,330.3,334.8,327.3,325.5,338.5,337.6,312.5,342.1,728.2,192.2,0.9,25.9
2025-04-23 18:58:35,342.9,345.3,330.5,334.7,326.3,325.1,338.3,337.4,312.5,342.1,728.4,191.9,1.2,25.9
2025-04-23 18:58:40,343.0,344.7,330.1,334.6,326.2,324.9,338.4,337.0,312.6,342.0,727.9,191.4,1.5,25.9
2025-04-23 18:58:45,342.5,344.4,330.0,334.6,326.0,324.5,337.5,336.8,312.3,341.6,727.7,191.3,1.5,25.9
2025-04-23 18:58:50,342.2,344.3,329.7,334.4,325.6,323.8,337.4,336.8,312.3,341.3,727.8,190.6,1.6,25.9
2025-04-23 18:58:55,342.0,344.2,329.4,334.1,325.6,323.7,336.8,336.2,311.8,341.0,728.0,190.5,1.6,25.9
2025-04-23 18:59:00,341.9,344.1,329.0,333.4,325.7,323.3,337.0,335.8,311.4,340.9,727.4,190.4,1.3,25.9
2025-04-23 18:59:05,341.8,343.9,328.8,333.5,325.2,322.8,336.9,335.4,310.8,340.3,727.1,190.1,1.2,25.9
2025-04-23 18:59:10,341.1,343.8,328.3,332.9,325.1,322.3,336.6,335.0,310.4,340.0,726.9,189.5,1.2,25.9
2025-04-23 18:59:15,340.9,343.2,328.3,332.7,324.7,322.5,336.1,335.0,310.3,339.6,726.6,189.4,1.4,25.9
2025-04-23 18:59:20,340.9,342.9,328.2,332.5,324.2,322.5,335.7,335.0,310.3,339.5,726.1,189.1,1.8,25.8
2025-04-23 18:59:25,340.3,342.5,327.8,332.6,324.5,322.4,335.5,334.3,309.6,339.3,726.3,189.0,1.7,25.9
2025-04-23 18:59:30,340.1,342.2,327.5,332.5,324.6,322.1,335.4,333.9,309.2,339.3,726.6,188.9,1.8,25.8
2025-04-23 18:59:35,339.7,341.8,327.1,332.1,324.0,322.0,334.8,333.6,308.5,338.9,726.3,188.8,1.9,25.8
2025-04-23 18:59:40,339.4,341.1,326.7,332.2,323.8,322.1,334.7,333.5,308.5,338.8,726.1,188.5,1.9,25.8
2025-04-23 18:59:45,339.5,340.9,326.3,332.0,323.1,321.9,334.9,333.5,308.5,338.6,726.5,187.6,1.7,25.8
2025-04-23 18:59:50,339.0,340.5,326.2,331.6,322.9,321.5,334.5,332.5,308.1,338.4,726.1,187.4,1.6,25.8
2025-04-23 18:59:55,338.5,340.0,325.7,331.6,322.1,321.0,334.2,332.1,307.7,338.1,726.2,187.0,1.7,25.8
2025-04-23 19:00:00,338.1,339.6,325.4,331.1,322.1,320.6,333.9,331.9,307.4,337.7,725.0,187.0,1.5,25.8
2025-04-23 19:00:05,338.0,339.4,325.6,330.8,321.8,320.3,333.4,332.0,306.8,337.3,725.8,186.3,1.3,25.7
2025-04-23 19:00:10,337.8,339.4,325.3,330.5,321.5,320.0,332.8,331.8,306.5,336.7,724.8,185.8,1.1,25.7
2025-04-23 19:00:15,337.2,338.9,324.9,329.7,321.2,319.6,332.6,331.2,306.2,336.4,724.8,185.6,1.0,25.7
2025-04-23 19:00:20,337.1,338.9,324.8,329.8,321.3,319.3,332.4,330.5,305.4,336.3,724.5,185.4,1.1,25.7
2025-04-23 19:00:25,337.2,338.0,324.5,329.2,320.9,318.9,332.2,330.7,305.5,336.2,724.5,185.4,0.9,25.7
2025-04-23 19:00:30,337.1,337.6,324.0,328.6,320.4,318.7,331.3,330.5,305.1,336.0,724.4,184.9,0.8,25.7
2025-04-23 19:00:35,336.8,337.3,323.8,328.4,320.2,318.4,330.9,329.8,305.0,335.6,723.6,184.7,0.7,25.7
2025-04-23 19:00:40,336.2,337.1,323.3,328.2,320.3,318.4,330.8,329.6,304.8,335.2,723.7,184.2,0.6,25.6
2025-04-23 19:00:45,336.0,336.6,323.1,328.0,320.2,318.2,330.8,329.1,304.4,334.5,723.1,183.8,0.6,25.6
2025-04-23 19:00:50,335.8,336.3,322.9,327.6,319.9,318.1,330.5,329.0,304.4,334.6,722.4,183.1,0.6,25.6
2025-04-23 19:00:55,335.3,334.8,322.5,327.4,319.0,317.5,330.6,328.6,304.1,334.1,722.9,182.9,0.5,25.6
2025-04-23 19:01:00,334.9,334.4,322.4,327.1,318.8,316.5,330.3,328.2,303.5,333.8,722.3,182.2,1.0,25.6
2025-04-23 19:01:05,334.5,333.8,321.9,326.4,318.1,316.3,330.4,328.0,303.3,333.7,722.3,182.0,1.0,25.6
2025-04-23 19:01:10,334.7,333.6,321.7,326.6,317.7,316.1,330.0,327.3,302.9,333.0,721.9,182.0,1.4,25.6
2025-04-23 19:01:15,334.5,333.2,321.5,326.8,317.5,316.1,329.5,327.4,302.6,332.9,721.0,181.6,1.8,25.6
2025-04-23 19:01:20,334.2,332.1,321.1,327.0,317.3,315.9,328.8,327.2,302.5,332.5,721.4,181.5,2.3,25.6
2025-04-23 19:01:25,333.9,331.3,321.3,326.9,317.2,315.7,328.6,326.8,302.0,332.5,721.1,181.4,2.2,25.6
2025-04-23 19:01:30,333.4,330.6,321.5,326.8,317.0,315.8,328.7,326.7,301.9,331.8,721.2,181.4,1.8,25.6
2025-04-23 19:01:35,333.0,329.9,320.8,326.1,316.4,315.8,327.8,327.4,301.9,331.7,721.4,181.2,1.8,25.6
2025-04-23 19:01:40,333.0,328.6,320.4,326.0,316.8,315.9,327.3,326.8,301.8,331.7,721.0,181.4,1.8,25.6
2025-04-23 19:01:45,332.9,326.7,320.5,326.1,317.2,314.6,327.1,326.2,301.5,331.3,720.8,181.2,1.5,25.6
2025-04-23 19:01:50,332.7,325.9,320.4,325.4,317.0,314.4,327.2,325.6,301.0,331.1,721.4,180.9,1.5,25.6
2025-04-23 19:01:55,332.4,325.3,320.3,325.0,316.9,314.2,327.0,325.3,300.5,330.7,721.0,180.9,1.4,25.5
2025-04-23 19:02:00,331.7,324.1,319.6,324.7,316.6,313.8,326.8,324.9,300.0,330.5,720.7,180.2,1.2,25.5
2025-04-23 19:02:05,331.4,322.6,319.5,324.4,316.3,313.3,327.0,324.8,299.7,330.2,720.7,180.0,1.1,25.5
2025-04-23 19:02:10,331.1,320.8,318.9,323.8,316.0,313.3,327.0,325.0,299.7,330.1,720.8,179.6,0.9,25.5
2025-04-23 19:02:15,330.9,319.6,318.8,323.6,315.6,313.3,327.0,325.1,299.7,330.0,720.7,179.0,0.8,25.5
2025-04-23 19:02:20,330.8,319.0,318.3,323.4,315.4,313.0,326.7,324.5,299.5,329.8,721.1,178.6,0.7,25.5
2025-04-23 19:02:25,330.2,316.9,318.0,322.6,314.9,312.5,326.3,324.4,299.2,329.1,720.3,178.0,0.6,25.5
2025-04-23 19:02:30,330.0,315.8,317.5,322.1,314.4,312.3,326.2,324.0,299.0,329.0,720.5,177.6,0.6,25.5
2025-04-23 19:02:35,329.4,313.7,317.5,321.7,314.1,311.8,325.8,323.3,298.7,328.6,720.2,177.2,0.6,25.5
2025-04-23 19:02:40,328.9,312.9,316.9,321.2,313.6,311.2,325.4,323.2,298.6,328.4,720.2,177.0,0.5,25.5
2025-04-23 19:02:45,328.6,311.1,316.6,320.8,313.0,311.0,325.2,322.6,298.3,328.2,720.6,176.6,0.5,25.5
2025-04-23 19:02:50,328.4,308.7,316.6,320.4,312.9,310.3,324.9,322.2,298.1,328.0,720.2,176.3,0.4,25.5
2025-04-23 19:02:55,328.3,308.0,316.1,320.0,312.6,309.9,324.7,321.6,297.4,327.9,720.4,175.9,0.4,25.5
2025-04-23 19:03:00,328.0,306.5,315.8,320.1,312.6,309.4,324.5,321.5,297.1,327.7,720.5,175.7,0.3,25.5
2025-04-23 19:03:05,327.8,305.0,315.6,320.2,312.3,309.4,324.4,321.1,296.6,327.1,719.6,175.6,0.3,25.4
2025-04-23 19:03:10,327.8,303.3,315.3,319.8,312.3,309.3,324.0,320.7,296.3,327.0,719.9,175.6,0.3,25.5
2025-04-23 19:03:15,327.6,301.3,314.7,319.2,312.1,309.1,323.7,320.4,296.1,326.8,719.8,175.5,0.2,25.5
2025-04-23 19:03:20,327.3,299.4,314.5,318.9,311.4,308.7,323.3,320.3,295.2,326.4,720.1,175.2,0.1,25.5
2025-04-23 19:03:25,326.7,297.9,314.3,318.6,311.1,308.4,322.9,320.2,294.8,326.2,719.5,175.0,0.1,25.4
2025-04-23 19:03:30,326.2,294.8,314.6,318.6,310.9,307.9,322.9,320.2,294.6,325.7,718.6,174.4,0.0,25.4
2025-04-23 19:03:35,325.8,293.2,314.3,318.8,311.0,308.0,322.8,319.5,294.2,325.1,718.7,174.1,0.0,25.5
2025-04-23 19:03:40,325.2,291.1,313.9,318.7,311.0,307.6,322.7,319.0,293.8,325.0,718.8,173.4,0.0,25.4
2025-04-23 19:03:45,324.8,288.4,313.6,317.9,311.0,307.8,322.6,318.6,293.6,324.2,718.8,173.0,0.0,25.4
2025-04-23 19:03:50,324.5,286.9,313.3,317.5,310.5,307.3,322.5,318.3,293.3,324.4,718.2,172.5,0.0,25.4
2025-04-23 19:03:55,324.4,285.1,313.0,317.4,310.4,306.8,321.9,318.5,293.2,324.2,718.8,172.0,0.0,25.4
2025-04-23 19:04:00,324.2,282.4,312.6,316.9,310.0,306.1,321.9,318.1,293.1,324.2,718.8,171.8,0.0,25.4
2025-04-23 19:04:05,323.9,281.6,312.3,316.6,309.9,306.0,321.5,317.5,292.7,323.7,718.3,171.5,0.0,25.4
2025-04-23 19:04:10,323.3,278.3,311.8,316.1,309.8,305.8,321.3,317.1,292.4,323.6,718.2,171.3,0.0,25.5
2025-04-23 19:04:15,322.9,276.4,311.5,315.4,309.2,305.3,321.3,316.8,292.4,323.2,718.2,171.1,0.0,25.5
2025-04-23 19:04:20,322.7,274.4,311.1,315.0,308.9,304.8,320.6,316.4,291.8,323.2,718.2,170.6,0.0,25.5
2025-04-23 19:04:25,322.0,271.8,310.9,314.6,308.5,304.4,320.5,316.5,291.4,322.5,717.4,170.1,0.0,25.4
2025-04-23 19:04:30,321.5,269.0,310.5,313.3,308.2,304.1,320.4,316.1,291.4,322.5,717.4,169.5,0.0,25.5
2025-04-23 19:04:35,321.0,266.1,309.9,313.3,307.7,303.5,320.1,315.8,291.2,322.3,718.4,169.1,0.0,25.5
2025-04-23 19:04:40,320.8,264.3,309.4,312.9,307.3,303.1,319.6,315.1,290.6,322.0,716.5,168.8,0.0,25.5
2025-04-23 19:04:45,320.5,260.9,309.2,313.0,307.3,302.8,319.4,315.0,290.4,321.6,716.3,168.6,0.0,25.5
2025-04-23 19:04:50,320.2,258.2,309.4,312.4,307.4,302.2,319.2,314.4,290.1,321.1,716.2,168.3,0.0,25.5
2025-04-23 19:04:55,319.8,255.7,309.0,312.3,307.0,301.8,318.8,313.5,289.8,321.3,716.6,168.0,0.0,25.5
2025-04-23 19:05:00,319.4,253.4,308.9,312.0,306.8,301.9,318.6,313.5,289.3,320.7,716.5,167.7,0.0,25.5
2025-04-23 19:05:05,319.1,249.8,308.4,311.5,306.5,301.6,318.6,313.1,288.6,320.2,716.1,167.3,0.0,25.5
2025-04-23 19:05:10,319.0,249.2,308.2,311.1,306.1,301.3,318.3,312.9,288.4,320.0,715.8,166.9,0.0,25.5
2025-04-23 19:05:15,318.5,245.5,308.0,310.8,305.7,301.0,318.0,312.7,288.3,319.7,715.4,166.8,0.0,25.5
2025-04-23 19:05:20,318.3,241.4,307.7,310.6,305.5,300.8,317.6,312.6,288.0,319.4,715.1,166.4,0.0,25.5
2025-04-23 19:05:25,318.3,239.3,307.2,310.2,305.4,300.2,317.3,312.6,287.8,319.2,715.1,166.1,0.0,25.6
2025-04-23 19:05:30,318.0,236.3,307.1,309.9,305.0,299.8,317.1,312.0,287.7,318.5,714.9,165.5,0.0,25.6
2025-04-23 19:05:35,317.5,233.3,306.8,309.6,304.7,299.6,316.8,311.6,287.3,318.5,714.9,165.3,0.0,25.6
2025-04-23 19:05:40,317.4,229.4,306.3,309.4,304.3,299.5,316.7,311.5,287.0,318.1,714.5,165.0,0.0,25.6
2025-04-23 19:05:45,317.0,226.8,306.2,309.2,304.1,299.4,316.3,310.9,286.7,317.9,714.4,164.5,0.0,25.6
2025-04-23 19:05:50,316.7,223.1,305.7,308.9,303.9,299.0,315.8,310.5,286.5,317.9,715.2,164.2,0.0,25.6
2025-04-23 19:05:55,316.6,220.4,305.6,308.6,303.5,298.5,315.4,310.3,286.0,317.6,714.1,163.9,0.0,25.6
2025-04-23 19:06:00,316.3,217.3,305.1,308.5,303.2,298.6,314.8,310.1,285.9,317.4,713.8,163.5,0.0,25.6
2025-04-23 19:06:05,315.9,214.9,304.9,308.4,303.2,298.6,314.5,309.8,285.6,317.0,713.7,163.0,0.0,25.6
2025-04-23 19:06:10,315.6,210.4,304.3,308.1,303.0,298.1,314.4,309.4,285.3,316.7,713.8,162.9,0.0,25.6
2025-04-23 19:06:15,315.4,208.8,304.2,307.7,302.4,297.6,314.1,308.9,285.0,316.1,713.2,162.7,0.0,25.6
2025-04-23 19:06:20,315.0,205.4,303.7,307.3,302.1,296.7,313.8,308.7,284.6,316.0,712.7,161.9,0.0,25.6
2025-04-23 19:06:25,314.9,202.2,303.3,307.2,301.7,296.0,313.6,308.3,284.2,316.1,713.7,161.6,0.0,25.6
2025-04-23 19:06:30,314.5,198.4,303.1,306.9,301.2,296.0,313.3,308.0,284.2,315.8,713.3,161.2,0.0,25.6
2025-04-23 19:06:35,314.3,195.3,303.1,306.7,301.1,295.9,313.0,307.6,283.7,315.2,712.9,161.0,0.0,25.6
2025-04-23 19:06:40,314.1,192.6,302.6,306.6,300.8,295.7,312.9,307.0,283.4,315.2,712.4,160.7,0.0,25.7
2025-04-23 19:06:45,313.7,189.0,302.3,306.5,300.4,295.3,312.6,306.8,283.2,315.0,712.5,160.3,0.0,25.7
2025-04-23 19:06:50,313.2,185.8,302.0,306.1,300.2,295.2,312.5,306.7,282.9,314.6,712.3,159.9,0.0,25.7
2025-04-23 19:06:55,312.8,183.9,301.8,306.0,299.9,294.8,312.1,306.6,282.6,314.0,712.4,159.5,0.0,25.7
2025-04-23 19:07:00,312.6,179.4,301.2,305.4,299.2,294.3,311.6,306.3,282.5,313.8,712.3,159.2,0.0,25.7
2025-04-23 19:07:05,312.5,175.9,300.8,305.2,299.3,293.8,311.0,305.9,281.8,313.6,711.6,158.9,0.0,25.7
2025-04-23 19:07:10,312.3,174.2,300.5,304.9,298.8,293.5,310.4,305.2,281.4,313.0,711.2,158.7,0.0,25.7
2025-04-23 19:07:15,311.8,171.5,300.3,304.5,298.3,293.2,310.1,305.0,281.1,312.9,710.8,158.4,0.0,25.7
2025-04-23 19:07:20,311.5,168.3,299.8,304.2,298.2,293.0,309.6,304.8,280.8,312.3,710.5,158.2,0.0,25.7
2025-04-23 19:07:25,310.9,165.0,299.5,303.8,297.7,292.4,309.4,304.8,280.8,312.2,710.7,157.7,0.0,25.7
2025-04-23 19:07:30,310.6,161.3,299.2,303.2,297.6,292.2,309.1,304.7,280.3,311.9,710.3,157.5,0.0,25.7
2025-04-23 19:07:35,310.4,157.6,298.9,302.5,297.1,291.8,308.6,304.1,280.1,311.6,710.0,157.3,0.0,25.7
2025-04-23 19:07:40,309.9,154.8,298.6,302.2,296.7,291.3,308.3,303.8,279.4,311.1,709.4,157.0,0.0,25.7
2025-04-23 19:07:45,309.6,151.7,298.0,301.9,296.4,290.9,307.6,303.6,279.0,310.8,708.9,156.9,0.0,25.7
2025-04-23 19:07:50,308.9,149.0,297.6,301.5,296.0,290.5,307.2,303.0,278.6,310.4,708.4,156.6,0.0,25.7
2025-04-23 19:07:55,308.6,145.9,297.2,301.2,295.9,290.2,307.0,302.8,278.4,309.8,708.5,156.4,0.0,25.8
2025-04-23 19:08:00,308.5,142.4,296.8,300.9,295.8,290.2,306.7,302.5,278.2,309.4,707.6,156.1,0.0,25.8
2025-04-23 19:08:05,308.1,139.4,296.6,300.6,295.2,289.7,306.0,301.9,277.7,309.2,707.5,155.8,0.0,25.8
2025-04-23 19:08:10,307.6,135.9,296.4,299.9,295.1,289.5,305.9,301.9,277.5,308.7,707.0,155.3,0.0,25.8
2025-04-23 19:08:15,307.3,132.6,295.9,299.4,294.8,289.1,305.5,301.8,277.1,308.3,706.6,154.9,0.0,25.8
2025-04-23 19:08:20,307.2,129.5,295.8,299.2,294.3,289.0,305.2,301.7,276.8,308.0,705.8,154.5,0.0,25.8
2025-04-23 19:08:25,306.9,128.5,295.6,299.1,294.0,288.8,304.9,301.6,276.7,307.8,705.8,154.3,0.0,25.8
2025-04-23 19:08:30,306.3,125.6,295.4,298.9,293.5,288.4,304.7,300.9,276.4,307.5,704.9,153.7,0.0,25.8
2025-04-23 19:08:35,306.1,121.4,295.1,298.6,293.3,288.0,304.5,300.3,276.2,307.2,704.9,153.3,0.0,25.8
2025-04-23 19:08:40,305.9,119.1,294.4,298.3,292.8,287.4,304.1,299.9,275.8,306.9,705.2,153.1,0.0,25.9
2025-04-23 19:08:45,305.7,116.4,294.3,297.8,292.4,287.0,303.8,299.3,275.6,306.5,704.9,152.7,0.0,25.9
2025-04-23 19:08:50,305.5,114.6,294.0,297.4,292.1,286.8,303.3,299.2,275.1,306.3,704.3,152.1,0.1,25.9
2025-04-23 19:08:55,305.2,111.3,293.7,296.8,292.0,286.7,303.0,298.9,275.0,305.9,703.3,151.8,0.0,25.9
2025-04-23 19:09:00,304.8,108.7,293.4,296.6,291.7,286.2,303.0,298.7,274.7,305.7,703.7,151.5,0.1,25.9
2025-04-23 19:09:05,304.3,105.9,293.1,296.8,291.6,286.2,302.8,298.4,274.7,305.5,703.6,151.1,0.2,25.9
2025-04-23 19:09:10,303.9,104.2,292.6,296.3,291.3,286.0,302.8,298.2,274.6,305.2,703.5,150.8,0.8,25.9
2025-04-23 19:09:15,303.6,101.4,292.5,295.6,291.3,285.9,302.3,297.8,274.2,304.9,703.2,150.3,1.0,25.9
2025-04-23 19:09:20,303.3,99.4,292.2,295.2,291.2,285.8,301.9,298.0,274.0,304.5,702.9,150.2,0.8,25.9
2025-04-23 19:09:25,302.7,96.6,291.6,294.9,290.8,285.7,301.7,297.9,273.5,304.3,702.6,150.3,0.9,25.9
2025-04-23 19:09:30,302.5,95.9,291.4,294.9,290.7,285.4,301.1,297.4,273.3,304.0,702.6,150.4,1.0,25.9
2025-04-23 19:09:35,302.4,93.1,291.5,294.9,290.5,285.7,300.6,297.1,273.0,303.6,700.6,149.8,1.0,26.0
2025-04-23 19:09:40,302.3,90.0,291.2,294.9,289.8,285.9,300.2,297.0,273.0,302.8,700.2,149.4,1.0,26.0
2025-04-23 19:09:45,302.1,88.8,290.9,294.4,289.4,285.9,300.0,296.4,273.0,302.9,700.3,149.2,1.0,26.0
2025-04-23 19:09:50,302.0,86.7,290.3,294.1,289.1,285.1,299.6,296.4,272.3,302.8,701.1,148.8,0.9,26.0
2025-04-23 19:09:55,301.7,84.5,289.9,293.8,288.8,284.7,299.6,296.1,271.8,302.7,701.1,148.8,0.9,26.0
2025-04-23 19:10:00,301.2,82.9,289.4,293.8,288.4,284.2,299.5,296.1,271.5,302.5,701.1,148.6,0.8,26.0
2025-04-23 19:10:05,300.9,81.2,289.3,293.5,288.2,284.1,299.1,296.1,271.3,302.0,700.8,148.5,0.7,26.0
2025-04-23 19:10:10,300.6,79.0,288.9,293.4,287.7,283.8,299.1,295.8,271.1,301.7,700.5,148.0,0.6,26.0
2025-04-23 19:10:15,300.1,77.3,288.7,293.2,287.0,283.3,298.5,294.9,270.8,301.4,700.0,147.4,0.6,26.0
2025-04-23 19:10:20,299.7,75.4,288.6,292.8,287.1,282.8,298.0,294.6,270.4,301.1,699.7,147.1,0.7,26.0
2025-04-23 19:10:25,299.3,74.2,288.4,292.6,286.9,282.5,297.9,294.1,270.4,300.6,699.1,146.4,0.7,26.0
2025-04-23 19:10:30,299.0,71.7,288.0,292.3,286.7,282.4,297.7,293.8,270.3,300.3,699.1,146.0,0.8,25.9
2025-04-23 19:10:35,299.0,70.9,287.9,292.1,286.3,282.3,297.3,293.6,270.0,300.0,698.8,145.5,0.8,25.9
2025-04-23 19:10:40,298.6,69.5,287.8,291.6,286.1,281.9,296.7,293.3,269.8,299.6,698.3,145.0,0.7,25.9
2025-04-23 19:10:45,298.4,68.2,287.6,291.6,285.8,281.4,296.4,292.9,269.2,299.4,698.3,144.7,0.7,25.9
2025-04-23 19:10:50,298.5,66.0,287.5,291.3,285.3,281.3,296.2,292.7,269.0,299.1,697.9,144.4,0.9,25.9
2025-04-23 19:10:55,298.3,64.6,287.3,291.1,285.1,281.1,295.8,292.4,268.4,298.6,697.5,144.3,1.0,25.9
2025-04-23 19:11:00,297.9,63.8,286.9,290.8,284.8,281.0,295.6,292.1,268.3,298.6,697.5,144.0,1.1,25.9
2025-04-23 19:11:05,297.7,62.0,286.7,290.4,284.3,280.5,295.2,292.0,267.9,298.3,697.5,143.9,1.1,25.9
2025-04-23 19:11:10,297.6,61.1,286.5,290.2,284.2,280.3,295.1,291.8,267.6,298.0,696.9,143.7,1.1,25.9
2025-04-23 19:11:15,297.4,60.5,286.4,290.0,283.6,280.1,294.6,291.5,267.4,297.7,696.7,143.6,0.9,25.8
2025-04-23 19:11:20,297.1,58.8,285.9,289.5,283.0,279.9,294.3,291.0,267.2,297.5,697.0,143.1,0.8,25.8
2025-04-23 19:11:25,297.0,57.8,285.5,289.3,282.8,279.4,294.0,290.6,267.2,297.3,696.5,142.8,0.7,25.8
2025-04-23 19:11:30,296.6,56.9,285.4,289.2,282.8,279.3,293.5,290.4,267.2,296.8,696.1,142.2,0.6,25.8
2025-04-23 19:11:35,296.5,55.8,285.3,288.9,282.6,278.9,293.3,290.2,266.8,296.6,696.1,141.7,0.5,25.8
2025-04-23 19:11:40,296.2,55.1,284.9,288.6,282.4,278.8,293.3,289.7,266.4,296.3,695.8,141.3,0.5,25.8
2025-04-23 19:11:45,295.8,54.1,284.3,288.4,282.2,278.2,293.2,289.2,265.9,296.2,695.8,140.5,0.3,25.8
2025-04-23 19:11:50,295.7,53.1,284.1,288.1,281.8,278.3,293.2,289.0,265.7,296.0,695.2,140.2,0.2,25.8
2025-04-23 19:11:55,295.7,52.8,283.5,287.9,281.6,278.1,292.6,289.0,265.2,295.8,695.5,140.0,0.1,25.8
2025-04-23 19:12:00,295.5,52.1,283.5,287.7,281.3,277.9,292.3,289.6,264.9,295.5,695.3,139.9,0.3,25.8
2025-04-23 19:12:05,295.1,51.5,284.0,287.3,281.4,277.7,291.9,289.2,264.9,295.4,695.0,139.8,0.7,25.8
2025-04-23 19:12:10,295.1,50.5,283.7,287.1,281.5,277.7,291.4,288.7,264.9,295.1,695.2,139.5,1.1,25.8
2025-04-23 19:12:15,294.7,49.8,283.5,287.1,281.2,277.4,290.9,288.8,264.9,295.0,695.0,139.6,1.2,25.8
2025-04-23 19:12:20,294.1,49.5,283.4,286.8,281.2,277.2,291.0,289.0,264.5,294.7,695.0,139.7,1.1,25.8
2025-04-23 19:12:25,293.7,49.2,283.2,287.1,280.3,276.6,290.5,288.1,263.9,294.3,694.7,139.7,1.0,25.8
2025-04-23 19:12:30,293.4,48.4,282.8,286.8,279.9,276.7,290.4,287.6,263.5,294.0,694.7,139.1,0.9,25.8
2025-04-23 19:12:35,293.0,47.9,282.0,286.2,279.8,276.6,290.3,287.4,263.5,293.5,694.2,138.2,1.1,25.8
2025-04-23 19:12:40,292.4,47.6,281.4,286.1,279.2,276.1,289.8,286.9,263.5,293.3,694.1,137.9,1.1,25.8
2025-04-23 19:12:45,292.3,47.6,281.1,286.0,278.9,275.9,289.3,286.7,263.3,292.9,693.5,137.4,1.0,25.9
2025-04-23 19:12:50,291.5,47.3,280.6,285.4,278.8,275.4,288.8,285.7,262.6,292.6,693.0,137.2,1.0,25.9
2025-04-23 19:12:55,291.2,47.1,280.1,285.1,278.7,274.8,288.5,285.2,261.6,292.4,693.0,136.9,1.0,25.9
2025-04-23 19:13:00,290.6,46.5,279.6,284.5,278.2,274.5,288.3,284.9,261.5,292.1,692.3,136.7,0.9,25.8
2025-04-23 19:13:05,290.3,46.1,279.3,283.9,277.7,274.3,288.0,284.7,261.2,291.6,691.7,136.6,1.0,25.9
2025-04-23 19:13:10,290.4,45.8,279.2,283.6,277.5,274.3,287.7,284.8,260.7,291.3,691.3,136.5,1.2,25.8
2025-04-23 19:13:15,290.4,45.5,279.4,283.6,277.0,273.5,287.1,284.1,260.5,291.0,690.9,136.6,1.3,25.8
2025-04-23 19:13:20,290.4,45.3,279.3,283.3,277.0,273.2,286.8,283.9,260.0,290.9,690.8,136.6,1.3,25.8
2025-04-23 19:13:25,289.7,45.2,279.5,282.9,276.7,273.4,286.6,284.2,259.7,290.6,690.4,136.2,1.4,25.8
2025-04-23 19:13:30,289.3,45.1,279.5,282.6,276.4,273.1,286.1,283.8,259.4,290.3,690.5,135.9,1.3,25.8
2025-04-23 19:13:35,289.2,44.9,279.1,282.5,276.2,273.0,286.1,283.4,259.4,290.0,690.0,135.7,1.4,25.7
2025-04-23 19:13:40,289.0,44.8,278.8,282.3,275.8,272.8,286.1,283.4,259.5,288.6,688.0,135.3,1.7,25.7
2025-04-23 19:13:45,288.6,44.7,278.3,282.3,275.7,272.5,286.1,283.4,259.5,288.3,688.0,135.1,1.7,25.7
2025-04-23 19:13:50,288.1,44.7,278.1,282.2,275.4,272.3,286.1,283.0,259.0,288.3,687.6,134.7,1.7,25.7
2025-04-23 19:13:55,287.9,44.6,277.5,282.1,275.0,271.9,285.8,282.6,258.5,288.2,687.8,134.4,1.5,25.7
2025-04-23 19:14:00,287.5,44.7,277.3,281.6,274.8,271.5,285.3,282.9,258.4,288.3,687.7,134.0,1.3,25.7
2025-04-23 19:14:05,287.6,44.7,277.3,281.4,274.8,271.5,284.5,282.3,257.9,287.9,688.2,133.8,1.2,25.7
2025-04-23 19:14:10,287.2,44.5,277.0,281.0,274.6,271.3,284.2,281.4,257.9,287.6,688.4,133.1,1.2,25.7
2025-04-23 19:14:15,287.1,44.6,276.8,280.6,274.3,270.9,283.8,281.2,257.7,287.4,688.2,132.8,1.3,25.6
2025-04-23 19:14:20,286.7,44.5,276.4,280.4,274.1,270.7,283.4,280.8,257.3,287.1,687.6,132.5,1.4,25.6
2025-04-23 19:14:25,286.5,44.5,276.6,280.2,273.9,270.3,283.2,280.6,256.6,286.7,687.6,132.2,1.3,25.6
2025-04-23 19:14:30,286.3,44.6,276.3,279.8,273.6,270.2,282.9,280.6,256.4,286.5,687.3,131.9,1.4,25.5
2025-04-23 19:14:35,285.8,44.6,276.0,279.4,273.2,269.5,282.6,279.7,256.1,286.3,687.2,131.6,1.2,25.5
2025-04-23 19:14:40,285.5,44.4,275.8,279.0,273.0,269.4,282.1,279.4,255.5,285.9,686.8,131.4,1.3,25.5
2025-04-23 19:14:45,285.2,44.4,275.3,278.7,272.7,269.1,282.0,279.1,254.7,285.6,686.2,131.1,1.1,25.5
2025-04-23 19:14:50,284.5,44.5,274.7,278.3,272.3,268.8,281.5,278.7,254.8,285.4,686.3,130.8,1.1,25.5
2025-04-23 19:14:55,284.3,44.4,274.6,278.0,271.9,268.6,281.4,279.0,254.4,285.1,686.0,130.4,1.0,25.4
2025-04-23 19:15:00,283.8,44.3,274.2,278.0,271.8,268.2,281.5,278.7,254.1,284.7,685.5,130.0,0.9,25.4
2025-04-23 19:15:05,283.6,44.3,273.8,277.8,271.5,268.0,281.4,278.5,254.0,284.3,685.0,129.8,0.9,25.4
2025-04-23 19:15:10,283.1,44.4,273.4,277.4,271.4,267.8,281.4,278.2,253.8,284.1,684.8,129.2,0.9,25.4
2025-04-23 19:15:15,282.7,44.6,273.2,277.3,271.4,267.7,280.9,277.9,253.0,283.8,684.6,128.9,1.0,25.4
2025-04-23 19:15:20,282.7,44.7,273.0,277.0,271.2,267.5,280.6,277.7,252.7,283.5,684.6,128.7,1.1,25.4
2025-04-23 19:15:25,282.3,44.6,272.8,276.6,270.9,267.3,280.2,277.4,252.6,283.2,684.4,128.2,1.1,25.4
2025-04-23 19:15:30,281.7,44.8,272.3,276.0,270.6,267.0,280.0,277.1,252.5,282.8,684.0,127.9,1.1,25.4
2025-04-23 19:15:35,281.6,44.8,272.1,275.5,270.2,266.8,279.7,276.5,252.0,282.4,683.7,127.8,1.3,25.4
2025-04-23 19:15:40,281.3,44.9,271.6,275.4,270.0,266.4,279.3,276.0,251.4,282.0,683.4,127.7,1.5,25.4
2025-04-23 19:15:45,281.0,44.8,271.2,275.0,269.9,266.2,278.9,275.6,250.9,281.6,683.1,127.4,1.7,25.4
2025-04-23 19:15:50,280.7,44.7,271.2,275.1,269.6,265.6,278.9,275.2,250.5,281.2,682.9,127.4,1.8,25.4
2025-04-23 19:15:55,280.5,44.7,270.8,275.1,269.4,265.3,278.3,274.8,249.8,281.0,682.7,126.8,1.9,25.4
2025-04-23 19:16:00,280.2,44.5,270.6,274.6,268.9,265.1,277.7,274.3,249.6,280.8,682.2,126.6,1.9,25.4
2025-04-23 19:16:05,280.1,44.5,270.2,274.1,268.6,264.9,277.5,274.0,249.3,280.2,682.3,126.2,2.0,25.4
2025-04-23 19:16:10,280.2,44.4,270.0,274.0,268.5,264.8,277.4,273.8,248.7,279.9,681.8,125.8,1.8,25.4
2025-04-23 19:16:15,279.8,44.4,269.9,274.0,268.5,264.2,277.4,273.1,248.6,279.8,681.9,125.6,1.7,25.4
2025-04-23 19:16:20,279.6,44.6,270.3,273.3,268.3,263.7,277.5,273.1,248.4,279.4,682.1,125.2,1.7,25.4
2025-04-23 19:16:25,279.4,44.8,270.2,273.1,267.6,263.1,277.0,272.5,248.0,279.4,682.2,125.1,1.7,25.4
2025-04-23 19:16:30,278.8,44.5,270.0,272.3,267.0,262.9,276.7,272.3,247.9,279.1,681.5,124.9,1.4,25.4
2025-04-23 19:16:35,278.4,44.4,269.4,271.9,266.7,262.6,276.4,271.8,247.3,278.8,681.6,125.0,1.3,25.4
2025-04-23 19:16:40,278.0,44.8,268.8,271.8,266.4,262.4,275.8,271.5,246.8,278.4,680.8,124.9,1.1,25.3
2025-04-23 19:16:45,278.0,44.9,268.4,271.3,266.1,262.1,275.2,271.1,246.6,278.0,680.6,124.5,1.0,25.3
2025-04-23 19:16:50,278.3,45.2,268.0,271.0,265.5,262.0,275.2,271.2,246.4,277.6,680.0,124.3,1.0,25.3
2025-04-23 19:16:55,278.4,45.3,267.4,270.8,265.1,261.8,275.3,270.7,245.9,277.2,679.7,123.9,0.9,25.3
2025-04-23 19:17:00,277.9,45.0,266.9,270.8,265.0,261.5,274.9,270.3,245.5,277.1,680.0,123.5,0.8,25.3
2025-04-23 19:17:05,277.3,44.5,266.6,270.6,264.7,260.9,275.0,270.5,245.3,276.7,679.7,122.7,0.7,25.3
2025-04-23 19:17:10,277.0,44.2,266.2,270.3,264.4,260.3,274.3,270.1,245.2,276.4,680.1,122.4,0.6,25.2
2025-04-23 19:17:15,276.8,44.1,265.9,270.0,264.3,260.0,274.3,269.8,244.9,276.3,679.5,122.1,0.5,25.2
2025-04-23 19:17:20,276.4,44.0,265.3,269.4,264.0,259.6,274.2,269.8,244.7,276.4,680.0,121.7,0.3,25.2
2025-04-23 19:17:25,276.2,43.8,265.0,268.9,263.6,259.2,273.6,269.4,244.3,276.0,679.7,121.3,0.3,25.2
2025-04-23 19:17:30,275.8,43.8,264.6,268.6,263.4,258.7,273.0,268.6,243.7,275.7,679.3,121.1,0.2,25.2
2025-04-23 19:17:35,275.4,43.6,264.5,268.2,263.1,258.6,272.7,268.3,243.5,275.1,679.5,120.7,0.2,25.2
2025-04-23 19:17:40,275.1,43.5,264.2,268.1,262.4,258.1,272.3,267.9,243.2,275.1,679.0,120.3,0.2,25.2
2025-04-23 19:17:45,274.4,43.5,264.1,268.0,262.3,258.0,272.2,267.9,242.9,274.7,678.9,120.0,0.2,25.2
2025-04-23 19:17:50,274.2,43.7,263.5,267.3,262.0,257.7,271.7,267.5,242.3,274.4,678.4,119.6,0.2,25.2
2025-04-23 19:17:55,273.9,43.7,263.8,266.8,261.6,257.1,271.5,267.2,241.8,274.2,678.1,119.3,0.2,25.2
2025-04-23 19:18:00,273.6,43.5,263.4,266.8,261.3,256.8,271.2,266.9,241.3,273.6,677.7,118.8,0.1,25.2
2025-04-23 19:18:05,273.0,43.6,263.0,266.5,261.1,256.5,271.0,266.7,241.0,273.3,677.7,118.4,0.1,25.2
2025-04-23 19:18:10,272.9,43.6,262.5,266.4,260.8,256.3,270.8,266.4,240.6,272.9,677.3,118.3,0.0,25.2
2025-04-23 19:18:15,272.2,43.5,261.8,266.0,259.8,255.7,270.0,266.0,240.3,272.8,677.2,117.9,0.0,25.2
2025-04-23 19:18:20,271.8,43.4,261.4,265.4,259.6,255.4,269.7,265.4,239.9,272.5,676.3,117.5,0.0,25.2
2025-04-23 19:18:25,271.2,43.2,261.0,264.9,259.5,255.3,269.3,265.2,239.6,272.1,675.8,117.3,0.0,25.2
2025-04-23 19:18:30,270.8,43.2,260.9,264.5,258.8,254.8,268.3,264.7,239.3,271.6,675.6,116.9,0.0,25.2
2025-04-23 19:18:35,270.4,43.1,260.4,264.0,258.5,254.2,267.9,264.2,239.1,271.4,675.5,116.5,0.0,25.2
2025-04-23 19:18:40,270.3,43.1,260.4,263.8,258.3,253.8,267.5,263.9,238.9,271.0,674.8,116.4,0.0,25.2
2025-04-23 19:18:45,269.9,43.0,260.0,263.3,257.9,253.3,267.4,263.6,238.7,270.6,673.7,116.1,0.0,25.2
2025-04-23 19:18:50,269.5,42.9,259.7,263.1,257.4,253.1,267.3,263.2,238.3,270.1,673.6,115.9,0.0,25.2
2025-04-23 19:18:55,269.2,42.7,259.4,262.7,256.9,252.3,266.6,262.9,238.0,269.9,673.7,115.5,0.0,25.2
2025-04-23 19:19:00,268.8,42.6,259.0,262.7,256.5,251.8,266.4,262.7,237.6,269.6,673.2,115.4,0.0,25.2
2025-04-23 19:19:05,268.7,42.4,258.6,262.5,256.3,251.7,266.3,262.7,237.4,269.4,672.8,115.0,0.0,25.2
2025-04-23 19:19:10,268.5,42.4,258.3,262.0,256.1,250.9,265.7,262.0,237.0,268.9,672.5,114.7,0.0,25.2
2025-04-23 19:19:15,268.1,42.6,258.0,261.6,255.5,250.5,265.4,261.9,236.9,268.8,672.3,114.2,0.0,25.2
2025-04-23 19:19:20,268.0,42.8,257.3,261.5,255.2,250.3,265.1,261.7,236.7,268.4,672.2,113.6,0.0,25.2
2025-04-23 19:19:25,267.6,42.8,257.3,261.2,254.8,250.1,265.1,261.3,236.5,268.1,671.2,113.4,0.0,25.2
2025-04-23 19:19:30,267.4,42.8,257.0,260.9,254.3,249.8,264.7,261.2,236.3,267.8,671.6,113.0,0.0,25.2
2025-04-23 19:19:35,267.0,42.5,256.5,260.3,254.0,249.6,264.3,260.8,235.9,267.5,671.4,112.7,0.0,25.2
2025-04-23 19:19:40,266.6,42.4,256.3,260.3,253.8,249.1,263.8,260.4,235.6,267.1,670.5,112.5,0.0,25.2
2025-04-23 19:19:45,266.5,42.5,255.9,259.8,253.4,248.6,263.5,259.9,235.3,266.8,670.1,112.3,0.0,25.2
2025-04-23 19:19:50,266.2,42.7,255.5,259.5,253.0,248.6,263.3,259.5,235.0,266.4,669.8,112.1,0.0,25.2
2025-04-23 19:19:55,266.0,42.8,255.0,259.4,252.5,248.4,262.9,259.2,234.9,266.0,669.6,111.9,0.0,25.2
2025-04-23 19:20:00,265.5,42.7,254.7,258.9,252.1,248.3,262.7,258.9,234.5,265.7,669.4,111.4,0.0,25.2
2025-04-23 19:20:05,265.1,42.5,254.4,258.6,252.0,247.9,262.3,258.5,234.3,265.4,669.4,111.0,0.0,25.2
2025-04-23 19:20:10,264.4,42.2,253.8,258.2,251.7,247.6,262.2,258.4,234.1,265.1,669.1,110.8,0.0,25.2
2025-04-23 19:20:15,264.1,42.0,253.3,258.1,251.5,247.5,261.5,257.7,233.8,264.7,668.6,110.4,0.0,25.2
2025-04-23 19:20:20,263.8,42.0,253.0,257.6,251.5,247.3,261.0,257.2,233.2,264.5,667.6,110.2,0.0,25.2
2025-04-23 19:20:25,263.6,42.0,252.7,257.4,251.4,247.2,261.2,256.9,233.1,264.2,667.5,109.9,0.0,25.2
2025-04-23 19:20:30,263.5,42.3,252.6,257.2,251.3,246.7,261.1,256.6,232.6,264.0,667.7,109.7,0.0,25.2
2025-04-23 19:20:35,263.1,42.4,252.5,256.9,250.9,246.7,260.6,256.3,232.4,263.6,667.5,109.4,0.0,25.2
2025-04-23 19:20:40,263.0,42.4,252.3,256.8,250.4,246.2,260.1,256.1,232.2,263.4,667.2,109.1,0.0,25.2
2025-04-23 19:20:45,262.6,42.4,252.0,256.7,249.9,245.9,259.7,255.8,231.8,263.1,666.9,109.0,0.0,25.2
2025-04-23 19:20:50,262.3,42.0,251.8,256.2,249.6,245.5,259.4,255.3,231.6,263.0,666.6,108.9,0.0,25.2
2025-04-23 19:20:55,261.9,42.1,251.6,255.8,249.4,245.3,259.0,255.1,231.2,262.8,666.3,108.6,0.0,25.3
2025-04-23 19:21:00,261.7,42.2,251.3,255.2,248.6,245.0,258.6,255.0,231.1,262.5,666.1,108.3,0.0,25.2
2025-04-23 19:21:05,261.5,42.2,250.5,254.8,248.3,244.7,258.5,254.9,231.0,261.7,665.5,107.8,0.0,25.3
2025-04-23 19:21:10,261.1,42.1,250.1,254.6,248.1,244.4,258.2,254.5,230.8,261.2,664.3,107.7,0.0,25.3
2025-04-23 19:21:15,260.8,42.5,249.7,254.3,247.8,244.2,257.8,254.2,230.5,261.0,664.3,107.6,0.0,25.3
2025-04-23 19:21:20,260.3,42.4,249.8,253.8,247.6,244.1,257.6,253.6,230.1,260.3,664.6,107.2,0.0,25.3
2025-04-23 19:21:25,259.9,42.3,249.4,253.4,246.9,243.8,257.3,253.1,229.6,260.3,664.3,107.0,0.0,25.2
2025-04-23 19:21:30,259.7,42.1,249.3,253.4,246.9,243.8,257.0,253.0,229.2,259.9,663.6,106.6,0.0,25.2
2025-04-23 19:21:35,259.3,42.0,248.9,253.2,246.6,243.2,256.7,252.7,229.1,259.7,663.4,106.2,0.0,25.3
2025-04-23 19:21:40,259.1,42.0,248.9,253.1,246.5,242.8,256.5,252.5,229.1,259.3,663.5,105.9,0.0,25.2
2025-04-23 19:21:45,259.0,42.0,248.4,252.8,246.1,242.3,256.1,252.0,228.8,259.0,663.4,105.5,0.0,25.2
2025-04-23 19:21:50,258.6,42.1,247.9,252.5,246.0,242.0,255.8,251.8,228.6,258.8,662.7,105.1,0.0,25.3
2025-04-23 19:21:55,258.4,42.1,247.7,252.2,245.9,241.8,255.4,251.5,228.1,258.7,662.3,105.0,0.0,25.3
2025-04-23 19:22:00,258.1,42.1,247.6,252.1,245.5,241.8,255.1,251.4,227.8,258.2,662.1,104.8,0.0,25.3
2025-04-23 19:22:05,257.9,42.1,247.2,251.8,245.2,241.7,255.1,250.9,227.5,258.0,662.0,104.7,0.0,25.3
2025-04-23 19:22:10,257.5,41.9,246.7,251.5,244.6,241.4,254.4,250.6,227.2,257.6,661.3,104.3,0.0,25.3
2025-04-23 19:22:15,257.1,41.7,246.8,251.3,244.3,241.0,254.1,250.2,227.1,257.5,661.5,104.0,0.0,25.3
2025-04-23 19:22:20,256.8,41.6,246.5,251.0,244.0,240.9,254.1,250.2,227.0,257.2,661.0,103.8,0.0,25.3
2025-04-23 19:22:25,256.5,41.7,246.3,250.7,243.8,240.5,253.5,249.7,226.4,256.9,660.7,103.5,0.0,25.3
2025-04-23 19:22:30,256.1,41.7,245.8,250.6,243.7,240.1,253.2,249.3,226.1,256.5,660.1,103.4,0.0,25.3
2025-04-23 19:22:35,255.7,41.9,245.4,250.4,243.7,239.7,252.8,249.1,225.9,256.2,660.0,102.8,0.0,25.3
2025-04-23 19:22:40,255.5,41.9,244.8,250.0,243.1,239.5,252.7,249.0,225.3,255.9,659.6,102.6,0.0,25.3
2025-04-23 19:22:45,254.9,42.0,244.6,250.0,242.9,239.6,252.5,248.6,225.0,255.6,659.6,102.3,0.1,25.3
2025-04-23 19:22:50,254.5,42.0,244.2,249.3,242.5,239.3,252.2,248.0,224.8,255.2,659.4,101.9,0.1,25.4
2025-04-23 19:22:55,254.5,42.0,244.0,249.5,242.0,238.9,251.8,248.1,224.5,255.0,659.2,101.7,0.1,25.4
2025-04-23 19:23:00,254.4,41.9,243.9,249.1,241.5,238.4,251.4,248.1,224.4,254.8,658.9,101.4,0.0,25.4
2025-04-23 19:23:05,254.1,41.9,243.5,248.9,241.5,238.1,251.1,247.7,224.1,254.5,658.5,101.0,0.1,25.4
2025-04-23 19:23:10,253.8,41.8,243.3,248.6,241.2,237.9,250.8,247.4,223.8,254.4,658.4,100.7,0.1,25.4
2025-04-23 19:23:15,253.5,41.9,242.7,247.3,240.8,237.3,250.7,246.9,223.5,253.8,657.9,100.0,0.1,25.4
2025-04-23 19:23:20,252.9,41.8,242.5,247.3,240.4,236.8,250.4,246.7,223.3,253.7,657.8,99.9,0.1,25.4
2025-04-23 19:23:25,252.5,41.8,242.3,247.1,240.3,236.7,250.1,246.7,222.7,253.2,657.4,99.8,0.2,25.4
2025-04-23 19:23:30,252.1,41.8,242.2,246.8,239.7,236.4,249.4,246.2,222.3,252.7,657.1,99.5,0.2,25.4
2025-04-23 19:23:35,251.8,41.8,242.2,246.5,239.3,236.2,249.3,245.7,222.3,252.5,656.5,99.5,0.1,25.4
2025-04-23 19:23:40,251.7,41.7,242.2,246.1,239.0,235.9,249.2,245.5,222.4,252.1,655.9,99.3,0.1,25.4
2025-04-23 19:23:45,251.4,41.7,241.8,245.8,239.1,236.0,249.3,245.5,222.6,251.9,656.1,99.1,0.2,25.4
2025-04-23 19:23:50,251.5,41.6,241.6,245.5,239.2,235.8,249.5,245.7,222.6,251.6,655.9,99.0,0.5,25.4
2025-04-23 19:23:55,251.1,41.6,241.0,245.0,238.9,235.2,248.8,245.3,222.3,251.4,654.9,98.9,0.6,25.5
2025-04-23 19:24:00,250.9,41.5,240.7,245.2,238.7,234.9,248.8,245.3,222.1,251.2,655.6,98.8,0.9,25.4
2025-04-23 19:24:05,250.5,41.4,240.7,245.2,238.5,235.1,248.7,245.1,222.2,251.0,655.6,98.8,1.1,25.4
2025-04-23 19:24:10,250.2,41.5,240.9,244.9,238.5,235.4,248.5,244.9,222.0,250.7,655.1,98.3,1.1,25.4
2025-04-23 19:24:15,249.9,41.4,241.0,244.6,238.4,235.6,248.5,244.7,222.0,250.6,655.2,97.7,1.1,25.4
2025-04-23 19:24:20,249.7,41.4,241.4,244.9,238.0,235.4,247.9,244.4,221.8,250.5,655.0,97.7,1.1,25.4
2025-04-23 19:24:25,249.6,41.4,241.2,244.7,237.9,235.1,247.7,244.2,221.5,250.2,654.8,97.5,1.7,25.4
2025-04-23 19:24:30,249.3,41.3,241.1,244.4,237.6,234.9,247.4,243.9,221.0,250.0,654.5,97.6,1.9,25.4
2025-04-23 19:24:35,249.3,42.0,241.1,243.9,237.5,234.7,247.1,243.5,220.9,249.9,654.4,97.4,2.1,25.4
2025-04-23 19:24:40,248.9,42.1,240.9,243.7,236.9,234.4,246.8,243.1,220.6,249.6,654.3,97.3,2.0,25.4
2025-04-23 19:24:45,248.5,41.9,240.5,243.7,236.6,233.8,246.4,242.8,220.3,249.3,654.2,97.0,1.7,25.3
2025-04-23 19:24:50,248.6,41.8,240.1,243.1,236.2,233.8,246.2,242.4,220.0,249.0,653.7,96.7,1.5,25.3
2025-04-23 19:24:55,248.8,41.8,239.7,242.5,236.0,233.5,246.2,242.2,219.9,248.8,653.4,96.3,1.2,25.3
2025-04-23 19:25:00,248.7,42.1,239.3,242.0,235.6,232.9,245.6,241.3,219.6,248.6,652.8,96.0,1.1,25.3
2025-04-23 19:25:05,248.3,42.1,239.1,241.9,235.5,232.9,245.2,241.1,219.5,248.2,652.1,95.7,1.0,25.3
2025-04-23 19:25:10,248.0,42.0,238.8,242.0,235.2,232.4,245.0,241.2,219.5,247.7,651.7,95.4,0.8,25.3
2025-04-23 19:25:15,247.8,41.9,238.4,241.5,234.8,231.9,244.8,241.3,219.3,247.6,651.7,94.9,0.8,25.3
2025-04-23 19:25:20,247.4,42.0,238.2,241.3,234.6,231.7,244.4,241.6,219.2,247.3,651.4,94.5,0.8,25.3
2025-04-23 19:25:25,246.9,42.0,237.9,240.7,234.0,231.2,243.9,241.0,218.7,247.0,650.8,94.6,1.0,25.3
2025-04-23 19:25:30,246.3,41.9,237.2,240.3,233.7,231.0,243.5,241.1,218.7,246.9,650.6,94.4,1.1,25.3
2025-04-23 19:25:35,246.0,42.0,237.2,240.2,233.5,230.6,243.2,241.2,218.5,246.6,650.5,94.4,1.0,25.2
2025-04-23 19:25:40,245.3,41.9,237.0,240.4,233.3,230.9,242.8,241.2,218.2,246.0,649.6,94.0,1.2,25.3
2025-04-23 19:25:45,245.1,42.1,236.8,240.2,233.1,230.8,242.5,240.9,217.9,245.9,649.5,93.4,1.3,25.2
2025-04-23 19:25:50,244.9,42.1,236.2,240.7,232.6,230.8,242.4,240.6,217.5,245.7,649.4,93.3,2.1,25.2
2025-04-23 19:25:55,244.9,42.1,235.8,240.3,232.2,230.5,242.4,240.3,217.5,245.6,649.2,93.2,2.0,25.2
2025-04-23 19:26:00,244.7,42.1,235.5,240.2,232.1,230.3,242.5,240.2,217.1,245.4,649.1,93.3,2.1,25.2
2025-04-23 19:26:05,244.4,42.3,235.4,239.5,231.9,229.9,242.1,239.7,216.9,245.2,648.7,93.2,1.9,25.2
2025-04-23 19:26:10,244.3,42.3,235.1,239.4,231.9,229.4,241.6,239.1,216.6,245.0,648.7,93.0,1.8,25.3
2025-04-23 19:26:15,244.2,42.5,234.9,239.1,231.8,229.3,241.6,238.7,216.5,244.9,648.6,92.6,1.5,25.3
2025-04-23 19:26:20,243.9,42.5,234.5,238.7,231.4,229.1,241.1,238.4,216.4,244.7,648.6,92.3,1.2,25.3
2025-04-23 19:26:25,243.7,42.5,234.7,238.4,231.3,229.0,240.7,238.5,216.1,244.3,648.3,92.1,1.2,25.3
2025-04-23 19:26:30,243.1,42.5,234.9,238.5,231.0,228.7,240.4,238.2,216.0,244.2,647.8,91.8,1.1,25.3
2025-04-23 19:26:35,242.8,42.5,234.2,238.5,230.9,228.2,240.1,237.8,215.7,244.2,647.9,91.3,0.9,25.3
2025-04-23 19:26:40,242.5,42.7,233.9,238.2,230.8,228.0,239.9,237.5,215.1,243.9,647.8,91.1,0.8,25.3
2025-04-23 19:26:45,242.2,43.0,233.4,237.5,230.5,227.9,239.8,236.8,214.7,243.5,647.1,90.6,0.8,25.3
2025-04-23 19:26:50,241.8,43.1,233.4,237.0,230.3,227.7,239.6,236.5,214.7,243.4,646.9,90.5,0.8,25.3
2025-04-23 19:26:55,241.6,42.6,233.1,236.2,229.7,227.5,239.1,236.2,214.5,243.1,646.5,90.1,0.6,25.3
2025-04-23 19:27:00,241.3,42.6,232.6,236.4,229.2,227.2,238.8,235.5,214.1,242.7,646.2,89.9,0.5,25.3
2025-04-23 19:27:05,240.9,42.5,232.2,236.4,228.8,226.8,238.8,235.5,214.0,242.5,645.8,89.7,0.4,25.3
2025-04-23 19:27:10,240.8,42.4,231.8,236.1,228.5,225.9,238.3,235.3,213.7,242.2,645.5,89.2,0.3,25.2
2025-04-23 19:27:15,240.4,42.4,231.9,235.2,228.2,225.6,237.9,235.0,213.3,242.0,645.3,88.9,0.3,25.2
2025-04-23 19:27:20,240.3,42.5,231.7,235.0,228.0,225.4,237.6,234.8,212.9,241.6,645.0,88.8,0.3,25.2
2025-04-23 19:27:25,239.7,42.7,231.5,234.3,227.5,225.3,237.4,234.5,212.6,241.4,644.8,88.6,0.2,25.3
2025-04-23 19:27:30,239.6,42.7,231.2,234.2,227.5,225.1,237.2,234.0,212.3,241.1,644.3,88.1,0.2,25.3
2025-04-23 19:27:35,239.3,42.5,230.8,234.1,227.1,224.6,237.3,233.7,212.1,240.8,644.3,87.9,0.4,25.2
2025-04-23 19:27:40,239.1,42.6,230.9,233.8,226.8,224.2,237.2,233.4,212.0,240.6,644.0,87.8,0.4,25.2
2025-04-23 19:27:45,238.9,42.9,230.6,233.4,226.5,223.9,237.0,233.1,211.7,240.4,643.8,87.7,0.3,25.2
2025-04-23 19:27:50,238.6,43.1,230.4,233.3,226.2,223.6,236.5,232.7,211.5,240.1,643.6,87.0,0.2,25.2
2025-04-23 19:27:55,238.3,43.1,230.0,233.2,225.9,223.2,235.8,232.4,211.2,239.8,643.6,86.9,0.2,25.2
2025-04-23 19:28:00,237.8,43.1,229.5,232.6,225.8,222.7,235.4,232.1,210.9,239.4,642.9,86.6,0.2,25.2
2025-04-23 19:28:05,237.5,42.9,229.3,232.4,225.4,222.5,235.3,232.0,210.5,239.2,642.7,86.2,0.1,25.2
2025-04-23 19:28:10,237.3,43.0,228.9,232.4,225.2,222.3,235.3,231.8,210.1,238.9,642.5,85.6,0.1,25.2
2025-04-23 19:28:15,236.9,43.1,228.6,232.2,224.9,222.3,234.8,231.5,209.7,238.6,642.3,85.2,0.1,25.2
2025-04-23 19:28:20,236.5,43.0,228.1,231.7,224.4,222.1,234.8,231.1,209.4,238.4,642.3,85.1,0.0,25.2
2025-04-23 19:28:25,236.2,43.1,227.4,231.3,224.3,222.0,234.5,231.1,209.1,238.1,642.0,84.9,0.0,25.3
2025-04-23 19:28:30,235.8,43.1,227.1,230.9,223.9,222.0,234.3,230.9,208.8,237.9,641.6,84.7,0.0,25.3
2025-04-23 19:28:35,235.3,42.8,226.8,230.8,223.8,221.7,233.8,230.6,208.6,237.6,641.8,84.2,0.0,25.3
2025-04-23 19:28:40,235.0,42.9,226.5,230.4,223.3,221.2,231.8,230.0,208.1,237.1,641.0,84.0,0.0,25.3
2025-04-23 19:28:45,234.6,42.8,226.5,230.0,223.0,221.0,228.3,230.0,207.8,236.8,640.5,83.7,0.0,25.3
2025-04-23 19:28:50,234.3,42.8,226.1,230.0,222.8,220.6,224.8,230.0,207.5,236.5,640.6,83.5,0.0,25.3
2025-04-23 19:28:55,233.9,42.9,225.7,229.8,222.5,220.4,221.1,229.5,207.3,236.2,640.4,83.2,0.0,25.3
2025-04-23 19:29:00,233.5,43.0,225.4,229.4,222.0,220.2,216.4,229.2,207.0,236.0,639.8,83.1,0.0,25.3
2025-04-23 19:29:05,233.1,43.3,225.2,228.8,221.8,219.9,210.3,229.0,206.7,235.6,639.4,82.8,0.0,25.3
2025-04-23 19:29:10,233.3,43.2,224.9,228.9,221.6,219.7,205.6,228.6,206.4,235.2,638.9,82.6,0.0,25.3
2025-04-23 19:29:15,232.9,43.4,224.5,228.8,221.2,219.3,202.6,228.4,206.2,234.9,639.2,82.2,0.0,25.3
2025-04-23 19:29:20,232.6,43.4,224.2,228.1,220.8,218.9,193.2,227.6,205.6,234.5,638.7,81.9,0.0,25.3
2025-04-23 19:29:25,232.9,43.3,224.1,228.1,220.6,218.7,187.6,227.3,205.3,234.3,638.3,81.8,0.0,25.3
2025-04-23 19:29:30,232.8,43.5,223.8,228.0,220.2,218.3,183.0,227.0,205.0,234.0,637.7,81.7,0.4,25.3
2025-04-23 19:29:35,232.4,43.7,223.4,227.4,220.0,217.9,175.8,226.9,204.6,233.7,637.7,81.4,0.6,25.3
2025-04-23 19:29:40,231.9,44.1,223.5,227.2,219.9,217.5,170.3,226.6,204.4,233.2,636.7,81.1,0.5,25.3
2025-04-23 19:29:45,231.8,44.1,223.0,227.1,219.7,217.1,161.8,226.0,204.0,232.9,636.6,80.9,0.4,25.3
2025-04-23 19:29:50,231.5,44.1,222.8,226.6,219.1,216.7,156.1,225.7,203.7,232.7,636.7,80.7,0.3,25.3
2025-04-23 19:29:55,231.3,44.4,222.5,226.3,218.8,216.5,147.9,225.5,203.7,232.6,636.7,80.6,0.4,25.3
2025-04-23 19:30:00,230.9,44.7,222.2,226.0,218.5,216.3,141.5,225.1,203.1,232.2,636.1,80.3,0.4,25.4
2025-04-23 19:30:05,230.8,45.0,222.0,225.6,218.2,216.2,134.1,224.8,202.8,232.0,636.1,80.2,0.4,25.4
2025-04-23 19:30:10,230.3,45.4,222.0,225.4,218.1,215.9,129.1,224.8,202.6,231.7,636.2,79.7,0.3,25.3
2025-04-23 19:30:15,230.2,45.6,221.6,225.1,217.8,215.4,122.6,224.7,202.4,231.4,636.1,79.4,0.2,25.4
2025-04-23 19:30:20,230.1,45.7,221.5,225.0,217.6,215.2,115.7,224.6,202.1,231.1,635.7,79.2,0.2,25.4
2025-04-23 19:30:25,229.5,46.2,221.0,224.8,217.3,215.0,107.7,224.4,202.1,230.7,635.5,79.0,0.1,25.4
2025-04-23 19:30:30,229.5,46.4,220.7,224.6,216.8,214.8,101.9,224.1,201.9,230.6,635.0,78.8,0.1,25.4
2025-04-23 19:30:35,229.2,46.7,220.5,224.4,216.8,214.8,94.5,223.9,201.6,230.3,635.1,78.6,0.1,25.4
2025-04-23 19:30:40,228.7,47.4,220.6,224.1,216.5,214.7,89.1,223.6,201.5,230.1,634.7,78.3,0.1,25.4
2025-04-23 19:30:45,228.5,47.6,220.5,223.9,216.1,214.6,82.3,223.3,201.3,229.8,634.8,78.2,0.1,25.4
2025-04-23 19:30:50,228.4,48.1,220.2,223.7,215.8,214.4,75.8,223.4,201.1,229.3,633.7,78.0,0.0,25.4
2025-04-23 19:30:55,228.3,48.5,219.8,223.4,215.7,213.9,70.4,223.5,201.0,229.1,633.2,77.6,0.0,25.4
2025-04-23 19:31:00,227.7,49.2,219.1,223.4,215.4,213.7,68.3,223.2,200.7,229.1,633.4,77.3,0.0,25.4
2025-04-23 19:31:05,227.5,49.7,219.3,223.4,215.4,213.1,60.3,222.7,200.7,228.8,633.6,77.4,0.1,25.4
2025-04-23 19:31:10,227.4,50.3,219.3,222.8,215.4,213.2,58.3,222.2,200.6,228.5,633.6,77.3,0.1,25.4
2025-04-23 19:31:15,227.0,50.7,219.1,222.8,215.3,212.8,52.8,221.6,200.0,228.1,633.4,76.9,0.0,25.4
2025-04-23 19:31:20,226.4,51.7,218.8,222.5,214.8,212.6,47.8,221.2,200.1,227.9,632.8,76.5,0.0,25.4
2025-04-23 19:31:25,226.0,52.0,218.7,222.6,214.5,212.3,45.8,220.9,199.7,227.6,632.4,76.5,0.0,25.4
2025-04-23 19:31:30,225.9,53.4,218.0,222.0,214.3,212.3,43.3,220.8,199.5,227.3,632.5,76.6,0.1,25.4
2025-04-23 19:31:35,225.7,54.2,217.6,221.8,214.0,212.4,41.3,220.6,199.1,227.1,632.5,76.5,0.2,25.4
2025-04-23 19:31:40,225.6,55.1,217.4,221.5,213.9,212.0,38.9,220.3,198.9,227.0,632.5,76.3,0.6,25.4
2025-04-23 19:31:45,225.3,55.6,217.2,221.1,214.0,211.7,38.2,220.0,198.6,226.7,632.5,75.8,1.6,25.4
2025-04-23 19:31:50,225.3,56.5,217.2,220.8,213.8,211.6,38.4,219.4,198.4,226.5,632.1,75.8,1.8,25.4
2025-04-23 19:31:55,225.3,57.5,217.2,221.0,213.6,211.2,40.0,219.2,198.1,226.1,631.7,75.0,1.7,25.4
2025-04-23 19:32:00,225.0,59.4,217.2,221.3,213.4,210.9,42.3,218.8,198.1,226.0,631.5,74.8,1.5,25.4
2025-04-23 19:32:05,225.0,60.0,217.4,221.1,213.2,210.6,43.3,218.8,197.5,225.7,631.0,74.4,1.3,25.4
2025-04-23 19:32:10,224.7,60.8,217.3,220.7,212.5,210.2,46.6,218.4,196.8,225.4,631.0,74.4,1.2,25.4
2025-04-23 19:32:15,224.4,61.9,217.0,220.6,212.1,210.2,49.1,218.1,196.5,225.4,631.1,74.4,1.2,25.4
2025-04-23 19:32:20,224.0,63.2,216.7,220.4,211.7,209.7,50.1,217.9,196.3,225.1,631.0,74.1,0.9,25.4
2025-04-23 19:32:25,223.6,63.7,216.5,220.1,211.5,209.8,52.2,217.7,195.9,224.7,630.8,73.7,0.8,25.4
2025-04-23 19:32:30,223.3,64.4,216.5,219.7,211.5,209.1,54.7,217.6,195.4,224.3,629.7,73.2,0.7,25.4
2025-04-23 19:32:35,223.2,66.0,215.9,219.3,211.2,208.8,56.9,217.0,195.1,224.0,629.5,72.7,0.6,25.4
2025-04-23 19:32:40,222.8,68.2,215.5,219.2,210.8,208.5,59.0,216.9,195.1,223.9,629.2,72.6,0.4,25.4
2025-04-23 19:32:45,222.5,68.3,215.2,218.6,210.3,208.0,61.3,216.4,194.9,223.5,629.6,72.2,0.4,25.4
2025-04-23 19:32:50,222.2,69.7,214.6,218.4,210.0,207.7,62.5,215.9,194.8,223.5,629.4,72.0,0.4,25.4
2025-04-23 19:32:55,221.8,71.3,214.1,218.2,209.8,207.4,64.1,215.6,194.4,223.5,629.4,71.8,0.3,25.4
2025-04-23 19:33:00,221.4,72.7,213.7,218.3,209.6,207.3,65.9,215.3,194.2,223.0,628.6,71.4,0.2,25.4
2025-04-23 19:33:05,221.3,73.5,213.5,218.0,209.1,207.1,67.1,215.2,193.8,222.7,627.8,71.2,0.3,25.3
2025-04-23 19:33:10,221.3,75.1,213.3,217.9,208.9,206.7,67.7,214.9,193.6,222.6,628.1,70.7,0.3,25.3
2025-04-23 19:33:15,220.9,77.2,213.1,217.7,208.3,206.7,69.2,214.7,193.4,222.5,628.2,70.4,0.4,25.3
2025-04-23 19:33:20,220.5,78.0,212.7,217.3,208.4,206.4,69.4,214.4,192.8,222.3,628.4,70.2,0.4,25.3
2025-04-23 19:33:25,220.4,79.3,212.3,217.0,208.1,206.2,70.0,214.2,192.6,222.1,627.9,70.0,0.6,25.3
2025-04-23 19:33:30,220.2,81.5,212.2,216.6,208.0,205.7,69.7,214.1,192.3,221.7,627.7,69.8,0.6,25.3
2025-04-23 19:33:35,219.8,81.8,212.0,216.5,208.0,205.4,69.3,213.9,192.0,221.4,627.5,69.5,0.5,25.3
2025-04-23 19:33:40,219.1,83.4,211.6,216.0,207.6,205.3,66.7,213.3,191.7,221.1,627.3,69.1,0.4,25.3
2025-04-23 19:33:45,218.9,85.2,211.2,215.6,207.0,205.0,64.1,212.8,191.5,220.9,626.6,68.9,0.5,25.3
2025-04-23 19:33:50,218.7,86.3,210.9,215.4,206.8,204.8,60.4,212.6,191.0,220.5,626.5,68.5,0.5,25.3
2025-04-23 19:33:55,218.5,87.5,210.7,215.2,206.5,204.4,56.6,212.4,190.6,220.4,626.5,68.4,0.4,25.3
2025-04-23 19:34:00,218.2,89.0,210.5,214.5,206.4,204.1,53.7,212.3,190.4,220.0,626.1,68.2,0.4,25.3
2025-04-23 19:34:05,217.6,90.5,210.3,214.2,206.3,203.6,50.0,212.0,190.2,219.7,625.9,67.9,0.7,25.3
2025-04-23 19:34:10,217.3,92.5,210.1,213.8,205.8,203.4,46.3,211.7,190.1,219.4,625.7,68.0,0.7,25.3
2025-04-23 19:34:15,216.9,94.3,209.6,213.3,205.8,203.2,44.9,211.8,189.9,219.0,625.7,67.9,0.8,25.3
2025-04-23 19:34:20,216.8,95.3,209.4,213.1,205.1,203.1,40.4,211.2,189.2,218.7,625.1,67.7,0.8,25.3
2025-04-23 19:34:25,216.7,96.9,209.1,212.6,204.9,202.7,38.6,210.8,188.8,218.5,625.1,67.7,0.8,25.3
2025-04-23 19:34:30,216.6,98.7,208.9,212.5,204.5,202.4,36.9,210.4,188.7,218.2,624.8,67.3,0.8,25.3
2025-04-23 19:34:35,216.2,100.4,208.8,212.1,204.3,202.2,37.1,210.1,188.4,218.0,624.3,66.8,0.7,25.4
2025-04-23 19:34:40,216.1,101.1,208.4,211.9,204.0,201.9,36.8,209.9,188.1,217.5,624.3,66.5,0.7,25.4
2025-04-23 19:34:45,215.5,102.5,208.3,211.9,203.8,201.5,36.6,209.4,187.5,217.3,624.2,66.2,0.6,25.3
2025-04-23 19:34:50,215.4,104.3,208.0,211.8,203.4,201.3,36.7,209.1,187.5,216.9,624.2,65.8,0.5,25.4
2025-04-23 19:34:55,215.1,106.7,207.5,211.5,202.9,201.1,36.8,209.1,187.2,216.7,623.8,65.6,0.5,25.4
2025-04-23 19:35:00,214.9,108.5,207.4,211.2,202.6,200.9,37.0,208.6,186.8,216.1,623.2,65.1,0.4,25.4
2025-04-23 19:35:05,214.5,110.5,206.9,210.9,202.3,200.6,37.0,208.2,186.8,216.0,622.7,65.0,0.4,25.4
2025-04-23 19:35:10,214.2,112.1,206.5,210.8,202.0,200.5,37.0,207.9,187.0,215.8,622.6,64.6,0.3,25.3
2025-04-23 19:35:15,213.6,113.6,206.1,210.8,201.9,200.4,37.0,207.8,187.1,215.7,623.1,64.4,0.2,25.3
2025-04-23 19:35:20,212.9,115.8,205.7,210.5,201.7,200.5,37.1,208.2,187.6,215.4,623.1,64.1,0.1,25.3
2025-04-23 19:35:25,212.7,117.3,205.4,209.9,201.3,200.1,37.3,208.7,187.1,215.1,623.1,63.8,0.1,25.3
2025-04-23 19:35:30,212.2,119.2,205.2,209.6,201.3,200.1,37.5,208.1,187.1,214.8,622.7,63.7,0.0,25.3
2025-04-23 19:35:35,212.0,120.6,205.2,209.7,201.3,200.3,37.5,208.2,186.3,214.6,622.1,64.0,0.0,25.3
2025-04-23 19:35:40,211.5,122.2,205.2,210.1,201.5,200.0,37.2,207.9,185.9,214.3,621.4,64.0,0.2,25.3
2025-04-23 19:35:45,211.5,123.7,205.4,210.0,201.5,200.1,37.3,207.7,185.8,214.0,621.0,63.8,0.9,25.3
2025-04-23 19:35:50,211.1,125.8,205.4,209.4,201.2,199.7,37.4,207.1,185.5,213.9,621.4,63.8,1.6,25.3
2025-04-23 19:35:55,210.9,127.2,205.4,209.2,200.9,199.3,37.2,207.5,185.5,213.8,621.4,63.7,1.9,25.3
2025-04-23 19:36:00,210.9,129.7,205.4,208.9,200.7,199.1,37.2,207.4,185.7,213.6,621.5,63.1,1.7,25.3
2025-04-23 19:36:05,210.7,132.0,205.3,208.8,200.4,199.1,37.2,207.8,185.4,213.3,621.8,62.9,1.7,25.3
2025-04-23 19:36:10,210.5,133.7,204.9,208.7,200.1,198.9,37.3,207.6,185.1,213.2,621.4,62.7,1.9,25.3
2025-04-23 19:36:15,210.2,136.2,204.0,209.0,199.9,199.1,37.2,207.0,184.9,213.0,621.0,62.1,1.7,25.3
2025-04-23 19:36:20,210.1,137.5,203.4,208.9,199.7,198.8,37.2,206.3,184.6,212.9,620.0,62.0,1.7,25.3
2025-04-23 19:36:25,209.9,139.1,203.4,208.8,199.4,198.3,37.3,205.6,184.5,212.4,619.8,62.1,1.6,25.3
2025-04-23 19:36:30,209.5,141.6,202.8,208.4,199.1,198.0,37.3,205.8,184.1,212.1,619.8,61.7,1.5,25.2
2025-04-23 19:36:35,209.1,143.3,202.6,208.2,198.9,197.7,37.2,205.4,183.8,211.9,619.6,61.5,1.2,25.3
2025-04-23 19:36:40,208.9,145.0,202.5,207.9,198.5,197.2,37.3,204.9,184.0,211.7,619.1,61.2,1.3,25.2
2025-04-23 19:36:45,208.5,146.2,202.6,207.5,198.4,196.8,37.2,204.5,183.6,211.2,619.8,61.1,1.4,25.3
2025-04-23 19:36:50,208.4,148.0,202.3,207.3,198.0,196.4,37.1,204.6,183.4,211.1,618.8,60.8,1.4,25.2
2025-04-23 19:36:55,208.1,150.2,202.1,206.9,197.6,196.1,37.2,204.6,183.0,210.9,618.9,60.5,1.5,25.2
2025-04-23 19:37:00,207.5,151.5,201.8,206.9,197.4,196.0,37.3,204.5,182.8,210.6,618.7,60.1,1.3,25.2
2025-04-23 19:37:05,207.3,154.4,201.5,206.5,197.2,195.5,37.3,203.9,182.6,210.5,618.8,59.8,1.1,25.2
2025-04-23 19:37:10,207.1,155.9,201.0,206.0,196.8,195.2,37.4,203.6,182.3,210.3,618.7,59.5,1.0,25.2
2025-04-23 19:37:15,206.9,157.1,200.8,205.7,196.9,195.1,37.3,203.3,182.2,209.9,618.2,59.8,1.2,25.2
2025-04-23 19:37:20,206.4,159.3,200.5,205.4,196.8,195.0,37.3,203.0,182.1,209.4,617.6,59.7,1.2,25.2
2025-04-23 19:37:25,206.1,160.4,200.5,205.3,196.5,195.1,37.4,202.9,181.9,209.3,617.2,59.5,1.2,25.1
2025-04-23 19:37:30,206.2,162.6,199.9,205.2,196.3,195.1,37.5,202.8,181.6,209.0,617.9,59.5,1.1,25.1
2025-04-23 19:37:35,205.9,164.7,199.9,204.8,196.2,194.9,37.5,202.2,181.4,208.8,617.0,59.6,1.2,25.1
2025-04-23 19:37:40,205.7,165.6,199.9,204.5,195.9,194.2,37.5,202.0,181.2,208.5,616.9,59.1,2.0,25.1
2025-04-23 19:37:45,205.6,166.6,199.9,204.2,195.6,194.2,37.6,202.0,181.2,208.1,616.2,59.0,2.9,25.0
2025-04-23 19:37:50,205.7,168.0,199.7,203.8,195.6,194.0,37.9,201.7,180.8,207.8,615.8,58.9,3.0,25.0
2025-04-23 19:37:55,205.3,169.3,199.5,203.4,195.6,193.6,38.0,201.3,180.6,207.9,615.4,58.6,2.6,25.0
2025-04-23 19:38:00,204.8,170.7,199.2,203.0,195.1,193.1,37.6,201.2,180.2,207.6,615.8,58.4,2.7,24.9
2025-04-23 19:38:05,204.4,172.5,199.2,203.0,193.5,192.8,37.5,200.9,179.8,207.3,615.2,58.1,2.5,24.9
2025-04-23 19:38:10,204.3,173.6,199.2,203.1,190.6,192.5,37.5,200.4,179.6,207.2,614.5,57.9,2.3,24.8
2025-04-23 19:38:15,204.5,174.7,199.0,202.8,188.2,192.5,37.5,199.9,179.1,207.0,614.9,57.8,1.9,24.8
2025-04-23 19:38:20,204.0,175.7,198.8,202.5,185.4,192.3,37.3,199.6,178.8,206.9,614.8,57.7,2.0,24.8
2025-04-23 19:38:25,203.4,177.4,198.4,202.2,181.0,192.1,37.4,199.6,178.5,206.4,613.8,57.4,1.6,24.8
2025-04-23 19:38:30,203.4,178.5,198.2,202.0,177.6,191.8,37.4,199.1,178.2,206.3,614.0,57.0,1.5,24.7
2025-04-23 19:38:35,203.3,178.9,197.5,201.8,175.6,191.6,37.3,199.2,178.1,206.1,612.9,56.7,1.3,24.7
2025-04-23 19:38:40,202.8,180.8,197.2,201.5,168.7,191.1,37.6,199.0,178.1,205.7,612.9,56.3,1.2,24.7
2025-04-23 19:38:45,202.4,181.9,197.0,201.0,164.4,190.7,37.7,198.6,177.5,205.5,612.6,56.2,1.0,24.7
2025-04-23 19:38:50,201.9,182.8,196.7,201.0,161.1,190.5,37.5,198.2,177.1,205.1,612.4,56.0,0.9,24.7
2025-04-23 19:38:55,201.4,184.8,196.3,201.1,156.9,190.3,37.4,198.0,176.8,204.8,612.0,55.6,0.7,24.7
2025-04-23 19:39:00,201.2,184.9,195.8,200.9,151.4,190.1,37.5,197.6,176.9,204.7,611.8,55.6,0.8,24.7
2025-04-23 19:39:05,200.9,186.1,195.7,200.6,145.3,189.5,37.4,197.6,176.9,204.0,611.1,55.4,0.9,24.7
2025-04-23 19:39:10,200.3,186.9,195.7,200.4,140.7,189.1,37.4,197.5,176.6,203.7,610.6,55.0,1.1,24.7
2025-04-23 19:39:15,200.6,188.1,195.5,200.1,134.2,189.0,37.3,197.4,176.4,203.4,610.0,54.7,1.0,24.6
2025-04-23 19:39:20,200.7,189.1,195.2,199.4,129.2,188.5,37.2,196.6,175.5,203.1,609.8,54.2,0.9,24.6
2025-04-23 19:39:25,200.3,189.6,194.8,199.1,124.0,188.1,37.4,196.1,175.1,202.8,609.9,53.9,0.7,24.6
2025-04-23 19:39:30,199.7,190.4,194.6,198.6,117.5,187.7,37.4,196.0,174.7,202.5,609.4,53.7,0.6,24.6
2025-04-23 19:39:35,200.0,191.0,194.6,198.5,112.1,187.5,37.2,195.7,174.3,202.2,608.9,53.7,0.5,24.6
2025-04-23 19:39:40,199.7,191.8,194.3,198.4,109.6,187.3,37.2,195.3,173.9,201.9,608.5,53.7,0.7,24.6
2025-04-23 19:39:45,199.7,192.3,193.9,197.7,101.3,186.9,37.3,194.9,173.6,201.7,608.0,53.4,0.7,24.6
2025-04-23 19:39:50,199.2,192.8,193.6,197.3,95.3,186.7,37.3,194.6,173.4,201.4,608.1,53.1,0.8,24.6
2025-04-23 19:39:55,198.8,193.7,193.5,197.0,91.0,186.4,37.3,194.1,172.9,201.0,607.9,52.8,0.9,24.6
2025-04-23 19:40:00,198.4,194.2,193.0,196.8,85.3,186.1,37.4,194.0,172.9,200.8,607.5,52.3,0.7,24.6
2025-04-23 19:40:05,198.3,194.4,192.9,196.5,79.7,185.8,38.1,193.7,172.6,200.5,607.5,52.2,0.6,24.6
2025-04-23 19:40:10,197.7,194.9,192.5,196.1,73.1,185.7,39.0,193.4,172.4,200.2,606.9,51.8,0.5,24.6
2025-04-23 19:40:15,197.3,195.3,192.4,196.0,68.3,185.5,39.8,193.3,172.2,200.0,606.8,51.7,0.5,24.6
2025-04-23 19:40:20,196.7,195.9,192.0,195.8,62.7,185.3,40.3,193.2,172.1,199.9,606.9,51.6,0.7,24.6
2025-04-23 19:40:25,196.4,196.4,191.7,195.5,58.4,184.8,41.7,192.7,171.8,199.5,606.0,51.2,0.7,24.6
2025-04-23 19:40:30,196.0,196.7,191.2,195.2,54.3,184.5,42.2,192.3,171.5,199.4,605.9,51.1,0.9,24.6
2025-04-23 19:40:35,195.7,197.2,190.8,195.0,49.6,184.3,42.8,191.8,171.2,198.8,605.7,50.8,1.0,24.6
2025-04-23 19:40:40,195.8,197.5,190.5,194.9,46.5,184.1,42.9,191.7,171.1,198.7,604.9,50.7,0.9,24.6
2025-04-23 19:40:45,195.5,197.7,190.3,194.4,45.1,183.9,43.2,191.4,170.9,198.3,604.7,50.3,0.7,24.6
2025-04-23 19:40:50,195.1,197.8,190.0,194.3,40.0,183.4,43.3,191.0,170.6,198.1,604.4,50.1,0.6,24.6
2025-04-23 19:40:55,194.8,198.1,189.8,194.4,37.9,183.2,43.1,190.7,170.3,197.8,604.1,49.7,0.4,24.6
2025-04-23 19:41:00,194.5,198.4,189.6,194.2,36.4,182.9,43.1,190.5,170.0,197.5,603.8,49.5,0.3,24.6
2025-04-23 19:41:05,194.0,198.6,189.2,194.0,35.2,182.6,42.7,190.4,169.6,197.2,603.3,49.4,0.3,24.6
2025-04-23 19:41:10,194.0,198.9,188.8,193.6,34.3,182.3,42.2,190.2,169.2,196.9,603.5,49.2,0.2,24.6
2025-04-23 19:41:15,193.7,199.1,188.5,193.2,33.8,181.9,41.4,189.9,168.9,196.7,603.7,48.9,0.2,24.6
2025-04-23 19:41:20,193.4,199.3,188.1,192.8,33.7,181.6,40.6,189.6,168.7,196.5,603.6,48.8,0.2,24.6
2025-04-23 19:41:25,193.0,199.3,187.6,192.3,33.4,181.1,39.5,189.3,168.5,196.3,603.4,48.9,0.1,24.6
2025-04-23 19:41:30,192.7,199.5,185.6,192.0,33.4,180.7,38.3,189.0,168.3,196.0,603.1,48.8,0.1,24.6
2025-04-23 19:41:35,192.4,199.6,184.5,192.0,33.3,180.6,37.2,188.8,167.9,195.7,602.3,48.6,0.1,24.6
2025-04-23 19:41:40,191.9,199.7,181.6,191.7,33.3,180.5,37.0,188.6,167.7,195.3,602.1,48.4,0.0,24.6
2025-04-23 19:41:45,191.7,199.6,179.9,191.4,33.3,180.4,36.7,188.0,167.6,195.1,601.2,48.2,0.2,24.6
2025-04-23 19:41:50,191.5,199.7,176.7,191.5,33.3,180.4,36.7,188.1,167.5,194.7,601.0,48.0,0.3,24.7
2025-04-23 19:41:55,191.1,199.9,174.2,191.0,33.2,180.2,36.4,187.6,167.3,194.6,600.9,47.9,0.4,24.7
2025-04-23 19:42:00,191.0,199.7,171.1,190.6,33.2,179.7,36.5,187.2,166.7,194.4,600.9,47.9,0.3,24.7
2025-04-23 19:42:05,190.8,199.7,168.9,190.4,33.3,179.4,36.5,187.1,166.6,194.0,600.3,47.9,0.3,24.7
2025-04-23 19:42:10,190.2,199.6,166.0,190.3,33.3,179.2,36.7,186.6,166.5,193.6,599.9,47.9,0.3,24.7
2025-04-23 19:42:15,190.1,199.4,162.7,190.0,33.3,179.0,36.7,186.6,166.2,193.2,599.3,47.6,0.3,24.7
2025-04-23 19:42:20,189.8,199.2,158.1,189.6,33.5,178.5,36.6,186.4,165.7,192.9,599.2,47.8,1.1,24.7
2025-04-23 19:42:25,189.7,199.3,154.2,189.3,33.5,178.1,36.5,186.5,165.4,192.6,598.3,47.5,1.4,24.7
2025-04-23 19:42:30,189.7,199.3,149.6,188.9,33.6,178.4,36.5,186.4,165.3,192.4,598.2,47.2,1.3,24.7
2025-04-23 19:42:35,189.4,198.9,145.8,188.5,33.6,178.3,36.4,186.1,165.1,192.1,598.0,47.1,1.1,24.7
2025-04-23 19:42:40,189.0,198.6,142.3,188.8,33.5,177.8,36.5,185.8,164.8,191.9,597.9,47.0,1.2,24.7
2025-04-23 19:42:45,188.5,198.2,137.1,188.7,33.5,177.6,36.6,185.7,164.8,191.5,597.4,47.1,1.1,24.7
2025-04-23 19:42:50,188.2,198.1,133.0,188.5,33.6,177.3,36.5,185.2,164.8,191.1,596.8,47.1,1.0,24.7
2025-04-23 19:42:55,187.8,198.2,130.4,188.1,33.6,177.3,36.5,184.9,164.5,190.7,594.6,46.9,0.8,24.7
2025-04-23 19:43:00,187.7,198.1,121.8,188.0,33.6,177.0,36.5,185.0,164.2,189.9,592.8,46.9,0.7,24.7
2025-04-23 19:43:05,187.4,197.9,116.3,187.9,33.7,176.7,36.5,184.7,164.2,190.1,595.0,46.8,0.5,24.7
2025-04-23 19:43:10,187.2,197.9,112.4,187.7,33.7,176.5,36.6,184.2,163.6,190.1,596.2,46.8,0.5,24.7
2025-04-23 19:43:15,186.8,197.8,106.8,187.1,33.6,176.0,36.5,183.7,163.2,189.8,596.2,47.2,0.3,24.7
2025-04-23 19:43:20,186.5,197.3,101.6,186.5,33.8,175.8,36.6,183.5,163.0,189.4,595.6,47.3,0.3,24.7
2025-04-23 19:43:25,186.3,196.9,94.5,186.1,33.9,175.8,36.6,183.3,162.6,189.3,594.9,47.3,0.2,24.7
2025-04-23 19:43:30,186.1,196.7,89.1,185.9,33.8,175.4,36.5,182.9,162.2,189.1,594.9,47.1,0.3,24.7
2025-04-23 19:43:35,185.9,196.3,82.4,185.6,33.6,174.9,36.6,182.7,161.9,188.9,594.9,47.1,0.3,24.7
2025-04-23 19:43:40,185.7,196.0,77.4,185.5,33.6,174.5,36.6,182.0,161.3,188.6,594.9,47.2,0.2,24.7
2025-04-23 19:43:45,185.2,195.8,72.4,185.2,33.9,174.3,36.6,181.6,161.2,188.5,594.6,47.0,0.1,24.7
2025-04-23 19:43:50,184.8,195.8,67.0,184.9,33.9,174.0,36.6,181.3,161.0,188.3,594.5,46.8,0.0,24.7
2025-04-23 19:43:55,184.5,195.7,62.3,184.5,33.9,173.7,36.5,181.0,160.8,188.1,594.3,46.7,0.0,24.7
2025-04-23 19:44:00,184.2,195.4,60.1,184.3,33.9,173.6,36.5,181.0,160.4,187.9,593.9,46.4,0.2,24.7
2025-04-23 19:44:05,184.0,195.2,53.2,184.0,34.0,172.9,36.5,180.6,160.2,187.7,593.6,46.4,0.6,24.7
2025-04-23 19:44:10,183.8,194.9,49.5,183.8,33.9,172.6,36.4,180.3,160.1,187.6,593.6,46.6,0.7,24.7
2025-04-23 19:44:15,183.9,194.6,46.9,183.5,33.9,172.7,36.7,180.1,160.5,187.2,592.8,46.7,0.8,24.7
2025-04-23 19:44:20,183.6,194.2,42.9,183.3,34.0,172.8,36.8,179.9,160.7,187.1,592.7,46.9,1.3,24.7
2025-04-23 19:44:25,183.3,194.2,41.8,183.1,34.2,172.6,36.9,180.1,160.5,186.8,592.3,47.0,1.6,24.7
2025-04-23 19:44:30,182.8,193.8,39.5,182.8,34.2,172.1,36.9,180.0,160.3,186.6,591.7,47.0,2.0,24.7
2025-04-23 19:44:35,182.5,193.6,38.3,182.8,34.5,172.1,36.8,179.7,160.1,186.4,591.4,47.2,2.0,24.7
2025-04-23 19:44:40,182.1,193.1,36.6,182.6,34.5,171.7,36.7,179.2,159.7,186.0,591.4,47.2,2.4,24.7
2025-04-23 19:44:45,181.7,193.0,36.6,182.5,34.5,171.7,36.7,178.9,159.2,185.8,591.4,47.3,2.2,24.7
2025-04-23 19:44:50,181.4,192.8,36.2,182.3,34.5,171.6,36.5,178.7,158.6,185.6,591.3,47.4,2.0,24.7
2025-04-23 19:44:55,181.2,192.3,36.2,182.0,34.4,171.3,36.5,178.7,158.2,185.3,591.0,47.5,1.8,24.7
2025-04-23 19:45:00,180.9,192.1,36.2,181.6,34.4,171.0,36.5,178.8,158.1,185.2,590.6,47.4,1.6,24.7
2025-04-23 19:45:05,180.5,192.1,36.2,181.3,34.4,170.9,36.5,178.4,157.8,184.8,590.2,47.4,1.7,24.7
2025-04-23 19:45:10,180.3,192.0,36.3,181.2,34.3,170.5,36.5,177.9,157.6,184.5,589.5,47.3,1.5,24.6
2025-04-23 19:45:15,180.3,191.5,36.2,180.9,34.2,170.2,36.4,177.5,157.3,184.2,590.0,47.0,1.7,24.6
2025-04-23 19:45:20,180.0,191.0,36.2,180.8,34.2,170.1,36.4,177.4,156.9,183.9,589.8,47.1,1.7,24.6
2025-04-23 19:45:25,179.8,190.7,36.1,180.5,34.2,169.8,36.4,177.0,156.4,183.7,588.9,46.8,1.5,24.6
2025-04-23 19:45:30,179.7,190.6,36.0,179.9,34.2,169.5,36.4,176.6,156.2,183.6,588.6,46.8,1.5,24.6
2025-04-23 19:45:35,179.5,190.4,35.9,179.8,34.3,169.3,36.2,176.1,155.8,183.0,587.8,46.6,1.4,24.6
2025-04-23 19:45:40,179.3,190.3,36.0,179.4,34.3,169.0,36.2,175.9,155.5,182.7,587.7,46.6,1.3,24.6
2025-04-23 19:45:45,179.1,189.9,36.1,179.0,34.2,168.6,36.1,175.7,155.6,182.5,587.5,46.5,1.2,24.6
2025-04-23 19:45:50,178.7,189.7,36.1,178.7,34.1,168.4,36.0,175.5,155.6,182.1,586.5,46.5,1.2,24.6
2025-04-23 19:45:55,178.3,189.2,36.1,178.4,34.1,168.0,36.0,175.1,155.2,181.8,585.9,46.6,1.1,24.6
2025-04-23 19:46:00,177.9,188.8,36.1,177.9,34.1,167.5,36.0,174.8,155.1,181.5,585.7,46.5,0.9,24.6
2025-04-23 19:46:05,177.9,188.7,36.2,177.6,34.1,167.2,35.9,174.4,154.7,181.1,585.2,46.6,0.9,24.5
2025-04-23 19:46:10,177.6,188.8,36.2,177.6,34.0,167.2,36.0,174.3,154.6,180.8,584.4,46.4,0.8,24.6
2025-04-23 19:46:15,177.7,188.4,36.1,177.4,34.0,166.6,36.1,174.0,154.1,180.6,584.1,46.3,0.8,24.5
2025-04-23 19:46:20,177.5,187.9,36.1,177.2,34.0,166.2,36.2,173.9,154.1,180.3,583.9,46.2,0.7,24.5
2025-04-23 19:46:25,177.2,187.7,36.1,177.0,34.1,166.0,36.2,173.9,153.9,179.9,583.6,46.2,0.7,24.5
2025-04-23 19:46:30,176.9,187.1,36.1,176.7,34.2,166.1,36.2,173.5,153.8,179.7,583.2,46.1,0.6,24.5
2025-04-23 19:46:35,176.6,186.9,36.0,176.5,34.1,165.9,36.1,173.3,153.5,179.3,582.8,46.1,0.6,24.5
2025-04-23 19:46:40,175.8,186.6,36.1,176.2,34.1,165.8,36.1,173.1,153.5,179.0,582.1,46.0,0.6,24.5
2025-04-23 19:46:45,175.6,186.3,36.1,176.0,34.1,165.9,36.4,173.2,153.2,178.8,581.9,46.0,0.7,24.5
2025-04-23 19:46:50,175.3,186.0,36.1,175.9,34.2,165.7,36.2,172.9,153.0,178.6,581.3,45.9,0.8,24.5
2025-04-23 19:46:55,175.2,185.6,36.0,175.4,34.3,165.3,36.3,172.4,152.8,178.3,581.2,45.8,0.7,24.5
2025-04-23 19:47:00,174.9,185.5,35.9,175.2,34.4,164.8,36.2,172.0,152.6,178.2,581.0,46.0,0.8,24.5
2025-04-23 19:47:05,174.4,185.3,35.9,174.5,34.4,164.5,36.1,171.7,152.3,178.0,580.7,46.2,0.8,24.5
2025-04-23 19:47:10,174.0,185.2,36.0,174.3,34.4,164.5,36.0,171.6,152.2,177.8,580.6,46.3,0.9,24.5
2025-04-23 19:47:15,173.4,184.8,36.2,174.1,34.4,164.2,36.1,171.6,151.8,177.4,580.2,46.1,0.9,24.5
2025-04-23 19:47:20,173.1,184.6,36.3,173.8,34.4,164.0,36.0,171.1,151.7,177.1,579.8,45.9,0.8,24.5
2025-04-23 19:47:25,172.8,184.3,36.3,173.7,34.5,163.9,35.9,170.8,151.9,176.9,579.7,46.0,1.3,24.5
2025-04-23 19:47:30,172.7,184.0,36.4,173.6,34.4,163.7,35.9,170.5,151.9,176.7,579.5,45.9,1.4,24.5
2025-04-23 19:47:35,172.5,183.7,36.2,173.2,34.3,163.1,35.9,170.2,151.4,176.5,579.3,45.7,1.6,24.4
2025-04-23 19:47:40,172.4,183.7,36.2,172.9,34.1,162.9,35.9,170.5,151.1,176.2,579.2,45.7,1.5,24.5
2025-04-23 19:47:45,171.8,183.2,36.3,172.8,34.2,162.5,35.9,170.0,150.5,176.1,579.2,45.6,1.5,24.4
2025-04-23 19:47:50,172.0,182.9,36.2,172.5,34.2,162.1,35.9,169.7,150.4,175.9,578.8,45.5,1.4,24.4
2025-04-23 19:47:55,171.8,182.6,36.2,172.1,34.3,161.8,36.0,169.3,150.2,175.7,578.5,45.4,1.3,24.4
2025-04-23 19:48:00,171.1,182.5,36.2,171.7,34.3,161.5,36.0,168.9,150.0,175.3,577.9,45.5,1.0,24.4
2025-04-23 19:48:05,170.7,182.2,36.2,171.5,34.3,161.3,36.0,168.6,149.5,175.2,577.5,45.7,1.0,24.4
2025-04-23 19:48:10,170.4,181.9,36.2,171.4,34.3,160.8,36.0,168.3,149.1,174.8,577.2,46.0,0.9,24.4
2025-04-23 19:48:15,170.1,181.6,36.1,171.3,34.4,160.8,36.0,168.2,149.2,174.7,576.9,46.0,1.0,24.4
2025-04-23 19:48:20,169.7,181.4,36.0,171.3,34.3,160.7,36.0,168.3,149.3,174.3,576.4,45.9,1.0,24.4
2025-04-23 19:48:25,169.5,181.1,36.1,171.0,34.4,160.3,35.8,167.9,149.2,174.1,575.9,45.9,1.0,24.4
2025-04-23 19:48:30,169.2,180.8,36.0,170.6,34.3,160.0,35.8,167.7,149.0,173.9,575.4,45.6,1.0,24.4
2025-04-23 19:48:35,169.0,180.6,36.0,170.1,34.2,159.9,35.8,167.6,148.9,173.8,575.3,45.2,1.1,24.4
2025-04-23 19:48:40,168.8,180.3,36.1,169.8,34.3,159.9,35.7,167.3,148.5,173.5,574.9,45.1,0.9,24.4
2025-04-23 19:48:45,168.5,180.2,36.0,169.7,34.3,159.8,35.8,167.0,148.4,173.3,574.9,44.9,0.7,24.4
2025-04-23 19:48:50,168.2,179.8,36.0,169.5,34.4,159.4,35.7,166.3,148.0,173.0,574.5,44.9,0.7,24.4
2025-04-23 19:48:55,168.0,179.5,36.0,169.3,34.3,159.0,35.7,166.0,147.5,172.7,573.7,45.0,0.7,24.4
2025-04-23 19:49:00,167.8,179.1,36.1,168.6,34.3,158.7,35.7,165.6,147.3,172.3,573.1,44.9,0.7,24.4
2025-04-23 19:49:05,167.5,178.7,36.1,168.4,34.4,158.3,35.8,165.4,146.8,172.0,572.3,45.2,0.8,24.4
2025-04-23 19:49:10,167.3,178.3,36.1,168.4,34.4,158.2,35.8,165.1,146.4,171.7,572.2,45.2,0.9,24.4
2025-04-23 19:49:15,167.2,177.9,36.1,168.0,34.3,158.0,35.9,164.8,146.3,171.5,572.2,45.3,1.1,24.4
2025-04-23 19:49:20,166.8,177.6,36.1,167.7,34.3,157.6,35.9,164.7,146.1,171.3,571.9,45.1,1.6,24.4
2025-04-23 19:49:25,166.3,177.2,36.1,167.5,34.1,157.4,35.8,164.7,146.0,171.1,571.5,45.2,1.9,24.4
2025-04-23 19:49:30,166.0,177.0,36.0,167.2,34.3,156.9,35.7,164.6,146.0,170.8,571.0,45.4,1.9,24.4
2025-04-23 19:49:35,165.8,176.8,36.0,166.9,34.2,156.6,35.7,164.6,146.0,170.5,571.1,45.4,1.7,24.4
2025-04-23 19:49:40,165.3,176.3,36.0,166.5,34.2,156.7,35.6,164.4,145.9,170.2,570.2,45.1,1.4,24.4
2025-04-23 19:49:45,164.9,175.9,36.0,166.3,34.2,156.6,35.6,164.3,145.5,169.8,569.3,44.9,1.3,24.4
2025-04-23 19:49:50,165.0,175.5,36.0,166.3,34.2,156.6,35.6,164.0,145.4,169.4,568.9,44.8,1.3,24.4
2025-04-23 19:49:55,164.5,175.1,35.8,166.4,34.2,156.5,35.5,163.3,145.1,169.1,568.6,44.6,1.5,24.4
2025-04-23 19:50:00,164.3,174.8,35.8,166.0,34.2,156.2,35.5,163.0,144.9,168.8,568.1,44.4,1.3,24.4
2025-04-23 19:50:05,164.2,174.5,35.8,165.6,34.2,155.7,35.5,162.9,144.5,168.5,567.5,44.4,1.2,24.4
2025-04-23 19:50:10,164.0,174.1,35.7,165.5,34.2,155.4,35.7,162.5,144.4,168.4,567.1,44.2,1.2,24.4
2025-04-23 19:50:15,163.7,174.0,35.7,165.2,34.3,155.3,35.7,162.4,144.2,168.0,567.1,44.1,1.2,24.4
2025-04-23 19:50:20,163.5,173.6,35.7,164.5,34.4,154.8,35.5,162.0,143.7,167.7,566.6,44.4,1.2,24.4
2025-04-23 19:50:25,163.0,173.4,35.8,164.5,34.3,154.5,35.5,161.8,143.4,167.5,566.4,44.4,1.1,24.4
2025-04-23 19:50:30,162.4,173.1,35.9,164.4,34.3,154.3,35.5,161.9,143.3,167.3,565.9,44.4,1.3,24.4
2025-04-23 19:50:35,162.1,172.8,35.9,164.0,34.3,154.0,35.5,161.1,142.6,166.9,565.1,44.1,1.5,24.3
2025-04-23 19:50:40,161.8,172.5,35.8,163.5,34.2,153.7,35.5,160.9,142.4,166.8,565.1,44.1,1.5,24.3
2025-04-23 19:50:45,161.4,172.1,35.8,163.3,34.2,153.3,35.5,160.5,142.4,166.6,564.6,44.2,1.4,24.3
2025-04-23 19:50:50,161.0,171.8,35.8,162.7,34.1,152.9,35.5,160.3,142.0,166.3,564.3,44.0,1.2,24.3
2025-04-23 19:50:55,161.0,171.7,35.8,162.1,34.2,152.7,35.5,160.1,141.9,166.1,564.1,44.1,1.0,24.3
2025-04-23 19:51:00,161.0,171.3,35.8,162.0,34.2,152.3,35.4,160.0,141.4,165.7,563.5,44.1,1.0,24.3
2025-04-23 19:51:05,160.8,171.0,35.8,161.8,34.3,152.2,35.5,159.5,141.1,165.4,563.2,44.2,1.2,24.3
2025-04-23 19:51:10,160.1,170.4,35.8,161.7,34.3,152.1,35.3,159.3,140.9,165.2,563.1,44.1,1.3,24.3
2025-04-23 19:51:15,159.9,170.2,35.8,161.4,34.3,151.9,35.3,158.9,140.4,165.0,562.7,44.1,1.2,24.3
2025-04-23 19:51:20,159.7,169.9,35.7,161.2,34.3,151.9,35.2,158.7,140.2,164.6,562.2,44.4,1.2,24.3
2025-04-23 19:51:25,159.5,169.5,35.8,161.1,34.2,151.4,35.1,158.3,140.0,164.2,561.8,44.5,1.6,24.3
2025-04-23 19:51:30,159.2,169.1,35.7,161.2,34.2,151.1,35.3,158.2,139.9,163.9,561.3,44.5,1.6,24.3
2025-04-23 19:51:35,158.8,168.8,35.8,160.8,34.1,150.4,35.0,157.9,139.9,163.8,560.9,44.3,1.7,24.3
2025-04-23 19:51:40,158.3,168.7,35.7,160.5,34.0,150.2,35.0,157.4,139.4,163.3,560.1,44.0,1.6,24.2
2025-04-23 19:51:45,158.3,168.3,35.7,160.3,33.9,150.0,34.9,157.5,139.2,163.2,559.8,44.1,1.5,24.2
2025-04-23 19:51:50,158.0,168.1,35.6,159.8,33.7,149.4,35.0,157.2,138.8,162.7,559.3,43.9,1.3,24.2
2025-04-23 19:51:55,157.6,167.6,35.5,159.6,33.7,149.4,34.9,156.9,138.7,162.7,558.7,43.8,1.1,24.2
2025-04-23 19:52:00,157.1,167.1,35.4,159.4,33.7,149.3,34.9,156.7,138.5,162.4,558.4,43.5,0.9,24.2
2025-04-23 19:52:05,156.9,166.7,35.4,158.9,33.6,148.9,34.8,156.0,137.9,162.1,557.9,43.4,0.8,24.2
2025-04-23 19:52:10,156.6,166.4,35.4,158.7,33.6,148.8,34.8,155.8,137.6,161.9,557.9,43.3,0.8,24.2
2025-04-23 19:52:15,156.3,165.9,35.4,158.3,33.6,148.6,34.7,155.6,137.3,161.6,556.8,43.1,0.9,24.2
2025-04-23 19:52:20,156.0,165.4,35.3,158.2,33.6,148.3,34.7,155.1,137.0,161.2,556.5,43.0,0.9,24.2
2025-04-23 19:52:25,155.8,165.4,35.3,158.1,33.6,147.8,34.7,154.7,136.7,161.0,556.2,42.8,0.8,24.2
2025-04-23 19:52:30,155.2,164.7,35.3,157.5,33.5,147.3,34.6,154.4,136.5,160.7,555.4,42.9,0.7,24.2
2025-04-23 19:52:35,154.8,164.4,35.2,157.1,33.6,146.9,34.6,153.9,136.1,160.3,555.2,43.1,0.6,24.2
2025-04-23 19:52:40,154.8,164.1,35.2,156.9,33.5,146.8,34.5,153.6,135.9,160.1,555.0,43.0,0.6,24.2
2025-04-23 19:52:45,154.2,163.8,35.1,156.6,33.4,146.5,34.4,153.2,135.6,159.9,554.8,43.0,0.6,24.2
2025-04-23 19:52:50,154.2,163.6,35.1,156.2,33.3,146.1,34.4,153.1,135.2,159.5,554.4,43.0,0.7,24.2
2025-04-23 19:52:55,154.1,163.3,35.1,156.0,33.3,145.6,34.4,153.0,134.9,159.2,554.2,42.8,0.6,24.2
2025-04-23 19:53:00,153.8,162.9,35.0,155.6,33.3,145.3,34.3,152.9,134.7,159.0,553.7,42.8,0.5,24.2
2025-04-23 19:53:05,153.3,162.5,34.9,155.1,33.2,145.0,34.1,152.3,134.6,158.8,553.6,42.6,0.5,24.2
2025-04-23 19:53:10,153.2,162.3,34.8,154.8,33.2,144.6,34.1,152.2,134.4,158.3,552.8,42.6,0.5,24.2
2025-04-23 19:53:15,152.8,161.9,34.7,154.6,33.1,144.4,34.0,152.2,134.2,158.2,552.5,42.5,0.5,24.2
2025-04-23 19:53:20,152.3,161.4,34.7,154.2,33.1,144.1,33.9,151.8,134.1,157.9,551.9,42.3,0.5,24.1
2025-04-23 19:53:25,152.0,161.1,34.7,153.7,33.0,143.8,33.8,151.6,133.7,157.7,552.3,41.9,0.5,24.1
2025-04-23 19:53:30,151.4,160.7,34.7,153.4,33.0,143.7,33.9,151.2,133.3,157.4,552.0,41.9,0.8,24.1
2025-04-23 19:53:35,151.2,160.4,34.6,153.1,32.9,143.5,33.7,150.9,133.0,157.0,551.3,41.7,1.0,24.1
2025-04-23 19:53:40,150.9,160.2,34.6,153.0,32.8,143.3,33.6,150.4,132.8,156.7,550.7,41.8,1.0,24.1
2025-04-23 19:53:45,150.6,159.6,34.5,152.9,32.9,143.1,33.7,150.0,132.3,156.3,550.0,41.7,0.8,24.1
2025-04-23 19:53:50,150.5,159.2,34.4,152.6,32.8,143.0,33.7,149.8,132.1,156.0,549.5,41.7,0.7,24.1
2025-04-23 19:53:55,150.3,159.0,34.4,152.5,32.8,142.6,33.4,149.9,131.7,155.7,548.7,41.6,1.0,24.1
2025-04-23 19:54:00,149.9,158.6,34.2,152.5,32.7,142.0,33.5,149.4,131.4,155.5,548.5,41.6,1.4,24.1
2025-04-23 19:54:05,149.6,158.4,34.2,152.2,32.6,141.7,33.4,149.1,131.2,155.3,548.3,41.6,1.3,24.1
2025-04-23 19:54:10,149.3,158.0,34.2,151.5,32.6,141.6,33.4,148.8,131.1,155.1,548.1,41.6,1.3,24.1
2025-04-23 19:54:15,148.9,156.3,34.3,151.3,32.5,141.4,33.3,148.9,130.5,154.6,547.8,41.3,1.3,24.1
2025-04-23 19:54:20,148.8,157.1,34.1,151.4,32.4,141.1,33.4,148.9,130.4,154.5,547.5,41.4,1.3,24.1
2025-04-23 19:54:25,148.4,156.8,34.1,151.2,32.4,140.8,33.4,148.4,130.2,154.2,547.3,41.4,1.1,24.1
2025-04-23 19:54:30,148.4,156.4,34.0,150.7,32.4,140.6,33.3,148.2,130.1,154.0,547.1,41.2,1.0,24.1
2025-04-23 19:54:35,148.2,156.5,34.0,150.2,32.3,140.4,33.3,147.7,129.9,153.7,546.8,41.0,0.8,24.1
2025-04-23 19:54:40,147.8,156.0,34.1,149.9,32.2,139.8,33.3,147.2,129.7,153.5,546.3,41.0,0.6,24.1
2025-04-23 19:54:45,147.3,155.7,34.1,149.6,32.3,139.5,33.4,147.0,129.4,153.3,546.1,41.0,0.5,24.1
2025-04-23 19:54:50,147.1,155.4,34.0,149.3,32.4,139.4,33.3,147.1,129.2,153.0,545.8,40.9,0.4,24.1
2025-04-23 19:54:55,146.9,155.0,34.0,149.1,32.4,139.1,33.4,146.7,128.9,152.7,545.3,40.8,0.3,24.1
2025-04-23 19:55:00,146.6,154.8,34.0,148.9,32.3,139.1,33.5,146.3,128.8,152.5,545.5,40.6,0.6,24.1
2025-04-23 19:55:05,146.7,154.3,34.1,148.8,32.4,138.7,33.6,145.9,128.4,152.3,545.2,40.5,0.7,24.1
2025-04-23 19:55:10,146.7,153.8,34.0,148.3,32.4,138.3,33.6,145.6,128.1,152.0,544.7,40.5,0.7,24.1
2025-04-23 19:55:15,146.3,153.7,34.1,148.1,32.4,138.0,33.4,145.3,127.8,151.6,544.5,40.8,0.7,24.1
2025-04-23 19:55:20,146.0,153.6,34.7,147.7,32.5,138.2,33.4,145.2,127.6,151.4,543.9,40.8,1.0,24.1
2025-04-23 19:55:25,145.9,153.6,35.1,147.5,32.5,138.0,33.4,145.2,127.4,151.2,543.5,40.8,1.2,24.1
2025-04-23 19:55:30,145.4,153.4,36.2,147.2,32.4,137.7,33.3,145.0,127.1,150.9,543.1,40.9,1.5,24.0
2025-04-23 19:55:35,145.2,153.2,36.9,147.0,32.4,137.6,33.3,144.6,126.7,150.4,542.3,40.9,1.9,24.0
2025-04-23 19:55:40,144.9,152.6,38.4,146.7,32.5,137.4,33.3,144.4,126.6,150.2,541.9,40.8,2.1,24.0
2025-04-23 19:55:45,144.7,152.2,39.8,146.4,32.5,137.1,33.2,144.0,126.3,149.9,541.4,40.6,2.0,24.0
2025-04-23 19:55:50,144.5,152.0,40.6,146.2,32.5,136.9,33.1,143.8,126.1,149.6,540.9,40.7,1.7,24.0
2025-04-23 19:55:55,144.4,151.7,42.8,146.0,32.4,136.8,33.2,143.5,125.8,149.3,540.3,40.8,1.6,24.0
2025-04-23 19:56:00,144.2,151.2,44.5,145.7,32.4,136.4,33.1,143.2,125.7,148.9,539.7,40.8,1.4,24.0
2025-04-23 19:56:05,144.2,151.0,45.7,145.7,32.3,136.2,33.1,142.9,125.4,148.6,539.4,40.6,1.4,24.0
2025-04-23 19:56:10,143.9,150.7,47.4,145.3,32.3,135.7,33.0,142.6,125.2,148.4,539.0,40.6,1.5,24.0
2025-04-23 19:56:15,143.7,150.6,48.3,145.3,32.3,135.4,33.1,142.4,124.9,148.1,538.7,40.5,1.7,24.0
2025-04-23 19:56:20,143.4,150.3,50.3,144.9,32.3,134.9,33.0,142.4,124.8,147.9,538.6,40.5,2.0,23.9
2025-04-23 19:56:25,143.1,150.1,51.3,144.7,32.3,134.8,32.9,142.2,124.3,147.6,538.2,40.5,1.9,23.9
2025-04-23 19:56:30,142.7,149.9,52.6,144.5,32.2,134.8,33.0,142.3,124.3,147.4,537.8,40.5,1.9,23.9
2025-04-23 19:56:35,142.6,149.7,53.9,143.9,32.2,134.6,33.0,142.0,124.0,147.0,537.1,40.5,1.5,23.9
2025-04-23 19:56:40,142.5,149.6,54.2,143.8,32.2,134.4,33.0,141.7,123.8,146.8,537.0,40.4,1.5,23.9
2025-04-23 19:56:45,142.1,149.0,54.8,144.0,32.3,134.1,33.1,141.5,123.7,146.5,536.6,40.2,1.5,23.9
2025-04-23 19:56:50,141.9,148.7,55.1,144.1,32.2,133.9,33.0,141.2,123.5,146.2,536.1,40.0,1.3,23.9
2025-04-23 19:56:55,141.5,148.5,55.2,143.9,32.2,133.6,33.0,141.0,123.2,146.0,535.5,39.9,1.2,23.9
2025-04-23 19:57:00,141.1,148.5,55.3,143.3,32.2,133.6,33.0,140.7,122.9,145.7,535.3,39.7,1.2,23.9
2025-04-23 19:57:05,140.8,148.3,55.4,142.6,32.2,133.1,33.1,140.3,122.5,145.6,535.1,39.9,1.3,23.8
2025-04-23 19:57:10,140.5,148.0,55.3,142.6,32.2,132.8,33.0,140.2,122.2,145.4,534.8,40.0,1.1,23.8
2025-04-23 19:57:15,140.1,147.6,55.1,142.1,32.2,132.6,33.0,140.2,122.1,145.2,534.6,39.9,1.1,23.9
2025-04-23 19:57:20,140.0,147.4,54.6,141.7,32.3,132.5,33.0,140.0,121.7,144.9,534.2,39.9,1.0,23.8
2025-04-23 19:57:25,139.7,146.7,54.3,141.7,32.3,132.2,32.9,139.6,121.6,144.6,533.9,39.9,0.9,23.8
2025-04-23 19:57:30,139.8,146.3,53.0,141.6,32.3,132.1,32.9,139.4,121.3,144.4,533.3,39.8,0.7,23.8
2025-04-23 19:57:35,139.6,146.0,52.0,141.5,32.2,131.8,32.9,139.0,121.0,143.9,532.5,39.7,0.6,23.8
2025-04-23 19:57:40,139.2,145.8,50.0,141.3,32.2,131.5,32.8,138.4,120.5,143.7,531.7,39.6,0.4,23.8
2025-04-23 19:57:45,138.8,145.5,48.3,141.0,32.2,131.1,32.8,138.1,120.3,143.5,531.2,39.6,0.4,23.8
2025-04-23 19:57:50,138.6,145.4,46.3,140.7,32.1,130.8,32.7,137.7,119.8,143.1,531.1,39.7,0.5,23.8
2025-04-23 19:57:55,138.3,145.0,44.0,140.3,32.2,130.6,32.6,137.8,119.5,142.9,530.7,39.8,0.5,23.8
2025-04-23 19:58:00,138.2,144.7,42.2,140.0,32.0,130.5,32.7,137.6,119.2,142.7,530.5,39.7,0.6,23.8
2025-04-23 19:58:05,137.9,144.3,40.8,139.6,32.1,130.1,32.5,137.2,119.2,142.5,529.9,39.5,0.9,23.8
2025-04-23 19:58:10,137.7,144.1,39.9,139.5,32.0,129.8,32.4,136.7,118.9,142.2,529.6,39.6,1.1,23.8
2025-04-23 19:58:15,137.3,143.8,39.1,139.0,31.9,129.6,32.4,136.5,118.7,141.9,529.2,39.5,1.2,23.8
2025-04-23 19:58:20,136.9,143.4,38.4,138.8,31.9,129.2,32.3,136.1,118.3,141.7,529.0,39.4,1.2,23.8
2025-04-23 19:58:25,136.7,143.1,37.0,138.5,31.8,129.0,32.3,135.9,117.9,141.4,528.5,39.2,1.0,23.8
2025-04-23 19:58:30,136.6,142.8,35.6,138.4,31.8,128.7,32.3,135.7,117.8,141.0,528.0,39.2,1.0,23.8
2025-04-23 19:58:35,136.4,142.5,33.6,138.2,31.8,128.5,32.2,135.3,117.6,140.7,527.6,39.1,1.0,23.8
2025-04-23 19:58:40,136.3,142.3,34.0,137.8,31.7,128.3,32.2,134.9,117.3,140.4,526.8,39.0,1.1,23.8
2025-04-23 19:58:45,135.9,141.9,33.6,137.5,31.7,127.8,32.2,134.5,117.0,140.1,526.2,39.0,1.2,23.8
2025-04-23 19:58:50,135.9,141.5,33.4,137.6,31.6,127.7,32.2,134.5,116.7,139.9,525.5,38.9,1.2,23.8
2025-04-23 19:58:55,135.6,141.2,33.4,137.4,31.6,127.4,32.3,134.3,116.5,139.6,525.9,38.8,1.2,23.8
2025-04-23 19:59:00,135.1,140.8,33.3,137.3,31.7,127.3,32.3,134.1,116.3,139.4,525.8,38.8,1.4,23.8
2025-04-23 19:59:05,135.0,140.3,33.3,137.1,31.6,127.0,32.3,133.8,116.2,139.2,525.6,38.8,1.7,23.8
2025-04-23 19:59:10,134.5,140.0,33.2,136.5,31.6,126.8,32.3,133.5,115.8,138.9,525.3,38.8,1.7,23.8
2025-04-23 19:59:15,134.3,140.0,33.3,136.3,31.5,126.7,32.3,133.2,115.5,138.6,525.1,38.9,1.7,23.8
2025-04-23 19:59:20,134.2,139.5,33.3,136.0,31.6,126.5,32.3,133.3,115.4,138.4,524.3,38.8,2.1,23.8
2025-04-23 19:59:25,134.2,139.4,33.3,135.7,31.6,126.1,32.1,132.9,115.1,138.1,523.9,38.9,2.0,23.8
2025-04-23 19:59:30,133.7,139.1,33.2,135.4,31.5,125.6,32.2,132.6,114.8,138.0,523.9,38.9,1.8,23.8
2025-04-23 19:59:35,133.3,138.8,33.2,135.3,31.4,125.3,32.1,132.3,114.7,137.6,523.2,38.7,1.9,23.7
2025-04-23 19:59:40,133.0,138.5,33.1,134.8,31.4,125.0,32.0,132.0,114.4,137.3,522.9,38.7,1.8,23.7
2025-04-23 19:59:45,132.7,138.1,33.1,134.7,31.4,124.9,32.1,131.5,114.2,137.0,522.2,38.5,1.5,23.7
2025-04-23 19:59:50,132.4,137.9,33.1,134.4,31.4,124.4,31.9,131.2,114.0,136.8,521.9,38.5,1.3,23.7
2025-04-23 19:59:55,132.1,137.8,33.1,134.0,31.3,124.1,31.9,130.9,114.1,136.5,521.5,38.4,1.2,23.7
2025-04-23 20:00:00,132.0,137.3,33.0,133.6,31.2,123.9,31.9,130.7,114.1,136.2,520.8,38.3,1.4,23.7
2025-04-23 20:00:05,132.0,137.1,33.0,133.3,31.2,123.7,32.0,130.5,113.7,136.0,520.4,38.2,1.3,23.7
2025-04-23 20:00:10,131.5,136.8,32.9,133.1,31.2,123.7,31.9,130.4,113.3,135.9,520.0,38.2,1.2,23.7
2025-04-23 20:00:15,131.3,136.5,32.9,132.8,31.2,123.4,32.0,130.2,113.0,135.5,519.7,38.1,1.1,23.6
2025-04-23 20:00:20,131.1,136.3,32.9,132.8,31.2,123.2,31.9,129.8,112.6,135.2,519.0,38.1,1.3,23.7
2025-04-23 20:00:25,130.8,135.8,32.9,132.6,31.2,122.7,31.9,129.7,112.5,135.0,518.8,38.0,1.5,23.6
2025-04-23 20:00:30,130.7,135.5,33.0,132.4,31.1,122.5,31.9,129.1,112.1,134.7,518.3,37.9,1.4,23.6
2025-04-23 20:00:35,130.7,135.0,32.9,132.0,31.1,122.3,31.8,128.9,112.0,134.6,517.9,37.9,1.2,23.6
2025-04-23 20:00:40,130.3,134.6,32.8,131.9,31.1,122.0,31.7,128.8,111.8,134.3,517.8,37.9,1.3,23.6
2025-04-23 20:00:45,130.0,134.2,32.7,131.7,31.1,121.7,31.7,128.6,111.4,134.1,517.4,38.0,1.2,23.6
2025-04-23 20:00:50,130.0,134.1,32.6,131.3,31.1,121.6,31.6,128.3,111.2,133.8,516.9,38.0,1.0,23.6
2025-04-23 20:00:55,129.4,133.5,32.6,131.0,31.1,121.3,31.7,127.9,110.9,133.6,516.6,37.8,1.2,23.6
2025-04-23 20:01:00,129.0,133.4,32.6,130.5,31.0,121.0,31.6,127.8,110.6,133.3,516.3,37.5,1.1,23.6
2025-04-23 20:01:05,128.6,133.1,32.6,130.4,30.9,120.6,31.5,127.4,110.3,133.0,516.0,37.5,1.3,23.6
2025-04-23 20:01:10,128.1,132.8,32.6,130.3,30.8,120.4,31.4,127.1,110.1,132.8,515.6,37.5,1.3,23.5
2025-04-23 20:01:15,128.0,132.5,32.5,130.0,30.8,120.3,31.5,126.8,109.8,132.7,515.7,37.5,1.2,23.5
2025-04-23 20:01:20,127.7,132.1,32.4,129.7,30.8,120.2,31.4,126.6,109.5,132.2,514.8,37.4,1.1,23.5
2025-04-23 20:01:25,127.4,131.8,32.4,129.5,30.8,119.7,31.5,126.2,109.3,131.9,514.3,37.4,1.0,23.5
2025-04-23 20:01:30,127.3,131.6,32.4,129.3,30.7,119.0,31.5,125.7,108.9,131.6,514.1,37.2,1.0,23.5
2025-04-23 20:01:35,127.0,131.2,32.4,129.0,30.7,118.7,31.4,125.6,108.6,131.3,513.6,37.1,0.9,23.5
2025-04-23 20:01:40,126.7,131.0,32.3,128.6,30.7,118.4,31.4,125.3,108.4,131.3,513.5,36.9,0.9,23.5
2025-04-23 20:01:45,126.4,130.8,32.1,128.1,30.8,117.9,31.3,125.0,108.3,131.0,513.0,36.7,1.0,23.5
2025-04-23 20:01:50,126.2,130.7,32.1,127.7,30.7,117.5,31.3,124.6,108.1,130.7,512.7,36.5,0.8,23.4
2025-04-23 20:01:55,125.9,130.3,32.0,127.5,30.6,117.3,31.3,124.4,108.1,130.4,512.1,36.6,0.6,23.4
2025-04-23 20:02:00,125.7,129.8,32.0,126.9,30.6,116.8,31.2,123.9,107.7,130.2,511.7,36.5,0.5,23.4
2025-04-23 20:02:05,125.6,129.4,31.9,126.6,30.6,116.4,31.1,123.6,107.5,129.9,511.1,36.4,0.4,23.4
2025-04-23 20:02:10,125.2,129.1,31.8,126.5,30.5,116.0,31.0,123.4,107.2,129.6,510.5,36.2,0.3,23.4
2025-04-23 20:02:15,124.9,128.8,31.7,126.2,30.4,115.8,30.9,123.1,107.0,129.3,509.8,36.2,0.2,23.4
2025-04-23 20:02:20,124.4,128.2,31.6,126.0,30.4,115.7,30.9,122.7,106.9,129.0,509.6,36.1,0.1,23.4
2025-04-23 20:02:25,124.1,127.8,31.6,125.5,30.2,115.5,30.8,122.5,106.8,128.8,509.0,36.1,0.1,23.4
2025-04-23 20:02:30,123.8,127.5,31.5,125.1,30.2,115.1,30.7,122.5,106.7,128.4,508.5,36.1,0.0,23.4
2025-04-23 20:02:35,123.4,127.2,31.5,124.9,30.2,114.9,30.7,122.3,106.3,128.1,507.8,35.9,0.0,23.4
2025-04-23 20:02:40,123.0,126.8,31.4,124.6,30.0,114.7,30.7,122.0,106.0,127.8,507.5,35.9,0.0,23.4
2025-04-23 20:02:45,122.9,126.7,31.4,124.5,30.0,114.3,30.6,122.0,105.9,127.4,506.3,35.9,0.0,23.4
2025-04-23 20:02:50,122.5,126.2,31.3,124.5,29.9,114.1,30.5,121.5,105.4,127.1,505.8,35.8,0.0,23.4
2025-04-23 20:02:55,122.2,126.1,31.2,124.2,29.8,114.1,30.4,121.2,105.0,126.8,505.4,35.6,0.1,23.4
2025-04-23 20:03:00,122.0,125.6,31.1,123.9,29.8,114.0,30.4,120.9,104.7,126.5,505.0,35.7,0.2,23.4
2025-04-23 20:03:05,121.7,125.4,30.9,123.8,29.8,113.8,30.3,121.0,104.6,126.2,504.1,35.8,0.6,23.4
2025-04-23 20:03:10,121.6,124.9,30.9,123.6,29.7,113.3,30.3,120.6,104.5,126.0,503.8,35.9,1.0,23.4
2025-04-23 20:03:15,121.3,124.9,30.8,123.0,29.8,112.8,30.2,120.3,104.3,125.8,503.8,35.6,1.4,23.4
2025-04-23 20:03:20,121.0,124.6,30.8,122.8,29.9,112.5,30.2,119.8,103.8,125.5,503.0,35.6,1.4,23.4
2025-04-23 20:03:25,120.9,124.6,30.7,122.9,29.9,112.4,30.0,119.9,103.7,125.2,503.5,35.4,1.5,23.4
2025-04-23 20:03:30,120.8,124.2,30.8,122.7,29.9,112.2,30.2,119.8,103.5,125.0,503.0,35.3,1.5,23.4
2025-04-23 20:03:35,120.6,123.9,30.8,122.4,29.9,112.0,30.3,119.5,103.2,124.8,502.4,35.2,1.5,23.4
2025-04-23 20:03:40,120.2,123.5,30.8,122.2,29.9,111.7,30.2,118.8,103.1,124.5,501.8,35.1,1.5,23.4
2025-04-23 20:03:45,120.0,122.8,30.7,121.9,29.8,111.3,30.2,118.8,102.7,124.2,501.2,35.0,1.4,23.4
2025-04-23 20:03:50,119.9,122.8,30.6,121.8,29.9,111.0,30.1,118.4,102.5,124.0,500.4,34.9,1.4,23.4
2025-04-23 20:03:55,119.5,122.4,30.6,121.8,29.8,110.8,30.1,118.3,102.2,123.7,500.0,34.9,1.4,23.4
2025-04-23 20:04:00,119.1,122.1,30.5,121.7,29.7,110.7,30.1,118.1,101.9,123.5,499.8,34.8,1.1,23.4
2025-04-23 20:04:05,118.9,122.2,30.4,121.2,29.8,110.5,30.0,117.6,101.6,123.2,499.2,34.9,1.0,23.4
2025-04-23 20:04:10,118.6,122.2,30.4,121.2,29.8,110.1,30.0,117.6,101.4,122.8,498.2,34.7,0.9,23.4
2025-04-23 20:04:15,118.4,121.9,30.4,121.0,29.7,109.9,30.0,117.6,101.5,122.8,497.9,34.6,1.0,23.4
2025-04-23 20:04:20,118.0,121.4,30.3,120.5,29.6,109.6,29.9,117.0,101.5,122.4,497.3,34.4,0.9,23.4
2025-04-23 20:04:25,117.7,120.8,30.3,120.2,29.5,109.4,29.7,116.8,101.1,122.1,496.7,34.1,0.7,23.4
2025-04-23 20:04:30,117.4,120.4,30.1,119.8,29.5,109.1,29.7,116.6,100.9,121.9,496.3,34.2,0.6,23.4
2025-04-23 20:04:35,117.3,120.0,30.1,119.4,29.4,108.8,29.7,116.2,100.4,121.5,495.6,34.2,0.5,23.4
2025-04-23 20:04:40,117.0,120.0,30.0,119.3,29.4,108.6,29.7,115.9,100.0,121.3,495.2,34.2,0.4,23.4
2025-04-23 20:04:45,116.9,119.7,30.0,119.1,29.5,108.2,29.6,115.5,99.8,121.0,494.4,34.1,0.3,23.4
2025-04-23 20:04:50,116.5,119.6,30.0,118.9,29.4,107.9,29.4,115.1,99.4,120.5,493.3,33.9,0.3,23.4
2025-04-23 20:04:55,116.2,119.3,29.9,118.2,29.4,107.8,29.4,115.0,99.2,120.4,492.9,33.7,0.2,23.4
2025-04-23 20:05:00,116.0,118.9,29.9,118.0,29.3,107.1,29.4,114.6,99.0,120.1,492.7,33.4,0.2,23.4
2025-04-23 20:05:05,115.8,118.6,29.9,117.7,29.3,106.8,29.3,114.5,98.7,120.0,492.5,33.4,0.1,23.4
2025-04-23 20:05:10,115.4,118.4,29.9,117.5,29.3,106.6,29.2,114.3,98.5,119.7,491.9,33.3,0.1,23.3
2025-04-23 20:05:15,115.2,117.9,29.9,117.3,29.3,106.3,29.2,114.0,98.3,119.4,491.0,33.2,0.1,23.4
2025-04-23 20:05:20,115.1,117.7,29.9,117.1,29.4,106.0,29.1,113.9,98.1,119.1,490.7,33.0,0.0,23.4
2025-04-23 20:05:25,114.6,117.3,29.9,116.9,29.4,105.8,29.0,113.5,97.7,118.9,490.1,33.0,0.0,23.3
2025-04-23 20:05:30,114.3,116.9,29.9,116.8,29.4,105.7,28.9,113.2,97.5,118.6,489.9,32.9,0.0,23.3
2025-04-23 20:05:35,114.2,116.6,29.9,116.4,29.3,105.4,28.8,112.8,97.2,118.3,489.2,32.8,0.0,23.3
2025-04-23 20:05:40,113.9,116.3,29.8,116.1,29.3,105.0,28.9,112.5,96.7,118.1,488.8,32.7,0.0,23.3
2025-04-23 20:05:45,113.8,115.9,29.8,115.7,29.2,104.8,28.8,112.1,96.5,118.0,488.6,32.7,0.0,23.3
2025-04-23 20:05:50,113.6,115.6,29.8,115.4,29.2,104.3,28.9,112.0,96.4,117.5,487.8,32.6,0.0,23.3
2025-04-23 20:05:55,113.2,115.3,29.7,115.1,29.2,104.1,28.8,111.8,96.3,117.3,487.3,32.4,0.0,23.3
2025-04-23 20:06:00,113.0,115.0,29.7,114.9,29.1,103.7,28.8,111.5,96.0,117.2,486.9,32.4,0.0,23.3
2025-04-23 20:06:05,112.8,114.9,29.7,114.7,29.2,103.5,28.8,111.3,95.8,116.9,486.9,32.3,0.0,23.3
2025-04-23 20:06:10,112.6,114.8,29.6,114.3,29.1,103.2,28.8,111.0,95.6,116.6,486.1,32.2,0.3,23.3
2025-04-23 20:06:15,112.3,114.4,29.6,114.1,29.1,102.9,28.7,110.6,95.5,116.3,485.7,32.3,0.4,23.3
2025-04-23 20:06:20,112.2,114.0,29.5,113.7,29.1,102.7,28.7,110.4,95.2,116.0,485.2,32.1,0.4,23.3
2025-04-23 20:06:25,111.9,113.9,29.4,113.5,29.0,102.7,28.7,110.2,94.8,115.7,485.1,32.1,0.4,23.3
2025-04-23 20:06:30,111.6,113.8,29.4,113.2,28.9,102.1,28.6,110.0,94.5,115.4,485.0,32.0,0.5,23.3
2025-04-23 20:06:35,111.3,113.6,29.3,112.9,28.8,101.8,28.5,109.5,94.1,115.2,484.3,31.9,0.5,23.3
2025-04-23 20:06:40,111.2,113.3,29.3,112.7,28.7,101.6,28.5,109.4,93.9,114.8,483.3,31.9,0.5,23.3
2025-04-23 20:06:45,110.8,113.0,29.2,112.4,28.7,101.4,28.6,109.0,93.6,114.5,482.9,31.9,0.4,23.3
2025-04-23 20:06:50,110.7,112.6,29.3,112.0,28.6,101.0,28.5,108.9,93.4,114.2,482.7,31.8,0.4,23.3
2025-04-23 20:06:55,110.2,112.3,29.2,111.8,28.6,100.7,28.6,108.6,93.0,113.9,481.5,31.8,0.3,23.3
2025-04-23 20:07:00,110.0,112.1,29.2,111.6,28.5,100.6,28.5,108.4,92.7,113.6,480.6,31.9,0.3,23.3
2025-04-23 20:07:05,109.7,111.6,29.2,111.5,28.4,100.4,28.5,107.9,92.4,113.3,480.3,31.8,0.3,23.3
2025-04-23 20:07:10,109.4,111.4,29.1,111.2,28.2,100.1,28.5,107.7,92.5,113.1,479.6,31.8,0.3,23.3
2025-04-23 20:07:15,109.0,111.1,29.0,111.0,28.2,100.0,28.5,107.5,92.2,112.9,479.4,31.9,0.4,23.3
2025-04-23 20:07:20,108.8,110.9,28.9,110.8,28.0,99.8,28.5,107.2,92.2,112.5,478.5,31.9,0.4,23.3
2025-04-23 20:07:25,108.5,110.6,28.9,110.6,28.1,99.6,28.4,106.9,92.1,112.2,478.3,31.9,0.3,23.3
2025-04-23 20:07:30,108.1,110.2,28.8,110.3,28.0,99.5,28.4,106.7,92.1,112.1,478.2,31.8,0.2,23.3
2025-04-23 20:07:35,107.7,109.9,28.8,110.1,27.9,99.2,28.4,106.5,91.8,111.8,477.8,31.7,0.1,23.3
2025-04-23 20:07:40,107.6,109.7,28.6,109.9,27.8,98.9,28.2,106.0,91.3,111.6,477.7,31.7,0.1,23.3
2025-04-23 20:07:45,107.4,109.6,28.6,109.7,27.8,98.6,28.2,105.9,91.1,111.3,477.2,31.6,0.0,23.3
2025-04-23 20:07:50,107.0,109.5,28.6,109.3,27.7,98.4,28.2,105.8,90.9,111.0,476.5,31.5,0.0,23.3
2025-04-23 20:07:55,106.9,109.3,28.5,109.1,27.7,98.2,28.2,105.2,90.7,110.7,475.9,31.4,0.0,23.3
2025-04-23 20:08:00,106.6,108.9,28.5,108.7,27.6,97.9,28.2,105.0,90.2,110.4,475.3,31.5,0.0,23.3
2025-04-23 20:08:05,106.3,108.7,28.4,108.5,27.6,97.5,28.0,104.8,90.1,110.2,474.6,31.3,0.0,23.3
2025-04-23 20:08:10,106.0,108.4,28.4,108.3,27.6,97.2,28.0,104.7,89.9,110.0,474.7,31.3,0.0,23.3
2025-04-23 20:08:15,105.8,108.2,28.4,108.0,27.5,96.9,28.0,104.3,89.5,109.6,473.6,31.2,0.0,23.3
2025-04-23 20:08:20,105.6,108.1,28.3,107.8,27.4,96.6,27.9,104.0,89.2,109.5,473.3,31.2,0.0,23.3
2025-04-23 20:08:25,105.2,107.9,28.2,107.3,27.4,96.2,27.8,103.9,89.1,109.2,472.6,31.1,0.0,23.3
2025-04-23 20:08:30,104.9,107.5,28.2,106.9,27.4,96.1,27.8,103.3,88.8,108.9,471.8,31.0,0.0,23.3
2025-04-23 20:08:35,104.6,107.1,28.1,106.9,27.4,95.9,27.8,103.3,88.6,108.6,470.8,31.0,0.0,23.3
2025-04-23 20:08:40,104.4,106.7,28.0,106.4,27.3,95.5,27.7,102.9,88.2,108.4,470.7,30.9,0.0,23.3
2025-04-23 20:08:45,104.3,106.4,27.9,106.2,27.3,95.1,27.6,102.6,88.0,108.1,470.0,30.8,0.0,23.3
2025-04-23 20:08:50,104.0,106.2,27.9,106.0,27.3,94.9,27.5,102.6,87.7,107.8,469.6,30.5,0.0,23.3
2025-04-23 20:08:55,103.8,105.8,27.9,105.7,27.3,94.7,27.4,102.1,87.6,107.6,469.0,30.4,0.0,23.3
2025-04-23 20:09:00,103.8,105.6,27.8,105.5,27.3,94.4,27.4,101.9,87.4,107.2,468.6,30.1,0.0,23.3
2025-04-23 20:09:05,103.6,105.3,27.9,105.3,27.2,94.1,27.4,101.4,87.0,106.9,468.0,29.9,0.0,23.3
2025-04-23 20:09:10,103.3,104.9,27.8,105.0,27.2,93.8,27.3,101.1,86.8,106.6,466.9,29.6,0.0,23.4
2025-04-23 20:09:15,103.1,104.8,27.7,104.6,27.1,93.5,27.3,100.9,86.4,106.3,466.3,29.3,0.0,23.3
2025-04-23 20:09:20,102.9,104.6,27.7,104.4,27.1,93.3,27.3,100.7,86.4,106.0,466.0,29.0,0.0,23.3
2025-04-23 20:09:25,102.7,104.4,27.7,104.0,27.0,93.0,27.3,100.5,86.4,105.8,465.8,28.8,0.0,23.3
2025-04-23 20:09:30,102.4,103.9,27.7,103.9,27.0,92.7,27.2,100.1,86.3,105.5,464.9,28.4,0.0,23.3
2025-04-23 20:09:35,101.9,103.6,27.6,103.7,26.9,92.3,27.2,99.9,86.2,105.3,463.9,27.8,0.0,23.4
2025-04-23 20:09:40,101.7,103.2,27.6,103.3,26.9,92.0,27.2,99.7,86.1,105.1,463.5,27.5,0.0,23.4
2025-04-23 20:09:45,101.5,102.9,27.6,103.1,26.9,91.8,27.1,99.5,85.7,104.7,463.0,27.1,0.0,23.4
2025-04-23 20:09:50,101.4,102.6,27.5,102.9,26.8,91.4,27.1,99.1,85.4,104.6,462.6,26.9,0.0,23.4
2025-04-23 20:09:55,101.0,102.2,27.5,102.5,26.8,91.0,27.0,99.0,85.1,104.3,462.0,26.6,0.0,23.4
2025-04-23 20:10:00,100.9,102.1,27.5,102.2,26.8,90.0,27.0,98.9,84.9,104.1,461.5,26.3,0.0,23.4
2025-04-23 20:10:05,100.5,102.0,27.5,102.1,26.7,89.6,27.0,98.5,84.7,103.9,460.8,26.1,0.0,23.4
2025-04-23 20:10:10,100.3,101.6,27.5,101.6,26.6,88.5,26.9,98.2,84.5,103.7,460.6,25.9,0.0,23.4
2025-04-23 20:10:15,100.1,101.4,27.5,101.4,26.6,87.4,26.9,97.9,84.3,103.5,459.9,25.7,0.0,23.4
2025-04-23 20:10:20,100.0,101.2,27.5,101.4,26.5,85.8,26.8,97.7,83.9,103.3,459.0,25.7,0.0,23.4
2025-04-23 20:10:25,99.7,100.8,27.4,101.0,26.4,84.9,26.8,97.6,83.7,102.9,458.2,25.4,0.0,23.4
2025-04-23 20:10:30,99.6,100.5,27.4,100.7,26.4,83.6,26.8,97.3,83.5,102.7,457.6,25.3,0.0,23.4
2025-04-23 20:10:35,99.4,100.1,27.4,100.3,26.3,81.6,26.7,97.2,83.3,102.4,456.7,24.9,0.0,23.4
2025-04-23 20:10:40,99.1,99.8,27.4,100.2,26.2,80.2,26.6,97.0,83.1,102.1,455.7,24.9,0.0,23.4
2025-04-23 20:10:45,98.9,99.6,27.3,100.2,26.1,77.9,26.6,96.7,83.0,102.0,455.7,24.6,0.0,23.4
2025-04-23 20:10:50,98.7,99.4,27.3,100.1,26.2,75.7,26.5,96.4,82.8,101.7,455.2,24.5,0.0,23.4
2025-04-23 20:10:55,98.4,99.2,27.3,99.8,26.1,73.1,26.5,96.2,82.6,101.5,454.8,24.5,0.0,23.4
2025-04-23 20:11:00,98.2,98.8,27.3,99.4,26.0,69.8,26.5,95.8,82.4,101.3,454.5,24.5,0.0,23.4
2025-04-23 20:11:05,98.0,98.6,27.2,99.2,26.0,67.9,26.5,95.7,82.4,101.1,453.9,24.4,0.0,23.4
2025-04-23 20:11:10,97.5,98.4,27.2,99.1,26.0,66.3,26.5,95.7,82.2,100.8,453.1,24.4,0.0,23.4
2025-04-23 20:11:15,97.4,98.2,27.1,98.7,26.0,61.7,26.5,95.3,82.1,100.6,452.3,24.5,0.0,23.4
2025-04-23 20:11:20,97.2,97.9,27.0,98.4,26.0,59.0,26.4,95.4,81.8,99.8,452.4,24.5,0.0,23.4
2025-04-23 20:11:25,96.9,97.7,27.0,98.3,26.0,55.7,26.4,95.0,81.6,100.0,452.4,24.6,0.0,23.4
2025-04-23 20:11:30,96.7,97.6,27.0,98.1,26.0,54.4,26.3,94.9,81.4,99.9,451.8,24.7,0.0,23.4
2025-04-23 20:11:35,96.5,97.6,27.0,98.0,25.9,51.9,26.3,94.9,81.1,99.5,451.1,24.7,0.0,23.4
2025-04-23 20:11:40,96.5,97.2,27.0,97.6,25.8,49.4,26.2,94.6,80.9,99.3,450.5,24.8,0.0,23.4
2025-04-23 20:11:45,96.2,97.2,26.9,97.3,25.9,45.6,26.2,94.3,80.7,99.0,449.3,25.0,0.1,23.4
2025-04-23 20:11:50,95.8,96.9,26.9,97.2,25.9,44.6,26.2,93.8,80.5,98.7,448.5,25.2,0.4,23.4
2025-04-23 20:11:55,95.4,96.7,26.8,97.0,25.8,41.5,26.2,93.5,80.4,98.4,447.6,25.3,0.5,23.4
2025-04-23 20:12:00,95.3,96.7,26.8,96.9,25.9,38.7,26.2,93.3,80.1,98.1,446.7,25.4,0.6,23.4
2025-04-23 20:12:05,94.8,96.5,26.9,96.6,25.8,35.9,26.0,92.9,79.9,97.9,446.2,25.6,0.7,23.4
2025-04-23 20:12:10,94.6,96.0,26.8,96.3,25.8,33.9,26.0,92.7,79.5,97.7,445.5,25.7,0.7,23.4
2025-04-23 20:12:15,94.4,95.7,26.8,95.9,25.7,31.7,25.9,92.4,79.1,97.5,445.1,25.8,0.6,23.4
2025-04-23 20:12:20,94.1,95.3,26.8,95.7,25.7,29.9,26.0,92.0,78.9,97.1,444.2,26.0,0.6,23.4
2025-04-23 20:12:25,93.8,95.0,26.8,95.4,25.7,28.4,26.0,91.7,78.6,97.0,443.9,26.1,0.6,23.4
2025-04-23 20:12:30,93.3,95.1,26.9,95.0,25.6,26.8,26.0,91.5,78.5,96.5,443.1,26.1,0.5,23.4
2025-04-23 20:12:35,93.0,94.8,26.8,94.8,25.6,25.5,26.0,91.6,78.5,96.4,442.3,26.2,0.4,23.4
2025-04-23 20:12:40,92.7,94.6,26.8,94.5,25.5,24.9,26.0,91.5,78.4,96.2,441.8,26.3,0.4,23.4
2025-04-23 20:12:45,92.5,94.2,26.8,94.2,25.5,24.1,25.9,91.1,78.2,96.0,441.5,26.2,0.3,23.4
2025-04-23 20:12:50,92.2,93.9,26.7,93.9,25.5,23.7,26.0,90.8,77.8,95.7,440.3,26.1,0.2,23.4
2025-04-23 20:12:55,91.8,93.5,26.7,93.7,25.5,23.5,26.0,90.6,77.8,95.4,439.6,26.1,0.1,23.4
2025-04-23 20:13:00,91.5,93.3,26.6,93.4,25.5,23.1,25.9,90.4,77.5,95.2,439.4,26.1,0.0,23.4
2025-04-23 20:13:05,91.3,93.1,26.6,93.3,25.5,23.0,25.9,90.3,77.4,95.1,439.2,26.0,0.0,23.4
2025-04-23 20:13:10,91.0,92.7,26.5,92.9,25.5,22.8,25.8,90.2,77.2,94.8,438.5,26.1,0.0,23.4
2025-04-23 20:13:15,90.9,92.3,26.5,92.8,25.5,22.8,25.7,90.0,76.9,94.5,437.9,26.1,0.0,23.4
2025-04-23 20:13:20,90.7,92.0,26.5,92.6,25.4,22.6,25.7,89.8,76.7,94.3,437.3,26.1,0.0,23.4
2025-04-23 20:13:25,90.4,91.8,26.5,92.5,25.4,22.5,25.6,89.5,76.5,94.0,437.1,26.2,0.0,23.4
2025-04-23 20:13:30,90.4,91.8,26.4,92.3,25.3,22.5,25.5,89.3,76.3,93.8,436.8,26.2,0.0,23.4
2025-04-23 20:13:35,90.1,91.4,26.5,92.0,25.2,22.4,25.5,88.9,76.2,93.5,436.2,26.2,0.0,23.4
2025-04-23 20:13:40,89.6,91.1,26.4,91.8,25.2,22.3,25.5,88.7,76.0,93.4,435.6,26.0,0.0,23.4
2025-04-23 20:13:45,89.4,90.7,26.4,91.7,25.2,22.3,25.6,88.5,76.0,93.2,435.2,25.9,0.0,23.4
2025-04-23 20:13:50,89.2,90.5,26.3,91.3,25.2,22.4,25.5,88.2,75.8,92.9,434.3,25.6,0.2,23.4
2025-04-23 20:13:55,89.1,90.4,26.4,91.2,25.3,22.4,25.5,88.0,75.7,92.9,434.3,25.4,0.3,23.4
2025-04-23 20:14:00,88.8,90.3,26.4,91.0,25.2,22.4,25.5,87.6,75.6,92.6,433.4,25.1,0.2,23.4
2025-04-23 20:14:05,88.7,90.0,26.3,90.6,25.3,22.3,25.4,87.5,75.2,92.3,433.4,25.0,0.1,23.4
2025-04-23 20:14:10,88.3,89.8,26.2,90.5,25.3,22.2,25.4,87.3,74.9,92.0,432.5,25.0,0.1,23.4
2025-04-23 20:14:15,88.1,89.5,26.2,90.2,25.3,22.2,25.3,87.5,74.7,91.7,431.7,24.7,0.2,23.4
2025-04-23 20:14:20,87.9,89.3,26.2,90.1,25.4,22.1,25.3,87.1,74.3,91.6,431.2,24.5,0.2,23.4
2025-04-23 20:14:25,87.6,89.0,26.2,89.9,25.3,22.2,25.2,87.0,74.1,91.3,430.7,24.3,0.3,23.5
2025-04-23 20:14:30,87.6,88.8,26.2,89.6,25.3,22.3,25.2,86.3,73.7,91.1,430.2,24.1,0.4,23.5
2025-04-23 20:14:35,87.3,88.7,26.1,89.4,25.3,22.4,25.3,86.3,73.7,90.8,429.9,23.9,0.4,23.5
2025-04-23 20:14:40,87.1,88.6,26.1,89.1,25.2,22.5,25.3,86.1,73.4,90.6,429.0,23.7,0.5,23.5
2025-04-23 20:14:45,86.9,88.3,26.0,88.9,25.2,22.4,25.1,85.8,73.2,90.3,428.6,23.4,0.6,23.4
2025-04-23 20:14:50,86.8,87.9,26.0,88.9,25.2,22.3,25.1,85.6,73.1,90.1,428.5,23.1,0.7,23.4
2025-04-23 20:14:55,86.7,87.8,25.9,88.5,25.1,22.3,25.0,85.4,73.0,90.0,428.0,23.0,0.9,23.5
2025-04-23 20:15:00,86.5,87.8,25.8,88.3,25.1,22.1,25.0,85.3,72.8,89.7,427.6,22.8,0.9,23.4
2025-04-23 20:15:05,86.1,87.6,25.7,88.0,24.9,22.1,24.8,85.0,72.5,89.5,427.4,22.5,1.0,23.4
2025-04-23 20:15:10,85.8,87.6,25.6,87.7,25.0,22.0,24.9,84.6,72.3,89.2,426.8,22.1,1.0,23.4
2025-04-23 20:15:15,85.6,87.4,25.6,87.4,25.0,22.1,24.8,84.6,72.1,89.0,426.0,21.7,1.0,23.4
2025-04-23 20:15:20,85.4,87.2,25.6,87.2,25.1,22.0,24.8,84.3,71.9,88.7,425.4,21.4,1.0,23.4
2025-04-23 20:15:25,85.1,86.7,25.5,87.0,25.0,22.0,24.7,83.9,71.7,88.6,425.2,21.0,0.9,23.4
2025-04-23 20:15:30,84.9,86.5,25.4,86.9,24.9,22.0,24.8,83.7,71.6,88.3,424.5,20.8,0.8,23.4
2025-04-23 20:15:35,84.6,86.3,25.4,86.4,24.9,22.1,24.8,83.5,71.4,88.2,424.3,20.5,0.9,23.4
2025-04-23 20:15:40,84.4,86.1,25.3,86.4,24.9,22.1,24.7,83.4,71.2,87.9,423.8,20.2,1.0,23.4
2025-04-23 20:15:45,84.2,85.6,25.3,86.1,24.8,22.3,24.8,83.4,71.0,87.7,423.2,20.0,1.1,23.4
2025-04-23 20:15:50,84.0,85.5,25.4,85.9,24.8,22.3,24.8,83.1,70.8,87.5,422.5,19.9,1.0,23.4
2025-04-23 20:15:55,83.8,85.6,25.4,86.1,24.7,22.3,24.7,82.7,70.9,87.3,422.1,19.7,1.0,23.4
2025-04-23 20:16:00,83.6,85.4,25.3,86.0,24.7,22.4,24.6,82.8,70.9,87.1,421.3,19.7,0.8,23.4
2025-04-23 20:16:05,83.5,85.2,25.2,85.9,24.7,22.4,24.7,82.7,70.7,86.8,421.1,19.6,0.8,23.4
2025-04-23 20:16:10,83.2,84.8,25.2,85.5,24.5,22.4,24.7,82.5,70.4,86.6,419.9,19.5,0.9,23.4
2025-04-23 20:16:15,82.8,84.4,25.2,85.4,24.6,22.4,24.7,82.4,70.2,86.3,419.3,19.3,0.8,23.4
2025-04-23 20:16:20,82.8,84.3,25.3,85.2,24.5,22.5,24.7,82.2,70.2,86.2,419.1,19.2,1.0,23.4
2025-04-23 20:16:25,82.6,84.1,25.2,85.0,24.5,22.6,24.6,81.5,69.6,85.9,418.3,19.2,1.1,23.4
2025-04-23 20:16:30,82.5,83.8,25.2,84.7,24.5,22.6,24.6,81.3,69.3,85.8,417.9,19.3,1.3,23.4
2025-04-23 20:16:35,82.2,83.4,25.1,84.3,24.5,22.6,24.5,81.0,68.9,85.5,417.1,19.2,1.3,23.4
2025-04-23 20:16:40,81.9,83.1,25.0,84.0,24.5,22.6,24.5,80.9,68.9,85.3,416.6,19.2,1.3,23.4
2025-04-23 20:16:45,81.7,82.8,25.1,83.7,24.5,22.6,24.5,80.5,68.7,85.1,416.0,19.3,1.3,23.4
2025-04-23 20:16:50,81.5,82.6,25.0,83.2,24.4,22.5,24.4,80.6,68.5,84.8,415.2,19.4,1.2,23.4
2025-04-23 20:16:55,81.4,82.4,25.1,83.0,24.4,22.5,24.3,80.2,68.3,84.6,414.7,19.3,1.1,23.4
2025-04-23 20:17:00,81.2,82.1,25.0,82.7,24.3,22.5,24.3,80.0,68.2,84.4,414.1,19.3,1.2,23.3
2025-04-23 20:17:05,81.1,81.9,24.9,82.6,24.2,22.3,24.1,79.7,68.0,84.1,413.4,19.4,1.2,23.4
2025-04-23 20:17:10,80.9,81.7,24.9,82.3,24.1,22.4,24.1,79.5,67.8,83.8,412.9,19.5,1.0,23.3
2025-04-23 20:17:15,80.4,81.7,24.8,82.2,24.1,22.4,24.0,79.3,67.6,83.6,412.2,19.6,0.9,23.4
2025-04-23 20:17:20,80.2,81.5,24.7,81.9,23.9,22.3,24.0,79.1,67.6,83.3,412.0,19.6,0.8,23.4
2025-04-23 20:17:25,80.0,81.3,24.6,81.4,23.9,22.3,23.9,78.7,67.3,83.1,411.3,19.5,0.7,23.3
2025-04-23 20:17:30,79.8,81.3,24.7,81.1,23.9,22.2,23.9,78.4,67.2,82.7,410.2,19.7,0.8,23.3
2025-04-23 20:17:35,79.6,81.0,24.6,81.2,23.8,22.3,23.9,78.1,66.8,82.6,410.0,19.7,1.0,23.3
2025-04-23 20:17:40,79.4,80.7,24.5,81.0,23.7,22.3,24.1,78.1,66.5,82.4,409.4,19.7,1.0,23.3
2025-04-23 20:17:45,79.2,80.6,24.4,81.0,23.8,22.3,24.0,78.0,66.5,82.2,408.7,19.7,1.0,23.3
2025-04-23 20:17:50,78.9,80.5,24.3,80.9,23.7,22.3,23.9,77.8,66.4,81.9,408.0,19.7,1.1,23.3
2025-04-23 20:17:55,78.7,80.4,24.3,80.6,23.7,22.3,24.0,77.5,66.0,81.7,407.0,19.8,1.2,23.3
2025-04-23 20:18:00,78.6,80.2,24.4,80.2,23.6,22.3,23.9,77.1,65.6,81.6,406.5,19.7,1.4,23.3
2025-04-23 20:18:05,78.3,80.0,24.3,79.9,23.6,22.4,23.8,76.9,65.3,81.2,405.3,19.6,1.3,23.3
2025-04-23 20:18:10,78.0,79.8,24.3,79.6,23.5,22.3,23.8,76.7,65.1,81.0,404.1,19.5,1.3,23.3
2025-04-23 20:18:15,77.8,79.6,24.2,79.4,23.4,22.3,23.7,76.4,64.9,80.7,403.1,19.5,1.2,23.3
2025-04-23 20:18:20,77.8,79.7,24.2,79.2,23.5,22.3,23.7,76.0,64.7,80.4,402.3,19.5,1.1,23.3
2025-04-23 20:18:25,77.4,79.2,24.2,78.9,23.5,22.1,23.8,75.7,64.4,80.2,401.1,19.7,1.2,23.3
2025-04-23 20:18:30,77.4,78.8,24.1,78.6,23.4,22.1,23.6,75.3,64.1,80.0,401.0,19.7,1.3,23.2
2025-04-23 20:18:35,77.1,78.4,24.2,78.2,23.4,22.2,23.6,75.1,63.9,79.7,400.5,19.7,1.2,23.2
2025-04-23 20:18:40,76.8,78.1,24.2,77.8,23.3,22.0,23.5,75.0,63.7,79.6,400.2,19.6,1.2,23.2
2025-04-23 20:18:45,76.3,77.8,24.1,77.5,23.2,21.9,23.4,74.8,63.4,79.4,399.9,19.5,1.2,23.2
2025-04-23 20:18:50,76.1,77.7,24.1,77.3,23.2,21.8,23.4,74.5,63.4,79.0,399.5,19.5,1.1,23.2
2025-04-23 20:18:55,75.7,77.4,23.9,77.1,23.1,21.9,23.4,74.4,63.3,78.9,398.8,19.4,1.0,23.2
2025-04-23 20:19:00,75.5,77.4,23.9,77.0,23.0,21.9,23.4,74.1,63.1,78.6,398.5,19.4,0.9,23.2
2025-04-23 20:19:05,75.3,77.5,23.8,76.6,23.0,21.9,23.3,74.0,62.9,78.5,398.1,19.4,0.9,23.2
2025-04-23 20:19:10,75.1,77.3,23.8,76.6,23.0,21.9,23.3,74.0,62.8,78.3,397.5,19.5,1.0,23.2
2025-04-23 20:19:15,74.9,76.9,23.8,76.5,23.1,21.9,23.3,74.0,62.6,78.1,396.8,19.4,1.1,23.2
2025-04-23 20:19:20,74.7,76.7,23.8,76.3,23.1,21.9,23.3,74.0,62.7,77.9,396.1,19.3,1.3,23.1
2025-04-23 20:19:25,74.3,76.3,23.7,76.2,23.1,22.0,23.3,73.8,62.4,77.7,395.6,19.4,1.6,23.1
2025-04-23 20:19:30,74.2,76.2,23.7,76.0,23.0,22.0,23.2,73.6,62.3,77.5,394.9,19.5,1.7,23.1
2025-04-23 20:19:35,74.0,75.8,23.8,76.2,23.0,22.0,23.1,73.2,62.1,77.3,394.5,19.5,1.7,23.1
2025-04-23 20:19:40,73.8,75.5,23.6,76.0,23.0,22.0,23.1,72.9,62.1,77.1,393.7,19.5,1.5,23.1
2025-04-23 20:19:45,73.7,75.3,23.6,75.6,22.9,21.9,23.1,72.6,61.8,76.8,392.8,19.5,1.5,23.1
2025-04-23 20:19:50,73.4,75.0,23.5,75.4,22.9,21.9,23.0,72.7,61.8,76.6,392.1,19.4,1.4,23.1
2025-04-23 20:19:55,73.0,74.8,23.6,75.0,22.9,22.0,23.0,72.7,61.4,76.3,391.2,19.5,1.4,23.1
2025-04-23 20:20:00,72.8,74.7,23.4,74.9,22.8,22.1,23.0,72.2,61.2,76.1,390.2,19.4,1.4,23.1
2025-04-23 20:20:05,72.7,74.4,23.4,74.9,22.7,22.2,23.0,71.8,60.8,75.7,389.2,19.1,1.2,23.1
2025-04-23 20:20:10,72.6,74.2,23.5,74.7,22.7,22.0,23.0,71.5,60.7,75.6,388.9,19.1,1.1,23.1
2025-04-23 20:20:15,72.3,73.8,23.5,74.2,22.7,21.9,23.0,71.1,60.4,75.3,388.3,19.1,0.8,23.1
2025-04-23 20:20:20,72.2,73.7,23.5,74.0,22.7,21.8,22.9,71.0,60.1,75.2,387.8,19.2,1.0,23.1
2025-04-23 20:20:25,72.1,73.8,23.6,73.8,22.7,21.8,22.8,70.9,60.1,75.0,387.5,19.4,1.9,23.1
2025-04-23 20:20:30,71.9,74.0,23.5,73.4,22.7,21.8,22.8,70.8,59.7,74.9,387.3,19.3,1.9,23.0
2025-04-23 20:20:35,71.7,73.7,23.4,73.3,22.6,21.7,22.7,70.6,59.5,74.6,386.5,19.2,1.6,23.0
2025-04-23 20:20:40,71.5,73.5,23.4,72.9,22.6,21.7,22.8,70.3,59.4,74.4,386.0,19.2,2.8,23.0
2025-04-23 20:20:45,71.6,73.0,23.4,72.8,22.5,21.7,22.6,70.0,59.3,74.2,385.7,19.2,2.6,23.0
2025-04-23 20:20:50,71.8,72.8,23.4,72.8,22.5,21.7,22.6,69.8,59.1,74.0,384.8,19.2,2.2,23.0
2025-04-23 20:20:55,72.0,72.6,23.4,72.6,22.6,21.7,22.6,69.6,58.8,73.8,384.1,19.0,2.6,23.0
2025-04-23 20:21:00,71.6,72.5,23.4,72.5,22.5,21.7,22.6,69.5,58.7,73.6,383.4,19.0,2.1,23.0
2025-04-23 20:21:05,71.3,72.4,23.4,72.4,22.6,21.4,22.5,69.3,58.6,73.4,383.1,19.0,1.9,23.0
2025-04-23 20:21:10,71.2,71.9,23.4,72.1,22.5,21.4,22.3,69.1,58.8,73.2,382.7,18.9,1.8,22.9
2025-04-23 20:21:15,71.0,71.7,23.3,72.0,22.4,21.5,22.3,69.0,58.7,73.2,382.1,18.8,1.6,22.9
2025-04-23 20:21:20,70.5,71.6,23.3,71.6,22.4,21.5,22.2,68.9,58.5,73.0,381.8,19.0,1.4,22.9
2025-04-23 20:21:25,70.3,71.6,23.3,71.3,22.3,21.6,22.2,68.8,58.4,72.8,381.3,18.9,1.3,22.9
2025-04-23 20:21:30,69.8,71.3,23.2,71.3,22.3,21.8,22.2,68.8,58.3,72.6,381.3,19.0,1.4,22.9
2025-04-23 20:21:35,69.7,71.0,23.1,71.1,22.2,21.8,22.1,68.5,58.0,72.4,380.6,19.0,1.3,22.9
2025-04-23 20:21:40,69.8,70.7,23.1,71.0,22.1,21.8,22.1,68.1,57.9,72.2,379.9,19.0,1.3,22.9
2025-04-23 20:21:45,69.6,70.5,23.1,70.9,22.0,21.8,22.2,67.9,57.5,71.9,378.9,19.1,1.1,22.9
2025-04-23 20:21:50,69.3,70.3,23.1,70.7,22.0,21.8,22.2,67.4,57.2,71.6,377.9,19.0,0.9,22.9
2025-04-23 20:21:55,69.1,70.2,22.9,70.5,22.0,21.8,22.1,66.5,56.9,71.4,377.4,18.9,1.0,22.8
2025-04-23 20:22:00,68.7,70.0,23.0,70.5,22.1,21.8,21.9,65.7,56.7,71.2,376.8,18.8,1.2,22.8
2025-04-23 20:22:05,68.6,69.9,23.0,70.1,21.9,21.7,21.9,64.7,56.6,71.0,376.1,18.9,1.5,22.8
2025-04-23 20:22:10,68.5,69.7,23.0,69.7,21.9,21.7,22.0,63.2,56.6,70.8,375.9,19.0,1.7,22.8
2025-04-23 20:22:15,68.8,69.4,23.0,69.5,21.9,21.6,22.0,62.3,56.2,70.5,374.5,19.1,1.9,22.8
2025-04-23 20:22:20,68.6,69.1,22.9,69.1,21.9,21.8,22.1,60.9,56.1,70.3,374.0,19.1,2.4,22.8
2025-04-23 20:22:25,68.3,68.9,23.1,68.9,22.0,21.7,22.0,59.7,55.8,70.1,373.2,19.2,3.3,22.8
2025-04-23 20:22:30,68.1,68.7,23.1,68.8,21.9,21.6,21.9,58.5,55.6,69.9,372.4,19.2,3.7,22.8
2025-04-23 20:22:35,68.4,68.5,23.1,68.7,21.8,21.6,21.9,57.1,55.7,69.7,371.8,19.3,3.2,22.8
2025-04-23 20:22:40,68.0,68.2,23.0,68.2,21.8,21.6,21.9,56.0,55.3,69.4,370.9,19.3,3.0,22.8
2025-04-23 20:22:45,67.7,67.9,23.1,68.1,21.7,21.5,21.8,54.1,55.2,69.2,369.8,19.3,2.8,22.7
2025-04-23 20:22:50,67.4,67.8,23.0,67.9,21.7,21.5,21.8,53.0,55.0,68.9,368.9,19.2,2.2,22.7
2025-04-23 20:22:55,67.2,67.6,22.9,67.7,21.6,21.3,21.7,51.9,54.9,68.7,368.3,19.2,1.8,22.7
2025-04-23 20:23:00,67.1,67.5,22.9,67.7,21.6,21.3,21.6,50.9,54.8,68.4,367.4,19.1,1.7,22.7
2025-04-23 20:23:05,66.6,67.4,22.8,67.4,21.5,21.3,21.5,49.4,54.8,68.2,366.9,19.0,1.5,22.7
2025-04-23 20:23:10,66.5,67.2,22.6,67.3,21.4,21.3,21.5,47.4,54.5,68.1,366.6,19.0,1.8,22.7
2025-04-23 20:23:15,66.7,67.0,22.6,67.2,21.4,21.3,21.5,46.5,54.2,67.8,366.3,18.9,2.0,22.7
2025-04-23 20:23:20,66.6,66.6,22.5,67.0,21.3,21.3,21.4,45.3,54.0,67.6,365.3,18.8,2.1,22.7
2025-04-23 20:23:25,66.4,66.6,22.5,66.8,21.3,21.3,21.4,43.6,53.8,67.4,364.7,18.8,2.1,22.7
2025-04-23 20:23:30,65.9,66.3,22.5,66.3,21.2,21.2,21.4,41.6,53.5,67.1,364.1,18.9,2.1,22.6
2025-04-23 20:23:35,65.5,65.8,22.4,66.0,21.2,21.1,21.2,41.1,53.3,67.0,363.7,18.8,2.0,22.6
2025-04-23 20:23:40,65.5,65.7,22.4,65.9,21.2,21.1,21.2,39.8,53.1,66.8,363.4,18.7,2.2,22.6
2025-04-23 20:23:45,65.1,65.7,22.3,65.9,21.1,21.1,21.2,37.9,53.2,66.6,362.3,18.6,2.2,22.6
2025-04-23 20:23:50,65.0,65.4,22.2,65.9,21.1,21.1,21.1,36.5,53.1,66.4,362.0,18.6,2.3,22.6
2025-04-23 20:23:55,64.7,65.3,22.1,66.2,21.0,21.1,21.1,35.7,53.3,66.1,361.2,18.6,2.3,22.6
2025-04-23 20:24:00,64.6,65.3,22.1,66.0,21.0,21.1,21.0,34.9,53.1,65.9,360.5,18.5,2.1,22.6
2025-04-23 20:24:05,64.2,65.1,22.0,65.4,20.9,21.0,21.0,34.2,52.8,65.7,360.2,18.6,1.8,22.6
2025-04-23 20:24:10,64.1,64.9,21.9,65.3,20.9,21.1,20.9,33.2,52.5,65.5,359.4,18.8,1.5,22.6
2025-04-23 20:24:15,63.9,65.0,21.9,65.1,21.0,21.0,20.9,32.8,52.2,65.4,359.0,18.8,1.1,22.6
2025-04-23 20:24:20,63.8,64.7,21.8,65.1,21.0,21.0,20.9,32.4,52.0,65.2,358.3,18.6,1.3,22.5
2025-04-23 20:24:25,63.5,64.4,21.8,64.6,21.0,20.8,21.0,31.8,51.9,65.0,357.9,18.6,1.6,22.5
2025-04-23 20:24:30,63.4,64.3,21.8,64.4,21.0,20.9,20.9,31.4,51.7,64.8,357.4,18.6,1.4,22.5
2025-04-23 20:24:35,63.4,64.0,21.6,63.9,20.8,20.9,20.8,30.8,51.6,64.6,356.5,18.6,1.4,22.5
2025-04-23 20:24:40,63.3,63.9,21.6,63.7,20.8,20.9,20.6,30.0,51.4,64.4,356.2,18.6,1.9,22.5
2025-04-23 20:24:45,63.0,63.6,21.5,63.6,20.8,21.0,20.6,29.4,51.3,64.2,355.8,18.5,1.9,22.5
2025-04-23 20:24:50,62.8,63.3,21.5,63.4,20.8,20.9,20.5,28.7,51.1,63.9,354.7,18.5,2.8,22.5
2025-04-23 20:24:55,62.7,63.2,21.4,63.3,20.8,20.9,20.4,28.0,51.0,63.7,353.8,18.5,2.9,22.5
2025-04-23 20:25:00,62.7,62.7,21.4,63.0,20.7,20.8,20.4,26.9,50.8,63.5,353.3,18.4,3.1,22.5
2025-04-23 20:25:05,62.5,62.5,21.3,62.7,20.7,20.7,20.4,25.9,50.5,63.3,352.7,18.3,2.8,22.4
2025-04-23 20:25:10,62.3,62.5,21.3,62.6,20.6,20.6,20.3,24.2,50.5,63.2,352.3,18.3,2.8,22.4
2025-04-23 20:25:15,62.2,62.4,21.3,62.6,20.5,20.5,20.3,23.2,50.1,62.9,351.7,18.2,2.6,22.4
2025-04-23 20:25:20,62.2,62.4,21.2,62.3,20.5,20.5,20.3,22.0,49.7,62.8,351.5,18.2,2.4,22.4
2025-04-23 20:25:25,61.9,62.2,21.1,62.0,20.3,20.6,20.2,20.9,49.5,62.6,350.7,18.1,1.9,22.4
2025-04-23 20:25:30,61.7,61.8,21.0,62.1,20.3,20.5,20.1,20.4,49.3,62.5,350.5,18.1,1.6,22.4
2025-04-23 20:25:35,61.4,61.6,21.0,62.2,20.3,20.5,20.1,19.9,49.2,62.3,349.7,17.9,1.2,22.4
2025-04-23 20:25:40,61.2,61.4,20.9,61.8,20.0,20.3,19.8,19.1,48.8,61.9,349.2,18.0,1.0,22.4
2025-04-23 20:25:45,60.9,61.4,20.9,61.5,20.0,20.2,19.9,18.6,48.7,61.9,348.6,18.0,0.9,22.4
2025-04-23 20:25:50,60.7,61.2,20.7,61.3,20.0,20.1,19.9,18.6,48.6,61.6,347.6,17.9,0.8,22.3
2025-04-23 20:25:55,60.6,61.0,20.7,61.2,19.9,20.0,19.9,18.7,48.4,61.5,347.4,17.9,1.0,22.3
2025-04-23 20:26:00,60.5,60.7,20.6,61.1,20.0,20.0,19.9,18.9,48.4,61.2,346.7,17.8,0.9,22.3
2025-04-23 20:26:05,60.3,60.4,20.6,60.9,20.1,20.0,19.7,19.0,48.2,60.9,345.8,17.8,0.8,22.3
2025-04-23 20:26:10,60.0,60.2,20.5,60.7,20.0,19.9,19.6,18.9,47.9,60.7,345.4,17.7,0.7,22.3
2025-04-23 20:26:15,59.8,60.0,20.5,60.5,19.8,20.0,19.6,18.8,47.6,60.5,344.4,17.6,0.6,22.3
2025-04-23 20:26:20,59.6,59.6,20.3,60.1,19.8,19.9,19.5,18.5,47.4,60.3,343.7,17.5,0.5,22.3
2025-04-23 20:26:25,59.4,59.5,20.2,59.8,19.7,20.0,19.4,18.5,47.2,60.0,343.0,17.5,0.5,22.3
2025-04-23 20:26:30,59.1,59.3,20.2,59.7,19.7,19.9,19.4,18.4,47.0,59.8,342.3,17.5,0.5,22.3
2025-04-23 20:26:35,58.9,59.0,20.1,59.8,19.6,19.8,19.2,18.3,46.8,59.5,341.4,17.6,0.5,22.3
2025-04-23 20:26:40,58.6,58.7,20.1,59.6,19.6,19.8,19.1,18.3,46.7,59.4,341.1,17.6,0.8,22.3
2025-04-23 20:26:45,58.4,58.5,20.0,59.1,19.6,19.6,19.2,18.3,46.3,59.0,340.2,17.6,1.1,22.3
2025-04-23 20:26:50,58.2,58.5,19.9,58.7,19.5,19.6,19.2,18.2,46.0,58.9,339.5,17.5,1.1,22.3
2025-04-23 20:26:55,58.0,58.2,19.8,58.5,19.5,19.5,19.2,18.2,45.9,58.7,338.3,17.5,1.4,22.3
2025-04-23 20:27:00,57.8,57.8,19.9,58.1,19.5,19.4,19.1,18.1,46.0,58.5,337.6,17.4,1.9,22.2
2025-04-23 20:27:05,57.6,57.5,19.8,58.0,19.4,19.3,19.0,18.2,45.9,58.3,336.8,17.4,1.9,22.2
2025-04-23 20:27:10,57.4,57.5,19.7,57.9,19.3,19.2,18.9,18.1,45.7,58.1,336.1,17.3,1.7,22.2
2025-04-23 20:27:15,57.2,57.1,19.7,57.5,19.3,19.1,18.8,18.4,45.6,57.9,335.8,17.2,1.5,22.2
2025-04-23 20:27:20,57.1,57.0,19.6,57.4,19.2,19.2,18.7,18.4,45.3,57.6,335.4,17.1,1.3,22.3
2025-04-23 20:27:25,56.7,56.7,19.5,57.1,19.2,19.2,18.7,18.4,45.1,57.4,334.5,17.1,1.1,22.2
2025-04-23 20:27:30,56.6,56.5,19.5,56.9,19.1,19.2,18.6,18.4,45.1,57.1,333.6,17.2,1.0,22.2
2025-04-23 20:27:35,56.6,56.0,19.5,56.7,19.0,19.2,18.5,18.3,45.1,56.9,332.9,17.1,1.4,22.2
2025-04-23 20:27:40,56.5,55.3,19.4,56.7,18.9,19.2,18.5,18.3,44.9,56.6,332.3,17.1,1.6,22.2
2025-04-23 20:27:45,56.1,54.8,19.4,56.7,18.8,19.2,18.4,18.2,44.9,56.5,331.8,17.2,2.2,22.2
2025-04-23 20:27:50,55.8,54.1,19.3,56.4,18.8,19.3,18.5,18.2,44.7,56.1,331.0,17.2,2.3,22.2
2025-04-23 20:27:55,55.6,53.4,19.3,56.3,18.8,19.3,18.4,18.2,44.6,55.9,330.6,17.2,2.0,22.2
2025-04-23 20:28:00,55.4,52.4,19.3,56.1,18.7,19.3,18.5,18.2,44.2,55.7,329.4,17.3,1.6,22.2
2025-04-23 20:28:05,55.2,50.4,19.3,55.8,18.8,19.2,18.7,18.2,44.3,55.6,329.2,17.2,2.3,22.2
2025-04-23 20:28:10,55.1,49.8,19.4,55.6,18.8,19.2,18.5,18.2,44.3,55.4,328.9,17.2,2.3,22.2
2025-04-23 20:28:15,55.2,48.3,19.4,55.3,18.8,19.1,18.5,18.2,44.0,55.1,327.9,17.4,2.2,22.2
2025-04-23 20:28:20,55.2,47.4,19.5,55.0,18.7,19.2,18.4,18.0,43.6,55.1,327.6,17.4,2.0,22.2
2025-04-23 20:28:25,54.8,45.7,19.3,54.8,18.5,19.1,18.3,18.0,43.0,54.8,327.0,17.4,1.7,22.1
2025-04-23 20:28:30,54.8,44.3,19.2,54.8,18.5,19.0,18.3,18.1,42.6,54.6,325.7,17.2,1.6,22.2
2025-04-23 20:28:35,54.4,43.0,19.3,54.5,18.4,18.9,18.2,18.1,42.3,54.4,325.2,17.1,1.7,22.1
2025-04-23 20:28:40,54.3,42.1,19.1,54.4,18.3,18.9,18.1,17.9,41.4,54.2,324.6,17.1,1.9,22.1
2025-04-23 20:28:45,54.1,41.2,19.0,54.3,18.2,18.8,18.1,17.9,40.9,54.1,324.0,17.0,2.0,22.1
2025-04-23 20:28:50,53.8,39.6,19.0,53.8,18.2,18.8,18.0,18.0,40.3,53.8,323.1,17.0,2.4,22.1
2025-04-23 20:28:55,53.7,38.9,19.0,53.7,18.2,18.8,18.0,18.0,39.2,53.7,322.6,16.9,2.4,22.1
2025-04-23 20:29:00,53.5,37.7,19.0,53.5,18.2,18.8,17.9,17.9,38.6,53.5,321.7,16.8,2.1,22.1
2025-04-23 20:29:05,53.3,36.8,19.0,53.5,18.1,18.7,17.8,17.9,37.3,53.3,321.5,16.7,2.1,22.1
2025-04-23 20:29:10,53.1,36.1,18.9,53.3,18.0,18.8,17.7,18.1,36.5,53.2,321.0,16.8,2.0,22.1
2025-04-23 20:29:15,52.8,35.2,18.9,53.0,18.0,18.7,17.7,17.9,35.5,52.9,320.1,16.7,1.8,22.1
2025-04-23 20:29:20,52.7,34.6,18.8,52.8,18.0,18.7,17.7,18.0,34.2,52.7,319.3,16.7,1.5,22.1
2025-04-23 20:29:25,52.5,34.2,18.9,52.7,18.0,18.7,17.7,17.9,33.2,52.4,318.8,16.7,2.0,22.1
2025-04-23 20:29:30,52.2,33.6,18.8,52.3,17.9,18.6,17.6,17.8,31.6,52.2,318.1,16.7,2.0,22.1
2025-04-23 20:29:35,52.0,33.0,18.8,52.2,17.9,18.5,17.6,17.8,30.8,52.0,317.8,16.6,1.9,22.1
2025-04-23 20:29:40,51.9,32.8,18.8,52.1,17.9,18.5,17.5,17.6,29.6,51.9,317.2,16.5,2.0,22.1
2025-04-23 20:29:45,51.7,32.5,18.8,51.8,17.8,18.4,17.5,17.6,28.8,51.7,316.7,16.5,2.1,22.0
2025-04-23 20:29:50,51.6,32.4,18.7,51.7,17.7,18.4,17.5,17.6,28.1,51.5,315.8,16.5,1.8,22.0
2025-04-23 20:29:55,51.4,32.8,18.7,51.5,17.7,18.3,17.5,17.6,26.6,51.3,315.1,16.4,2.3,22.0
2025-04-23 20:30:00,51.1,33.1,18.7,51.2,17.7,18.2,17.4,17.5,25.8,51.2,314.7,16.3,2.1,22.0
2025-04-23 20:30:05,51.1,33.5,18.6,50.9,17.7,18.1,17.4,17.4,25.2,51.0,314.4,16.3,2.6,22.0
2025-04-23 20:30:10,51.0,33.6,18.6,50.7,17.6,18.1,17.3,17.3,23.9,50.8,313.1,16.3,2.9,22.0
2025-04-23 20:30:15,50.7,33.7,18.6,50.5,17.6,18.0,17.3,17.3,22.6,50.7,312.7,16.1,2.5,22.0
2025-04-23 20:30:20,50.6,33.7,18.6,50.4,17.6,18.0,17.2,17.2,22.0,50.5,312.3,16.1,2.4,22.0
2025-04-23 20:30:25,50.3,33.7,18.5,50.3,17.5,17.7,17.1,17.4,20.9,50.4,311.6,16.0,2.0,22.0
2025-04-23 20:30:30,50.3,33.5,18.5,50.3,17.4,17.8,17.1,17.4,20.2,50.2,310.7,16.0,2.0,22.0
2025-04-23 20:30:35,50.1,33.2,18.4,50.1,17.4,17.9,17.0,17.3,19.4,49.9,310.0,15.9,2.1,21.9
2025-04-23 20:30:40,50.1,32.9,18.3,49.9,17.3,17.8,16.9,17.4,19.0,49.8,309.6,15.9,2.0,21.9
2025-04-23 20:30:45,49.8,32.3,18.2,49.6,17.1,17.8,16.8,17.2,18.0,49.5,308.8,15.9,1.6,21.9
2025-04-23 20:30:50,49.6,31.6,18.2,49.7,17.1,17.8,16.8,17.2,17.2,49.3,307.9,15.8,1.3,21.9
2025-04-23 20:30:55,49.4,31.0,18.0,49.5,17.1,17.8,16.8,17.1,16.4,49.1,307.3,15.9,1.3,21.9
2025-04-23 20:31:00,49.1,30.1,18.0,49.5,17.0,17.9,16.8,16.9,15.9,48.9,306.6,15.9,1.8,21.9
2025-04-23 20:31:05,48.9,29.3,18.0,49.2,17.0,17.9,16.7,16.9,15.5,48.7,306.0,15.8,2.0,21.9
2025-04-23 20:31:10,48.6,28.2,17.9,49.0,17.0,17.8,16.7,16.9,15.2,48.5,305.4,15.8,2.2,21.9
2025-04-23 20:31:15,48.6,27.1,17.8,48.8,17.1,17.6,16.7,16.9,15.1,48.4,305.0,15.8,2.2,21.9
2025-04-23 20:31:20,48.4,25.8,17.8,48.6,17.0,17.5,16.5,16.9,15.0,48.2,304.7,15.7,2.1,21.9
2025-04-23 20:31:25,48.2,24.8,17.7,48.4,16.9,17.5,16.4,16.7,15.0,48.0,304.4,15.7,2.0,21.9
2025-04-23 20:31:30,48.1,23.7,17.5,48.2,16.9,17.5,16.3,16.6,14.9,47.9,303.6,15.6,1.7,21.9
2025-04-23 20:31:35,47.9,23.0,17.5,48.2,16.9,17.4,16.3,16.7,14.8,47.7,303.1,15.5,1.5,21.8
2025-04-23 20:31:40,47.7,21.9,17.5,48.1,16.9,17.4,16.2,16.5,14.8,47.5,302.4,15.5,1.2,21.8
2025-04-23 20:31:45,47.5,20.8,17.3,47.8,16.8,17.3,16.2,16.5,14.8,47.3,301.4,15.4,1.0,21.8
2025-04-23 20:31:50,47.4,20.2,17.3,47.7,16.7,17.2,16.0,16.4,15.1,47.1,300.7,15.4,0.9,21.8
2025-04-23 20:31:55,47.1,19.0,17.3,47.4,16.7,17.2,16.0,16.5,15.3,46.8,300.1,15.3,0.8,21.8
2025-04-23 20:32:00,47.0,18.7,17.2,47.2,16.7,17.1,16.0,16.6,15.6,46.6,299.0,15.3,0.8,21.8
2025-04-23 20:32:05,46.9,17.7,17.1,47.0,16.6,17.0,15.9,16.6,16.0,46.4,298.6,15.2,0.7,21.8
2025-04-23 20:32:10,46.6,16.5,17.0,47.1,16.5,17.0,15.9,16.5,16.3,46.2,298.2,15.2,0.7,21.8
2025-04-23 20:32:15,46.5,16.1,17.0,46.7,16.5,16.8,15.8,16.4,16.4,46.0,297.9,15.1,0.7,21.8
2025-04-23 20:32:20,46.2,15.5,17.0,46.4,16.4,16.8,15.7,16.4,16.6,45.8,296.5,15.1,1.5,21.8
2025-04-23 20:32:25,46.0,14.9,16.9,46.2,16.4,16.8,15.6,16.4,16.8,45.7,296.2,15.0,2.0,21.8
2025-04-23 20:32:30,45.7,14.3,16.6,46.1,16.4,16.8,15.5,16.4,16.8,45.5,295.5,15.1,2.1,21.8
2025-04-23 20:32:35,45.6,14.0,16.7,45.9,16.4,16.7,15.5,16.3,16.8,45.3,294.6,15.1,1.8,21.8
2025-04-23 20:32:40,45.6,13.8,16.7,45.5,16.3,16.6,15.5,16.2,17.0,45.2,294.1,15.0,1.8,21.8
2025-04-23 20:32:45,45.4,13.8,16.7,45.2,16.3,16.7,15.3,16.2,17.0,44.9,293.0,14.9,1.9,21.8
2025-04-23 20:32:50,45.3,13.8,16.7,45.1,16.3,16.7,15.3,16.0,16.9,44.8,292.6,14.9,2.2,21.8
2025-04-23 20:32:55,45.2,13.9,16.7,44.7,16.2,16.6,15.3,16.0,16.8,44.6,291.6,14.9,1.9,21.8
2025-04-23 20:33:00,44.9,13.9,16.6,44.6,16.2,16.5,15.2,15.9,16.8,44.3,290.6,14.9,1.8,21.7
2025-04-23 20:33:05,44.8,13.9,16.5,44.4,16.0,16.5,15.2,15.9,16.7,44.2,290.2,14.9,1.7,21.8
2025-04-23 20:33:10,44.7,14.0,16.4,44.0,16.0,16.5,15.1,15.8,16.7,44.0,289.7,14.8,1.5,21.7
2025-04-23 20:33:15,44.4,14.0,16.4,43.9,15.9,16.4,15.1,15.8,16.4,43.8,289.0,14.7,1.5,21.7
2025-04-23 20:33:20,44.1,14.0,16.3,43.7,15.8,16.5,15.0,15.7,16.3,43.6,288.0,14.6,1.4,21.7
2025-04-23 20:33:25,43.9,14.0,16.2,43.5,15.7,16.3,15.0,15.7,16.0,43.4,287.2,14.7,1.2,21.7
2025-04-23 20:33:30,43.8,13.9,16.2,43.5,15.7,16.4,15.0,15.6,15.7,43.1,285.7,14.5,1.1,21.7
2025-04-23 20:33:35,43.3,13.7,16.1,43.3,15.6,16.3,14.9,15.6,15.5,42.9,284.8,14.5,1.1,21.7
2025-04-23 20:33:40,43.1,13.6,16.1,43.0,15.4,16.2,14.9,15.5,15.1,42.8,284.8,14.5,1.2,21.7
2025-04-23 20:33:45,43.1,13.6,16.0,42.9,15.4,16.1,14.8,15.4,14.7,42.6,284.1,14.5,1.2,21.7
2025-04-23 20:33:50,42.9,13.5,16.0,42.8,15.3,16.1,14.8,15.4,14.4,42.4,283.3,14.4,1.1,21.7
2025-04-23 20:33:55,42.8,13.5,15.9,42.6,15.3,16.0,14.8,15.4,14.0,42.2,282.8,14.4,1.0,21.7
2025-04-23 20:34:00,42.5,13.5,15.8,42.5,15.2,16.0,14.7,15.3,13.8,42.0,281.9,14.3,0.7,21.7
2025-04-23 20:34:05,42.4,13.4,15.8,42.3,15.2,16.0,14.6,15.2,13.8,41.8,281.3,14.3,0.6,21.7
2025-04-23 20:34:10,42.3,13.4,15.7,42.0,15.1,15.8,14.6,15.2,13.6,41.6,280.5,14.2,0.5,21.7
2025-04-23 20:34:15,42.1,13.4,15.7,41.8,15.0,15.8,14.5,15.1,13.6,41.3,278.5,14.2,0.5,21.7
2025-04-23 20:34:20,41.9,13.4,15.6,41.7,14.9,15.7,14.4,15.1,13.6,41.2,278.7,14.1,0.6,21.7
2025-04-23 20:34:25,41.8,13.4,15.5,41.4,14.9,15.6,14.4,15.1,13.6,40.9,278.0,14.2,0.8,21.7
2025-04-23 20:34:30,41.5,13.4,15.5,41.1,14.8,15.5,14.4,15.1,13.6,40.8,277.2,14.0,1.0,21.7
2025-04-23 20:34:35,41.3,13.4,15.4,40.9,14.7,15.6,14.2,15.2,13.5,40.6,275.9,14.0,1.1,21.7
2025-04-23 20:34:40,41.0,13.3,15.4,40.8,14.6,15.6,14.2,15.0,13.6,40.4,274.7,13.9,1.2,21.7
2025-04-23 20:34:45,40.8,13.3,15.4,40.5,14.6,15.6,14.2,14.9,13.5,40.2,274.1,13.9,1.5,21.6
2025-04-23 20:34:50,40.7,13.3,15.3,40.2,14.6,15.5,14.1,14.9,13.5,39.9,272.9,13.9,1.4,21.7
2025-04-23 20:34:55,40.6,13.2,15.3,40.0,14.5,15.4,14.0,14.9,13.5,39.7,271.5,13.8,1.2,21.7
2025-04-23 20:35:00,40.3,13.2,15.2,40.0,14.4,15.4,14.0,14.8,13.4,39.5,270.8,13.8,1.1,21.6
2025-04-23 20:35:05,40.1,13.1,15.1,39.6,14.2,15.2,13.8,14.8,13.5,39.2,270.1,13.7,0.8,21.6
2025-04-23 20:35:10,39.9,13.1,15.0,39.4,14.1,15.2,13.7,14.6,13.3,39.0,269.4,13.6,0.7,21.6
2025-04-23 20:35:15,39.8,13.2,14.9,39.2,14.1,15.1,13.7,14.7,13.4,38.8,268.4,13.6,0.5,21.6
2025-04-23 20:35:20,39.5,13.3,14.9,39.0,13.9,15.0,13.7,14.8,13.4,38.6,267.4,13.5,0.4,21.6
2025-04-23 20:35:25,39.4,13.3,14.9,38.9,13.9,15.0,13.7,14.7,13.3,38.4,266.6,13.5,0.4,21.6
2025-04-23 20:35:30,39.2,13.3,14.7,38.7,13.8,14.9,13.7,14.7,13.4,38.2,265.3,13.4,1.2,21.6
2025-04-23 20:35:35,38.9,13.1,14.6,38.5,13.9,14.9,13.7,14.7,13.3,38.0,264.4,13.3,1.6,21.6
2025-04-23 20:35:40,38.8,13.1,14.6,38.3,13.8,14.8,13.5,14.6,13.4,37.8,263.2,13.3,1.7,21.6
2025-04-23 20:35:45,38.5,13.0,14.6,38.1,13.8,14.7,13.4,14.6,13.4,37.6,262.2,13.1,2.0,21.6
2025-04-23 20:35:50,38.3,12.9,14.5,38.0,13.8,14.7,13.4,14.6,13.3,37.4,261.2,13.1,2.0,21.6
2025-04-23 20:35:55,38.2,12.9,14.4,37.7,13.7,14.8,13.4,14.6,13.3,37.2,260.4,13.1,1.9,21.6
2025-04-23 20:36:00,38.1,12.8,14.5,37.5,13.7,14.8,13.4,14.5,13.2,37.1,259.8,13.1,2.0,21.6
2025-04-23 20:36:05,37.9,12.7,14.4,37.3,13.8,14.7,13.4,14.4,13.1,37.0,259.1,13.1,2.1,21.6
2025-04-23 20:36:10,37.7,12.8,14.3,37.1,13.7,14.6,13.3,14.5,13.1,36.7,257.6,13.1,1.7,21.6
2025-04-23 20:36:15,37.4,12.7,14.3,37.0,13.8,14.6,13.3,14.5,13.0,36.5,257.2,13.0,1.6,21.6
2025-04-23 20:36:20,37.3,12.6,14.2,36.8,13.7,14.5,13.2,14.4,13.0,36.5,256.4,13.0,1.8,21.6
2025-04-23 20:36:25,37.2,12.6,14.2,36.6,13.7,14.4,13.2,14.3,13.0,36.2,255.6,13.0,1.8,21.6
2025-04-23 20:36:30,37.1,12.5,14.2,36.2,13.7,14.4,13.2,14.3,13.0,36.1,255.3,12.9,2.0,21.6
2025-04-23 20:36:35,37.0,12.5,14.2,36.0,13.8,14.3,13.1,14.1,12.9,35.9,254.2,12.9,1.8,21.6
2025-04-23 20:36:40,36.9,12.5,14.2,35.9,13.7,14.2,13.0,14.1,12.8,35.8,253.6,12.8,1.5,21.6
2025-04-23 20:36:45,36.6,12.4,14.2,35.7,13.7,14.1,13.0,13.9,12.8,35.6,253.0,12.8,1.2,21.6
2025-04-23 20:36:50,36.6,12.4,14.1,35.6,13.6,14.0,12.9,13.8,12.8,35.3,252.2,12.7,1.1,21.6
2025-04-23 20:36:55,36.4,12.4,14.0,35.3,13.6,14.0,12.9,13.9,12.8,35.2,251.2,12.6,0.9,21.6
2025-04-23 20:37:00,36.3,12.4,14.0,35.1,13.6,13.9,12.8,13.9,12.7,35.0,250.6,12.6,0.8,21.6
2025-04-23 20:37:05,36.0,12.4,14.0,35.1,13.5,13.8,12.7,13.8,12.7,34.9,250.0,12.5,0.6,21.6
2025-04-23 20:37:10,35.8,12.4,13.9,34.8,13.4,13.8,12.6,13.8,12.7,34.7,249.6,12.5,0.6,21.6
2025-04-23 20:37:15,35.6,12.3,13.8,34.7,13.3,13.8,12.7,13.8,12.6,34.4,248.4,12.4,0.6,21.6
2025-04-23 20:37:20,35.4,12.5,13.7,34.6,13.3,13.8,12.6,13.8,12.5,34.3,247.8,12.4,0.6,21.6
2025-04-23 20:37:25,35.2,12.4,13.6,34.5,13.1,13.8,12.5,13.7,12.4,34.1,246.9,12.3,0.6,21.5
2025-04-23 20:37:30,35.0,12.3,13.5,34.2,13.1,13.7,12.5,13.6,12.4,34.0,246.5,12.2,0.5,21.5
2025-04-23 20:37:35,34.9,12.3,13.5,33.8,12.9,13.7,12.3,13.6,12.3,33.8,245.5,12.3,0.4,21.5
2025-04-23 20:37:40,34.7,12.2,13.4,33.3,12.9,13.8,12.3,13.6,12.2,33.6,244.7,12.3,0.4,21.5
2025-04-23 20:37:45,34.7,12.2,13.3,33.0,12.9,13.8,12.3,13.5,12.2,33.4,243.5,12.3,0.4,21.5
2025-04-23 20:37:50,34.5,12.2,13.3,32.0,12.8,13.8,12.1,13.4,12.1,33.2,243.0,12.3,0.3,21.5
2025-04-23 20:37:55,34.3,12.1,13.2,31.3,12.9,13.7,12.1,13.2,12.0,33.1,242.5,12.3,0.2,21.5
2025-04-23 20:38:00,34.2,12.1,13.1,30.6,12.8,13.7,12.1,13.3,11.9,32.9,241.8,12.3,0.3,21.5
2025-04-23 20:38:05,34.3,12.0,13.1,29.9,12.8,13.5,12.1,13.2,11.8,32.7,241.1,12.3,0.5,21.5
2025-04-23 20:38:10,34.3,12.1,13.1,29.1,12.8,13.5,12.1,13.2,11.7,32.5,240.0,12.1,0.6,21.5
2025-04-23 20:38:15,33.9,12.1,13.0,27.6,12.7,13.4,12.0,13.1,11.7,32.3,239.5,12.1,0.7,21.5
2025-04-23 20:38:20,33.7,11.9,13.0,26.8,12.7,13.3,12.0,13.0,11.6,32.1,238.5,12.0,0.7,21.5
2025-04-23 20:38:25,33.5,12.0,12.9,25.8,12.6,13.1,11.8,12.8,11.5,31.9,237.5,12.0,0.5,21.5
2025-04-23 20:38:30,33.4,11.9,12.9,25.2,12.6,13.1,11.9,12.8,11.5,31.7,236.8,11.9,0.4,21.5
2025-04-23 20:38:35,33.3,11.8,12.8,23.8,12.5,13.0,11.9,12.7,11.5,31.5,236.3,11.8,0.4,21.5
2025-04-23 20:38:40,33.1,11.8,12.7,23.1,12.5,12.8,11.8,12.6,11.5,31.4,234.8,11.8,0.7,21.5
2025-04-23 20:38:45,33.1,11.8,12.7,21.9,12.4,12.7,11.8,12.6,11.4,31.2,234.0,11.8,0.6,21.5
2025-04-23 20:38:50,33.0,11.7,12.7,21.0,12.3,12.7,11.8,12.5,11.3,31.0,233.0,11.8,0.8,21.5
2025-04-23 20:38:55,33.1,11.7,12.8,20.0,12.2,12.7,11.8,12.5,11.3,30.8,232.1,11.8,1.1,21.5
2025-04-23 20:39:00,33.1,11.7,12.7,19.0,12.2,12.7,11.7,12.4,11.4,30.6,231.7,11.7,1.2,21.5
2025-04-23 20:39:05,32.9,11.6,12.6,17.9,12.2,12.6,11.6,12.3,11.3,30.4,230.9,11.7,1.3,21.5
2025-04-23 20:39:10,32.7,11.5,12.5,17.1,12.1,12.5,11.6,12.2,11.4,30.0,229.7,11.6,1.3,21.5
2025-04-23 20:39:15,32.5,11.3,12.5,16.5,12.1,12.5,11.6,12.3,11.3,29.8,228.3,11.6,1.1,21.5
2025-04-23 20:39:20,32.3,11.3,12.5,15.6,12.0,12.4,11.4,12.3,11.1,29.4,227.1,11.5,1.3,21.5
2025-04-23 20:39:25,32.1,11.2,12.5,14.8,11.9,12.3,11.4,12.3,11.2,29.1,226.0,11.4,1.5,21.5
2025-04-23 20:39:30,31.9,11.1,12.4,14.1,11.8,12.3,11.3,12.2,11.2,28.6,224.8,11.4,1.2,21.5
2025-04-23 20:39:35,31.8,11.0,12.4,13.5,11.7,12.1,11.3,12.2,11.1,28.2,224.1,11.2,1.0,21.5
2025-04-23 20:39:40,31.7,11.0,12.3,12.9,11.8,12.2,11.3,12.1,11.1,27.7,223.5,11.2,0.9,21.5
2025-04-23 20:39:45,31.6,11.0,12.2,12.5,11.7,12.1,11.1,12.2,11.0,27.2,223.0,11.2,0.8,21.5
2025-04-23 20:39:50,31.4,11.0,12.2,11.8,11.4,12.1,11.1,12.1,11.0,26.7,222.0,11.2,0.8,21.5
2025-04-23 20:39:55,31.3,11.0,12.2,11.6,11.3,12.1,11.1,12.1,10.9,26.1,220.8,11.1,0.8,21.5
2025-04-23 20:40:00,31.1,10.9,12.0,11.2,11.3,12.1,11.0,12.1,10.8,25.6,220.5,11.1,0.9,21.4
2025-04-23 20:40:05,31.0,10.9,12.0,10.9,11.3,12.0,11.0,12.0,10.8,25.0,219.3,11.1,1.1,21.5
2025-04-23 20:40:10,30.7,10.8,12.0,10.9,11.3,12.0,11.0,11.9,10.8,24.4,218.5,11.0,1.2,21.4
2025-04-23 20:40:15,30.5,10.8,11.8,10.7,11.3,12.0,11.0,11.7,10.6,23.8,217.6,11.0,1.8,21.4
2025-04-23 20:40:20,30.5,10.8,11.8,10.6,11.3,12.0,10.9,11.8,10.6,23.4,217.0,11.0,1.8,21.4
2025-04-23 20:40:25,30.3,10.7,11.8,10.7,11.2,11.9,10.8,11.8,10.5,22.5,215.6,10.9,1.6,21.4
2025-04-23 20:40:30,30.2,10.7,11.8,10.7,11.1,11.9,10.8,11.7,10.4,21.9,215.5,10.9,1.5,21.5
2025-04-23 20:40:35,29.9,10.7,11.8,10.5,11.1,11.8,10.7,11.6,10.4,21.3,214.2,10.8,1.5,21.5
2025-04-23 20:40:40,29.8,10.7,11.8,10.5,11.0,11.7,10.7,11.7,10.4,20.7,213.5,10.8,1.3,21.4
2025-04-23 20:40:45,29.6,10.6,11.8,10.4,11.0,11.6,10.7,11.5,10.3,20.1,212.9,10.7,1.3,21.4
2025-04-23 20:40:50,29.4,10.5,11.8,10.3,11.0,11.5,10.5,11.4,10.2,19.1,212.1,10.6,1.6,21.4
2025-04-23 20:40:55,29.3,10.5,11.7,10.2,10.9,11.4,10.6,11.4,10.3,18.9,211.6,10.6,1.8,21.4
2025-04-23 20:41:00,29.2,10.4,11.7,10.2,10.8,11.4,10.6,11.3,10.2,18.2,210.7,10.4,1.7,21.4
2025-04-23 20:41:05,29.1,10.3,11.6,10.3,10.7,11.3,10.6,11.3,10.2,17.7,210.2,10.3,1.5,21.4
2025-04-23 20:41:10,28.9,10.2,11.6,10.2,10.7,11.4,10.4,11.3,10.1,17.1,209.3,10.2,1.3,21.4
2025-04-23 20:41:15,28.6,10.2,11.5,10.1,10.6,11.3,10.4,11.3,10.2,16.7,208.5,10.2,1.0,21.4
2025-04-23 20:41:20,28.5,10.2,11.4,10.1,10.6,11.3,10.3,11.2,10.1,16.4,208.3,10.2,0.9,21.4
2025-04-23 20:41:25,28.3,10.1,11.4,10.0,10.6,11.3,10.3,11.2,10.1,16.2,207.5,10.1,0.8,21.4
2025-04-23 20:41:30,28.1,10.1,11.3,10.0,10.6,11.3,10.3,11.2,10.1,16.1,205.3,10.1,1.1,21.4
2025-04-23 20:41:35,27.9,10.1,11.4,10.1,10.7,11.2,10.2,11.1,10.1,15.9,200.4,10.1,1.1,21.4
2025-04-23 20:41:40,27.7,10.1,11.3,10.0,10.6,11.1,10.2,11.0,10.0,15.9,195.0,9.9,0.9,21.4
2025-04-23 20:41:45,27.5,10.1,11.3,10.0,10.5,11.0,10.1,11.0,10.0,15.9,188.7,9.9,0.8,21.4
2025-04-23 20:41:50,27.2,10.2,11.2,10.0,10.5,11.0,10.0,10.9,9.9,16.0,179.7,9.8,0.7,21.4
2025-04-23 20:41:55,27.0,10.1,11.1,9.8,10.3,11.0,9.9,10.9,9.9,16.0,172.6,9.8,0.6,21.4
2025-04-23 20:42:00,27.0,10.2,11.1,9.8,10.3,11.1,10.0,10.8,9.9,15.9,163.0,9.6,0.5,21.4
2025-04-23 20:42:05,26.5,10.1,11.0,9.9,10.2,10.9,9.8,10.8,9.9,15.9,155.5,9.7,0.8,21.4
2025-04-23 20:42:10,26.3,10.1,10.9,9.7,10.1,10.9,10.0,10.8,10.0,15.8,146.6,9.7,1.0,21.3
2025-04-23 20:42:15,26.3,10.0,10.7,9.7,10.1,10.8,9.9,10.8,10.0,15.7,135.3,9.5,0.9,21.3
2025-04-23 20:42:20,26.1,10.0,10.7,9.7,10.1,10.7,9.9,10.9,9.9,15.6,126.3,9.5,1.0,21.3
2025-04-23 20:42:25,25.9,10.0,10.6,9.7,10.1,10.7,9.8,10.8,9.9,15.6,121.3,9.5,1.0,21.3
2025-04-23 20:42:30,25.6,10.0,10.6,9.6,10.2,10.7,9.8,10.8,9.8,15.6,106.0,9.4,1.9,21.3
2025-04-23 20:42:35,25.5,10.0,10.6,9.6,10.2,10.7,9.8,10.8,9.8,15.5,97.1,9.5,1.9,21.3
2025-04-23 20:42:40,25.5,10.0,10.5,9.6,10.2,10.8,9.8,10.7,9.9,15.4,85.7,9.4,1.6,21.3
2025-04-23 20:42:45,25.3,10.0,10.5,9.6,10.2,10.7,9.7,10.7,9.7,15.3,76.4,9.4,1.6,21.3
2025-04-23 20:42:50,25.1,10.0,10.4,9.5,10.1,10.7,9.7,10.6,9.7,15.3,71.1,9.4,1.4,21.3
2025-04-23 20:42:55,24.9,9.9,10.4,9.5,10.1,10.7,9.7,10.5,9.6,15.2,60.1,9.4,1.2,21.3
2025-04-23 20:43:00,24.8,9.8,10.3,9.5,10.1,10.6,9.5,10.3,9.7,15.2,51.8,9.4,1.5,21.3
2025-04-23 20:43:05,24.7,9.8,10.2,9.5,10.0,10.6,9.5,10.3,9.6,15.1,42.0,9.3,1.3,21.3
2025-04-23 20:43:10,24.5,9.7,10.2,9.5,10.0,10.5,9.4,10.2,9.6,14.9,34.5,9.3,1.5,21.3
2025-04-23 20:43:15,24.4,9.7,10.2,9.4,9.9,10.4,9.4,10.2,9.5,14.8,27.2,9.2,1.7,21.3
2025-04-23 20:43:20,24.2,9.8,10.0,9.4,9.9,10.3,9.3,10.2,9.5,14.6,19.6,9.2,1.9,21.3
2025-04-23 20:43:25,24.0,9.7,9.9,9.3,9.8,10.2,9.3,10.1,9.4,14.5,14.0,9.0,2.3,21.3
2025-04-23 20:43:30,23.9,9.7,9.9,9.3,9.7,10.2,9.1,10.1,9.3,14.3,8.6,9.0,1.8,21.3
2025-04-23 20:43:35,23.6,9.5,9.8,9.2,9.6,10.1,9.0,10.0,9.2,14.0,4.5,9.0,1.9,21.3
2025-04-23 20:43:40,23.4,9.4,9.8,9.1,9.6,10.0,9.0,9.9,9.2,13.8,1.9,9.0,1.9,21.2
2025-04-23 20:43:45,23.4,9.4,9.6,9.1,9.5,10.0,9.0,10.0,9.1,13.5,0.7,8.9,1.8,21.3
2025-04-23 20:43:50,23.2,9.4,9.5,9.1,9.4,9.9,9.0,9.9,9.1,13.4,0.6,8.9,1.6,21.3
2025-04-23 20:43:55,23.0,9.3,9.5,9.0,9.4,9.9,8.9,9.8,9.0,13.2,0.5,8.9,1.6,21.3
2025-04-23 20:44:00,22.6,9.2,9.5,8.9,9.3,9.8,8.8,9.7,8.9,12.8,0.4,8.8,1.3,21.2
2025-04-23 20:44:05,22.5,9.1,9.5,8.8,9.2,9.7,8.8,9.8,8.8,12.8,0.4,8.7,1.1,21.2
2025-04-23 20:44:10,22.4,9.0,9.4,8.9,9.0,9.6,8.7,9.7,8.8,12.6,0.3,8.7,1.1,21.2
2025-04-23 20:44:15,22.3,8.9,9.4,8.8,8.9,9.7,8.6,9.5,8.7,12.4,0.3,8.6,0.9,21.2
2025-04-23 20:44:20,22.0,8.9,9.3,8.7,8.8,9.5,8.5,9.5,8.7,12.3,0.2,8.5,0.8,21.2
2025-04-23 20:44:25,21.8,8.9,9.2,8.7,8.7,9.4,8.4,9.5,8.7,12.1,0.2,8.5,1.1,21.2
2025-04-23 20:44:30,21.7,8.9,9.2,8.5,8.7,9.5,8.4,9.6,8.7,12.0,0.1,8.4,1.2,21.2
2025-04-23 20:44:35,21.4,8.8,9.2,8.4,8.6,9.5,8.4,9.4,8.7,11.8,0.1,8.3,1.3,21.2
2025-04-23 20:44:40,21.2,8.7,9.0,8.4,8.5,9.5,8.2,9.4,8.6,11.5,0.0,8.2,1.6,21.2
2025-04-23 20:44:45,21.0,8.6,9.0,8.3,8.5,9.5,8.1,9.4,8.5,11.3,0.0,8.2,2.0,21.2
2025-04-23 20:44:50,20.9,8.5,8.9,8.3,8.4,9.4,8.1,9.4,8.5,11.1,0.0,8.2,2.1,21.2
2025-04-23 20:44:55,20.7,8.4,8.8,8.3,8.4,9.2,7.9,9.4,8.5,11.0,0,8.1,2.0,21.2
2025-04-23 20:45:00,20.4,8.3,8.7,8.3,8.3,9.2,7.9,9.4,8.3,10.8,0,8.1,2.1,21.2
2025-04-23 20:45:05,20.5,8.3,8.7,8.3,8.3,9.2,7.8,9.3,8.3,10.8,0,8.1,2.0,21.2
2025-04-23 20:45:10,20.2,8.1,8.7,8.2,8.2,9.0,7.8,9.1,8.2,10.7,0,8.1,1.9,21.2
2025-04-23 20:45:15,20.0,8.1,8.5,8.2,8.3,9.0,7.7,9.2,8.1,10.6,0,8.0,1.7,21.2
2025-04-23 20:45:20,19.9,8.0,8.5,8.2,8.2,8.9,7.8,9.1,7.9,10.5,0,7.9,1.7,21.2
2025-04-23 20:45:25,19.7,7.9,8.4,8.1,8.1,8.8,7.7,8.9,7.9,10.5,0,7.9,1.7,21.2
2025-04-23 20:45:30,19.6,7.8,8.4,8.0,7.9,8.7,7.7,8.8,7.8,10.4,0,7.8,1.9,21.1
2025-04-23 20:45:35,19.4,7.7,8.4,8.1,7.9,8.7,7.7,8.8,7.7,10.4,0,7.6,1.7,21.1
2025-04-23 20:45:40,19.3,7.6,8.3,8.0,7.9,8.5,7.6,8.8,7.7,10.3,0,7.6,1.6,21.1
2025-04-23 20:45:45,19.2,7.6,8.2,7.9,7.8,8.4,7.6,8.7,7.6,10.2,0,7.4,1.5,21.1
2025-04-23 20:45:50,19.0,7.5,8.1,7.8,7.7,8.3,7.6,8.6,7.6,10.1,0,7.4,1.5,21.1
2025-04-23 20:45:55,18.8,7.5,8.1,7.8,7.6,8.3,7.5,8.6,7.5,10.0,0,7.3,1.3,21.1
2025-04-23 20:46:00,18.6,7.4,8.0,7.7,7.6,8.2,7.4,8.5,7.4,10.0,0,7.2,1.2,21.1
2025-04-23 20:46:05,18.5,7.4,7.9,7.7,7.7,8.1,7.4,8.5,7.3,9.9,0,7.2,1.0,21.1
2025-04-23 20:46:10,18.4,7.4,7.9,7.6,7.7,8.1,7.3,8.5,7.2,9.8,0,7.2,0.8,21.1
2025-04-23 20:46:15,18.2,7.3,7.8,7.6,7.6,8.1,7.2,8.5,7.1,9.7,0,7.1,0.7,21.1
2025-04-23 20:46:20,18.1,7.3,7.7,7.6,7.5,8.0,7.2,8.4,7.0,9.7,0,7.0,0.6,21.1
2025-04-23 20:46:25,17.9,7.2,7.7,7.5,7.3,8.0,7.1,8.4,7.0,9.6,0,6.9,0.5,21.1
2025-04-23 20:46:30,17.8,7.2,7.7,7.5,7.3,8.0,7.0,8.4,6.9,9.5,0,7.0,1.0,21.1
2025-04-23 20:46:35,17.7,7.2,7.5,7.4,7.1,7.8,6.9,8.2,6.9,9.5,0,6.9,1.4,21.0
2025-04-23 20:46:40,17.5,7.3,7.5,7.5,7.1,7.8,6.8,8.2,6.8,9.4,0,6.8,1.3,21.1
2025-04-23 20:46:45,17.4,7.3,7.4,7.4,7.0,7.7,6.7,8.2,6.7,9.3,0,6.9,1.3,21.0
2025-04-23 20:46:50,17.3,7.3,7.3,7.3,6.9,7.5,6.7,8.1,6.6,9.3,0,6.8,1.2,21.1
2025-04-23 20:46:55,17.2,7.3,7.3,7.2,6.9,7.6,6.7,8.1,6.5,9.2,0,6.8,1.1,21.0
2025-04-23 20:47:00,17.1,7.4,7.1,7.1,6.8,7.6,6.6,8.0,6.5,9.1,0,6.8,1.1,21.0
2025-04-23 20:47:05,16.9,7.4,7.1,7.0,6.6,7.6,6.6,7.9,6.5,9.1,0,6.7,1.1,21.0
2025-04-23 20:47:10,16.8,7.3,7.0,7.1,6.6,7.6,6.4,7.8,6.5,9.0,0,6.6,1.1,21.0
2025-04-23 20:47:15,16.5,7.2,6.9,7.1,6.5,7.4,6.4,7.8,6.4,8.9,0,6.7,0.8,21.0
2025-04-23 20:47:20,16.4,7.2,6.8,7.0,6.4,7.4,6.4,7.7,6.4,8.9,0,6.6,0.7,21.0
2025-04-23 20:47:25,16.3,7.1,6.7,7.0,6.4,7.3,6.3,7.8,6.3,8.8,0,6.6,0.6,21.0
2025-04-23 20:47:30,16.2,7.1,6.6,6.9,6.4,7.3,6.3,7.6,6.4,8.8,0,6.5,0.6,21.0
2025-04-23 20:47:35,16.0,7.1,6.6,6.9,6.3,7.3,6.2,7.6,6.4,8.7,0,6.5,0.6,21.0
2025-04-23 20:47:40,15.7,7.1,6.5,6.8,6.2,7.2,6.1,7.6,6.5,8.6,0,6.5,0.5,21.0
2025-04-23 20:47:45,15.6,7.1,6.4,6.8,6.2,7.3,6.2,7.6,6.5,8.6,0,6.5,0.8,21.0
2025-04-23 20:47:50,15.3,7.0,6.3,6.7,6.2,7.3,6.1,7.6,6.4,8.5,0,6.4,1.4,21.0
2025-04-23 20:47:55,15.2,7.0,6.3,6.7,6.2,7.3,6.0,7.5,6.5,8.5,0,6.6,2.3,21.0
2025-04-23 20:48:00,15.0,6.9,6.3,6.7,6.2,7.3,6.1,7.6,6.5,8.4,0,6.5,2.4,21.0
2025-04-23 20:48:05,15.1,6.9,6.3,6.7,6.2,7.4,6.2,7.6,6.5,8.4,0,6.6,2.0,21.0
2025-04-23 20:48:10,15.0,6.9,6.4,6.7,6.1,7.3,6.2,7.6,6.4,8.4,0,6.5,2.3,21.0
2025-04-23 20:48:15,14.8,6.8,6.4,6.7,6.2,7.3,6.2,7.5,6.4,8.3,0,6.5,2.9,21.0
2025-04-23 20:48:20,14.9,6.8,6.3,6.7,6.2,7.4,6.1,7.5,6.4,8.3,0,6.5,3.8,21.0
2025-04-23 20:48:25,14.6,6.7,6.3,6.6,6.2,7.4,6.2,7.4,6.4,8.3,0,6.5,4.1,21.0
2025-04-23 20:48:30,14.5,6.6,6.5,6.6,6.1,7.3,6.1,7.4,6.4,8.3,0,6.5,3.5,21.0
2025-04-23 20:48:35,14.5,6.5,6.5,6.5,6.2,7.2,6.0,7.3,6.5,8.2,0,6.4,2.9,21.0
2025-04-23 20:48:40,14.4,6.5,6.6,6.5,6.2,7.3,6.1,7.4,6.5,8.2,0,6.3,3.5,21.0
2025-04-23 20:48:45,14.3,6.4,6.6,6.5,6.2,7.2,5.9,7.4,6.5,8.2,0,6.4,3.4,21.0
2025-04-23 20:48:50,14.2,6.2,6.6,6.6,6.1,7.1,5.9,7.4,6.5,8.2,0,6.4,4.3,21.0
2025-04-23 20:48:55,14.0,6.2,6.6,6.6,6.0,7.1,5.8,7.4,6.5,8.2,0,6.4,4.1,20.9
2025-04-23 20:49:00,13.9,6.3,6.5,6.5,6.0,7.1,5.8,7.4,6.4,8.2,0,6.4,3.2,21.0
2025-04-23 20:49:05,13.9,6.2,6.5,6.6,5.9,7.1,5.9,7.2,6.4,8.1,0,6.3,3.4,20.9
2025-04-23 20:49:10,13.6,6.4,6.4,6.6,5.9,7.1,6.0,7.3,6.4,8.1,0,6.3,3.1,20.9
2025-04-23 20:49:15,13.6,6.3,6.5,6.7,6.0,7.0,5.8,7.2,6.3,8.1,0,6.3,3.4,20.9
2025-04-23 20:49:20,13.5,6.2,6.4,6.5,6.1,6.9,5.8,7.3,6.3,8.1,0,6.2,2.9,20.9
2025-04-23 20:49:25,13.4,6.1,6.4,6.5,6.0,6.9,5.8,7.2,6.3,8.1,0,6.2,3.5,20.9
2025-04-23 20:49:30,13.3,6.2,6.5,6.4,6.0,6.8,5.8,7.2,6.3,8.1,0,6.2,2.8,20.9
2025-04-23 20:49:35,13.2,6.2,6.3,6.3,6.0,6.8,5.8,7.2,6.3,8.0,0,6.2,3.5,20.9
2025-04-23 20:49:40,13.1,6.1,6.3,6.3,5.9,6.8,5.7,7.2,6.3,8.0,0,6.1,3.7,20.9
2025-04-23 20:49:45,13.0,6.2,6.4,6.2,5.8,6.8,5.6,7.1,6.2,8.0,0,6.0,3.3,20.9
2025-04-23 20:49:50,12.9,6.0,6.3,6.2,5.7,6.8,5.6,7.0,6.2,8.0,0,6.0,3.8,20.9
2025-04-23 20:49:55,12.8,6.0,6.2,6.2,5.6,6.8,5.5,7.0,6.1,8.0,0,6.1,3.4,20.9
2025-04-23 20:50:00,12.7,6.1,6.2,6.2,5.6,6.7,5.5,6.9,6.1,7.9,0,6.0,3.0,20.9
2025-04-23 20:50:05,12.5,6.0,6.1,6.2,5.5,6.6,5.3,7.0,6.0,7.9,0,6.0,2.5,20.9
2025-04-23 20:50:10,12.3,6.0,6.1,6.1,5.4,6.6,5.3,6.9,6.0,7.8,0,5.9,2.1,20.9
2025-04-23 20:50:15,12.2,6.0,6.0,6.0,5.5,6.5,5.4,6.9,6.0,7.8,0,5.9,2.3,20.9
2025-04-23 20:50:20,12.1,6.0,5.9,5.9,5.4,6.5,5.4,6.8,5.9,7.7,0,5.9,2.5,20.9
2025-04-23 20:50:25,12.1,6.0,6.0,5.8,5.4,6.5,5.3,6.6,5.8,7.7,0,5.8,2.5,20.9
2025-04-23 20:50:30,12.0,6.0,6.0,5.9,5.3,6.4,5.3,6.5,5.8,7.7,0,5.7,2.4,20.9
2025-04-23 20:50:35,11.9,5.9,6.0,5.8,5.2,6.3,5.2,6.5,5.7,7.6,0,5.7,3.2,20.8
2025-04-23 20:50:40,11.8,5.8,5.9,5.7,5.3,6.2,5.1,6.5,5.7,7.6,0,5.6,3.7,20.8
2025-04-23 20:50:45,11.5,5.7,5.8,5.6,5.2,6.2,5.1,6.4,5.7,7.6,0,5.6,4.0,20.8
2025-04-23 20:50:50,11.4,5.7,5.7,5.6,5.2,6.1,4.9,6.3,5.6,7.6,0,5.5,3.7,20.8
2025-04-23 20:50:55,11.2,5.6,5.8,5.6,5.2,6.0,4.9,6.3,5.6,7.5,0,5.4,3.8,20.8
2025-04-23 20:51:00,10.8,5.6,5.7,5.5,5.2,5.8,4.8,6.3,5.6,7.5,0,5.3,3.1,20.8
2025-04-23 20:51:05,10.7,5.6,5.7,5.5,5.0,5.8,4.8,6.2,5.5,7.5,0,5.3,2.4,20.8
2025-04-23 20:51:10,10.4,5.5,5.5,5.4,4.9,5.7,4.8,6.2,5.4,7.4,0,5.2,2.0,20.8
2025-04-23 20:51:15,10.1,5.5,5.4,5.5,4.8,5.6,4.7,6.1,5.4,7.4,0,5.3,3.3,20.8
2025-04-23 20:51:20,9.8,5.4,5.4,5.4,4.8,5.6,4.6,6.0,5.3,7.3,0,5.1,3.3,20.8
2025-04-23 20:51:25,9.4,5.5,5.3,5.3,4.7,5.5,4.6,5.9,5.3,7.3,0,5.1,2.7,20.8
2025-04-23 20:51:30,9.2,5.5,5.2,5.3,4.6,5.5,4.6,5.9,5.2,7.2,0,5.0,2.3,20.8
2025-04-23 20:51:35,9.0,5.5,5.3,5.3,4.6,5.4,4.5,5.9,5.2,7.2,0,5.0,1.9,20.8
2025-04-23 20:51:40,8.6,5.4,5.1,5.3,4.5,5.5,4.5,5.8,5.2,7.2,0,4.9,1.8,20.8
2025-04-23 20:51:45,8.3,5.3,5.0,5.3,4.4,5.4,4.4,5.7,5.1,7.1,0,4.9,2.2,20.7
2025-04-23 20:51:50,7.9,5.2,5.0,5.2,4.4,5.4,4.4,5.6,4.9,7.0,0,4.9,2.7,20.7
2025-04-23 20:51:55,7.6,5.2,4.8,5.1,4.3,5.3,4.3,5.6,4.9,7.0,0,4.8,3.5,20.7
2025-04-23 20:52:00,7.5,5.2,4.8,5.1,4.3,5.2,4.4,5.5,4.8,6.9,0,4.8,3.4,20.7
2025-04-23 20:52:05,7.2,5.1,4.8,5.0,4.3,5.0,4.3,5.5,4.8,6.9,0,4.7,4.0,20.7
2025-04-23 20:52:10,7.0,5.0,4.7,5.0,4.2,5.0,4.2,5.3,4.8,6.9,0,4.6,3.8,20.7
2025-04-23 20:52:15,6.7,5.0,4.7,4.8,4.1,4.7,4.2,5.3,4.7,6.9,0,4.5,3.8,20.7
2025-04-23 20:52:20,6.4,5.0,4.7,4.8,4.1,4.8,4.1,5.3,4.7,6.8,0,4.4,3.5,20.7
2025-04-23 20:52:25,6.2,4.9,4.5,4.8,4.0,4.9,4.1,5.2,4.6,6.8,0,4.3,3.4,20.7
2025-04-23 20:52:30,5.8,4.9,4.5,4.6,3.8,4.9,3.9,5.3,4.6,6.7,0,4.3,2.9,20.7
2025-04-23 20:52:35,5.5,4.8,4.4,4.8,3.9,4.8,4.0,5.2,4.5,6.7,0,4.3,2.9,20.7
2025-04-23 20:52:40,5.3,4.8,4.4,4.8,3.8,4.7,3.8,5.1,4.5,6.6,0,4.4,3.0,20.7
2025-04-23 20:52:45,5.1,4.7,4.3,4.6,3.8,4.6,3.8,5.0,4.4,6.5,0,4.2,3.3,20.7
2025-04-23 20:52:50,4.9,4.7,4.3,4.6,3.9,4.7,3.8,4.9,4.3,6.5,0,4.2,3.0,20.7
2025-04-23 20:52:55,4.7,4.6,4.1,4.6,3.8,4.6,3.7,4.9,4.3,6.4,0,4.2,2.4,20.7
2025-04-23 20:53:00,4.5,4.6,4.1,4.4,3.8,4.5,3.6,4.9,4.3,6.4,0,4.1,2.5,20.6
2025-04-23 20:53:05,4.4,4.5,4.0,4.4,3.8,4.4,3.6,4.9,4.3,6.3,0,4.0,2.7,20.6
2025-04-23 20:53:10,4.1,4.4,4.0,4.4,3.6,4.5,3.5,4.9,4.3,6.3,0,4.0,2.4,20.6
2025-04-23 20:53:15,4.1,4.4,3.9,4.4,3.6,4.4,3.5,4.9,4.2,6.2,0,4.0,2.8,20.6
2025-04-23 20:53:20,3.9,4.4,3.9,4.3,3.5,4.5,3.4,4.9,4.2,6.2,0,4.0,2.9,20.6
2025-04-23 20:53:25,3.8,4.3,3.8,4.4,3.4,4.4,3.3,4.7,4.2,6.2,0,4.0,2.9,20.6
2025-04-23 20:53:30,3.8,4.3,3.7,4.4,3.4,4.3,3.3,4.8,4.2,6.1,0,4.0,2.9,20.6
2025-04-23 20:53:35,3.7,4.3,3.7,4.4,3.2,4.2,3.2,4.7,4.0,6.0,0,3.9,2.5,20.6
2025-04-23 20:53:40,3.6,4.2,3.7,4.3,3.2,4.2,3.0,4.5,4.0,6.0,0,3.9,2.5,20.6
2025-04-23 20:53:45,3.4,4.1,3.6,4.2,3.1,4.2,3.1,4.5,4.0,5.9,0,3.8,2.1,20.6
2025-04-23 20:53:50,3.5,4.2,3.6,4.1,3.0,4.2,3.0,4.5,3.8,5.9,0,3.7,1.7,20.6
2025-04-23 20:53:55,3.5,4.2,3.4,4.2,3.0,4.2,3.0,4.4,3.7,5.8,0,3.6,1.4,20.6
2025-04-23 20:54:00,3.5,4.1,3.3,4.0,2.9,4.0,2.8,4.3,3.6,5.7,0,3.5,1.3,20.6
2025-04-23 20:54:05,3.5,4.1,3.2,4.0,2.9,3.9,2.8,4.2,3.5,5.7,0,3.5,1.2,20.6
2025-04-23 20:54:10,3.4,4.0,3.2,3.9,2.9,3.7,2.7,4.0,3.5,5.6,0,3.4,1.0,20.5
2025-04-23 20:54:15,3.3,3.9,3.2,3.8,2.8,3.6,2.8,4.0,3.4,5.5,0,3.3,1.5,20.5
2025-04-23 20:54:20,3.2,4.0,2.6,3.7,2.7,3.6,2.7,4.0,3.3,5.4,0,3.2,1.7,20.5
2025-04-23 20:54:25,3.1,3.9,1.9,3.6,2.7,3.5,2.6,3.9,3.3,5.4,0,3.1,1.8,20.5
2025-04-23 20:54:30,3.2,3.9,2.5,3.5,2.7,3.4,2.5,3.9,3.2,5.4,0,3.0,1.5,20.5
2025-04-23 20:54:35,3.1,3.8,3.0,3.4,2.6,3.3,2.5,3.8,3.3,5.3,0,2.8,1.4,20.5
2025-04-23 20:54:40,3.1,3.7,3.2,3.3,2.5,3.1,2.4,3.8,3.2,5.2,0,2.8,1.1,20.5
2025-04-23 20:54:45,3.0,3.7,3.2,3.3,2.5,3.2,2.4,3.7,3.2,5.2,0,2.8,1.1,20.5
2025-04-23 20:54:50,3.0,3.7,3.2,3.3,2.5,3.1,2.2,3.6,3.0,5.1,0,2.7,1.5,20.5
2025-04-23 20:54:55,2.9,3.7,3.2,3.2,2.4,3.1,2.2,3.5,3.0,5.1,0,2.7,1.4,20.5
2025-04-23 20:55:00,2.8,3.7,3.1,3.2,2.2,3.0,2.1,3.5,2.9,5.1,0,2.7,1.5,20.5
2025-04-23 20:55:05,2.7,3.7,3.0,3.2,2.3,3.0,2.1,3.4,2.9,5.0,0,2.7,1.4,20.5
2025-04-23 20:55:10,2.7,3.7,3.0,3.1,2.4,2.9,2.1,3.4,2.8,4.9,0,2.6,1.3,20.4
2025-04-23 20:55:15,2.7,3.6,3.0,3.0,2.3,2.8,2.0,3.4,2.8,4.9,0,2.6,1.5,20.4
2025-04-23 20:55:20,2.7,3.5,2.9,3.0,2.3,2.7,1.9,3.3,2.7,4.8,0,2.5,1.2,20.4
2025-04-23 20:55:25,2.7,3.4,2.8,3.0,2.2,2.7,1.9,3.2,2.7,4.7,0,2.5,1.3,20.4
2025-04-23 20:55:30,2.5,3.3,2.7,2.9,2.2,2.7,1.8,3.2,2.7,4.7,0,2.5,1.3,20.4
2025-04-23 20:55:35,2.4,3.3,2.8,2.7,2.1,2.6,1.6,3.3,2.6,4.6,0,2.4,1.6,20.4
2025-04-23 20:55:40,2.4,3.2,2.6,2.7,2.0,2.6,1.8,3.1,2.6,4.6,0,2.4,2.4,20.4
2025-04-23 20:55:45,2.4,3.2,2.4,2.7,1.9,2.6,1.7,3.1,2.6,4.6,0,2.3,2.8,20.4
2025-04-23 20:55:50,2.4,3.1,2.5,2.6,1.9,2.6,1.7,3.1,2.5,4.5,0,2.3,2.9,20.4
2025-04-23 20:55:55,2.3,3.1,2.4,2.6,1.8,2.6,1.6,3.1,2.4,4.5,0,2.3,2.6,20.4
2025-04-23 20:56:00,2.3,3.0,2.4,2.5,1.8,2.6,1.6,3.0,2.4,4.4,0,2.3,2.2,20.4
2025-04-23 20:56:05,2.1,2.9,2.3,2.6,1.7,2.5,1.5,2.9,2.2,4.3,0,2.3,1.8,20.4
2025-04-23 20:56:10,2.2,2.9,2.2,2.4,1.6,2.3,1.5,2.9,2.2,4.3,0,2.2,1.7,20.4
2025-04-23 20:56:15,2.1,2.8,2.2,2.3,1.6,2.3,1.5,2.7,2.2,4.2,0,2.2,1.8,20.3
2025-04-23 20:56:20,2.2,2.8,2.1,2.3,1.6,2.2,1.4,2.7,2.1,4.2,0,2.1,2.5,20.3
2025-04-23 20:56:25,2.1,2.8,2.1,2.1,1.6,2.1,1.5,2.6,2.1,4.1,0,2.1,2.8,20.3
2025-04-23 20:56:30,2.0,2.6,2.1,2.2,1.6,2.0,1.5,2.5,2.0,4.1,0,2.0,2.7,20.3
2025-04-23 20:56:35,2.0,2.5,2.1,1.9,1.6,2.0,1.4,2.5,2.0,4.0,0,1.9,2.7,20.3
2025-04-23 20:56:40,2.0,2.5,2.0,2.0,1.5,1.9,1.4,2.3,2.0,3.9,0,2.0,2.2,20.3
2025-04-23 20:56:45,1.9,2.4,2.0,2.0,1.4,1.9,1.4,2.3,1.9,3.9,0,1.9,1.9,20.3
2025-04-23 20:56:50,1.9,2.2,2.0,1.9,1.4,1.8,1.3,2.3,1.9,3.8,0,1.9,1.8,20.3
2025-04-23 20:56:55,1.8,2.2,2.0,1.9,1.4,1.8,1.2,2.2,1.8,3.8,0,1.8,1.6,20.3
2025-04-23 20:57:00,1.8,2.2,1.9,1.8,1.2,1.7,1.2,2.3,1.9,3.8,0,1.7,1.5,20.3
2025-04-23 20:57:05,1.9,2.2,2.0,1.7,1.2,1.7,1.1,2.2,1.8,3.7,0,1.7,1.4,20.3
2025-04-23 20:57:10,1.7,2.1,1.8,1.8,1.1,1.7,1.1,2.1,1.7,3.6,0,1.7,1.1,20.3
2025-04-23 20:57:15,1.7,2.1,1.9,1.8,1.0,1.6,1.0,2.1,1.6,3.6,0,1.7,1.2,20.3
2025-04-23 20:57:20,1.6,2.1,1.8,1.6,1.1,1.6,0.9,2.0,1.7,3.6,0,1.7,1.2,20.3
2025-04-23 20:57:25,1.6,2.1,1.7,1.7,1.0,1.5,0.9,2.1,1.5,3.5,0,1.5,1.3,20.3
2025-04-23 20:57:30,1.5,2.0,1.7,1.6,1.0,1.5,1.0,2.0,1.5,3.5,0,1.5,1.6,20.3
2025-04-23 20:57:35,1.5,2.0,1.7,1.5,1.0,1.4,0.9,1.8,1.6,3.4,0,1.4,2.8,20.3
2025-04-23 20:57:40,1.5,1.8,1.7,1.5,0.9,1.4,0.9,1.9,1.4,3.3,0,1.4,2.8,20.3
2025-04-23 20:57:45,1.5,1.9,1.7,1.5,0.9,1.4,0.9,1.7,1.5,3.3,0,1.4,3.0,20.2
2025-04-23 20:57:50,1.4,1.8,1.7,1.4,0.9,1.3,0.9,1.8,1.3,3.2,0,1.3,2.7,20.3
2025-04-23 20:57:55,1.4,1.9,1.7,1.4,0.8,1.3,0.9,1.6,1.2,3.1,0,1.3,2.9,20.3
2025-04-23 20:58:00,1.3,1.8,1.5,1.5,0.8,1.2,0.8,1.6,1.2,3.1,0,1.2,2.9,20.3
2025-04-23 20:58:05,1.3,1.8,1.6,1.3,0.8,1.2,0.7,1.5,1.0,3.0,0,1.1,2.8,20.3
2025-04-23 20:58:10,1.3,1.7,1.6,1.3,0.7,1.1,0.8,1.6,1.0,3.0,0,1.1,2.2,20.3
2025-04-23 20:58:15,1.4,1.6,1.5,1.2,0.6,0.9,0.7,1.3,0.8,3.0,0,1.1,1.8,20.2
2025-04-23 20:58:20,1.4,1.5,1.5,1.2,0.6,0.8,0.7,1.3,0.7,2.9,0,1.0,1.5,20.2
2025-04-23 20:58:25,1.3,1.4,1.4,1.1,0.5,0.8,0.6,1.2,0.8,2.8,0,1.0,1.2,20.2
2025-04-23 20:58:30,1.2,1.3,1.4,0.9,0.4,0.7,0.7,1.2,0.7,2.8,0,0.9,1.3,20.2
2025-04-23 20:58:35,1.1,1.3,1.3,0.9,0.5,0.7,0.6,1.0,0.6,2.7,0,0.8,1.2,20.2
2025-04-23 20:58:40,1.0,1.3,1.3,0.9,0.4,0.6,0.5,0.9,0.6,2.7,0,0.7,0.9,20.2
2025-04-23 20:58:45,1.0,1.3,1.2,1.0,0.3,0.5,0.4,0.9,0.5,2.6,0,0.6,0.8,20.2
2025-04-23 20:58:50,1.0,1.3,1.2,0.9,0.2,0.4,0.4,0.8,0.4,2.6,0,0.5,0.8,20.2
2025-04-23 20:58:55,0.9,1.3,1.1,0.8,0.1,0.2,0.2,0.7,0.4,2.6,0,0.4,0.8,20.2
2025-04-23 20:59:00,0.8,1.3,1.1,0.8,0.2,0.3,0.3,0.7,0.4,2.5,0,0.3,0.7,20.2
2025-04-23 20:59:05,0.6,1.3,1.0,0.7,0.0,0.2,0.1,0.6,0.4,2.5,0,0.2,0.9,20.2
2025-04-23 20:59:10,0.6,1.2,0.9,0.6,0.0,0.1,0.1,0.6,0.3,2.4,0,0.2,1.0,20.2
2025-04-23 20:59:15,0.6,1.2,1.0,0.5,0.0,0.0,0.1,0.5,0.3,2.3,0,0.2,1.5,20.1
2025-04-23 20:59:20,0.6,1.2,0.9,0.5,0.0,0.0,0.0,0.5,0.1,2.3,0,0.1,1.7,20.2
2025-04-23 20:59:25,0.5,1.2,0.8,0.5,0.0,0,0,0.4,0.1,2.2,0,0.1,3.1,20.1
2025-04-23 20:59:30,0.5,1.1,0.8,0.3,0.0,0,0,0.4,0.0,2.2,0,0.1,2.0,20.1
2025-04-23 20:59:35,0.4,1.1,0.6,0.3,0,0,0,0.3,0.0,2.1,0,0.1,1.6,20.1
2025-04-23 20:59:40,0.4,1.0,0.7,0.1,0,0,0,0.1,0.0,2.1,0,0.0,1.3,20.1
2025-04-23 20:59:45,0.3,0.9,0.6,0.2,0,0,0,0.1,0,2.0,0,0,1.1,20.1
2025-04-23 20:59:50,0.3,0.8,0.5,0.2,0,0,0,0.1,0,2.0,0,0.0,1.0,20.1
2025-04-23 20:59:55,0.2,0.8,0.4,0.2,0,0,0,0.0,0,1.9,0,0,0.7,20.1
2025-04-23 21:00:00,0.0,0.7,0.3,0.1,0,0,0,0.0,0,1.9,0,0,0.6,20.1
2025-04-23 21:00:05,0.0,0.6,0.2,0.1,0,0,0,0,0,1.9,0,0,0.6,20.1
2025-04-23 21:00:10,0.0,0.5,0.2,0.1,0,0,0,0.0,0,1.8,0,0,0.5,20.1
2025-04-23 21:00:15,0,0.5,0.3,0.1,0,0,0,0,0,1.8,0,0,0.5,20.1
2025-04-23 21:00:20,0,0.5,0.2,0.0,0,0,0,0,0,1.7,0,0,0.5,20.1
2025-04-23 21:00:25,0,0.5,0.1,0.1,0,0,0,0,0,1.7,0,0,0.9,20.1
2025-04-23 21:00:30,0,0.5,0.2,0,0,0,0,0,0,1.6,0,0,1.0,20.0
2025-04-23 21:00:35,0,0.2,0,0.0,0,0,0,0,0,1.6,0,0,1.1,20.0
2025-04-23 21:00:40,0,0.2,0.0,0,0,0,0,0,0,1.5,0,0,1.0,20.0
2025-04-23 21:00:45,0,0.3,0,0,0,0,0,0,0,1.5,0,0,1.2,20.0
2025-04-23 21:00:50,0,0.3,0,0,0,0,0,0,0,1.5,0,0,2.7,20.0
2025-04-23 21:00:55,0,0.3,0,0,0,0,0,0,0,1.4,0,0,2.4,20.0
2025-04-23 21:01:00,0,0.3,0,0,0,0,0,0,0,1.4,0,0,2.4,20.0
2025-04-23 21:01:05,0,0.2,0,0,0,0,0,0,0,1.4,0,0,2.2,20.0
2025-04-23 21:01:10,0,0.1,0,0,0,0,0,0,0,1.3,0,0,2.3,20.0
2025-04-23 21:01:15,0,0.1,0,0,0,0,0,0,0,1.3,0,0,2.7,20.0
2025-04-23 21:01:20,0,0.0,0,0,0,0,0,0,0,1.2,0,0,2.7,20.0
2025-04-23 21:01:25,0,0,0,0,0,0,0,0,0,1.2,0,0,3.0,20.0
2025-04-23 21:01:30,0,0.0,0,0,0,0,0,0,0,1.2,0,0,3.1,20.0
2025-04-23 21:01:35,0,0,0,0,0,0,0,0,0,1.1,0,0,2.9,20.0
2025-04-23 21:01:40,0,0,0,0,0,0,0,0,0,1.1,0,0,2.7,20.0
2025-04-23 21:01:45,0,0,0,0,0,0,0,0,0,1.1,0,0,2.3,20.0
2025-04-23 21:01:50,0,0,0,0,0,0,0,0,0,1.0,0,0,2.5,20.0
2025-04-23 21:01:55,0,0,0,0,0,0,0,0,0,1.0,0,0,2.9,20.0
2025-04-23 21:02:00,0,0,0,0,0,0,0,0,0,1.0,0,0,2.9,20.0
2025-04-23 21:02:05,0,0,0,0,0,0,0,0,0,0.9,0,0,3.0,20.0
2025-04-23 21:02:10,0,0,0,0,0,0,0,0,0,0.9,0,0,2.9,20.0
2025-04-23 21:02:15,0,0,0,0,0,0,0,0,0,0.8,0,0,3.4,20.0
2025-04-23 21:02:20,0,0,0,0,0,0,0,0,0,0.8,0,0,3.0,20.0
2025-04-23 21:02:25,0,0,0,0,0,0,0,0,0,0.7,0,0,2.9,20.0
2025-04-23 21:02:30,0,0,0,0,0,0,0,0,0,0.7,0,0,1.8,20.0
2025-04-23 21:02:35,0,0,0,0,0,0,0,0,0,0.7,0,0,1.7,20.0
2025-04-23 21:02:40,0,0,0,0,0,0,0,0,0,0.6,0,0,2.2,20.0
2025-04-23 21:02:45,0,0,0,0,0,0,0,0,0,0.6,0,0,3.6,20.0
2025-04-23 21:02:50,0,0,0,0,0,0,0,0,0,0.6,0,0,3.3,20.0
2025-04-23 21:02:55,0,0,0,0,0,0,0,0,0,0.5,0,0,3.1,20.0
2025-04-23 21:03:00,0,0,0,0,0,0,0,0,0,0.5,0,0,3.4,20.0
2025-04-23 21:03:05,0,0,0,0,0,0,0,0,0,0.5,0,0,2.9,20.0
2025-04-23 21:03:10,0,0,0,0,0,0,0,0,0,0.4,0,0,2.8,20.0
2025-04-23 21:03:15,0,0,0,0,0,0,0,0,0,0.4,0,0,2.7,20.0
2025-04-23 21:03:20,0,0,0,0,0,0,0,0,0,0.4,0,0,2.8,20.0
2025-04-23 21:03:25,0,0,0,0,0,0,0,0,0,0.3,0,0,2.5,19.9
2025-04-23 21:03:30,0,0,0,0,0,0,0,0,0,0.3,0,0,2.1,19.9
2025-04-23 21:03:35,0,0,0,0,0,0,0,0,0,0.2,0,0,2.0,19.9
2025-04-23 21:03:40,0,0,0,0,0,0,0,0,0,0.2,0,0,2.0,19.9
2025-04-23 21:03:45,0,0,0,0,0,0,0,0,0,0.1,0,0,1.5,19.9
2025-04-23 21:03:50,0,0,0,0,0,0,0,0,0,0.1,0,0,1.5,19.9
2025-04-23 21:03:55,0,0,0,0,0,0,0,0,0,0.1,0,0,1.6,19.9
2025-04-23 21:04:00,0,0,0,0,0,0,0,0,0,0.0,0,0,1.9,19.9
2025-04-23 21:04:05,0,0,0,0,0,0,0,0,0,0.0,0,0,1.9,19.9
2025-04-23 21:04:10,0,0,0,0,0,0,0,0,0,0.0,0,0,2.1,19.9
2025-04-23 21:04:15,0,0,0,0,0,0,0,0,0,0,0,0,2.4,19.9
2025-04-23 21:04:20,0,0,0,0,0,0,0,0,0,0,0,0,2.1,19.9
2025-04-23 21:04:25,0,0,0,0,0,0,0,0,0,0,0,0,1.7,19.9
2025-04-23 21:04:30,0,0,0,0,0,0,0,0,0,0,0,0,1.5,19.9
2025-04-23 21:04:35,0,0,0,0,0,0,0,0,0,0,0,0,1.6,19.9
2025-04-23 21:04:40,0,0,0,0,0,0,0,0,0,0,0,0,1.9,19.9
2025-04-23 21:04:45,0,0,0,0,0,0,0,0,0,0,0,0,1.8,19.9
2025-04-23 21:04:50,0,0,0,0,0,0,0,0,0,0,0,0,1.8,19.9
2025-04-23 21:04:55,0,0,0,0,0,0,0,0,0,0,0,0,1.8,19.8
2025-04-23 21:05:00,0,0,0,0,0,0,0,0,0,0,0,0,1.6,19.8
2025-04-23 21:05:05,0,0,0,0,0,0,0,0,0,0,0,0,1.5,19.9
2025-04-23 21:05:10,0,0,0,0,0,0,0,0,0,0,0,0,1.4,19.8
2025-04-23 21:05:15,0,0,0,0,0,0,0,0,0,0,0,0,1.3,19.8
2025-04-23 21:05:20,0,0,0,0,0,0,0,0,0,0,0,0,1.3,19.8
2025-04-23 21:05:25,0,0,0,0,0,0,0,0,0,0,0,0,1.1,19.8
2025-04-23 21:05:30,0,0,0,0,0,0,0,0,0,0,0,0,0.9,19.8
2025-04-23 21:05:35,0,0,0,0,0,0,0,0,0,0,0,0,0.8,19.8
2025-04-23 21:05:40,0,0,0,0,0,0,0,0,0,0,0,0,0.7,19.8
2025-04-23 21:05:45,0,0,0,0,0,0,0,0,0,0,0,0,0.6,19.8
2025-04-23 21:05:50,0,0,0,0,0,0,0,0,0,0,0,0,0.5,19.8
2025-04-23 21:05:55,0,0,0,0,0,0,0,0,0,0,0,0,0.4,19.8
2025-04-23 21:06:00,0,0,0,0,0,0,0,0,0,0,0,0,0.4,19.8
2025-04-23 21:06:05,0,0,0,0,0,0,0,0,0,0,0,0,0.3,19.8
2025-04-23 21:06:10,0,0,0,0,0,0,0,0,0,0,0,0,0.3,19.8
2025-04-23 21:06:15,0,0,0,0,0,0,0,0,0,0,0,0,0.2,19.8
2025-04-23 21:06:20,0,0,0,0,0,0,0,0,0,0,0,0,0.1,19.8
2025-04-23 21:06:25,0,0,0,0,0,0,0,0,0,0,0,0,0.2,19.7
2025-04-23 21:06:30,0,0,0,0,0,0,0,0,0,0,0,0,0.2,19.7
2025-04-23 21:06:35,0,0,0,0,0,0,0,0,0,0,0,0,0.2,19.7
2025-04-23 21:06:40,0,0,0,0,0,0,0,0,0,0,0,0,0.1,19.7
2025-04-23 21:06:45,0,0,0,0,0,0,0,0,0,0,0,0,0.3,19.7
2025-04-23 21:06:50,0,0,0,0,0,0,0,0,0,0,0,0,0.3,19.7
2025-04-23 21:06:55,0,0,0,0,0,0,0,0,0,0,0,0,0.2,19.7
2025-04-23 21:07:00,0,0,0,0,0,0,0,0,0,0,0,0,0.1,19.7
2025-04-23 21:07:05,0,0,0,0,0,0,0,0,0,0,0,0,0.0,19.7
2025-04-23 21:07:10,0,0,0,0,0,0,0,0,0,0,0,0,0.1,19.7
2025-04-23 21:07:15,0,0,0,0,0,0,0,0,0,0,0,0,0.1,19.7
2025-04-23 21:07:20,0,0,0,0,0,0,0,0,0,0,0,0,0.0,19.7
2025-04-23 21:07:25,0,0,0,0,0,0,0,0,0,0,0,0,0.0,19.7
2025-04-23 21:07:30,0,0,0,0,0,0,0,0,0,0,0,0,0.0,19.7
2025-04-23 21:07:35,0,0,0,0,0,0,0,0,0,0,0,0,0.0,19.6
2025-04-23 21:07:40,0,0,0,0,0,0,0,0,0,0,0,0,0.1,19.6
2025-04-23 21:07:45,0,0,0,0,0,0,0,0,0,0,0,0,0.2,19.7
2025-04-23 21:07:50,0,0,0,0,0,0,0,0,0,0,0,0,0.6,19.6
2025-04-23 21:07:55,0,0,0,0,0,0,0,0,0,0,0,0,0.8,19.6
2025-04-23 21:08:00,0,0,0,0,0,0,0,0,0,0,0,0,1.0,19.6
2025-04-23 21:08:05,0,0,0,0,0,0,0,0,0,0,0,0,1.1,19.6
2025-04-23 21:08:10,0,0,0,0,0,0,0,0,0,0,0,0,1.4,19.6
2025-04-23 21:08:15,0,0,0,0,0,0,0,0,0,0,0,0,1.5,19.6
2025-04-23 21:08:20,0,0,0,0,0,0,0,0,0,0,0,0,1.5,19.6
2025-04-23 21:08:25,0,0,0,0,0,0,0,0,0,0,0,0,1.5,19.6
2025-04-23 21:08:30,0,0,0,0,0,0,0,0,0,0,0,0,1.5,19.6
2025-04-23 21:08:35,0,0,0,0,0,0,0,0,0,0,0,0,1.2,19.6
2025-04-23 21:08:40,0,0,0,0,0,0,0,0,0,0,0,0,1.0,19.6
2025-04-23 21:08:45,0,0,0,0,0,0,0,0,0,0,0,0,0.9,19.6
2025-04-23 21:08:50,0,0,0,0,0,0,0,0,0,0,0,0,0.8,19.5
2025-04-23 21:08:55,0,0,0,0,0,0,0,0,0,0,0,0,0.7,19.6
2025-04-23 21:09:00,0,0,0,0,0,0,0,0,0,0,0,0,0.7,19.5
2025-04-23 21:09:05,0,0,0,0,0,0,0,0,0,0,0,0,0.6,19.6
2025-04-23 21:09:10,0,0,0,0,0,0,0,0,0,0,0,0,0.5,19.6
2025-04-23 21:09:15,0,0,0,0,0,0,0,0,0,0,0,0,0.4,19.5
2025-04-23 21:09:20,0,0,0,0,0,0,0,0,0,0,0,0,0.3,19.5
2025-04-23 21:09:25,0,0,0,0,0,0,0,0,0,0,0,0,0.3,19.5
2025-04-23 21:09:30,0,0,0,0,0,0,0,0,0,0,0,0,0.2,19.5
2025-04-23 21:09:35,0,0,0,0,0,0,0,0,0,0,0,0,0.7,19.5
2025-04-23 21:09:40,0,0,0,0,0,0,0,0,0,0,0,0,0.8,19.5
2025-04-23 21:09:45,0,0,0,0,0,0,0,0,0,0,0,0,0.8,19.5
2025-04-23 21:09:50,0,0,0,0,0,0,0,0,0,0,0,0,0.8,19.5
2025-04-23 21:09:55,0,0,0,0,0,0,0,0,0,0,0,0,0.8,19.5
2025-04-23 21:10:00,0,0,0,0,0,0,0,0,0,0,0,0,0.8,19.5
2025-04-23 21:10:05,0,0,0,0,0,0,0,0,0,0,0,0,0.8,19.5
2025-04-23 21:10:10,0,0,0,0,0,0,0,0,0,0,0,0,0.7,19.5
2025-04-23 21:10:15,0,0,0,0,0,0,0,0,0,0,0,0,0.6,19.5
2025-04-23 21:10:20,0,0,0,0,0,0,0,0,0,0,0,0,0.6,19.5
2025-04-23 21:10:25,0,0,0,0,0,0,0,0,0,0,0,0,0.5,19.5
2025-04-23 21:10:30,0,0,0,0,0,0,0,0,0,0,0,0,0.4,19.5
2025-04-23 21:10:35,0,0,0,0,0,0,0,0,0,0,0,0,0.3,19.5
2025-04-23 21:10:40,0,0,0,0,0,0,0,0,0,0,0,0,0.2,19.4
2025-04-23 21:10:45,0,0,0,0,0,0,0,0,0,0,0,0,0.2,19.4
2025-04-23 21:10:50,0,0,0,0,0,0,0,0,0,0,0,0,0.2,19.4
2025-04-23 21:10:55,0,0,0,0,0,0,0,0,0,0,0,0,0.1,19.4
2025-04-23 21:11:00,0,0,0,0,0,0,0,0,0,0,0,0,0.1,19.4
2025-04-23 21:11:05,0,0,0,0,0,0,0,0,0,0,0,0,0.1,19.4
2025-04-23 21:11:10,0,0,0,0,0,0,0,0,0,0,0,0,0.2,19.4
2025-04-23 21:11:15,0,0,0,0,0,0,0,0,0,0,0,0,0.2,19.4
2025-04-23 21:11:20,0,0,0,0,0,0,0,0,0,0,0,0,0.2,19.4
2025-04-23 21:11:25,0,0,0,0,0,0,0,0,0,0,0,0,0.2,19.4
2025-04-23 21:11:30,0,0,0,0,0,0,0,0,0,0,0,0,0.2,19.4
2025-04-23 21:11:35,0,0,0,0,0,0,0,0,0,0,0,0,0.2,19.4
2025-04-23 21:11:40,0,0,0,0,0,0,0,0,0,0,0,0,0.2,19.4
2025-04-23 21:11:45,0,0,0,0,0,0,0,0,0,0,0,0,0.2,19.4
2025-04-23 21:11:50,0,0,0,0,0,0,0,0,0,0,0,0,0.2,19.4
2025-04-23 21:11:55,0,0,0,0,0,0,0,0,0,0,0,0,0.2,19.4
2025-04-23 21:12:00,0,0,0,0,0,0,0,0,0,0,0,0,0.2,19.4
2025-04-23 21:12:05,0,0,0,0,0,0,0,0,0,0,0,0,0.2,19.4
2025-04-23 21:12:10,0,0,0,0,0,0,0,0,0,0,0,0,0.2,19.4
2025-04-23 21:12:15,0,0,0,0,0,0,0,0,0,0,0,0,0.7,19.4
2025-04-23 21:12:20,0,0,0,0,0,0,0,0,0,0,0,0,1.0,19.3
2025-04-23 21:12:25,0,0,0,0,0,0,0,0,0,0,0,0,1.1,19.4
2025-04-23 21:12:30,0,0,0,0,0,0,0,0,0,0,0,0,1.2,19.4
2025-04-23 21:12:35,0,0,0,0,0,0,0,0,0,0,0,0,1.2,19.4
2025-04-23 21:12:40,0,0,0,0,0,0,0,0,0,0,0,0,1.0,19.3
2025-04-23 21:12:45,0,0,0,0,0,0,0,0,0,0,0,0,0.8,19.4
2025-04-23 21:12:50,0,0,0,0,0,0,0,0,0,0,0,0,0.7,19.4
2025-04-23 21:12:55,0,0,0,0,0,0,0,0,0,0,0,0,0.7,19.4
2025-04-23 21:13:00,0,0,0,0,0,0,0,0,0,0,0,0,0.9,19.3
2025-04-23 21:13:05,0,0,0,0,0,0,0,0,0,0,0,0,1.1,19.4
2025-04-23 21:13:10,0,0,0,0,0,0,0,0,0,0,0,0,1.2,19.4
2025-04-23 21:13:15,0,0,0,0,0,0,0,0,0,0,0,0,1.1,19.4
2025-04-23 21:13:20,0,0,0,0,0,0,0,0,0,0,0,0,1.3,19.4
2025-04-23 21:13:25,0,0,0,0,0,0,0,0,0,0,0,0,1.2,19.4
2025-04-23 21:13:30,0,0,0,0,0,0,0,0,0,0,0,0,0.9,19.4
2025-04-23 21:13:35,0,0,0,0,0,0,0,0,0,0,0,0,0.8,19.3
2025-04-23 21:13:40,0,0,0,0,0,0,0,0,0,0,0,0,0.9,19.3
2025-04-23 21:13:45,0,0,0,0,0,0,0,0,0,0,0,0,1.0,19.4
2025-04-23 21:13:50,0,0,0,0,0,0,0,0,0,0,0,0,1.0,19.3
2025-04-23 21:13:55,0,0,0,0,0,0,0,0,0,0,0,0,1.1,19.3
2025-04-23 21:14:00,0,0,0,0,0,0,0,0,0,0,0,0,1.1,19.3
2025-04-23 21:14:05,0,0,0,0,0,0,0,0,0,0,0,0,1.0,19.3
2025-04-23 21:14:10,0,0,0,0,0,0,0,0,0,0,0,0,0.9,19.3
2025-04-23 21:14:15,0,0,0,0,0,0,0,0,0,0,0,0,0.7,19.3
2025-04-23 21:14:20,0,0,0,0,0,0,0,0,0,0,0,0,0.6,19.3
2025-04-23 21:14:25,0,0,0,0,0,0,0,0,0,0,0,0,0.5,19.3
2025-04-23 21:14:30,0,0,0,0,0,0,0,0,0,0,0,0,0.4,19.3
2025-04-23 21:14:35,0,0,0,0,0,0,0,0,0,0,0,0,0.3,19.3
2025-04-23 21:14:40,0,0,0,0,0,0,0,0,0,0,0,0,0.3,19.3
2025-04-23 21:14:45,0,0,0,0,0,0,0,0,0,0,0,0,0.4,19.3
2025-04-23 21:14:50,0,0,0,0,0,0,0,0,0,0,0,0,0.4,19.3
2025-04-23 21:14:55,0,0,0,0,0,0,0,0,0,0,0,0,0.4,19.3
2025-04-23 21:15:00,0,0,0,0,0,0,0,0,0,0,0,0,0.4,19.3
2025-04-23 21:15:05,0,0,0,0,0,0,0,0,0,0,0,0,0.4,19.2
2025-04-23 21:15:10,0,0,0,0,0,0,0,0,0,0,0,0,0.2,19.2
2025-04-23 21:15:15,0,0,0,0,0,0,0,0,0,0,0,0,0.1,19.2
2025-04-23 21:15:20,0,0,0,0,0,0,0,0,0,0,0,0,0.2,19.2
2025-04-23 21:15:25,0,0,0,0,0,0,0,0,0,0,0,0,0.3,19.2
2025-04-23 21:15:30,0,0,0,0,0,0,0,0,0,0,0,0,0.1,19.2
2025-04-23 21:15:35,0,0,0,0,0,0,0,0,0,0,0,0,0.1,19.2
2025-04-23 21:15:40,0,0,0,0,0,0,0,0,0,0,0,0,0.1,19.2
2025-04-23 21:15:45,0,0,0,0,0,0,0,0,0,0,0,0,0.0,19.2
2025-04-23 21:15:50,0,0,0,0,0,0,0,0,0,0,0,0,0.0,19.2
2025-04-23 21:15:55,0,0,0,0,0,0,0,0,0,0,0,0,0.0,19.2
2025-04-23 21:16:00,0,0,0,0,0,0,0,0,0,0,0,0,0.0,19.2
2025-04-23 21:16:05,0,0,0,0,0,0,0,0,0,0,0,0,0.0,19.2
2025-04-23 21:16:10,0,0,0,0,0,0,0,0,0,0,0,0,0.0,19.2
2025-04-23 21:16:15,0,0,0,0,0,0,0,0,0,0,0,0,0.0,19.2
2025-04-23 21:16:20,0,0,0,0,0,0,0,0,0,0,0,0,0.0,19.2
2025-04-23 21:16:25,0,0,0,0,0,0,0,0,0,0,0,0,0.0,19.2
2025-04-23 21:16:30,0,0,0,0,0,0,0,0,0,0,0,0,0.2,19.2
2025-04-23 21:16:35,0,0,0,0,0,0,0,0,0,0,0,0,0.2,19.2
2025-04-23 21:16:40,0,0,0,0,0,0,0,0,0,0,0,0,0.2,19.1
2025-04-23 21:16:45,0,0,0,0,0,0,0,0,0,0,0,0,0.3,19.1
2025-04-23 21:16:50,0,0,0,0,0,0,0,0,0,0,0,0,0.2,19.1
2025-04-23 21:16:55,0,0,0,0,0,0,0,0,0,0,0,0,0.3,19.1
2025-04-23 21:17:00,0,0,0,0,0,0,0,0,0,0,0,0,0.3,19.1
2025-04-23 21:17:05,0,0,0,0,0,0,0,0,0,0,0,0,0.2,19.1
2025-04-23 21:17:10,0,0,0,0,0,0,0,0,0,0,0,0,0.4,19.1
2025-04-23 21:17:15,0,0,0,0,0,0,0,0,0,0,0,0,0.4,19.1
2025-04-23 21:17:20,0,0,0,0,0,0,0,0,0,0,0,0,0.4,19.1
2025-04-23 21:17:25,0,0,0,0,0,0,0,0,0,0,0,0,0.3,19.1
2025-04-23 21:17:30,0,0,0,0,0,0,0,0,0,0,0,0,0.3,19.1
2025-04-23 21:17:35,0,0,0,0,0,0,0,0,0,0,0,0,0.9,19.1
2025-04-23 21:17:40,0,0,0,0,0,0,0,0,0,0,0,0,1.1,19.1
2025-04-23 21:17:45,0,0,0,0,0,0,0,0,0,0,0,0,1.1,19.1
2025-04-23 21:17:50,0,0,0,0,0,0,0,0,0,0,0,0,1.2,19.1
2025-04-23 21:17:55,0,0,0,0,0,0,0,0,0,0,0,0,1.4,19.1
2025-04-23 21:18:00,0,0,0,0,0,0,0,0,0,0,0,0,1.6,19.1
2025-04-23 21:18:05,0,0,0,0,0,0,0,0,0,0,0,0,1.8,19.1
2025-04-23 21:18:10,0,0,0,0,0,0,0,0,0,0,0,0,1.9,19.1
2025-04-23 21:18:15,0,0,0,0,0,0,0,0,0,0,0,0,1.9,19.1
2025-04-23 21:18:20,0,0,0,0,0,0,0,0,0,0,0,0,1.9,19.1
2025-04-23 21:18:25,0,0,0,0,0,0,0,0,0,0,0,0,1.8,19.1
2025-04-23 21:18:30,0,0,0,0,0,0,0,0,0,0,0,0,1.9,19.1
2025-04-23 21:18:35,0,0,0,0,0,0,0,0,0,0,0,0,1.6,19.1
2025-04-23 21:18:40,0,0,0,0,0,0,0,0,0,0,0,0,1.6,19.1
2025-04-23 21:18:45,0,0,0,0,0,0,0,0,0,0,0,0,1.7,19.1
2025-04-23 21:18:50,0,0,0,0,0,0,0,0,0,0,0,0,1.4,19.1
2025-04-23 21:18:55,0,0,0,0,0,0,0,0,0,0,0,0,1.1,19.1
2025-04-23 21:19:00,0,0,0,0,0,0,0,0,0,0,0,0,1.0,19.1
2025-04-23 21:19:05,0,0,0,0,0,0,0,0,0,0,0,0,1.0,19.1
2025-04-23 21:19:10,0,0,0,0,0,0,0,0,0,0,0,0,1.0,19.1
2025-04-23 21:19:15,0,0,0,0,0,0,0,0,0,0,0,0,1.0,19.1
2025-04-23 21:19:20,0,0,0,0,0,0,0,0,0,0,0,0,1.0,19.1
2025-04-23 21:19:25,0,0,0,0,0,0,0,0,0,0,0,0,0.8,19.1
2025-04-23 21:19:30,0,0,0,0,0,0,0,0,0,0,0,0,0.8,19.1
2025-04-23 21:19:35,0,0,0,0,0,0,0,0,0,0,0,0,0.8,19.1
2025-04-23 21:19:40,0,0,0,0,0,0,0,0,0,0,0,0,0.7,19.1
2025-04-23 21:19:45,0,0,0,0,0,0,0,0,0,0,0,0,0.5,19.1
2025-04-23 21:19:50,0,0,0,0,0,0,0,0,0,0,0,0,0.4,19.1
2025-04-23 21:19:55,0,0,0,0,0,0,0,0,0,0,0,0,0.3,19.0
2025-04-23 21:20:00,0,0,0,0,0,0,0,0,0,0,0,0,0.2,19.1
2025-04-23 21:20:05,0,0,0,0,0,0,0,0,0,0,0,0,0.1,19.0
2025-04-23 21:20:10,0,0,0,0,0,0,0,0,0,0,0,0,0.2,19.0
2025-04-23 21:20:15,0,0,0,0,0,0,0,0,0,0,0,0,0.4,19.0
2025-04-23 21:20:20,0,0,0,0,0,0,0,0,0,0,0,0,0.6,19.0
2025-04-23 21:20:25,0,0,0,0,0,0,0,0,0,0,0,0,0.9,19.0
2025-04-23 21:20:30,0,0,0,0,0,0,0,0,0,0,0,0,1.1,19.0
2025-04-23 21:20:35,0,0,0,0,0,0,0,0,0,0,0,0,1.1,19.0
2025-04-23 21:20:40,0,0,0,0,0,0,0,0,0,0,0,0,1.0,19.0
2025-04-23 21:20:45,0,0,0,0,0,0,0,0,0,0,0,0,1.0,19.0
2025-04-23 21:20:50,0,0,0,0,0,0,0,0,0,0,0,0,1.0,19.0
2025-04-23 21:20:55,0,0,0,0,0,0,0,0,0,0,0,0,0.9,19.0
2025-04-23 21:21:00,0,0,0,0,0,0,0,0,0,0,0,0,0.8,19.0
2025-04-23 21:21:05,0,0,0,0,0,0,0,0,0,0,0,0,0.7,19.0
2025-04-23 21:21:10,0,0,0,0,0,0,0,0,0,0,0,0,0.6,19.0
2025-04-23 21:21:15,0,0,0,0,0,0,0,0,0,0,0,0,0.6,19.0
2025-04-23 21:21:20,0,0,0,0,0,0,0,0,0,0,0,0,0.5,19.0
2025-04-23 21:21:25,0,0,0,0,0,0,0,0,0,0,0,0,0.4,19.0
2025-04-23 21:21:30,0,0,0,0,0,0,0,0,0,0,0,0,0.3,19.0
2025-04-23 21:21:35,0,0,0,0,0,0,0,0,0,0,0,0,0.3,19.0
2025-04-23 21:21:40,0,0,0,0,0,0,0,0,0,0,0,0,0.3,19.0
2025-04-23 21:21:45,0,0,0,0,0,0,0,0,0,0,0,0,0.3,19.0
2025-04-23 21:21:50,0,0,0,0,0,0,0,0,0,0,0,0,0.3,19.0
2025-04-23 21:21:55,0,0,0,0,0,0,0,0,0,0,0,0,0.2,19.0
2025-04-23 21:22:00,0,0,0,0,0,0,0,0,0,0,0,0,0.3,19.0
2025-04-23 21:22:05,0,0,0,0,0,0,0,0,0,0,0,0,0.3,19.0
2025-04-23 21:22:10,0,0,0,0,0,0,0,0,0,0,0,0,0.7,19.0
2025-04-23 21:22:15,0,0,0,0,0,0,0,0,0,0,0,0,0.9,19.0
2025-04-23 21:22:20,0,0,0,0,0,0,0,0,0,0,0,0,1.1,19.0
2025-04-23 21:22:25,0,0,0,0,0,0,0,0,0,0,0,0,1.3,19.0
2025-04-23 21:22:30,0,0,0,0,0,0,0,0,0,0,0,0,1.3,19.0
2025-04-23 21:22:35,0,0,0,0,0,0,0,0,0,0,0,0,1.2,19.0
2025-04-23 21:22:40,0,0,0,0,0,0,0,0,0,0,0,0,1.3,19.0
2025-04-23 21:22:45,0,0,0,0,0,0,0,0,0,0,0,0,1.3,19.0
2025-04-23 21:22:50,0,0,0,0,0,0,0,0,0,0,0,0,1.2,19.0
2025-04-23 21:22:55,0,0,0,0,0,0,0,0,0,0,0,0,1.2,19.0
2025-04-23 21:23:00,0,0,0,0,0,0,0,0,0,0,0,0,1.1,19.0
2025-04-23 21:23:05,0,0,0,0,0,0,0,0,0,0,0,0,1.0,19.0
2025-04-23 21:23:10,0,0,0,0,0,0,0,0,0,0,0,0,1.0,19.0
2025-04-23 21:23:15,0,0,0,0,0,0,0,0,0,0,0,0,0.9,19.0
2025-04-23 21:23:20,0,0,0,0,0,0,0,0,0,0,0,0,0.7,19.0
2025-04-23 21:23:25,0,0,0,0,0,0,0,0,0,0,0,0,0.7,19.0
2025-04-23 21:23:30,0,0,0,0,0,0,0,0,0,0,0,0,0.5,19.0
2025-04-23 21:23:35,0,0,0,0,0,0,0,0,0,0,0,0,0.5,19.0
2025-04-23 21:23:40,0,0,0,0,0,0,0,0,0,0,0,0,0.4,18.9
2025-04-23 21:23:45,0,0,0,0,0,0,0,0,0,0,0,0,0.3,19.0
2025-04-23 21:23:50,0,0,0,0,0,0,0,0,0,0,0,0,0.2,19.0
2025-04-23 21:23:55,0,0,0,0,0,0,0,0,0,0,0,0,0.2,18.9
2025-04-23 21:24:00,0,0,0,0,0,0,0,0,0,0,0,0,0.2,19.0
2025-04-23 21:24:05,0,0,0,0,0,0,0,0,0,0,0,0,0.3,18.9
2025-04-23 21:24:10,0,0,0,0,0,0,0,0,0,0,0,0,0.4,18.9
2025-04-23 21:24:15,0,0,0,0,0,0,0,0,0,0,0,0,0.5,18.9
2025-04-23 21:24:20,0,0,0,0,0,0,0,0,0,0,0,0,0.6,18.9
2025-04-23 21:24:25,0,0,0,0,0,0,0,0,0,0,0,0,0.5,18.9
2025-04-23 21:24:30,0,0,0,0,0,0,0,0,0,0,0,0,0.4,18.9
2025-04-23 21:24:35,0,0,0,0,0,0,0,0,0,0,0,0,0.4,18.9
2025-04-23 21:24:40,0,0,0,0,0,0,0,0,0,0,0,0,0.4,18.9
2025-04-23 21:24:45,0,0,0,0,0,0,0,0,0,0,0,0,0.5,18.9
2025-04-23 21:24:50,0,0,0,0,0,0,0,0,0,0,0,0,0.6,18.9
2025-04-23 21:24:55,0,0,0,0,0,0,0,0,0,0,0,0,0.7,18.9
2025-04-23 21:25:00,0,0,0,0,0,0,0,0,0,0,0,0,0.8,18.9
2025-04-23 21:25:05,0,0,0,0,0,0,0,0,0,0,0,0,0.8,18.9
2025-04-23 21:25:10,0,0,0,0,0,0,0,0,0,0,0,0,0.9,18.9
2025-04-23 21:25:15,0,0,0,0,0,0,0,0,0,0,0,0,1.0,18.9
2025-04-23 21:25:20,0,0,0,0,0,0,0,0,0,0,0,0,1.0,18.9
2025-04-23 21:25:25,0,0,0,0,0,0,0,0,0,0,0,0,0.9,18.9
2025-04-23 21:25:30,0,0,0,0,0,0,0,0,0,0,0,0,0.9,18.9
2025-04-23 21:25:35,0,0,0,0,0,0,0,0,0,0,0,0,0.7,18.9
2025-04-23 21:25:40,0,0,0,0,0,0,0,0,0,0,0,0,0.6,18.9
2025-04-23 21:25:45,0,0,0,0,0,0,0,0,0,0,0,0,0.6,18.9
2025-04-23 21:25:50,0,0,0,0,0,0,0,0,0,0,0,0,0.5,18.9
2025-04-23 21:25:55,0,0,0,0,0,0,0,0,0,0,0,0,0.4,18.9
2025-04-23 21:26:00,0,0,0,0,0,0,0,0,0,0,0,0,0.5,18.9
2025-04-23 21:26:05,0,0,0,0,0,0,0,0,0,0,0,0,0.6,18.9
2025-04-23 21:26:10,0,0,0,0,0,0,0,0,0,0,0,0,0.5,18.9
2025-04-23 21:26:15,0,0,0,0,0,0,0,0,0,0,0,0,0.5,18.9
2025-04-23 21:26:20,0,0,0,0,0,0,0,0,0,0,0,0,0.5,18.9
2025-04-23 21:26:25,0,0,0,0,0,0,0,0,0,0,0,0,0.7,18.9
2025-04-23 21:26:30,0,0,0,0,0,0,0,0,0,0,0,0,0.7,18.9
2025-04-23 21:26:35,0,0,0,0,0,0,0,0,0,0,0,0,0.9,18.9
2025-04-23 21:26:40,0,0,0,0,0,0,0,0,0,0,0,0,0.9,18.9
2025-04-23 21:26:45,0,0,0,0,0,0,0,0,0,0,0,0,0.9,18.9
2025-04-23 21:26:50,0,0,0,0,0,0,0,0,0,0,0,0,0.8,18.9
2025-04-23 21:26:55,0,0,0,0,0,0,0,0,0,0,0,0,0.7,18.9
2025-04-23 21:27:00,0,0,0,0,0,0,0,0,0,0,0,0,0.6,18.9
2025-04-23 21:27:05,0,0,0,0,0,0,0,0,0,0,0,0,0.5,18.9
2025-04-23 21:27:10,0,0,0,0,0,0,0,0,0,0,0,0,0.5,18.8
2025-04-23 21:27:15,0,0,0,0,0,0,0,0,0,0,0,0,0.4,18.9
2025-04-23 21:27:20,0,0,0,0,0,0,0,0,0,0,0,0,0.3,18.8
2025-04-23 21:27:25,0,0,0,0,0,0,0,0,0,0,0,0,0.2,18.8
2025-04-23 21:27:30,0,0,0,0,0,0,0,0,0,0,0,0,0.1,18.8
2025-04-23 21:27:35,0,0,0,0,0,0,0,0,0,0,0,0,0.1,18.9
2025-04-23 21:27:40,0,0,0,0,0,0,0,0,0,0,0,0,0.0,18.8
2025-04-23 21:27:45,0,0,0,0,0,0,0,0,0,0,0,0,0.0,18.8
2025-04-23 21:27:50,0,0,0,0,0,0,0,0,0,0,0,0,0.0,18.8
2025-04-23 21:27:55,0,0,0,0,0,0,0,0,0,0,0,0,0.0,18.8
2025-04-23 21:28:00,0,0,0,0,0,0,0,0,0,0,0,0,0.0,18.8
2025-04-23 21:28:05,0,0,0,0,0,0,0,0,0,0,0,0,0.0,18.8
2025-04-23 21:28:10,0,0,0,0,0,0,0,0,0,0,0,0,0.0,18.8
2025-04-23 21:28:15,0,0,0,0,0,0,0,0,0,0,0,0,0.0,18.8
2025-04-23 21:28:20,0,0,0,0,0,0,0,0,0,0,0,0,0.0,18.8
2025-04-23 21:28:25,0,0,0,0,0,0,0,0,0,0,0,0,0.0,18.8
2025-04-23 21:28:30,0,0,0,0,0,0,0,0,0,0,0,0,0.0,18.8
2025-04-23 21:28:35,0,0,0,0,0,0,0,0,0,0,0,0,0.0,18.8
2025-04-23 21:28:40,0,0,0,0,0,0,0,0,0,0,0,0,0.0,18.8
2025-04-23 21:28:45,0,0,0,0,0,0,0,0,0,0,0,0,0.0,18.8
2025-04-23 21:28:50,0,0,0,0,0,0,0,0,0,0,0,0,0.0,18.8
2025-04-23 21:28:55,0,0,0,0,0,0,0,0,0,0,0,0,0.0,18.8
2025-04-23 21:29:00,0,0,0,0,0,0,0,0,0,0,0,0,0.1,18.8
2025-04-23 21:29:05,0,0,0,0,0,0,0,0,0,0,0,0,0.2,18.8
2025-04-23 21:29:10,0,0,0,0,0,0,0,0,0,0,0,0,0.5,18.8
2025-04-23 21:29:15,0,0,0,0,0,0,0,0,0,0,0,0,0.6,18.8
2025-04-23 21:29:20,0,0,0,0,0,0,0,0,0,0,0,0,0.6,18.8
2025-04-23 21:29:25,0,0,0,0,0,0,0,0,0,0,0,0,0.5,18.8
2025-04-23 21:29:30,0,0,0,0,0,0,0,0,0,0,0,0,0.4,18.8
2025-04-23 21:29:35,0,0,0,0,0,0,0,0,0,0,0,0,0.3,18.8
2025-04-23 21:29:40,0,0,0,0,0,0,0,0,0,0,0,0,0.4,18.8
2025-04-23 21:29:45,0,0,0,0,0,0,0,0,0,0,0,0,0.5,18.8
2025-04-23 21:29:50,0,0,0,0,0,0,0,0,0,0,0,0,0.5,18.7
2025-04-23 21:29:55,0,0,0,0,0,0,0,0,0,0,0,0,0.5,18.8
2025-04-23 21:30:00,0,0,0,0,0,0,0,0,0,0,0,0,0.6,18.8
2025-04-23 21:30:05,0,0,0,0,0,0,0,0,0,0,0,0,0.8,18.7
2025-04-23 21:30:10,0,0,0,0,0,0,0,0,0,0,0,0,0.9,18.7
2025-04-23 21:30:15,0,0,0,0,0,0,0,0,0,0,0,0,0.9,18.7
2025-04-23 21:30:20,0,0,0,0,0,0,0,0,0,0,0,0,1.1,18.7
2025-04-23 21:30:25,0,0,0,0,0,0,0,0,0,0,0,0,1.0,18.7
2025-04-23 21:30:30,0,0,0,0,0,0,0,0,0,0,0,0,1.0,18.7
2025-04-23 21:30:35,0,0,0,0,0,0,0,0,0,0,0,0,1.0,18.7
2025-04-23 21:30:40,0,0,0,0,0,0,0,0,0,0,0,0,0.9,18.7
2025-04-23 21:30:45,0,0,0,0,0,0,0,0,0,0,0,0,0.9,18.7
2025-04-23 21:30:50,0,0,0,0,0,0,0,0,0,0,0,0,0.8,18.7
2025-04-23 21:30:55,0,0,0,0,0,0,0,0,0,0,0,0,0.7,18.7
2025-04-23 21:31:00,0,0,0,0,0,0,0,0,0,0,0,0,0.6,18.7
2025-04-23 21:31:05,0,0,0,0,0,0,0,0,0,0,0,0,0.5,18.7
2025-04-23 21:31:10,0,0,0,0,0,0,0,0,0,0,0,0,0.4,18.7
2025-04-23 21:31:15,0,0,0,0,0,0,0,0,0,0,0,0,0.4,18.7
2025-04-23 21:31:20,0,0,0,0,0,0,0,0,0,0,0,0,0.3,18.7
2025-04-23 21:31:25,0,0,0,0,0,0,0,0,0,0,0,0,0.3,18.7
2025-04-23 21:31:30,0,0,0,0,0,0,0,0,0,0,0,0,0.2,18.7
2025-04-23 21:31:35,0,0,0,0,0,0,0,0,0,0,0,0,0.1,18.7
2025-04-23 21:31:40,0,0,0,0,0,0,0,0,0,0,0,0,0.0,18.7
2025-04-23 21:31:45,0,0,0,0,0,0,0,0,0,0,0,0,0.0,18.7
2025-04-23 21:31:50,0,0,0,0,0,0,0,0,0,0,0,0,0.0,18.7
2025-04-23 21:31:55,0,0,0,0,0,0,0,0,0,0,0,0,0.0,18.7
2025-04-23 21:32:00,0,0,0,0,0,0,0,0,0,0,0,0,0.0,18.7
2025-04-23 21:32:05,0,0,0,0,0,0,0,0,0,0,0,0,0.0,18.7
2025-04-23 21:32:10,0,0,0,0,0,0,0,0,0,0,0,0,0.0,18.7
2025-04-23 21:32:15,0,0,0,0,0,0,0,0,0,0,0,0,0.1,18.7
2025-04-23 21:32:20,0,0,0,0,0,0,0,0,0,0,0,0,0.2,18.7
2025-04-23 21:32:25,0,0,0,0,0,0,0,0,0,0,0,0,0.4,18.7
2025-04-23 21:32:30,0,0,0,0,0,0,0,0,0,0,0,0,0.4,18.7
2025-04-23 21:32:35,0,0,0,0,0,0,0,0,0,0,0,0,0.6,18.7
2025-04-23 21:32:40,0,0,0,0,0,0,0,0,0,0,0,0,0.6,18.7
2025-04-23 21:32:45,0,0,0,0,0,0,0,0,0,0,0,0,0.5,18.7
2025-04-23 21:32:50,0,0,0,0,0,0,0,0,0,0,0,0,0.6,18.7
2025-04-23 21:32:55,0,0,0,0,0,0,0,0,0,0,0,0,1.0,18.7
2025-04-23 21:33:00,0,0,0,0,0,0,0,0,0,0,0,0,1.2,18.7
2025-04-23 21:33:05,0,0,0,0,0,0,0,0,0,0,0,0,1.2,18.7
2025-04-23 21:33:10,0,0,0,0,0,0,0,0,0,0,0,0,1.2,18.7
2025-04-23 21:33:15,0,0,0,0,0,0,0,0,0,0,0,0,1.2,18.7
2025-04-23 21:33:20,0,0,0,0,0,0,0,0,0,0,0,0,1.2,18.7
2025-04-23 21:33:25,0,0,0,0,0,0,0,0,0,0,0,0,1.1,18.7
2025-04-23 21:33:30,0,0,0,0,0,0,0,0,0,0,0,0,1.0,18.7
2025-04-23 21:33:35,0,0,0,0,0,0,0,0,0,0,0,0,1.0,18.7
2025-04-23 21:33:40,0,0,0,0,0,0,0,0,0,0,0,0,0.9,18.7
2025-04-23 21:33:45,0,0,0,0,0,0,0,0,0,0,0,0,0.9,18.7
2025-04-23 21:33:50,0,0,0,0,0,0,0,0,0,0,0,0,0.8,18.7
2025-04-23 21:33:55,0,0,0,0,0,0,0,0,0,0,0,0,0.7,18.7
2025-04-23 21:34:00,0,0,0,0,0,0,0,0,0,0,0,0,0.7,18.7
2025-04-23 21:34:05,0,0,0,0,0,0,0,0,0,0,0,0,1.0,18.7
2025-04-23 21:34:10,0,0,0,0,0,0,0,0,0,0,0,0,1.1,18.7
2025-04-23 21:34:15,0,0,0,0,0,0,0,0,0,0,0,0,1.1,18.7
2025-04-23 21:34:20,0,0,0,0,0,0,0,0,0,0,0,0,1.0,18.7
2025-04-23 21:34:25,0,0,0,0,0,0,0,0,0,0,0,0,0.9,18.7
2025-04-23 21:34:30,0,0,0,0,0,0,0,0,0,0,0,0,0.8,18.6
2025-04-23 21:34:35,0,0,0,0,0,0,0,0,0,0,0,0,0.7,18.6
2025-04-23 21:34:40,0,0,0,0,0,0,0,0,0,0,0,0,0.7,18.7
2025-04-23 21:34:45,0,0,0,0,0,0,0,0,0,0,0,0,0.6,18.6
2025-04-23 21:34:50,0,0,0,0,0,0,0,0,0,0,0,0,0.7,18.6
2025-04-23 21:34:55,0,0,0,0,0,0,0,0,0,0,0,0,0.9,18.6
2025-04-23 21:35:00,0,0,0,0,0,0,0,0,0,0,0,0,0.9,18.6
2025-04-23 21:35:05,0,0,0,0,0,0,0,0,0,0,0,0,1.1,18.6
2025-04-23 21:35:10,0,0,0,0,0,0,0,0,0,0,0,0,1.2,18.6
2025-04-23 21:35:15,0,0,0,0,0,0,0,0,0,0,0,0,1.1,18.6
2025-04-23 21:35:20,0,0,0,0,0,0,0,0,0,0,0,0,1.0,18.6
2025-04-23 21:35:25,0,0,0,0,0,0,0,0,0,0,0,0,1.0,18.6
2025-04-23 21:35:30,0,0,0,0,0,0,0,0,0,0,0,0,0.9,18.6
2025-04-23 21:35:35,0,0,0,0,0,0,0,0,0,0,0,0,0.9,18.6
2025-04-23 21:35:40,0,0,0,0,0,0,0,0,0,0,0,0,0.8,18.6
2025-04-23 21:35:45,0,0,0,0,0,0,0,0,0,0,0,0,0.7,18.6
2025-04-23 21:35:50,0,0,0,0,0,0,0,0,0,0,0,0,0.9,18.6
2025-04-23 21:35:55,0,0,0,0,0,0,0,0,0,0,0,0,1.0,18.6
2025-04-23 21:36:00,0,0,0,0,0,0,0,0,0,0,0,0,0.9,18.6
2025-04-23 21:36:05,0,0,0,0,0,0,0,0,0,0,0,0,0.8,18.6
2025-04-23 21:36:10,0,0,0,0,0,0,0,0,0,0,0,0,0.8,18.6
2025-04-23 21:36:15,0,0,0,0,0,0,0,0,0,0,0,0,0.7,18.6
2025-04-23 21:36:20,0,0,0,0,0,0,0,0,0,0,0,0,0.7,18.6
2025-04-23 21:36:25,0,0,0,0,0,0,0,0,0,0,0,0,0.7,18.6
2025-04-23 21:36:30,0,0,0,0,0,0,0,0,0,0,0,0,0.8,18.6
2025-04-23 21:36:35,0,0,0,0,0,0,0,0,0,0,0,0,0.9,18.6
2025-04-23 21:36:40,0,0,0,0,0,0,0,0,0,0,0,0,0.9,18.6
2025-04-23 21:36:45,0,0,0,0,0,0,0,0,0,0,0,0,1.0,18.6
2025-04-23 21:36:50,0,0,0,0,0,0,0,0,0,0,0,0,1.1,18.6
2025-04-23 21:36:55,0,0,0,0,0,0,0,0,0,0,0,0,1.1,18.6
2025-04-23 21:37:00,0,0,0,0,0,0,0,0,0,0,0,0,1.1,18.6
2025-04-23 21:37:05,0,0,0,0,0,0,0,0,0,0,0,0,1.0,18.6
2025-04-23 21:37:10,0,0,0,0,0,0,0,0,0,0,0,0,0.9,18.6
2025-04-23 21:37:15,0,0,0,0,0,0,0,0,0,0,0,0,0.7,18.6
2025-04-23 21:37:20,0,0,0,0,0,0,0,0,0,0,0,0,0.6,18.6
2025-04-23 21:37:25,0,0,0,0,0,0,0,0,0,0,0,0,0.6,18.6
2025-04-23 21:37:30,0,0,0,0,0,0,0,0,0,0,0,0,0.6,18.6
2025-04-23 21:37:35,0,0,0,0,0,0,0,0,0,0,0,0,0.6,18.6
2025-04-23 21:37:40,0,0,0,0,0,0,0,0,0,0,0,0,0.6,18.6
2025-04-23 21:37:45,0,0,0,0,0,0,0,0,0,0,0,0,0.6,18.6
2025-04-23 21:37:50,0,0,0,0,0,0,0,0,0,0,0,0,0.5,18.6
2025-04-23 21:37:55,0,0,0,0,0,0,0,0,0,0,0,0,0.5,18.6
2025-04-23 21:38:00,0,0,0,0,0,0,0,0,0,0,0,0,0.5,18.6
2025-04-23 21:38:05,0,0,0,0,0,0,0,0,0,0,0,0,0.5,18.6
2025-04-23 21:38:10,0,0,0,0,0,0,0,0,0,0,0,0,0.5,18.6
2025-04-23 21:38:15,0,0,0,0,0,0,0,0,0,0,0,0,0.3,18.5
2025-04-23 21:38:20,0,0,0,0,0,0,0,0,0,0,0,0,0.2,18.5
2025-04-23 21:38:25,0,0,0,0,0,0,0,0,0,0,0,0,0.2,18.5
2025-04-23 21:38:30,0,0,0,0,0,0,0,0,0,0,0,0,0.1,18.5
2025-04-23 21:38:35,0,0,0,0,0,0,0,0,0,0,0,0,0.0,18.5
2025-04-23 21:38:40,0,0,0,0,0,0,0,0,0,0,0,0,0.0,18.5
2025-04-23 21:38:45,0,0,0,0,0,0,0,0,0,0,0,0,0.0,18.5
2025-04-23 21:38:50,0,0,0,0,0,0,0,0,0,0,0,0,0.0,18.5
2025-04-23 21:38:55,0,0,0,0,0,0,0,0,0,0,0,0,0.0,18.5
2025-04-23 21:39:00,0,0,0,0,0,0,0,0,0,0,0,0,0.0,18.5
2025-04-23 21:39:05,0,0,0,0,0,0,0,0,0,0,0,0,0.1,18.5
2025-04-23 21:39:10,0,0,0,0,0,0,0,0,0,0,0,0,0.1,18.5
2025-04-23 21:39:15,0,0,0,0,0,0,0,0,0,0,0,0,0.1,18.5
2025-04-23 21:39:20,0,0,0,0,0,0,0,0,0,0,0,0,0.2,18.5
2025-04-23 21:39:25,0,0,0,0,0,0,0,0,0,0,0,0,0.3,18.5
2025-04-23 21:39:30,0,0,0,0,0,0,0,0,0,0,0,0,0.3,18.5
2025-04-23 21:39:35,0,0,0,0,0,0,0,0,0,0,0,0,0.3,18.5
2025-04-23 21:39:40,0,0,0,0,0,0,0,0,0,0,0,0,0.3,18.5
2025-04-23 21:39:45,0,0,0,0,0,0,0,0,0,0,0,0,0.4,18.5
2025-04-23 21:39:50,0,0,0,0,0,0,0,0,0,0,0,0,0.4,18.5
2025-04-23 21:39:55,0,0,0,0,0,0,0,0,0,0,0,0,0.3,18.5
2025-04-23 21:40:00,0,0,0,0,0,0,0,0,0,0,0,0,0.3,18.5
2025-04-23 21:40:05,0,0,0,0,0,0,0,0,0,0,0,0,0.3,18.4
2025-04-23 21:40:10,0,0,0,0,0,0,0,0,0,0,0,0,0.2,18.4
2025-04-23 21:40:15,0,0,0,0,0,0,0,0,0,0,0,0,0.2,18.4
2025-04-23 21:40:20,0,0,0,0,0,0,0,0,0,0,0,0,0.2,18.4
2025-04-23 21:40:25,0,0,0,0,0,0,0,0,0,0,0,0,0.2,18.4
2025-04-23 21:40:30,0,0,0,0,0,0,0,0,0,0,0,0,0.2,18.4
2025-04-23 21:40:35,0,0,0,0,0,0,0,0,0,0,0,0,0.1,18.4
2025-04-23 21:40:40,0,0,0,0,0,0,0,0,0,0,0,0,0.0,18.4
2025-04-23 21:40:45,0,0,0,0,0,0,0,0,0,0,0,0,0.0,18.4
2025-04-23 21:40:50,0,0,0,0,0,0,0,0,0,0,0,0,0.0,18.4
2025-04-23 21:40:55,0,0,0,0,0,0,0,0,0,0,0,0,0.0,18.4
2025-04-23 21:41:00,0,0,0,0,0,0,0,0,0,0,0,0,0.0,18.4
2025-04-23 21:41:05,0,0,0,0,0,0,0,0,0,0,0,0,0.0,18.4
2025-04-23 21:41:10,0,0,0,0,0,0,0,0,0,0,0,0,0.0,18.4
2025-04-23 21:41:15,0,0,0,0,0,0,0,0,0,0,0,0,0.1,18.4
2025-04-23 21:41:20,0,0,0,0,0,0,0,0,0,0,0,0,0.2,18.4
2025-04-23 21:41:25,0,0,0,0,0,0,0,0,0,0,0,0,0.2,18.4
2025-04-23 21:41:30,0,0,0,0,0,0,0,0,0,0,0,0,0.1,18.4
2025-04-23 21:41:35,0,0,0,0,0,0,0,0,0,0,0,0,0.1,18.4
2025-04-23 21:41:40,0,0,0,0,0,0,0,0,0,0,0,0,0.0,18.4
2025-04-23 21:41:45,0,0,0,0,0,0,0,0,0,0,0,0,0.0,18.4
2025-04-23 21:41:50,0,0,0,0,0,0,0,0,0,0,0,0,0.0,18.4
2025-04-23 21:41:55,0,0,0,0,0,0,0,0,0,0,0,0,0.0,18.4
2025-04-23 21:42:00,0,0,0,0,0,0,0,0,0,0,0,0,0.0,18.4
2025-04-23 21:42:05,0,0,0,0,0,0,0,0,0,0,0,0,0.0,18.4
2025-04-23 21:42:10,0,0,0,0,0,0,0,0,0,0,0,0,0.0,18.3
2025-04-23 21:42:15,0,0,0,0,0,0,0,0,0,0,0,0,0.0,18.3
2025-04-23 21:42:20,0,0,0,0,0,0,0,0,0,0,0,0,0.0,18.3
2025-04-23 21:42:25,0,0,0,0,0,0,0,0,0,0,0,0,0.0,18.3
2025-04-23 21:42:30,0,0,0,0,0,0,0,0,0,0,0,0,0.0,18.3
2025-04-23 21:42:35,0,0,0,0,0,0,0,0,0,0,0,0,0.0,18.3
2025-04-23 21:42:40,0,0,0,0,0,0,0,0,0,0,0,0,0.0,18.3
2025-04-23 21:42:45,0,0,0,0,0,0,0,0,0,0,0,0,0.0,18.3
2025-04-23 21:42:50,0,0,0,0,0,0,0,0,0,0,0,0,0.0,18.3
2025-04-23 21:42:55,0,0,0,0,0,0,0,0,0,0,0,0,0.0,18.3
2025-04-23 21:43:00,0,0,0,0,0,0,0,0,0,0,0,0,0.0,18.3
2025-04-23 21:43:05,0,0,0,0,0,0,0,0,0,0,0,0,0.0,18.3
2025-04-23 21:43:10,0,0,0,0,0,0,0,0,0,0,0,0,0.0,18.3
2025-04-23 21:43:15,0,0,0,0,0,0,0,0,0,0,0,0,0.0,18.3
2025-04-23 21:43:20,0,0,0,0,0,0,0,0,0,0,0,0,0.0,18.3
2025-04-23 21:43:25,0,0,0,0,0,0,0,0,0,0,0,0,0.0,18.3
2025-04-23 21:43:30,0,0,0,0,0,0,0,0,0,0,0,0,0.0,18.3
2025-04-23 21:43:35,0,0,0,0,0,0,0,0,0,0,0,0,0.0,18.3
2025-04-23 21:43:40,0,0,0,0,0,0,0,0,0,0,0,0,0.1,18.3
2025-04-23 21:43:45,0,0,0,0,0,0,0,0,0,0,0,0,0.1,18.3
2025-04-23 21:43:50,0,0,0,0,0,0,0,0,0,0,0,0,0.0,18.3
2025-04-23 21:43:55,0,0,0,0,0,0,0,0,0,0,0,0,0.0,18.3
2025-04-23 21:44:00,0,0,0,0,0,0,0,0,0,0,0,0,0.0,18.3
2025-04-23 21:44:05,0,0,0,0,0,0,0,0,0,0,0,0,0.0,18.2
2025-04-23 21:44:10,0,0,0,0,0,0,0,0,0,0,0,0,0.0,18.2
2025-04-23 21:44:15,0,0,0,0,0,0,0,0,0,0,0,0,0.0,18.3
2025-04-23 21:44:20,0,0,0,0,0,0,0,0,0,0,0,0,0.0,18.2
2025-04-23 21:44:25,0,0,0,0,0,0,0,0,0,0,0,0,0.0,18.2
2025-04-23 21:44:30,0,0,0,0,0,0,0,0,0,0,0,0,0.0,18.2
2025-04-23 21:44:35,0,0,0,0,0,0,0,0,0,0,0,0,0.0,18.2
2025-04-23 21:44:40,0,0,0,0,0,0,0,0,0,0,0,0,0.0,18.2
2025-04-23 21:44:45,0,0,0,0,0,0,0,0,0,0,0,0,0.0,18.2
2025-04-23 21:44:50,0,0,0,0,0,0,0,0,0,0,0,0,0.0,18.2
2025-04-23 21:44:55,0,0,0,0,0,0,0,0,0,0,0,0,0.0,18.2
2025-04-23 21:45:00,0,0,0,0,0,0,0,0,0,0,0,0,0.1,18.2
2025-04-23 21:45:05,0,0,0,0,0,0,0,0,0,0,0,0,0.2,18.2
2025-04-23 21:45:10,0,0,0,0,0,0,0,0,0,0,0,0,0.3,18.2
2025-04-23 21:45:15,0,0,0,0,0,0,0,0,0,0,0,0,0.3,18.2
2025-04-23 21:45:20,0,0,0,0,0,0,0,0,0,0,0,0,0.2,18.2
2025-04-23 21:45:25,0,0,0,0,0,0,0,0,0,0,0,0,0.2,18.2
2025-04-23 21:45:30,0,0,0,0,0,0,0,0,0,0,0,0,0.3,18.2
2025-04-23 21:45:35,0,0,0,0,0,0,0,0,0,0,0,0,0.3,18.2
2025-04-23 21:45:40,0,0,0,0,0,0,0,0,0,0,0,0,0.2,18.2
2025-04-23 21:45:45,0,0,0,0,0,0,0,0,0,0,0,0,0.2,18.2
2025-04-23 21:45:50,0,0,0,0,0,0,0,0,0,0,0,0,0.1,18.2
2025-04-23 21:45:55,0,0,0,0,0,0,0,0,0,0,0,0,0.0,18.2
2025-04-23 21:46:00,0,0,0,0,0,0,0,0,0,0,0,0,0.0,18.2
2025-04-23 21:46:05,0,0,0,0,0,0,0,0,0,0,0,0,0.0,18.2
2025-04-23 21:46:10,0,0,0,0,0,0,0,0,0,0,0,0,0.0,18.2
2025-04-23 21:46:15,0,0,0,0,0,0,0,0,0,0,0,0,0.0,18.2
2025-04-23 21:46:20,0,0,0,0,0,0,0,0,0,0,0,0,0.0,18.1
2025-04-23 21:46:25,0,0,0,0,0,0,0,0,0,0,0,0,0.0,18.1
2025-04-23 21:46:30,0,0,0,0,0,0,0,0,0,0,0,0,0.0,18.2
2025-04-23 21:46:35,0,0,0,0,0,0,0,0,0,0,0,0,0.0,18.2
2025-04-23 21:46:40,0,0,0,0,0,0,0,0,0,0,0,0,0.0,18.2
2025-04-23 21:46:45,0,0,0,0,0,0,0,0,0,0,0,0,0.0,18.1
2025-04-23 21:46:50,0,0,0,0,0,0,0,0,0,0,0,0,0.0,18.1
2025-04-23 21:46:55,0,0,0,0,0,0,0,0,0,0,0,0,0.0,18.1
2025-04-23 21:47:00,0,0,0,0,0,0,0,0,0,0,0,0,0.0,18.2
2025-04-23 21:47:05,0,0,0,0,0,0,0,0,0,0,0,0,0.1,18.1
2025-04-23 21:47:10,0,0,0,0,0,0,0,0,0,0,0,0,0.3,18.1
2025-04-23 21:47:15,0,0,0,0,0,0,0,0,0,0,0,0,0.4,18.1
2025-04-23 21:47:20,0,0,0,0,0,0,0,0,0,0,0,0,0.4,18.1
2025-04-23 21:47:25,0,0,0,0,0,0,0,0,0,0,0,0,0.3,18.1
2025-04-23 21:47:30,0,0,0,0,0,0,0,0,0,0,0,0,0.2,18.1
2025-04-23 21:47:35,0,0,0,0,0,0,0,0,0,0,0,0,0.2,18.1
2025-04-23 21:47:40,0,0,0,0,0,0,0,0,0,0,0,0,0.2,18.1
2025-04-23 21:47:45,0,0,0,0,0,0,0,0,0,0,0,0,0.2,18.2
2025-04-23 21:47:50,0,0,0,0,0,0,0,0,0,0,0,0,0.2,18.1
2025-04-23 21:47:55,0,0,0,0,0,0,0,0,0,0,0,0,0.3,18.1
2025-04-23 21:48:00,0,0,0,0,0,0,0,0,0,0,0,0,0.5,18.1
2025-04-23 21:48:05,0,0,0,0,0,0,0,0,0,0,0,0,0.6,18.1
2025-04-23 21:48:10,0,0,0,0,0,0,0,0,0,0,0,0,0.6,18.1
2025-04-23 21:48:15,0,0,0,0,0,0,0,0,0,0,0,0,0.5,18.1
2025-04-23 21:48:20,0,0,0,0,0,0,0,0,0,0,0,0,0.6,18.1
2025-04-23 21:48:25,0,0,0,0,0,0,0,0,0,0,0,0,0.5,18.1
2025-04-23 21:48:30,0,0,0,0,0,0,0,0,0,0,0,0,0.5,18.1
2025-04-23 21:48:35,0,0,0,0,0,0,0,0,0,0,0,0,0.4,18.1
2025-04-23 21:48:40,0,0,0,0,0,0,0,0,0,0,0,0,0.4,18.1
2025-04-23 21:48:45,0,0,0,0,0,0,0,0,0,0,0,0,0.5,18.1
2025-04-23 21:48:50,0,0,0,0,0,0,0,0,0,0,0,0,0.6,18.1
2025-04-23 21:48:55,0,0,0,0,0,0,0,0,0,0,0,0,0.6,18.1
2025-04-23 21:49:00,0,0,0,0,0,0,0,0,0,0,0,0,0.7,18.1
2025-04-23 21:49:05,0,0,0,0,0,0,0,0,0,0,0,0,0.7,18.1
2025-04-23 21:49:10,0,0,0,0,0,0,0,0,0,0,0,0,0.7,18.1
2025-04-23 21:49:15,0,0,0,0,0,0,0,0,0,0,0,0,0.6,18.1
2025-04-23 21:49:20,0,0,0,0,0,0,0,0,0,0,0,0,0.6,18.1
2025-04-23 21:49:25,0,0,0,0,0,0,0,0,0,0,0,0,0.5,18.2
2025-04-23 21:49:30,0,0,0,0,0,0,0,0,0,0,0,0,0.4,18.2
2025-04-23 21:49:35,0,0,0,0,0,0,0,0,0,0,0,0,0.3,18.1
2025-04-23 21:49:40,0,0,0,0,0,0,0,0,0,0,0,0,0.3,18.1
2025-04-23 21:49:45,0,0,0,0,0,0,0,0,0,0,0,0,0.2,18.1
2025-04-23 21:49:50,0,0,0,0,0,0,0,0,0,0,0,0,0.1,18.1
2025-04-23 21:49:55,0,0,0,0,0,0,0,0,0,0,0,0,0.1,18.1
2025-04-23 21:50:00,0,0,0,0,0,0,0,0,0,0,0,0,0.1,18.1
2025-04-23 21:50:05,0,0,0,0,0,0,0,0,0,0,0,0,0.0,18.1
2025-04-23 21:50:10,0,0,0,0,0,0,0,0,0,0,0,0,0.0,18.1
2025-04-23 21:50:15,0,0,0,0,0,0,0,0,0,0,0,0,0.0,18.1
2025-04-23 21:50:20,0,0,0,0,0,0,0,0,0,0,0,0,0.0,18.1
2025-04-23 21:50:25,0,0,0,0,0,0,0,0,0,0,0,0,0.0,18.1
2025-04-23 21:50:30,0,0,0,0,0,0,0,0,0,0,0,0,0.0,18.1
2025-04-23 21:50:35,0,0,0,0,0,0,0,0,0,0,0,0,0.0,18.1
2025-04-23 21:50:40,0,0,0,0,0,0,0,0,0,0,0,0,0.0,18.1
2025-04-23 21:50:45,0,0,0,0,0,0,0,0,0,0,0,0,0.0,18.1
2025-04-23 21:50:50,0,0,0,0,0,0,0,0,0,0,0,0,0.0,18.1
2025-04-23 21:50:55,0,0,0,0,0,0,0,0,0,0,0,0,0.0,18.1
2025-04-23 21:51:00,0,0,0,0,0,0,0,0,0,0,0,0,0.0,18.1
2025-04-23 21:51:05,0,0,0,0,0,0,0,0,0,0,0,0,0.0,18.1
2025-04-23 21:51:10,0,0,0,0,0,0,0,0,0,0,0,0,0.0,18.1
2025-04-23 21:51:15,0,0,0,0,0,0,0,0,0,0,0,0,0.0,18.1
2025-04-23 21:51:20,0,0,0,0,0,0,0,0,0,0,0,0,0.0,18.1
2025-04-23 21:51:25,0,0,0,0,0,0,0,0,0,0,0,0,0.0,18.1
2025-04-23 21:51:30,0,0,0,0,0,0,0,0,0,0,0,0,0.0,18.1
2025-04-23 21:51:35,0,0,0,0,0,0,0,0,0,0,0,0,0.0,18.1
2025-04-23 21:51:40,0,0,0,0,0,0,0,0,0,0,0,0,0.0,18.1
2025-04-23 21:51:45,0,0,0,0,0,0,0,0,0,0,0,0,0.0,18.1
2025-04-23 21:51:50,0,0,0,0,0,0,0,0,0,0,0,0,0.0,18.1
2025-04-23 21:51:55,0,0,0,0,0,0,0,0,0,0,0,0,0.0,18.1
2025-04-23 21:52:00,0,0,0,0,0,0,0,0,0,0,0,0,0.0,18.1
2025-04-23 21:52:05,0,0,0,0,0,0,0,0,0,0,0,0,0.0,18.1
2025-04-23 21:52:10,0,0,0,0,0,0,0,0,0,0,0,0,0.0,18.1
2025-04-23 21:52:15,0,0,0,0,0,0,0,0,0,0,0,0,0.0,18.1
2025-04-23 21:52:20,0,0,0,0,0,0,0,0,0,0,0,0,0.0,18.1
2025-04-23 21:52:25,0,0,0,0,0,0,0,0,0,0,0,0,0.0,18.1
2025-04-23 21:52:30,0,0,0,0,0,0,0,0,0,0,0,0,0.0,18.1
2025-04-23 21:52:35,0,0,0,0,0,0,0,0,0,0,0,0,0.0,18.1
2025-04-23 21:52:40,0,0,0,0,0,0,0,0,0,0,0,0,0.0,18.1
2025-04-23 21:52:45,0,0,0,0,0,0,0,0,0,0,0,0,0.0,18.1
2025-04-23 21:52:50,0,0,0,0,0,0,0,0,0,0,0,0,0.0,18.1
2025-04-23 21:52:55,0,0,0,0,0,0,0,0,0,0,0,0,0.0,18.1
2025-04-23 21:53:00,0,0,0,0,0,0,0,0,0,0,0,0,0.0,18.1
2025-04-23 21:53:05,0,0,0,0,0,0,0,0,0,0,0,0,0.0,18.1
2025-04-23 21:53:10,0,0,0,0,0,0,0,0,0,0,0,0,0.0,18.1
2025-04-23 21:53:15,0,0,0,0,0,0,0,0,0,0,0,0,0.0,18.1
2025-04-23 21:53:20,0,0,0,0,0,0,0,0,0,0,0,0,0.0,18.1
2025-04-23 21:53:25,0,0,0,0,0,0,0,0,0,0,0,0,0.0,18.1
2025-04-23 21:53:30,0,0,0,0,0,0,0,0,0,0,0,0,0.0,18.1
2025-04-23 21:53:35,0,0,0,0,0,0,0,0,0,0,0,0,0.0,18.1
2025-04-23 21:53:40,0,0,0,0,0,0,0,0,0,0,0,0,0.0,18.1
2025-04-23 21:53:45,0,0,0,0,0,0,0,0,0,0,0,0,0.1,18.1
2025-04-23 21:53:50,0,0,0,0,0,0,0,0,0,0,0,0,0.3,18.1
2025-04-23 21:53:55,0,0,0,0,0,0,0,0,0,0,0,0,0.3,18.1
2025-04-23 21:54:00,0,0,0,0,0,0,0,0,0,0,0,0,0.4,18.1
2025-04-23 21:54:05,0,0,0,0,0,0,0,0,0,0,0,0,0.4,18.1
2025-04-23 21:54:10,0,0,0,0,0,0,0,0,0,0,0,0,0.4,18.1
2025-04-23 21:54:15,0,0,0,0,0,0,0,0,0,0,0,0,0.4,18.1
2025-04-23 21:54:20,0,0,0,0,0,0,0,0,0,0,0,0,0.3,18.1
2025-04-23 21:54:25,0,0,0,0,0,0,0,0,0,0,0,0,0.3,18.1
2025-04-23 21:54:30,0,0,0,0,0,0,0,0,0,0,0,0,0.4,18.1
2025-04-23 21:54:35,0,0,0,0,0,0,0,0,0,0,0,0,0.4,18.1
2025-04-23 21:54:40,0,0,0,0,0,0,0,0,0,0,0,0,0.3,18.1
2025-04-23 21:54:45,0,0,0,0,0,0,0,0,0,0,0,0,0.4,18.1
2025-04-23 21:54:50,0,0,0,0,0,0,0,0,0,0,0,0,0.5,18.1
2025-04-23 21:54:55,0,0,0,0,0,0,0,0,0,0,0,0,0.6,18.1
2025-04-23 21:55:00,0,0,0,0,0,0,0,0,0,0,0,0,0.6,18.1
2025-04-23 21:55:05,0,0,0,0,0,0,0,0,0,0,0,0,0.5,18.1
2025-04-23 21:55:10,0,0,0,0,0,0,0,0,0,0,0,0,0.5,18.1
2025-04-23 21:55:15,0,0,0,0,0,0,0,0,0,0,0,0,0.4,18.1
2025-04-23 21:55:20,0,0,0,0,0,0,0,0,0,0,0,0,0.4,18.1
2025-04-23 21:55:25,0,0,0,0,0,0,0,0,0,0,0,0,0.7,18.1
2025-04-23 21:55:30,0,0,0,0,0,0,0,0,0,0,0,0,0.7,18.1
2025-04-23 21:55:35,0,0,0,0,0,0,0,0,0,0,0,0,0.8,18.1
2025-04-23 21:55:40,0,0,0,0,0,0,0,0,0,0,0,0,0.8,18.1
2025-04-23 21:55:45,0,0,0,0,0,0,0,0,0,0,0,0,0.7,18.1
2025-04-23 21:55:50,0,0,0,0,0,0,0,0,0,0,0,0,0.7,18.1
2025-04-23 21:55:55,0,0,0,0,0,0,0,0,0,0,0,0,0.6,18.1
2025-04-23 21:56:00,0,0,0,0,0,0,0,0,0,0,0,0,0.5,18.1
2025-04-23 21:56:05,0,0,0,0,0,0,0,0,0,0,0,0,0.4,18.1
2025-04-23 21:56:10,0,0,0,0,0,0,0,0,0,0,0,0,0.3,18.1
2025-04-23 21:56:15,0,0,0,0,0,0,0,0,0,0,0,0,0.2,18.1
2025-04-23 21:56:20,0,0,0,0,0,0,0,0,0,0,0,0,0.1,18.1
2025-04-23 21:56:25,0,0,0,0,0,0,0,0,0,0,0,0,0.1,18.1
2025-04-23 21:56:30,0,0,0,0,0,0,0,0,0,0,0,0,0.0,18.1
2025-04-23 21:56:35,0,0,0,0,0,0,0,0,0,0,0,0,0.0,18.1
2025-04-23 21:56:40,0,0,0,0,0,0,0,0,0,0,0,0,0.0,18.1
2025-04-23 21:56:45,0,0,0,0,0,0,0,0,0,0,0,0,0.0,18.1
2025-04-23 21:56:50,0,0,0,0,0,0,0,0,0,0,0,0,0.0,18.1
2025-04-23 21:56:55,0,0,0,0,0,0,0,0,0,0,0,0,0.0,18.1
2025-04-23 21:57:00,0,0,0,0,0,0,0,0,0,0,0,0,0.0,18.1
2025-04-23 21:57:05,0,0,0,0,0,0,0,0,0,0,0,0,0.0,18.0
2025-04-23 21:57:10,0,0,0,0,0,0,0,0,0,0,0,0,0.0,18.0
2025-04-23 21:57:15,0,0,0,0,0,0,0,0,0,0,0,0,0.1,18.0
2025-04-23 21:57:20,0,0,0,0,0,0,0,0,0,0,0,0,0.1,18.0
2025-04-23 21:57:25,0,0,0,0,0,0,0,0,0,0,0,0,0.2,18.0
2025-04-23 21:57:30,0,0,0,0,0,0,0,0,0,0,0,0,0.3,18.0
2025-04-23 21:57:35,0,0,0,0,0,0,0,0,0,0,0,0,0.4,18.0
2025-04-23 21:57:40,0,0,0,0,0,0,0,0,0,0,0,0,0.4,18.0
2025-04-23 21:57:45,0,0,0,0,0,0,0,0,0,0,0,0,0.4,18.0
2025-04-23 21:57:50,0,0,0,0,0,0,0,0,0,0,0,0,0.5,18.0
2025-04-23 21:57:55,0,0,0,0,0,0,0,0,0,0,0,0,0.5,18.0
2025-04-23 21:58:00,0,0,0,0,0,0,0,0,0,0,0,0,0.5,18.0
2025-04-23 21:58:05,0,0,0,0,0,0,0,0,0,0,0,0,0.5,18.0
2025-04-23 21:58:10,0,0,0,0,0,0,0,0,0,0,0,0,0.5,18.1
2025-04-23 21:58:15,0,0,0,0,0,0,0,0,0,0,0,0,0.6,18.1
2025-04-23 21:58:20,0,0,0,0,0,0,0,0,0,0,0,0,0.6,18.0
2025-04-23 21:58:25,0,0,0,0,0,0,0,0,0,0,0,0,0.7,18.0
2025-04-23 21:58:30,0,0,0,0,0,0,0,0,0,0,0,0,0.7,18.0
2025-04-23 21:58:35,0,0,0,0,0,0,0,0,0,0,0,0,0.7,18.0
2025-04-23 21:58:40,0,0,0,0,0,0,0,0,0,0,0,0,0.7,18.0
2025-04-23 21:58:45,0,0,0,0,0,0,0,0,0,0,0,0,0.8,18.0
2025-04-23 21:58:50,0,0,0,0,0,0,0,0,0,0,0,0,0.7,18.0
2025-04-23 21:58:55,0,0,0,0,0,0,0,0,0,0,0,0,0.6,18.0
2025-04-23 21:59:00,0,0,0,0,0,0,0,0,0,0,0,0,0.5,18.1
2025-04-23 21:59:05,0,0,0,0,0,0,0,0,0,0,0,0,0.3,18.0
2025-04-23 21:59:10,0,0,0,0,0,0,0,0,0,0,0,0,0.3,18.0
2025-04-23 21:59:15,0,0,0,0,0,0,0,0,0,0,0,0,0.3,18.0
2025-04-23 21:59:20,0,0,0,0,0,0,0,0,0,0,0,0,0.3,18.0
2025-04-23 21:59:25,0,0,0,0,0,0,0,0,0,0,0,0,0.3,18.0
2025-04-23 21:59:30,0,0,0,0,0,0,0,0,0,0,0,0,0.2,18.0
2025-04-23 21:59:35,0,0,0,0,0,0,0,0,0,0,0,0,0.2,18.0
2025-04-23 21:59:40,0,0,0,0,0,0,0,0,0,0,0,0,0.2,18.0
2025-04-23 21:59:45,0,0,0,0,0,0,0,0,0,0,0,0,0.1,18.0
2025-04-23 21:59:50,0,0,0,0,0,0,0,0,0,0,0,0,0.0,18.0
2025-04-23 21:59:55,0,0,0,0,0,0,0,0,0,0,0,0,0.0,18.0
