timestamp,P1,P2,P3,P4,P5,P6,P7,P8,P9,P0,PH,Pinc,ws,temp
2025-04-11 06:00:00,0,0,0,0,0,0,0,0,0,0,0,0,1.1,13.3
2025-04-11 06:00:05,0,0,0,0,0,0,0,0,0,0,0,0,0.9,13.3
2025-04-11 06:00:10,0,0,0,0,0,0,0,0,0,0,0,0,0.9,13.3
2025-04-11 06:00:15,0,0,0,0,0,0,0,0,0,0,0,0,0.8,13.3
2025-04-11 06:00:20,0,0,0,0,0,0,0,0,0,0,0,0,0.8,13.3
2025-04-11 06:00:25,0,0,0,0,0,0,0,0,0,0,0,0,0.9,13.3
2025-04-11 06:00:30,0,0,0,0,0,0,0,0,0,0,0,0,0.9,13.3
2025-04-11 06:00:35,0,0,0,0,0,0,0,0,0,0,0,0,1.0,13.3
2025-04-11 06:00:40,0,0,0,0,0,0,0,0,0,0,0,0,1.0,13.3
2025-04-11 06:00:45,0,0,0,0,0,0,0,0,0,0,0,0,1.0,13.3
2025-04-11 06:00:50,0,0,0,0,0,0,0,0,0,0,0,0,1.1,13.3
2025-04-11 06:00:55,0,0,0,0,0,0,0,0,0,0,0,0,1.2,13.3
2025-04-11 06:01:00,0,0,0,0,0,0,0,0,0,0,0,0,1.1,13.3
2025-04-11 06:01:05,0,0,0,0,0,0,0,0,0,0,0,0,1.0,13.3
2025-04-11 06:01:10,0,0,0,0,0,0,0,0,0,0,0,0,1.0,13.2
2025-04-11 06:01:15,0,0,0,0,0,0,0,0,0,0,0,0,1.0,13.2
2025-04-11 06:01:20,0,0,0,0,0,0,0,0,0,0,0,0,1.0,13.3
2025-04-11 06:01:25,0,0,0,0,0,0,0,0,0,0,0,0,1.1,13.2
2025-04-11 06:01:30,0,0,0,0,0,0,0,0,0,0,0,0,1.2,13.3
2025-04-11 06:01:35,0,0,0,0,0,0,0,0,0,0,0,0,1.3,13.3
2025-04-11 06:01:40,0,0,0,0,0,0,0,0,0,0,0,0,1.8,13.3
2025-04-11 06:01:45,0,0,0,0,0,0,0,0,0,0,0,0,1.8,13.2
2025-04-11 06:01:50,0,0,0,0,0,0,0,0,0,0,0,0,1.7,13.2
2025-04-11 06:01:55,0,0,0,0,0,0,0,0,0,0,0,0,1.8,13.2
2025-04-11 06:02:00,0,0,0,0,0,0,0,0,0,0,0,0,1.9,13.2
2025-04-11 06:02:05,0,0,0,0,0,0,0,0,0,0,0,0,1.9,13.2
2025-04-11 06:02:10,0,0,0,0,0,0,0,0,0,0,0,0,2.0,13.2
2025-04-11 06:02:15,0,0,0,0,0,0,0,0,0,0,0,0,1.8,13.2
2025-04-11 06:02:20,0,0,0,0,0,0,0,0,0,0,0,0,1.7,13.2
2025-04-11 06:02:25,0,0,0,0,0,0,0,0,0,0,0,0,1.5,13.3
2025-04-11 06:02:30,0,0,0,0,0,0,0,0,0,0,0,0,1.7,13.3
2025-04-11 06:02:35,0,0,0,0,0,0,0,0,0,0,0,0,1.6,13.2
2025-04-11 06:02:40,0,0,0,0,0,0,0,0,0,0,0,0,1.3,13.2
2025-04-11 06:02:45,0,0,0,0,0,0,0,0,0,0,0,0,1.4,13.2
2025-04-11 06:02:50,0,0,0,0,0,0,0,0,0,0,0,0,1.3,13.2
2025-04-11 06:02:55,0,0,0,0,0,0,0,0,0,0,0,0,1.2,13.2
2025-04-11 06:03:00,0,0,0,0,0,0,0,0,0,0,0,0,1.2,13.2
2025-04-11 06:03:05,0,0,0,0,0,0,0,0,0,0,0,0,1.5,13.2
2025-04-11 06:03:10,0,0,0,0,0,0,0,0,0,0,0,0,1.8,13.2
2025-04-11 06:03:15,0,0,0,0,0,0,0,0,0,0,0,0,1.6,13.2
2025-04-11 06:03:20,0,0,0,0,0,0,0,0,0,0,0,0,1.5,13.2
2025-04-11 06:03:25,0,0,0,0,0,0,0,0,0,0,0,0,1.5,13.2
2025-04-11 06:03:30,0,0,0,0,0,0,0,0,0,0,0,0,1.7,13.2
2025-04-11 06:03:35,0,0,0,0,0,0,0,0,0,0,0,0,1.7,13.2
2025-04-11 06:03:40,0,0,0,0,0,0,0,0,0,0,0,0,1.8,13.2
2025-04-11 06:03:45,0,0,0,0,0,0,0,0,0,0,0,0,1.8,13.2
2025-04-11 06:03:50,0,0,0,0,0,0,0,0,0,0,0,0,1.7,13.2
2025-04-11 06:03:55,0,0,0,0,0,0,0,0,0,0,0,0,1.5,13.2
2025-04-11 06:04:00,0,0,0,0,0,0,0,0,0,0,0,0,1.3,13.2
2025-04-11 06:04:05,0,0,0,0,0,0,0,0,0,0,0,0,1.2,13.2
2025-04-11 06:04:10,0,0,0,0,0,0,0,0,0,0,0,0,1.1,13.2
2025-04-11 06:04:15,0,0,0,0,0,0,0,0,0,0,0,0,0.9,13.2
2025-04-11 06:04:20,0,0,0,0,0,0,0,0,0,0,0,0,0.9,13.2
2025-04-11 06:04:25,0,0,0,0,0,0,0,0,0,0,0,0,0.8,13.2
2025-04-11 06:04:30,0,0,0,0,0,0,0,0,0,0,0,0,1.0,13.2
2025-04-11 06:04:35,0,0,0,0,0,0,0,0,0,0,0,0,1.0,13.2
2025-04-11 06:04:40,0,0,0,0,0,0,0,0,0,0,0,0,1.0,13.2
2025-04-11 06:04:45,0,0,0,0,0,0,0,0,0,0,0,0,1.0,13.2
2025-04-11 06:04:50,0,0,0,0,0,0,0,0,0,0,0,0,1.0,13.2
2025-04-11 06:04:55,0,0,0,0,0,0,0,0,0,0,0,0,1.3,13.2
2025-04-11 06:05:00,0,0,0,0,0,0,0,0,0,0,0,0,1.5,13.2
2025-04-11 06:05:05,0,0,0,0,0,0,0,0,0,0,0,0,1.5,13.2
2025-04-11 06:05:10,0,0,0,0,0,0,0,0,0,0,0,0,1.7,13.2
2025-04-11 06:05:15,0,0,0,0,0,0,0,0,0,0,0,0,1.7,13.2
2025-04-11 06:05:20,0,0,0,0,0,0,0,0,0,0,0,0,1.6,13.2
2025-04-11 06:05:25,0,0,0,0,0,0,0,0,0,0,0,0,1.4,13.2
2025-04-11 06:05:30,0,0,0,0,0,0,0,0,0,0,0,0,1.2,13.2
2025-04-11 06:05:35,0,0,0,0,0,0,0,0,0,0,0,0,1.3,13.2
2025-04-11 06:05:40,0,0,0,0,0,0,0,0,0,0,0,0,1.6,13.2
2025-04-11 06:05:45,0,0,0,0,0,0,0,0,0,0,0,0,1.9,13.2
2025-04-11 06:05:50,0,0,0,0,0,0,0,0,0,0,0,0,2.1,13.2
2025-04-11 06:05:55,0,0,0,0,0,0,0,0,0,0,0,0,2.0,13.2
2025-04-11 06:06:00,0,0,0,0,0,0,0,0,0,0,0,0,2.6,13.2
2025-04-11 06:06:05,0,0,0,0,0,0,0,0,0,0,0,0,3.1,13.2
2025-04-11 06:06:10,0,0,0,0,0,0,0,0,0,0,0,0,2.9,13.2
2025-04-11 06:06:15,0,0,0,0,0,0,0,0,0,0,0,0,2.4,13.2
2025-04-11 06:06:20,0,0,0,0,0,0,0,0,0,0,0,0,2.3,13.2
2025-04-11 06:06:25,0,0,0,0,0,0,0,0,0,0,0,0,2.0,13.2
2025-04-11 06:06:30,0,0,0,0,0,0,0,0,0,0,0,0,1.9,13.2
2025-04-11 06:06:35,0,0,0,0,0,0,0,0,0,0,0,0,1.8,13.2
2025-04-11 06:06:40,0,0,0,0,0,0,0,0,0,0,0,0,1.8,13.2
2025-04-11 06:06:45,0,0,0,0,0,0,0,0,0,0,0,0,1.7,13.2
2025-04-11 06:06:50,0,0,0,0,0,0,0,0,0,0,0,0,1.7,13.2
2025-04-11 06:06:55,0,0,0,0,0,0,0,0,0,0,0,0,1.4,13.2
2025-04-11 06:07:00,0,0,0,0,0,0,0,0,0,0,0,0,1.2,13.2
2025-04-11 06:07:05,0,0,0,0,0,0,0,0,0,0,0,0,1.2,13.2
2025-04-11 06:07:10,0,0,0,0,0,0,0,0,0,0,0,0,1.1,13.2
2025-04-11 06:07:15,0,0,0,0,0,0,0,0,0,0,0,0,1.0,13.2
2025-04-11 06:07:20,0,0,0,0,0,0,0,0,0,0,0,0,0.9,13.2
2025-04-11 06:07:25,0,0,0,0,0,0,0,0,0,0,0,0,0.8,13.2
2025-04-11 06:07:30,0,0,0,0,0,0,0,0,0,0,0,0,0.8,13.2
2025-04-11 06:07:35,0,0,0,0,0,0,0,0,0,0,0,0,0.9,13.2
2025-04-11 06:07:40,0,0,0,0,0,0,0,0,0,0,0,0,1.0,13.2
2025-04-11 06:07:45,0,0,0,0,0,0,0,0,0,0,0,0,1.2,13.2
2025-04-11 06:07:50,0,0,0,0,0,0,0,0,0,0,0,0,1.5,13.2
2025-04-11 06:07:55,0,0,0,0,0,0,0,0,0,0,0,0,1.7,13.2
2025-04-11 06:08:00,0,0,0,0,0,0,0,0,0,0,0,0,1.5,13.2
2025-04-11 06:08:05,0,0,0,0,0,0,0,0,0,0,0,0,1.5,13.2
2025-04-11 06:08:10,0,0,0,0,0,0,0,0,0,0,0,0,1.5,13.2
2025-04-11 06:08:15,0,0,0,0,0,0,0,0,0,0,0,0,1.7,13.2
2025-04-11 06:08:20,0,0,0,0,0,0,0,0,0,0,0,0,1.6,13.2
2025-04-11 06:08:25,0,0,0,0,0,0,0,0,0,0,0,0,1.2,13.2
2025-04-11 06:08:30,0,0,0,0,0,0,0,0,0,0,0,0,0.9,13.2
2025-04-11 06:08:35,0,0,0,0,0,0,0,0,0,0,0,0,0.8,13.2
2025-04-11 06:08:40,0,0,0,0,0,0,0,0,0,0,0,0,0.8,13.2
2025-04-11 06:08:45,0,0,0,0,0,0,0,0,0,0,0,0,1.4,13.2
2025-04-11 06:08:50,0,0,0,0,0,0,0,0,0,0,0,0,3.1,13.2
2025-04-11 06:08:55,0,0,0,0,0,0,0,0,0,0,0,0,2.5,13.2
2025-04-11 06:09:00,0,0,0,0,0,0,0,0,0,0,0,0,2.3,13.2
2025-04-11 06:09:05,0,0,0,0,0,0,0,0,0,0,0,0,2.1,13.2
2025-04-11 06:09:10,0,0,0,0,0,0,0,0,0,0,0,0,1.9,13.2
2025-04-11 06:09:15,0,0,0,0,0,0,0,0,0,0,0,0,2.4,13.2
2025-04-11 06:09:20,0,0,0,0,0,0,0,0,0,0,0,0,2.8,13.2
2025-04-11 06:09:25,0,0,0,0,0,0,0,0,0,0,0,0,3.4,13.2
2025-04-11 06:09:30,0,0,0,0,0,0,0,0,0,0,0,0,4.0,13.2
2025-04-11 06:09:35,0,0,0,0,0,0,0,0,0,0,0,0,5.1,13.2
2025-04-11 06:09:40,0,0,0,0,0,0,0,0,0,0,0,0,4.9,13.2
2025-04-11 06:09:45,0,0,0,0,0,0,0,0,0,0,0,0,4.4,13.2
2025-04-11 06:09:50,0,0,0,0,0,0,0,0,0,0,0,0,4.5,13.2
2025-04-11 06:09:55,0,0,0,0,0,0,0,0,0,0,0,0,5.1,13.2
2025-04-11 06:10:00,0,0,0,0,0,0,0,0,0,0,0,0,4.5,13.2
2025-04-11 06:10:05,0,0,0,0,0,0,0,0,0,0,0,0,4.1,13.2
2025-04-11 06:10:10,0,0,0,0,0,0,0,0,0,0,0,0,3.6,13.2
2025-04-11 06:10:15,0,0,0,0,0,0,0,0,0,0,0,0,2.9,13.2
2025-04-11 06:10:20,0,0,0,0,0,0,0,0,0,0,0,0,2.9,13.3
2025-04-11 06:10:25,0,0,0,0,0,0,0,0,0,0,0,0,3.2,13.2
2025-04-11 06:10:30,0,0,0,0,0,0,0,0,0,0,0,0,2.8,13.3
2025-04-11 06:10:35,0,0,0,0,0,0,0,0,0,0,0,0,2.6,13.3
2025-04-11 06:10:40,0,0,0,0,0,0,0,0,0,0,0,0,2.9,13.3
2025-04-11 06:10:45,0,0,0,0,0,0,0,0,0,0,0,0,2.9,13.3
2025-04-11 06:10:50,0,0,0,0,0,0,0,0,0,0,0,0,2.7,13.3
2025-04-11 06:10:55,0,0,0,0,0,0,0,0,0,0,0,0,3.8,13.3
2025-04-11 06:11:00,0,0,0,0,0,0,0,0,0,0,0,0,3.6,13.3
2025-04-11 06:11:05,0,0,0,0,0,0,0,0,0,0,0,0,3.3,13.3
2025-04-11 06:11:10,0,0,0,0,0,0,0,0,0,0,0,0,2.7,13.3
2025-04-11 06:11:15,0,0,0,0,0,0,0,0,0,0,0,0,2.3,13.3
2025-04-11 06:11:20,0,0,0,0,0,0,0,0,0,0,0,0,2.1,13.3
2025-04-11 06:11:25,0,0,0,0,0,0,0,0,0,0,0,0,2.2,13.3
2025-04-11 06:11:30,0,0,0,0,0,0,0,0,0,0,0,0,2.3,13.3
2025-04-11 06:11:35,0,0,0,0,0,0,0,0,0,0,0,0,2.4,13.3
2025-04-11 06:11:40,0,0,0,0,0,0,0,0,0,0,0,0,1.9,13.3
2025-04-11 06:11:45,0,0,0,0,0,0,0,0,0,0,0,0,1.6,13.3
2025-04-11 06:11:50,0,0,0,0,0,0,0,0,0,0,0,0,1.3,13.3
2025-04-11 06:11:55,0,0,0,0,0,0,0,0,0,0,0,0,1.2,13.3
2025-04-11 06:12:00,0,0,0,0,0,0,0,0,0,0,0,0,1.2,13.3
2025-04-11 06:12:05,0,0,0,0,0,0,0,0,0,0,0,0,1.3,13.3
2025-04-11 06:12:10,0,0,0,0,0,0,0,0,0,0,0,0,1.4,13.3
2025-04-11 06:12:15,0,0,0,0,0,0,0,0,0,0,0,0,1.2,13.3
2025-04-11 06:12:20,0,0,0,0,0,0,0,0,0,0,0,0,1.2,13.3
2025-04-11 06:12:25,0,0,0,0,0,0,0,0,0,0,0,0,1.2,13.3
2025-04-11 06:12:30,0,0,0,0,0,0,0,0,0,0,0,0,1.1,13.3
2025-04-11 06:12:35,0,0,0,0,0,0,0,0,0,0,0,0,0.9,13.3
2025-04-11 06:12:40,0,0,0,0,0,0,0,0,0,0,0,0,1.0,13.3
2025-04-11 06:12:45,0,0,0,0,0,0,0,0,0,0,0,0,1.4,13.3
2025-04-11 06:12:50,0,0,0,0,0,0,0,0,0,0,0,0,1.5,13.3
2025-04-11 06:12:55,0,0,0,0,0,0,0,0,0,0,0,0,1.7,13.3
2025-04-11 06:13:00,0,0,0,0,0,0,0,0,0,0,0,0,1.7,13.3
2025-04-11 06:13:05,0,0,0,0,0,0,0,0,0,0,0,0,1.5,13.3
2025-04-11 06:13:10,0,0,0,0,0,0,0,0,0,0,0,0,1.4,13.3
2025-04-11 06:13:15,0,0,0,0,0,0,0,0,0,0,0,0,1.4,13.3
2025-04-11 06:13:20,0,0,0,0,0,0,0,0,0,0,0,0,1.4,13.3
2025-04-11 06:13:25,0,0,0,0,0,0,0,0,0,0,0,0,1.4,13.3
2025-04-11 06:13:30,0,0,0,0,0,0,0,0,0,0,0,0,1.4,13.3
2025-04-11 06:13:35,0,0,0,0,0,0,0,0,0,0,0,0,1.3,13.3
2025-04-11 06:13:40,0,0,0,0,0,0,0,0,0,0,0,0,1.2,13.3
2025-04-11 06:13:45,0,0,0,0,0,0,0,0,0,0,0,0,1.0,13.3
2025-04-11 06:13:50,0,0,0,0,0,0,0,0,0,0,0,0,0.8,13.3
2025-04-11 06:13:55,0,0,0,0,0,0,0,0,0,0,0,0,0.7,13.3
2025-04-11 06:14:00,0,0,0,0,0,0,0,0,0,0,0,0,0.7,13.3
2025-04-11 06:14:05,0,0,0,0,0,0,0,0,0,0,0,0,0.7,13.2
2025-04-11 06:14:10,0,0,0,0,0,0,0,0,0,0,0,0,0.7,13.3
2025-04-11 06:14:15,0,0,0,0,0,0,0,0,0,0,0,0,0.9,13.3
2025-04-11 06:14:20,0,0,0,0,0,0,0,0,0,0,0,0,1.0,13.2
2025-04-11 06:14:25,0,0,0,0,0,0,0,0,0,0,0,0,1.1,13.2
2025-04-11 06:14:30,0,0,0,0,0,0,0,0,0,0,0,0,1.1,13.3
2025-04-11 06:14:35,0,0,0,0,0,0,0,0,0,0,0,0,1.1,13.2
2025-04-11 06:14:40,0,0,0,0,0,0,0,0,0,0,0,0,1.0,13.2
2025-04-11 06:14:45,0,0,0,0,0,0,0,0,0,0,0,0,1.0,13.2
2025-04-11 06:14:50,0,0,0,0,0,0,0,0,0,0,0,0,0.8,13.2
2025-04-11 06:14:55,0,0,0,0,0,0,0,0,0,0,0,0,0.8,13.2
2025-04-11 06:15:00,0,0,0,0,0,0,0,0,0,0,0,0,0.8,13.2
2025-04-11 06:15:05,0,0,0,0,0,0,0,0,0,0,0,0,1.1,13.2
2025-04-11 06:15:10,0,0,0,0,0,0,0,0,0,0,0,0,1.4,13.2
2025-04-11 06:15:15,0,0,0,0,0,0,0,0,0,0,0,0,1.8,13.2
2025-04-11 06:15:20,0,0,0,0,0,0,0,0,0,0,0,0,2.1,13.2
2025-04-11 06:15:25,0,0,0,0,0,0,0,0,0,0,0,0,3.0,13.2
2025-04-11 06:15:30,0,0,0,0,0,0,0,0,0,0,0,0,2.8,13.2
2025-04-11 06:15:35,0,0,0,0,0,0,0,0,0,0,0,0,2.8,13.2
2025-04-11 06:15:40,0,0,0,0,0,0,0,0,0,0,0,0,2.9,13.2
2025-04-11 06:15:45,0,0,0,0,0,0,0,0,0,0,0,0,2.8,13.2
2025-04-11 06:15:50,0,0,0,0,0,0,0,0,0,0,0,0,2.5,13.2
2025-04-11 06:15:55,0,0,0,0,0,0,0,0,0,0,0,0,2.2,13.2
2025-04-11 06:16:00,0,0,0,0,0,0,0,0,0,0,0,0,1.6,13.2
2025-04-11 06:16:05,0,0,0,0,0,0,0,0,0,0,0,0,1.4,13.2
2025-04-11 06:16:10,0,0,0,0,0,0,0,0,0,0,0,0,1.3,13.2
2025-04-11 06:16:15,0,0,0,0,0,0,0,0,0,0,0,0,1.2,13.2
2025-04-11 06:16:20,0,0,0,0,0,0,0,0,0,0,0,0,1.3,13.2
2025-04-11 06:16:25,0,0,0,0,0,0,0,0,0,0,0,0,1.8,13.2
2025-04-11 06:16:30,0,0,0,0,0,0,0,0,0,0,0,0,2.3,13.2
2025-04-11 06:16:35,0,0,0,0,0,0,0,0,0,0,0,0,3.2,13.2
2025-04-11 06:16:40,0,0,0,0,0,0,0,0,0,0,0,0,3.6,13.2
2025-04-11 06:16:45,0,0,0,0,0,0,0,0,0,0,0,0,3.0,13.2
2025-04-11 06:16:50,0,0,0,0,0,0,0,0,0,0,0,0,3.2,13.2
2025-04-11 06:16:55,0,0,0,0,0,0,0,0,0,0,0,0,3.0,13.2
2025-04-11 06:17:00,0,0,0,0,0,0,0,0,0,0,0,0,2.9,13.2
2025-04-11 06:17:05,0,0,0,0,0,0,0,0,0,0,0,0,2.3,13.2
2025-04-11 06:17:10,0,0,0,0,0,0,0,0,0,0,0,0,2.0,13.2
2025-04-11 06:17:15,0,0,0,0,0,0,0,0,0,0,0,0,1.6,13.2
2025-04-11 06:17:20,0,0,0,0,0,0,0,0,0,0,0,0,1.2,13.2
2025-04-11 06:17:25,0,0,0,0,0,0,0,0,0,0,0,0,1.2,13.2
2025-04-11 06:17:30,0,0,0,0,0,0,0,0,0,0,0,0,1.0,13.2
2025-04-11 06:17:35,0,0,0,0,0,0,0,0,0,0,0,0,1.2,13.2
2025-04-11 06:17:40,0,0,0,0,0,0,0,0,0,0,0,0,1.1,13.2
2025-04-11 06:17:45,0,0,0,0,0,0,0,0,0,0,0,0,1.2,13.2
2025-04-11 06:17:50,0,0,0,0,0,0,0,0,0,0,0,0,1.0,13.2
2025-04-11 06:17:55,0,0,0,0,0,0,0,0,0,0,0,0,1.2,13.2
2025-04-11 06:18:00,0,0,0,0,0,0,0,0,0,0,0,0,1.3,13.2
2025-04-11 06:18:05,0,0,0,0,0,0,0,0,0,0,0,0,1.3,13.2
2025-04-11 06:18:10,0,0,0,0,0,0,0,0,0,0,0,0,1.6,13.2
2025-04-11 06:18:15,0,0,0,0,0,0,0,0,0,0,0,0,1.7,13.2
2025-04-11 06:18:20,0,0,0,0,0,0,0,0,0,0,0,0,2.4,13.2
2025-04-11 06:18:25,0,0,0,0,0,0,0,0,0,0,0,0,2.3,13.2
2025-04-11 06:18:30,0,0,0,0,0,0,0,0,0,0,0,0,2.0,13.2
2025-04-11 06:18:35,0,0,0,0,0,0,0,0,0,0,0,0,1.8,13.2
2025-04-11 06:18:40,0,0,0,0,0,0,0,0,0,0,0,0,2.1,13.2
2025-04-11 06:18:45,0,0,0,0,0,0,0,0,0,0,0,0,2.1,13.2
2025-04-11 06:18:50,0,0,0,0,0,0,0,0,0,0,0,0,2.1,13.2
2025-04-11 06:18:55,0,0,0,0,0,0,0,0,0,0,0,0,1.8,13.2
2025-04-11 06:19:00,0,0,0,0,0,0,0,0,0,0,0,0,1.7,13.2
2025-04-11 06:19:05,0,0,0,0,0,0,0,0,0,0,0,0,1.5,13.2
2025-04-11 06:19:10,0,0,0,0,0,0,0,0,0,0,0,0,1.3,13.2
2025-04-11 06:19:15,0,0,0,0,0,0,0,0,0,0,0,0,1.2,13.2
2025-04-11 06:19:20,0,0,0,0,0,0,0,0,0,0,0,0,1.0,13.2
2025-04-11 06:19:25,0,0,0,0,0,0,0,0,0,0,0,0,0.8,13.2
2025-04-11 06:19:30,0,0,0,0,0,0,0,0,0,0,0,0,1.0,13.2
2025-04-11 06:19:35,0,0,0,0,0,0,0,0,0,0,0,0,1.1,13.2
2025-04-11 06:19:40,0,0,0,0,0,0,0,0,0,0,0,0,1.0,13.2
2025-04-11 06:19:45,0,0,0,0,0,0,0,0,0,0,0,0,1.0,13.2
2025-04-11 06:19:50,0,0,0,0,0,0,0,0,0,0,0,0,1.6,13.2
2025-04-11 06:19:55,0,0,0,0,0,0,0,0,0,0,0,0,1.6,13.2
2025-04-11 06:20:00,0,0,0,0,0,0,0,0,0,0,0,0,1.5,13.2
2025-04-11 06:20:05,0,0,0,0,0,0,0,0,0,0,0,0,1.3,13.2
2025-04-11 06:20:10,0,0,0,0,0,0,0,0,0,0,0,0,1.2,13.2
2025-04-11 06:20:15,0,0,0,0,0,0,0,0,0,0,0,0,1.0,13.2
2025-04-11 06:20:20,0,0,0,0,0,0,0,0,0,0,0,0,0.9,13.2
2025-04-11 06:20:25,0,0,0,0,0,0,0,0,0,0,0,0,0.8,13.2
2025-04-11 06:20:30,0,0,0,0,0,0,0,0,0,0,0,0,0.7,13.2
2025-04-11 06:20:35,0,0,0,0,0,0,0,0,0,0,0,0,0.7,13.2
2025-04-11 06:20:40,0,0,0,0,0,0,0,0,0,0,0,0,0.8,13.2
2025-04-11 06:20:45,0,0,0,0,0,0,0,0,0,0,0,0,0.9,13.2
2025-04-11 06:20:50,0,0,0,0,0,0,0,0,0,0,0,0,1.2,13.2
2025-04-11 06:20:55,0,0,0,0,0,0,0,0,0,0,0,0,1.2,13.2
2025-04-11 06:21:00,0,0,0,0,0,0,0,0,0,0,0,0,1.3,13.2
2025-04-11 06:21:05,0,0,0,0,0,0,0,0,0,0,0,0,1.2,13.2
2025-04-11 06:21:10,0,0,0,0,0,0,0,0,0,0,0,0,1.0,13.2
2025-04-11 06:21:15,0,0,0,0,0,0,0,0,0,0,0,0,0.9,13.2
2025-04-11 06:21:20,0,0,0,0,0,0,0,0,0,0,0,0,0.7,13.2
2025-04-11 06:21:25,0,0,0,0,0,0,0,0,0,0,0,0,0.6,13.2
2025-04-11 06:21:30,0,0,0,0,0,0,0,0,0,0,0,0,0.9,13.2
2025-04-11 06:21:35,0,0,0,0,0,0,0,0,0,0,0,0,0.9,13.2
2025-04-11 06:21:40,0,0,0,0,0,0,0,0,0,0,0,0,0.8,13.1
2025-04-11 06:21:45,0,0,0,0,0,0,0,0,0,0,0,0,0.7,13.2
2025-04-11 06:21:50,0,0,0,0,0,0,0,0,0,0,0,0,0.6,13.2
2025-04-11 06:21:55,0,0,0,0,0,0,0,0,0,0,0,0,0.4,13.2
2025-04-11 06:22:00,0,0,0,0,0,0,0,0,0,0,0,0,0.4,13.1
2025-04-11 06:22:05,0,0,0,0,0,0,0,0,0,0,0,0,0.3,13.1
2025-04-11 06:22:10,0,0,0,0,0,0,0,0,0,0,0,0,0.3,13.2
2025-04-11 06:22:15,0,0,0,0,0,0,0,0,0,0,0,0,0.4,13.2
2025-04-11 06:22:20,0,0,0,0,0,0,0,0,0,0,0,0,0.5,13.2
2025-04-11 06:22:25,0,0,0,0,0,0,0,0,0,0,0,0,0.4,13.1
2025-04-11 06:22:30,0,0,0,0,0,0,0,0,0,0,0,0,0.4,13.1
2025-04-11 06:22:35,0,0,0,0,0,0,0,0,0,0,0,0,0.3,13.1
2025-04-11 06:22:40,0,0,0,0,0,0,0,0,0,0,0,0,0.4,13.1
2025-04-11 06:22:45,0,0,0,0,0,0,0,0,0,0,0,0,0.4,13.1
2025-04-11 06:22:50,0,0,0,0,0,0,0,0,0,0,0,0,0.4,13.1
2025-04-11 06:22:55,0,0,0,0,0,0,0,0,0,0,0,0,0.4,13.1
2025-04-11 06:23:00,0,0,0,0,0,0,0,0,0,0,0,0,0.5,13.1
2025-04-11 06:23:05,0,0,0,0,0,0,0,0,0,0,0,0,0.6,13.1
2025-04-11 06:23:10,0,0,0,0,0,0,0,0,0,0,0,0,0.8,13.1
2025-04-11 06:23:15,0,0,0,0,0,0,0,0,0,0,0,0,0.9,13.1
2025-04-11 06:23:20,0,0,0,0,0,0,0,0,0,0,0,0,1.0,13.1
2025-04-11 06:23:25,0,0,0,0,0,0,0,0,0,0,0,0,1.2,13.1
2025-04-11 06:23:30,0,0,0,0,0,0,0,0,0,0,0,0,1.4,13.1
2025-04-11 06:23:35,0,0,0,0,0,0,0,0,0,0,0,0,1.4,13.1
2025-04-11 06:23:40,0,0,0,0,0,0,0,0,0,0,0,0,1.6,13.1
2025-04-11 06:23:45,0,0,0,0,0,0,0,0,0,0,0,0,1.5,13.1
2025-04-11 06:23:50,0,0,0,0,0,0,0,0,0,0,0,0,1.4,13.1
2025-04-11 06:23:55,0,0,0,0,0,0,0,0,0,0,0,0,1.5,13.1
2025-04-11 06:24:00,0,0,0,0,0,0,0,0,0,0,0,0,1.6,13.1
2025-04-11 06:24:05,0,0,0,0,0,0,0,0,0,0,0,0,1.6,13.1
2025-04-11 06:24:10,0,0,0,0,0,0,0,0,0,0,0,0,1.6,13.1
2025-04-11 06:24:15,0,0,0,0,0,0,0,0,0,0,0,0,1.5,13.1
2025-04-11 06:24:20,0,0,0,0,0,0,0,0,0,0,0,0,1.4,13.1
2025-04-11 06:24:25,0,0,0,0,0,0,0,0,0,0,0,0,1.2,13.1
2025-04-11 06:24:30,0,0,0,0,0,0,0,0,0,0,0,0,1.1,13.1
2025-04-11 06:24:35,0,0,0,0,0,0,0,0,0,0,0,0,1.3,13.1
2025-04-11 06:24:40,0,0,0,0,0,0,0,0,0,0,0,0,2.3,13.1
2025-04-11 06:24:45,0,0,0,0,0,0,0,0,0,0,0,0,2.6,13.1
2025-04-11 06:24:50,0,0,0,0,0,0,0,0,0,0,0,0,2.4,13.1
2025-04-11 06:24:55,0,0,0,0,0,0,0,0,0,0,0,0,2.3,13.1
2025-04-11 06:25:00,0,0,0,0,0,0,0,0,0,0,0,0,2.3,13.1
2025-04-11 06:25:05,0,0,0,0,0,0,0,0,0,0,0,0,2.2,13.1
2025-04-11 06:25:10,0,0,0,0,0,0,0,0,0,0,0,0,2.0,13.1
2025-04-11 06:25:15,0,0,0,0,0,0,0,0,0,0,0,0,2.4,13.1
2025-04-11 06:25:20,0,0,0,0,0,0,0,0,0,0,0,0,2.4,13.1
2025-04-11 06:25:25,0,0,0,0,0,0,0,0,0,0,0,0,2.6,13.1
2025-04-11 06:25:30,0,0,0,0,0,0,0,0,0,0,0,0,2.4,13.0
2025-04-11 06:25:35,0,0,0,0,0,0,0,0,0,0,0,0,2.1,13.1
2025-04-11 06:25:40,0,0,0,0,0,0,0,0,0,0,0,0,2.7,13.1
2025-04-11 06:25:45,0,0,0,0,0,0,0,0,0,0,0,0,2.8,13.1
2025-04-11 06:25:50,0,0,0,0,0,0,0,0,0,0,0,0,3.0,13.1
2025-04-11 06:25:55,0,0,0,0,0,0,0,0,0,0,0,0,2.8,13.1
2025-04-11 06:26:00,0,0,0,0,0,0,0,0,0,0,0,0,2.8,13.1
2025-04-11 06:26:05,0,0,0,0,0,0,0,0,0,0,0,0,2.9,13.1
2025-04-11 06:26:10,0,0,0,0,0,0,0,0,0,0,0,0,2.7,13.1
2025-04-11 06:26:15,0,0,0,0,0,0,0,0,0,0,0,0,2.7,13.1
2025-04-11 06:26:20,0,0,0,0,0,0,0,0,0,0,0,0,2.5,13.1
2025-04-11 06:26:25,0,0,0,0,0,0,0,0,0,0,0,0,2.2,13.1
2025-04-11 06:26:30,0,0,0,0,0,0,0,0,0,0,0,0,2.5,13.1
2025-04-11 06:26:35,0,0,0,0,0,0,0,0,0,0,0,0,2.8,13.1
2025-04-11 06:26:40,0,0,0,0,0,0,0,0,0,0,0,0,2.5,13.1
2025-04-11 06:26:45,0,0,0,0,0,0,0,0,0,0,0,0,1.9,13.1
2025-04-11 06:26:50,0,0,0,0,0,0,0,0,0,0,0,0,1.8,13.1
2025-04-11 06:26:55,0,0,0,0,0,0,0,0,0,0,0,0,1.8,13.1
2025-04-11 06:27:00,0,0,0,0,0,0,0,0,0,0,0,0,1.8,13.1
2025-04-11 06:27:05,0,0,0,0,0,0,0,0,0,0,0,0,2.0,13.1
2025-04-11 06:27:10,0,0,0,0,0,0,0,0,0,0,0,0,2.1,13.1
2025-04-11 06:27:15,0,0,0,0,0,0,0,0,0,0,0,0,2.5,13.1
2025-04-11 06:27:20,0,0,0,0,0,0,0,0,0,0,0,0,2.8,13.1
2025-04-11 06:27:25,0,0,0,0,0,0,0,0,0,0,0,0,2.4,13.1
2025-04-11 06:27:30,0,0,0,0,0,0,0,0,0,0,0,0,2.5,13.1
2025-04-11 06:27:35,0,0,0,0,0,0,0,0,0,0,0,0,2.7,13.1
2025-04-11 06:27:40,0,0,0,0,0,0,0,0,0,0,0,0,3.5,13.1
2025-04-11 06:27:45,0,0,0,0,0,0,0,0,0,0,0,0,3.3,13.1
2025-04-11 06:27:50,0,0,0,0,0,0,0,0,0,0,0,0,3.3,13.1
2025-04-11 06:27:55,0,0,0,0,0,0,0,0,0,0,0,0,2.7,13.1
2025-04-11 06:28:00,0,0,0,0,0,0,0,0,0,0,0,0,3.1,13.1
2025-04-11 06:28:05,0,0,0,0,0,0,0,0,0,0,0,0,3.8,13.1
2025-04-11 06:28:10,0,0,0,0,0,0,0,0,0,0,0,0,3.8,13.1
2025-04-11 06:28:15,0,0,0,0,0,0,0,0,0,0,0,0,2.9,13.1
2025-04-11 06:28:20,0,0,0,0,0,0,0,0,0,0,0,0,2.6,13.1
2025-04-11 06:28:25,0,0,0,0,0,0,0,0,0,0,0,0,2.2,13.1
2025-04-11 06:28:30,0,0,0,0,0,0,0,0,0,0,0,0,2.3,13.1
2025-04-11 06:28:35,0,0,0,0,0,0,0,0,0,0,0,0,2.3,13.1
2025-04-11 06:28:40,0,0,0,0,0,0,0,0,0,0,0,0,2.0,13.1
2025-04-11 06:28:45,0,0,0,0,0,0,0,0,0,0,0,0,2.2,13.1
2025-04-11 06:28:50,0,0,0,0,0,0,0,0,0,0,0,0,2.0,13.1
2025-04-11 06:28:55,0,0,0,0,0,0,0,0,0,0,0,0,1.8,13.1
2025-04-11 06:29:00,0,0,0,0,0,0,0,0,0,0,0,0,1.6,13.1
2025-04-11 06:29:05,0,0,0,0,0,0,0,0,0,0,0,0,1.2,13.1
2025-04-11 06:29:10,0,0,0,0,0,0,0,0,0,0,0,0,1.1,13.1
2025-04-11 06:29:15,0,0,0,0,0,0,0,0,0,0,0,0,1.0,13.0
2025-04-11 06:29:20,0,0,0,0,0,0,0,0,0,0,0,0,0.8,13.1
2025-04-11 06:29:25,0,0,0,0,0,0,0,0,0,0,0,0,0.6,13.1
2025-04-11 06:29:30,0,0,0,0,0,0,0,0,0,0,0,0,0.5,13.0
2025-04-11 06:29:35,0,0,0,0,0,0,0,0,0,0,0,0,0.5,13.1
2025-04-11 06:29:40,0,0,0,0,0,0,0,0,0,0,0,0,0.6,13.0
2025-04-11 06:29:45,0,0,0,0,0,0,0,0,0,0,0,0,0.6,13.0
2025-04-11 06:29:50,0,0,0,0,0,0,0,0,0,0,0,0,0.5,13.1
2025-04-11 06:29:55,0,0,0,0,0,0,0,0,0,0,0,0,0.4,13.0
2025-04-11 06:30:00,0,0,0,0,0,0,0,0,0,0,0,0,0.3,13.0
2025-04-11 06:30:05,0,0,0,0,0,0,0,0,0,0,0,0,0.5,13.0
2025-04-11 06:30:10,0,0,0,0,0,0,0,0,0,0,0,0,0.5,13.0
2025-04-11 06:30:15,0,0,0,0,0,0,0,0,0,0,0,0,0.5,13.0
2025-04-11 06:30:20,0,0,0,0,0,0,0,0,0,0,0,0,0.4,13.0
2025-04-11 06:30:25,0,0,0,0,0,0,0,0,0,0,0,0,0.4,13.0
2025-04-11 06:30:30,0,0,0,0,0,0,0,0,0,0,0,0,0.4,13.0
2025-04-11 06:30:35,0,0,0,0,0,0,0,0,0,0,0,0,0.7,13.0
2025-04-11 06:30:40,0,0,0,0,0,0,0,0,0,0,0,0,0.6,13.0
2025-04-11 06:30:45,0,0,0,0,0,0,0,0,0,0,0,0,0.5,13.0
2025-04-11 06:30:50,0,0,0,0,0,0,0,0,0,0,0,0,1.0,13.0
2025-04-11 06:30:55,0,0,0,0,0,0,0,0,0,0,0,0,1.0,13.0
2025-04-11 06:31:00,0,0,0,0,0,0,0,0,0,0,0,0,1.3,13.0
2025-04-11 06:31:05,0,0,0,0,0,0,0,0,0,0,0,0,1.2,13.0
2025-04-11 06:31:10,0,0,0,0,0,0,0,0,0,0,0,0,1.3,13.0
2025-04-11 06:31:15,0,0,0,0,0,0,0,0,0,0,0,0,1.4,13.0
2025-04-11 06:31:20,0,0,0,0,0,0,0,0,0,0,0,0,1.3,13.0
2025-04-11 06:31:25,0,0,0,0,0,0,0,0,0,0,0,0,1.2,13.0
2025-04-11 06:31:30,0,0,0,0,0,0,0,0,0,0,0,0,0.9,13.0
2025-04-11 06:31:35,0,0,0,0,0,0,0,0,0,0,0,0,0.8,13.0
2025-04-11 06:31:40,0,0,0,0,0,0,0,0,0,0,0,0,0.6,13.0
2025-04-11 06:31:45,0,0,0,0,0,0,0,0,0,0,0,0,0.7,13.0
2025-04-11 06:31:50,0,0,0,0,0,0,0,0,0,0,0,0,0.8,13.0
2025-04-11 06:31:55,0,0,0,0,0,0,0,0,0,0,0,0,0.9,13.0
2025-04-11 06:32:00,0,0,0,0,0,0,0,0,0,0,0,0,0.9,13.0
2025-04-11 06:32:05,0,0,0,0,0,0,0,0,0,0,0,0,1.0,13.0
2025-04-11 06:32:10,0,0,0,0,0,0,0,0,0,0,0,0,1.0,13.0
2025-04-11 06:32:15,0,0,0,0,0,0,0,0,0,0,0,0,1.0,13.0
2025-04-11 06:32:20,0,0,0,0,0,0,0,0,0,0,0,0,1.0,13.0
2025-04-11 06:32:25,0,0,0,0,0,0,0,0,0,0,0,0,1.4,13.0
2025-04-11 06:32:30,0,0,0,0,0,0,0,0,0,0,0,0,1.3,13.0
2025-04-11 06:32:35,0,0,0,0,0,0,0,0,0,0,0,0,1.2,12.9
2025-04-11 06:32:40,0,0,0,0,0,0,0,0,0,0,0,0,1.2,13.0
2025-04-11 06:32:45,0,0,0,0,0,0,0,0,0,0,0,0,1.6,13.0
2025-04-11 06:32:50,0,0,0,0,0,0,0,0,0,0,0,0,2.2,13.0
2025-04-11 06:32:55,0,0,0,0,0,0,0,0,0,0,0,0,2.3,12.9
2025-04-11 06:33:00,0,0,0,0,0,0,0,0,0,0,0,0,1.9,13.0
2025-04-11 06:33:05,0,0,0,0,0,0,0,0,0,0,0,0,1.6,13.0
2025-04-11 06:33:10,0,0,0,0,0,0,0,0,0,0,0,0,1.3,13.0
2025-04-11 06:33:15,0,0,0,0,0,0,0,0,0,0,0,0,1.3,13.0
2025-04-11 06:33:20,0,0,0,0,0,0,0,0,0,0,0,0,1.3,13.0
2025-04-11 06:33:25,0,0,0,0,0,0,0,0,0,0,0,0,1.2,12.9
2025-04-11 06:33:30,0,0,0,0,0,0,0,0,0,0,0,0,1.0,12.9
2025-04-11 06:33:35,0,0,0,0,0,0,0,0,0,0,0,0,0.9,12.9
2025-04-11 06:33:40,0,0,0,0,0,0,0,0,0,0,0,0,0.9,12.9
2025-04-11 06:33:45,0,0,0,0,0,0,0,0,0,0,0,0,0.8,12.9
2025-04-11 06:33:50,0,0,0,0,0,0,0,0,0,0,0,0,1.1,12.9
2025-04-11 06:33:55,0,0,0,0,0,0,0,0,0,0,0,0,1.3,12.9
2025-04-11 06:34:00,0,0,0,0,0,0,0,0,0,0,0,0,1.1,12.9
2025-04-11 06:34:05,0,0,0,0,0,0,0,0,0,0,0,0,1.0,12.9
2025-04-11 06:34:10,0,0,0,0,0,0,0,0,0,0,0,0,1.3,12.9
2025-04-11 06:34:15,0,0,0,0,0,0,0,0,0,0,0,0,1.3,12.9
2025-04-11 06:34:20,0,0,0,0,0,0,0,0,0,0,0,0,1.3,12.9
2025-04-11 06:34:25,0,0,0,0,0,0,0,0,0,0,0,0,1.5,12.9
2025-04-11 06:34:30,0,0,0,0,0,0,0,0,0,0,0,0,1.3,12.9
2025-04-11 06:34:35,0,0,0,0,0,0,0,0,0,0,0,0,1.1,12.9
2025-04-11 06:34:40,0,0,0,0,0,0,0,0,0,0,0,0,0.8,12.9
2025-04-11 06:34:45,0,0,0,0,0,0,0,0,0,0,0,0,0.7,12.9
2025-04-11 06:34:50,0,0,0,0,0,0,0,0,0,0,0,0,0.6,12.9
2025-04-11 06:34:55,0,0,0,0,0,0,0,0,0,0,0,0,1.0,12.9
2025-04-11 06:35:00,0,0,0,0,0,0,0,0,0,0,0,0,1.3,12.9
2025-04-11 06:35:05,0,0,0,0,0,0,0,0,0,0,0,0,1.4,12.9
2025-04-11 06:35:10,0,0,0,0,0,0,0,0,0,0,0,0,1.4,12.9
2025-04-11 06:35:15,0,0,0,0,0,0,0,0,0,0,0,0,1.2,12.9
2025-04-11 06:35:20,0,0,0,0,0,0,0,0,0,0,0,0,1.4,12.9
2025-04-11 06:35:25,0,0,0,0,0,0,0,0,0,0,0,0,1.8,12.9
2025-04-11 06:35:30,0,0,0,0,0,0,0,0,0,0,0,0,2.0,12.9
2025-04-11 06:35:35,0,0,0,0,0,0,0,0,0,0,0,0,1.8,12.9
2025-04-11 06:35:40,0,0,0,0,0,0,0,0,0,0,0,0,1.4,12.9
2025-04-11 06:35:45,0,0,0,0,0,0,0,0,0,0,0,0,2.2,12.9
2025-04-11 06:35:50,0,0,0,0,0,0,0,0,0,0,0,0,3.4,12.9
2025-04-11 06:35:55,0,0,0,0,0,0,0,0,0,0,0,0,3.2,12.9
2025-04-11 06:36:00,0,0,0,0,0,0,0,0,0,0,0,0,2.9,12.9
2025-04-11 06:36:05,0,0,0,0,0,0,0,0,0,0,0,0,2.5,12.9
2025-04-11 06:36:10,0,0,0,0,0,0,0,0,0,0,0,0,2.2,12.9
2025-04-11 06:36:15,0,0,0,0,0,0,0,0,0,0,0,0,1.9,12.9
2025-04-11 06:36:20,0,0,0,0,0,0,0,0,0,0,0,0,1.6,12.9
2025-04-11 06:36:25,0,0,0,0,0,0,0,0,0,0,0,0,1.7,12.9
2025-04-11 06:36:30,0,0,0,0,0,0,0,0,0,0,0,0,1.7,12.9
2025-04-11 06:36:35,0,0,0,0,0,0,0,0,0,0,0,0,1.7,12.9
2025-04-11 06:36:40,0,0,0,0,0,0,0,0,0,0,0,0,2.1,12.9
2025-04-11 06:36:45,0,0,0,0,0,0,0,0,0,0,0,0,2.6,12.9
2025-04-11 06:36:50,0,0,0,0,0,0,0,0,0,0,0,0,2.8,13.0
2025-04-11 06:36:55,0,0,0,0,0,0,0,0,0,0,0,0,2.5,12.9
2025-04-11 06:37:00,0,0,0,0,0,0,0,0,0,0,0,0,2.1,13.0
2025-04-11 06:37:05,0,0,0,0,0,0,0,0,0,0,0,0,2.3,12.9
2025-04-11 06:37:10,0,0,0,0,0,0,0,0,0,0,0,0,2.3,13.0
2025-04-11 06:37:15,0,0,0,0,0,0,0,0,0,0,0,0,1.8,13.0
2025-04-11 06:37:20,0,0,0,0,0,0,0,0,0,0,0,0,2.0,13.0
2025-04-11 06:37:25,0,0,0,0,0,0,0,0,0,0,0,0,2.6,13.0
2025-04-11 06:37:30,0,0,0,0,0,0,0,0,0,0,0,0,2.4,13.0
2025-04-11 06:37:35,0,0,0,0,0,0,0,0,0,0,0,0,2.3,13.0
2025-04-11 06:37:40,0,0,0,0,0,0,0,0,0,0,0,0,1.7,13.0
2025-04-11 06:37:45,0,0,0,0,0,0,0,0,0,0,0,0,1.6,13.0
2025-04-11 06:37:50,0,0,0,0,0,0,0,0,0,0,0,0,1.7,13.0
2025-04-11 06:37:55,0,0,0,0,0,0,0,0,0,0,0,0,1.6,13.0
2025-04-11 06:38:00,0,0,0,0,0,0,0,0,0,0,0,0,1.4,13.0
2025-04-11 06:38:05,0,0,0,0,0,0,0,0,0,0,0,0,1.3,13.0
2025-04-11 06:38:10,0,0,0,0,0,0,0,0,0,0,0,0,1.3,13.0
2025-04-11 06:38:15,0,0,0,0,0,0,0,0,0,0,0,0,1.2,13.0
2025-04-11 06:38:20,0,0,0,0,0,0,0,0,0,0,0,0,1.1,13.0
2025-04-11 06:38:25,0,0,0,0,0,0,0,0,0,0,0,0,0.9,13.0
2025-04-11 06:38:30,0,0,0,0,0,0,0,0,0,0,0,0,0.8,13.0
2025-04-11 06:38:35,0,0,0,0,0,0,0,0,0,0,0,0,0.8,13.0
2025-04-11 06:38:40,0,0,0,0,0,0,0,0,0,0,0,0,0.8,13.0
2025-04-11 06:38:45,0,0,0,0,0,0,0,0,0,0,0,0,0.9,13.0
2025-04-11 06:38:50,0,0,0,0,0,0,0,0,0,0,0,0,1.2,13.0
2025-04-11 06:38:55,0,0,0,0,0,0,0,0,0,0,0,0,1.8,13.0
2025-04-11 06:39:00,0,0,0,0,0,0,0,0,0,0,0,0,2.0,13.0
2025-04-11 06:39:05,0,0,0,0,0,0,0,0,0,0,0,0,2.0,13.0
2025-04-11 06:39:10,0,0,0,0,0,0,0,0,0,0,0,0,2.1,13.0
2025-04-11 06:39:15,0,0,0,0,0,0,0,0,0,0,0,0,1.6,13.0
2025-04-11 06:39:20,0,0,0,0,0,0,0,0,0,0,0,0,1.3,13.0
2025-04-11 06:39:25,0,0,0,0,0,0,0,0,0,0,0,0,1.1,13.0
2025-04-11 06:39:30,0,0,0,0,0,0,0,0,0,0,0,0,0.9,13.0
2025-04-11 06:39:35,0,0,0,0,0,0,0,0,0,0,0,0,0.7,13.0
2025-04-11 06:39:40,0,0,0,0,0,0,0,0,0,0,0,0,0.9,13.0
2025-04-11 06:39:45,0,0,0,0,0,0,0,0,0,0,0,0,1.2,13.0
2025-04-11 06:39:50,0,0,0,0,0,0,0,0,0,0,0,0,1.2,13.0
2025-04-11 06:39:55,0,0,0,0,0,0,0,0,0,0,0,0,1.2,13.0
2025-04-11 06:40:00,0,0,0,0,0,0,0,0,0,0,0,0,1.1,13.0
2025-04-11 06:40:05,0,0,0,0,0,0,0,0,0,0,0,0,1.1,13.0
2025-04-11 06:40:10,0,0,0,0,0,0,0,0,0,0,0,0,1.2,13.0
2025-04-11 06:40:15,0,0,0,0,0,0,0,0,0,0,0,0,1.5,13.0
2025-04-11 06:40:20,0,0,0,0,0,0,0,0,0,0,0,0,1.4,13.0
2025-04-11 06:40:25,0,0,0,0,0,0,0,0,0,0,0,0,1.6,13.0
2025-04-11 06:40:30,0,0,0,0,0,0,0,0,0,0,0,0,1.6,13.0
2025-04-11 06:40:35,0,0,0,0,0,0,0,0,0,0,0,0,1.6,13.0
2025-04-11 06:40:40,0,0,0,0,0,0,0,0,0,0,0,0,2.1,13.0
2025-04-11 06:40:45,0,0,0,0,0,0,0,0,0,0,0,0,1.9,13.0
2025-04-11 06:40:50,0,0,0,0,0,0,0,0,0,0,0,0,1.5,13.0
2025-04-11 06:40:55,0,0,0,0,0,0,0,0,0,0,0,0,1.5,13.0
2025-04-11 06:41:00,0,0,0,0,0,0,0,0,0,0,0,0,1.3,13.0
2025-04-11 06:41:05,0,0,0,0,0,0,0,0,0,0,0,0,1.1,13.0
2025-04-11 06:41:10,0,0,0,0,0,0,0,0,0,0,0,0,1.2,13.0
2025-04-11 06:41:15,0,0,0,0,0,0,0,0,0,0,0,0,1.1,13.0
2025-04-11 06:41:20,0,0,0,0,0,0,0,0,0,0,0,0,0.8,13.0
2025-04-11 06:41:25,0,0,0,0,0,0,0,0,0,0,0,0,0.7,13.0
2025-04-11 06:41:30,0,0,0,0,0,0,0,0,0,0,0,0,1.1,13.0
2025-04-11 06:41:35,0,0,0,0,0,0,0,0,0,0,0,0,1.4,13.0
2025-04-11 06:41:40,0,0,0,0,0,0,0,0,0,0,0,0,1.6,13.0
2025-04-11 06:41:45,0,0,0,0,0,0,0,0,0,0,0,0,1.5,13.0
2025-04-11 06:41:50,0,0,0,0,0,0,0,0,0,0,0,0,1.3,13.0
2025-04-11 06:41:55,0,0,0,0,0,0,0,0,0,0,0,0,1.2,13.0
2025-04-11 06:42:00,0,0,0,0,0,0,0,0,0,0,0,0,1.0,13.0
2025-04-11 06:42:05,0,0,0,0,0,0,0,0,0,0,0,0,0.9,13.0
2025-04-11 06:42:10,0,0,0,0,0,0,0,0,0,0,0,0,1.4,13.0
2025-04-11 06:42:15,0,0,0,0,0,0,0,0,0,0,0,0,1.8,13.0
2025-04-11 06:42:20,0,0,0,0,0,0,0,0,0,0,0,0,1.6,13.0
2025-04-11 06:42:25,0,0,0,0,0,0,0,0,0,0,0,0,1.5,13.0
2025-04-11 06:42:30,0,0,0,0,0,0,0,0,0,0,0,0,1.4,13.0
2025-04-11 06:42:35,0,0,0,0,0,0,0,0,0,0,0,0,1.1,13.0
2025-04-11 06:42:40,0,0,0,0,0,0,0,0,0,0,0,0,1.0,13.0
2025-04-11 06:42:45,0,0,0,0,0,0,0,0,0,0,0,0,0.9,13.0
2025-04-11 06:42:50,0,0,0,0,0,0,0,0,0,0,0,0,0.7,13.0
2025-04-11 06:42:55,0,0,0,0,0,0,0,0,0,0,0,0,0.7,13.0
2025-04-11 06:43:00,0,0,0,0,0,0,0,0,0,0,0,0,0.6,13.0
2025-04-11 06:43:05,0,0,0,0,0,0,0,0,0,0,0,0,0.5,13.0
2025-04-11 06:43:10,0,0,0,0,0,0,0,0,0,0,0,0,0.5,13.0
2025-04-11 06:43:15,0,0,0,0,0,0,0,0,0,0,0,0,0.4,13.0
2025-04-11 06:43:20,0,0,0,0,0,0,0,0,0,0,0,0,0.3,13.0
2025-04-11 06:43:25,0,0,0,0,0,0,0,0,0,0,0,0,0.3,13.0
2025-04-11 06:43:30,0,0,0,0,0,0,0,0,0,0,0,0,0.5,13.0
2025-04-11 06:43:35,0,0,0,0,0,0,0,0,0,0,0,0,0.4,13.0
2025-04-11 06:43:40,0,0,0,0,0,0,0,0,0,0,0,0,0.4,13.0
2025-04-11 06:43:45,0,0,0,0,0,0,0,0,0,0,0,0,0.4,13.0
2025-04-11 06:43:50,0,0,0,0,0,0,0,0,0,0,0,0,0.9,13.0
2025-04-11 06:43:55,0,0,0,0,0,0,0,0,0,0,0,0,0.9,13.0
2025-04-11 06:44:00,0,0,0,0,0,0,0,0,0,0,0,0,1.1,13.0
2025-04-11 06:44:05,0,0,0,0,0,0,0,0,0,0,0,0,1.0,13.0
2025-04-11 06:44:10,0,0,0,0,0,0,0,0,0,0,0,0,1.1,13.0
2025-04-11 06:44:15,0,0,0,0,0,0,0,0,0,0,0,0,1.2,13.0
2025-04-11 06:44:20,0,0,0,0,0,0,0,0,0,0,0,0,1.2,13.0
2025-04-11 06:44:25,0,0,0,0,0,0,0,0,0,0,0,0,1.4,13.0
2025-04-11 06:44:30,0,0,0,0,0,0,0,0,0,0,0,0,1.4,13.0
2025-04-11 06:44:35,0,0,0,0,0,0,0,0,0,0,0,0,1.4,13.0
2025-04-11 06:44:40,0,0,0,0,0,0,0,0,0,0,0,0,1.5,13.0
2025-04-11 06:44:45,0,0,0,0,0,0,0,0,0,0,0,0,1.4,13.0
2025-04-11 06:44:50,0,0,0,0,0,0,0,0,0,0,0,0,1.3,13.0
2025-04-11 06:44:55,0,0,0,0,0,0,0,0,0,0,0,0,1.3,13.0
2025-04-11 06:45:00,0,0,0,0,0,0,0,0,0,0,0,0,1.2,13.0
2025-04-11 06:45:05,0,0,0,0,0,0,0,0,0,0,0,0,1.3,13.0
2025-04-11 06:45:10,0,0,0,0,0,0,0,0,0,0,0,0,1.6,13.0
2025-04-11 06:45:15,0,0,0,0,0,0,0,0,0,0,0,0,1.9,13.0
2025-04-11 06:45:20,0,0,0,0,0,0,0,0,0,0,0,0,1.7,13.0
2025-04-11 06:45:25,0,0,0,0,0,0,0,0,0,0,0,0,1.9,13.1
2025-04-11 06:45:30,0,0,0,0,0,0,0,0,0,0,0,0,2.2,13.0
2025-04-11 06:45:35,0,0,0,0,0,0,0,0,0,0,0,0,2.3,13.0
2025-04-11 06:45:40,0,0,0,0,0,0,0,0,0,0,0,0,2.3,13.0
2025-04-11 06:45:45,0,0,0,0,0,0,0,0,0,0,0,0,2.4,13.1
2025-04-11 06:45:50,0,0,0,0,0,0,0,0,0,0,0,0,2.3,13.0
2025-04-11 06:45:55,0,0,0,0,0,0,0,0,0,0,0,0,2.2,13.1
2025-04-11 06:46:00,0,0,0,0,0,0,0,0,0,0,0,0,1.6,13.1
2025-04-11 06:46:05,0,0,0,0,0,0,0,0,0,0,0,0,1.4,13.0
2025-04-11 06:46:10,0,0,0,0,0,0,0,0,0,0,0,0,1.1,13.0
2025-04-11 06:46:15,0,0,0,0,0,0,0,0,0,0,0,0,0.9,13.1
2025-04-11 06:46:20,0,0,0,0,0,0,0,0,0,0,0,0,0.9,13.1
2025-04-11 06:46:25,0,0,0,0,0,0,0,0,0,0,0,0,0.9,13.0
2025-04-11 06:46:30,0,0,0,0,0,0,0,0,0,0,0,0,0.9,13.0
2025-04-11 06:46:35,0,0,0,0,0,0,0,0,0,0,0,0,0.8,13.0
2025-04-11 06:46:40,0,0,0,0,0,0,0,0,0,0,0,0,0.8,13.1
2025-04-11 06:46:45,0,0,0,0,0,0,0,0,0,0,0,0,0.7,13.1
2025-04-11 06:46:50,0,0,0,0,0,0,0,0,0,0,0,0,0.8,13.1
2025-04-11 06:46:55,0,0,0,0,0,0,0,0,0,0,0,0,1.0,13.1
2025-04-11 06:47:00,0,0,0,0,0,0,0,0,0,0,0,0,1.0,13.1
2025-04-11 06:47:05,0,0,0,0,0,0,0,0,0,0,0,0,0.9,13.1
2025-04-11 06:47:10,0,0,0,0,0,0,0,0,0,0,0,0,0.9,13.0
2025-04-11 06:47:15,0,0,0,0,0,0,0,0,0,0,0,0,0.9,13.1
2025-04-11 06:47:20,0,0,0,0,0,0,0,0,0,0,0,0,0.9,13.1
2025-04-11 06:47:25,0,0,0,0,0,0,0,0,0,0,0,0,1.0,13.1
2025-04-11 06:47:30,0,0,0,0,0,0,0,0,0,0,0,0,1.0,13.0
2025-04-11 06:47:35,0,0,0,0,0,0,0,0,0,0,0,0,0.9,13.1
2025-04-11 06:47:40,0,0,0,0,0,0,0,0,0,0,0,0,0.8,13.1
2025-04-11 06:47:45,0,0,0,0,0,0,0,0,0,0,0,0,0.9,13.0
2025-04-11 06:47:50,0,0,0,0,0,0,0,0,0,0,0,0,0.9,13.1
2025-04-11 06:47:55,0,0,0,0,0,0,0,0,0,0,0,0,0.8,13.1
2025-04-11 06:48:00,0,0,0,0,0,0,0,0,0,0,0,0,0.6,13.1
2025-04-11 06:48:05,0,0,0,0,0,0,0,0,0,0,0,0,1.0,13.0
2025-04-11 06:48:10,0,0,0,0,0,0,0,0,0,0,0,0,1.3,13.1
2025-04-11 06:48:15,0,0,0,0,0,0,0,0,0,0,0,0,1.5,13.1
2025-04-11 06:48:20,0,0,0,0,0,0,0,0,0,0,0,0,1.3,13.1
2025-04-11 06:48:25,0,0,0,0,0,0,0,0,0,0,0,0,1.3,13.1
2025-04-11 06:48:30,0,0,0,0,0,0,0,0,0,0,0,0,1.2,13.1
2025-04-11 06:48:35,0,0,0,0,0,0,0,0,0,0,0,0,1.3,13.1
2025-04-11 06:48:40,0,0,0,0,0,0,0,0,0,0,0,0,1.1,13.1
2025-04-11 06:48:45,0,0,0,0,0,0,0,0,0,0,0,0,1.2,13.1
2025-04-11 06:48:50,0,0,0,0,0,0,0,0,0,0,0,0,1.4,13.1
2025-04-11 06:48:55,0,0,0,0,0,0,0,0,0,0,0,0,1.5,13.1
2025-04-11 06:49:00,0,0,0,0,0,0,0,0,0,0,0,0,1.5,13.1
2025-04-11 06:49:05,0,0,0,0,0,0,0,0,0,0,0,0,1.5,13.1
2025-04-11 06:49:10,0,0,0,0,0,0,0,0,0,0,0,0,1.7,13.1
2025-04-11 06:49:15,0,0,0,0,0,0,0,0,0,0,0,0,1.7,13.1
2025-04-11 06:49:20,0,0,0,0,0,0,0,0,0,0,0,0,1.6,13.1
2025-04-11 06:49:25,0,0,0,0,0,0,0,0,0,0,0,0,1.8,13.1
2025-04-11 06:49:30,0,0,0,0,0,0,0,0,0,0,0,0,2.0,13.1
2025-04-11 06:49:35,0,0,0,0,0,0,0,0,0,0,0,0,2.0,13.1
2025-04-11 06:49:40,0,0,0,0,0,0,0,0,0,0,0,0,1.8,13.1
2025-04-11 06:49:45,0,0,0,0,0,0,0,0,0,0,0,0,2.2,13.1
2025-04-11 06:49:50,0,0,0,0,0,0,0,0,0,0,0,0,2.2,13.1
2025-04-11 06:49:55,0,0,0,0,0,0,0,0,0,0,0,0,2.2,13.1
2025-04-11 06:50:00,0,0,0,0,0,0,0,0,0,0,0,0,2.2,13.1
2025-04-11 06:50:05,0,0,0,0,0,0,0,0,0,0,0,0,1.8,13.1
2025-04-11 06:50:10,0,0,0,0,0,0,0,0,0,0,0,0,1.7,13.0
2025-04-11 06:50:15,0,0,0,0,0,0,0,0,0,0,0,0,1.6,13.1
2025-04-11 06:50:20,0,0,0,0,0,0,0,0,0,0,0,0,1.4,13.0
2025-04-11 06:50:25,0,0,0,0,0,0,0,0,0,0,0,0,1.3,13.1
2025-04-11 06:50:30,0,0,0,0,0,0,0,0,0,0,0,0,1.3,13.1
2025-04-11 06:50:35,0,0,0,0,0,0,0,0,0,0,0,0,1.4,13.1
2025-04-11 06:50:40,0,0,0,0,0,0,0,0,0,0,0,0,1.4,13.1
2025-04-11 06:50:45,0,0,0,0,0,0,0,0,0,0,0,0,1.5,13.1
2025-04-11 06:50:50,0,0,0,0,0,0,0,0,0,0,0,0,1.6,13.0
2025-04-11 06:50:55,0,0,0,0,0,0,0,0,0,0,0,0,1.5,13.1
2025-04-11 06:51:00,0,0,0,0,0,0,0,0,0,0,0,0,1.8,13.1
2025-04-11 06:51:05,0,0,0,0,0,0,0,0,0,0,0,0,1.9,13.1
2025-04-11 06:51:10,0,0,0,0,0,0,0,0,0,0,0,0,2.0,13.0
2025-04-11 06:51:15,0,0,0,0,0,0,0,0,0,0,0,0,2.2,13.1
2025-04-11 06:51:20,0,0,0,0,0,0,0,0,0,0,0,0,2.2,13.1
2025-04-11 06:51:25,0,0,0,0,0,0,0,0,0,0,0,0,1.9,13.1
2025-04-11 06:51:30,0,0,0,0,0,0,0,0,0,0,0,0,1.9,13.1
2025-04-11 06:51:35,0,0,0,0,0,0,0,0,0,0,0,0,1.8,13.1
2025-04-11 06:51:40,0,0,0,0,0,0,0,0,0,0,0,0,1.6,13.1
2025-04-11 06:51:45,0,0,0,0,0,0,0,0,0,0,0,0,1.4,13.1
2025-04-11 06:51:50,0,0,0,0,0,0,0,0,0,0,0,0,1.4,13.1
2025-04-11 06:51:55,0,0,0,0,0,0,0,0,0,0,0,0,1.5,13.1
2025-04-11 06:52:00,0,0,0,0,0,0,0,0,0,0,0,0,1.5,13.1
2025-04-11 06:52:05,0,0,0,0,0,0,0,0,0,0,0,0,1.3,13.1
2025-04-11 06:52:10,0,0,0,0,0,0,0,0,0,0,0,0,1.2,13.1
2025-04-11 06:52:15,0,0,0,0,0,0,0,0,0,0,0,0,0.9,13.1
2025-04-11 06:52:20,0,0,0,0,0,0,0,0,0,0,0,0,0.8,13.1
2025-04-11 06:52:25,0,0,0,0,0,0,0,0,0,0,0,0,0.8,13.1
2025-04-11 06:52:30,0,0,0,0,0,0,0,0,0,0,0,0,0.8,13.1
2025-04-11 06:52:35,0,0,0,0,0,0,0,0,0,0,0,0,1.1,13.1
2025-04-11 06:52:40,0,0,0,0,0,0,0,0,0,0,0,0,1.2,13.1
2025-04-11 06:52:45,0,0,0,0,0,0,0,0,0,0,0,0,1.2,13.1
2025-04-11 06:52:50,0,0,0,0,0,0,0,0,0,0,0,0,1.2,13.1
2025-04-11 06:52:55,0,0,0,0,0,0,0,0,0,0,0,0,1.1,13.1
2025-04-11 06:53:00,0,0,0,0,0,0,0,0,0,0,0,0,1.3,13.1
2025-04-11 06:53:05,0,0,0,0,0,0,0,0,0,0,0,0,1.4,13.1
2025-04-11 06:53:10,0,0,0,0,0,0,0,0,0,0,0,0,1.2,13.1
2025-04-11 06:53:15,0,0,0,0,0,0,0,0,0,0,0,0,1.3,13.1
2025-04-11 06:53:20,0,0,0,0,0,0,0,0,0,0,0,0,1.2,13.0
2025-04-11 06:53:25,0,0,0,0,0,0,0,0,0,0,0,0,1.0,13.0
2025-04-11 06:53:30,0,0,0,0,0,0,0,0,0,0,0,0,0.9,13.0
2025-04-11 06:53:35,0,0,0,0,0,0,0,0,0,0,0,0,0.7,13.0
2025-04-11 06:53:40,0,0,0,0,0,0,0,0,0,0,0,0,0.6,13.0
2025-04-11 06:53:45,0,0,0,0,0,0,0,0,0,0,0,0,0.4,13.0
2025-04-11 06:53:50,0,0,0,0,0,0,0,0,0,0,0,0,0.4,13.0
2025-04-11 06:53:55,0,0,0,0,0,0,0,0,0,0,0,0,0.3,13.0
2025-04-11 06:54:00,0,0,0,0,0,0,0,0,0,0,0,0,0.3,13.0
2025-04-11 06:54:05,0,0,0,0,0,0,0,0,0,0,0,0,0.3,13.0
2025-04-11 06:54:10,0,0,0,0,0,0,0,0,0,0,0,0,0.4,13.0
2025-04-11 06:54:15,0,0,0,0,0,0,0,0,0,0,0,0,0.5,13.0
2025-04-11 06:54:20,0,0,0,0,0,0,0,0,0,0,0,0,0.6,13.0
2025-04-11 06:54:25,0,0,0,0,0,0,0,0,0,0,0,0,0.9,13.0
2025-04-11 06:54:30,0,0,0,0,0,0,0,0,0,0,0,0,1.3,13.0
2025-04-11 06:54:35,0,0,0,0,0,0,0,0,0,0,0,0,2.0,13.0
2025-04-11 06:54:40,0,0,0,0,0,0,0,0,0,0,0,0,2.3,13.0
2025-04-11 06:54:45,0,0,0,0,0,0,0,0,0,0,0,0,2.2,13.0
2025-04-11 06:54:50,0,0,0,0,0,0,0,0,0,0,0,0,1.8,13.0
2025-04-11 06:54:55,0,0,0,0,0,0,0,0,0,0,0,0,1.8,13.0
2025-04-11 06:55:00,0,0,0,0,0,0,0,0,0,0,0,0,1.6,13.0
2025-04-11 06:55:05,0,0,0,0,0,0,0,0,0,0,0,0,1.6,13.0
2025-04-11 06:55:10,0,0,0,0,0,0,0,0,0,0,0,0,1.4,13.0
2025-04-11 06:55:15,0,0,0,0,0,0,0,0,0,0,0,0,1.2,13.0
2025-04-11 06:55:20,0,0,0,0,0,0,0,0,0,0,0,0,1.0,13.0
2025-04-11 06:55:25,0,0,0,0,0,0,0,0,0,0,0,0,1.0,13.0
2025-04-11 06:55:30,0,0,0,0,0,0,0,0,0,0,0,0,0.9,13.0
2025-04-11 06:55:35,0,0,0,0,0,0,0,0,0,0,0,0,0.9,13.0
2025-04-11 06:55:40,0,0,0,0,0,0,0,0,0,0,0,0,0.9,13.0
2025-04-11 06:55:45,0,0,0,0,0,0,0,0,0,0,0,0,1.2,13.0
2025-04-11 06:55:50,0,0,0,0,0,0,0,0,0,0,0,0,1.3,13.0
2025-04-11 06:55:55,0,0,0,0,0,0,0,0,0,0,0,0,1.3,13.0
2025-04-11 06:56:00,0,0,0,0,0,0,0,0,0,0,0,0,1.3,13.0
2025-04-11 06:56:05,0,0,0,0,0,0,0,0,0,0,0,0,1.3,13.0
2025-04-11 06:56:10,0,0,0,0,0,0,0,0,0,0,0,0,1.2,13.0
2025-04-11 06:56:15,0,0,0,0,0,0,0,0,0,0,0,0,1.1,13.0
2025-04-11 06:56:20,0,0,0,0,0,0,0,0,0,0,0,0,1.0,13.0
2025-04-11 06:56:25,0,0,0,0,0,0,0,0,0,0,0,0,1.0,13.0
2025-04-11 06:56:30,0,0,0,0,0,0,0,0,0,0,0,0,0.9,13.0
2025-04-11 06:56:35,0,0,0,0,0,0,0,0,0,0,0,0,0.8,13.0
2025-04-11 06:56:40,0,0,0,0,0,0,0,0,0,0,0,0,0.7,13.0
2025-04-11 06:56:45,0,0,0,0,0,0,0,0,0,0,0,0,0.6,13.0
2025-04-11 06:56:50,0,0,0,0,0,0,0,0,0,0,0,0,0.7,13.0
2025-04-11 06:56:55,0,0,0,0,0,0,0,0,0,0,0,0,0.9,13.0
2025-04-11 06:57:00,0,0,0,0,0,0,0,0,0,0,0,0,0.9,13.0
2025-04-11 06:57:05,0,0,0,0,0,0,0,0,0,0,0,0,0.9,13.0
2025-04-11 06:57:10,0,0,0,0,0,0,0,0,0,0,0,0,0.9,13.0
2025-04-11 06:57:15,0,0,0,0,0,0,0,0,0,0,0,0,0.8,13.0
2025-04-11 06:57:20,0,0,0,0,0,0,0,0,0,0,0,0,0.8,13.0
2025-04-11 06:57:25,0,0,0,0,0,0,0,0,0,0,0,0,0.9,13.0
2025-04-11 06:57:30,0,0,0,0,0,0,0,0,0,0,0,0,0.8,13.0
2025-04-11 06:57:35,0,0,0,0,0,0,0,0,0,0,0,0,0.7,13.0
2025-04-11 06:57:40,0,0,0,0,0,0,0,0,0,0,0,0,0.6,13.0
2025-04-11 06:57:45,0,0,0,0,0,0,0,0,0,0,0,0,0.5,13.0
2025-04-11 06:57:50,0,0,0,0,0,0,0,0,0,0,0,0,0.4,13.0
2025-04-11 06:57:55,0,0,0,0,0,0,0,0,0,0,0,0,0.3,13.0
2025-04-11 06:58:00,0,0,0,0,0,0,0,0,0,0,0,0,0.4,13.0
2025-04-11 06:58:05,0,0,0,0,0,0,0,0,0,0,0,0,0.5,13.0
2025-04-11 06:58:10,0,0,0,0,0,0,0,0,0,0,0,0,0.5,13.0
2025-04-11 06:58:15,0,0,0,0,0,0,0,0,0,0,0,0,0.5,13.0
2025-04-11 06:58:20,0,0,0,0,0,0,0,0,0,0,0,0,0.5,13.0
2025-04-11 06:58:25,0,0,0,0,0,0,0,0,0,0,0,0,0.4,13.0
2025-04-11 06:58:30,0,0,0,0,0,0,0,0,0,0,0,0,0.4,13.0
2025-04-11 06:58:35,0,0,0,0,0,0,0,0,0,0,0,0,0.3,13.0
2025-04-11 06:58:40,0,0,0,0,0,0,0,0,0,0,0,0,0.2,13.0
2025-04-11 06:58:45,0,0,0,0,0,0,0,0,0,0,0,0,0.2,13.0
2025-04-11 06:58:50,0,0,0,0,0,0,0,0,0,0,0,0,0.3,13.0
2025-04-11 06:58:55,0,0,0,0,0,0,0,0,0,0,0,0,0.5,13.0
2025-04-11 06:59:00,0,0,0,0,0,0,0,0,0,0,0,0,0.5,13.0
2025-04-11 06:59:05,0,0,0,0,0,0,0,0,0,0,0,0,0.5,13.0
2025-04-11 06:59:10,0,0,0,0,0,0,0,0,0,0,0,0,0.4,13.0
2025-04-11 06:59:15,0,0,0,0,0,0,0,0,0,0,0,0,0.4,13.0
2025-04-11 06:59:20,0,0,0,0,0,0,0,0,0,0,0,0,0.4,13.0
2025-04-11 06:59:25,0,0,0,0,0,0,0,0,0,0,0,0,0.5,13.0
2025-04-11 06:59:30,0,0,0,0,0,0,0,0,0,0,0,0,0.5,13.0
2025-04-11 06:59:35,0,0,0,0,0,0,0,0,0,0,0,0,0.4,12.9
2025-04-11 06:59:40,0,0,0,0,0,0,0,0,0,0,0,0,0.4,13.0
2025-04-11 06:59:45,0,0,0,0,0,0,0,0,0,0,0,0,0.5,13.0
2025-04-11 06:59:50,0,0,0,0,0,0,0,0,0,0,0,0,0.5,13.0
2025-04-11 06:59:55,0,0,0,0,0,0,0,0,0,0,0,0,0.5,12.9
2025-04-11 07:00:00,0,0,0,0,0,0,0,0,0,0,0,0,0.4,13.0
2025-04-11 07:00:05,0,0,0,0,0,0,0,0,0,0,0,0,0.4,13.0
2025-04-11 07:00:10,0,0,0,0,0,0,0,0,0,0,0,0,0.4,12.9
2025-04-11 07:00:15,0,0,0,0,0,0,0,0,0,0,0,0,0.5,12.9
2025-04-11 07:00:20,0,0,0,0,0,0,0,0,0,0,0,0,0.5,12.9
2025-04-11 07:00:25,0,0,0,0,0,0,0,0,0,0,0,0,0.5,12.9
2025-04-11 07:00:30,0,0,0,0,0,0,0,0,0,0,0,0,0.5,12.9
2025-04-11 07:00:35,0,0,0,0,0,0,0,0,0,0,0,0,0.6,13.0
2025-04-11 07:00:40,0,0,0,0,0,0,0,0,0,0,0,0,0.7,12.9
2025-04-11 07:00:45,0,0,0,0,0,0,0,0,0,0,0,0,1.0,12.9
2025-04-11 07:00:50,0,0,0,0,0,0,0,0,0,0,0,0,1.0,12.9
2025-04-11 07:00:55,0,0,0,0,0,0,0,0,0,0,0,0,0.8,12.9
2025-04-11 07:01:00,0,0,0,0,0,0,0,0,0,0,0,0,0.6,12.9
2025-04-11 07:01:05,0,0,0,0,0,0,0,0,0,0,0,0,0.6,12.9
2025-04-11 07:01:10,0,0,0,0,0,0,0,0,0,0,0,0,0.6,12.9
2025-04-11 07:01:15,0,0,0,0,0,0,0,0,0,0,0,0,0.6,12.9
2025-04-11 07:01:20,0,0,0,0,0,0,0,0,0,0,0,0,0.9,12.9
2025-04-11 07:01:25,0,0,0,0,0,0,0,0,0,0,0,0,1.2,12.9
2025-04-11 07:01:30,0,0,0,0,0,0,0,0,0,0,0,0,1.4,12.9
2025-04-11 07:01:35,0,0,0,0,0,0,0,0,0,0,0,0,1.3,12.9
2025-04-11 07:01:40,0,0,0,0,0,0,0,0,0,0,0,0,1.1,12.9
2025-04-11 07:01:45,0,0,0,0,0,0,0,0,0,0,0,0,1.0,12.9
2025-04-11 07:01:50,0,0,0,0,0,0,0,0,0,0,0,0,0.9,12.9
2025-04-11 07:01:55,0,0,0,0,0,0,0,0,0,0,0,0,0.8,12.9
2025-04-11 07:02:00,0,0,0,0,0,0,0,0,0,0,0,0,0.7,12.9
2025-04-11 07:02:05,0,0,0,0,0,0,0,0,0,0,0,0,0.7,12.9
2025-04-11 07:02:10,0,0,0,0,0,0,0,0,0,0,0,0,0.7,12.9
2025-04-11 07:02:15,0,0,0,0,0,0,0,0,0,0,0,0,0.6,12.9
2025-04-11 07:02:20,0,0,0,0,0,0,0,0,0,0,0,0,0.6,12.9
2025-04-11 07:02:25,0,0,0,0,0,0,0,0,0,0,0,0,0.7,12.9
2025-04-11 07:02:30,0,0,0,0,0,0,0,0,0,0,0,0,0.6,12.9
2025-04-11 07:02:35,0,0,0,0,0,0,0,0,0,0,0,0,0.6,12.9
2025-04-11 07:02:40,0,0,0,0,0,0,0,0,0,0,0,0,0.5,12.9
2025-04-11 07:02:45,0,0,0,0,0,0,0,0,0,0,0,0,0.5,12.9
2025-04-11 07:02:50,0,0,0,0,0,0,0,0,0,0,0,0,0.5,12.9
2025-04-11 07:02:55,0,0,0,0,0,0,0,0,0,0,0,0,0.4,12.9
2025-04-11 07:03:00,0,0,0,0,0,0,0,0,0,0,0,0,0.4,12.9
2025-04-11 07:03:05,0,0,0,0,0,0,0,0,0,0,0,0,0.5,12.9
2025-04-11 07:03:10,0,0,0,0,0,0,0,0,0,0,0,0,0.5,12.9
2025-04-11 07:03:15,0,0,0,0,0,0,0,0,0,0,0,0,0.7,12.9
2025-04-11 07:03:20,0,0,0,0,0,0,0,0,0,0,0,0,0.9,12.9
2025-04-11 07:03:25,0,0,0,0,0,0,0,0,0,0,0,0,1.6,12.9
2025-04-11 07:03:30,0,0,0,0,0,0,0,0,0,0,0,0,1.9,12.9
2025-04-11 07:03:35,0,0,0,0,0,0,0,0,0,0,0,0,1.7,12.9
2025-04-11 07:03:40,0,0,0,0,0,0,0,0,0,0,0,0,1.9,12.9
2025-04-11 07:03:45,0,0,0,0,0,0,0,0,0,0,0,0,1.8,12.9
2025-04-11 07:03:50,0,0,0,0,0,0,0,0,0,0,0,0,1.6,12.9
2025-04-11 07:03:55,0,0,0,0,0,0,0,0,0,0,0,0,1.6,12.9
2025-04-11 07:04:00,0,0,0,0,0,0,0,0,0,0,0,0,1.8,12.9
2025-04-11 07:04:05,0,0,0,0,0,0,0,0,0,0,0,0,1.7,12.9
2025-04-11 07:04:10,0,0,0,0,0,0,0,0,0,0,0,0,1.6,12.9
2025-04-11 07:04:15,0,0,0,0,0,0,0,0,0,0,0,0,1.7,12.9
2025-04-11 07:04:20,0,0,0,0,0,0,0,0,0,0,0,0,1.9,12.9
2025-04-11 07:04:25,0,0,0,0,0,0,0,0,0,0,0,0,2.1,12.9
2025-04-11 07:04:30,0,0,0,0,0,0,0,0,0,0,0,0,1.9,12.9
2025-04-11 07:04:35,0,0,0,0,0,0,0,0,0,0,0,0,1.5,12.9
2025-04-11 07:04:40,0,0,0,0,0,0,0,0,0,0,0,0,1.2,12.9
2025-04-11 07:04:45,0,0,0,0,0,0,0,0,0,0,0,0,1.0,12.9
2025-04-11 07:04:50,0,0,0,0,0,0,0,0,0,0,0,0,0.9,12.9
2025-04-11 07:04:55,0,0,0,0,0,0,0,0,0,0,0,0,0.8,12.9
2025-04-11 07:05:00,0,0,0,0,0,0,0,0,0,0,0,0,1.1,12.9
2025-04-11 07:05:05,0,0,0,0,0,0,0,0,0,0,0,0,1.4,12.9
2025-04-11 07:05:10,0,0,0,0,0,0,0,0,0,0,0,0,1.7,12.9
2025-04-11 07:05:15,0,0,0,0,0,0,0,0,0,0,0,0,1.6,12.9
2025-04-11 07:05:20,0,0,0,0,0,0,0,0,0,0,0,0,1.4,12.9
2025-04-11 07:05:25,0,0,0,0,0,0,0,0,0,0,0,0,1.2,12.9
2025-04-11 07:05:30,0,0,0,0,0,0,0,0,0,0,0,0,1.1,12.9
2025-04-11 07:05:35,0,0,0,0,0,0,0,0,0,0,0,0,0.9,12.9
2025-04-11 07:05:40,0,0,0,0,0,0,0,0,0,0,0,0,0.9,12.9
2025-04-11 07:05:45,0,0,0,0,0,0,0,0,0,0,0,0,0.8,12.9
2025-04-11 07:05:50,0,0,0,0,0,0,0,0,0,0,0,0,0.9,12.9
2025-04-11 07:05:55,0,0,0,0,0,0,0,0,0,0,0,0,0.9,12.9
2025-04-11 07:06:00,0,0,0,0,0,0,0,0,0,0,0,0,0.8,12.9
2025-04-11 07:06:05,0,0,0,0,0,0,0,0,0,0,0,0,0.7,12.9
2025-04-11 07:06:10,0,0,0,0,0,0,0,0,0,0,0,0,0.6,12.9
2025-04-11 07:06:15,0,0,0,0,0,0,0,0,0,0,0,0,0.6,12.9
2025-04-11 07:06:20,0,0,0,0,0,0,0,0,0,0,0,0,0.5,12.9
2025-04-11 07:06:25,0,0,0,0,0,0,0,0,0,0,0,0,0.4,12.9
2025-04-11 07:06:30,0,0,0,0,0,0,0,0,0,0,0,0,0.4,12.9
2025-04-11 07:06:35,0,0,0,0,0,0,0,0,0,0,0,0,0.3,12.9
2025-04-11 07:06:40,0,0,0,0,0,0,0,0,0,0,0,0,0.3,12.9
2025-04-11 07:06:45,0,0,0,0,0,0,0,0,0,0,0,0,0.2,12.9
2025-04-11 07:06:50,0,0,0,0,0,0,0,0,0,0,0,0,0.2,12.9
2025-04-11 07:06:55,0,0,0,0,0,0,0,0,0,0,0,0,0.1,12.9
2025-04-11 07:07:00,0,0,0,0,0,0,0,0,0,0,0,0,0.1,12.9
2025-04-11 07:07:05,0,0,0,0,0,0,0,0,0,0,0,0,0.0,12.9
2025-04-11 07:07:10,0,0,0,0,0,0,0,0,0,0,0,0,0.0,12.9
2025-04-11 07:07:15,0,0,0,0,0,0,0,0,0,0,0,0,0.0,12.9
2025-04-11 07:07:20,0,0,0,0,0,0,0,0,0,0,0,0,0.0,12.9
2025-04-11 07:07:25,0,0,0,0,0,0,0,0,0,0,0,0,0.0,12.9
2025-04-11 07:07:30,0,0,0,0,0,0,0,0,0,0,0,0,0.0,12.9
2025-04-11 07:07:35,0,0,0,0,0,0,0,0,0,0,0,0,0.0,12.9
2025-04-11 07:07:40,0,0,0,0,0,0,0,0,0,0,0,0,0.0,12.9
2025-04-11 07:07:45,0,0,0,0,0,0,0,0,0,0,0,0,0.0,12.9
2025-04-11 07:07:50,0,0,0,0,0,0,0,0,0,0,0,0,0.0,12.9
2025-04-11 07:07:55,0,0,0,0,0,0,0,0,0,0,0,0,0.0,12.9
2025-04-11 07:08:00,0,0,0,0,0,0,0,0,0,0,0,0,0.0,12.9
2025-04-11 07:08:05,0,0,0,0,0,0,0,0,0,0,0,0,0.2,12.9
2025-04-11 07:08:10,0,0,0,0,0,0,0,0,0,0,0,0,0.3,12.9
2025-04-11 07:08:15,0,0,0,0,0,0,0,0,0,0,0,0,0.3,12.9
2025-04-11 07:08:20,0,0,0,0,0,0,0,0,0,0,0,0,0.2,12.8
2025-04-11 07:08:25,0,0,0,0,0,0,0,0,0,0,0,0,0.2,12.9
2025-04-11 07:08:30,0,0,0,0,0,0,0,0,0,0,0,0,0.4,12.9
2025-04-11 07:08:35,0,0,0,0,0,0,0,0,0,0,0,0,0.5,12.9
2025-04-11 07:08:40,0,0,0,0,0,0,0,0,0,0,0,0,0.6,12.9
2025-04-11 07:08:45,0,0,0,0,0,0,0,0,0,0,0,0,0.8,12.9
2025-04-11 07:08:50,0,0,0,0,0,0,0,0,0,0,0,0,0.7,12.9
2025-04-11 07:08:55,0,0,0,0,0,0,0,0,0,0,0,0,0.8,12.9
2025-04-11 07:09:00,0,0,0,0,0,0,0,0,0,0,0,0,0.7,12.9
2025-04-11 07:09:05,0,0,0,0,0,0,0,0,0,0,0,0,0.6,12.9
2025-04-11 07:09:10,0,0,0,0,0,0,0,0,0,0,0,0,0.7,12.9
2025-04-11 07:09:15,0,0,0,0,0,0,0,0,0,0,0,0,0.6,12.9
2025-04-11 07:09:20,0,0,0,0,0,0,0,0,0,0,0,0,0.6,12.8
2025-04-11 07:09:25,0,0,0,0,0,0,0,0,0,0,0,0,0.6,12.9
2025-04-11 07:09:30,0,0,0,0,0,0,0,0,0,0,0,0,0.6,12.8
2025-04-11 07:09:35,0,0,0,0,0,0,0,0,0,0,0,0,0.7,12.9
2025-04-11 07:09:40,0,0,0,0,0,0,0,0,0,0,0,0,0.6,12.8
2025-04-11 07:09:45,0,0,0,0,0,0,0,0,0,0,0,0,0.5,12.8
2025-04-11 07:09:50,0,0,0,0,0,0,0,0,0,0,0,0,0.6,12.8
2025-04-11 07:09:55,0,0,0,0,0,0,0,0,0,0,0,0,0.6,12.9
2025-04-11 07:10:00,0,0,0,0,0,0,0,0,0,0,0,0,1.0,12.8
2025-04-11 07:10:05,0,0,0,0,0,0,0,0,0,0,0,0,1.1,12.9
2025-04-11 07:10:10,0,0,0,0,0,0,0,0,0,0,0,0,1.2,12.8
2025-04-11 07:10:15,0,0,0,0,0,0,0,0,0,0,0,0,1.5,12.9
2025-04-11 07:10:20,0,0,0,0,0,0,0,0,0,0,0,0,1.4,12.9
2025-04-11 07:10:25,0,0,0,0,0,0,0,0,0,0,0,0,1.3,12.8
2025-04-11 07:10:30,0,0,0,0,0,0,0,0,0,0,0,0,1.3,12.8
2025-04-11 07:10:35,0,0,0,0,0,0,0,0,0,0,0,0,1.2,12.8
2025-04-11 07:10:40,0,0,0,0,0,0,0,0,0,0,0,0,1.2,12.8
2025-04-11 07:10:45,0,0,0,0,0,0,0,0,0,0,0,0,1.1,12.8
2025-04-11 07:10:50,0,0,0,0,0,0,0,0,0,0,0,0,1.3,12.8
2025-04-11 07:10:55,0,0,0,0,0,0,0,0,0,0,0,0,1.3,12.8
2025-04-11 07:11:00,0,0,0,0,0,0,0,0,0,0,0,0,1.3,12.8
2025-04-11 07:11:05,0,0,0,0,0,0,0,0,0,0,0,0,1.2,12.8
2025-04-11 07:11:10,0,0,0,0,0,0,0,0,0,0,0,0,1.1,12.8
2025-04-11 07:11:15,0,0,0,0,0,0,0,0,0,0,0,0,1.8,12.8
2025-04-11 07:11:20,0,0,0,0,0,0,0,0,0,0,0,0,2.5,12.8
2025-04-11 07:11:25,0,0,0,0,0,0,0,0,0,0,0,0,2.5,12.9
2025-04-11 07:11:30,0,0,0,0,0,0,0,0,0,0,0,0,2.3,12.8
2025-04-11 07:11:35,0,0,0,0,0,0,0,0,0,0,0,0,2.1,12.8
2025-04-11 07:11:40,0,0,0,0,0,0,0,0,0,0,0,0,2.6,12.8
2025-04-11 07:11:45,0,0,0,0,0,0,0,0,0,0,0,0,2.6,12.8
2025-04-11 07:11:50,0,0,0,0,0,0,0,0,0,0,0,0,2.3,12.8
2025-04-11 07:11:55,0,0,0,0,0,0,0,0,0,0,0,0,2.1,12.9
2025-04-11 07:12:00,0,0,0,0,0,0,0,0,0,0,0,0,1.8,12.8
2025-04-11 07:12:05,0,0,0,0,0,0,0,0,0,0,0,0,1.9,12.9
2025-04-11 07:12:10,0,0,0,0,0,0,0,0,0,0,0,0,1.8,12.9
2025-04-11 07:12:15,0,0,0,0,0,0,0,0,0,0,0,0,1.4,12.9
2025-04-11 07:12:20,0,0,0,0,0,0,0,0,0,0,0,0,1.2,12.9
2025-04-11 07:12:25,0,0,0,0,0,0,0,0,0,0,0,0,1.1,12.9
2025-04-11 07:12:30,0,0,0,0,0,0,0,0,0,0,0,0,0.9,12.9
2025-04-11 07:12:35,0,0,0,0,0,0,0,0,0,0,0,0,0.9,12.9
2025-04-11 07:12:40,0,0,0,0,0,0,0,0,0,0,0,0,0.8,12.9
2025-04-11 07:12:45,0,0,0,0,0,0,0,0,0,0,0,0,1.0,12.9
2025-04-11 07:12:50,0,0,0,0,0,0,0,0,0,0,0,0,1.0,12.9
2025-04-11 07:12:55,0,0,0,0,0,0,0,0,0,0,0,0,0.9,12.9
2025-04-11 07:13:00,0,0,0,0,0,0,0,0,0,0,0,0,0.9,12.9
2025-04-11 07:13:05,0,0,0,0,0,0,0,0,0,0,0,0,0.9,12.9
2025-04-11 07:13:10,0,0,0,0,0,0,0,0,0,0,0,0,0.9,12.9
2025-04-11 07:13:15,0,0,0,0,0,0,0,0,0,0,0,0,1.1,12.9
2025-04-11 07:13:20,0,0,0,0,0,0,0,0,0,0,0,0,1.4,12.9
2025-04-11 07:13:25,0,0,0,0,0,0,0,0,0,0,0,0,1.5,12.9
2025-04-11 07:13:30,0,0,0,0,0,0,0,0,0,0,0,0,1.5,12.9
2025-04-11 07:13:35,0,0,0,0,0,0,0,0,0,0,0,0,1.4,12.9
2025-04-11 07:13:40,0,0,0,0,0,0,0,0,0,0,0,0,1.3,12.9
2025-04-11 07:13:45,0,0,0,0,0,0,0,0,0,0,0,0,1.3,12.9
2025-04-11 07:13:50,0,0,0,0,0,0,0,0,0,0,0,0,1.1,12.9
2025-04-11 07:13:55,0,0,0,0,0,0,0,0,0,0,0,0,1.1,12.9
2025-04-11 07:14:00,0,0,0,0,0,0,0,0,0,0,0,0,1.1,12.9
2025-04-11 07:14:05,0,0,0,0,0,0,0,0,0,0,0,0,1.0,12.9
2025-04-11 07:14:10,0,0,0,0,0,0,0,0,0,0,0,0,1.0,12.9
2025-04-11 07:14:15,0,0,0,0,0,0,0,0,0,0,0,0,1.4,12.9
2025-04-11 07:14:20,0,0,0,0,0,0,0,0,0,0,0,0,1.8,12.9
2025-04-11 07:14:25,0,0,0,0,0,0,0,0,0,0,0,0,2.4,12.9
2025-04-11 07:14:30,0,0,0,0,0,0,0,0,0,0,0,0,2.2,12.9
2025-04-11 07:14:35,0,0,0,0,0,0,0,0,0,0,0,0,1.9,12.9
2025-04-11 07:14:40,0,0,0,0,0,0,0,0,0,0,0,0,1.7,12.9
2025-04-11 07:14:45,0,0,0,0,0,0,0,0,0,0,0,0,1.6,12.9
2025-04-11 07:14:50,0,0,0,0,0,0,0,0,0,0,0,0,1.6,12.9
2025-04-11 07:14:55,0,0,0,0,0,0,0,0,0,0,0,0,1.5,12.9
2025-04-11 07:15:00,0,0,0,0,0,0,0,0,0,0,0,0,1.6,12.9
2025-04-11 07:15:05,0,0,0,0,0,0,0,0,0,0,0,0,1.7,12.9
2025-04-11 07:15:10,0,0,0,0,0,0,0,0,0,0,0,0,2.0,12.9
2025-04-11 07:15:15,0,0,0,0,0,0,0,0,0,0,0,0,2.0,12.9
2025-04-11 07:15:20,0,0,0,0,0,0,0,0,0,0,0,0,2.0,12.9
2025-04-11 07:15:25,0,0,0,0,0,0,0,0,0,0,0,0,2.0,12.9
2025-04-11 07:15:30,0,0,0,0,0,0,0,0,0,0,0,0,1.8,12.9
2025-04-11 07:15:35,0,0,0,0,0,0,0,0,0,0,0,0,1.4,12.9
2025-04-11 07:15:40,0,0,0,0,0,0,0,0,0,0,0,0,1.4,12.9
2025-04-11 07:15:45,0,0,0,0,0,0,0,0,0,0,0,0,1.4,12.9
2025-04-11 07:15:50,0,0,0,0,0,0,0,0,0,0,0,0,1.4,12.9
2025-04-11 07:15:55,0,0,0,0,0,0,0,0,0,0,0,0,1.4,12.9
2025-04-11 07:16:00,0,0,0,0,0,0,0,0,0,0,0,0,1.3,12.9
2025-04-11 07:16:05,0,0,0,0,0,0,0,0,0,0,0,0,1.0,12.9
2025-04-11 07:16:10,0,0,0,0,0,0,0,0,0,0,0,0,0.9,12.9
2025-04-11 07:16:15,0,0,0,0,0,0,0,0,0,0,0,0,0.9,12.9
2025-04-11 07:16:20,0,0,0,0,0,0,0,0,0,0,0,0,1.0,12.9
2025-04-11 07:16:25,0,0,0,0,0,0,0,0,0,0,0,0,1.3,12.9
2025-04-11 07:16:30,0,0,0,0,0,0,0,0,0,0,0,0,1.3,12.9
2025-04-11 07:16:35,0,0,0,0,0,0,0,0,0,0,0,0,1.5,12.9
2025-04-11 07:16:40,0,0,0,0,0,0,0,0,0,0,0,0,1.9,12.9
2025-04-11 07:16:45,0,0,0,0,0,0,0,0,0,0,0,0,2.2,12.9
2025-04-11 07:16:50,0,0,0,0,0,0,0,0,0,0,0,0,2.2,12.9
2025-04-11 07:16:55,0,0,0,0,0,0,0,0,0,0,0,0,1.9,12.9
2025-04-11 07:17:00,0,0,0,0,0,0,0,0,0,0,0,0,1.6,12.9
2025-04-11 07:17:05,0,0,0,0,0,0,0,0,0,0,0,0,1.3,12.9
2025-04-11 07:17:10,0,0,0,0,0,0,0,0,0,0,0,0,1.5,12.9
2025-04-11 07:17:15,0,0,0,0,0,0,0,0,0,0,0,0,1.6,12.9
2025-04-11 07:17:20,0,0,0,0,0,0,0,0,0,0,0,0,1.6,12.9
2025-04-11 07:17:25,0,0,0,0,0,0,0,0,0,0,0,0,1.5,12.9
2025-04-11 07:17:30,0,0,0,0,0,0,0,0,0,0,0,0,1.6,12.9
2025-04-11 07:17:35,0,0,0,0,0,0,0,0,0,0,0,0,1.4,12.9
2025-04-11 07:17:40,0,0,0,0,0,0,0,0,0,0,0,0,1.4,12.9
2025-04-11 07:17:45,0,0,0,0,0,0,0,0,0,0,0,0,1.3,12.9
2025-04-11 07:17:50,0,0,0,0,0,0,0,0,0,0,0,0,1.5,12.9
2025-04-11 07:17:55,0,0,0,0,0,0,0,0,0,0,0,0,1.5,12.9
2025-04-11 07:18:00,0,0,0,0,0,0,0,0,0,0,0,0,1.7,12.8
2025-04-11 07:18:05,0,0,0,0,0,0,0,0,0,0,0,0,1.7,12.8
2025-04-11 07:18:10,0,0,0,0,0,0,0,0,0,0,0,0,1.7,12.8
2025-04-11 07:18:15,0,0,0,0,0,0,0,0,0,0,0,0,1.4,12.8
2025-04-11 07:18:20,0,0,0,0,0,0,0,0,0,0,0,0,1.3,12.9
2025-04-11 07:18:25,0,0,0,0,0,0,0,0,0,0,0,0,1.2,12.9
2025-04-11 07:18:30,0,0,0,0,0,0,0,0,0,0,0,0,1.3,12.8
2025-04-11 07:18:35,0,0,0,0,0,0,0,0,0,0,0,0,1.7,12.8
2025-04-11 07:18:40,0,0,0,0,0,0,0,0,0,0,0,0,1.6,12.9
2025-04-11 07:18:45,0,0,0,0,0,0,0,0,0,0,0,0,1.6,12.8
2025-04-11 07:18:50,0,0,0,0,0,0,0,0,0,0,0,0,1.3,12.8
2025-04-11 07:18:55,0,0,0,0,0,0,0,0,0,0,0,0,1.3,12.8
2025-04-11 07:19:00,0,0,0,0,0,0,0,0,0,0,0,0,1.5,12.8
2025-04-11 07:19:05,0,0,0,0,0,0,0,0,0,0,0,0,1.7,12.8
2025-04-11 07:19:10,0,0,0,0,0,0,0,0,0,0,0,0,1.8,12.8
2025-04-11 07:19:15,0,0,0,0,0,0,0,0,0,0,0,0,2.2,12.8
2025-04-11 07:19:20,0,0,0,0,0,0,0,0,0,0,0,0,2.6,12.8
2025-04-11 07:19:25,0,0,0,0,0,0,0,0,0,0,0,0,2.6,12.8
2025-04-11 07:19:30,0,0,0,0,0,0,0,0,0,0,0,0,2.6,12.8
2025-04-11 07:19:35,0,0,0,0,0,0,0,0,0,0,0,0,2.3,12.8
2025-04-11 07:19:40,0,0,0,0,0,0,0,0,0,0,0,0,2.0,12.8
2025-04-11 07:19:45,0,0,0,0,0,0,0,0,0,0,0,0,1.8,12.8
2025-04-11 07:19:50,0,0,0,0,0,0,0,0,0,0,0,0,1.9,12.8
2025-04-11 07:19:55,0,0,0,0,0,0,0,0,0,0,0,0,2.0,12.8
2025-04-11 07:20:00,0,0,0,0,0,0,0,0,0,0,0,0,2.0,12.8
2025-04-11 07:20:05,0,0,0,0,0,0,0,0,0,0,0,0,2.1,12.8
2025-04-11 07:20:10,0,0,0,0,0,0,0,0,0,0,0,0,2.1,12.8
2025-04-11 07:20:15,0,0,0,0,0,0,0,0,0,0,0,0,2.0,12.8
2025-04-11 07:20:20,0,0,0,0,0,0,0,0,0,0,0,0,2.1,12.8
2025-04-11 07:20:25,0,0,0,0,0,0,0,0,0,0,0,0,1.9,12.8
2025-04-11 07:20:30,0,0,0,0,0,0,0,0,0,0,0,0,1.9,12.8
2025-04-11 07:20:35,0,0,0,0,0,0,0,0,0,0,0,0,1.8,12.9
2025-04-11 07:20:40,0,0,0,0,0,0,0,0,0,0,0,0,1.7,12.8
2025-04-11 07:20:45,0,0,0,0,0,0,0,0,0,0,0,0,1.6,12.8
2025-04-11 07:20:50,0,0,0,0,0,0,0,0,0,0,0,0,2.0,12.8
2025-04-11 07:20:55,0,0,0,0,0,0,0,0,0,0,0,0,2.1,12.8
2025-04-11 07:21:00,0,0,0,0,0,0,0,0,0,0,0,0,2.2,12.8
2025-04-11 07:21:05,0,0,0,0,0,0,0,0,0,0,0,0,2.3,12.8
2025-04-11 07:21:10,0,0,0,0,0,0,0,0,0,0,0,0,2.3,12.9
2025-04-11 07:21:15,0,0,0,0,0,0,0,0,0,0,0,0,2.3,12.8
2025-04-11 07:21:20,0,0,0,0,0,0,0,0,0,0,0,0,2.2,12.8
2025-04-11 07:21:25,0,0,0,0,0,0,0,0,0,0,0,0,2.7,12.8
2025-04-11 07:21:30,0,0,0,0,0,0,0,0,0,0,0,0,2.9,12.8
2025-04-11 07:21:35,0,0,0,0,0,0,0,0,0,0,0,0,2.6,12.8
2025-04-11 07:21:40,0,0,0,0,0,0,0,0,0,0,0,0,2.3,12.9
2025-04-11 07:21:45,0,0,0,0,0,0,0,0,0,0,0,0,1.9,12.9
2025-04-11 07:21:50,0,0,0,0,0,0,0,0,0,0,0,0,1.7,12.9
2025-04-11 07:21:55,0,0,0,0,0,0,0,0,0,0,0,0,1.7,12.9
2025-04-11 07:22:00,0,0,0,0,0,0,0,0,0,0,0,0,1.5,12.9
2025-04-11 07:22:05,0,0,0,0,0,0,0,0,0,0,0,0,1.4,12.8
2025-04-11 07:22:10,0,0,0,0,0,0,0,0,0,0,0,0,1.3,12.8
2025-04-11 07:22:15,0,0,0,0,0,0,0,0,0,0,0,0,1.3,12.8
2025-04-11 07:22:20,0,0,0,0,0,0,0,0,0,0,0,0,1.2,12.8
2025-04-11 07:22:25,0,0,0,0,0,0,0,0,0,0,0,0,1.0,12.8
2025-04-11 07:22:30,0,0,0,0,0,0,0,0,0,0,0,0,1.0,12.9
2025-04-11 07:22:35,0,0,0,0,0,0,0,0,0,0,0,0,1.0,12.8
2025-04-11 07:22:40,0,0,0,0,0,0,0,0,0,0,0,0,0.9,12.8
2025-04-11 07:22:45,0,0,0,0,0,0,0,0,0,0,0,0,0.9,12.8
2025-04-11 07:22:50,0,0,0,0,0,0,0,0,0,0,0,0,1.5,12.8
2025-04-11 07:22:55,0,0,0,0,0,0,0,0,0,0,0,0,1.4,12.8
2025-04-11 07:23:00,0,0,0,0,0,0,0,0,0,0,0,0,1.5,12.8
2025-04-11 07:23:05,0,0,0,0,0,0,0,0,0,0,0,0,1.4,12.9
2025-04-11 07:23:10,0,0,0,0,0,0,0,0,0,0,0,0,1.5,12.9
2025-04-11 07:23:15,0,0,0,0,0,0,0,0,0,0,0,0,1.3,12.8
2025-04-11 07:23:20,0,0,0,0,0,0,0,0,0,0,0,0,1.3,12.8
2025-04-11 07:23:25,0,0,0,0,0,0,0,0,0,0,0,0,1.4,12.8
2025-04-11 07:23:30,0,0,0,0,0,0,0,0,0,0,0,0,1.7,12.8
2025-04-11 07:23:35,0,0,0,0,0,0,0,0,0,0,0,0,1.7,12.8
2025-04-11 07:23:40,0,0,0,0,0,0,0,0,0,0,0,0,1.6,12.8
2025-04-11 07:23:45,0,0,0,0,0,0,0,0,0,0,0,0,1.5,12.8
2025-04-11 07:23:50,0,0,0,0,0,0,0,0,0,0,0,0,1.5,12.8
2025-04-11 07:23:55,0,0,0,0,0,0,0,0,0,0,0,0,1.6,12.8
2025-04-11 07:24:00,0,0,0,0,0,0,0,0,0,0,0,0,1.3,12.9
2025-04-11 07:24:05,0,0,0,0,0,0,0,0,0,0,0,0,1.1,12.8
2025-04-11 07:24:10,0,0,0,0,0,0,0,0,0,0,0,0,0.9,12.8
2025-04-11 07:24:15,0,0,0,0,0,0,0,0,0,0,0,0,0.8,12.8
2025-04-11 07:24:20,0,0,0,0,0,0,0,0,0,0,0,0,0.8,12.8
2025-04-11 07:24:25,0,0,0,0,0,0,0,0,0,0,0,0,0.7,12.8
2025-04-11 07:24:30,0,0,0,0,0,0,0,0,0,0,0,0,0.7,12.8
2025-04-11 07:24:35,0,0,0,0,0,0,0,0,0,0,0,0,0.9,12.8
2025-04-11 07:24:40,0,0,0,0,0,0,0,0,0,0,0,0,1.9,12.8
2025-04-11 07:24:45,0,0,0,0,0,0,0,0,0,0,0,0,2.3,12.8
2025-04-11 07:24:50,0,0,0,0,0,0,0,0,0,0,0,0,2.4,12.8
2025-04-11 07:24:55,0,0,0,0,0,0,0,0,0,0,0,0,2.6,12.8
2025-04-11 07:25:00,0,0,0,0,0,0,0,0,0,0,0,0,2.3,12.8
2025-04-11 07:25:05,0,0,0,0,0,0,0,0,0,0,0,0,1.9,12.9
2025-04-11 07:25:10,0,0,0,0,0,0,0,0,0,0,0,0,1.6,12.8
2025-04-11 07:25:15,0,0,0,0,0,0,0,0,0,0,0,0,1.4,12.8
2025-04-11 07:25:20,0,0,0,0,0,0,0,0,0,0,0,0,1.5,12.9
2025-04-11 07:25:25,0,0,0,0,0,0,0,0,0,0,0,0,1.9,12.8
2025-04-11 07:25:30,0,0,0,0,0,0,0,0,0,0,0,0,2.9,12.8
2025-04-11 07:25:35,0,0,0,0,0,0,0,0,0,0,0,0,2.6,12.8
2025-04-11 07:25:40,0,0,0,0,0,0,0,0,0,0,0,0,2.2,12.9
2025-04-11 07:25:45,0,0,0,0,0,0,0,0,0,0,0,0,1.7,12.9
2025-04-11 07:25:50,0,0,0,0,0,0,0,0,0,0,0,0,1.7,12.8
2025-04-11 07:25:55,0,0,0,0,0,0,0,0,0,0,0,0,2.0,12.9
2025-04-11 07:26:00,0,0,0,0,0,0,0,0,0,0,0,0,2.8,12.9
2025-04-11 07:26:05,0,0,0,0,0,0,0,0,0,0,0,0,2.5,12.9
2025-04-11 07:26:10,0,0,0,0,0,0,0,0,0,0,0,0,1.8,12.9
2025-04-11 07:26:15,0,0,0,0,0,0,0,0,0,0,0,0,1.6,12.9
2025-04-11 07:26:20,0,0,0,0,0,0,0,0,0,0,0,0,1.7,12.9
2025-04-11 07:26:25,0,0,0,0,0,0,0,0,0,0,0,0,1.5,12.9
2025-04-11 07:26:30,0,0,0,0,0,0,0,0,0,0,0,0,1.4,12.9
2025-04-11 07:26:35,0,0,0,0,0,0,0,0,0,0,0,0,1.2,12.9
2025-04-11 07:26:40,0,0,0,0,0,0,0,0,0,0,0,0,1.1,12.9
2025-04-11 07:26:45,0,0,0,0,0,0,0,0,0,0,0,0,0.9,12.9
2025-04-11 07:26:50,0,0,0,0,0,0,0,0,0,0,0,0,0.9,12.9
2025-04-11 07:26:55,0,0,0,0,0,0,0,0,0,0,0,0,1.1,12.8
2025-04-11 07:27:00,0,0,0,0,0,0,0,0,0,0,0,0,1.1,12.8
2025-04-11 07:27:05,0,0,0,0,0,0,0,0,0,0,0,0,1.4,12.8
2025-04-11 07:27:10,0,0,0,0,0,0,0,0,0,0,0,0,1.3,12.8
2025-04-11 07:27:15,0,0,0,0,0,0,0,0,0,0,0,0,1.3,12.8
2025-04-11 07:27:20,0,0,0,0,0,0,0,0,0,0,0,0,1.2,12.8
2025-04-11 07:27:25,0,0,0,0,0,0,0,0,0,0,0,0,1.2,12.8
2025-04-11 07:27:30,0,0,0,0,0,0,0,0,0,0,0,0,1.1,12.9
2025-04-11 07:27:35,0,0,0,0,0,0,0,0,0,0,0,0,1.6,12.9
2025-04-11 07:27:40,0,0,0,0,0,0,0,0,0,0,0,0,1.4,12.9
2025-04-11 07:27:45,0,0,0,0,0,0,0,0,0,0,0,0,1.8,12.9
2025-04-11 07:27:50,0,0,0,0,0,0,0,0,0,0,0,0,1.9,12.9
2025-04-11 07:27:55,0,0,0,0,0,0,0,0,0,0,0,0,1.9,12.9
2025-04-11 07:28:00,0,0,0,0,0,0,0,0,0,0,0,0,1.8,12.9
2025-04-11 07:28:05,0,0,0,0,0,0,0,0,0,0,0,0,1.9,12.8
2025-04-11 07:28:10,0,0,0,0,0,0,0,0,0,0,0,0,2.1,12.8
2025-04-11 07:28:15,0,0,0,0,0,0,0,0,0,0,0,0,2.8,12.9
2025-04-11 07:28:20,0,0,0,0,0,0,0,0,0,0,0,0,2.5,12.9
2025-04-11 07:28:25,0,0,0,0,0,0,0,0,0,0,0,0,2.4,12.8
2025-04-11 07:28:30,0,0,0,0,0,0,0,0,0,0,0,0,2.2,12.9
2025-04-11 07:28:35,0,0,0,0,0,0,0,0,0,0,0,0,2.3,12.8
2025-04-11 07:28:40,0,0,0,0,0,0,0,0,0,0,0,0,2.2,12.9
2025-04-11 07:28:45,0,0,0,0,0,0,0,0,0,0,0,0,2.2,12.9
2025-04-11 07:28:50,0,0,0,0,0,0,0,0,0,0,0,0,2.3,12.9
2025-04-11 07:28:55,0,0,0,0,0,0,0,0,0,0,0,0,1.9,12.9
2025-04-11 07:29:00,0,0,0,0,0,0,0,0,0,0,0,0,1.8,12.9
2025-04-11 07:29:05,0,0,0,0,0,0,0,0,0,0,0,0,1.5,12.9
2025-04-11 07:29:10,0,0,0,0,0,0,0,0,0,0,0,0,2.4,12.9
2025-04-11 07:29:15,0,0,0,0,0,0,0,0,0,0,0,0,2.6,12.9
2025-04-11 07:29:20,0,0,0,0,0,0,0,0,0,0,0,0,2.4,12.9
2025-04-11 07:29:25,0,0,0,0,0,0,0,0,0,0,0,0,2.3,12.9
2025-04-11 07:29:30,0,0,0,0,0,0,0,0,0,0,0,0,2.2,12.9
2025-04-11 07:29:35,0,0,0,0,0,0,0,0,0,0,0,0,2.0,12.9
2025-04-11 07:29:40,0,0,0,0,0,0,0,0,0,0,0,0,1.8,12.9
2025-04-11 07:29:45,0,0,0,0,0,0,0,0,0,0,0,0,1.5,12.9
2025-04-11 07:29:50,0,0,0,0,0,0,0,0,0,0,0,0,1.5,12.9
2025-04-11 07:29:55,0,0,0,0,0,0,0,0,0,0,0,0,1.4,12.9
2025-04-11 07:30:00,0,0,0,0,0,0,0,0,0,0,0,0,1.4,12.9
2025-04-11 07:30:05,0,0,0,0,0,0,0,0,0,0,0,0,1.9,12.9
2025-04-11 07:30:10,0,0,0,0,0,0,0,0,0,0,0,0,2.1,12.9
2025-04-11 07:30:15,0,0,0,0,0,0,0,0,0,0,0,0,2.6,12.9
2025-04-11 07:30:20,0,0,0,0,0,0,0,0,0,0,0,0,2.5,12.9
2025-04-11 07:30:25,0,0,0,0,0,0,0,0,0,0,0,0,2.2,12.9
2025-04-11 07:30:30,0,0,0,0,0,0,0,0,0,0,0,0,2.2,12.9
2025-04-11 07:30:35,0,0,0,0,0,0,0,0,0,0,0,0,2.2,12.9
2025-04-11 07:30:40,0,0,0,0,0,0,0,0,0,0,0,0,2.1,12.9
2025-04-11 07:30:45,0,0,0,0,0,0,0,0,0,0,0,0,2.3,12.9
2025-04-11 07:30:50,0,0,0,0,0,0,0,0,0,0,0,0,3.0,12.9
2025-04-11 07:30:55,0,0,0,0,0,0,0,0,0,0,0,0,3.5,12.9
2025-04-11 07:31:00,0,0,0,0,0,0,0,0,0,0,0,0,3.1,12.9
2025-04-11 07:31:05,0,0,0,0,0,0,0,0,0,0,0,0,2.6,12.9
2025-04-11 07:31:10,0,0,0,0,0,0,0,0,0,0,0,0,2.4,12.9
2025-04-11 07:31:15,0,0,0,0,0,0,0,0,0,0,0,0,2.0,12.9
2025-04-11 07:31:20,0,0,0,0,0,0,0,0,0,0,0,0,1.7,12.9
2025-04-11 07:31:25,0,0,0,0,0,0,0,0,0,0,0,0,2.2,12.9
2025-04-11 07:31:30,0,0,0,0,0,0,0,0,0,0,0,0,2.2,12.9
2025-04-11 07:31:35,0,0,0,0,0,0,0,0,0,0,0,0,2.1,12.9
2025-04-11 07:31:40,0,0,0,0,0,0,0,0,0,0,0,0,2.7,12.9
2025-04-11 07:31:45,0,0,0,0,0,0,0,0,0,0,0,0,2.9,12.9
2025-04-11 07:31:50,0,0,0,0,0,0,0,0,0,0,0,0,2.6,12.9
2025-04-11 07:31:55,0,0,0,0,0,0,0,0,0,0,0,0,2.2,12.9
2025-04-11 07:32:00,0,0,0,0,0,0,0,0,0,0,0,0,2.1,12.9
2025-04-11 07:32:05,0,0,0,0,0,0,0,0,0,0,0,0,2.1,12.9
2025-04-11 07:32:10,0,0,0,0,0,0,0,0,0,0,0,0,1.8,12.9
2025-04-11 07:32:15,0,0,0,0,0,0,0,0,0,0,0,0,2.4,12.9
2025-04-11 07:32:20,0,0,0,0,0,0,0,0,0,0,0,0,2.5,12.9
2025-04-11 07:32:25,0,0,0,0,0,0,0,0,0,0,0,0,3.0,12.9
2025-04-11 07:32:30,0,0,0,0,0,0,0,0,0,0,0,0,3.1,12.9
2025-04-11 07:32:35,0,0,0,0,0,0,0,0,0,0,0,0,3.1,12.9
2025-04-11 07:32:40,0,0,0,0,0,0,0,0,0,0,0,0,3.3,12.9
2025-04-11 07:32:45,0,0,0,0,0,0,0,0,0,0,0,0,3.2,12.9
2025-04-11 07:32:50,0,0,0,0,0,0,0,0,0,0,0,0,2.8,12.9
2025-04-11 07:32:55,0,0,0,0,0,0,0,0,0,0,0,0,3.1,12.9
2025-04-11 07:33:00,0,0,0,0,0,0,0,0,0,0,0,0,2.9,12.9
2025-04-11 07:33:05,0,0,0,0,0,0,0,0,0,0,0,0,2.4,12.9
2025-04-11 07:33:10,0,0,0,0,0,0,0,0,0,0,0,0,2.0,12.9
2025-04-11 07:33:15,0,0,0,0,0,0,0,0,0,0,0,0,1.9,12.9
2025-04-11 07:33:20,0,0,0,0,0,0,0,0,0,0,0,0,2.0,12.9
2025-04-11 07:33:25,0,0,0,0,0,0,0,0,0,0,0,0,1.9,12.9
2025-04-11 07:33:30,0,0,0,0,0,0,0,0,0,0,0,0,1.8,12.9
2025-04-11 07:33:35,0,0,0,0,0,0,0,0,0,0,0,0,1.8,12.9
2025-04-11 07:33:40,0,0,0,0,0,0,0,0,0,0,0,0,1.6,12.9
2025-04-11 07:33:45,0,0,0,0,0,0,0,0,0,0,0,0,1.8,12.9
2025-04-11 07:33:50,0,0,0,0,0,0,0,0,0,0,0,0,1.9,12.9
2025-04-11 07:33:55,0,0,0,0,0,0,0,0,0,0,0,0,2.0,12.9
2025-04-11 07:34:00,0,0,0,0,0,0,0,0,0,0,0,0,1.9,12.9
2025-04-11 07:34:05,0,0,0,0,0,0,0,0,0,0,0,0,2.2,12.9
2025-04-11 07:34:10,0,0,0,0,0,0,0,0,0,0,0,0,2.1,12.9
2025-04-11 07:34:15,0,0,0,0,0,0,0,0,0,0,0,0,1.9,12.9
2025-04-11 07:34:20,0,0,0,0,0,0,0,0,0,0,0,0,2.1,12.9
2025-04-11 07:34:25,0,0,0,0,0,0,0,0,0,0,0,0,2.1,12.9
2025-04-11 07:34:30,0,0,0,0,0,0,0,0,0,0,0,0,2.0,12.9
2025-04-11 07:34:35,0,0,0,0,0,0,0,0,0,0,0,0,1.8,12.9
2025-04-11 07:34:40,0,0,0,0,0,0,0,0,0,0,0,0,1.8,12.9
2025-04-11 07:34:45,0,0,0,0,0,0,0,0,0,0,0,0,1.8,12.9
2025-04-11 07:34:50,0,0,0,0,0,0,0,0,0,0,0,0,2.0,12.9
2025-04-11 07:34:55,0,0,0,0,0,0,0,0,0,0,0,0,2.4,12.9
2025-04-11 07:35:00,0,0,0,0,0,0,0,0,0,0,0,0,2.9,12.9
2025-04-11 07:35:05,0,0,0,0,0,0,0,0,0,0,0,0,2.8,12.9
2025-04-11 07:35:10,0,0,0,0,0,0,0,0,0,0,0,0,2.9,12.9
2025-04-11 07:35:15,0,0,0,0,0,0,0,0,0,0,0,0,3.1,12.9
2025-04-11 07:35:20,0,0,0,0,0,0,0,0,0,0,0,0,2.9,12.9
2025-04-11 07:35:25,0,0,0,0,0,0,0,0,0,0,0,0,2.7,12.9
2025-04-11 07:35:30,0,0,0,0,0,0,0,0,0,0,0,0,2.8,12.9
2025-04-11 07:35:35,0,0,0,0,0,0,0,0,0,0,0,0,2.6,12.9
2025-04-11 07:35:40,0,0,0,0,0,0,0,0,0,0,0,0,2.7,12.9
2025-04-11 07:35:45,0,0,0,0,0,0,0,0,0,0,0,0,2.6,12.9
2025-04-11 07:35:50,0,0,0,0,0,0,0,0,0,0,0,0,2.6,12.9
2025-04-11 07:35:55,0,0,0,0,0,0,0,0,0,0,0,0,2.8,12.9
2025-04-11 07:36:00,0,0,0,0,0,0,0,0,0,0,0,0,2.7,12.9
2025-04-11 07:36:05,0,0,0,0,0,0,0,0,0,0,0,0,2.4,12.9
2025-04-11 07:36:10,0,0,0,0,0,0,0,0,0,0,0,0,2.2,12.9
2025-04-11 07:36:15,0,0,0,0,0,0,0,0,0,0,0,0,2.3,12.9
2025-04-11 07:36:20,0,0,0,0,0,0,0,0,0,0,0,0,2.1,12.9
2025-04-11 07:36:25,0,0,0,0,0,0,0,0,0,0,0,0,2.0,12.9
2025-04-11 07:36:30,0,0,0,0,0,0,0,0,0,0,0,0,2.0,12.9
2025-04-11 07:36:35,0,0,0,0,0,0,0,0,0,0,0,0,1.9,12.9
2025-04-11 07:36:40,0,0,0,0,0,0,0,0,0,0,0,0,2.1,12.9
2025-04-11 07:36:45,0,0,0,0,0,0,0,0,0,0,0,0,2.1,12.9
2025-04-11 07:36:50,0,0,0,0,0,0,0,0,0,0,0,0,2.1,12.9
2025-04-11 07:36:55,0,0,0,0,0,0,0,0,0,0,0,0,2.2,12.9
2025-04-11 07:37:00,0,0,0,0,0,0,0,0,0,0,0,0,1.9,12.9
2025-04-11 07:37:05,0,0,0,0,0,0,0,0,0,0,0,0,1.7,12.9
2025-04-11 07:37:10,0,0,0,0,0,0,0,0,0,0,0,0,1.3,12.9
2025-04-11 07:37:15,0,0,0,0,0,0,0,0,0,0,0,0,1.2,12.9
2025-04-11 07:37:20,0,0,0,0,0,0,0,0,0,0,0,0,1.1,12.9
2025-04-11 07:37:25,0,0,0,0,0,0,0,0,0,0,0,0,1.1,12.9
2025-04-11 07:37:30,0,0,0,0,0,0,0,0,0,0,0,0,0.9,12.9
2025-04-11 07:37:35,0,0,0,0,0,0,0,0,0,0,0,0,0.8,12.9
2025-04-11 07:37:40,0,0,0,0,0,0,0,0,0,0,0,0,0.8,12.9
2025-04-11 07:37:45,0,0,0,0,0,0,0,0,0,0,0,0,0.7,12.9
2025-04-11 07:37:50,0,0,0,0,0,0,0,0,0,0,0,0,0.7,12.9
2025-04-11 07:37:55,0,0,0,0,0,0,0,0,0,0,0,0,0.7,12.9
2025-04-11 07:38:00,0,0,0,0,0,0,0,0,0,0,0,0,0.7,12.9
2025-04-11 07:38:05,0,0,0,0,0,0,0,0,0,0,0,0,0.8,12.9
2025-04-11 07:38:10,0,0,0,0,0,0,0,0,0,0,0,0,0.9,12.9
2025-04-11 07:38:15,0,0,0,0,0,0,0,0,0,0,0,0,1.5,12.9
2025-04-11 07:38:20,0,0,0,0,0,0,0,0,0,0,0,0,1.5,12.9
2025-04-11 07:38:25,0,0,0,0,0,0,0,0,0,0,0,0,1.7,12.9
2025-04-11 07:38:30,0,0,0,0,0,0,0,0,0,0,0,0,2.4,12.9
2025-04-11 07:38:35,0,0,0,0,0,0,0,0,0,0,0,0,2.5,12.9
2025-04-11 07:38:40,0,0,0,0,0,0,0,0,0,0,0,0,2.3,12.9
2025-04-11 07:38:45,0,0,0,0,0,0,0,0,0,0,0,0,2.2,12.9
2025-04-11 07:38:50,0,0,0,0,0,0,0,0,0,0,0,0,2.0,12.9
2025-04-11 07:38:55,0,0,0,0,0,0,0,0,0,0,0,0,1.8,12.9
2025-04-11 07:39:00,0,0,0,0,0,0,0,0,0,0,0,0,1.6,12.9
2025-04-11 07:39:05,0,0,0,0,0,0,0,0,0,0,0,0,1.4,12.9
2025-04-11 07:39:10,0,0,0,0,0,0,0,0,0,0,0,0,1.5,12.9
2025-04-11 07:39:15,0,0,0,0,0,0,0,0,0,0,0,0,2.2,12.9
2025-04-11 07:39:20,0,0,0,0,0,0,0,0,0,0,0,0,2.2,12.9
2025-04-11 07:39:25,0,0,0,0,0,0,0,0,0,0,0,0,2.0,12.9
2025-04-11 07:39:30,0,0,0,0,0,0,0,0,0,0,0,0,2.1,12.9
2025-04-11 07:39:35,0,0,0,0,0,0,0,0,0,0,0,0,1.8,12.9
2025-04-11 07:39:40,0,0,0,0,0,0,0,0,0,0,0,0,1.7,12.9
2025-04-11 07:39:45,0,0,0,0,0,0,0,0,0,0,0,0,1.3,12.9
2025-04-11 07:39:50,0,0,0,0,0,0,0,0,0,0,0,0,1.1,12.9
2025-04-11 07:39:55,0,0,0,0,0,0,0,0,0,0,0,0,2.0,12.9
2025-04-11 07:40:00,0,0,0,0,0,0,0,0,0,0,0,0,2.5,12.9
2025-04-11 07:40:05,0,0,0,0,0,0,0,0,0,0,0,0,2.4,12.9
2025-04-11 07:40:10,0,0,0,0,0,0,0,0,0,0,0,0,2.4,12.9
2025-04-11 07:40:15,0,0,0,0,0,0,0,0,0,0,0,0,2.6,12.9
2025-04-11 07:40:20,0,0,0,0,0,0,0,0,0,0,0,0,2.3,12.9
2025-04-11 07:40:25,0,0,0,0,0,0,0,0,0,0,0,0,2.1,12.9
2025-04-11 07:40:30,0,0,0,0,0,0,0,0,0,0,0,0,1.7,12.9
2025-04-11 07:40:35,0,0,0,0,0,0,0,0,0,0,0,0,1.6,12.9
2025-04-11 07:40:40,0,0,0,0,0,0,0,0,0,0,0,0,1.6,12.9
2025-04-11 07:40:45,0,0,0,0,0,0,0,0,0,0,0,0,1.9,12.9
2025-04-11 07:40:50,0,0,0,0,0,0,0,0,0,0,0,0,1.7,12.9
2025-04-11 07:40:55,0,0,0,0,0,0,0,0,0,0,0,0,1.7,12.9
2025-04-11 07:41:00,0,0,0,0,0,0,0,0,0,0,0,0,1.5,12.9
2025-04-11 07:41:05,0,0,0,0,0,0,0,0,0,0,0,0,1.6,12.9
2025-04-11 07:41:10,0,0,0,0,0,0,0,0,0,0,0,0,2.0,12.9
2025-04-11 07:41:15,0,0,0,0,0,0,0,0,0,0,0,0,2.7,12.9
2025-04-11 07:41:20,0,0,0,0,0,0,0,0,0,0,0,0,2.7,12.9
2025-04-11 07:41:25,0,0,0,0,0,0,0,0,0,0,0,0,2.2,12.9
2025-04-11 07:41:30,0,0,0,0,0,0,0,0,0,0,0,0,2.2,12.9
2025-04-11 07:41:35,0,0,0,0,0,0,0,0,0,0,0,0,2.7,12.9
2025-04-11 07:41:40,0,0,0,0,0,0,0,0,0,0,0,0,2.6,12.9
2025-04-11 07:41:45,0,0,0,0,0,0,0,0,0,0,0,0,2.7,12.9
2025-04-11 07:41:50,0,0,0,0,0,0,0,0,0,0,0,0,2.3,12.9
2025-04-11 07:41:55,0,0,0,0,0,0,0,0,0,0,0,0,2.3,12.9
2025-04-11 07:42:00,0,0,0,0,0,0,0,0,0,0,0,0,2.3,12.9
2025-04-11 07:42:05,0,0,0,0,0,0,0,0,0,0,0,0,2.0,12.9
2025-04-11 07:42:10,0,0,0,0,0,0,0,0,0,0,0,0,1.8,12.9
2025-04-11 07:42:15,0,0,0,0,0,0,0,0,0,0,0,0,2.1,12.9
2025-04-11 07:42:20,0,0,0,0,0,0,0,0,0,0,0,0,2.9,12.9
2025-04-11 07:42:25,0,0,0,0,0,0,0,0,0,0,0,0,3.6,12.9
2025-04-11 07:42:30,0,0,0,0,0,0,0,0,0,0,0,0,2.9,12.9
2025-04-11 07:42:35,0,0,0,0,0,0,0,0,0,0,0,0,2.5,12.9
2025-04-11 07:42:40,0,0,0,0,0,0,0,0,0,0,0,0,2.5,12.9
2025-04-11 07:42:45,0,0,0,0,0,0,0,0,0,0,0,0,2.1,12.9
2025-04-11 07:42:50,0,0,0,0,0,0,0,0,0,0,0,0,1.9,12.9
2025-04-11 07:42:55,0,0,0,0,0,0,0,0,0,0,0,0,2.4,12.9
2025-04-11 07:43:00,0,0,0,0,0,0,0,0,0,0,0,0,2.7,12.9
2025-04-11 07:43:05,0,0,0,0,0,0,0,0,0,0,0,0,3.5,12.9
2025-04-11 07:43:10,0,0,0,0,0,0,0,0,0,0,0,0,3.5,12.9
2025-04-11 07:43:15,0,0,0,0,0,0,0,0,0,0,0,0,3.5,12.9
2025-04-11 07:43:20,0,0,0,0,0,0,0,0,0,0,0,0,3.4,12.9
2025-04-11 07:43:25,0,0,0,0,0,0,0,0,0,0,0,0,2.7,12.9
2025-04-11 07:43:30,0,0,0,0,0,0,0,0,0,0,0,0,2.6,12.9
2025-04-11 07:43:35,0,0,0,0,0,0,0,0,0,0,0,0,2.1,12.9
2025-04-11 07:43:40,0,0,0,0,0,0,0,0,0,0,0,0,1.9,12.9
2025-04-11 07:43:45,0,0,0,0,0,0,0,0,0,0,0,0,1.5,12.9
2025-04-11 07:43:50,0,0,0,0,0,0,0,0,0,0,0,0,1.5,12.9
2025-04-11 07:43:55,0,0,0,0,0,0,0,0,0,0,0,0,1.2,12.9
2025-04-11 07:44:00,0,0,0,0,0,0,0,0,0,0,0,0,1.1,12.9
2025-04-11 07:44:05,0,0,0,0,0,0,0,0,0,0,0,0,1.2,12.9
2025-04-11 07:44:10,0,0,0,0,0,0,0,0,0,0,0,0,1.1,12.9
2025-04-11 07:44:15,0,0,0,0,0,0,0,0.0,0,0,0,0,0.9,12.9
2025-04-11 07:44:20,0,0,0,0,0,0,0,0,0,0,0,0,0.9,12.9
2025-04-11 07:44:25,0,0,0,0,0,0,0,0,0,0,0,0.0,1.0,12.9
2025-04-11 07:44:30,0,0,0,0,0,0,0,0,0,0,0,0,1.3,12.9
2025-04-11 07:44:35,0,0,0,0,0,0,0,0,0,0,0,0.0,1.8,12.9
2025-04-11 07:44:40,0,0,0,0,0,0,0,0,0,0,0,0,1.8,12.9
2025-04-11 07:44:45,0,0,0,0,0,0,0,0,0,0,0,0,1.9,12.9
2025-04-11 07:44:50,0,0,0,0,0,0,0,0,0,0,0,0.0,1.8,12.9
2025-04-11 07:44:55,0,0,0,0,0,0,0,0,0,0,0,0,1.8,12.9
2025-04-11 07:45:00,0,0,0,0.0,0,0,0.0,0,0,0,0,0.0,2.0,12.9
2025-04-11 07:45:05,0,0,0,0.0,0,0,0,0.0,0,0,0,0.0,2.3,12.9
2025-04-11 07:45:10,0,0,0,0.0,0,0,0.0,0,0,0.0,0,0.0,3.1,12.9
2025-04-11 07:45:15,0,0,0,0.0,0.0,0,0,0.0,0,0.0,0,0.0,3.4,12.9
2025-04-11 07:45:20,0,0,0,0.0,0,0,0.0,0.1,0,0.0,0,0.0,3.6,12.9
2025-04-11 07:45:25,0,0,0,0.0,0,0,0.0,0.0,0,0.0,0,0.1,3.5,12.9
2025-04-11 07:45:30,0,0,0,0.0,0,0,0.0,0.0,0,0.0,0,0.0,2.9,12.9
2025-04-11 07:45:35,0,0,0,0.1,0.0,0,0,0.0,0,0.0,0,0.1,2.5,12.9
2025-04-11 07:45:40,0,0,0,0.0,0.0,0,0.0,0.1,0,0.0,0,0.1,1.9,12.9
2025-04-11 07:45:45,0,0,0,0.1,0.1,0.0,0.1,0.0,0,0.1,0,0.1,2.0,12.9
2025-04-11 07:45:50,0,0,0,0.0,0.0,0,0.0,0.0,0,0.1,0,0.1,2.2,12.9
2025-04-11 07:45:55,0,0,0,0.0,0.1,0,0.2,0.1,0,0.1,0,0.2,1.7,12.9
2025-04-11 07:46:00,0,0,0,0.1,0.0,0.0,0.1,0.1,0,0.1,0,0.2,1.7,12.9
2025-04-11 07:46:05,0,0.0,0,0.2,0.0,0.0,0.1,0.1,0,0.1,0,0.1,1.9,12.9
2025-04-11 07:46:10,0.0,0,0,0.2,0.0,0.1,0.2,0.3,0,0.2,0,0.2,1.8,12.9
2025-04-11 07:46:15,0.0,0.0,0,0.2,0.0,0.1,0.1,0.2,0,0.2,0,0.1,2.2,12.9
2025-04-11 07:46:20,0.0,0.0,0.0,0.2,0.1,0.2,0.1,0.0,0,0.2,0,0.1,2.8,12.9
2025-04-11 07:46:25,0.0,0,0.0,0.1,0.1,0.1,0.1,0.2,0,0.2,0,0.2,3.1,12.9
2025-04-11 07:46:30,0.0,0.0,0.1,0.2,0.1,0.1,0.0,0.3,0.0,0.2,0,0.1,2.5,12.9
2025-04-11 07:46:35,0.1,0.0,0.0,0.2,0.1,0.2,0.2,0.2,0.1,0.3,0,0.2,2.2,12.9
2025-04-11 07:46:40,0.1,0,0.0,0.3,0.1,0.2,0.2,0.2,0.1,0.3,0,0.2,2.1,12.9
2025-04-11 07:46:45,0.2,0.0,0.1,0.3,0.1,0.2,0.2,0.4,0.1,0.3,0,0.3,1.9,12.9
2025-04-11 07:46:50,0.2,0.0,0.2,0.3,0.2,0.2,0.3,0.4,0.1,0.3,0,0.2,2.0,12.9
2025-04-11 07:46:55,0.2,0.1,0.1,0.4,0.2,0.3,0.2,0.3,0.0,0.4,0,0.4,2.2,12.9
2025-04-11 07:47:00,0.3,0,0.1,0.4,0.2,0.3,0.2,0.4,0.1,0.4,0,0.3,2.4,12.9
2025-04-11 07:47:05,0.2,0.0,0.2,0.4,0.2,0.4,0.3,0.3,0.3,0.4,0,0.4,2.3,12.9
2025-04-11 07:47:10,0.3,0.1,0.2,0.4,0.4,0.4,0.3,0.4,0.3,0.5,0,0.4,2.9,12.9
2025-04-11 07:47:15,0.3,0.1,0.2,0.3,0.3,0.4,0.4,0.3,0.3,0.5,0,0.4,2.8,12.9
2025-04-11 07:47:20,0.3,0.1,0.2,0.5,0.3,0.4,0.5,0.4,0.3,0.5,0,0.5,2.5,12.9
2025-04-11 07:47:25,0.3,0.1,0.2,0.4,0.4,0.4,0.4,0.5,0.3,0.5,0,0.4,2.0,12.9
2025-04-11 07:47:30,0.3,0.2,0.3,0.5,0.4,0.4,0.4,0.4,0.3,0.6,0,0.5,2.0,12.9
2025-04-11 07:47:35,0.4,0.1,0.4,0.4,0.3,0.4,0.4,0.5,0.3,0.6,0,0.5,1.9,12.9
2025-04-11 07:47:40,0.5,0.2,0.3,0.4,0.4,0.4,0.5,0.5,0.3,0.6,0,0.6,2.1,12.9
2025-04-11 07:47:45,0.4,0.2,0.3,0.4,0.4,0.4,0.5,0.5,0.4,0.6,0,0.6,2.1,12.9
2025-04-11 07:47:50,0.5,0.3,0.4,0.6,0.4,0.5,0.6,0.6,0.3,0.6,0,0.6,1.8,12.9
2025-04-11 07:47:55,0.5,0.3,0.3,0.6,0.5,0.5,0.6,0.5,0.4,0.7,0,0.6,1.8,12.9
2025-04-11 07:48:00,0.5,0.3,0.4,0.6,0.4,0.5,0.5,0.7,0.4,0.7,0,0.7,1.8,12.9
2025-04-11 07:48:05,0.5,0.5,0.4,0.6,0.5,0.6,0.6,0.7,0.4,0.8,0,0.7,1.8,12.9
2025-04-11 07:48:10,0.6,0.5,0.5,0.6,0.5,0.5,0.6,0.8,0.4,0.8,0,0.7,2.7,12.9
2025-04-11 07:48:15,0.6,0.5,0.6,0.7,0.6,0.6,0.7,0.7,0.5,0.8,0,0.6,2.8,12.9
2025-04-11 07:48:20,0.7,0.5,0.5,0.6,0.6,0.6,0.7,0.8,0.6,0.8,0,0.7,2.7,12.9
2025-04-11 07:48:25,0.7,0.4,0.6,0.7,0.6,0.6,0.7,1.0,0.6,0.9,0,0.8,2.2,12.9
2025-04-11 07:48:30,0.8,0.5,0.6,0.7,0.7,0.7,0.8,1.0,0.7,0.9,0,0.8,2.2,12.9
2025-04-11 07:48:35,0.9,0.6,0.6,0.8,0.6,0.7,0.9,1.1,0.7,0.9,0,0.8,2.5,12.9
2025-04-11 07:48:40,0.8,0.7,0.7,0.8,0.7,0.7,0.8,1.1,0.7,1.0,0,0.8,2.0,12.9
2025-04-11 07:48:45,0.9,0.8,0.6,0.9,0.8,0.7,0.9,1.0,0.8,1.0,0,0.9,1.6,12.9
2025-04-11 07:48:50,1.0,0.8,0.7,0.9,0.9,0.8,1.0,1.1,0.8,1.1,0,1.0,1.2,12.9
2025-04-11 07:48:55,0.9,0.8,0.7,0.9,0.9,0.8,1.0,1.2,0.9,1.1,0,0.9,1.1,12.9
2025-04-11 07:49:00,1.0,0.8,0.8,0.9,0.9,0.8,1.1,1.1,0.8,1.1,0,1.0,1.0,12.9
2025-04-11 07:49:05,1.0,0.8,0.8,0.9,1.0,0.9,1.1,1.2,0.9,1.2,0,1.0,0.9,12.9
2025-04-11 07:49:10,1.0,0.8,0.8,1.1,1.0,0.9,1.1,1.1,0.9,1.2,0,1.0,0.9,12.9
2025-04-11 07:49:15,1.1,0.8,0.8,1.0,1.0,1.0,1.0,1.3,0.9,1.2,0,1.1,0.9,12.9
2025-04-11 07:49:20,1.1,0.9,0.8,1.1,1.1,1.0,1.1,1.2,1.0,1.3,0,1.1,0.8,12.9
2025-04-11 07:49:25,1.2,0.9,1.0,1.0,1.1,1.1,1.2,1.4,1.1,1.3,0,1.1,1.0,12.9
2025-04-11 07:49:30,1.2,0.9,0.9,1.2,1.2,1.1,1.3,1.4,1.0,1.4,0,1.1,1.2,12.9
2025-04-11 07:49:35,1.2,1.0,1.0,1.2,1.1,1.2,1.2,1.4,1.0,1.4,0,1.3,1.4,12.9
2025-04-11 07:49:40,1.3,1.0,0.9,1.2,1.2,1.1,1.3,1.5,1.0,1.4,0,1.3,1.2,12.9
2025-04-11 07:49:45,1.4,1.0,1.1,1.2,1.2,1.2,1.3,1.5,1.1,1.5,0,1.3,1.0,12.9
2025-04-11 07:49:50,1.3,1.1,1.1,1.3,1.3,1.3,1.4,1.5,1.0,1.5,0,1.3,1.5,12.9
2025-04-11 07:49:55,1.4,1.1,1.2,1.2,1.3,1.3,1.4,1.5,1.3,1.5,0,1.4,1.5,12.9
2025-04-11 07:50:00,1.4,1.2,1.2,1.3,1.4,1.3,1.4,1.5,1.2,1.6,0,1.4,1.4,12.9
2025-04-11 07:50:05,1.4,1.1,1.3,1.3,1.4,1.3,1.5,1.6,1.4,1.6,0,1.4,1.5,12.9
2025-04-11 07:50:10,1.4,1.2,1.3,1.4,1.5,1.3,1.6,1.5,1.4,1.6,0,1.5,1.4,12.9
2025-04-11 07:50:15,1.5,1.2,1.3,1.4,1.5,1.4,1.5,1.5,1.5,1.7,0,1.5,1.3,12.9
2025-04-11 07:50:20,1.4,1.2,1.3,1.5,1.5,1.4,1.6,1.6,1.5,1.7,0,1.5,1.7,12.9
2025-04-11 07:50:25,1.5,1.2,1.4,1.5,1.5,1.5,1.5,1.6,1.5,1.7,0,1.5,2.1,12.9
2025-04-11 07:50:30,1.5,1.2,1.4,1.6,1.4,1.5,1.6,1.7,1.4,1.8,0,1.6,2.2,12.9
2025-04-11 07:50:35,1.5,1.3,1.5,1.6,1.5,1.5,1.6,1.7,1.5,1.8,0,1.6,2.3,12.9
2025-04-11 07:50:40,1.6,1.3,1.5,1.6,1.6,1.6,1.7,1.7,1.6,1.8,0,1.6,2.1,12.9
2025-04-11 07:50:45,1.6,1.3,1.5,1.7,1.6,1.6,1.7,1.8,1.7,1.9,0,1.6,1.8,12.9
2025-04-11 07:50:50,1.7,1.3,1.5,1.7,1.7,1.6,1.7,1.8,1.8,1.9,0,1.8,2.4,12.9
2025-04-11 07:50:55,1.7,1.4,1.6,1.8,1.6,1.7,1.8,1.8,1.8,1.9,0,1.7,2.6,12.9
2025-04-11 07:51:00,1.8,1.4,1.6,1.8,1.7,1.7,1.7,1.9,1.9,2.0,0,1.8,2.8,12.9
2025-04-11 07:51:05,1.9,1.5,1.7,1.8,1.8,1.8,1.8,2.0,1.9,2.0,0,1.8,2.5,12.9
2025-04-11 07:51:10,1.9,1.5,1.7,1.9,1.7,1.7,1.8,2.0,1.8,2.1,0,1.9,1.9,12.9
2025-04-11 07:51:15,1.9,1.5,1.7,1.9,1.8,1.9,2.0,2.0,2.0,2.1,0,1.8,2.0,12.9
2025-04-11 07:51:20,1.9,1.5,1.8,2.0,1.9,1.9,1.9,2.0,2.0,2.1,0,2.0,2.0,12.9
2025-04-11 07:51:25,2.0,1.6,1.8,2.0,1.9,2.0,2.0,2.1,2.0,2.1,0,1.9,2.2,12.9
2025-04-11 07:51:30,2.0,1.7,1.9,1.9,2.0,2.0,2.0,2.1,2.1,2.2,0,2.0,2.4,12.9
2025-04-11 07:51:35,2.1,1.7,1.9,2.1,2.0,2.0,2.1,2.2,2.1,2.2,0,2.0,3.1,12.9
2025-04-11 07:51:40,2.1,1.7,2.0,2.1,2.0,2.1,2.1,2.3,2.1,2.2,0,2.1,3.0,12.9
2025-04-11 07:51:45,2.2,1.7,2.0,2.1,2.1,2.1,2.0,2.3,2.1,2.3,0,2.2,3.5,12.9
2025-04-11 07:51:50,2.2,1.8,2.0,2.1,2.3,2.2,2.2,2.2,2.1,2.3,0,2.2,3.1,12.9
2025-04-11 07:51:55,2.2,1.8,2.1,2.2,2.3,2.2,2.2,2.3,2.0,2.3,0,2.2,3.5,12.9
2025-04-11 07:52:00,2.2,1.8,2.1,2.3,2.4,2.2,2.3,2.4,2.1,2.4,0,2.3,4.1,12.9
2025-04-11 07:52:05,2.3,1.9,2.2,2.3,2.4,2.3,2.3,2.3,2.1,2.4,0,2.2,3.5,12.9
2025-04-11 07:52:10,2.3,1.9,2.2,2.3,2.3,2.3,2.4,2.5,2.2,2.5,0,2.4,3.2,12.9
2025-04-11 07:52:15,2.4,2.0,2.3,2.3,2.5,2.3,2.3,2.5,2.2,2.5,0,2.4,2.7,12.9
2025-04-11 07:52:20,2.4,2.0,2.3,2.4,2.4,2.4,2.5,2.4,2.1,2.5,0,2.4,2.7,12.9
2025-04-11 07:52:25,2.4,2.0,2.2,2.5,2.5,2.4,2.5,2.5,2.2,2.6,0,2.5,2.8,12.9
2025-04-11 07:52:30,2.5,2.2,2.4,2.4,2.5,2.5,2.5,2.5,2.2,2.6,0,2.5,2.3,12.9
2025-04-11 07:52:35,2.5,2.2,2.4,2.5,2.6,2.6,2.5,2.6,2.2,2.7,0,2.6,2.2,12.9
2025-04-11 07:52:40,2.6,2.2,2.4,2.5,2.6,2.6,2.5,2.6,2.3,2.7,0,2.7,1.8,12.9
2025-04-11 07:52:45,2.6,2.2,2.4,2.6,2.6,2.7,2.6,2.6,2.3,2.7,0,2.7,1.6,12.9
2025-04-11 07:52:50,2.6,2.2,2.4,2.7,2.7,2.7,2.5,2.7,2.3,2.8,0,2.7,1.6,12.9
2025-04-11 07:52:55,2.7,2.3,2.5,2.7,2.8,2.8,2.6,2.7,2.4,2.8,0,2.8,1.7,12.9
2025-04-11 07:53:00,2.8,2.3,2.6,2.7,2.7,2.7,2.7,2.7,2.5,2.8,0,2.7,1.6,12.9
2025-04-11 07:53:05,2.8,2.4,2.7,2.7,2.8,2.7,2.8,2.8,2.5,2.9,0,2.8,1.3,12.9
2025-04-11 07:53:10,2.9,2.5,2.7,2.7,2.9,2.8,2.7,2.8,2.5,2.9,0,2.8,1.2,12.9
2025-04-11 07:53:15,2.8,2.4,2.6,2.9,3.0,2.8,2.8,2.7,2.5,3.0,0,2.9,1.3,12.9
2025-04-11 07:53:20,2.9,2.5,2.7,2.9,2.9,2.8,2.9,2.8,2.6,3.0,0,2.9,1.2,12.9
2025-04-11 07:53:25,3.0,2.5,2.8,2.9,2.9,2.9,2.9,2.8,2.6,3.1,0,3.0,2.3,12.9
2025-04-11 07:53:30,3.1,2.5,2.9,2.8,2.9,3.0,2.9,2.9,2.7,3.1,0,3.0,2.7,12.9
2025-04-11 07:53:35,3.1,2.5,2.8,3.0,3.0,3.1,3.0,3.0,2.8,3.2,0,3.0,3.0,12.9
2025-04-11 07:53:40,3.2,2.6,2.8,3.1,3.1,3.0,3.0,3.1,2.8,3.2,0,3.1,2.7,12.9
2025-04-11 07:53:45,3.3,2.7,2.9,3.1,3.1,3.1,3.1,3.1,2.8,3.3,0,3.2,3.6,12.9
2025-04-11 07:53:50,3.3,2.7,3.0,3.2,3.2,3.1,3.2,3.1,2.8,3.3,0,3.1,3.6,12.9
2025-04-11 07:53:55,3.3,2.8,3.1,3.2,3.2,3.2,3.2,3.2,2.9,3.4,0,3.2,3.2,12.9
2025-04-11 07:54:00,3.4,2.8,3.0,3.2,3.3,3.3,3.3,3.2,2.9,3.4,0,3.4,2.7,12.9
2025-04-11 07:54:05,3.5,2.8,3.1,3.4,3.4,3.2,3.4,3.4,2.9,3.5,0,3.5,2.1,12.9
2025-04-11 07:54:10,3.5,2.9,3.2,3.4,3.4,3.4,3.3,3.4,3.0,3.5,0,3.5,1.5,12.9
2025-04-11 07:54:15,3.6,3.0,3.2,3.5,3.4,3.4,3.4,3.4,3.1,3.6,0,3.5,1.3,12.9
2025-04-11 07:54:20,3.6,2.9,3.3,3.5,3.4,3.5,3.4,3.5,3.1,3.7,0,3.6,1.0,12.9
2025-04-11 07:54:25,3.7,3.0,3.3,3.6,3.5,3.5,3.5,3.6,3.2,3.7,0,3.7,1.2,12.9
2025-04-11 07:54:30,3.8,3.0,3.4,3.5,3.6,3.7,3.6,3.7,3.3,3.8,0,3.7,1.5,12.9
2025-04-11 07:54:35,3.8,3.0,3.5,3.6,3.7,3.7,3.6,3.8,3.4,3.9,0,3.8,1.5,12.9
2025-04-11 07:54:40,3.8,3.2,3.7,3.7,3.8,3.7,3.8,3.8,3.5,3.9,0,3.9,1.5,12.9
2025-04-11 07:54:45,3.9,3.2,3.7,3.7,3.9,3.8,3.8,3.8,3.6,4.0,0,3.9,1.5,12.9
2025-04-11 07:54:50,4.0,3.4,3.7,3.8,4.1,3.9,3.8,3.9,3.6,4.1,0,4.0,1.6,12.9
2025-04-11 07:54:55,4.1,3.3,3.7,4.0,4.1,3.9,3.8,3.9,3.7,4.1,0,4.1,1.5,12.9
2025-04-11 07:55:00,4.1,3.5,3.9,3.9,4.1,4.0,3.9,4.1,3.7,4.2,0,4.1,1.6,12.9
2025-04-11 07:55:05,4.2,3.5,3.9,4.0,4.1,4.1,4.1,4.2,3.8,4.3,0,4.2,2.2,12.9
2025-04-11 07:55:10,4.3,3.6,3.9,4.1,4.2,4.1,4.1,4.1,3.8,4.3,0,4.3,2.0,12.9
2025-04-11 07:55:15,4.3,3.6,4.1,4.1,4.3,4.3,4.2,4.2,3.9,4.4,0,4.4,2.1,12.9
2025-04-11 07:55:20,4.4,3.8,4.1,4.3,4.3,4.3,4.3,4.3,3.9,4.5,0,4.4,1.8,12.9
2025-04-11 07:55:25,4.4,3.8,4.2,4.3,4.4,4.4,4.4,4.4,4.0,4.5,0,4.5,1.9,12.9
2025-04-11 07:55:30,4.5,3.7,4.3,4.3,4.4,4.5,4.4,4.5,4.0,4.6,0,4.6,1.7,12.9
2025-04-11 07:55:35,4.6,3.9,4.3,4.4,4.6,4.5,4.5,4.4,4.1,4.7,0,4.7,1.5,12.8
2025-04-11 07:55:40,4.6,4.0,4.4,4.4,4.6,4.6,4.5,4.5,4.2,4.8,0,4.7,1.5,12.8
2025-04-11 07:55:45,4.7,4.0,4.4,4.6,4.6,4.7,4.6,4.7,4.5,4.8,0,4.7,2.0,12.9
2025-04-11 07:55:50,4.7,4.0,4.5,4.7,4.6,4.8,4.7,4.7,4.6,5.0,0,4.8,2.0,12.9
2025-04-11 07:55:55,4.9,4.2,4.6,4.9,4.7,4.9,4.7,4.8,4.6,5.0,0,4.8,2.8,12.9
2025-04-11 07:56:00,4.8,4.4,4.7,4.9,4.8,4.9,4.9,5.0,4.6,5.1,0,5.0,3.0,12.9
2025-04-11 07:56:05,5.1,4.5,4.9,5.0,5.0,5.1,5.0,5.0,4.8,5.2,0,5.1,2.7,12.9
2025-04-11 07:56:10,5.1,4.5,4.9,5.1,5.0,5.1,5.1,5.0,4.9,5.3,0,5.1,2.5,12.9
2025-04-11 07:56:15,5.3,4.6,5.0,5.1,5.1,5.2,5.1,5.2,5.0,5.3,0,5.2,2.9,12.9
2025-04-11 07:56:20,5.3,4.6,5.0,5.3,5.2,5.3,5.2,5.2,5.0,5.5,0,5.3,2.1,12.9
2025-04-11 07:56:25,5.4,4.7,5.1,5.3,5.3,5.3,5.3,5.4,5.2,5.6,0,5.4,2.3,12.9
2025-04-11 07:56:30,5.5,4.8,5.2,5.4,5.4,5.5,5.3,5.5,5.2,5.6,0,5.4,2.4,12.9
2025-04-11 07:56:35,5.6,4.9,5.3,5.5,5.5,5.5,5.5,5.6,5.3,5.7,0,5.5,2.9,12.9
2025-04-11 07:56:40,5.7,5.0,5.4,5.6,5.5,5.6,5.6,5.7,5.4,5.8,0,5.6,3.0,12.9
2025-04-11 07:56:45,5.7,5.0,5.4,5.6,5.7,5.7,5.7,5.8,5.5,5.9,0,5.7,2.6,12.9
2025-04-11 07:56:50,5.9,5.2,5.4,5.7,5.7,5.8,5.8,5.8,5.6,6.0,0,5.7,2.8,12.9
2025-04-11 07:56:55,5.9,5.2,5.6,5.8,5.8,5.8,5.9,6.0,5.7,6.1,0,5.8,3.2,12.9
2025-04-11 07:57:00,6.0,5.3,5.6,5.8,5.9,5.9,5.9,6.0,5.8,6.1,0,5.9,2.9,12.9
2025-04-11 07:57:05,6.1,5.4,5.7,6.0,5.9,6.0,5.9,6.1,5.9,6.2,0,5.9,3.0,12.9
2025-04-11 07:57:10,6.2,5.5,5.9,6.1,6.0,6.0,6.0,6.3,6.1,6.3,0,6.1,2.8,12.9
2025-04-11 07:57:15,6.3,5.6,5.9,6.2,6.2,6.0,6.2,6.3,6.1,6.4,0,6.1,2.8,12.9
2025-04-11 07:57:20,6.4,5.6,6.0,6.3,6.2,6.2,6.2,6.4,6.2,6.5,0,6.2,2.6,12.9
2025-04-11 07:57:25,6.4,5.6,6.0,6.4,6.2,6.2,6.4,6.4,6.3,6.6,0,6.3,2.5,12.9
2025-04-11 07:57:30,6.6,5.8,6.1,6.4,6.3,6.4,6.3,6.6,6.3,6.7,0,6.3,2.5,12.9
2025-04-11 07:57:35,6.7,5.8,6.3,6.5,6.4,6.5,6.5,6.7,6.4,6.8,0,6.4,2.3,12.9
2025-04-11 07:57:40,6.8,5.9,6.3,6.5,6.5,6.6,6.6,6.7,6.5,6.8,0,6.5,2.0,12.9
2025-04-11 07:57:45,6.9,6.0,6.4,6.7,6.5,6.6,6.7,6.7,6.6,6.9,0,6.6,2.0,12.9
2025-04-11 07:57:50,6.9,6.1,6.6,6.8,6.7,6.7,6.8,6.9,6.7,7.0,0,6.6,2.1,12.9
2025-04-11 07:57:55,6.9,6.1,6.6,6.8,6.7,6.8,6.8,6.9,6.7,7.1,0,6.7,1.9,12.9
2025-04-11 07:58:00,7.0,6.2,6.7,6.9,6.8,6.9,7.0,7.0,6.9,7.2,0,6.6,1.8,12.9
2025-04-11 07:58:05,7.0,6.2,6.8,7.0,6.9,7.0,6.9,7.1,6.8,7.3,0,6.8,1.6,12.9
2025-04-11 07:58:10,7.1,6.3,6.8,7.0,7.0,7.0,7.1,7.3,6.9,7.4,0,6.8,1.6,12.9
2025-04-11 07:58:15,7.3,6.4,6.9,7.1,7.0,7.1,7.1,7.3,7.0,7.5,0,7.0,1.6,12.9
2025-04-11 07:58:20,7.3,6.4,6.9,7.2,7.1,7.1,7.2,7.5,7.0,7.5,0,7.0,1.6,12.8
2025-04-11 07:58:25,7.4,6.5,7.0,7.3,7.2,7.3,7.3,7.5,7.1,7.6,0,7.1,1.5,12.9
2025-04-11 07:58:30,7.5,6.6,7.2,7.4,7.3,7.2,7.3,7.5,7.1,7.7,0,7.2,1.4,12.9
2025-04-11 07:58:35,7.5,6.7,7.1,7.4,7.3,7.5,7.4,7.5,7.3,7.8,0,7.2,1.2,12.9
2025-04-11 07:58:40,7.6,6.8,7.2,7.4,7.4,7.5,7.5,7.6,7.3,7.9,0,7.3,1.3,12.9
2025-04-11 07:58:45,7.7,6.8,7.3,7.5,7.5,7.6,7.5,7.8,7.4,8.0,0,7.3,1.5,12.9
2025-04-11 07:58:50,7.8,7.0,7.5,7.5,7.5,7.6,7.7,7.8,7.6,8.0,0,7.4,1.1,12.9
2025-04-11 07:58:55,7.8,7.0,7.5,7.7,7.7,7.8,7.8,8.0,7.6,8.1,0,7.5,0.9,12.9
2025-04-11 07:59:00,7.9,7.1,7.5,7.7,7.7,7.8,7.8,8.0,7.8,8.2,0,7.6,0.9,12.9
2025-04-11 07:59:05,8.0,7.1,7.6,7.8,7.8,7.9,8.0,8.1,7.8,8.3,0,7.7,0.8,12.9
2025-04-11 07:59:10,8.0,7.2,7.7,7.9,7.9,8.0,8.0,8.2,7.8,8.3,0,7.7,0.9,12.9
2025-04-11 07:59:15,8.2,7.3,7.8,8.0,8.0,8.1,8.1,8.3,8.0,8.4,0,7.9,1.3,12.9
2025-04-11 07:59:20,8.2,7.3,7.9,8.1,8.1,8.1,8.2,8.3,8.1,8.5,0,7.9,1.4,12.9
2025-04-11 07:59:25,8.3,7.4,8.0,8.2,8.2,8.2,8.2,8.4,8.1,8.6,0,8.0,1.5,12.9
2025-04-11 07:59:30,8.3,7.5,8.0,8.1,8.2,8.3,8.4,8.6,8.2,8.7,0,8.0,1.5,12.9
2025-04-11 07:59:35,8.4,7.6,8.1,8.2,8.3,8.4,8.4,8.6,8.3,8.7,0,8.1,1.3,12.9
2025-04-11 07:59:40,8.5,7.6,8.2,8.3,8.4,8.6,8.5,8.7,8.4,8.8,0,8.2,1.0,12.9
2025-04-11 07:59:45,8.6,7.7,8.2,8.5,8.5,8.7,8.6,8.8,8.4,8.9,0,8.2,0.9,12.9
2025-04-11 07:59:50,8.7,7.9,8.3,8.6,8.5,8.6,8.5,8.7,8.4,9.0,0,8.3,0.7,12.9
2025-04-11 07:59:55,8.8,8.0,8.5,8.6,8.6,8.8,8.6,8.8,8.5,9.1,0,8.3,0.6,12.9
2025-04-11 08:00:00,8.9,8.0,8.6,8.7,8.7,8.8,8.7,9.0,8.7,9.1,0,8.4,0.5,12.9
2025-04-11 08:00:05,8.9,8.1,8.7,8.7,8.8,8.9,8.8,9.0,8.7,9.2,0,8.6,0.5,12.9
2025-04-11 08:00:10,9.0,8.2,8.8,8.9,8.9,9.0,8.9,9.2,8.8,9.3,0,8.6,1.0,12.9
2025-04-11 08:00:15,9.1,8.3,8.9,9.0,9.0,9.1,9.0,9.2,8.9,9.4,0,8.7,1.1,12.9
2025-04-11 08:00:20,9.1,8.4,8.9,9.1,9.0,9.2,9.1,9.2,8.9,9.5,0,8.8,1.4,12.9
2025-04-11 08:00:25,9.3,8.5,9.0,9.1,9.0,9.3,9.2,9.3,9.0,9.6,0,8.9,1.2,12.9
2025-04-11 08:00:30,9.4,8.5,9.1,9.2,9.1,9.3,9.2,9.5,9.0,9.6,0,9.0,1.4,12.9
2025-04-11 08:00:35,9.6,8.8,9.2,9.3,9.2,9.4,9.4,9.5,9.2,9.7,0,9.1,1.5,12.9
2025-04-11 08:00:40,9.6,8.9,9.2,9.3,9.3,9.5,9.5,9.5,9.2,9.8,0,9.1,1.6,12.9
2025-04-11 08:00:45,9.7,8.9,9.3,9.4,9.4,9.7,9.6,9.6,9.4,9.9,0,9.3,1.4,12.9
2025-04-11 08:00:50,9.7,9.0,9.4,9.6,9.5,9.6,9.7,9.6,9.4,10.0,0,9.3,1.6,12.9
2025-04-11 08:00:55,9.9,9.1,9.5,9.5,9.5,9.8,9.6,9.6,9.4,10.1,0,9.4,1.6,12.9
2025-04-11 08:01:00,10.0,9.3,9.6,9.6,9.7,9.9,9.6,9.9,9.6,10.1,0,9.5,1.4,12.9
2025-04-11 08:01:05,10.1,9.2,9.7,9.7,9.8,9.9,9.9,9.9,9.7,10.2,0,9.6,1.2,12.9
2025-04-11 08:01:10,10.2,9.4,9.7,9.8,9.9,9.9,9.9,10.0,9.7,10.3,0,9.7,1.4,12.9
2025-04-11 08:01:15,10.3,9.4,9.9,9.9,9.9,10.1,10.0,10.0,9.8,10.4,0,9.6,1.4,12.9
2025-04-11 08:01:20,10.3,9.5,10.0,10.0,10.0,10.1,10.1,10.1,9.9,10.5,0,9.8,1.4,12.9
2025-04-11 08:01:25,10.5,9.7,10.1,10.1,10.1,10.2,10.2,10.2,10.0,10.5,0,9.9,1.2,12.9
2025-04-11 08:01:30,10.6,9.8,10.3,10.3,10.2,10.3,10.3,10.3,10.1,10.6,0,10.0,1.1,12.9
2025-04-11 08:01:35,10.7,9.8,10.4,10.3,10.3,10.3,10.3,10.3,10.2,10.7,0,9.9,1.1,12.9
2025-04-11 08:01:40,10.8,10.0,10.5,10.4,10.3,10.4,10.3,10.4,10.2,10.8,0,10.1,0.9,12.9
2025-04-11 08:01:45,10.8,10.0,10.6,10.4,10.5,10.5,10.4,10.5,10.3,10.9,0,10.1,1.0,12.9
2025-04-11 08:01:50,10.9,10.2,10.6,10.5,10.5,10.6,10.6,10.5,10.3,11.0,0,10.2,1.5,12.9
2025-04-11 08:01:55,10.9,10.3,10.8,10.7,10.7,10.7,10.6,10.7,10.4,11.0,0,10.3,1.6,12.9
2025-04-11 08:02:00,11.0,10.2,10.8,10.6,10.8,10.9,10.7,10.7,10.5,11.1,0,10.4,1.5,12.9
2025-04-11 08:02:05,11.1,10.3,10.9,10.7,10.8,10.9,10.9,10.8,10.6,11.2,0,10.4,1.2,12.9
2025-04-11 08:02:10,11.2,10.3,10.9,10.8,10.9,11.0,10.8,11.0,10.7,11.3,0,10.3,1.2,12.9
2025-04-11 08:02:15,11.3,10.5,11.0,10.9,11.0,11.1,10.9,11.0,10.7,11.4,0,10.4,1.0,12.9
2025-04-11 08:02:20,11.4,10.6,11.0,10.9,11.0,11.2,11.0,11.1,10.9,11.4,0,10.5,1.0,12.9
2025-04-11 08:02:25,11.4,10.6,11.1,11.1,11.2,11.3,11.2,11.3,11.0,11.5,0,10.5,1.1,12.9
2025-04-11 08:02:30,11.5,10.7,11.2,11.2,11.3,11.4,11.3,11.4,11.1,11.6,0,10.8,1.5,12.9
2025-04-11 08:02:35,11.6,10.8,11.3,11.3,11.4,11.5,11.3,11.6,11.2,11.7,0,10.9,1.7,12.9
2025-04-11 08:02:40,11.7,10.9,11.4,11.5,11.5,11.5,11.5,11.6,11.3,11.8,0,11.0,1.4,12.9
2025-04-11 08:02:45,11.9,11.1,11.5,11.5,11.5,11.7,11.5,11.6,11.4,11.9,0,11.0,1.3,12.9
2025-04-11 08:02:50,11.9,11.2,11.5,11.5,11.6,11.8,11.6,11.8,11.4,11.9,0,11.1,1.2,12.9
2025-04-11 08:02:55,12.0,11.3,11.7,11.7,11.8,11.9,11.6,11.9,11.6,12.0,0,11.1,1.2,12.9
2025-04-11 08:03:00,12.1,11.3,11.7,11.8,11.8,11.9,11.7,11.9,11.7,12.1,0,11.2,1.1,12.9
2025-04-11 08:03:05,12.2,11.4,11.8,11.8,11.9,12.0,11.8,12.0,11.7,12.2,0,11.2,1.7,12.9
2025-04-11 08:03:10,12.3,11.5,11.9,11.9,12.0,12.1,11.9,12.1,11.8,12.3,0,11.2,1.7,12.9
2025-04-11 08:03:15,12.3,11.6,11.9,11.9,12.0,12.2,11.9,12.0,11.8,12.3,0,11.3,1.9,12.9
2025-04-11 08:03:20,12.5,11.6,11.9,12.1,12.1,12.2,12.0,12.2,12.0,12.4,0,11.4,1.9,12.9
2025-04-11 08:03:25,12.5,11.7,12.1,12.2,12.2,12.3,12.0,12.3,12.0,12.5,0,11.4,1.7,12.9
2025-04-11 08:03:30,12.5,11.8,12.2,12.4,12.3,12.4,12.2,12.4,12.2,12.5,0,11.4,2.2,12.9
2025-04-11 08:03:35,12.6,11.8,12.2,12.4,12.4,12.4,12.2,12.3,12.1,12.6,0,11.4,1.9,13.0
2025-04-11 08:03:40,12.6,11.9,12.2,12.5,12.4,12.5,12.2,12.3,12.1,12.7,0,11.5,1.4,13.0
2025-04-11 08:03:45,12.8,11.9,12.3,12.5,12.5,12.6,12.4,12.5,12.2,12.8,0,11.6,1.3,12.9
2025-04-11 08:03:50,12.9,12.0,12.4,12.7,12.6,12.6,12.5,12.6,12.3,12.8,0,11.6,1.0,12.9
2025-04-11 08:03:55,13.0,12.0,12.5,12.7,12.7,12.7,12.5,12.7,12.5,12.9,0,11.7,0.8,13.0
2025-04-11 08:04:00,13.0,12.1,12.7,12.7,12.8,12.8,12.5,12.7,12.4,13.0,0,11.7,0.7,13.0
2025-04-11 08:04:05,13.1,12.1,12.7,12.7,12.8,12.8,12.6,12.7,12.5,13.0,0,11.8,0.9,13.0
2025-04-11 08:04:10,13.2,12.2,12.8,12.9,12.9,12.8,12.5,12.8,12.6,13.1,0,11.8,1.1,13.0
2025-04-11 08:04:15,13.3,12.3,12.9,13.0,12.9,13.0,12.6,13.0,12.7,13.2,0,11.9,1.2,13.0
2025-04-11 08:04:20,13.3,12.3,12.9,13.0,12.9,13.1,12.7,13.0,12.7,13.2,0,11.9,1.2,13.0
2025-04-11 08:04:25,13.4,12.5,12.9,13.1,12.9,13.2,12.7,13.1,12.8,13.3,0,11.9,1.2,13.0
2025-04-11 08:04:30,13.4,12.5,12.9,13.0,13.0,13.1,12.9,13.2,12.9,13.3,0,11.9,1.3,13.0
2025-04-11 08:04:35,13.5,12.5,12.9,13.2,13.1,13.2,13.0,13.2,12.9,13.4,0,11.9,1.5,13.0
2025-04-11 08:04:40,13.6,12.6,13.0,13.2,13.2,13.4,12.9,13.3,12.9,13.5,0,11.9,1.7,13.0
2025-04-11 08:04:45,13.7,12.7,13.1,13.3,13.3,13.3,13.1,13.4,13.0,13.5,0,11.9,1.6,13.0
2025-04-11 08:04:50,13.8,12.7,13.2,13.4,13.3,13.5,13.2,13.4,13.1,13.6,0,12.0,1.9,13.0
2025-04-11 08:04:55,13.8,12.7,13.2,13.4,13.4,13.5,13.4,13.6,13.3,13.7,0,12.1,2.0,13.0
2025-04-11 08:05:00,13.9,12.8,13.2,13.5,13.4,13.6,13.5,13.6,13.3,13.7,0,12.1,1.9,13.0
2025-04-11 08:05:05,14.0,12.8,13.3,13.5,13.5,13.7,13.4,13.5,13.4,13.8,0,12.1,1.8,13.0
2025-04-11 08:05:10,14.0,12.9,13.3,13.5,13.5,13.7,13.5,13.6,13.4,13.8,0,12.1,1.7,13.0
2025-04-11 08:05:15,14.2,12.9,13.4,13.6,13.5,13.8,13.6,13.6,13.5,13.9,0,12.2,1.4,13.0
2025-04-11 08:05:20,14.2,12.9,13.3,13.6,13.6,13.8,13.7,13.7,13.7,13.9,0,12.1,1.3,13.0
2025-04-11 08:05:25,14.2,12.9,13.4,13.6,13.7,13.9,13.7,13.7,13.7,14.0,0,12.2,1.6,13.0
2025-04-11 08:05:30,14.3,12.8,13.6,13.8,13.7,13.9,13.8,13.9,13.8,14.0,0,12.2,2.5,13.0
2025-04-11 08:05:35,14.2,12.9,13.7,13.7,13.7,14.0,13.8,13.9,13.9,14.1,0,12.2,3.7,13.0
2025-04-11 08:05:40,14.2,13.0,13.6,13.8,13.9,14.0,13.8,14.0,13.8,14.1,0,12.4,3.7,13.0
2025-04-11 08:05:45,14.2,13.1,13.8,13.9,13.9,14.1,13.9,14.1,14.0,14.1,0,12.5,3.6,13.0
2025-04-11 08:05:50,14.3,13.2,13.7,14.0,14.0,14.1,14.0,14.2,14.0,14.2,0,12.5,3.4,13.0
2025-04-11 08:05:55,14.4,13.2,13.9,14.1,14.1,14.2,14.0,14.2,14.0,14.2,0,12.3,3.1,13.0
2025-04-11 08:06:00,14.4,13.3,13.9,14.0,14.2,14.1,14.1,14.2,14.1,14.2,0,12.4,2.6,13.0
2025-04-11 08:06:05,14.5,13.4,13.9,14.0,14.2,14.1,14.1,14.2,14.2,14.3,0,12.4,2.4,13.0
2025-04-11 08:06:10,14.5,13.5,13.9,14.1,14.2,14.1,14.1,14.3,14.1,14.3,0,12.4,2.3,13.0
2025-04-11 08:06:15,14.4,13.5,13.9,14.1,14.2,14.1,14.1,14.3,14.2,14.3,0,12.4,2.5,13.0
2025-04-11 08:06:20,14.4,13.5,13.9,14.2,14.1,14.2,14.1,14.2,14.2,14.3,0,12.4,2.9,13.0
2025-04-11 08:06:25,14.4,13.6,13.9,14.2,14.2,14.3,14.1,14.3,14.2,14.3,0,12.4,2.9,13.0
2025-04-11 08:06:30,14.5,13.5,14.0,14.2,14.2,14.3,14.2,14.4,14.2,14.3,0,12.4,2.6,13.0
2025-04-11 08:06:35,14.5,13.6,14.0,14.2,14.3,14.3,14.3,14.3,14.2,14.4,0,12.5,2.7,13.0
2025-04-11 08:06:40,14.5,13.6,14.0,14.3,14.3,14.4,14.4,14.4,14.2,14.4,0,12.4,2.6,13.0
2025-04-11 08:06:45,14.5,13.6,14.0,14.1,14.3,14.3,14.3,14.3,14.2,14.4,0,12.5,2.5,13.0
2025-04-11 08:06:50,14.4,13.5,14.1,14.2,14.3,14.3,14.3,14.3,14.2,14.4,0,12.4,2.3,13.0
2025-04-11 08:06:55,14.5,13.6,14.1,14.2,14.3,14.3,14.3,14.4,14.2,14.4,0,12.4,2.2,13.0
2025-04-11 08:07:00,14.4,13.4,14.0,14.2,14.3,14.3,14.3,14.4,14.2,14.4,0,12.4,2.1,13.0
2025-04-11 08:07:05,14.4,13.4,14.0,14.2,14.3,14.4,14.2,14.4,14.2,14.4,0,12.4,1.9,13.0
2025-04-11 08:07:10,14.5,13.5,14.1,14.3,14.3,14.3,14.2,14.4,14.2,14.4,0,12.4,1.7,13.0
2025-04-11 08:07:15,14.5,13.4,13.9,14.1,14.3,14.3,14.3,14.4,14.2,14.4,0,12.3,1.4,13.0
2025-04-11 08:07:20,14.5,13.5,14.1,14.3,14.3,14.3,14.4,14.3,14.2,14.4,0,12.4,1.4,13.0
2025-04-11 08:07:25,14.5,13.5,13.9,14.2,14.4,14.4,14.3,14.3,14.2,14.4,0,12.4,1.7,13.0
2025-04-11 08:07:30,14.4,13.5,14.0,14.2,14.3,14.3,14.3,14.4,14.2,14.4,0,12.4,2.0,13.0
2025-04-11 08:07:35,14.4,13.6,14.0,14.2,14.4,14.4,14.3,14.4,14.1,14.4,0,12.4,2.1,13.0
2025-04-11 08:07:40,14.4,13.6,14.1,14.3,14.3,14.4,14.3,14.4,14.1,14.5,0,12.4,2.0,13.0
2025-04-11 08:07:45,14.5,13.6,14.0,14.2,14.3,14.4,14.4,14.5,14.1,14.5,0,12.4,1.5,13.0
2025-04-11 08:07:50,14.5,13.6,14.1,14.3,14.3,14.4,14.3,14.4,14.1,14.5,0,12.3,1.5,13.0
2025-04-11 08:07:55,14.4,13.7,14.1,14.3,14.2,14.4,14.4,14.5,14.3,14.5,0,12.4,1.6,13.0
2025-04-11 08:08:00,14.5,13.6,14.1,14.3,14.3,14.4,14.4,14.4,14.2,14.5,0,12.3,1.6,13.0
2025-04-11 08:08:05,14.5,13.6,14.1,14.3,14.3,14.4,14.4,14.5,14.3,14.5,0,12.3,1.4,13.0
2025-04-11 08:08:10,14.5,13.5,14.2,14.3,14.3,14.3,14.4,14.4,14.2,14.5,0,12.4,1.1,13.0
2025-04-11 08:08:15,14.4,13.6,14.1,14.3,14.4,14.3,14.4,14.4,14.3,14.5,0,12.4,0.9,13.0
2025-04-11 08:08:20,14.5,13.6,14.1,14.3,14.4,14.4,14.5,14.4,14.2,14.5,0,12.4,0.7,13.1
2025-04-11 08:08:25,14.5,13.6,14.1,14.3,14.4,14.4,14.4,14.5,14.3,14.5,0,12.4,0.6,13.1
2025-04-11 08:08:30,14.6,13.6,14.2,14.4,14.4,14.3,14.5,14.5,14.2,14.6,0,12.4,0.7,13.1
2025-04-11 08:08:35,14.5,13.5,14.2,14.3,14.4,14.4,14.4,14.5,14.3,14.6,0,12.4,0.6,13.0
2025-04-11 08:08:40,14.6,13.6,14.2,14.4,14.5,14.4,14.4,14.5,14.2,14.6,0,12.4,0.6,13.1
2025-04-11 08:08:45,14.6,13.7,14.2,14.3,14.5,14.4,14.4,14.4,14.2,14.6,0,12.4,0.8,13.1
2025-04-11 08:08:50,14.6,13.7,14.3,14.4,14.5,14.4,14.5,14.5,14.2,14.6,0,12.4,1.0,13.1
2025-04-11 08:08:55,14.7,13.7,14.2,14.3,14.6,14.4,14.6,14.5,14.2,14.6,0,12.4,1.2,13.1
2025-04-11 08:09:00,14.7,13.6,14.3,14.5,14.5,14.5,14.6,14.6,14.2,14.7,0,12.5,1.3,13.1
2025-04-11 08:09:05,14.8,13.7,14.4,14.4,14.6,14.5,14.6,14.6,14.3,14.7,0,12.5,1.3,13.1
2025-04-11 08:09:10,14.9,13.8,14.4,14.5,14.6,14.6,14.6,14.5,14.2,14.7,0,12.5,1.3,13.1
2025-04-11 08:09:15,14.8,13.8,14.5,14.5,14.6,14.6,14.5,14.6,14.3,14.7,0,12.6,1.3,13.1
2025-04-11 08:09:20,14.9,13.8,14.4,14.5,14.6,14.6,14.7,14.7,14.4,14.8,0,12.6,1.3,13.1
2025-04-11 08:09:25,14.9,13.8,14.5,14.5,14.7,14.6,14.6,14.7,14.4,14.8,0,12.7,1.1,13.1
2025-04-11 08:09:30,15.0,13.8,14.5,14.6,14.7,14.7,14.6,14.7,14.4,14.8,0,12.6,1.5,13.1
2025-04-11 08:09:35,15.0,13.9,14.5,14.6,14.8,14.7,14.7,14.8,14.5,14.8,0,12.7,1.5,13.1
2025-04-11 08:09:40,15.1,14.0,14.5,14.6,14.7,14.8,14.6,14.8,14.5,14.9,0,12.7,2.0,13.1
2025-04-11 08:09:45,15.1,14.0,14.6,14.8,14.8,14.9,14.6,14.9,14.4,14.9,0,12.7,2.0,13.1
2025-04-11 08:09:50,15.1,14.0,14.5,14.8,14.8,14.8,14.7,14.9,14.5,14.9,0,12.8,2.1,13.1
2025-04-11 08:09:55,15.1,14.0,14.5,14.8,14.8,14.9,14.7,14.9,14.7,14.9,0,12.8,2.1,13.1
2025-04-11 08:10:00,15.1,14.1,14.6,14.9,14.9,14.9,14.8,15.0,14.7,15.0,0,12.9,2.1,13.1
2025-04-11 08:10:05,15.2,14.1,14.7,14.8,14.9,15.0,14.9,15.0,14.7,15.0,0,12.9,2.0,13.1
2025-04-11 08:10:10,15.2,14.2,14.7,14.9,14.9,15.0,14.9,14.9,14.7,15.0,0,12.9,2.3,13.1
2025-04-11 08:10:15,15.2,14.1,14.7,14.9,15.0,15.1,14.9,14.9,14.7,15.0,0,12.9,2.7,13.1
2025-04-11 08:10:20,15.2,14.3,14.7,14.8,15.0,15.1,14.9,15.1,14.8,15.1,0,13.0,2.8,13.1
2025-04-11 08:10:25,15.2,14.3,14.8,15.0,15.0,15.1,15.0,15.1,14.9,15.1,0,13.0,2.2,13.1
2025-04-11 08:10:30,15.3,14.4,14.8,15.1,15.1,15.3,15.0,15.2,14.9,15.1,0,13.0,1.7,13.1
2025-04-11 08:10:35,15.3,14.3,14.8,15.0,15.1,15.2,15.0,15.3,14.9,15.2,0,13.1,1.5,13.1
2025-04-11 08:10:40,15.4,14.3,14.9,15.1,15.1,15.3,15.1,15.2,15.0,15.2,0,13.2,1.7,13.1
2025-04-11 08:10:45,15.4,14.4,14.9,15.2,15.2,15.3,15.2,15.3,15.0,15.2,0,13.3,2.3,13.1
2025-04-11 08:10:50,15.5,14.4,15.0,15.3,15.2,15.3,15.2,15.3,15.1,15.2,0,13.2,2.5,13.1
2025-04-11 08:10:55,15.4,14.4,15.0,15.2,15.3,15.4,15.3,15.3,15.0,15.3,0,13.2,2.3,13.1
2025-04-11 08:11:00,15.5,14.5,15.0,15.2,15.3,15.4,15.3,15.4,15.0,15.3,0,13.4,2.7,13.1
2025-04-11 08:11:05,15.5,14.7,15.0,15.2,15.3,15.5,15.2,15.3,15.1,15.3,0,13.3,3.0,13.1
2025-04-11 08:11:10,15.6,14.7,15.0,15.3,15.3,15.6,15.3,15.5,15.0,15.4,0,13.3,3.0,13.1
2025-04-11 08:11:15,15.5,14.6,15.2,15.3,15.4,15.6,15.3,15.5,15.2,15.4,0,13.3,2.5,13.1
2025-04-11 08:11:20,15.7,14.7,15.2,15.4,15.4,15.6,15.3,15.5,15.3,15.4,0,13.3,2.8,13.1
2025-04-11 08:11:25,15.7,14.7,15.2,15.5,15.5,15.7,15.4,15.4,15.2,15.5,0,13.5,2.6,13.1
2025-04-11 08:11:30,15.7,14.7,15.2,15.5,15.5,15.8,15.4,15.5,15.2,15.5,0,13.5,2.8,13.1
2025-04-11 08:11:35,15.8,14.7,15.3,15.6,15.5,15.8,15.5,15.6,15.3,15.5,0,13.6,2.6,13.1
2025-04-11 08:11:40,15.8,14.7,15.3,15.6,15.5,15.9,15.5,15.6,15.4,15.6,0,13.6,2.6,13.1
2025-04-11 08:11:45,15.8,14.8,15.4,15.7,15.6,15.9,15.5,15.8,15.5,15.6,0,13.7,2.8,13.1
2025-04-11 08:11:50,15.9,14.8,15.4,15.7,15.6,15.9,15.5,15.8,15.5,15.6,0,13.8,2.9,13.1
2025-04-11 08:11:55,15.9,14.8,15.4,15.7,15.7,15.9,15.5,15.9,15.6,15.6,0,13.8,2.4,13.1
2025-04-11 08:12:00,15.9,14.9,15.5,15.7,15.7,15.9,15.6,15.7,15.6,15.7,0,13.8,3.0,13.1
2025-04-11 08:12:05,16.0,14.8,15.6,15.7,15.7,15.9,15.6,15.8,15.5,15.7,0,13.9,2.5,13.1
2025-04-11 08:12:10,16.0,14.9,15.5,15.9,15.7,16.0,15.7,15.9,15.6,15.7,0,13.9,2.3,13.1
2025-04-11 08:12:15,16.1,14.8,15.6,15.9,15.8,16.1,15.7,15.9,15.5,15.7,0,13.9,1.8,13.1
2025-04-11 08:12:20,16.1,14.8,15.6,15.9,15.8,16.0,15.7,15.9,15.6,15.8,0,13.8,1.9,13.1
2025-04-11 08:12:25,16.1,14.8,15.5,15.9,15.9,16.0,15.7,15.9,15.5,15.8,0,13.9,1.7,13.1
2025-04-11 08:12:30,16.1,14.8,15.6,15.9,15.8,16.0,15.8,15.8,15.5,15.8,0,13.9,1.4,13.1
2025-04-11 08:12:35,16.1,14.7,15.6,15.9,15.8,16.1,15.9,16.0,15.6,15.8,0,13.9,1.3,13.1
2025-04-11 08:12:40,16.2,14.7,15.6,15.9,15.9,16.0,15.8,15.9,15.7,15.8,0,13.9,1.3,13.1
2025-04-11 08:12:45,16.2,14.7,15.7,15.9,15.9,16.1,15.8,16.0,15.6,15.8,0,13.9,1.5,13.1
2025-04-11 08:12:50,16.2,14.9,15.6,15.9,15.9,16.2,15.8,16.1,15.6,15.9,0,13.9,2.1,13.1
2025-04-11 08:12:55,16.2,15.0,15.7,15.9,15.9,16.2,15.8,16.1,15.7,15.9,0,14.0,2.7,13.1
2025-04-11 08:13:00,16.2,15.1,15.8,15.9,16.0,16.2,15.8,16.0,15.7,15.9,0,14.0,3.2,13.1
2025-04-11 08:13:05,16.2,15.0,15.7,15.9,15.9,16.2,15.9,16.1,15.6,16.0,0,14.2,3.0,13.1
2025-04-11 08:13:10,16.3,15.0,15.8,16.0,16.0,16.3,15.8,16.1,15.8,16.0,0,14.2,2.7,13.1
2025-04-11 08:13:15,16.3,15.0,15.8,16.0,16.0,16.3,15.8,16.2,15.8,16.0,0,14.3,2.6,13.1
2025-04-11 08:13:20,16.3,15.0,15.9,16.0,16.0,16.3,15.9,16.2,15.8,16.0,0,14.3,2.3,13.1
2025-04-11 08:13:25,16.3,15.0,15.9,16.0,16.2,16.3,15.9,16.1,15.8,16.0,0,14.2,2.1,13.1
2025-04-11 08:13:30,16.4,15.1,15.9,16.1,16.1,16.4,15.9,16.2,15.9,16.1,0,14.2,2.1,13.1
2025-04-11 08:13:35,16.4,15.1,15.9,16.0,16.2,16.4,16.0,16.3,15.9,16.1,0,14.3,2.4,13.1
2025-04-11 08:13:40,16.3,15.1,16.0,16.0,16.3,16.4,16.0,16.3,15.9,16.1,0,14.3,3.6,13.1
2025-04-11 08:13:45,16.3,15.1,16.0,16.0,16.3,16.5,16.0,16.3,16.0,16.1,0,14.3,4.0,13.1
2025-04-11 08:13:50,16.3,15.2,16.1,16.1,16.3,16.5,16.1,16.3,16.0,16.1,0,14.4,3.7,13.1
2025-04-11 08:13:55,16.4,15.3,16.1,16.2,16.3,16.5,16.1,16.4,16.1,16.1,0,14.4,3.3,13.1
2025-04-11 08:14:00,16.4,15.3,16.0,16.2,16.4,16.5,16.1,16.4,16.1,16.2,0,14.4,3.1,13.1
2025-04-11 08:14:05,16.4,15.5,16.0,16.2,16.4,16.5,16.2,16.5,16.0,16.2,0,14.4,3.5,13.1
2025-04-11 08:14:10,16.5,15.5,16.0,16.2,16.4,16.5,16.2,16.5,16.1,16.2,0,14.5,4.1,13.1
2025-04-11 08:14:15,16.5,15.5,16.1,16.2,16.4,16.5,16.2,16.5,16.2,16.2,0,14.5,3.6,13.1
2025-04-11 08:14:20,16.5,15.5,16.2,16.3,16.5,16.6,16.2,16.6,16.1,16.2,0,14.5,3.1,13.1
2025-04-11 08:14:25,16.5,15.4,16.1,16.4,16.4,16.6,16.2,16.6,16.3,16.3,0,14.6,3.1,13.1
2025-04-11 08:14:30,16.5,15.4,16.2,16.5,16.5,16.6,16.4,16.6,16.3,16.3,0,14.6,4.6,13.1
2025-04-11 08:14:35,16.6,15.5,16.2,16.5,16.5,16.6,16.4,16.5,16.3,16.3,0,14.6,4.4,13.1
2025-04-11 08:14:40,16.7,15.4,16.2,16.4,16.6,16.6,16.4,16.6,16.3,16.4,0,14.7,4.3,13.1
2025-04-11 08:14:45,16.6,15.6,16.4,16.5,16.5,16.6,16.4,16.7,16.3,16.4,0,14.8,3.9,13.1
2025-04-11 08:14:50,16.7,15.7,16.3,16.5,16.6,16.6,16.4,16.7,16.4,16.4,0,14.8,4.2,13.1
2025-04-11 08:14:55,16.7,15.7,16.3,16.6,16.6,16.7,16.4,16.7,16.4,16.5,0,14.9,4.0,13.1
2025-04-11 08:15:00,16.8,15.7,16.4,16.5,16.6,16.8,16.5,16.8,16.4,16.5,0,14.9,3.1,13.1
2025-04-11 08:15:05,16.8,15.7,16.4,16.5,16.7,16.9,16.6,16.8,16.4,16.5,0,14.9,3.2,13.1
2025-04-11 08:15:10,16.9,15.7,16.4,16.6,16.8,16.9,16.6,16.8,16.4,16.6,0,15.0,3.1,13.1
2025-04-11 08:15:15,16.9,15.9,16.4,16.8,16.8,17.0,16.7,16.8,16.4,16.6,0,14.9,3.0,13.1
2025-04-11 08:15:20,17.0,15.8,16.6,16.8,16.9,17.0,16.7,16.9,16.4,16.6,0,15.0,2.6,13.1
2025-04-11 08:15:25,17.0,15.8,16.6,16.8,16.9,17.1,16.8,16.9,16.5,16.7,0,15.1,2.8,13.1
2025-04-11 08:15:30,17.1,16.0,16.6,16.8,17.0,17.1,16.8,16.9,16.6,16.7,0,15.1,2.6,13.1
2025-04-11 08:15:35,17.1,16.0,16.7,16.9,17.0,17.1,16.7,17.0,16.6,16.8,0,15.2,2.3,13.1
2025-04-11 08:15:40,17.2,16.0,16.8,16.9,17.0,17.2,16.8,17.1,16.6,16.8,0,15.2,2.2,13.1
2025-04-11 08:15:45,17.2,16.0,16.8,16.9,17.0,17.2,16.9,17.1,16.7,16.9,0,15.3,2.2,13.1
2025-04-11 08:15:50,17.2,16.0,16.8,16.9,17.1,17.3,16.9,17.2,16.8,16.9,0,15.2,2.0,13.1
2025-04-11 08:15:55,17.3,16.0,16.8,17.1,17.2,17.4,17.1,17.3,16.8,17.0,0,15.3,2.0,13.1
2025-04-11 08:16:00,17.4,16.1,16.9,17.2,17.2,17.3,17.1,17.2,16.8,17.0,0,15.4,1.9,13.1
2025-04-11 08:16:05,17.5,16.1,17.0,17.1,17.2,17.4,17.1,17.4,16.9,17.1,0,15.4,2.0,13.1
2025-04-11 08:16:10,17.5,16.1,17.1,17.0,17.3,17.4,17.2,17.4,16.9,17.2,0,15.5,2.1,13.1
2025-04-11 08:16:15,17.6,16.2,17.1,17.1,17.4,17.5,17.2,17.4,17.1,17.2,0,15.5,2.0,13.1
2025-04-11 08:16:20,17.6,16.2,17.2,17.2,17.5,17.6,17.3,17.5,17.1,17.3,0,15.6,2.0,13.1
2025-04-11 08:16:25,17.6,16.3,17.2,17.4,17.6,17.6,17.3,17.6,17.2,17.3,0,15.7,1.8,13.1
2025-04-11 08:16:30,17.8,16.4,17.3,17.3,17.6,17.7,17.5,17.6,17.2,17.4,0,15.7,1.6,13.1
2025-04-11 08:16:35,17.8,16.4,17.3,17.5,17.6,17.8,17.6,17.8,17.2,17.5,0,15.7,1.5,13.1
2025-04-11 08:16:40,17.9,16.5,17.4,17.5,17.7,17.8,17.6,17.8,17.4,17.6,0,15.8,1.6,13.1
2025-04-11 08:16:45,17.8,16.6,17.4,17.6,17.8,17.9,17.7,17.9,17.5,17.7,0,16.0,1.3,13.1
2025-04-11 08:16:50,18.0,16.6,17.6,17.7,17.9,17.9,17.7,17.9,17.5,17.7,0,16.0,1.2,13.1
2025-04-11 08:16:55,18.0,16.7,17.6,17.8,18.0,18.1,17.8,18.0,17.7,17.8,0,16.0,1.9,13.1
2025-04-11 08:17:00,18.1,16.8,17.7,17.9,18.0,18.1,17.9,18.2,17.8,17.9,0,16.1,2.4,13.1
2025-04-11 08:17:05,18.2,16.8,17.7,17.9,18.2,18.3,18.1,18.2,17.8,17.9,0,16.2,3.6,13.1
2025-04-11 08:17:10,18.2,16.9,17.9,18.1,18.3,18.4,18.1,18.2,17.8,18.0,0,16.3,4.0,13.1
2025-04-11 08:17:15,18.4,17.0,17.9,18.1,18.3,18.4,18.2,18.3,17.9,18.1,0,16.5,4.0,13.1
2025-04-11 08:17:20,18.5,17.0,18.0,18.3,18.3,18.5,18.2,18.3,18.0,18.2,0,16.5,3.1,13.1
2025-04-11 08:17:25,18.6,17.1,18.1,18.4,18.4,18.5,18.3,18.5,18.0,18.3,0,16.6,2.4,13.1
2025-04-11 08:17:30,18.7,17.3,18.2,18.4,18.5,18.7,18.3,18.4,18.1,18.4,0,16.6,1.7,13.1
2025-04-11 08:17:35,18.8,17.4,18.3,18.4,18.5,18.7,18.4,18.6,18.2,18.4,0,16.7,1.5,13.1
2025-04-11 08:17:40,18.8,17.4,18.3,18.6,18.6,18.8,18.4,18.6,18.4,18.6,0,16.7,1.4,13.1
2025-04-11 08:17:45,19.0,17.6,18.4,18.6,18.7,18.9,18.6,18.8,18.5,18.6,0,16.8,1.4,13.1
2025-04-11 08:17:50,19.1,17.7,18.5,18.7,18.7,19.0,18.6,18.8,18.4,18.7,0,16.9,1.3,13.1
2025-04-11 08:17:55,19.1,17.7,18.4,18.8,18.8,19.0,18.7,18.9,18.5,18.8,0,17.0,1.1,13.1
2025-04-11 08:18:00,19.1,17.9,18.7,18.8,18.9,19.1,18.7,19.0,18.7,18.9,0,17.1,1.0,13.1
2025-04-11 08:18:05,19.2,17.9,18.7,18.9,19.0,19.2,18.8,19.1,18.8,19.0,0,17.0,1.0,13.1
2025-04-11 08:18:10,19.4,18.0,18.9,19.0,19.1,19.2,18.9,19.2,18.9,19.1,0,17.1,1.8,13.1
2025-04-11 08:18:15,19.4,18.0,18.9,19.1,19.2,19.4,19.0,19.2,19.1,19.1,0,17.2,2.2,13.1
2025-04-11 08:18:20,19.5,18.2,19.0,19.2,19.3,19.5,19.1,19.3,19.2,19.2,0,17.3,2.4,13.1
2025-04-11 08:18:25,19.6,18.3,19.1,19.4,19.4,19.6,19.2,19.6,19.3,19.3,0,17.4,2.1,13.1
2025-04-11 08:18:30,19.7,18.4,19.2,19.4,19.5,19.7,19.3,19.6,19.3,19.4,0,17.4,2.1,13.1
2025-04-11 08:18:35,19.7,18.4,19.2,19.6,19.6,19.7,19.5,19.8,19.4,19.5,0,17.5,1.9,13.1
2025-04-11 08:18:40,19.8,18.6,19.4,19.5,19.8,19.9,19.5,19.8,19.4,19.6,0,17.6,1.6,13.1
2025-04-11 08:18:45,19.9,18.7,19.5,19.7,19.8,19.9,19.7,19.9,19.5,19.6,0,17.6,2.2,13.1
2025-04-11 08:18:50,20.0,18.7,19.5,19.7,19.9,20.0,19.8,19.9,19.7,19.7,0,17.7,2.1,13.1
2025-04-11 08:18:55,20.1,18.8,19.5,19.9,20.0,20.1,19.9,20.1,19.8,19.8,0,17.7,1.9,13.1
2025-04-11 08:19:00,20.1,18.8,19.6,19.9,20.0,20.2,19.9,20.2,19.9,19.9,0,17.8,1.7,13.1
2025-04-11 08:19:05,20.2,18.9,19.7,19.9,20.0,20.2,19.9,20.2,20.0,20.0,0,17.8,1.8,13.1
2025-04-11 08:19:10,20.3,19.0,19.8,20.1,20.1,20.4,20.1,20.4,20.0,20.0,0,18.0,1.6,13.1
2025-04-11 08:19:15,20.4,19.1,19.8,20.2,20.2,20.4,20.1,20.5,20.1,20.1,0,18.0,1.5,13.1
2025-04-11 08:19:20,20.4,19.0,19.9,20.2,20.3,20.5,20.2,20.5,20.2,20.2,0,18.0,1.9,13.1
2025-04-11 08:19:25,20.5,19.0,20.0,20.2,20.4,20.6,20.3,20.6,20.2,20.3,0,18.1,2.1,13.1
2025-04-11 08:19:30,20.6,19.2,20.0,20.4,20.4,20.6,20.3,20.7,20.3,20.3,0,18.1,2.0,13.1
2025-04-11 08:19:35,20.6,19.3,20.1,20.4,20.6,20.6,20.4,20.8,20.4,20.4,0,18.1,1.5,13.1
2025-04-11 08:19:40,20.7,19.4,20.2,20.6,20.7,20.7,20.4,20.9,20.5,20.5,0,18.2,1.4,13.2
2025-04-11 08:19:45,20.7,19.5,20.2,20.6,20.7,20.9,20.6,20.9,20.5,20.5,0,18.2,1.7,13.2
2025-04-11 08:19:50,20.8,19.5,20.3,20.6,20.8,20.9,20.6,20.9,20.6,20.6,0,18.3,1.7,13.1
2025-04-11 08:19:55,20.9,19.6,20.4,20.7,20.8,21.0,20.7,21.0,20.6,20.7,0,18.3,1.7,13.2
2025-04-11 08:20:00,20.8,19.7,20.4,20.7,20.8,21.0,20.8,21.0,20.6,20.7,0,18.3,1.5,13.2
2025-04-11 08:20:05,21.0,19.9,20.5,20.8,20.9,21.0,20.8,21.1,20.6,20.8,0,18.3,1.4,13.2
2025-04-11 08:20:10,21.1,20.1,20.6,20.8,21.1,21.0,20.7,21.3,20.7,20.8,0,18.4,1.5,13.1
2025-04-11 08:20:15,21.1,20.0,20.6,20.9,21.2,21.2,20.9,21.2,20.8,20.9,0,18.4,1.4,13.1
2025-04-11 08:20:20,21.1,20.1,20.7,20.9,21.2,21.3,21.0,21.3,20.9,20.9,0,18.5,1.4,13.1
2025-04-11 08:20:25,21.2,20.1,20.7,21.0,21.2,21.3,21.0,21.3,20.9,21.0,0,18.5,1.3,13.2
2025-04-11 08:20:30,21.3,20.1,20.8,21.1,21.2,21.3,21.0,21.3,21.0,21.0,0,18.5,1.1,13.1
2025-04-11 08:20:35,21.3,20.1,20.7,21.1,21.2,21.4,21.1,21.2,21.1,21.1,0,18.5,1.2,13.1
2025-04-11 08:20:40,21.3,20.2,20.8,21.1,21.3,21.5,21.1,21.4,21.1,21.1,0,18.6,1.5,13.1
2025-04-11 08:20:45,21.4,20.4,20.7,21.2,21.3,21.5,21.2,21.5,21.1,21.1,0,18.6,1.6,13.2
2025-04-11 08:20:50,21.5,20.4,20.8,21.3,21.3,21.6,21.3,21.6,21.1,21.2,0,18.5,1.6,13.2
2025-04-11 08:20:55,21.5,20.4,20.9,21.3,21.5,21.6,21.3,21.6,21.3,21.2,0,18.7,3.9,13.2
2025-04-11 08:21:00,21.5,20.4,21.0,21.3,21.5,21.7,21.4,21.6,21.3,21.2,0,18.7,4.3,13.1
2025-04-11 08:21:05,21.5,20.4,21.0,21.4,21.5,21.7,21.4,21.6,21.3,21.3,0,18.7,4.7,13.2
2025-04-11 08:21:10,21.5,20.4,21.2,21.4,21.6,21.7,21.4,21.7,21.4,21.3,0,18.7,4.5,13.2
2025-04-11 08:21:15,21.6,20.4,21.2,21.5,21.6,21.8,21.4,21.8,21.4,21.3,0,18.8,4.1,13.2
2025-04-11 08:21:20,21.6,20.6,21.2,21.6,21.6,21.8,21.6,21.7,21.4,21.4,0,18.8,3.9,13.1
2025-04-11 08:21:25,21.7,20.7,21.3,21.5,21.7,21.9,21.5,21.8,21.5,21.4,0,18.8,4.5,13.2
2025-04-11 08:21:30,21.8,20.7,21.3,21.6,21.7,21.9,21.6,21.7,21.5,21.4,0,18.9,3.9,13.2
2025-04-11 08:21:35,21.8,20.7,21.3,21.6,21.7,21.9,21.7,21.9,21.5,21.4,0,18.9,3.3,13.2
2025-04-11 08:21:40,21.9,20.8,21.4,21.6,21.7,21.9,21.6,21.8,21.6,21.5,0,18.9,2.9,13.2
2025-04-11 08:21:45,21.9,20.8,21.3,21.7,21.8,22.0,21.6,21.9,21.6,21.5,0,18.9,2.4,13.2
2025-04-11 08:21:50,21.9,20.8,21.4,21.6,21.7,21.9,21.7,21.9,21.6,21.5,0,18.9,2.4,13.2
2025-04-11 08:21:55,21.9,20.9,21.4,21.8,21.8,22.0,21.6,21.9,21.6,21.5,0,19.0,2.2,13.2
2025-04-11 08:22:00,22.0,20.9,21.4,21.7,21.8,22.1,21.6,21.8,21.7,21.6,0,19.0,2.1,13.2
2025-04-11 08:22:05,22.0,21.0,21.4,21.8,21.7,22.0,21.7,21.9,21.7,21.6,0,18.9,1.9,13.2
2025-04-11 08:22:10,22.0,20.9,21.5,21.7,21.8,22.1,21.8,21.9,21.7,21.6,0,19.0,1.8,13.2
2025-04-11 08:22:15,22.0,20.9,21.4,21.8,21.8,22.1,21.7,21.9,21.7,21.6,0,19.0,1.8,13.2
2025-04-11 08:22:20,22.0,20.9,21.5,21.8,21.8,22.1,21.8,22.0,21.8,21.6,0,19.0,1.7,13.2
2025-04-11 08:22:25,22.0,20.8,21.5,21.8,21.9,22.1,21.7,22.0,21.8,21.7,0,19.0,1.9,13.2
2025-04-11 08:22:30,22.1,20.7,21.5,21.9,21.9,22.2,21.7,22.0,21.8,21.7,0,19.0,2.0,13.2
2025-04-11 08:22:35,22.1,20.8,21.5,22.0,21.9,22.2,21.6,21.9,21.7,21.7,0,19.1,1.6,13.2
2025-04-11 08:22:40,22.2,20.8,21.6,21.9,21.8,22.2,21.8,22.0,21.8,21.7,0,19.0,1.9,13.2
2025-04-11 08:22:45,22.2,20.9,21.5,22.0,21.9,22.2,21.7,22.1,21.8,21.7,0,19.1,2.1,13.2
2025-04-11 08:22:50,22.1,20.9,21.6,21.9,22.0,22.2,21.8,22.1,21.8,21.8,0,19.1,2.2,13.2
2025-04-11 08:22:55,22.2,21.0,21.6,22.0,22.0,22.3,21.7,22.2,21.8,21.8,0,19.1,2.5,13.2
2025-04-11 08:23:00,22.3,21.1,21.7,22.0,22.0,22.3,21.8,22.0,21.8,21.8,0,19.1,2.2,13.2
2025-04-11 08:23:05,22.2,21.0,21.6,22.0,22.0,22.3,21.8,22.1,21.7,21.8,0,19.2,1.9,13.2
2025-04-11 08:23:10,22.2,21.0,21.7,22.0,22.0,22.2,21.9,22.2,21.8,21.8,0,19.2,1.7,13.2
2025-04-11 08:23:15,22.2,20.9,21.7,22.1,22.1,22.3,21.9,22.1,21.8,21.9,0,19.3,1.3,13.2
2025-04-11 08:23:20,22.3,21.0,21.7,22.0,22.1,22.3,21.9,22.2,21.9,21.9,0,19.2,1.1,13.2
2025-04-11 08:23:25,22.4,21.1,21.7,22.1,22.1,22.4,21.9,22.3,21.9,21.9,0,19.3,1.0,13.2
2025-04-11 08:23:30,22.5,21.1,21.8,22.0,22.2,22.3,21.9,22.3,21.9,21.9,0,19.4,1.4,13.2
2025-04-11 08:23:35,22.5,21.0,21.8,22.0,22.2,22.5,22.1,22.3,22.0,22.0,0,19.3,1.5,13.2
2025-04-11 08:23:40,22.5,21.0,21.8,22.2,22.3,22.5,22.0,22.3,22.0,22.0,0,19.4,1.5,13.2
2025-04-11 08:23:45,22.6,21.1,21.9,22.1,22.3,22.4,22.0,22.4,22.0,22.1,0,19.4,1.7,13.2
2025-04-11 08:23:50,22.8,21.0,22.0,22.2,22.3,22.5,22.0,22.3,22.1,22.1,0,19.4,2.0,13.2
2025-04-11 08:23:55,22.7,21.1,21.9,22.3,22.3,22.6,22.1,22.4,22.1,22.1,0,19.5,1.9,13.2
2025-04-11 08:24:00,22.7,21.2,21.9,22.4,22.4,22.5,22.2,22.6,22.2,22.1,0,19.5,2.1,13.2
2025-04-11 08:24:05,22.8,21.3,22.0,22.4,22.4,22.6,22.3,22.4,22.1,22.2,0,19.5,2.1,13.2
2025-04-11 08:24:10,22.8,21.3,22.0,22.4,22.5,22.7,22.3,22.5,22.1,22.2,0,19.6,1.9,13.2
2025-04-11 08:24:15,22.8,21.4,22.1,22.5,22.5,22.8,22.4,22.7,22.0,22.3,0,19.7,1.7,13.2
2025-04-11 08:24:20,22.8,21.4,22.1,22.5,22.6,22.8,22.4,22.7,22.2,22.3,0,19.7,1.8,13.2
2025-04-11 08:24:25,22.8,21.5,22.2,22.5,22.6,22.9,22.4,22.8,22.2,22.4,0,19.7,2.7,13.2
2025-04-11 08:24:30,23.0,21.5,22.3,22.6,22.7,22.9,22.5,22.8,22.3,22.4,0,19.8,2.4,13.2
2025-04-11 08:24:35,23.0,21.5,22.3,22.6,22.7,23.0,22.5,22.8,22.3,22.4,0,19.8,2.7,13.2
2025-04-11 08:24:40,23.0,21.6,22.4,22.7,22.7,23.0,22.5,22.9,22.4,22.5,0,19.9,2.3,13.2
2025-04-11 08:24:45,23.0,21.6,22.4,22.7,22.8,23.1,22.7,23.0,22.4,22.5,0,20.0,1.9,13.2
2025-04-11 08:24:50,23.0,21.7,22.4,22.7,22.9,23.2,22.8,23.0,22.5,22.6,0,20.1,2.0,13.2
2025-04-11 08:24:55,23.2,21.7,22.5,22.8,23.0,23.1,22.9,23.1,22.5,22.7,0,20.1,2.0,13.2
2025-04-11 08:25:00,23.2,21.7,22.5,22.8,23.0,23.2,22.9,23.2,22.6,22.7,0,20.2,2.2,13.2
2025-04-11 08:25:05,23.4,21.8,22.6,22.9,23.0,23.3,22.9,23.2,22.7,22.8,0,20.2,2.3,13.2
2025-04-11 08:25:10,23.4,21.8,22.6,23.0,23.0,23.3,23.1,23.2,22.9,22.8,0,20.3,2.1,13.2
2025-04-11 08:25:15,23.4,21.8,22.7,23.0,23.1,23.3,23.1,23.3,22.9,22.9,0,20.3,2.1,13.2
2025-04-11 08:25:20,23.5,21.8,22.8,23.2,23.2,23.4,23.1,23.3,23.0,22.9,0,20.4,2.2,13.2
2025-04-11 08:25:25,23.5,21.9,22.8,23.2,23.3,23.5,23.1,23.6,23.0,23.0,0,20.5,2.3,13.2
2025-04-11 08:25:30,23.6,22.0,22.9,23.3,23.3,23.5,23.2,23.5,23.1,23.1,0,20.5,2.1,13.2
2025-04-11 08:25:35,23.6,22.0,23.0,23.3,23.4,23.5,23.5,23.7,23.2,23.1,0,20.6,3.0,13.2
2025-04-11 08:25:40,23.7,22.0,23.0,23.4,23.4,23.6,23.4,23.7,23.2,23.1,0,20.6,3.6,13.2
2025-04-11 08:25:45,23.8,22.1,23.1,23.5,23.5,23.6,23.5,23.7,23.3,23.2,0,20.7,4.7,13.2
2025-04-11 08:25:50,23.9,22.2,23.1,23.5,23.6,23.8,23.6,23.7,23.3,23.2,0,20.7,3.9,13.2
2025-04-11 08:25:55,23.9,22.1,23.2,23.5,23.7,23.8,23.6,23.8,23.4,23.3,0,20.8,2.9,13.2
2025-04-11 08:26:00,24.0,22.2,23.3,23.5,23.7,23.9,23.6,23.9,23.4,23.3,0,20.9,3.0,13.2
2025-04-11 08:26:05,24.0,22.3,23.3,23.6,23.7,24.0,23.7,23.9,23.4,23.3,0,21.0,3.7,13.2
2025-04-11 08:26:10,24.1,22.3,23.3,23.7,23.7,24.0,23.7,23.8,23.5,23.4,0,21.0,4.5,13.2
2025-04-11 08:26:15,24.1,22.5,23.4,23.7,23.8,24.1,23.7,23.8,23.5,23.5,0,21.1,4.3,13.2
2025-04-11 08:26:20,24.1,22.5,23.4,23.8,23.8,24.1,23.8,24.1,23.6,23.5,0,21.2,4.2,13.2
2025-04-11 08:26:25,24.2,22.4,23.5,23.8,23.9,24.1,23.8,24.0,23.6,23.6,0,21.2,2.8,13.2
2025-04-11 08:26:30,24.3,22.4,23.6,23.8,24.0,24.1,23.9,24.0,23.7,23.7,0,21.2,2.5,13.2
2025-04-11 08:26:35,24.4,22.5,23.6,23.9,23.9,24.2,23.9,24.1,23.7,23.7,0,21.3,1.9,13.2
2025-04-11 08:26:40,24.4,22.5,23.6,24.0,24.0,24.3,24.0,24.1,23.7,23.8,0,21.4,1.8,13.2
2025-04-11 08:26:45,24.4,22.6,23.7,24.0,24.0,24.4,24.1,24.2,23.8,23.9,0,21.5,2.3,13.2
2025-04-11 08:26:50,24.5,22.6,23.7,24.1,24.1,24.4,24.0,24.3,23.8,24.0,0,21.5,1.8,13.2
2025-04-11 08:26:55,24.6,22.5,23.8,24.1,24.1,24.4,24.1,24.3,23.9,24.0,0,21.6,1.6,13.2
2025-04-11 08:27:00,24.7,22.6,23.8,24.2,24.2,24.5,24.2,24.4,23.9,24.1,0,21.6,1.2,13.2
2025-04-11 08:27:05,24.8,22.7,23.9,24.1,24.3,24.6,24.3,24.4,24.0,24.2,0,21.6,1.6,13.2
2025-04-11 08:27:10,24.8,22.8,24.0,24.2,24.3,24.7,24.3,24.5,24.1,24.2,0,21.7,1.8,13.2
2025-04-11 08:27:15,24.8,22.7,24.0,24.3,24.4,24.7,24.5,24.7,24.2,24.3,0,21.7,1.5,13.2
2025-04-11 08:27:20,24.9,22.7,24.1,24.5,24.5,24.8,24.5,24.8,24.2,24.3,0,21.9,3.2,13.2
2025-04-11 08:27:25,24.9,22.8,24.2,24.6,24.5,24.9,24.6,24.9,24.3,24.4,0,21.9,3.7,13.2
2025-04-11 08:27:30,24.9,23.0,24.4,24.5,24.6,25.1,24.7,24.9,24.5,24.5,0,22.1,5.4,13.2
2025-04-11 08:27:35,25.0,23.2,24.4,24.7,24.7,25.0,24.7,25.0,24.5,24.5,0,22.1,4.3,13.2
2025-04-11 08:27:40,25.1,23.3,24.5,24.8,24.8,25.0,24.7,25.0,24.6,24.6,0,22.2,4.5,13.2
2025-04-11 08:27:45,25.1,23.3,24.6,24.8,24.9,25.2,24.8,25.0,24.6,24.7,0,22.2,4.6,13.2
2025-04-11 08:27:50,25.2,23.3,24.7,24.8,24.9,25.3,24.9,25.1,24.7,24.7,0,22.2,4.2,13.2
2025-04-11 08:27:55,25.3,23.4,24.7,24.9,25.0,25.4,24.9,25.2,24.7,24.8,0,22.4,2.8,13.2
2025-04-11 08:28:00,25.4,23.5,24.8,25.0,25.1,25.4,25.0,25.3,24.8,24.9,0,22.5,3.8,13.2
2025-04-11 08:28:05,25.4,23.5,24.8,25.2,25.1,25.5,25.0,25.3,24.9,24.9,0,22.5,4.1,13.2
2025-04-11 08:28:10,25.5,23.5,25.0,25.2,25.3,25.6,25.2,25.4,25.0,25.0,0,22.6,4.6,13.2
2025-04-11 08:28:15,25.5,23.5,25.0,25.3,25.3,25.6,25.2,25.6,25.1,25.1,0,22.7,4.7,13.2
2025-04-11 08:28:20,25.6,23.5,25.1,25.3,25.4,25.7,25.3,25.5,25.1,25.2,0,22.8,3.7,13.2
2025-04-11 08:28:25,25.6,23.7,25.1,25.3,25.4,25.8,25.4,25.6,25.1,25.2,0,22.8,3.5,13.2
2025-04-11 08:28:30,25.8,23.7,25.2,25.3,25.5,25.7,25.4,25.6,25.1,25.3,0,22.8,3.5,13.2
2025-04-11 08:28:35,25.7,23.7,25.2,25.4,25.5,25.9,25.4,25.6,25.2,25.4,0,22.8,3.3,13.2
2025-04-11 08:28:40,25.8,23.8,25.3,25.4,25.6,25.9,25.4,25.7,25.4,25.4,0,22.8,3.2,13.2
2025-04-11 08:28:45,25.9,23.9,25.3,25.6,25.7,25.9,25.7,25.9,25.4,25.5,0,22.9,3.3,13.2
2025-04-11 08:28:50,26.0,23.9,25.4,25.7,25.8,26.0,25.7,25.9,25.4,25.6,0,22.9,3.4,13.2
2025-04-11 08:28:55,26.0,24.0,25.5,25.7,25.8,26.0,25.7,25.9,25.4,25.7,0,23.1,2.8,13.2
2025-04-11 08:29:00,26.2,24.0,25.5,25.8,25.8,26.0,25.9,26.0,25.6,25.7,0,23.1,2.8,13.2
2025-04-11 08:29:05,26.2,24.1,25.6,25.9,25.9,26.2,25.8,26.0,25.6,25.8,0,23.1,3.0,13.2
2025-04-11 08:29:10,26.3,24.2,25.7,26.0,26.0,26.2,25.8,26.1,25.7,25.9,0,23.2,4.2,13.2
2025-04-11 08:29:15,26.3,24.2,25.7,25.9,26.0,26.3,26.0,26.3,25.8,26.0,0,23.1,3.4,13.2
2025-04-11 08:29:20,26.4,24.2,25.7,26.0,26.0,26.3,26.0,26.3,25.8,26.0,0,23.2,3.3,13.2
2025-04-11 08:29:25,26.5,24.2,25.8,26.1,26.1,26.3,26.2,26.3,25.9,26.1,0,23.4,3.2,13.2
2025-04-11 08:29:30,26.6,24.2,25.8,26.2,26.2,26.5,26.2,26.3,26.0,26.1,0,23.3,3.3,13.2
2025-04-11 08:29:35,26.7,24.2,25.9,26.2,26.3,26.5,26.3,26.3,26.1,26.2,0,23.4,3.5,13.2
2025-04-11 08:29:40,26.6,24.2,26.0,26.2,26.3,26.5,26.3,26.4,26.1,26.3,0,23.5,3.9,13.2
2025-04-11 08:29:45,26.8,24.4,26.1,26.3,26.3,26.6,26.3,26.5,26.1,26.3,0,23.4,4.1,13.2
2025-04-11 08:29:50,26.8,24.5,26.0,26.4,26.4,26.6,26.4,26.5,26.2,26.4,0,23.5,3.0,13.2
2025-04-11 08:29:55,26.7,24.5,26.0,26.4,26.5,26.7,26.4,26.5,26.3,26.4,0,23.6,3.7,13.2
2025-04-11 08:30:00,26.8,24.7,26.2,26.5,26.5,26.7,26.5,26.6,26.3,26.5,0,23.5,3.5,13.2
2025-04-11 08:30:05,26.9,24.7,26.3,26.5,26.6,26.8,26.4,26.7,26.3,26.5,0,23.6,3.3,13.2
2025-04-11 08:30:10,26.9,24.8,26.4,26.7,26.6,26.8,26.6,26.9,26.4,26.6,0,23.7,2.9,13.2
2025-04-11 08:30:15,26.9,24.9,26.4,26.6,26.7,26.9,26.8,27.0,26.5,26.7,0,23.6,3.2,13.2
2025-04-11 08:30:20,27.0,24.9,26.3,26.9,26.8,27.1,26.7,27.0,26.6,26.7,0,23.7,3.3,13.2
2025-04-11 08:30:25,27.1,25.1,26.4,26.9,27.0,27.1,26.8,27.1,26.6,26.7,0,23.8,3.8,13.2
2025-04-11 08:30:30,27.3,25.3,26.5,26.9,27.0,27.1,26.9,27.0,26.6,26.8,0,23.7,4.2,13.2
2025-04-11 08:30:35,27.3,25.3,26.6,26.8,27.0,27.1,26.9,27.0,26.7,26.9,0,23.8,3.5,13.2
2025-04-11 08:30:40,27.4,25.3,26.7,26.9,27.0,27.2,27.1,27.1,26.7,26.9,0,23.8,2.6,13.2
2025-04-11 08:30:45,27.4,25.3,26.6,27.1,27.0,27.2,27.1,27.3,26.8,26.9,0,23.8,2.4,13.2
2025-04-11 08:30:50,27.5,25.3,26.7,27.0,27.1,27.3,27.1,27.3,26.9,27.0,0,23.9,2.0,13.2
2025-04-11 08:30:55,27.5,25.4,26.8,27.0,27.1,27.3,27.1,27.4,27.0,27.0,0,23.9,2.0,13.2
2025-04-11 08:31:00,27.6,25.5,26.8,27.2,27.2,27.3,27.1,27.4,26.9,27.1,0,23.9,1.9,13.2
2025-04-11 08:31:05,27.6,25.4,26.9,27.2,27.2,27.4,27.2,27.3,27.0,27.1,0,23.9,2.0,13.2
2025-04-11 08:31:10,27.6,25.6,26.9,27.1,27.3,27.5,27.2,27.4,27.0,27.1,0,23.8,1.9,13.2
2025-04-11 08:31:15,27.5,25.7,26.9,27.2,27.3,27.5,27.4,27.4,27.0,27.2,0,23.9,2.0,13.2
2025-04-11 08:31:20,27.6,25.8,26.9,27.3,27.3,27.5,27.3,27.4,27.0,27.2,0,23.9,2.2,13.2
2025-04-11 08:31:25,27.7,25.7,27.0,27.2,27.3,27.5,27.4,27.5,27.0,27.2,0,23.9,1.9,13.2
2025-04-11 08:31:30,27.6,25.8,26.9,27.2,27.3,27.5,27.4,27.4,27.1,27.2,0,23.9,1.7,13.2
2025-04-11 08:31:35,27.6,25.8,27.0,27.3,27.4,27.5,27.2,27.5,27.1,27.2,0,23.8,2.5,13.2
2025-04-11 08:31:40,27.7,25.8,27.0,27.3,27.4,27.5,27.3,27.5,27.2,27.2,0,23.8,2.5,13.2
2025-04-11 08:31:45,27.6,25.8,27.0,27.3,27.3,27.5,27.3,27.5,27.1,27.2,0,23.8,2.1,13.2
2025-04-11 08:31:50,27.7,25.8,27.0,27.3,27.4,27.5,27.3,27.5,27.2,27.2,0,23.8,1.8,13.2
2025-04-11 08:31:55,27.7,25.8,26.9,27.4,27.3,27.5,27.4,27.6,27.1,27.2,0,23.7,1.6,13.2
2025-04-11 08:32:00,27.7,25.8,27.0,27.3,27.3,27.6,27.4,27.6,27.2,27.2,0,23.7,1.2,13.2
2025-04-11 08:32:05,27.7,25.9,26.9,27.3,27.3,27.6,27.3,27.5,27.2,27.2,0,23.7,1.6,13.2
2025-04-11 08:32:10,27.7,25.9,27.0,27.2,27.4,27.5,27.3,27.6,27.1,27.2,0,23.7,2.1,13.2
2025-04-11 08:32:15,27.6,25.8,26.9,27.3,27.3,27.6,27.4,27.5,27.1,27.2,0,23.6,2.5,13.2
2025-04-11 08:32:20,27.6,25.9,26.9,27.3,27.3,27.5,27.4,27.5,27.1,27.2,0,23.5,2.6,13.2
2025-04-11 08:32:25,27.6,25.9,26.9,27.2,27.3,27.5,27.4,27.6,27.1,27.1,0,23.4,2.1,13.2
2025-04-11 08:32:30,27.6,25.8,26.8,27.1,27.3,27.5,27.4,27.5,27.1,27.1,0,23.5,1.6,13.2
2025-04-11 08:32:35,27.6,25.8,26.8,27.1,27.2,27.5,27.2,27.6,27.0,27.0,0,23.4,1.5,13.2
2025-04-11 08:32:40,27.5,25.8,26.8,27.1,27.2,27.4,27.2,27.4,27.0,27.0,0,23.3,1.4,13.2
2025-04-11 08:32:45,27.5,25.9,26.7,27.1,27.2,27.4,27.1,27.4,26.9,27.0,0,23.2,1.3,13.2
2025-04-11 08:32:50,27.5,25.8,26.7,27.1,27.2,27.3,27.1,27.3,26.9,26.9,0,23.2,1.8,13.2
2025-04-11 08:32:55,27.4,25.8,26.6,27.0,27.1,27.2,27.0,27.4,26.8,26.9,0,23.1,2.6,13.2
2025-04-11 08:33:00,27.5,25.7,26.6,27.0,27.1,27.3,27.0,27.3,26.8,26.8,0,23.0,2.6,13.2
2025-04-11 08:33:05,27.4,25.7,26.6,26.9,27.0,27.2,27.0,27.2,26.7,26.7,0,22.9,2.5,13.2
2025-04-11 08:33:10,27.4,25.6,26.6,26.8,27.1,27.2,26.9,27.1,26.6,26.7,0,22.8,2.4,13.2
2025-04-11 08:33:15,27.4,25.4,26.4,26.8,27.0,27.1,26.8,27.0,26.6,26.6,0,22.7,2.0,13.2
2025-04-11 08:33:20,27.3,25.5,26.4,26.8,26.9,27.0,26.8,27.0,26.5,26.6,0,22.8,1.7,13.2
2025-04-11 08:33:25,27.3,25.4,26.3,26.7,26.8,27.0,26.7,27.0,26.4,26.5,0,22.6,1.6,13.2
2025-04-11 08:33:30,27.2,25.4,26.2,26.7,26.7,26.9,26.8,27.0,26.3,26.4,0,22.6,2.2,13.2
2025-04-11 08:33:35,27.2,25.4,26.2,26.5,26.7,27.0,26.6,27.0,26.3,26.4,0,22.5,2.2,13.2
2025-04-11 08:33:40,27.1,25.3,26.2,26.6,26.6,26.9,26.6,26.9,26.2,26.3,0,22.5,3.1,13.2
2025-04-11 08:33:45,27.1,25.3,26.2,26.7,26.5,26.9,26.5,26.8,26.1,26.3,0,22.4,3.0,13.2
2025-04-11 08:33:50,27.0,25.4,26.1,26.6,26.6,26.8,26.4,26.8,26.1,26.2,0,22.4,3.3,13.2
2025-04-11 08:33:55,27.0,25.4,26.0,26.5,26.5,26.9,26.4,26.9,26.0,26.2,0,22.4,3.4,13.2
2025-04-11 08:34:00,27.0,25.4,26.0,26.5,26.5,26.8,26.4,26.7,26.0,26.1,0,22.3,3.6,13.2
2025-04-11 08:34:05,27.0,25.3,26.0,26.5,26.4,26.8,26.4,26.7,26.0,26.1,0,22.3,4.1,13.2
2025-04-11 08:34:10,26.9,25.3,26.0,26.5,26.4,26.8,26.3,26.6,25.9,26.0,0,22.3,5.0,13.2
2025-04-11 08:34:15,26.8,25.0,25.9,26.5,26.3,26.8,26.3,26.6,25.9,26.0,0,22.2,4.3,13.2
2025-04-11 08:34:20,26.9,25.1,25.9,26.4,26.3,26.6,26.3,26.6,25.9,25.9,0,22.2,4.5,13.2
2025-04-11 08:34:25,26.8,25.0,25.8,26.3,26.4,26.6,26.3,26.7,25.9,25.9,0,22.1,3.6,13.2
2025-04-11 08:34:30,26.8,24.8,25.8,26.3,26.3,26.6,26.2,26.5,25.8,25.9,0,22.1,3.1,13.2
2025-04-11 08:34:35,26.7,24.8,25.8,26.3,26.3,26.6,26.2,26.5,25.9,25.9,0,22.0,2.7,13.2
2025-04-11 08:34:40,26.7,24.9,25.8,26.2,26.3,26.6,26.3,26.4,25.8,25.8,0,22.0,2.5,13.2
2025-04-11 08:34:45,26.7,24.9,25.8,26.1,26.3,26.5,26.3,26.4,25.8,25.8,0,22.0,2.2,13.2
2025-04-11 08:34:50,26.6,24.9,25.7,26.1,26.2,26.5,26.3,26.3,25.8,25.8,0,21.8,2.6,13.2
2025-04-11 08:34:55,26.6,25.0,25.7,25.9,26.2,26.4,26.1,26.3,25.7,25.7,0,21.8,2.5,13.2
2025-04-11 08:35:00,26.5,24.9,25.6,25.9,26.1,26.4,26.2,26.1,25.7,25.7,0,21.8,3.8,13.2
2025-04-11 08:35:05,26.5,24.9,25.7,25.9,26.0,26.3,26.2,26.0,25.7,25.7,0,21.7,4.2,13.2
2025-04-11 08:35:10,26.5,24.9,25.5,26.0,26.0,26.3,26.1,26.1,25.7,25.7,0,21.7,4.0,13.2
2025-04-11 08:35:15,26.4,24.9,25.6,26.0,26.0,26.3,26.1,26.1,25.7,25.6,0,21.7,5.4,13.2
2025-04-11 08:35:20,26.5,24.9,25.5,26.1,26.0,26.2,25.9,26.0,25.7,25.6,0,21.6,3.4,13.2
2025-04-11 08:35:25,26.5,24.9,25.5,26.0,25.9,26.3,26.0,26.1,25.6,25.6,0,21.7,2.9,13.2
2025-04-11 08:35:30,26.6,24.9,25.6,26.0,25.9,26.2,25.9,26.1,25.7,25.6,0,21.6,3.1,13.2
2025-04-11 08:35:35,26.6,24.9,25.5,26.1,26.0,26.2,26.0,26.2,25.6,25.6,0,21.7,3.3,13.2
2025-04-11 08:35:40,26.5,24.9,25.7,26.1,25.9,26.2,26.0,26.1,25.6,25.6,0,21.7,2.7,13.2
2025-04-11 08:35:45,26.5,24.9,25.7,26.0,25.9,26.2,25.9,26.1,25.6,25.6,0,21.8,2.9,13.2
2025-04-11 08:35:50,26.6,24.9,25.7,26.0,26.0,26.3,26.0,26.1,25.7,25.6,0,21.7,2.9,13.2
2025-04-11 08:35:55,26.5,24.9,25.6,26.0,26.0,26.2,25.9,26.1,25.6,25.6,0,21.6,2.8,13.2
2025-04-11 08:36:00,26.6,24.9,25.6,26.1,26.0,26.2,25.9,26.1,25.7,25.6,0,21.7,2.7,13.2
2025-04-11 08:36:05,26.6,24.8,25.7,26.0,26.0,26.2,25.9,26.1,25.7,25.6,0,21.6,2.0,13.2
2025-04-11 08:36:10,26.6,24.9,25.6,26.1,26.0,26.2,26.0,26.1,25.7,25.6,0,21.7,2.3,13.2
2025-04-11 08:36:15,26.5,24.9,25.7,26.1,26.0,26.3,26.0,26.1,25.7,25.6,0,21.6,2.5,13.2
2025-04-11 08:36:20,26.6,24.9,25.7,26.1,26.1,26.2,26.0,26.1,25.7,25.6,0,21.7,2.3,13.2
2025-04-11 08:36:25,26.5,24.8,25.8,26.1,26.1,26.3,25.9,26.2,25.7,25.6,0,21.7,2.1,13.2
2025-04-11 08:36:30,26.5,24.8,25.8,26.0,26.1,26.2,26.0,26.1,25.7,25.6,0,21.6,2.1,13.2
2025-04-11 08:36:35,26.6,24.9,25.7,26.1,26.1,26.2,26.0,26.2,25.8,25.6,0,21.7,1.7,13.2
2025-04-11 08:36:40,26.5,25.0,25.6,26.1,26.1,26.3,26.0,26.1,25.8,25.6,0,21.7,1.9,13.2
2025-04-11 08:36:45,26.4,24.9,25.8,26.1,26.1,26.2,26.0,26.1,25.7,25.6,0,21.7,1.8,13.2
2025-04-11 08:36:50,26.4,24.9,25.8,26.1,26.1,26.3,25.9,26.2,25.7,25.6,0,21.7,2.0,13.2
2025-04-11 08:36:55,26.5,24.9,25.7,26.2,26.1,26.4,25.9,26.1,25.7,25.6,0,21.6,2.7,13.2
2025-04-11 08:37:00,26.5,24.9,25.8,26.1,26.0,26.3,26.0,26.0,25.8,25.6,0,21.6,3.1,13.2
2025-04-11 08:37:05,26.5,25.0,25.8,26.1,26.1,26.3,25.9,26.1,25.8,25.6,0,21.6,2.4,13.2
2025-04-11 08:37:10,26.4,24.9,25.8,26.1,26.0,26.3,25.9,26.0,25.7,25.6,0,21.6,2.0,13.2
2025-04-11 08:37:15,26.5,25.0,25.8,26.1,26.0,26.3,25.9,26.0,25.7,25.6,0,21.7,1.6,13.2
2025-04-11 08:37:20,26.5,25.0,25.8,26.1,26.0,26.3,25.9,25.9,25.5,25.6,0,21.7,1.8,13.2
2025-04-11 08:37:25,26.6,25.1,25.9,26.1,26.0,26.2,25.9,25.9,25.6,25.6,0,21.7,1.7,13.2
2025-04-11 08:37:30,26.5,25.1,25.8,26.0,26.0,26.2,26.0,25.9,25.6,25.6,0,21.6,1.3,13.2
2025-04-11 08:37:35,26.5,25.1,25.8,26.1,26.0,26.1,25.9,26.0,25.6,25.6,0,21.5,1.1,13.2
2025-04-11 08:37:40,26.5,25.2,25.7,26.0,26.0,26.2,25.9,26.0,25.6,25.6,0,21.5,0.9,13.2
2025-04-11 08:37:45,26.5,25.1,25.8,26.1,26.0,26.1,25.8,25.8,25.4,25.6,0,21.4,1.0,13.2
2025-04-11 08:37:50,26.5,25.1,25.7,26.2,26.0,26.1,26.0,25.8,25.6,25.6,0,21.4,1.7,13.2
2025-04-11 08:37:55,26.5,25.1,25.8,26.1,25.9,26.1,25.9,25.9,25.6,25.6,0,21.4,1.9,13.2
2025-04-11 08:38:00,26.5,25.2,25.7,26.1,25.9,26.1,25.8,25.9,25.5,25.6,0,21.4,1.7,13.2
2025-04-11 08:38:05,26.5,25.3,25.7,26.0,25.8,26.2,25.8,25.9,25.5,25.5,0,21.4,1.5,13.2
2025-04-11 08:38:10,26.4,25.4,25.7,26.0,25.9,26.2,25.9,25.8,25.5,25.5,0,21.4,1.3,13.2
2025-04-11 08:38:15,26.4,25.3,25.7,26.0,25.8,26.0,25.7,25.9,25.5,25.5,0,21.3,1.2,13.2
2025-04-11 08:38:20,26.4,25.3,25.7,26.0,25.8,26.0,25.7,25.9,25.5,25.5,0,21.2,1.4,13.2
2025-04-11 08:38:25,26.4,25.3,25.7,26.0,25.8,26.0,25.8,25.8,25.4,25.5,0,21.3,1.3,13.2
2025-04-11 08:38:30,26.4,25.3,25.7,25.9,25.8,26.1,25.8,25.8,25.5,25.4,0,21.2,1.8,13.2
2025-04-11 08:38:35,26.3,25.2,25.6,25.8,25.8,26.0,25.7,25.9,25.6,25.4,0,21.2,1.9,13.2
2025-04-11 08:38:40,26.3,25.1,25.6,25.9,25.8,26.0,25.8,25.9,25.5,25.4,0,21.2,2.2,13.2
2025-04-11 08:38:45,26.3,25.1,25.6,26.0,25.8,26.1,25.7,25.9,25.5,25.4,0,21.2,2.4,13.2
2025-04-11 08:38:50,26.3,25.1,25.5,26.0,25.9,26.1,25.7,25.9,25.4,25.3,0,21.2,4.2,13.2
2025-04-11 08:38:55,26.3,25.2,25.6,25.9,25.9,26.1,25.8,25.9,25.4,25.3,0,21.2,4.0,13.2
2025-04-11 08:39:00,26.3,25.2,25.7,25.9,25.8,26.1,25.7,25.8,25.4,25.3,0,21.1,3.3,13.2
2025-04-11 08:39:05,26.3,25.2,25.6,25.9,25.8,26.0,25.6,25.7,25.4,25.2,0,21.1,3.5,13.2
2025-04-11 08:39:10,26.2,25.1,25.5,25.9,25.8,25.9,25.6,25.7,25.2,25.2,0,21.0,3.0,13.2
2025-04-11 08:39:15,26.2,25.1,25.5,25.8,25.7,25.8,25.5,25.5,25.1,25.1,0,20.9,2.4,13.2
2025-04-11 08:39:20,26.1,25.1,25.4,25.7,25.6,25.8,25.3,25.5,25.0,25.1,0,20.9,2.3,13.2
2025-04-11 08:39:25,26.1,25.2,25.4,25.7,25.5,25.7,25.3,25.5,25.1,25.0,0,20.8,2.0,13.2
2025-04-11 08:39:30,26.1,25.2,25.3,25.6,25.5,25.7,25.3,25.4,24.9,25.0,0,20.8,1.7,13.2
2025-04-11 08:39:35,26.0,25.1,25.3,25.6,25.4,25.7,25.3,25.3,24.9,25.0,0,20.7,1.7,13.2
2025-04-11 08:39:40,26.0,25.1,25.2,25.5,25.4,25.6,25.2,25.4,24.9,25.0,0,20.6,1.9,13.2
2025-04-11 08:39:45,25.9,25.2,25.1,25.5,25.4,25.6,25.1,25.5,24.9,25.0,0,20.6,2.0,13.2
2025-04-11 08:39:50,25.9,25.2,25.1,25.5,25.3,25.6,25.2,25.3,25.0,25.0,0,20.6,1.9,13.2
2025-04-11 08:39:55,25.8,25.2,25.1,25.4,25.3,25.5,25.1,25.4,25.1,24.9,0,20.6,1.5,13.2
2025-04-11 08:40:00,25.8,25.2,25.1,25.4,25.3,25.4,25.1,25.4,25.1,24.9,0,20.5,1.3,13.2
2025-04-11 08:40:05,25.8,25.2,25.0,25.5,25.3,25.5,25.1,25.3,25.0,24.8,0,20.5,1.5,13.2
2025-04-11 08:40:10,25.8,25.1,25.0,25.5,25.3,25.5,25.1,25.3,25.0,24.8,0,20.4,1.2,13.2
2025-04-11 08:40:15,25.7,24.9,25.0,25.5,25.3,25.4,25.2,25.3,24.9,24.8,0,20.4,1.6,13.2
2025-04-11 08:40:20,25.6,24.8,25.0,25.4,25.2,25.4,25.0,25.4,24.8,24.7,0,20.4,1.9,13.2
2025-04-11 08:40:25,25.7,24.7,25.0,25.4,25.1,25.4,25.1,25.2,24.8,24.7,0,20.4,2.0,13.2
2025-04-11 08:40:30,25.7,24.6,25.0,25.4,25.1,25.3,24.9,25.1,24.7,24.7,0,20.3,2.1,13.2
2025-04-11 08:40:35,25.6,24.6,24.9,25.2,25.1,25.3,24.9,25.1,24.6,24.6,0,20.2,1.9,13.2
2025-04-11 08:40:40,25.6,24.6,24.9,25.3,25.0,25.3,24.9,25.1,24.7,24.6,0,20.3,1.8,13.2
2025-04-11 08:40:45,25.5,24.8,24.8,25.3,24.9,25.2,24.7,24.9,24.6,24.5,0,20.2,2.1,13.2
2025-04-11 08:40:50,25.5,24.8,24.8,25.2,24.9,25.1,24.8,25.0,24.6,24.5,0,20.2,2.1,13.2
2025-04-11 08:40:55,25.5,24.9,24.7,25.1,24.8,25.1,24.7,24.9,24.5,24.5,0,20.1,1.8,13.2
2025-04-11 08:41:00,25.4,24.8,24.7,25.1,24.8,25.1,24.6,24.9,24.4,24.4,0,20.0,2.1,13.2
2025-04-11 08:41:05,25.4,24.8,24.6,25.0,24.7,25.1,24.6,24.9,24.5,24.4,0,20.0,2.3,13.2
2025-04-11 08:41:10,25.3,24.7,24.5,25.0,24.7,25.1,24.5,25.0,24.4,24.4,0,20.0,3.6,13.2
2025-04-11 08:41:15,25.3,24.5,24.5,24.9,24.7,25.0,24.5,24.7,24.4,24.3,0,19.9,4.2,13.2
2025-04-11 08:41:20,25.3,24.5,24.6,24.9,24.7,25.0,24.4,24.7,24.4,24.3,0,19.9,4.5,13.2
2025-04-11 08:41:25,25.2,24.4,24.6,24.8,24.7,25.0,24.4,24.7,24.3,24.2,0,19.8,3.8,13.2
2025-04-11 08:41:30,25.2,24.3,24.5,24.9,24.6,25.0,24.4,24.6,24.3,24.2,0,19.9,3.9,13.2
2025-04-11 08:41:35,25.2,24.4,24.4,24.8,24.5,24.9,24.3,24.6,24.3,24.1,0,19.8,3.5,13.2
2025-04-11 08:41:40,25.1,24.3,24.4,24.7,24.5,24.8,24.2,24.5,24.2,24.1,0,19.8,3.1,13.2
2025-04-11 08:41:45,25.1,24.2,24.3,24.7,24.4,24.8,24.2,24.6,24.2,24.1,0,19.7,2.5,13.2
2025-04-11 08:41:50,25.0,24.1,24.3,24.6,24.3,24.7,24.2,24.5,24.1,24.0,0,19.6,2.4,13.2
2025-04-11 08:41:55,24.9,24.0,24.2,24.5,24.3,24.6,24.0,24.4,24.0,24.0,0,19.6,4.0,13.2
2025-04-11 08:42:00,24.9,24.0,24.2,24.6,24.3,24.6,24.0,24.4,23.9,23.9,0,19.6,3.7,13.2
2025-04-11 08:42:05,24.8,23.9,24.1,24.5,24.2,24.6,24.0,24.3,23.9,23.9,0,19.6,3.2,13.2
2025-04-11 08:42:10,24.8,23.9,24.1,24.5,24.2,24.4,23.9,24.2,23.9,23.9,0,19.5,2.7,13.2
2025-04-11 08:42:15,24.8,24.0,24.1,24.3,24.1,24.4,23.9,24.3,23.7,23.8,0,19.5,2.2,13.2
2025-04-11 08:42:20,24.8,24.0,24.0,24.3,24.1,24.4,23.8,24.2,23.8,23.8,0,19.4,1.9,13.2
2025-04-11 08:42:25,24.7,23.8,24.0,24.2,24.0,24.3,23.8,24.1,23.7,23.8,0,19.4,2.5,13.2
2025-04-11 08:42:30,24.6,23.8,24.0,24.1,24.0,24.3,23.8,24.0,23.6,23.7,0,19.3,2.2,13.2
2025-04-11 08:42:35,24.5,23.7,24.0,24.1,24.0,24.2,23.8,23.9,23.6,23.7,0,19.3,1.9,13.2
2025-04-11 08:42:40,24.5,23.7,23.9,24.1,24.0,24.2,23.8,24.0,23.5,23.6,0,19.2,1.5,13.2
2025-04-11 08:42:45,24.5,23.8,23.9,24.1,23.9,24.2,23.7,24.0,23.5,23.6,0,19.3,1.5,13.2
2025-04-11 08:42:50,24.4,23.7,23.8,23.9,23.8,24.2,23.6,24.0,23.4,23.6,0,19.2,1.2,13.2
2025-04-11 08:42:55,24.3,23.6,23.8,23.9,23.8,24.1,23.6,23.8,23.3,23.6,0,19.2,1.2,13.2
2025-04-11 08:43:00,24.4,23.6,23.6,23.9,23.8,24.0,23.5,24.0,23.4,23.5,0,19.2,1.0,13.2
2025-04-11 08:43:05,24.4,23.6,23.7,23.9,23.8,24.0,23.5,23.9,23.4,23.5,0,19.1,1.1,13.2
2025-04-11 08:43:10,24.2,23.5,23.6,23.8,23.7,24.0,23.5,23.9,23.5,23.4,0,19.1,1.5,13.2
2025-04-11 08:43:15,24.2,23.6,23.6,23.8,23.6,24.0,23.4,23.8,23.4,23.4,0,19.1,2.0,13.2
2025-04-11 08:43:20,24.1,23.5,23.5,23.8,23.6,24.0,23.4,23.9,23.4,23.4,0,19.2,2.0,13.2
2025-04-11 08:43:25,24.1,23.5,23.5,23.7,23.6,24.0,23.4,23.9,23.4,23.3,0,19.2,2.3,13.2
2025-04-11 08:43:30,24.0,23.5,23.4,23.7,23.6,23.9,23.3,23.7,23.3,23.3,0,19.1,2.2,13.2
2025-04-11 08:43:35,24.0,23.4,23.5,23.7,23.6,23.8,23.3,23.8,23.3,23.3,0,19.1,1.9,13.2
2025-04-11 08:43:40,23.9,23.5,23.4,23.7,23.6,23.8,23.3,23.8,23.3,23.2,0,19.0,2.4,13.2
2025-04-11 08:43:45,23.9,23.5,23.4,23.6,23.6,23.9,23.3,23.8,23.3,23.2,0,19.0,2.4,13.3
2025-04-11 08:43:50,23.8,23.3,23.4,23.6,23.6,23.8,23.2,23.6,23.3,23.2,0,19.0,2.7,13.2
2025-04-11 08:43:55,23.9,23.3,23.3,23.6,23.5,23.8,23.1,23.6,23.3,23.1,0,19.1,2.9,13.2
2025-04-11 08:44:00,23.7,23.2,23.2,23.5,23.5,23.7,23.2,23.5,23.2,23.1,0,19.0,2.7,13.2
2025-04-11 08:44:05,23.7,23.2,23.2,23.4,23.5,23.7,23.3,23.6,23.2,23.0,0,19.0,3.1,13.2
2025-04-11 08:44:10,23.8,23.0,23.2,23.4,23.5,23.6,23.2,23.6,23.2,23.0,0,19.0,2.8,13.3
2025-04-11 08:44:15,23.7,23.0,23.2,23.3,23.4,23.6,23.2,23.5,23.1,23.0,0,18.9,2.6,13.3
2025-04-11 08:44:20,23.7,23.0,23.1,23.5,23.4,23.5,23.1,23.3,23.1,22.9,0,19.0,1.9,13.3
2025-04-11 08:44:25,23.6,22.9,23.1,23.4,23.4,23.5,23.1,23.4,23.0,22.9,0,19.0,1.9,13.3
2025-04-11 08:44:30,23.6,22.9,23.0,23.3,23.3,23.6,22.9,23.4,22.9,22.8,0,18.9,1.6,13.3
2025-04-11 08:44:35,23.5,22.7,23.0,23.3,23.2,23.6,22.9,23.2,23.0,22.8,0,18.9,1.5,13.2
2025-04-11 08:44:40,23.6,22.5,22.9,23.3,23.2,23.5,22.9,23.3,23.0,22.7,0,18.9,1.5,13.3
2025-04-11 08:44:45,23.5,22.5,22.9,23.3,23.1,23.5,22.8,23.2,23.0,22.7,0,19.0,1.4,13.3
2025-04-11 08:44:50,23.4,22.5,22.9,23.2,23.1,23.4,22.7,23.2,22.9,22.6,0,19.0,1.3,13.3
2025-04-11 08:44:55,23.4,22.4,22.9,23.2,23.0,23.3,22.8,23.0,22.8,22.6,0,19.0,1.6,13.3
2025-04-11 08:45:00,23.3,22.4,22.9,23.1,23.2,23.3,22.8,22.9,22.7,22.5,0,19.0,4.1,13.3
2025-04-11 08:45:05,23.2,22.5,22.9,23.0,23.1,23.2,22.8,22.9,22.7,22.5,0,19.0,3.9,13.3
2025-04-11 08:45:10,23.2,22.3,22.9,22.8,23.0,23.1,22.6,22.9,22.6,22.4,0,18.9,3.7,13.3
2025-04-11 08:45:15,23.2,22.3,22.7,22.7,22.9,23.1,22.6,22.8,22.5,22.4,0,18.8,4.2,13.2
2025-04-11 08:45:20,23.1,22.3,22.8,22.7,22.9,23.0,22.6,22.8,22.5,22.3,0,18.7,3.6,13.3
2025-04-11 08:45:25,23.0,22.3,22.6,22.6,22.7,22.9,22.5,22.7,22.4,22.3,0,18.6,3.2,13.3
2025-04-11 08:45:30,23.0,22.2,22.5,22.6,22.6,22.8,22.4,22.6,22.3,22.2,0,18.6,3.2,13.2
2025-04-11 08:45:35,22.9,22.2,22.4,22.6,22.6,22.9,22.3,22.6,22.3,22.1,0,18.6,3.1,13.2
2025-04-11 08:45:40,22.8,22.0,22.4,22.5,22.4,22.8,22.2,22.5,22.2,22.1,0,18.6,2.8,13.2
2025-04-11 08:45:45,22.8,22.0,22.2,22.5,22.4,22.7,22.2,22.5,22.2,22.0,0,18.6,2.3,13.2
2025-04-11 08:45:50,22.7,22.0,22.2,22.4,22.3,22.8,22.1,22.5,22.1,22.0,0,18.6,2.6,13.2
2025-04-11 08:45:55,22.7,21.9,22.2,22.3,22.2,22.7,22.1,22.4,22.1,21.9,0,18.5,2.1,13.2
2025-04-11 08:46:00,22.7,21.9,22.1,22.2,22.2,22.6,22.0,22.2,22.0,21.8,0,18.5,1.9,13.2
2025-04-11 08:46:05,22.5,21.8,22.1,22.2,22.2,22.6,21.9,22.1,21.9,21.8,0,18.5,1.6,13.2
2025-04-11 08:46:10,22.5,21.7,21.9,22.1,22.1,22.4,21.8,22.1,21.8,21.7,0,18.5,1.7,13.2
2025-04-11 08:46:15,22.4,21.7,21.8,22.1,21.9,22.4,21.8,22.0,21.7,21.6,0,18.5,2.0,13.3
2025-04-11 08:46:20,22.3,21.5,21.8,22.1,22.0,22.4,21.8,21.9,21.7,21.6,0,18.3,1.9,13.3
2025-04-11 08:46:25,22.3,21.4,21.8,21.9,21.9,22.2,21.6,21.8,21.6,21.6,0,18.3,1.7,13.2
2025-04-11 08:46:30,22.2,21.2,21.8,21.9,21.8,22.2,21.6,21.8,21.6,21.5,0,18.3,1.6,13.2
2025-04-11 08:46:35,22.1,21.3,21.7,21.8,21.8,22.1,21.5,21.7,21.6,21.5,0,18.3,1.4,13.2
2025-04-11 08:46:40,22.0,21.2,21.6,21.7,21.6,22.0,21.4,21.6,21.4,21.4,0,18.2,1.2,13.2
2025-04-11 08:46:45,21.9,21.2,21.5,21.6,21.6,22.0,21.4,21.6,21.4,21.3,0,18.2,1.0,13.2
2025-04-11 08:46:50,21.9,21.1,21.5,21.6,21.5,21.9,21.4,21.6,21.3,21.3,0,18.2,1.0,13.2
2025-04-11 08:46:55,21.9,20.9,21.5,21.6,21.5,21.8,21.2,21.5,21.3,21.2,0,18.2,1.1,13.3
2025-04-11 08:47:00,21.8,21.0,21.4,21.6,21.3,21.7,21.2,21.4,21.2,21.2,0,18.2,1.3,13.3
2025-04-11 08:47:05,21.7,20.9,21.4,21.5,21.3,21.7,21.2,21.5,21.2,21.1,0,18.1,1.7,13.3
2025-04-11 08:47:10,21.7,20.8,21.3,21.4,21.2,21.6,21.0,21.4,21.1,21.1,0,18.1,1.9,13.2
2025-04-11 08:47:15,21.6,20.7,21.2,21.4,21.2,21.6,21.1,21.4,21.1,21.0,0,18.0,1.7,13.2
2025-04-11 08:47:20,21.5,20.8,21.2,21.3,21.1,21.6,21.0,21.3,20.9,21.0,0,18.1,1.6,13.3
2025-04-11 08:47:25,21.5,20.7,21.0,21.3,21.1,21.5,20.9,21.3,21.0,21.0,0,18.0,1.2,13.2
2025-04-11 08:47:30,21.4,20.6,21.0,21.2,21.0,21.4,20.8,21.2,20.9,20.9,0,18.0,1.0,13.2
2025-04-11 08:47:35,21.4,20.6,20.9,21.1,20.9,21.4,20.8,21.1,20.9,20.8,0,17.9,0.9,13.2
2025-04-11 08:47:40,21.4,20.4,20.9,21.0,20.9,21.4,20.7,21.1,20.8,20.8,0,18.0,0.7,13.2
2025-04-11 08:47:45,21.2,20.2,20.8,21.0,20.8,21.3,20.7,21.0,20.7,20.7,0,18.0,0.6,13.2
2025-04-11 08:47:50,21.2,20.2,20.7,21.1,20.8,21.2,20.7,21.1,20.7,20.7,0,18.0,0.6,13.2
2025-04-11 08:47:55,21.1,20.0,20.7,21.0,20.8,21.1,20.7,20.9,20.6,20.6,0,18.1,0.7,13.3
2025-04-11 08:48:00,21.1,19.9,20.7,21.0,20.7,21.1,20.7,21.0,20.5,20.6,0,18.0,1.2,13.2
2025-04-11 08:48:05,21.0,19.8,20.7,20.9,20.7,21.1,20.6,20.8,20.5,20.6,0,18.0,1.3,13.2
2025-04-11 08:48:10,21.0,19.8,20.6,20.9,20.6,21.1,20.6,20.8,20.5,20.5,0,18.0,1.6,13.3
2025-04-11 08:48:15,20.9,19.8,20.5,20.8,20.6,21.1,20.5,20.8,20.5,20.5,0,17.9,1.8,13.3
2025-04-11 08:48:20,21.0,19.7,20.6,20.7,20.6,21.0,20.4,20.9,20.3,20.5,0,17.9,2.0,13.2
2025-04-11 08:48:25,20.9,19.8,20.6,20.7,20.5,21.1,20.4,20.8,20.4,20.5,0,18.0,2.5,13.3
2025-04-11 08:48:30,20.9,19.7,20.5,20.7,20.5,21.0,20.4,20.8,20.3,20.4,0,18.0,2.8,13.3
2025-04-11 08:48:35,20.8,19.8,20.4,20.5,20.4,21.0,20.4,20.7,20.3,20.4,0,18.0,2.8,13.3
2025-04-11 08:48:40,20.8,19.8,20.4,20.6,20.4,21.0,20.4,20.6,20.4,20.4,0,18.1,3.7,13.2
2025-04-11 08:48:45,20.8,19.8,20.4,20.5,20.4,20.9,20.3,20.7,20.3,20.4,0,18.1,3.9,13.2
2025-04-11 08:48:50,20.8,19.8,20.4,20.5,20.5,21.0,20.3,20.7,20.3,20.4,0,18.1,3.5,13.2
2025-04-11 08:48:55,20.7,19.7,20.4,20.6,20.5,20.9,20.3,20.6,20.3,20.3,0,18.1,3.3,13.3
2025-04-11 08:49:00,20.8,19.7,20.3,20.5,20.4,20.9,20.2,20.6,20.3,20.3,0,18.2,3.0,13.2
2025-04-11 08:49:05,20.8,19.7,20.3,20.5,20.5,20.9,20.2,20.6,20.3,20.3,0,18.2,2.5,13.3
2025-04-11 08:49:10,20.7,19.6,20.3,20.6,20.4,20.8,20.4,20.6,20.3,20.3,0,18.3,2.5,13.3
2025-04-11 08:49:15,20.7,19.6,20.3,20.7,20.4,20.9,20.3,20.5,20.2,20.3,0,18.3,2.3,13.3
2025-04-11 08:49:20,20.7,19.7,20.3,20.7,20.5,20.9,20.3,20.5,20.2,20.3,0,18.4,2.5,13.3
2025-04-11 08:49:25,20.7,19.7,20.3,20.7,20.5,20.9,20.3,20.5,20.2,20.3,0,18.5,1.9,13.3
2025-04-11 08:49:30,20.7,19.6,20.3,20.6,20.4,20.8,20.3,20.6,20.3,20.3,0,18.4,1.6,13.3
2025-04-11 08:49:35,20.7,19.5,20.3,20.6,20.5,20.8,20.3,20.5,20.2,20.3,0,18.6,1.4,13.2
2025-04-11 08:49:40,20.7,19.5,20.3,20.6,20.4,20.8,20.3,20.5,20.2,20.3,0,18.5,1.5,13.2
2025-04-11 08:49:45,20.7,19.5,20.3,20.6,20.5,20.8,20.4,20.4,20.3,20.3,0,18.6,1.8,13.3
2025-04-11 08:49:50,20.6,19.5,20.4,20.6,20.5,20.8,20.4,20.4,20.2,20.3,0,18.7,1.9,13.3
2025-04-11 08:49:55,20.7,19.5,20.3,20.6,20.5,20.8,20.4,20.5,20.2,20.4,0,18.7,1.6,13.3
2025-04-11 08:50:00,20.7,19.5,20.4,20.6,20.5,20.8,20.3,20.5,20.2,20.4,0,18.7,1.6,13.3
2025-04-11 08:50:05,20.7,19.4,20.4,20.7,20.6,20.9,20.4,20.6,20.3,20.4,0,18.8,1.9,13.3
2025-04-11 08:50:10,20.8,19.4,20.4,20.7,20.6,20.8,20.4,20.7,20.2,20.4,0,18.8,2.2,13.3
2025-04-11 08:50:15,20.8,19.4,20.5,20.7,20.6,20.9,20.5,20.6,20.3,20.5,0,18.9,2.7,13.3
2025-04-11 08:50:20,20.8,19.6,20.5,20.8,20.6,21.0,20.5,20.7,20.3,20.5,0,18.9,2.3,13.3
2025-04-11 08:50:25,20.8,19.5,20.5,20.8,20.6,20.9,20.6,20.7,20.4,20.5,0,18.9,2.1,13.3
2025-04-11 08:50:30,21.0,19.5,20.6,21.0,20.7,21.0,20.6,20.7,20.4,20.6,0,19.0,2.1,13.3
2025-04-11 08:50:35,21.0,19.4,20.6,20.9,20.8,21.0,20.7,20.8,20.5,20.6,0,19.1,2.4,13.3
2025-04-11 08:50:40,21.0,19.4,20.6,21.0,20.8,21.1,20.7,20.9,20.6,20.7,0,19.1,2.5,13.3
2025-04-11 08:50:45,21.0,19.3,20.7,20.9,20.7,21.2,20.8,20.9,20.7,20.7,0,19.1,2.3,13.3
2025-04-11 08:50:50,21.1,19.4,20.7,21.0,20.8,21.2,20.7,21.0,20.7,20.8,0,19.2,2.7,13.3
2025-04-11 08:50:55,21.1,19.5,20.7,21.0,20.9,21.2,20.8,21.0,20.7,20.8,0,19.2,2.5,13.3
2025-04-11 08:51:00,21.2,19.6,20.7,20.9,20.9,21.2,20.9,21.1,20.7,20.9,0,19.3,2.1,13.3
2025-04-11 08:51:05,21.2,19.6,20.8,21.2,21.1,21.3,21.0,21.2,20.9,20.9,0,19.5,1.7,13.3
2025-04-11 08:51:10,21.3,19.5,20.9,21.2,21.1,21.3,21.0,21.1,20.9,21.0,0,19.4,1.6,13.3
2025-04-11 08:51:15,21.2,19.5,20.8,21.1,21.1,21.4,21.1,21.2,20.9,21.0,0,19.5,1.7,13.3
2025-04-11 08:51:20,21.4,19.5,21.0,21.2,21.1,21.5,21.1,21.3,21.0,21.1,0,19.6,2.0,13.3
2025-04-11 08:51:25,21.5,19.7,21.0,21.3,21.2,21.5,21.2,21.3,21.0,21.1,0,19.7,2.1,13.3
2025-04-11 08:51:30,21.4,19.6,21.0,21.3,21.3,21.6,21.3,21.5,21.1,21.2,0,19.7,1.8,13.3
2025-04-11 08:51:35,21.5,19.6,21.1,21.4,21.3,21.6,21.3,21.5,21.2,21.3,0,19.8,1.5,13.3
2025-04-11 08:51:40,21.5,19.7,21.2,21.4,21.4,21.7,21.3,21.5,21.3,21.3,0,19.9,1.4,13.3
2025-04-11 08:51:45,21.6,19.7,21.2,21.5,21.4,21.8,21.4,21.6,21.4,21.4,0,20.0,1.7,13.3
2025-04-11 08:51:50,21.7,19.8,21.3,21.6,21.5,21.8,21.5,21.6,21.4,21.5,0,20.0,2.0,13.3
2025-04-11 08:51:55,21.7,19.9,21.4,21.6,21.6,21.9,21.5,21.7,21.5,21.5,0,20.1,2.5,13.3
2025-04-11 08:52:00,21.8,19.9,21.4,21.6,21.7,22.0,21.6,21.8,21.6,21.6,0,20.2,2.7,13.3
2025-04-11 08:52:05,21.9,20.1,21.5,21.8,21.7,22.0,21.7,21.9,21.6,21.6,0,20.3,2.1,13.3
2025-04-11 08:52:10,21.9,20.1,21.5,21.8,21.8,22.1,21.7,22.0,21.7,21.7,0,20.5,1.8,13.3
2025-04-11 08:52:15,21.9,20.2,21.6,22.0,21.8,22.2,21.8,22.0,21.7,21.8,0,20.5,1.8,13.3
2025-04-11 08:52:20,22.0,20.4,21.7,22.0,21.9,22.2,21.9,22.1,21.9,21.9,0,20.7,2.0,13.3
2025-04-11 08:52:25,22.2,20.5,21.7,22.2,22.0,22.4,22.0,22.2,22.0,22.0,0,20.7,2.2,13.3
2025-04-11 08:52:30,22.2,20.5,21.9,22.3,22.0,22.5,22.0,22.3,22.1,22.0,0,20.8,2.5,13.3
2025-04-11 08:52:35,22.4,20.6,21.9,22.3,22.1,22.6,22.1,22.3,22.2,22.1,0,20.9,2.6,13.3
2025-04-11 08:52:40,22.5,20.6,22.0,22.4,22.2,22.7,22.1,22.5,22.2,22.2,0,21.0,2.7,13.3
2025-04-11 08:52:45,22.5,20.6,22.2,22.5,22.3,22.7,22.2,22.5,22.4,22.3,0,21.1,3.4,13.3
2025-04-11 08:52:50,22.6,20.7,22.2,22.6,22.5,22.8,22.3,22.7,22.3,22.4,0,21.2,4.4,13.3
2025-04-11 08:52:55,22.7,20.8,22.4,22.8,22.5,22.9,22.5,22.8,22.4,22.4,0,21.2,3.4,13.3
2025-04-11 08:53:00,22.8,20.8,22.4,22.7,22.6,23.0,22.6,22.9,22.4,22.5,0,21.3,3.3,13.3
2025-04-11 08:53:05,22.9,20.8,22.4,22.7,22.6,23.1,22.7,22.8,22.6,22.6,0,21.4,3.6,13.3
2025-04-11 08:53:10,23.0,21.0,22.5,22.8,22.7,23.2,22.7,22.9,22.7,22.7,0,21.5,4.2,13.3
2025-04-11 08:53:15,23.1,21.0,22.6,23.0,22.8,23.2,22.8,23.1,22.9,22.8,0,21.6,3.3,13.3
2025-04-11 08:53:20,23.2,21.2,22.7,23.0,22.9,23.3,22.9,23.1,22.8,22.8,0,21.6,3.1,13.3
2025-04-11 08:53:25,23.3,21.3,22.7,23.1,23.0,23.4,23.1,23.3,23.0,22.9,0,21.8,3.6,13.3
2025-04-11 08:53:30,23.3,21.3,22.8,23.1,23.1,23.4,23.0,23.3,23.1,23.0,0,21.8,3.4,13.3
2025-04-11 08:53:35,23.4,21.4,22.8,23.3,23.2,23.6,23.2,23.3,23.2,23.2,0,21.9,4.1,13.3
2025-04-11 08:53:40,23.5,21.4,22.9,23.3,23.3,23.6,23.3,23.5,23.2,23.2,0,22.0,3.0,13.3
2025-04-11 08:53:45,23.6,21.5,23.0,23.5,23.4,23.6,23.3,23.6,23.4,23.3,0,22.1,2.6,13.3
2025-04-11 08:53:50,23.7,21.6,23.1,23.6,23.4,23.8,23.4,23.7,23.5,23.4,0,22.2,2.4,13.3
2025-04-11 08:53:55,23.8,21.6,23.2,23.6,23.5,23.8,23.5,23.8,23.6,23.5,0,22.2,2.1,13.3
2025-04-11 08:54:00,23.9,21.7,23.3,23.6,23.5,23.9,23.6,23.9,23.7,23.5,0,22.5,2.4,13.3
2025-04-11 08:54:05,24.0,21.7,23.4,23.7,23.6,24.1,23.7,24.0,23.8,23.7,0,22.4,2.1,13.3
2025-04-11 08:54:10,24.1,21.7,23.5,23.9,23.7,24.2,23.8,24.0,23.9,23.7,0,22.5,2.0,13.3
2025-04-11 08:54:15,24.2,21.9,23.6,24.0,23.7,24.2,23.9,24.1,23.9,23.8,0,22.7,2.8,13.3
2025-04-11 08:54:20,24.3,21.9,23.7,24.1,23.9,24.4,24.0,24.2,24.1,23.9,0,22.8,2.9,13.3
2025-04-11 08:54:25,24.4,21.9,23.8,24.2,24.0,24.5,24.1,24.4,24.3,24.0,0,22.9,3.7,13.3
2025-04-11 08:54:30,24.5,22.1,23.9,24.3,24.2,24.5,24.0,24.5,24.3,24.1,0,23.1,3.8,13.3
2025-04-11 08:54:35,24.5,22.2,24.0,24.3,24.3,24.7,24.3,24.6,24.4,24.2,0,23.0,3.8,13.3
2025-04-11 08:54:40,24.6,22.4,24.1,24.3,24.4,24.7,24.3,24.6,24.5,24.3,0,23.2,4.2,13.3
2025-04-11 08:54:45,24.8,22.6,24.3,24.5,24.5,24.8,24.5,24.8,24.6,24.4,0,23.3,3.7,13.3
2025-04-11 08:54:50,24.8,22.7,24.4,24.7,24.6,24.9,24.5,25.0,24.8,24.5,0,23.4,2.9,13.3
2025-04-11 08:54:55,24.9,22.8,24.4,24.7,24.6,25.0,24.8,25.0,24.9,24.6,0,23.5,2.6,13.3
2025-04-11 08:55:00,24.9,22.8,24.6,24.9,24.8,25.2,24.8,25.1,25.0,24.7,0,23.6,2.9,13.3
2025-04-11 08:55:05,25.1,22.9,24.5,24.9,24.8,25.1,24.9,25.1,25.1,24.8,0,23.8,2.7,13.3
2025-04-11 08:55:10,25.2,23.0,24.8,25.1,24.9,25.2,25.0,25.3,25.1,24.9,0,23.8,2.0,13.3
2025-04-11 08:55:15,25.3,23.0,24.9,25.2,25.1,25.4,25.1,25.4,25.0,25.0,0,23.9,1.8,13.3
2025-04-11 08:55:20,25.3,23.0,24.9,25.3,25.2,25.4,25.2,25.5,25.3,25.1,0,24.0,1.7,13.2
2025-04-11 08:55:25,25.5,23.1,25.0,25.3,25.2,25.6,25.3,25.8,25.4,25.2,0,24.2,2.5,13.3
2025-04-11 08:55:30,25.5,23.2,25.1,25.4,25.4,25.7,25.4,25.8,25.4,25.3,0,24.2,2.6,13.3
2025-04-11 08:55:35,25.7,23.3,25.2,25.5,25.5,25.8,25.6,25.8,25.6,25.4,0,24.4,2.6,13.3
2025-04-11 08:55:40,25.8,23.4,25.3,25.8,25.8,26.0,25.6,25.8,25.8,25.5,0,24.5,2.4,13.3
2025-04-11 08:55:45,25.9,23.5,25.4,25.8,25.8,26.0,25.8,26.0,25.8,25.6,0,24.6,2.2,13.3
2025-04-11 08:55:50,26.0,23.6,25.5,26.0,25.8,26.1,25.9,26.0,26.0,25.7,0,24.7,3.1,13.3
2025-04-11 08:55:55,26.1,23.7,25.6,26.0,25.9,26.2,26.0,26.1,26.1,25.7,0,24.8,3.8,13.3
2025-04-11 08:56:00,26.3,23.9,25.8,26.1,25.9,26.4,26.1,26.3,26.1,25.9,0,24.9,3.9,13.3
2025-04-11 08:56:05,26.3,24.0,25.8,26.2,26.1,26.5,26.2,26.4,26.2,25.9,0,24.9,4.0,13.3
2025-04-11 08:56:10,26.4,24.1,26.0,26.3,26.2,26.6,26.2,26.5,26.2,26.0,0,25.0,3.7,13.3
2025-04-11 08:56:15,26.5,24.1,26.1,26.4,26.3,26.7,26.4,26.7,26.4,26.2,0,25.1,3.7,13.3
2025-04-11 08:56:20,26.6,24.2,26.2,26.5,26.4,26.8,26.5,26.7,26.4,26.2,0,25.2,3.4,13.3
2025-04-11 08:56:25,26.7,24.3,26.3,26.5,26.5,26.8,26.7,26.7,26.5,26.4,0,25.3,3.2,13.3
2025-04-11 08:56:30,26.9,24.4,26.4,26.7,26.6,27.0,26.7,27.0,26.5,26.5,0,25.3,2.9,13.3
2025-04-11 08:56:35,26.9,24.5,26.5,26.7,26.7,27.0,26.9,27.1,26.6,26.6,0,25.6,3.2,13.3
2025-04-11 08:56:40,27.1,24.6,26.7,26.8,26.9,27.1,26.8,27.3,26.8,26.7,0,25.6,3.0,13.3
2025-04-11 08:56:45,27.1,24.8,26.7,27.1,27.0,27.2,27.0,27.3,26.7,26.8,0,25.6,3.0,13.3
2025-04-11 08:56:50,27.2,24.8,26.9,27.2,27.0,27.3,27.1,27.2,26.8,26.9,0,25.7,2.7,13.3
2025-04-11 08:56:55,27.3,24.8,26.9,27.3,27.1,27.3,27.2,27.3,27.1,27.0,0,25.8,3.1,13.3
2025-04-11 08:57:00,27.4,24.9,27.0,27.5,27.2,27.4,27.2,27.5,27.2,27.1,0,25.9,2.7,13.3
2025-04-11 08:57:05,27.6,25.0,27.1,27.5,27.3,27.7,27.4,27.5,27.3,27.3,0,26.1,3.9,13.3
2025-04-11 08:57:10,27.7,25.0,27.2,27.5,27.4,27.7,27.5,27.7,27.4,27.4,0,26.1,3.3,13.3
2025-04-11 08:57:15,27.9,25.1,27.2,27.6,27.5,27.9,27.5,27.8,27.5,27.4,0,26.2,2.4,13.3
2025-04-11 08:57:20,27.9,25.1,27.4,27.6,27.5,28.1,27.6,27.8,27.6,27.6,0,26.2,1.9,13.3
2025-04-11 08:57:25,28.0,25.2,27.5,27.8,27.6,28.1,27.7,27.8,27.7,27.6,0,26.4,3.2,13.3
2025-04-11 08:57:30,28.1,25.4,27.6,27.8,27.6,28.1,27.8,28.0,27.8,27.8,0,26.5,3.8,13.3
2025-04-11 08:57:35,28.2,25.5,27.6,28.1,27.8,28.2,27.9,28.2,27.8,27.9,0,26.5,3.6,13.3
2025-04-11 08:57:40,28.4,25.6,27.8,28.1,27.9,28.4,28.0,28.1,27.8,27.9,0,26.6,2.7,13.3
2025-04-11 08:57:45,28.5,25.7,27.8,28.2,28.0,28.5,28.1,28.3,28.1,28.1,0,26.6,2.0,13.3
2025-04-11 08:57:50,28.5,25.7,28.0,28.2,28.2,28.7,28.1,28.4,28.2,28.1,0,26.7,2.1,13.3
2025-04-11 08:57:55,28.6,25.7,28.1,28.4,28.2,28.8,28.3,28.6,28.3,28.3,0,26.8,1.8,13.3
2025-04-11 08:58:00,28.7,25.8,28.2,28.5,28.3,28.9,28.4,28.7,28.4,28.3,0,27.0,2.1,13.3
2025-04-11 08:58:05,28.9,26.1,28.3,28.7,28.3,28.9,28.5,28.6,28.4,28.5,0,27.1,2.8,13.3
2025-04-11 08:58:10,28.9,26.1,28.4,28.8,28.5,29.0,28.7,29.0,28.6,28.6,0,27.1,3.0,13.3
2025-04-11 08:58:15,29.1,26.2,28.5,28.9,28.6,29.1,28.9,29.1,28.6,28.6,0,27.3,2.6,13.3
2025-04-11 08:58:20,29.1,26.5,28.7,28.9,28.7,29.2,28.8,29.0,28.8,28.7,0,27.4,3.1,13.3
2025-04-11 08:58:25,29.2,26.7,28.8,28.9,29.0,29.3,29.0,29.1,28.7,28.8,0,27.4,2.4,13.3
2025-04-11 08:58:30,29.4,26.7,28.9,29.1,29.0,29.4,28.9,29.1,28.8,29.0,0,27.5,2.2,13.3
2025-04-11 08:58:35,29.5,26.8,29.0,29.2,29.1,29.5,29.1,29.3,28.9,29.1,0,27.5,3.2,13.3
2025-04-11 08:58:40,29.6,26.9,29.1,29.2,29.1,29.6,29.2,29.3,29.1,29.2,0,27.6,3.2,13.3
2025-04-11 08:58:45,29.6,27.0,29.0,29.4,29.2,29.6,29.2,29.5,29.1,29.3,0,27.6,3.0,13.3
2025-04-11 08:58:50,29.7,27.0,29.2,29.5,29.3,29.7,29.4,29.6,29.2,29.4,0,27.8,3.2,13.3
2025-04-11 08:58:55,29.8,27.1,29.2,29.5,29.3,29.8,29.4,29.6,29.3,29.5,0,27.9,4.1,13.3
2025-04-11 08:59:00,30.0,27.2,29.4,29.8,29.4,30.0,29.5,29.8,29.3,29.6,0,28.0,3.9,13.3
2025-04-11 08:59:05,30.0,27.3,29.5,29.8,29.6,30.1,29.6,29.9,29.5,29.6,0,28.1,3.3,13.3
2025-04-11 08:59:10,30.1,27.4,29.5,30.0,29.7,30.2,29.8,29.9,29.6,29.7,0,28.2,3.0,13.3
2025-04-11 08:59:15,30.2,27.5,29.6,30.0,29.7,30.3,29.8,30.0,29.6,29.9,0,28.3,2.6,13.3
2025-04-11 08:59:20,30.3,27.6,29.7,30.1,29.8,30.3,30.0,30.2,29.8,30.0,0,28.4,3.1,13.3
2025-04-11 08:59:25,30.4,27.7,29.8,30.2,30.0,30.5,30.0,30.3,30.1,30.1,0,28.5,3.6,13.3
2025-04-11 08:59:30,30.5,27.7,30.0,30.3,30.1,30.6,30.1,30.2,30.2,30.2,0,28.5,3.6,13.3
2025-04-11 08:59:35,30.6,27.8,30.1,30.4,30.3,30.7,30.2,30.5,30.3,30.3,0,28.6,3.9,13.3
2025-04-11 08:59:40,30.7,27.8,30.1,30.6,30.4,30.7,30.4,30.6,30.3,30.4,0,28.7,3.3,13.3
2025-04-11 08:59:45,30.8,27.9,30.3,30.5,30.4,30.9,30.5,30.9,30.4,30.4,0,28.8,2.8,13.3
2025-04-11 08:59:50,31.0,27.9,30.5,30.6,30.6,31.1,30.6,30.9,30.5,30.5,0,28.9,2.4,13.3
2025-04-11 08:59:55,31.0,28.1,30.5,30.8,30.6,31.1,30.7,31.0,30.5,30.6,0,29.1,3.0,13.3
2025-04-11 09:00:00,31.1,28.2,30.6,30.9,30.7,31.2,30.8,31.1,30.6,30.7,0,29.1,4.2,13.3
2025-04-11 09:00:05,31.3,28.3,30.7,31.1,30.9,31.4,30.9,31.2,30.9,30.8,0,29.2,4.2,13.3
2025-04-11 09:00:10,31.3,28.4,30.9,31.2,31.0,31.4,30.9,31.3,30.9,30.9,0,29.3,4.9,13.3
2025-04-11 09:00:15,31.5,28.6,31.0,31.3,31.1,31.6,31.2,31.4,31.0,31.0,0,29.5,4.2,13.3
2025-04-11 09:00:20,31.6,28.6,31.1,31.3,31.1,31.6,31.2,31.4,31.0,31.1,0,29.6,3.6,13.3
2025-04-11 09:00:25,31.7,28.8,31.1,31.4,31.3,31.7,31.4,31.5,31.2,31.2,0,29.6,3.0,13.3
2025-04-11 09:00:30,31.9,29.1,31.3,31.5,31.5,31.8,31.4,31.6,31.1,31.3,0,29.7,2.4,13.3
2025-04-11 09:00:35,32.0,29.3,31.4,31.7,31.6,31.9,31.6,31.7,31.2,31.4,0,29.7,2.2,13.3
2025-04-11 09:00:40,32.1,29.4,31.5,31.8,31.7,31.9,31.6,31.7,31.4,31.5,0,29.8,2.2,13.3
2025-04-11 09:00:45,32.2,29.5,31.5,31.8,31.7,32.0,31.6,31.9,31.7,31.7,0,29.9,1.9,13.3
2025-04-11 09:00:50,32.3,29.6,31.7,31.9,31.8,32.1,31.8,32.0,31.6,31.8,0,30.0,1.7,13.3
2025-04-11 09:00:55,32.3,29.7,31.7,32.0,31.9,32.2,31.9,32.1,31.9,31.9,0,30.2,1.6,13.3
2025-04-11 09:01:00,32.5,29.8,31.9,32.2,32.0,32.3,32.0,32.3,32.0,32.0,0,30.2,1.6,13.3
2025-04-11 09:01:05,32.5,29.8,31.9,32.4,32.1,32.4,32.1,32.4,32.0,32.2,0,30.2,1.5,13.3
2025-04-11 09:01:10,32.6,30.1,32.0,32.5,32.2,32.5,32.2,32.5,32.2,32.3,0,30.5,1.6,13.3
2025-04-11 09:01:15,32.8,30.1,32.2,32.5,32.3,32.7,32.4,32.7,32.3,32.4,0,30.4,1.4,13.3
2025-04-11 09:01:20,32.8,30.4,32.4,32.5,32.4,32.9,32.6,32.7,32.5,32.5,0,30.7,3.1,13.3
2025-04-11 09:01:25,32.9,30.4,32.5,32.7,32.5,33.0,32.6,33.0,32.6,32.6,0,30.7,3.0,13.3
2025-04-11 09:01:30,33.0,30.4,32.5,32.8,32.7,33.1,32.7,33.1,32.7,32.7,0,30.8,3.2,13.3
2025-04-11 09:01:35,33.2,30.6,32.7,32.9,32.8,33.2,32.8,33.3,32.7,32.8,0,31.0,2.7,13.2
2025-04-11 09:01:40,33.3,30.6,32.8,33.1,32.9,33.3,33.0,33.2,32.9,33.0,0,31.0,2.0,13.3
2025-04-11 09:01:45,33.5,30.6,33.0,33.2,33.0,33.5,33.1,33.5,33.0,33.0,0,31.1,2.1,13.3
2025-04-11 09:01:50,33.6,30.7,33.1,33.4,33.1,33.7,33.2,33.5,33.0,33.2,0,31.3,2.8,13.3
2025-04-11 09:01:55,33.7,30.7,33.2,33.5,33.3,33.7,33.2,33.6,32.9,33.3,0,31.4,2.8,13.2
2025-04-11 09:02:00,33.8,30.9,33.3,33.6,33.4,33.9,33.4,33.7,33.1,33.4,0,31.5,2.7,13.3
2025-04-11 09:02:05,34.0,31.1,33.3,33.8,33.5,34.0,33.5,33.8,33.3,33.6,0,31.6,3.6,13.3
2025-04-11 09:02:10,34.1,31.2,33.6,33.8,33.6,34.1,33.7,34.0,33.4,33.7,0,31.7,3.9,13.3
2025-04-11 09:02:15,34.2,31.3,33.6,33.9,33.8,34.1,33.8,34.0,33.6,33.8,0,31.8,3.9,13.3
2025-04-11 09:02:20,34.3,31.3,33.8,34.0,33.8,34.3,33.9,34.1,33.8,33.9,0,31.8,3.7,13.2
2025-04-11 09:02:25,34.5,31.6,33.9,34.2,34.0,34.4,34.0,34.3,33.9,34.1,0,31.9,3.2,13.2
2025-04-11 09:02:30,34.6,31.7,34.0,34.3,34.1,34.6,34.2,34.5,34.1,34.2,0,32.1,4.4,13.2
2025-04-11 09:02:35,34.9,31.8,34.1,34.4,34.2,34.7,34.2,34.7,34.2,34.4,0,32.4,4.1,13.2
2025-04-11 09:02:40,34.9,31.8,34.3,34.6,34.5,34.8,34.5,34.8,34.5,34.5,0,32.4,4.7,13.2
2025-04-11 09:02:45,35.0,31.9,34.6,34.7,34.6,35.1,34.7,34.9,34.6,34.6,0,32.6,4.4,13.2
2025-04-11 09:02:50,35.2,32.2,34.7,35.1,34.8,35.2,34.8,35.2,34.7,34.7,0,32.7,4.8,13.2
2025-04-11 09:02:55,35.4,32.3,34.8,35.3,35.0,35.4,35.1,35.4,34.8,34.8,0,32.9,4.3,13.2
2025-04-11 09:03:00,35.5,32.4,34.9,35.3,35.1,35.7,35.2,35.6,34.9,35.0,0,33.2,5.1,13.3
2025-04-11 09:03:05,35.6,32.7,35.3,35.5,35.3,35.8,35.3,35.8,35.0,35.1,0,33.2,5.4,13.3
2025-04-11 09:03:10,35.8,32.8,35.5,35.5,35.6,35.9,35.5,36.1,35.1,35.2,0,33.3,4.8,13.3
2025-04-11 09:03:15,36.0,32.9,35.4,35.7,35.6,35.9,35.6,36.0,35.3,35.4,0,33.4,4.4,13.3
2025-04-11 09:03:20,36.2,32.9,35.5,35.7,35.7,36.1,35.6,36.1,35.6,35.5,0,33.4,4.2,13.2
2025-04-11 09:03:25,36.3,32.9,35.6,35.8,35.8,36.2,35.8,36.0,35.6,35.6,0,33.4,3.7,13.2
2025-04-11 09:03:30,36.4,33.1,35.7,36.0,35.9,36.2,35.9,36.2,35.9,35.8,0,33.5,3.2,13.3
2025-04-11 09:03:35,36.6,33.2,35.8,36.2,36.0,36.4,36.0,36.4,36.0,35.9,0,33.6,3.2,13.3
2025-04-11 09:03:40,36.7,33.4,35.9,36.2,36.1,36.6,36.1,36.6,36.1,36.0,0,33.7,2.9,13.2
2025-04-11 09:03:45,36.8,33.5,35.9,36.4,36.2,36.8,36.3,36.8,36.3,36.2,0,33.9,3.6,13.2
2025-04-11 09:03:50,36.8,33.6,36.1,36.7,36.4,37.0,36.5,37.0,36.4,36.3,0,33.9,4.4,13.2
2025-04-11 09:03:55,37.0,33.8,36.5,36.9,36.7,37.0,36.6,37.1,36.5,36.4,0,34.2,5.4,13.2
2025-04-11 09:04:00,37.2,33.8,36.6,37.1,36.7,37.1,36.8,37.3,36.5,36.6,0,34.2,5.4,13.2
2025-04-11 09:04:05,37.4,33.9,36.8,37.2,36.9,37.2,37.0,37.3,36.8,36.7,0,34.4,4.7,13.2
2025-04-11 09:04:10,37.5,33.9,36.7,37.4,37.1,37.4,36.9,37.6,37.0,36.8,0,34.4,4.1,13.2
2025-04-11 09:04:15,37.6,34.1,36.8,37.4,37.2,37.5,37.2,37.6,37.0,36.9,0,34.4,4.2,13.2
2025-04-11 09:04:20,37.8,34.4,37.0,37.5,37.3,37.5,37.2,37.6,37.2,37.1,0,34.5,3.2,13.2
2025-04-11 09:04:25,37.8,34.5,37.1,37.4,37.4,37.6,37.3,37.8,37.3,37.2,0,34.6,3.7,13.2
2025-04-11 09:04:30,37.9,34.5,37.1,37.6,37.4,37.6,37.4,37.9,37.3,37.3,0,34.7,3.5,13.2
2025-04-11 09:04:35,38.0,34.6,37.2,37.6,37.5,37.8,37.5,37.9,37.4,37.4,0,34.7,3.5,13.2
2025-04-11 09:04:40,38.2,34.7,37.3,37.7,37.7,38.0,37.7,38.0,37.6,37.5,0,34.8,3.5,13.2
2025-04-11 09:04:45,38.1,34.8,37.4,37.7,37.7,38.1,37.8,38.1,37.8,37.6,0,34.9,3.1,13.2
2025-04-11 09:04:50,38.4,34.9,37.5,37.9,37.8,38.1,37.7,38.3,37.8,37.7,0,35.0,2.6,13.2
2025-04-11 09:04:55,38.4,34.9,37.6,38.0,37.9,38.2,37.9,38.4,37.9,37.8,0,35.0,2.5,13.2
2025-04-11 09:05:00,38.4,35.0,37.7,38.0,38.0,38.4,38.0,38.6,38.0,37.9,0,35.0,2.2,13.2
2025-04-11 09:05:05,38.6,35.5,37.9,38.1,38.1,38.4,38.1,38.5,38.0,38.0,0,35.1,3.4,13.2
2025-04-11 09:05:10,38.6,35.4,38.1,38.3,38.3,38.6,38.3,38.6,38.0,38.1,0,35.1,3.3,13.2
2025-04-11 09:05:15,38.7,35.6,38.2,38.4,38.4,38.6,38.4,38.8,38.2,38.2,0,35.3,2.1,13.2
2025-04-11 09:05:20,38.8,35.6,38.1,38.4,38.5,38.7,38.4,38.8,38.2,38.3,0,35.4,1.8,13.2
2025-04-11 09:05:25,38.9,35.8,38.3,38.5,38.6,38.9,38.6,38.8,38.3,38.4,0,35.5,1.6,13.2
2025-04-11 09:05:30,39.0,35.8,38.3,38.9,38.7,39.1,38.7,39.0,38.5,38.6,0,35.6,2.5,13.2
2025-04-11 09:05:35,39.1,36.1,38.5,39.0,38.8,39.1,38.6,39.1,38.6,38.7,0,35.7,2.6,13.2
2025-04-11 09:05:40,39.3,36.0,38.6,39.0,38.9,39.2,38.8,39.2,38.8,38.8,0,35.7,2.9,13.2
2025-04-11 09:05:45,39.4,36.2,38.7,39.2,39.0,39.3,38.9,39.4,38.9,38.8,0,35.8,2.4,13.2
2025-04-11 09:05:50,39.5,36.4,38.8,39.2,39.1,39.3,39.0,39.4,39.0,39.0,0,35.9,2.0,13.2
2025-04-11 09:05:55,39.5,36.7,38.9,39.2,39.2,39.5,39.1,39.6,39.0,39.1,0,36.0,1.8,13.2
2025-04-11 09:06:00,39.7,36.9,39.1,39.5,39.3,39.6,39.2,39.6,39.2,39.2,0,36.0,1.6,13.2
2025-04-11 09:06:05,39.8,36.9,39.2,39.5,39.4,39.8,39.3,39.8,39.3,39.3,0,36.1,1.5,13.2
2025-04-11 09:06:10,39.9,37.3,39.3,39.6,39.5,39.9,39.4,39.9,39.4,39.4,0,36.2,1.3,13.2
2025-04-11 09:06:15,40.0,37.5,39.4,39.8,39.6,40.0,39.5,40.0,39.5,39.5,0,36.3,1.2,13.2
2025-04-11 09:06:20,40.0,37.6,39.5,39.8,39.7,40.0,39.7,40.1,39.6,39.6,0,36.4,1.5,13.2
2025-04-11 09:06:25,40.2,37.6,39.7,40.1,39.7,40.2,39.6,40.1,39.6,39.7,0,36.5,1.6,13.2
2025-04-11 09:06:30,40.3,37.7,39.7,40.1,39.9,40.4,39.7,40.4,39.8,39.8,0,36.6,1.3,13.2
2025-04-11 09:06:35,40.5,37.7,39.8,40.2,39.9,40.5,39.8,40.3,39.8,39.9,0,36.6,1.6,13.2
2025-04-11 09:06:40,40.5,37.6,40.0,40.3,40.1,40.6,39.8,40.5,39.9,40.0,0,36.7,2.4,13.2
2025-04-11 09:06:45,40.7,37.7,40.0,40.4,40.2,40.6,40.0,40.5,39.9,40.0,0,36.8,2.4,13.2
2025-04-11 09:06:50,40.7,37.8,40.0,40.4,40.3,40.7,40.0,40.5,40.1,40.1,0,36.9,2.3,13.2
2025-04-11 09:06:55,40.8,37.9,40.2,40.6,40.3,40.8,40.2,40.7,40.2,40.2,0,36.9,3.1,13.2
2025-04-11 09:07:00,40.9,38.0,40.2,40.6,40.5,40.8,40.2,40.8,40.3,40.3,0,36.9,3.1,13.2
2025-04-11 09:07:05,41.0,38.2,40.2,40.6,40.5,41.0,40.3,40.9,40.4,40.4,0,37.0,2.6,13.2
2025-04-11 09:07:10,41.0,38.3,40.4,40.7,40.6,41.0,40.3,40.9,40.4,40.5,0,37.1,2.4,13.2
2025-04-11 09:07:15,41.1,38.4,40.4,40.8,40.7,41.0,40.4,41.0,40.4,40.5,0,37.2,1.9,13.2
2025-04-11 09:07:20,41.2,38.5,40.6,40.9,40.8,41.1,40.5,41.0,40.7,40.6,0,37.3,1.4,13.2
2025-04-11 09:07:25,41.3,38.5,40.6,41.0,40.9,41.3,40.7,41.2,40.7,40.7,0,37.3,1.2,13.2
2025-04-11 09:07:30,41.4,38.6,40.7,41.0,41.0,41.4,40.7,41.2,40.7,40.8,0,37.3,1.3,13.2
2025-04-11 09:07:35,41.5,38.6,40.8,41.1,41.1,41.5,40.8,41.3,40.8,40.8,0,37.4,1.6,13.2
2025-04-11 09:07:40,41.5,38.6,40.8,41.2,41.1,41.5,40.8,41.4,40.8,40.8,0,37.4,1.5,13.2
2025-04-11 09:07:45,41.5,38.6,40.9,41.3,41.2,41.5,40.9,41.4,40.9,40.9,0,37.4,1.6,13.2
2025-04-11 09:07:50,41.6,38.7,41.0,41.3,41.2,41.7,41.0,41.5,41.0,40.9,0,37.5,1.8,13.2
2025-04-11 09:07:55,41.7,38.8,41.0,41.4,41.2,41.7,41.0,41.6,41.1,40.9,0,37.6,1.6,13.2
2025-04-11 09:08:00,41.7,38.8,41.0,41.4,41.2,41.7,41.1,41.6,41.1,41.0,0,37.6,2.1,13.2
2025-04-11 09:08:05,41.8,38.7,41.1,41.4,41.3,41.8,41.2,41.5,41.1,41.0,0,37.5,2.5,13.2
2025-04-11 09:08:10,41.8,38.7,41.1,41.4,41.3,41.9,41.3,41.7,41.2,41.1,0,37.6,2.4,13.2
2025-04-11 09:08:15,41.8,38.7,41.1,41.6,41.4,41.8,41.3,41.7,41.2,41.1,0,37.5,2.9,13.2
2025-04-11 09:08:20,41.9,38.8,41.3,41.7,41.5,41.9,41.3,41.7,41.2,41.1,0,37.6,2.4,13.2
2025-04-11 09:08:25,41.9,38.8,41.3,41.6,41.6,42.0,41.3,41.9,41.3,41.2,0,37.7,1.9,13.2
2025-04-11 09:08:30,42.0,38.9,41.3,41.8,41.6,42.2,41.4,42.0,41.4,41.2,0,37.7,1.7,13.2
2025-04-11 09:08:35,42.1,39.0,41.4,42.0,41.6,42.2,41.4,41.9,41.5,41.3,0,37.8,2.0,13.2
2025-04-11 09:08:40,42.1,39.2,41.5,42.0,41.7,42.3,41.5,42.0,41.6,41.3,0,37.9,3.3,13.2
2025-04-11 09:08:45,42.2,39.3,41.6,42.0,41.8,42.4,41.6,42.1,41.5,41.4,0,37.9,3.8,13.2
2025-04-11 09:08:50,42.2,39.3,41.6,42.0,41.8,42.3,41.6,42.2,41.6,41.4,0,37.9,5.1,13.2
2025-04-11 09:08:55,42.3,39.5,41.7,42.1,41.9,42.4,41.7,42.3,41.8,41.5,0,37.9,4.3,13.2
2025-04-11 09:09:00,42.4,39.6,41.7,42.2,42.0,42.5,41.8,42.4,41.9,41.6,0,38.0,3.6,13.2
2025-04-11 09:09:05,42.5,39.6,41.8,42.2,42.1,42.6,41.8,42.4,41.9,41.7,0,38.1,3.5,13.2
2025-04-11 09:09:10,42.5,39.7,41.8,42.2,42.1,42.7,42.0,42.5,41.9,41.8,0,38.1,3.5,13.2
2025-04-11 09:09:15,42.8,39.8,41.9,42.5,42.3,42.8,42.0,42.7,42.1,41.9,0,38.2,3.1,13.2
2025-04-11 09:09:20,42.9,39.8,42.1,42.6,42.4,43.0,42.2,42.8,42.1,42.0,0,38.3,3.1,13.2
2025-04-11 09:09:25,42.9,39.9,42.1,42.6,42.4,42.9,42.3,42.9,42.3,42.0,0,38.3,2.8,13.2
2025-04-11 09:09:30,43.1,40.0,42.2,42.8,42.5,43.1,42.4,42.9,42.3,42.1,0,38.4,3.0,13.2
2025-04-11 09:09:35,43.1,40.2,42.3,42.8,42.6,43.1,42.4,43.0,42.4,42.1,0,38.4,4.5,13.2
2025-04-11 09:09:40,43.2,40.2,42.5,43.0,42.7,43.3,42.5,43.0,42.5,42.2,0,38.5,4.0,13.2
2025-04-11 09:09:45,43.2,40.2,42.4,42.9,42.8,43.4,42.6,43.1,42.5,42.3,0,38.6,3.6,13.2
2025-04-11 09:09:50,43.2,40.3,42.6,43.0,42.8,43.4,42.7,43.4,42.5,42.4,0,38.6,3.7,13.2
2025-04-11 09:09:55,43.4,40.3,42.7,43.1,43.0,43.6,42.7,43.5,42.7,42.5,0,38.7,4.0,13.2
2025-04-11 09:10:00,43.4,40.4,42.8,43.2,43.1,43.6,42.9,43.5,42.9,42.5,0,38.7,4.0,13.2
2025-04-11 09:10:05,43.5,40.6,42.8,43.2,43.2,43.8,43.0,43.5,42.9,42.6,0,38.7,3.2,13.2
2025-04-11 09:10:10,43.6,40.7,42.9,43.3,43.3,43.9,43.1,43.7,43.0,42.7,0,38.7,3.1,13.2
2025-04-11 09:10:15,43.7,40.9,43.0,43.3,43.3,43.8,43.2,43.7,43.1,42.8,0,38.8,2.7,13.2
2025-04-11 09:10:20,43.7,41.0,43.0,43.4,43.4,44.0,43.3,43.9,43.2,42.9,0,38.8,3.6,13.2
2025-04-11 09:10:25,43.8,41.0,43.1,43.6,43.4,44.0,43.5,43.8,43.2,43.0,0,38.9,3.3,13.2
2025-04-11 09:10:30,44.0,41.0,43.3,43.7,43.5,44.2,43.4,43.9,43.4,43.0,0,39.0,3.6,13.2
2025-04-11 09:10:35,44.0,41.1,43.3,43.8,43.6,44.2,43.5,44.0,43.4,43.1,0,39.0,4.0,13.2
2025-04-11 09:10:40,44.1,41.2,43.3,43.8,43.6,44.4,43.5,44.2,43.5,43.2,0,39.0,4.8,13.2
2025-04-11 09:10:45,44.2,41.4,43.5,43.9,43.8,44.4,43.6,44.4,43.6,43.3,0,39.2,4.3,13.2
2025-04-11 09:10:50,44.3,41.6,43.6,44.0,43.9,44.6,43.8,44.5,43.7,43.4,0,39.2,3.6,13.2
2025-04-11 09:10:55,44.4,41.7,43.6,44.1,43.9,44.6,43.8,44.4,43.8,43.4,0,39.2,3.5,13.2
2025-04-11 09:11:00,44.4,41.6,43.8,44.2,44.1,44.6,43.9,44.5,43.8,43.5,0,39.3,3.4,13.2
2025-04-11 09:11:05,44.5,41.7,43.8,44.2,44.2,44.6,44.0,44.5,43.8,43.5,0,39.3,3.2,13.2
2025-04-11 09:11:10,44.6,41.9,43.8,44.2,44.2,44.7,44.1,44.5,43.9,43.5,0,39.2,3.1,13.2
2025-04-11 09:11:15,44.6,42.0,43.9,44.4,44.3,44.8,44.1,44.5,43.9,43.6,0,39.3,3.2,13.2
2025-04-11 09:11:20,44.7,42.1,44.0,44.4,44.3,44.8,44.2,44.6,43.8,43.7,0,39.4,3.2,13.2
2025-04-11 09:11:25,44.7,42.2,44.0,44.4,44.3,44.8,44.3,44.6,43.9,43.7,0,39.4,2.9,13.2
2025-04-11 09:11:30,44.7,42.2,44.1,44.5,44.3,44.9,44.3,44.6,44.0,43.8,0,39.3,2.7,13.2
2025-04-11 09:11:35,44.8,42.2,44.1,44.5,44.4,45.0,44.3,44.7,44.0,43.9,0,39.2,2.2,13.2
2025-04-11 09:11:40,44.9,42.2,44.1,44.5,44.4,44.9,44.3,44.7,44.1,43.9,0,39.3,2.8,13.1
2025-04-11 09:11:45,44.9,42.2,44.2,44.5,44.5,45.0,44.4,44.8,44.2,44.0,0,39.3,2.5,13.1
2025-04-11 09:11:50,44.9,42.4,44.1,44.6,44.5,45.1,44.3,45.0,44.2,44.0,0,39.4,2.4,13.2
2025-04-11 09:11:55,44.9,42.4,44.2,44.7,44.5,45.1,44.4,45.0,44.2,44.0,0,39.4,2.4,13.2
2025-04-11 09:12:00,44.9,42.5,44.4,44.7,44.5,45.0,44.3,44.8,44.3,44.0,0,39.4,3.4,13.2
2025-04-11 09:12:05,44.9,42.5,44.3,44.8,44.6,45.1,44.4,44.8,44.2,44.0,0,39.3,3.9,13.2
2025-04-11 09:12:10,44.9,42.5,44.3,44.7,44.6,45.0,44.4,44.8,44.2,44.0,0,39.3,3.6,13.2
2025-04-11 09:12:15,44.9,42.7,44.2,44.6,44.5,45.0,44.3,45.0,44.3,44.0,0,39.2,3.3,13.1
2025-04-11 09:12:20,44.9,42.7,44.2,44.5,44.5,45.0,44.4,44.8,44.3,44.0,0,39.2,3.2,13.1
2025-04-11 09:12:25,44.9,42.6,44.2,44.5,44.4,44.8,44.2,44.9,44.1,43.9,0,39.1,2.8,13.2
2025-04-11 09:12:30,44.9,42.5,44.1,44.5,44.4,44.9,44.4,44.9,44.3,43.9,0,39.0,2.8,13.1
2025-04-11 09:12:35,44.8,42.7,44.0,44.4,44.4,44.8,44.3,44.9,44.2,43.9,0,39.0,3.4,13.1
2025-04-11 09:12:40,44.8,43.1,44.1,44.4,44.4,44.9,44.3,44.8,44.3,43.9,0,39.0,3.7,13.1
2025-04-11 09:12:45,44.8,43.1,44.1,44.5,44.5,44.9,44.3,44.9,44.1,43.9,0,39.0,2.9,13.1
2025-04-11 09:12:50,44.7,43.0,44.1,44.6,44.5,44.9,44.3,44.8,44.1,43.9,0,39.0,3.9,13.1
2025-04-11 09:12:55,44.8,43.0,44.1,44.7,44.4,44.9,44.3,44.8,44.2,43.9,0,39.1,4.2,13.1
2025-04-11 09:13:00,44.8,42.9,44.0,44.6,44.4,44.9,44.2,44.9,44.2,43.9,0,39.0,5.1,13.2
2025-04-11 09:13:05,44.8,42.6,44.1,44.7,44.4,44.9,44.2,44.8,44.2,43.9,0,39.0,4.2,13.1
2025-04-11 09:13:10,44.8,42.6,44.1,44.7,44.4,45.0,44.1,44.8,44.2,43.9,0,38.8,3.9,13.1
2025-04-11 09:13:15,44.9,42.6,44.1,44.7,44.4,44.9,44.2,44.8,44.2,43.8,0,38.9,3.6,13.1
2025-04-11 09:13:20,44.8,42.5,44.1,44.7,44.4,44.8,44.2,44.8,44.1,43.8,0,38.9,2.9,13.1
2025-04-11 09:13:25,44.8,42.3,44.0,44.6,44.3,44.8,44.3,44.8,44.1,43.8,0,38.9,2.8,13.1
2025-04-11 09:13:30,44.8,42.4,44.0,44.6,44.3,44.8,44.1,44.8,44.1,43.8,0,38.8,3.6,13.1
2025-04-11 09:13:35,44.7,42.3,44.0,44.6,44.3,44.8,44.1,44.7,44.0,43.7,0,38.7,3.1,13.1
2025-04-11 09:13:40,44.6,42.3,43.9,44.4,44.3,44.8,44.1,44.7,44.0,43.7,0,38.8,2.9,13.1
2025-04-11 09:13:45,44.7,42.4,43.9,44.4,44.3,44.8,44.1,44.6,44.0,43.7,0,38.7,2.6,13.1
2025-04-11 09:13:50,44.6,42.4,43.9,44.5,44.2,44.8,44.1,44.6,44.0,43.8,0,38.7,2.8,13.1
2025-04-11 09:13:55,44.6,42.5,43.8,44.3,44.3,44.8,44.1,44.7,44.0,43.7,0,38.8,3.1,13.1
2025-04-11 09:14:00,44.6,42.4,43.9,44.4,44.3,44.8,44.1,44.6,44.0,43.7,0,38.7,3.2,13.1
2025-04-11 09:14:05,44.6,42.4,43.8,44.4,44.2,44.8,44.1,44.6,44.0,43.7,0,38.7,2.8,13.1
2025-04-11 09:14:10,44.6,42.3,43.8,44.4,44.2,44.7,44.0,44.6,43.9,43.6,0,38.6,2.9,13.1
2025-04-11 09:14:15,44.5,42.3,43.7,44.3,44.2,44.7,44.0,44.5,43.9,43.6,0,38.6,2.7,13.1
2025-04-11 09:14:20,44.5,42.4,43.7,44.3,44.2,44.7,44.0,44.6,43.9,43.5,0,38.6,2.8,13.1
2025-04-11 09:14:25,44.4,42.5,43.7,44.3,44.2,44.6,44.0,44.6,43.8,43.5,0,38.6,2.2,13.1
2025-04-11 09:14:30,44.4,42.5,43.6,44.1,44.1,44.6,43.9,44.6,43.7,43.4,0,38.6,2.2,13.1
2025-04-11 09:14:35,44.4,42.4,43.7,44.3,44.0,44.6,43.9,44.3,43.6,43.3,0,38.5,2.2,13.1
2025-04-11 09:14:40,44.3,42.5,43.5,44.2,44.1,44.4,43.8,44.2,43.5,43.3,0,38.5,2.2,13.1
2025-04-11 09:14:45,44.2,42.4,43.6,44.4,44.0,44.4,43.8,44.2,43.5,43.3,0,38.5,2.4,13.1
2025-04-11 09:14:50,44.3,42.4,43.6,44.3,43.9,44.4,43.8,44.2,43.5,43.3,0,38.5,2.4,13.1
2025-04-11 09:14:55,44.3,42.4,43.6,44.3,43.9,44.4,43.8,44.2,43.5,43.3,0,38.6,2.1,13.1
2025-04-11 09:15:00,44.4,42.3,43.6,44.3,43.8,44.4,43.8,44.2,43.5,43.3,0,38.6,1.6,13.1
2025-04-11 09:15:05,44.4,42.2,43.6,44.3,43.8,44.4,43.6,44.3,43.5,43.2,0,38.6,1.4,13.1
2025-04-11 09:15:10,44.5,42.2,43.5,44.2,43.8,44.5,43.7,44.3,43.5,43.2,0,38.6,1.2,13.1
2025-04-11 09:15:15,44.5,42.1,43.6,44.3,43.9,44.5,43.7,44.3,43.5,43.3,0,38.7,1.1,13.1
2025-04-11 09:15:20,44.4,42.0,43.6,44.3,43.9,44.5,43.7,44.2,43.5,43.3,0,38.7,1.2,13.1
2025-04-11 09:15:25,44.5,41.9,43.6,44.3,43.9,44.4,43.6,44.2,43.5,43.3,0,38.7,1.8,13.1
2025-04-11 09:15:30,44.4,42.1,43.6,44.2,43.9,44.4,43.6,44.2,43.5,43.3,0,38.8,2.4,13.1
2025-04-11 09:15:35,44.4,42.0,43.5,44.1,43.9,44.5,43.7,44.3,43.6,43.3,0,38.9,3.2,13.1
2025-04-11 09:15:40,44.4,42.0,43.6,44.3,43.9,44.5,43.7,44.5,43.7,43.4,0,38.8,4.1,13.1
2025-04-11 09:15:45,44.4,41.9,43.5,44.3,44.0,44.5,43.8,44.5,43.7,43.4,0,39.0,4.5,13.1
2025-04-11 09:15:50,44.4,42.0,43.7,44.3,44.1,44.6,43.9,44.6,43.8,43.4,0,39.0,4.4,13.1
2025-04-11 09:15:55,44.4,42.0,43.8,44.3,44.1,44.6,44.0,44.5,43.7,43.4,0,39.1,4.8,13.1
2025-04-11 09:16:00,44.5,42.0,43.9,44.3,44.1,44.7,44.0,44.4,43.7,43.4,0,39.1,4.6,13.1
2025-04-11 09:16:05,44.5,42.1,43.9,44.4,44.1,44.6,44.1,44.5,43.7,43.5,0,39.2,3.9,13.1
2025-04-11 09:16:10,44.6,42.2,43.9,44.4,44.2,44.7,44.1,44.6,43.8,43.6,0,39.2,3.9,13.2
2025-04-11 09:16:15,44.7,42.1,44.1,44.4,44.2,44.8,44.2,44.7,43.9,43.7,0,39.4,3.8,13.1
2025-04-11 09:16:20,44.7,42.2,44.2,44.4,44.3,44.8,44.3,44.8,44.1,43.8,0,39.5,4.3,13.1
2025-04-11 09:16:25,44.8,42.3,44.1,44.5,44.3,44.9,44.3,45.0,44.1,43.8,0,39.7,4.3,13.1
2025-04-11 09:16:30,44.9,42.5,44.2,44.5,44.4,45.0,44.4,45.0,44.1,43.9,0,39.7,3.1,13.1
2025-04-11 09:16:35,45.0,42.5,44.3,44.7,44.6,45.1,44.5,44.9,44.1,44.0,0,39.9,2.9,13.1
2025-04-11 09:16:40,45.0,42.6,44.5,44.7,44.6,45.1,44.6,45.0,44.2,44.1,0,40.0,2.9,13.1
2025-04-11 09:16:45,45.2,42.5,44.5,44.9,44.7,45.3,44.7,45.0,44.3,44.3,0,40.2,3.8,13.1
2025-04-11 09:16:50,45.2,42.6,44.5,45.0,44.8,45.4,44.8,45.3,44.5,44.3,0,40.3,4.5,13.1
2025-04-11 09:16:55,45.3,42.7,44.7,45.2,45.1,45.6,45.0,45.5,44.6,44.6,0,40.6,5.1,13.1
2025-04-11 09:17:00,45.6,42.6,44.9,45.5,45.1,45.8,45.2,45.7,44.8,44.7,0,40.9,5.3,13.1
2025-04-11 09:17:05,45.7,42.8,45.2,45.6,45.4,46.0,45.2,45.9,44.9,44.9,0,41.0,6.0,13.1
2025-04-11 09:17:10,45.8,42.9,45.3,45.7,45.5,46.1,45.4,46.0,45.0,45.0,0,41.2,5.6,13.1
2025-04-11 09:17:15,46.0,43.0,45.4,45.9,45.6,46.2,45.4,46.0,45.3,45.1,0,41.2,5.7,13.1
2025-04-11 09:17:20,46.2,43.2,45.5,46.1,45.9,46.4,45.7,46.2,45.4,45.3,0,41.5,5.7,13.1
2025-04-11 09:17:25,46.3,43.2,45.7,46.3,46.0,46.4,45.9,46.4,45.6,45.4,0,41.6,5.5,13.1
2025-04-11 09:17:30,46.6,43.3,45.9,46.3,46.2,46.6,45.9,46.5,45.6,45.6,0,41.8,4.9,13.1
2025-04-11 09:17:35,46.7,43.5,46.0,46.5,46.3,46.9,46.2,46.7,45.8,45.8,0,41.9,4.8,13.1
2025-04-11 09:17:40,47.0,43.7,46.2,46.6,46.5,47.0,46.5,46.9,46.1,46.0,0,42.1,3.8,13.1
2025-04-11 09:17:45,47.2,43.7,46.4,46.8,46.7,47.1,46.5,47.0,46.2,46.2,0,42.3,4.0,13.1
2025-04-11 09:17:50,47.3,43.9,46.4,46.9,46.9,47.4,46.7,47.2,46.4,46.4,0,42.5,3.2,13.1
2025-04-11 09:17:55,47.4,43.8,46.7,47.1,47.0,47.7,46.8,47.5,46.7,46.6,0,42.8,3.0,13.1
2025-04-11 09:18:00,47.8,44.2,46.9,47.3,47.2,47.8,47.1,47.6,46.8,46.8,0,43.1,3.7,13.1
2025-04-11 09:18:05,47.9,44.5,47.1,47.7,47.4,48.1,47.4,47.8,46.9,47.0,0,43.2,2.7,13.1
2025-04-11 09:18:10,48.3,44.7,47.4,47.8,47.7,48.2,47.7,48.1,47.2,47.2,0,43.4,3.2,13.1
2025-04-11 09:18:15,48.4,44.8,47.6,48.1,47.9,48.4,47.8,48.3,47.4,47.4,0,43.7,3.3,13.1
2025-04-11 09:18:20,48.7,45.1,47.8,48.3,48.0,48.6,48.0,48.6,47.6,47.5,0,43.8,3.1,13.1
2025-04-11 09:18:25,48.9,45.3,48.0,48.5,48.4,48.9,48.1,48.7,47.7,47.8,0,44.0,3.1,13.1
2025-04-11 09:18:30,49.1,45.6,48.2,48.8,48.7,49.1,48.3,48.9,47.9,48.0,0,44.1,2.8,13.1
2025-04-11 09:18:35,49.4,45.8,48.5,49.2,48.9,49.3,48.4,49.1,48.1,48.3,0,44.4,2.8,13.1
2025-04-11 09:18:40,49.5,45.7,48.9,49.4,49.2,49.6,48.9,49.4,48.6,48.5,0,44.7,2.7,13.1
2025-04-11 09:18:45,49.8,45.8,48.9,49.4,49.3,49.8,49.1,49.6,48.9,48.7,0,44.9,2.1,13.1
2025-04-11 09:18:50,50.1,46.0,49.2,49.7,49.5,50.0,49.3,49.8,49.0,49.0,0,45.2,2.1,13.1
2025-04-11 09:18:55,50.4,46.2,49.4,49.8,49.7,50.3,49.6,50.0,49.3,49.2,0,45.4,2.1,13.1
2025-04-11 09:19:00,50.6,46.2,49.8,49.9,49.8,50.4,49.7,50.2,49.5,49.4,0,45.5,2.2,13.1
2025-04-11 09:19:05,50.7,46.5,50.0,50.3,50.3,50.6,50.1,50.4,49.7,49.7,0,45.8,2.7,13.1
2025-04-11 09:19:10,51.0,46.7,50.2,50.6,50.5,50.9,50.3,50.8,50.0,49.9,0,46.0,2.4,13.1
2025-04-11 09:19:15,51.3,47.0,50.4,50.7,50.7,51.0,50.5,50.9,50.2,50.2,0,46.1,2.3,13.1
2025-04-11 09:19:20,51.5,47.3,50.5,51.0,50.9,51.4,50.8,51.3,50.5,50.4,0,46.3,2.6,13.1
2025-04-11 09:19:25,51.6,47.3,50.7,51.2,51.0,51.4,50.9,51.4,50.7,50.7,0,46.6,2.4,13.1
2025-04-11 09:19:30,52.0,47.7,50.9,51.4,51.4,51.7,51.1,51.8,50.9,50.9,0,46.8,2.2,13.1
2025-04-11 09:19:35,52.2,47.9,51.2,51.7,51.7,52.2,51.3,51.9,51.2,51.1,0,47.0,2.0,13.1
2025-04-11 09:19:40,52.4,48.1,51.5,51.7,52.0,52.4,51.6,52.1,51.5,51.4,0,47.3,1.8,13.1
2025-04-11 09:19:45,52.6,48.4,52.0,52.1,52.2,52.6,51.9,52.4,51.6,51.6,0,47.5,1.6,13.1
2025-04-11 09:19:50,52.7,48.5,52.1,52.2,52.3,52.8,52.2,52.6,51.8,51.9,0,47.6,1.8,13.1
2025-04-11 09:19:55,53.1,48.8,52.3,52.6,52.6,53.0,52.5,52.9,52.1,52.1,0,47.9,1.8,13.1
2025-04-11 09:20:00,53.3,49.0,52.5,52.8,52.8,53.3,52.6,53.1,52.4,52.4,0,48.1,1.6,13.1
2025-04-11 09:20:05,53.6,49.3,52.9,53.1,53.1,53.4,52.8,53.2,52.4,52.6,0,48.3,1.5,13.1
2025-04-11 09:20:10,53.7,49.7,53.0,53.3,53.4,53.8,53.2,53.5,52.8,52.8,0,48.6,1.4,13.1
2025-04-11 09:20:15,54.0,49.8,53.3,53.6,53.6,54.0,53.5,53.9,53.1,53.1,0,48.8,1.5,13.1
2025-04-11 09:20:20,54.4,50.2,53.6,53.8,53.7,54.2,53.6,54.0,53.4,53.3,0,49.0,1.4,13.1
2025-04-11 09:20:25,54.5,50.3,53.7,54.1,54.0,54.7,53.9,54.6,53.5,53.6,0,49.2,1.2,13.1
2025-04-11 09:20:30,54.9,50.5,53.9,54.2,54.1,54.8,54.1,54.7,53.8,53.9,0,49.5,0.9,13.1
2025-04-11 09:20:35,55.2,50.7,54.3,54.7,54.5,55.0,54.3,54.9,54.1,54.1,0,49.7,0.8,13.1
2025-04-11 09:20:40,55.3,51.0,54.5,54.9,54.7,55.3,54.6,55.0,54.3,54.3,0,49.9,1.3,13.1
2025-04-11 09:20:45,55.7,51.3,54.7,55.1,55.1,55.6,55.0,55.2,54.7,54.6,0,50.2,2.9,13.1
2025-04-11 09:20:50,55.9,51.6,55.0,55.3,55.3,55.8,55.1,55.5,54.8,54.8,0,50.3,2.8,13.1
2025-04-11 09:20:55,56.0,51.7,55.1,55.6,55.5,56.1,55.3,55.8,55.2,55.0,0,50.4,2.8,13.1
2025-04-11 09:21:00,56.2,51.9,55.3,55.8,55.7,56.2,55.7,56.2,55.4,55.2,0,50.7,2.4,13.1
2025-04-11 09:21:05,56.6,52.2,55.6,56.0,55.9,56.5,55.9,56.5,55.7,55.5,0,50.8,2.2,13.1
2025-04-11 09:21:10,56.8,52.4,55.8,56.4,56.2,56.7,56.1,56.6,55.8,55.6,0,51.1,2.7,13.1
2025-04-11 09:21:15,57.1,52.7,56.1,56.4,56.5,56.9,56.5,56.7,56.1,55.9,0,51.3,2.9,13.1
2025-04-11 09:21:20,57.4,53.1,56.5,56.7,56.7,57.1,56.6,57.0,56.3,56.0,0,51.4,3.1,13.1
2025-04-11 09:21:25,57.6,53.4,56.7,56.9,57.0,57.5,56.8,57.1,56.7,56.3,0,51.6,2.3,13.1
2025-04-11 09:21:30,57.8,53.7,56.9,57.3,57.2,57.6,57.1,57.4,56.7,56.5,0,51.8,1.9,13.1
2025-04-11 09:21:35,58.2,53.9,57.2,57.4,57.3,57.7,57.2,57.6,57.0,56.8,0,52.0,1.7,13.1
2025-04-11 09:21:40,58.3,54.1,57.4,57.7,57.7,58.2,57.5,57.8,57.2,57.0,0,52.3,2.6,13.1
2025-04-11 09:21:45,58.6,54.3,57.6,58.0,58.0,58.4,57.9,58.1,39.9,57.2,0,52.5,3.3,13.1
2025-04-11 09:21:50,58.9,54.5,57.9,58.3,58.1,58.5,58.1,58.3,32.9,57.5,0,52.7,2.7,13.1
2025-04-11 09:21:55,59.1,54.6,58.1,58.4,58.4,58.8,58.3,58.7,32.5,57.7,0,53.0,2.3,13.1
2025-04-11 09:22:00,59.2,54.7,58.3,58.6,58.7,59.0,58.5,59.1,32.9,58.0,0,53.1,1.9,13.1
2025-04-11 09:22:05,59.5,54.9,58.5,59.0,59.0,59.3,58.8,59.3,33.1,58.2,0,53.4,1.4,13.1
2025-04-11 09:22:10,59.7,55.1,58.7,59.1,59.2,59.5,59.1,59.5,35.3,58.5,0,53.7,2.1,13.1
2025-04-11 09:22:15,60.1,55.4,59.1,59.4,59.5,59.9,59.4,59.8,36.4,58.6,0,53.9,2.2,13.1
2025-04-11 09:22:20,60.2,55.7,59.3,59.7,59.7,60.1,59.6,60.0,37.1,58.9,0,54.1,2.2,13.1
2025-04-11 09:22:25,60.4,55.9,59.5,60.0,60.0,60.3,59.8,60.2,32.6,59.0,0,54.2,2.1,13.1
2025-04-11 09:22:30,60.7,56.2,59.8,60.2,60.2,60.5,60.0,60.4,32.7,59.3,0,54.5,2.5,13.1
2025-04-11 09:22:35,60.9,56.6,59.9,60.3,60.5,60.7,60.2,60.6,31.9,59.5,0,54.7,2.2,13.1
2025-04-11 09:22:40,61.2,56.8,60.3,60.5,60.7,60.9,60.4,60.7,31.9,59.7,0,54.8,1.9,13.1
2025-04-11 09:22:45,61.4,57.0,60.5,60.8,60.9,61.3,60.6,61.1,31.9,59.9,0,55.2,1.4,13.1
2025-04-11 09:22:50,61.6,57.1,60.7,61.0,61.1,61.4,60.8,61.3,32.5,60.1,0,55.3,1.4,13.1
2025-04-11 09:22:55,61.9,57.2,60.9,61.2,61.4,61.8,61.1,61.5,32.8,60.4,0,55.5,1.2,13.1
2025-04-11 09:23:00,62.1,57.5,61.2,61.8,61.7,61.9,61.3,61.8,32.8,60.7,0,55.7,3.4,13.1
2025-04-11 09:23:05,62.4,57.6,61.4,61.7,61.7,62.1,61.5,62.0,32.9,60.9,0,56.0,4.3,13.1
2025-04-11 09:23:10,62.5,57.9,61.6,62.0,62.0,62.5,61.7,62.4,32.5,61.2,0,56.2,3.9,13.1
2025-04-11 09:23:15,62.9,58.0,62.0,62.3,62.2,62.6,61.9,62.5,31.0,61.4,0,56.4,3.4,13.1
2025-04-11 09:23:20,63.0,58.2,62.1,62.5,62.5,63.0,62.3,63.0,30.7,61.7,0,56.5,3.4,13.1
2025-04-11 09:23:25,63.4,58.5,62.4,62.6,62.8,63.1,62.4,63.1,30.5,61.9,0,56.7,3.6,13.1
2025-04-11 09:23:30,63.5,58.7,62.4,62.9,62.9,63.4,62.6,63.2,30.4,62.1,0,56.8,3.5,13.1
2025-04-11 09:23:35,63.8,59.0,62.7,63.2,63.2,63.7,62.9,63.6,29.9,62.3,0,57.2,3.1,13.1
2025-04-11 09:23:40,64.2,59.3,63.0,63.6,63.5,63.8,63.2,63.8,30.1,62.5,0,57.4,4.2,13.1
2025-04-11 09:23:45,64.4,59.5,63.2,63.7,63.7,64.1,63.3,63.9,30.3,62.7,0,57.6,4.0,13.1
2025-04-11 09:23:50,64.6,59.6,63.5,63.9,63.9,64.4,63.5,64.3,29.3,63.0,0,57.9,3.3,13.1
2025-04-11 09:23:55,64.8,59.9,63.7,64.2,64.2,64.5,63.8,64.5,29.5,63.1,0,58.0,3.4,13.1
2025-04-11 09:24:00,65.2,60.1,64.0,64.4,64.4,64.9,64.3,64.8,29.5,63.4,0,58.3,3.1,13.1
2025-04-11 09:24:05,65.5,60.3,64.3,64.7,64.7,65.2,64.4,65.0,29.3,63.7,0,58.6,3.3,13.1
2025-04-11 09:24:10,65.7,60.6,64.5,64.9,64.8,65.2,64.6,65.1,29.2,63.9,0,58.7,2.9,13.1
2025-04-11 09:24:15,65.8,60.8,64.6,65.1,65.2,65.8,64.9,65.8,29.8,64.1,0,59.0,3.5,13.1
2025-04-11 09:24:20,66.1,61.0,64.8,65.4,65.5,65.9,65.2,65.9,29.5,64.4,0,59.2,3.5,13.1
2025-04-11 09:24:25,66.4,61.5,65.2,65.6,65.7,66.1,65.4,66.0,29.6,64.7,0,59.4,4.2,13.1
2025-04-11 09:24:30,66.5,61.6,65.5,65.9,66.0,66.5,65.5,66.4,29.9,64.9,0,59.5,4.5,13.1
2025-04-11 09:24:35,66.7,61.7,65.5,66.1,66.1,66.6,65.8,66.5,30.0,65.1,0,59.9,3.6,13.1
2025-04-11 09:24:40,67.2,62.1,65.9,66.4,66.6,66.9,66.1,66.8,33.4,65.4,0,60.2,3.7,13.1
2025-04-11 09:24:45,67.4,62.4,66.2,66.7,66.8,67.1,66.5,67.1,33.4,65.6,0,60.4,3.3,13.1
2025-04-11 09:24:50,67.7,62.5,66.4,66.9,66.9,67.5,67.0,67.6,34.0,65.9,0,60.7,2.7,13.1
2025-04-11 09:24:55,67.9,62.8,66.6,67.2,67.2,67.7,67.3,67.7,34.1,66.1,0,60.9,3.1,13.1
2025-04-11 09:25:00,68.1,63.0,66.8,67.4,67.4,67.9,67.4,68.1,33.5,66.3,0,61.1,3.3,13.1
2025-04-11 09:25:05,68.4,63.4,67.2,67.7,67.9,68.3,67.7,68.4,31.8,66.7,0,61.4,3.7,13.1
2025-04-11 09:25:10,68.7,63.5,67.5,68.0,68.2,68.5,67.9,68.7,30.1,66.9,0,61.6,3.7,13.1
2025-04-11 09:25:15,68.9,63.8,67.9,68.4,68.4,68.9,67.9,68.6,27.7,67.1,0,61.9,4.2,13.1
2025-04-11 09:25:20,69.1,64.0,68.1,68.5,68.8,69.1,68.3,68.9,30.4,67.5,0,62.2,4.4,13.1
2025-04-11 09:25:25,69.5,64.3,68.5,68.9,69.1,69.3,68.6,69.1,30.8,67.6,0,62.3,5.4,13.1
2025-04-11 09:25:30,69.8,64.4,68.8,69.0,69.2,69.6,68.9,69.3,30.9,68.0,0,62.5,4.1,13.1
2025-04-11 09:25:35,70.0,64.7,68.9,69.4,69.4,69.7,69.0,69.4,33.4,68.2,0,62.8,4.5,13.1
2025-04-11 09:25:40,70.3,65.0,69.0,69.4,69.6,69.9,69.4,69.8,34.0,68.5,0,63.1,4.3,13.1
2025-04-11 09:25:45,70.5,65.3,69.4,69.7,70.0,70.2,69.7,70.1,34.0,68.8,0,63.2,3.3,13.1
2025-04-11 09:25:50,70.9,65.5,69.6,69.9,70.1,70.5,69.9,70.4,34.9,69.0,0,63.5,2.8,13.1
2025-04-11 09:25:55,71.2,65.6,69.8,70.2,70.4,70.8,70.2,70.6,32.1,69.3,0,63.8,2.5,13.1
2025-04-11 09:26:00,71.2,65.8,70.0,70.5,70.7,71.0,70.5,70.9,32.7,69.6,0,64.1,2.0,13.1
2025-04-11 09:26:05,71.6,65.9,70.3,70.8,71.0,71.4,70.7,71.1,33.1,69.7,0,64.2,1.5,13.1
2025-04-11 09:26:10,71.8,66.2,70.6,71.1,71.2,71.7,71.0,71.3,34.6,70.2,0,64.6,1.9,13.1
2025-04-11 09:26:15,72.1,66.4,70.9,71.5,71.5,71.9,71.2,71.8,35.6,70.3,0,64.7,2.7,13.1
2025-04-11 09:26:20,72.5,66.7,71.3,71.8,71.8,72.1,71.4,71.8,35.6,70.7,0,65.2,2.5,13.1
2025-04-11 09:26:25,72.7,67.1,71.6,72.0,72.0,72.5,71.9,72.3,33.6,71.1,0,65.3,3.8,13.1
2025-04-11 09:26:30,73.1,67.3,71.8,72.3,72.3,72.9,72.2,72.5,33.3,71.2,0,65.7,4.5,13.1
2025-04-11 09:26:35,73.4,67.5,72.1,72.6,72.7,73.2,72.3,72.8,33.4,71.5,0,65.8,4.2,13.1
2025-04-11 09:26:40,73.7,67.6,72.4,72.9,73.0,73.5,72.6,73.2,34.5,71.8,0,66.1,4.2,13.1
2025-04-11 09:26:45,74.0,67.8,72.5,72.9,73.2,73.6,72.8,73.4,36.0,72.1,0,66.4,3.2,13.1
2025-04-11 09:26:50,74.2,68.1,72.9,73.2,73.4,74.1,73.1,74.0,35.9,72.4,0,66.7,3.5,13.1
2025-04-11 09:26:55,74.4,68.4,73.3,73.7,73.9,74.2,73.5,74.0,35.4,72.7,0,66.8,4.7,13.1
2025-04-11 09:27:00,74.6,68.8,73.5,73.9,74.1,74.5,73.7,74.3,35.5,73.0,0,67.2,4.5,13.1
2025-04-11 09:27:05,74.9,69.0,73.8,74.1,74.4,74.8,74.0,74.5,36.6,73.3,0,67.3,4.3,13.0
2025-04-11 09:27:10,75.1,69.1,74.0,74.4,74.6,75.1,74.3,75.1,34.4,73.5,0,67.6,4.0,13.0
2025-04-11 09:27:15,75.5,69.5,74.3,74.6,74.9,75.4,74.6,75.3,33.8,73.9,0,67.8,3.2,13.0
2025-04-11 09:27:20,75.7,69.7,74.5,74.9,75.2,75.6,75.0,75.5,33.9,74.0,0,68.0,2.7,13.0
2025-04-11 09:27:25,76.0,70.1,74.9,75.3,75.5,75.9,75.1,75.8,33.5,74.3,0,68.3,3.0,13.0
2025-04-11 09:27:30,76.3,70.3,75.1,75.6,75.8,76.3,75.5,76.1,33.5,74.6,0,68.6,2.8,13.0
2025-04-11 09:27:35,76.6,70.4,75.4,75.6,76.0,76.5,75.7,76.3,33.8,74.8,0,68.8,3.1,13.0
2025-04-11 09:27:40,77.0,70.9,75.7,76.0,76.3,76.7,75.9,76.5,35.6,75.1,0,69.1,2.5,13.0
2025-04-11 09:27:45,77.2,71.1,76.0,76.4,76.6,77.2,76.4,77.0,35.5,75.4,0,69.3,2.6,13.0
2025-04-11 09:27:50,77.5,71.2,76.1,76.5,76.7,77.2,76.4,77.2,36.6,75.7,0,69.7,3.2,13.0
2025-04-11 09:27:55,77.7,71.7,76.5,77.0,77.1,77.6,76.7,77.6,35.6,75.9,0,69.9,3.1,13.0
2025-04-11 09:28:00,78.0,71.9,76.7,77.3,77.4,78.0,77.3,77.8,35.6,76.2,0,70.1,2.8,13.0
2025-04-11 09:28:05,78.1,72.1,77.1,77.4,77.7,78.2,77.5,78.0,36.0,76.4,0,70.2,2.9,13.1
2025-04-11 09:28:10,78.5,72.3,77.3,77.7,77.9,78.5,77.8,78.2,35.9,76.8,0,70.6,4.1,13.0
2025-04-11 09:28:15,78.7,72.6,77.5,78.0,78.2,78.8,78.0,78.5,36.3,77.1,0,70.7,3.9,13.0
2025-04-11 09:28:20,79.1,73.0,77.9,78.2,78.5,79.2,78.3,78.9,36.6,77.3,0,71.1,4.0,13.0
2025-04-11 09:28:25,79.3,73.3,78.3,78.7,78.8,79.3,78.6,79.0,36.8,77.6,0,71.3,3.7,13.0
2025-04-11 09:28:30,79.6,73.6,78.5,78.7,79.1,79.7,78.7,79.4,36.9,77.7,0,71.5,4.0,13.0
2025-04-11 09:28:35,79.9,73.8,78.6,78.9,79.3,79.8,79.0,79.7,37.4,78.1,0,71.7,3.6,13.0
2025-04-11 09:28:40,80.0,74.1,78.9,79.2,79.6,80.0,79.3,79.9,37.2,78.4,0,71.8,3.3,13.0
2025-04-11 09:28:45,80.3,74.4,79.2,79.6,79.9,80.4,79.6,80.2,38.5,78.6,0,72.1,2.7,13.0
2025-04-11 09:28:50,80.6,74.7,79.2,79.8,80.0,80.6,79.9,80.5,38.3,78.9,0,72.4,2.5,13.0
2025-04-11 09:28:55,80.7,74.8,79.6,80.1,80.3,80.9,80.0,80.7,38.2,79.0,0,72.4,2.0,13.0
2025-04-11 09:29:00,81.0,75.0,79.8,80.4,80.6,81.1,80.4,80.9,36.3,79.3,0,72.8,1.7,13.0
2025-04-11 09:29:05,81.3,75.2,80.0,80.6,80.8,81.4,80.6,81.2,35.9,79.5,0,72.8,1.5,13.0
2025-04-11 09:29:10,81.6,75.6,80.3,80.8,81.1,81.7,81.0,81.4,35.7,79.7,0,73.1,1.3,13.0
2025-04-11 09:29:15,81.8,76.0,80.6,81.0,81.3,81.8,81.1,81.5,35.8,79.9,0,73.3,1.2,13.0
2025-04-11 09:29:20,82.0,76.2,80.6,81.1,81.4,81.9,81.1,81.6,35.7,80.2,0,73.5,1.2,13.0
2025-04-11 09:29:25,82.3,76.3,81.0,81.6,81.6,82.2,81.4,81.9,35.4,80.4,0,73.7,1.0,13.0
2025-04-11 09:29:30,82.5,76.5,81.2,81.8,81.9,82.4,81.7,82.1,35.2,80.6,0,73.8,1.2,13.0
2025-04-11 09:29:35,82.7,76.6,81.4,81.9,82.1,82.6,81.8,82.3,36.0,80.9,0,74.0,1.8,13.0
2025-04-11 09:29:40,83.0,77.0,81.7,82.2,82.4,82.9,82.1,82.6,38.9,81.0,0,74.2,2.1,13.0
2025-04-11 09:29:45,83.1,77.1,81.8,82.3,82.5,83.2,82.2,82.6,40.3,81.3,0,74.3,1.8,13.0
2025-04-11 09:29:50,83.5,77.3,82.0,82.5,82.8,83.4,82.4,83.0,41.5,81.4,0,74.5,1.4,13.1
2025-04-11 09:29:55,83.6,77.4,82.2,82.7,82.9,83.6,82.6,83.2,42.0,81.6,0,74.7,1.5,13.0
2025-04-11 09:30:00,83.8,77.6,82.5,82.9,83.3,83.7,82.8,83.4,41.8,81.8,0,74.8,2.0,13.0
2025-04-11 09:30:05,84.0,77.6,82.7,83.1,83.4,83.9,82.9,83.5,41.4,82.0,0,75.0,2.5,13.1
2025-04-11 09:30:10,84.2,78.0,82.8,83.3,83.6,84.0,83.1,83.8,42.5,82.2,0,75.2,2.6,13.1
2025-04-11 09:30:15,84.3,78.3,82.9,83.4,83.7,84.3,83.3,84.1,45.7,82.4,0,75.3,1.9,13.1
2025-04-11 09:30:20,84.5,78.6,83.1,83.5,83.9,84.4,83.4,84.2,47.2,82.6,0,75.4,1.6,13.1
2025-04-11 09:30:25,84.7,78.7,83.3,83.7,84.0,84.6,83.7,84.4,47.6,82.6,0,75.4,1.6,13.1
2025-04-11 09:30:30,84.8,78.8,83.4,84.0,84.3,84.7,83.8,84.6,47.8,82.8,0,75.6,1.6,13.1
2025-04-11 09:30:35,84.9,79.0,83.6,84.1,84.4,85.0,84.0,84.7,47.7,83.1,0,75.7,1.7,13.1
2025-04-11 09:30:40,85.2,79.3,83.8,84.2,84.7,85.1,84.1,84.9,46.7,83.2,0,75.8,1.8,13.1
2025-04-11 09:30:45,85.3,79.6,83.9,84.5,84.8,85.3,84.3,85.0,44.9,83.3,0,76.0,1.8,13.1
2025-04-11 09:30:50,85.4,79.8,84.1,84.6,85.0,85.5,84.4,85.2,44.3,83.5,0,76.0,2.0,13.1
2025-04-11 09:30:55,85.6,79.9,84.3,84.7,85.1,85.7,84.7,85.4,45.2,83.7,0,76.2,2.4,13.1
2025-04-11 09:31:00,85.6,80.0,84.3,84.8,85.2,85.8,84.8,85.4,45.5,83.8,0,76.3,2.4,13.1
2025-04-11 09:31:05,85.8,80.1,84.4,85.0,85.2,85.9,84.9,85.5,46.2,83.9,0,76.4,2.0,13.1
2025-04-11 09:31:10,86.0,80.2,84.7,85.2,85.4,86.1,85.0,85.6,46.0,84.1,0,76.6,2.0,13.1
2025-04-11 09:31:15,86.0,80.4,84.7,85.4,85.6,86.3,85.2,85.8,46.6,84.2,0,76.7,1.6,13.1
2025-04-11 09:31:20,86.1,80.5,84.8,85.4,85.7,86.5,85.3,85.8,46.9,84.3,0,76.9,1.4,13.1
2025-04-11 09:31:25,86.3,80.8,85.0,85.5,85.8,86.6,85.4,86.0,47.2,84.4,0,76.9,1.5,13.1
2025-04-11 09:31:30,86.4,80.9,85.1,85.5,86.0,86.7,85.5,86.1,48.4,84.5,0,77.0,1.5,13.1
2025-04-11 09:31:35,86.6,81.2,85.3,85.8,86.1,86.7,85.7,86.4,48.2,84.7,0,77.0,1.6,13.1
2025-04-11 09:31:40,86.7,81.2,85.5,86.0,86.2,86.9,85.7,86.5,49.1,84.8,0,77.1,1.7,13.1
2025-04-11 09:31:45,86.8,81.6,85.5,86.1,86.3,86.9,86.0,86.4,50.7,84.8,0,77.2,2.0,13.1
2025-04-11 09:31:50,86.9,81.7,85.7,86.3,86.4,87.1,86.0,86.7,50.7,84.9,0,77.3,2.2,13.1
2025-04-11 09:31:55,87.1,81.7,85.7,86.3,86.5,87.3,86.2,86.7,51.0,85.0,0,77.3,2.2,13.1
2025-04-11 09:32:00,87.3,81.8,85.7,86.5,86.6,87.4,86.3,86.9,52.0,85.1,0,77.4,2.7,13.1
2025-04-11 09:32:05,87.4,82.0,85.9,86.5,86.8,87.5,86.5,87.1,53.8,85.2,0,77.5,2.4,13.1
2025-04-11 09:32:10,87.5,82.1,86.1,86.7,86.8,87.6,86.5,87.3,45.1,85.3,0,77.7,2.0,13.1
2025-04-11 09:32:15,87.6,82.4,86.2,86.8,87.0,87.8,86.5,87.4,44.2,85.4,0,77.8,1.9,13.1
2025-04-11 09:32:20,87.6,82.4,86.3,86.9,87.1,87.9,86.7,87.4,43.7,85.4,0,77.8,3.0,13.1
2025-04-11 09:32:25,87.8,82.3,86.4,87.0,87.2,87.8,86.8,87.4,43.7,85.5,0,77.9,3.5,13.1
2025-04-11 09:32:30,87.9,82.4,86.4,87.2,87.3,87.9,87.0,87.5,43.9,85.6,0,77.9,3.9,13.1
2025-04-11 09:32:35,88.0,82.5,86.4,87.2,87.3,87.9,86.9,87.5,43.4,85.7,0,78.2,3.9,13.1
2025-04-11 09:32:40,88.1,82.7,86.6,87.2,87.4,88.0,87.0,87.7,43.4,85.7,0,78.2,3.6,13.2
2025-04-11 09:32:45,88.3,82.9,86.7,87.3,87.4,88.2,87.1,87.6,43.5,85.8,0,78.3,4.0,13.2
2025-04-11 09:32:50,88.3,82.9,86.7,87.6,87.5,88.4,87.1,87.6,43.6,85.8,0,78.5,5.8,13.2
2025-04-11 09:32:55,88.4,82.9,86.7,87.7,87.5,88.6,87.2,87.7,43.8,85.9,0,78.7,6.2,13.2
2025-04-11 09:33:00,88.4,82.8,86.7,87.8,87.5,88.7,87.2,87.7,44.2,85.9,0,78.7,4.9,13.2
2025-04-11 09:33:05,88.6,82.8,86.7,87.8,87.5,88.5,87.3,87.8,45.9,86.0,0,78.6,4.9,13.2
2025-04-11 09:33:10,88.7,82.9,86.9,87.7,87.7,88.4,87.3,87.8,45.8,86.0,0,78.7,5.3,13.2
2025-04-11 09:33:15,88.7,83.1,86.8,87.7,87.8,88.5,87.5,87.9,46.3,86.1,0,78.6,5.5,13.2
2025-04-11 09:33:20,88.7,83.2,86.9,87.6,87.9,88.6,87.5,88.2,47.8,86.2,0,78.8,6.4,13.1
2025-04-11 09:33:25,88.7,83.2,87.0,87.7,88.0,88.8,87.5,88.1,49.4,86.2,0,78.7,6.1,13.1
2025-04-11 09:33:30,88.8,83.0,87.1,87.7,88.0,88.8,87.7,88.2,50.6,86.3,0,79.0,5.4,13.1
2025-04-11 09:33:35,88.9,83.1,87.1,87.9,88.1,88.8,87.6,88.5,50.4,86.3,0,79.1,4.3,13.1
2025-04-11 09:33:40,88.9,83.1,87.1,87.9,88.2,88.9,87.7,88.4,50.3,86.3,0,79.1,4.6,13.1
2025-04-11 09:33:45,88.8,83.0,87.2,87.9,88.3,88.9,87.8,88.5,49.7,86.4,0,79.3,4.2,13.1
2025-04-11 09:33:50,88.8,83.0,87.1,88.0,88.3,88.9,88.0,88.5,49.5,86.4,0,79.3,3.7,13.1
2025-04-11 09:33:55,88.9,83.0,87.2,87.9,88.4,89.0,88.1,88.5,48.7,86.5,0,79.4,3.5,13.1
2025-04-11 09:34:00,88.9,83.0,87.2,87.8,88.5,89.0,88.1,88.3,48.8,86.6,0,79.4,3.4,13.1
2025-04-11 09:34:05,88.8,82.9,87.2,87.9,88.5,89.0,88.1,88.4,48.9,86.6,0,79.5,3.3,13.1
2025-04-11 09:34:10,88.8,82.8,87.3,88.0,88.5,89.1,88.1,88.5,48.7,86.7,0,79.6,3.8,13.1
2025-04-11 09:34:15,88.9,82.9,87.3,88.0,88.5,89.1,88.1,88.6,50.2,86.7,0,79.7,4.1,13.1
2025-04-11 09:34:20,89.0,83.1,87.4,88.0,88.5,89.2,88.1,88.7,49.5,86.8,0,79.8,4.6,13.1
2025-04-11 09:34:25,89.1,83.0,87.5,88.1,88.6,89.3,88.1,88.8,48.8,86.8,0,79.9,6.2,13.1
2025-04-11 09:34:30,89.1,83.0,87.6,88.4,88.5,89.4,88.3,88.9,48.9,86.9,0,80.2,5.2,13.1
2025-04-11 09:34:35,89.3,83.0,87.6,88.5,88.8,89.6,88.3,89.1,49.0,87.0,0,80.4,4.7,13.1
2025-04-11 09:34:40,89.5,83.2,87.6,88.4,88.9,89.6,88.5,89.0,48.5,87.1,0,80.5,4.3,13.1
2025-04-11 09:34:45,89.6,83.1,87.9,88.7,88.8,89.7,88.7,89.2,48.3,87.2,0,80.8,4.6,13.1
2025-04-11 09:34:50,89.6,83.1,88.0,88.9,89.0,89.9,88.7,89.4,48.5,87.3,0,80.9,4.8,13.1
2025-04-11 09:34:55,89.7,83.0,88.0,88.9,89.1,90.1,88.8,89.6,48.5,87.5,0,81.0,5.1,13.1
2025-04-11 09:35:00,89.9,83.0,88.3,89.0,89.3,90.3,89.0,89.6,48.5,87.6,0,81.4,4.0,13.1
2025-04-11 09:35:05,90.0,82.8,88.5,89.2,89.5,90.3,89.1,89.7,49.0,87.7,0,81.5,4.0,13.1
2025-04-11 09:35:10,90.0,83.1,88.7,89.2,89.6,90.7,89.2,89.9,49.4,87.9,0,81.7,4.2,13.1
2025-04-11 09:35:15,90.1,83.3,88.8,89.3,89.7,90.7,89.4,89.9,49.6,88.1,0,81.8,4.1,13.1
2025-04-11 09:35:20,90.3,83.6,89.0,89.5,89.9,90.7,89.5,90.0,50.0,88.2,0,82.0,3.3,13.1
2025-04-11 09:35:25,90.6,83.5,89.0,89.5,90.0,90.9,89.8,90.2,50.3,88.4,0,82.3,3.0,13.1
2025-04-11 09:35:30,90.7,83.6,89.2,89.8,90.2,90.9,89.9,90.3,50.3,88.6,0,82.4,3.3,13.1
2025-04-11 09:35:35,91.0,83.7,89.2,89.8,90.3,91.0,90.1,90.6,50.0,88.9,0,82.7,3.0,13.1
2025-04-11 09:35:40,91.2,84.0,89.6,90.2,90.6,91.3,90.5,90.8,50.3,89.1,0,83.0,3.2,13.1
2025-04-11 09:35:45,91.4,84.0,89.8,90.5,90.8,91.6,90.5,91.0,50.8,89.3,0,83.2,3.1,13.1
2025-04-11 09:35:50,91.6,84.4,90.0,90.5,91.0,91.6,90.8,91.4,51.7,89.5,0,83.4,3.1,13.1
2025-04-11 09:35:55,91.7,84.6,90.2,90.7,91.2,91.9,91.0,91.6,51.8,89.8,0,83.7,2.7,13.1
2025-04-11 09:36:00,91.9,84.8,90.3,90.9,91.4,92.2,91.3,91.8,51.9,90.1,0,84.1,2.6,13.1
2025-04-11 09:36:05,92.2,84.8,90.7,91.2,91.8,92.5,91.6,92.0,52.2,90.3,0,84.3,2.7,13.0
2025-04-11 09:36:10,92.6,85.2,91.0,91.6,92.0,92.7,91.8,92.3,47.6,90.6,0,84.6,2.8,13.0
2025-04-11 09:36:15,92.8,85.4,91.3,91.9,92.4,93.2,92.1,92.5,47.5,90.9,0,84.8,2.8,13.0
2025-04-11 09:36:20,93.1,85.6,91.6,92.1,92.6,93.6,92.3,92.9,47.5,91.0,0,85.0,2.5,13.1
2025-04-11 09:36:25,93.4,85.8,91.8,92.2,93.0,93.7,92.6,93.1,47.6,91.4,0,85.3,2.6,13.1
2025-04-11 09:36:30,93.7,86.2,92.2,92.7,93.2,94.0,93.0,93.4,47.8,91.7,0,85.7,2.4,13.1
2025-04-11 09:36:35,94.0,86.5,92.4,93.0,93.5,94.2,93.2,93.9,47.7,92.1,0,86.0,2.3,13.0
2025-04-11 09:36:40,94.3,86.8,92.8,93.4,93.8,94.3,93.4,94.0,47.6,92.3,0,86.4,2.3,13.0
2025-04-11 09:36:45,94.7,87.1,93.0,93.8,94.1,95.0,93.9,94.3,47.5,92.6,0,86.7,2.3,13.0
2025-04-11 09:36:50,94.9,87.3,93.3,94.2,94.4,95.4,94.2,94.6,47.6,92.9,0,86.9,2.9,13.0
2025-04-11 09:36:55,95.4,87.5,93.7,94.4,94.6,95.7,94.4,94.9,48.1,93.3,0,87.3,2.9,13.0
2025-04-11 09:37:00,95.7,87.8,94.1,94.8,95.0,96.0,94.8,95.2,48.2,93.6,0,87.7,2.4,13.0
2025-04-11 09:37:05,95.9,87.9,94.2,94.9,95.2,96.2,95.0,95.4,49.1,94.0,0,88.2,2.1,13.0
2025-04-11 09:37:10,96.2,88.1,94.6,95.2,95.6,96.6,95.4,95.9,49.5,94.3,0,88.4,2.2,13.0
2025-04-11 09:37:15,96.7,88.7,95.1,95.4,95.9,96.8,95.7,96.2,49.7,94.6,0,88.7,2.3,13.0
2025-04-11 09:37:20,96.9,89.1,95.3,95.8,96.3,97.3,96.1,96.6,49.8,95.0,0,88.8,2.2,13.0
2025-04-11 09:37:25,97.2,89.6,95.7,96.3,96.7,97.6,96.6,96.9,49.9,95.3,0,89.3,1.9,13.0
2025-04-11 09:37:30,97.5,89.7,96.0,96.7,97.1,98.1,96.9,97.4,49.8,95.5,0,89.5,1.7,13.0
2025-04-11 09:37:35,97.9,90.2,96.4,97.1,97.5,98.5,97.2,97.8,49.6,95.9,0,89.9,1.9,13.0
2025-04-11 09:37:40,98.3,90.5,96.8,97.6,97.8,98.7,97.5,98.0,49.1,96.4,0,90.4,2.6,13.1
2025-04-11 09:37:45,98.7,91.0,97.1,97.9,98.1,99.2,97.9,98.5,49.2,96.6,0,90.6,2.9,13.0
2025-04-11 09:37:50,99.0,91.3,97.5,98.2,98.5,99.5,98.3,98.9,50.4,97.1,0,90.9,3.2,13.0
2025-04-11 09:37:55,99.4,91.6,97.9,98.6,98.9,99.9,98.7,99.1,50.6,97.3,0,91.3,3.4,13.0
2025-04-11 09:38:00,99.9,91.7,98.1,99.0,99.1,100.2,99.0,99.4,50.8,97.7,0,91.8,3.7,13.0
2025-04-11 09:38:05,100.3,92.3,98.6,99.4,99.7,100.7,99.5,100.0,51.4,98.1,0,92.2,3.6,13.1
2025-04-11 09:38:10,100.6,92.7,99.0,99.6,100.0,100.9,99.6,100.1,51.8,98.5,0,92.4,2.8,13.1
2025-04-11 09:38:15,101.1,93.1,99.4,100.1,100.6,101.5,100.0,100.6,51.7,98.9,0,92.7,2.1,13.1
2025-04-11 09:38:20,101.5,93.5,99.9,100.3,100.8,101.7,100.3,101.0,51.9,99.2,0,93.1,1.7,13.1
2025-04-11 09:38:25,101.8,93.7,100.2,100.8,101.2,102.2,100.7,101.5,51.9,99.7,0,93.4,1.8,13.1
2025-04-11 09:38:30,102.4,94.1,100.5,101.1,101.6,102.6,101.1,101.7,51.4,100.0,0,93.8,1.5,13.1
2025-04-11 09:38:35,102.6,94.3,100.8,101.5,101.9,103.0,101.4,102.2,51.0,100.4,0,94.0,1.5,13.1
2025-04-11 09:38:40,103.1,94.7,101.2,102.0,102.3,103.3,101.9,102.6,52.0,100.7,0,94.5,1.9,13.1
2025-04-11 09:38:45,103.7,94.9,101.6,102.4,102.7,103.6,102.3,102.8,51.9,101.0,0,94.8,2.1,13.1
2025-04-11 09:38:50,103.9,95.5,102.0,102.7,103.0,104.0,102.7,103.4,52.1,101.3,0,95.1,2.1,13.1
2025-04-11 09:38:55,104.2,95.9,102.3,103.0,103.3,104.4,103.0,103.7,52.5,101.7,0,95.4,2.1,13.1
2025-04-11 09:39:00,104.5,96.3,102.7,103.4,103.7,104.7,103.4,104.0,52.3,101.9,0,95.6,1.9,13.1
2025-04-11 09:39:05,105.0,96.8,103.2,103.8,104.1,105.2,103.7,104.4,53.8,102.3,0,95.9,1.7,13.1
2025-04-11 09:39:10,105.3,97.2,103.5,104.2,104.4,105.6,104.0,104.7,57.1,102.8,0,96.2,1.9,13.1
2025-04-11 09:39:15,105.7,97.7,103.8,104.5,104.6,105.7,104.1,104.8,57.1,103.1,0,96.7,3.6,13.1
2025-04-11 09:39:20,106.0,97.9,104.3,104.9,105.0,106.2,104.5,105.5,57.7,103.4,0,97.0,2.6,13.1
2025-04-11 09:39:25,106.5,98.1,104.5,105.1,105.3,106.5,104.9,105.7,57.0,103.7,0,97.3,2.2,13.1
2025-04-11 09:39:30,106.7,98.3,104.9,105.5,105.7,106.8,105.4,106.1,57.9,104.1,0,97.5,2.2,13.1
2025-04-11 09:39:35,107.1,98.6,105.2,105.8,106.1,107.2,105.7,106.4,58.0,104.3,0,97.8,1.9,13.1
2025-04-11 09:39:40,107.4,99.1,105.5,106.3,106.4,107.5,106.0,107.0,57.8,104.7,0,98.1,2.4,13.1
2025-04-11 09:39:45,107.7,99.5,105.8,106.5,106.6,107.6,106.2,107.0,57.8,105.1,0,98.4,1.9,13.1
2025-04-11 09:39:50,108.0,99.9,106.1,106.8,107.0,108.1,106.6,107.4,60.1,105.3,0,98.7,1.7,13.1
2025-04-11 09:39:55,108.2,100.1,106.3,107.0,107.3,108.4,106.9,107.9,60.9,105.7,0,99.0,1.8,13.1
2025-04-11 09:40:00,108.7,100.6,106.8,107.4,107.6,108.8,107.3,108.3,62.6,106.0,0,99.2,2.4,13.1
2025-04-11 09:40:05,109.0,101.0,107.0,107.6,107.8,109.2,107.5,108.5,61.9,106.3,0,99.5,2.8,13.1
2025-04-11 09:40:10,109.2,101.1,107.3,108.1,108.3,109.4,108.0,108.9,62.6,106.7,0,99.9,2.9,13.1
2025-04-11 09:40:15,109.5,101.4,107.6,108.3,108.7,109.9,108.3,109.1,62.4,107.0,0,100.1,2.4,13.2
2025-04-11 09:40:20,109.9,101.5,107.9,108.5,108.8,110.0,108.6,109.6,61.3,107.1,0,100.3,2.8,13.1
2025-04-11 09:40:25,110.4,101.8,108.3,109.0,109.2,110.5,109.0,110.0,60.8,107.6,0,100.7,2.6,13.1
2025-04-11 09:40:30,110.7,102.2,108.6,109.2,109.6,110.9,109.4,110.2,60.3,107.9,0,100.9,2.7,13.2
2025-04-11 09:40:35,111.2,102.5,108.9,109.6,110.0,111.3,109.8,110.5,60.5,108.1,0,101.2,2.6,13.2
2025-04-11 09:40:40,111.4,102.7,109.1,110.0,110.4,111.6,110.1,110.8,63.2,108.4,0,101.4,2.3,13.2
2025-04-11 09:40:45,111.7,103.0,109.5,110.4,110.6,111.9,110.5,111.1,62.7,108.7,0,101.8,2.2,13.2
2025-04-11 09:40:50,111.9,103.4,109.8,110.7,110.9,112.1,110.6,111.2,62.7,109.0,0,102.0,1.8,13.2
2025-04-11 09:40:55,112.2,103.7,110.2,110.9,111.2,112.4,111.0,111.6,63.1,109.3,0,102.3,1.6,13.2
2025-04-11 09:41:00,112.6,104.0,110.6,111.1,111.3,112.5,111.0,111.9,61.6,109.7,0,102.6,1.2,13.2
2025-04-11 09:41:05,112.9,104.2,110.7,111.5,111.8,113.0,111.5,112.3,60.9,110.0,0,102.9,1.0,13.2
2025-04-11 09:41:10,113.1,104.3,111.0,111.7,112.1,113.3,111.8,112.6,59.9,110.2,0,103.1,0.9,13.2
2025-04-11 09:41:15,113.4,104.5,111.2,111.9,112.3,113.5,112.1,112.8,48.2,110.6,0,103.4,0.8,13.2
2025-04-11 09:41:20,113.8,104.7,111.4,112.3,112.7,113.9,112.4,113.0,48.6,110.8,0,103.7,0.8,13.2
2025-04-11 09:41:25,113.9,104.9,111.5,112.4,112.8,114.1,112.6,113.3,49.0,111.1,0,104.0,1.0,13.2
2025-04-11 09:41:30,114.2,105.2,112.0,112.8,113.2,114.5,113.1,113.8,49.5,111.4,0,104.3,1.1,13.2
2025-04-11 09:41:35,114.6,105.7,112.3,113.0,113.4,114.8,113.2,114.1,49.4,111.7,0,104.5,1.1,13.2
2025-04-11 09:41:40,114.8,106.1,112.7,113.5,113.9,115.0,113.6,114.4,49.2,112.1,0,104.7,1.2,13.2
2025-04-11 09:41:45,115.2,106.4,112.9,113.7,114.1,115.5,113.9,114.6,49.1,112.4,0,105.0,1.2,13.2
2025-04-11 09:41:50,115.3,106.6,113.2,113.9,114.5,115.7,114.1,115.1,51.3,112.5,0,105.2,1.1,13.2
2025-04-11 09:41:55,115.8,107.0,113.7,114.4,114.9,116.1,114.6,115.5,51.7,112.9,0,105.6,1.6,13.2
2025-04-11 09:42:00,116.0,107.3,113.9,114.9,115.1,116.5,114.7,115.9,50.6,113.3,0,105.8,2.0,13.2
2025-04-11 09:42:05,116.4,107.5,114.2,115.0,115.3,116.6,114.8,116.0,52.0,113.5,0,106.2,2.4,13.2
2025-04-11 09:42:10,116.6,107.7,114.6,115.4,115.7,117.0,115.3,116.4,51.9,114.0,0,106.5,2.6,13.2
2025-04-11 09:42:15,116.9,107.9,114.8,115.8,116.1,117.3,115.6,116.7,51.4,114.1,0,106.9,2.5,13.2
2025-04-11 09:42:20,117.4,108.1,115.0,116.0,116.4,117.6,115.9,116.9,56.6,114.5,0,107.1,2.4,13.2
2025-04-11 09:42:25,117.7,108.6,115.5,116.4,117.0,117.9,116.2,117.3,109.0,114.8,0,107.4,2.5,13.2
2025-04-11 09:42:30,117.8,108.7,115.7,116.6,117.1,118.3,116.5,117.5,115.9,115.2,0,107.7,2.6,13.2
2025-04-11 09:42:35,118.4,109.3,116.2,116.8,117.5,118.7,117.0,118.0,118.5,115.5,0,108.0,2.2,13.2
2025-04-11 09:42:40,118.7,109.7,116.7,117.3,117.8,119.0,117.5,118.4,119.5,115.8,0,108.3,2.2,13.3
2025-04-11 09:42:45,118.9,109.9,116.9,117.8,118.2,119.4,117.7,118.6,120.1,116.0,0,108.4,2.5,13.2
2025-04-11 09:42:50,119.2,110.1,117.2,118.1,118.5,119.6,118.1,118.8,120.4,116.5,0,108.9,2.7,13.2
2025-04-11 09:42:55,119.5,110.4,117.4,118.4,118.9,120.0,118.5,119.2,120.7,116.7,0,109.1,3.1,13.2
2025-04-11 09:43:00,119.9,110.7,117.9,118.8,119.2,120.5,118.8,119.6,121.0,117.2,0,109.5,3.1,13.3
2025-04-11 09:43:05,120.2,110.9,118.2,119.2,119.5,120.8,119.2,119.8,121.3,117.5,0,109.8,3.3,13.3
2025-04-11 09:43:10,120.7,111.2,118.6,119.5,120.0,121.0,119.4,120.1,121.5,117.7,0,110.2,2.7,13.3
2025-04-11 09:43:15,121.0,111.6,118.9,119.9,120.2,121.6,119.9,120.5,121.9,118.2,0,110.4,2.5,13.3
2025-04-11 09:43:20,121.3,111.8,119.3,120.2,120.6,121.9,120.2,120.9,122.2,118.3,0,110.7,2.0,13.3
2025-04-11 09:43:25,121.8,112.3,119.8,120.5,120.9,122.2,120.6,121.1,122.4,118.7,0,111.0,1.8,13.3
2025-04-11 09:43:30,122.2,112.7,120.1,120.8,121.2,122.6,120.8,121.5,122.7,119.0,0,111.2,1.5,13.3
2025-04-11 09:43:35,122.4,112.7,120.2,120.9,121.4,122.7,121.0,121.8,123.0,119.5,0,111.6,1.6,13.3
2025-04-11 09:43:40,122.9,113.2,120.6,121.5,121.8,123.2,121.3,122.3,123.4,119.8,0,112.0,1.7,13.3
2025-04-11 09:43:45,123.3,113.6,121.1,121.7,122.2,123.5,121.7,122.6,123.6,120.1,0,112.2,1.9,13.3
2025-04-11 09:43:50,123.5,113.8,121.4,122.1,122.5,124.0,122.2,123.0,124.2,120.5,0,112.5,1.8,13.3
2025-04-11 09:43:55,123.9,114.1,121.6,122.6,122.9,124.3,122.4,123.2,124.5,120.8,0,112.8,2.0,13.3
2025-04-11 09:44:00,123.9,114.6,122.0,122.8,123.3,124.6,122.7,123.6,124.8,121.0,0,113.0,2.5,13.3
2025-04-11 09:44:05,124.3,114.8,122.4,123.1,123.6,124.9,123.1,124.1,125.1,121.5,0,113.5,2.6,13.3
2025-04-11 09:44:10,124.6,115.1,122.8,123.5,124.0,125.4,123.5,124.4,125.3,121.8,0,113.5,2.4,13.3
2025-04-11 09:44:15,125.0,115.7,123.2,124.0,124.3,125.8,123.9,124.7,125.5,122.0,0,113.9,2.0,13.3
2025-04-11 09:44:20,125.3,116.0,123.4,124.5,124.6,126.1,124.1,124.9,125.9,122.5,0,114.1,1.9,13.3
2025-04-11 09:44:25,125.7,116.2,123.7,124.7,125.0,126.3,124.5,125.3,126.2,122.7,0,114.6,2.0,13.3
2025-04-11 09:44:30,126.1,116.4,124.1,125.0,125.5,126.7,124.9,125.5,126.5,123.0,0,114.9,1.8,13.3
2025-04-11 09:44:35,126.6,116.8,124.4,125.4,125.9,126.8,125.0,125.9,126.7,123.4,0,115.1,1.6,13.3
2025-04-11 09:44:40,127.0,117.2,124.8,125.4,126.0,127.1,125.4,126.2,127.0,123.7,0,115.4,1.6,13.3
2025-04-11 09:44:45,127.3,117.9,125.1,125.9,126.4,127.6,125.8,126.4,127.3,124.0,0,115.6,2.3,13.3
2025-04-11 09:44:50,127.6,118.4,125.4,126.3,126.8,128.3,126.1,126.9,127.6,124.3,0,115.8,2.4,13.3
2025-04-11 09:44:55,127.8,118.6,125.6,126.5,126.9,128.5,126.5,127.3,127.9,124.7,0,116.1,2.7,13.3
2025-04-11 09:45:00,128.1,118.9,126.0,127.0,127.3,128.8,126.7,127.5,128.2,125.0,0,116.3,2.4,13.3
2025-04-11 09:45:05,128.4,119.0,126.4,127.1,127.5,129.0,127.0,127.7,128.6,125.1,0,116.6,2.9,13.3
2025-04-11 09:45:10,128.8,119.4,126.7,127.5,127.8,129.2,127.2,128.1,128.8,125.5,0,116.8,2.7,13.3
2025-04-11 09:45:15,129.1,119.7,127.1,127.7,128.2,129.5,127.6,128.2,129.2,125.8,0,116.9,2.6,13.3
2025-04-11 09:45:20,129.5,120.1,127.4,127.8,128.4,129.6,127.9,128.6,129.4,126.1,0,117.1,2.1,13.3
2025-04-11 09:45:25,129.7,120.2,127.5,128.3,128.7,129.9,128.1,129.0,129.7,126.3,0,117.3,1.7,13.3
2025-04-11 09:45:30,130.0,120.5,127.7,128.6,129.0,130.4,128.3,129.2,130.0,126.6,0,117.5,1.7,13.3
2025-04-11 09:45:35,130.2,120.6,127.9,128.7,129.2,130.5,128.7,129.6,130.3,126.9,0,117.8,1.6,13.3
2025-04-11 09:45:40,130.5,120.9,128.4,129.0,129.4,130.8,128.9,129.9,130.4,127.1,0,117.8,1.7,13.3
2025-04-11 09:45:45,130.6,121.0,128.5,129.2,129.5,130.9,129.1,130.2,130.7,127.4,0,118.0,2.0,13.3
2025-04-11 09:45:50,130.9,121.4,128.7,129.4,129.9,131.3,129.4,130.4,130.9,127.5,0,118.1,2.0,13.3
2025-04-11 09:45:55,131.2,121.8,128.8,129.8,130.1,131.5,129.7,130.6,131.0,127.8,0,118.2,1.9,13.3
2025-04-11 09:46:00,131.3,121.9,129.1,129.8,130.3,131.8,129.8,130.9,131.3,128.1,0,118.3,2.2,13.4
2025-04-11 09:46:05,131.5,122.3,129.3,130.1,130.6,132.1,130.0,131.1,131.5,128.3,0,118.5,2.3,13.3
2025-04-11 09:46:10,131.8,122.4,129.4,130.4,130.8,132.3,130.3,131.2,131.7,128.4,0,118.6,2.5,13.4
2025-04-11 09:46:15,132.0,122.7,129.7,130.7,131.2,132.6,130.4,131.4,131.8,128.6,0,118.9,2.6,13.4
2025-04-11 09:46:20,132.3,122.7,129.9,130.8,131.3,132.7,130.6,131.6,132.1,128.9,0,119.0,2.3,13.4
2025-04-11 09:46:25,132.5,123.1,130.2,131.1,131.4,133.0,130.7,131.7,132.2,129.0,0,119.1,3.1,13.4
2025-04-11 09:46:30,132.7,123.2,130.3,131.3,131.6,133.2,131.0,132.0,132.5,129.3,0,119.2,2.2,13.4
2025-04-11 09:46:35,132.9,123.6,130.5,131.4,131.8,133.4,131.3,132.3,132.6,129.3,0,119.3,2.1,13.3
2025-04-11 09:46:40,133.1,123.9,130.7,131.5,132.0,133.7,131.3,132.4,132.9,129.5,0,119.4,2.0,13.4
2025-04-11 09:46:45,133.4,124.2,130.8,131.9,132.2,134.1,131.5,132.6,133.0,129.7,0,119.5,1.6,13.4
2025-04-11 09:46:50,133.5,124.3,130.9,131.9,132.3,134.3,131.7,132.8,133.3,129.9,0,119.6,2.3,13.4
2025-04-11 09:46:55,133.6,124.8,131.2,132.4,132.5,134.5,131.8,133.5,133.4,130.0,0,119.7,2.5,13.4
2025-04-11 09:47:00,133.8,124.9,131.4,132.5,132.8,134.4,132.1,133.6,133.7,130.2,0,119.9,2.7,13.4
2025-04-11 09:47:05,133.9,125.0,131.6,132.6,133.0,134.7,132.5,133.7,134.0,130.4,0,120.1,3.9,13.4
2025-04-11 09:47:10,134.0,125.3,131.7,132.9,133.3,134.6,132.6,133.7,134.2,130.5,0,120.1,3.8,13.4
2025-04-11 09:47:15,134.1,125.4,132.0,133.1,133.5,134.7,132.9,133.9,134.2,130.6,0,120.1,3.4,13.4
2025-04-11 09:47:20,134.4,125.5,132.0,133.1,133.7,135.0,133.1,133.9,134.2,130.7,0,120.1,2.5,13.4
2025-04-11 09:47:25,134.5,125.8,132.1,133.2,133.8,135.1,133.1,133.9,134.3,130.8,0,120.1,2.8,13.4
2025-04-11 09:47:30,134.5,125.8,132.2,133.1,133.8,135.0,133.1,133.8,134.3,130.9,0,120.2,2.5,13.4
2025-04-11 09:47:35,134.7,125.8,132.3,133.2,134.0,135.1,133.3,133.9,134.4,131.0,0,120.1,2.2,13.4
2025-04-11 09:47:40,134.8,125.9,132.3,133.3,134.0,135.1,133.2,134.1,134.4,131.0,0,120.1,2.4,13.4
2025-04-11 09:47:45,134.9,126.0,132.3,133.5,134.0,135.2,133.2,134.2,134.3,131.1,0,119.9,2.0,13.4
2025-04-11 09:47:50,134.9,126.3,132.3,133.4,134.0,135.5,133.3,134.2,134.4,131.2,0,119.9,1.7,13.4
2025-04-11 09:47:55,135.0,126.5,132.5,133.5,134.0,135.6,133.2,134.3,134.5,131.2,0,120.0,2.0,13.4
2025-04-11 09:48:00,135.0,126.6,132.5,133.7,134.1,135.8,133.4,134.5,134.5,131.3,0,120.1,2.2,13.4
2025-04-11 09:48:05,135.0,126.7,132.5,133.8,134.2,135.7,133.5,134.4,134.6,131.3,0,120.0,2.1,13.4
2025-04-11 09:48:10,135.1,126.8,132.6,133.7,134.2,135.7,133.7,134.4,134.6,131.4,0,120.0,2.1,13.4
2025-04-11 09:48:15,135.1,126.8,132.6,133.8,134.3,135.7,133.7,134.5,134.6,131.5,0,120.0,2.1,13.4
2025-04-11 09:48:20,135.2,126.8,132.7,133.9,134.3,135.7,133.7,134.5,134.6,131.5,0,120.0,2.1,13.4
2025-04-11 09:48:25,135.2,126.8,132.7,133.9,134.4,135.8,133.5,134.6,134.6,131.6,0,120.0,2.0,13.4
2025-04-11 09:48:30,135.2,126.8,132.7,133.9,134.4,136.0,133.6,134.4,134.6,131.6,0,120.0,1.9,13.4
2025-04-11 09:48:35,135.2,127.0,132.8,134.1,134.5,136.0,133.7,134.6,134.7,131.6,0,120.0,2.2,13.4
2025-04-11 09:48:40,135.2,127.1,132.9,134.2,134.5,136.2,133.7,134.5,134.7,131.7,0,120.0,3.5,13.4
2025-04-11 09:48:45,135.3,127.1,132.9,134.2,134.6,136.2,133.7,134.5,134.7,131.7,0,120.1,4.3,13.4
2025-04-11 09:48:50,135.3,127.2,133.1,134.3,134.6,136.2,133.7,134.6,134.9,131.7,0,120.1,4.0,13.4
2025-04-11 09:48:55,135.4,127.5,133.1,134.1,134.6,136.2,133.7,134.5,134.8,131.7,0,120.0,3.3,13.4
2025-04-11 09:49:00,135.4,127.4,133.1,134.1,134.6,136.1,133.8,134.6,134.8,131.7,0,120.0,3.0,13.4
2025-04-11 09:49:05,135.4,127.4,133.0,134.1,134.6,136.1,133.8,134.7,134.8,131.7,0,119.9,3.0,13.4
2025-04-11 09:49:10,135.5,127.4,133.0,134.2,134.7,136.1,133.8,134.8,134.8,131.8,0,119.9,3.4,13.4
2025-04-11 09:49:15,135.6,127.2,133.0,134.1,134.6,136.2,133.9,134.7,134.9,131.8,0,119.8,2.9,13.4
2025-04-11 09:49:20,135.7,127.2,133.1,134.0,134.7,136.2,133.9,134.9,134.8,131.8,0,119.8,3.3,13.4
2025-04-11 09:49:25,135.6,127.0,133.0,134.1,134.6,136.1,134.0,134.9,134.9,131.8,0,119.6,3.4,13.4
2025-04-11 09:49:30,135.6,126.9,133.1,134.1,134.6,136.2,133.9,135.0,134.9,131.7,0,119.6,3.1,13.4
2025-04-11 09:49:35,135.5,126.9,133.0,134.2,134.6,136.3,133.9,135.0,134.9,131.7,0,119.6,2.9,13.4
2025-04-11 09:49:40,135.5,127.2,133.0,134.2,134.6,136.2,133.9,135.0,135.0,131.7,0,119.5,2.3,13.4
2025-04-11 09:49:45,135.5,127.2,132.9,134.1,134.7,136.2,133.9,135.0,134.8,131.7,0,119.5,1.8,13.4
2025-04-11 09:49:50,135.5,127.3,132.9,134.2,134.7,136.3,133.9,134.8,134.8,131.7,0,119.4,1.6,13.4
2025-04-11 09:49:55,135.5,127.3,132.9,134.2,134.7,136.3,134.0,134.8,134.8,131.7,0,119.4,1.7,13.4
2025-04-11 09:50:00,135.5,127.5,132.9,134.0,134.7,136.2,134.0,134.7,134.7,131.7,0,119.4,2.1,13.4
2025-04-11 09:50:05,135.5,127.5,133.0,134.0,134.6,136.2,133.9,134.7,134.8,131.7,0,119.2,2.0,13.4
2025-04-11 09:50:10,135.5,127.5,133.1,134.1,134.6,136.2,133.7,134.7,134.7,131.7,0,119.2,2.0,13.4
2025-04-11 09:50:15,135.5,127.6,133.1,134.1,134.6,136.1,133.7,134.7,134.6,131.6,0,119.2,3.2,13.4
2025-04-11 09:50:20,135.5,127.5,132.9,134.3,134.6,136.0,133.9,134.6,134.6,131.6,0,119.2,3.0,13.4
2025-04-11 09:50:25,135.5,127.6,133.0,134.2,134.6,136.0,133.7,134.6,134.7,131.6,0,119.3,3.0,13.4
2025-04-11 09:50:30,135.5,127.6,133.0,134.2,134.5,136.2,133.7,134.7,134.7,131.6,0,119.2,3.3,13.4
2025-04-11 09:50:35,135.5,127.5,133.0,134.0,134.5,136.2,133.7,134.6,134.7,131.6,0,119.2,2.5,13.4
2025-04-11 09:50:40,135.5,127.5,133.0,133.9,134.5,136.2,133.7,134.8,134.8,131.6,0,119.2,2.1,13.4
2025-04-11 09:50:45,135.5,127.5,133.0,133.9,134.4,136.2,133.7,134.7,134.8,131.6,0,119.1,2.2,13.4
2025-04-11 09:50:50,135.5,127.2,132.9,134.0,134.4,136.1,133.6,134.8,134.9,131.6,0,119.1,2.5,13.4
2025-04-11 09:50:55,135.5,127.2,132.9,133.9,134.4,136.1,133.5,134.8,134.8,131.6,0,118.9,3.1,13.4
2025-04-11 09:51:00,135.5,127.2,132.9,134.1,134.4,136.1,133.6,134.7,134.9,131.6,0,119.0,3.0,13.4
2025-04-11 09:51:05,135.5,127.3,132.9,134.1,134.6,136.2,133.6,134.8,134.9,131.6,0,119.0,2.9,13.4
2025-04-11 09:51:10,135.4,127.3,132.9,134.1,134.6,136.4,133.7,134.8,135.0,131.6,0,119.1,2.8,13.4
2025-04-11 09:51:15,135.5,127.3,133.0,134.2,134.6,136.2,133.7,134.8,135.0,131.7,0,119.1,2.6,13.4
2025-04-11 09:51:20,135.6,127.2,133.0,134.3,134.6,136.3,133.7,135.0,135.1,131.7,0,119.1,2.5,13.4
2025-04-11 09:51:25,135.5,127.2,133.0,134.2,134.6,136.4,133.9,135.0,135.0,131.7,0,119.1,2.2,13.4
2025-04-11 09:51:30,135.6,127.3,133.1,134.2,134.7,136.5,133.9,134.9,134.9,131.7,0,119.1,2.3,13.5
2025-04-11 09:51:35,135.7,127.5,133.0,134.4,134.7,136.5,133.9,134.8,135.0,131.7,0,119.2,1.7,13.4
2025-04-11 09:51:40,135.7,127.5,133.1,134.5,134.7,136.6,133.9,134.8,134.9,131.8,0,119.3,1.9,13.5
2025-04-11 09:51:45,135.7,127.5,133.1,134.5,134.7,136.5,133.9,134.7,134.9,131.8,0,119.3,2.1,13.5
2025-04-11 09:51:50,135.8,127.7,133.1,134.6,134.8,136.4,134.0,134.9,134.9,131.8,0,119.4,2.4,13.5
2025-04-11 09:51:55,135.8,127.6,133.1,134.6,134.8,136.6,134.0,134.9,134.8,131.9,0,119.4,3.1,13.4
2025-04-11 09:52:00,135.9,127.6,133.2,134.6,134.9,136.7,134.0,135.0,134.9,131.9,0,119.4,2.8,13.5
2025-04-11 09:52:05,135.9,127.6,133.3,134.6,134.9,136.6,134.2,135.2,134.9,131.9,0,119.5,2.1,13.5
2025-04-11 09:52:10,135.9,127.6,133.3,134.7,135.0,136.7,134.2,135.2,134.9,132.0,0,119.6,1.8,13.5
2025-04-11 09:52:15,136.0,127.7,133.4,134.6,135.1,136.8,134.3,135.2,135.0,132.1,0,119.5,2.5,13.5
2025-04-11 09:52:20,136.0,127.7,133.7,134.6,135.3,136.7,134.3,135.3,135.1,132.1,0,119.5,2.9,13.5
2025-04-11 09:52:25,136.0,127.8,133.6,134.6,135.3,136.8,134.5,135.3,135.3,132.2,0,119.6,2.8,13.5
2025-04-11 09:52:30,136.1,127.8,133.7,134.7,135.3,136.6,134.6,135.3,135.4,132.3,0,119.6,2.6,13.5
2025-04-11 09:52:35,136.1,127.8,133.7,134.7,135.4,136.7,134.6,135.6,135.5,132.4,0,119.6,2.5,13.5
2025-04-11 09:52:40,136.3,127.7,133.7,134.8,135.5,136.7,134.9,135.7,135.5,132.5,0,119.8,2.6,13.5
2025-04-11 09:52:45,136.4,127.8,133.8,135.0,135.5,136.8,134.8,135.6,135.6,132.5,0,119.8,2.5,13.5
2025-04-11 09:52:50,136.3,127.9,133.8,135.1,135.5,136.9,134.9,135.6,135.7,132.6,0,119.9,2.2,13.5
2025-04-11 09:52:55,136.4,127.9,134.1,135.2,135.6,136.9,135.0,135.7,135.8,132.7,0,120.1,2.2,13.5
2025-04-11 09:53:00,136.6,127.8,134.2,135.2,135.7,137.1,135.1,135.7,135.9,132.7,0,120.1,2.1,13.5
2025-04-11 09:53:05,136.6,127.9,134.2,135.2,135.7,137.3,135.1,135.9,136.0,132.9,0,120.2,2.4,13.5
2025-04-11 09:53:10,136.8,128.0,134.2,135.2,135.8,137.4,135.2,135.9,136.0,132.9,0,120.2,2.2,13.5
2025-04-11 09:53:15,136.9,128.1,134.3,135.5,135.9,137.3,135.3,136.2,136.1,133.0,0,120.2,2.4,13.5
2025-04-11 09:53:20,137.0,128.2,134.3,135.7,136.0,137.5,135.4,136.2,136.1,133.2,0,120.4,2.1,13.5
2025-04-11 09:53:25,137.1,128.1,134.5,135.8,136.1,137.8,135.6,136.3,136.1,133.2,0,120.4,2.3,13.5
2025-04-11 09:53:30,137.2,128.3,134.6,136.0,136.2,137.9,135.6,136.5,136.2,133.4,0,120.6,2.2,13.5
2025-04-11 09:53:35,137.3,128.4,134.7,136.2,136.3,137.9,135.7,136.6,136.2,133.5,0,120.9,2.4,13.5
2025-04-11 09:53:40,137.5,128.6,134.8,136.3,136.5,138.1,135.8,136.7,136.6,133.6,0,121.0,2.8,13.5
2025-04-11 09:53:45,137.6,128.7,135.0,136.3,136.8,138.2,135.9,136.8,136.7,133.7,0,121.1,2.8,13.5
2025-04-11 09:53:50,137.8,128.6,135.1,136.5,136.9,138.4,136.1,136.8,136.7,133.9,0,121.1,2.9,13.5
2025-04-11 09:53:55,137.9,128.8,135.3,136.6,136.9,138.5,136.2,137.0,136.9,134.0,0,121.2,2.7,13.5
2025-04-11 09:54:00,138.0,129.1,135.4,136.7,137.1,138.5,136.4,137.2,137.0,134.2,0,121.4,2.4,13.5
2025-04-11 09:54:05,138.0,129.3,135.5,136.8,137.1,138.6,136.4,137.2,137.0,134.4,0,121.6,2.3,13.5
2025-04-11 09:54:10,138.2,129.5,135.8,136.9,137.4,138.8,136.6,137.5,137.2,134.5,0,121.6,2.5,13.5
2025-04-11 09:54:15,138.4,129.7,135.9,137.0,137.6,138.9,136.8,137.8,137.4,134.7,0,121.8,2.7,13.5
2025-04-11 09:54:20,138.5,129.8,136.1,137.2,137.8,139.1,136.9,138.0,137.7,134.9,0,122.0,2.5,13.5
2025-04-11 09:54:25,138.8,129.9,136.4,137.3,137.8,139.2,137.2,138.2,137.8,135.0,0,122.1,2.5,13.5
2025-04-11 09:54:30,138.8,130.0,136.4,137.5,138.1,139.4,137.2,138.3,137.9,135.2,0,122.2,2.0,13.5
2025-04-11 09:54:35,139.2,130.3,136.7,137.8,138.3,139.6,137.6,138.6,138.2,135.4,0,122.4,1.7,13.5
2025-04-11 09:54:40,139.4,130.4,136.8,137.9,138.6,139.8,137.8,138.6,138.4,135.5,0,122.5,1.8,13.5
2025-04-11 09:54:45,139.5,130.6,137.0,138.0,138.7,140.2,137.9,138.8,138.6,135.8,0,122.7,1.9,13.5
2025-04-11 09:54:50,139.8,130.9,137.2,138.2,138.9,140.4,138.0,138.9,138.8,135.9,0,122.8,1.8,13.5
2025-04-11 09:54:55,139.9,131.1,137.5,138.4,139.0,140.6,138.4,139.0,139.0,136.1,0,123.0,1.8,13.5
2025-04-11 09:55:00,140.1,131.2,137.7,138.8,139.2,140.9,138.6,139.2,139.0,136.3,0,123.4,2.3,13.5
2025-04-11 09:55:05,140.3,131.3,137.8,138.9,139.4,140.9,138.8,139.5,139.3,136.5,0,123.6,3.3,13.5
2025-04-11 09:55:10,140.5,131.5,138.2,139.1,139.6,141.0,138.9,139.6,139.5,136.7,0,123.8,2.7,13.5
2025-04-11 09:55:15,140.7,131.6,138.5,139.3,139.8,141.2,139.0,139.8,139.7,136.9,0,124.0,2.9,13.5
2025-04-11 09:55:20,140.9,131.7,138.7,139.4,140.0,141.4,139.3,140.1,140.0,137.1,0,124.0,2.7,13.5
2025-04-11 09:55:25,141.3,131.8,138.7,139.6,140.2,141.7,139.4,140.3,140.2,137.3,0,124.2,2.5,13.5
2025-04-11 09:55:30,141.5,132.0,139.0,140.0,140.4,141.9,139.6,140.5,140.5,137.5,0,124.3,2.4,13.5
2025-04-11 09:55:35,141.9,132.1,139.0,140.1,140.6,141.9,139.7,140.7,140.6,137.7,0,124.5,2.4,13.5
2025-04-11 09:55:40,142.1,132.4,139.4,140.4,140.8,142.3,140.0,140.8,140.9,138.0,0,124.7,1.9,13.5
2025-04-11 09:55:45,142.2,132.6,139.6,140.7,141.0,142.4,140.2,141.0,141.1,138.1,0,125.0,1.6,13.5
2025-04-11 09:55:50,142.3,132.7,139.8,140.9,141.2,142.8,140.5,141.3,141.4,138.4,0,125.2,1.7,13.5
2025-04-11 09:55:55,142.6,133.0,140.0,141.2,141.3,143.1,140.7,141.5,141.6,138.5,0,125.3,1.8,13.5
2025-04-11 09:56:00,142.7,133.0,140.2,141.3,141.6,143.2,140.9,141.6,141.7,138.8,0,125.5,1.8,13.5
2025-04-11 09:56:05,143.0,133.6,140.4,141.6,141.9,143.5,141.2,142.0,142.0,139.0,0,125.6,1.8,13.5
2025-04-11 09:56:10,143.3,133.7,140.6,141.7,142.0,143.6,141.4,142.3,142.3,139.2,0,125.8,1.9,13.5
2025-04-11 09:56:15,143.4,134.0,140.9,141.8,142.4,143.9,141.6,142.4,142.3,139.3,0,126.0,2.0,13.5
2025-04-11 09:56:20,143.6,134.3,141.1,142.1,142.6,143.9,141.9,142.7,142.7,139.6,0,126.2,1.9,13.5
2025-04-11 09:56:25,143.6,134.3,141.3,142.3,142.8,144.1,142.1,142.9,142.9,139.7,0,126.2,1.8,13.5
2025-04-11 09:56:30,143.9,134.6,141.6,142.7,142.9,144.3,142.2,143.0,143.1,139.9,0,126.5,1.9,13.5
2025-04-11 09:56:35,144.0,134.7,141.7,142.9,143.2,144.6,142.5,143.3,143.3,140.1,0,126.6,2.1,13.5
2025-04-11 09:56:40,144.3,135.0,142.0,143.1,143.3,144.7,142.6,143.3,143.6,140.4,0,126.9,2.1,13.5
2025-04-11 09:56:45,144.6,135.2,142.2,143.2,143.7,145.0,142.9,143.5,143.7,140.6,0,127.1,1.9,13.5
2025-04-11 09:56:50,144.8,135.4,142.5,143.4,143.8,145.3,142.9,143.9,144.0,140.7,0,127.3,1.9,13.5
2025-04-11 09:56:55,145.0,135.5,142.7,143.6,144.0,145.4,143.3,144.2,144.3,141.0,0,127.4,1.8,13.5
2025-04-11 09:57:00,145.4,135.8,142.9,143.9,144.3,145.6,143.6,144.4,144.4,141.2,0,127.5,1.9,13.5
2025-04-11 09:57:05,145.4,136.0,143.0,144.0,144.5,145.9,143.8,144.7,144.5,141.4,0,127.7,2.0,13.5
2025-04-11 09:57:10,145.8,136.1,143.3,144.4,144.8,146.2,144.1,144.9,144.8,141.6,0,127.8,2.7,13.5
2025-04-11 09:57:15,145.9,136.3,143.5,144.6,145.1,146.5,144.3,145.2,145.1,141.8,0,128.0,2.7,13.5
2025-04-11 09:57:20,146.2,136.5,143.8,144.9,145.4,146.9,144.5,145.3,145.2,142.0,0,128.3,2.9,13.5
2025-04-11 09:57:25,146.5,136.5,144.0,145.0,145.5,147.1,144.7,145.6,145.6,142.3,0,128.5,2.5,13.5
2025-04-11 09:57:30,146.7,136.7,144.2,145.5,145.7,147.4,144.9,145.8,145.7,142.4,0,128.6,2.5,13.5
2025-04-11 09:57:35,146.9,137.0,144.4,145.8,145.9,147.7,145.1,146.3,146.0,142.8,0,128.9,2.7,13.5
2025-04-11 09:57:40,147.2,137.1,144.6,146.1,146.2,148.0,145.2,146.4,146.3,143.0,0,129.1,2.8,13.5
2025-04-11 09:57:45,147.5,137.3,144.9,146.3,146.5,147.9,145.5,146.6,146.4,143.1,0,129.4,2.6,13.5
2025-04-11 09:57:50,147.8,137.4,145.1,146.3,146.7,148.3,145.8,146.8,146.8,143.3,0,129.7,3.0,13.6
2025-04-11 09:57:55,148.0,137.5,145.2,146.3,146.9,148.3,146.2,147.1,146.9,143.6,0,129.7,3.2,13.6
2025-04-11 09:58:00,148.2,137.6,145.6,146.5,147.1,148.3,146.4,147.2,147.0,143.8,0,129.7,2.4,13.5
2025-04-11 09:58:05,148.4,137.6,145.9,146.5,147.3,148.4,146.6,147.3,147.1,143.9,0,129.7,2.1,13.6
2025-04-11 09:58:10,148.6,137.7,146.0,146.7,147.4,148.4,146.7,147.5,147.3,144.1,0,129.7,1.9,13.6
2025-04-11 09:58:15,148.8,138.0,146.1,146.9,147.5,148.7,146.7,147.6,147.5,144.2,0,129.9,1.8,13.6
2025-04-11 09:58:20,148.8,138.2,146.2,147.1,147.8,148.7,146.9,147.5,147.7,144.4,0,129.9,1.8,13.6
2025-04-11 09:58:25,148.9,138.3,146.3,147.1,148.0,149.1,146.9,147.7,147.7,144.6,0,130.0,1.7,13.6
2025-04-11 09:58:30,149.0,138.5,146.6,147.3,148.1,149.1,147.2,147.8,147.9,144.7,0,130.0,1.5,13.6
2025-04-11 09:58:35,149.0,138.7,146.5,147.3,148.2,149.3,147.2,148.0,148.0,144.9,0,130.0,1.5,13.6
2025-04-11 09:58:40,149.2,138.9,146.7,147.5,148.3,149.6,147.5,148.1,148.1,145.0,0,130.1,1.5,13.6
2025-04-11 09:58:45,149.2,139.2,146.7,147.5,148.4,149.7,147.5,148.1,148.2,145.1,0,130.1,1.5,13.6
2025-04-11 09:58:50,149.4,139.2,146.9,147.9,148.6,149.8,147.7,148.4,148.4,145.3,0,130.2,1.2,13.6
2025-04-11 09:58:55,149.5,139.4,147.0,147.9,148.7,149.9,147.8,148.5,148.4,145.4,0,130.2,1.2,13.6
2025-04-11 09:59:00,149.7,139.6,147.1,148.0,148.7,149.9,147.9,148.6,148.6,145.5,0,130.3,1.1,13.6
2025-04-11 09:59:05,149.7,139.6,147.3,148.2,148.8,150.0,148.0,148.6,148.6,145.6,0,130.4,1.5,13.6
2025-04-11 09:59:10,149.8,139.7,147.3,148.2,148.9,150.1,148.1,148.8,148.8,145.7,0,130.5,2.2,13.6
2025-04-11 09:59:15,149.9,139.7,147.4,148.3,149.0,150.2,148.2,148.9,148.8,145.8,0,130.5,2.2,13.6
2025-04-11 09:59:20,150.0,139.8,147.6,148.5,149.1,150.3,148.3,149.0,148.9,145.9,0,130.5,2.1,13.6
2025-04-11 09:59:25,150.1,140.0,147.8,148.7,149.1,150.4,148.4,149.0,149.0,145.9,0,130.5,1.9,13.6
2025-04-11 09:59:30,150.3,140.3,147.8,148.6,149.2,150.5,148.4,149.2,149.1,146.0,0,130.7,1.6,13.6
2025-04-11 09:59:35,150.4,140.5,147.8,148.8,149.3,150.8,148.5,149.4,149.3,146.1,0,130.6,1.4,13.6
2025-04-11 09:59:40,150.4,140.7,147.9,149.0,149.4,150.9,148.5,149.4,149.4,146.2,0,130.7,1.3,13.6
2025-04-11 09:59:45,150.5,140.8,147.9,149.1,149.5,150.9,148.7,149.6,149.4,146.2,0,130.8,1.2,13.6
2025-04-11 09:59:50,150.6,140.8,148.0,149.0,149.7,151.1,148.7,149.8,149.8,146.3,0,130.8,1.3,13.6
2025-04-11 09:59:55,150.6,140.9,148.2,149.1,149.8,151.2,148.8,150.0,150.0,146.4,0,130.8,1.3,13.6
2025-04-11 10:00:00,150.7,141.0,148.2,149.2,149.9,151.2,148.9,150.1,150.0,146.4,0,130.8,1.2,13.6
2025-04-11 10:00:05,150.7,141.3,148.2,149.2,150.0,151.3,149.0,150.1,150.1,146.5,0,130.8,1.2,13.6
2025-04-11 10:00:10,150.8,141.2,148.3,149.3,150.1,151.4,149.2,150.0,150.1,146.5,0,130.8,1.4,13.6
2025-04-11 10:00:15,150.7,141.1,148.2,149.2,150.1,151.3,149.2,150.1,150.2,146.5,0,130.7,1.7,13.6
2025-04-11 10:00:20,150.8,141.4,148.2,149.3,150.1,151.3,149.1,150.1,150.2,146.6,0,130.6,1.8,13.6
2025-04-11 10:00:25,150.8,141.3,148.2,149.1,150.1,151.3,149.3,150.3,150.1,146.6,0,130.6,1.8,13.6
2025-04-11 10:00:30,150.8,141.2,148.3,149.1,150.1,151.3,149.2,150.2,150.1,146.6,0,130.6,1.7,13.6
2025-04-11 10:00:35,150.8,141.3,148.3,149.2,150.1,151.3,149.3,150.1,150.0,146.6,0,130.4,2.0,13.6
2025-04-11 10:00:40,150.8,141.2,148.2,149.1,150.0,151.3,149.2,150.0,149.9,146.5,0,130.3,1.9,13.6
2025-04-11 10:00:45,150.8,141.2,148.3,149.1,150.0,151.3,149.2,149.9,149.8,146.5,0,130.3,1.9,13.6
2025-04-11 10:00:50,150.7,141.1,148.3,149.0,149.9,151.4,149.1,149.8,149.7,146.4,0,130.1,1.6,13.6
2025-04-11 10:00:55,150.7,141.1,148.3,149.1,149.8,151.3,149.1,149.8,149.5,146.4,0,130.1,1.3,13.6
2025-04-11 10:01:00,150.7,140.9,148.2,149.1,149.8,151.2,149.1,149.6,149.5,146.4,0,130.0,1.2,13.6
2025-04-11 10:01:05,150.7,140.8,148.1,149.1,149.7,151.2,149.0,149.6,149.4,146.3,0,129.9,1.1,13.6
2025-04-11 10:01:10,150.7,140.9,148.0,149.0,149.7,151.1,149.0,149.5,149.5,146.2,0,129.8,1.2,13.6
2025-04-11 10:01:15,150.6,141.0,147.8,148.9,149.5,150.9,148.8,149.5,149.5,146.2,0,129.7,1.4,13.6
2025-04-11 10:01:20,150.5,140.9,147.8,148.8,149.5,150.9,148.6,149.4,149.4,146.1,0,129.7,1.3,13.6
2025-04-11 10:01:25,150.3,140.8,147.6,148.6,149.5,151.0,148.7,149.4,149.4,146.0,0,129.6,1.2,13.6
2025-04-11 10:01:30,150.3,140.9,147.5,148.5,149.3,150.9,148.5,149.3,149.4,145.9,0,129.4,1.1,13.6
2025-04-11 10:01:35,150.1,141.0,147.5,148.6,149.3,150.8,148.5,149.2,149.2,145.8,0,129.4,1.1,13.6
2025-04-11 10:01:40,150.0,141.0,147.5,148.5,149.2,150.6,148.6,149.0,149.1,145.7,0,129.2,2.0,13.6
2025-04-11 10:01:45,149.9,141.1,147.6,148.4,149.0,150.5,148.3,149.1,149.0,145.6,0,129.1,2.0,13.6
2025-04-11 10:01:50,149.7,141.1,147.6,148.3,148.9,150.4,148.2,148.9,148.9,145.4,0,128.8,1.5,13.6
2025-04-11 10:01:55,149.6,140.9,147.3,148.1,148.7,150.3,148.1,148.7,148.8,145.3,0,128.6,1.2,13.6
2025-04-11 10:02:00,149.5,141.2,147.3,147.9,148.7,150.1,148.0,148.7,148.8,145.1,0,128.4,1.1,13.6
2025-04-11 10:02:05,149.3,141.1,147.1,147.9,148.5,150.0,147.8,148.7,148.7,145.0,0,128.3,1.9,13.6
2025-04-11 10:02:10,149.3,140.9,146.8,147.9,148.3,149.8,147.5,148.5,148.5,144.8,0,128.1,2.9,13.7
2025-04-11 10:02:15,149.2,140.8,146.8,148.0,148.3,149.9,147.4,148.4,148.3,144.6,0,128.0,3.0,13.7
2025-04-11 10:02:20,149.1,140.8,146.4,147.8,148.0,150.1,147.1,148.2,148.1,144.5,0,128.0,3.1,13.7
2025-04-11 10:02:25,149.0,140.7,146.4,147.9,147.8,150.0,147.0,148.3,148.0,144.3,0,128.0,3.0,13.7
2025-04-11 10:02:30,148.9,140.5,146.2,147.7,147.8,149.5,147.0,148.2,148.0,144.1,0,128.0,3.5,13.7
2025-04-11 10:02:35,148.6,140.2,146.0,147.4,147.8,149.3,146.8,148.1,147.9,144.0,0,127.8,4.0,13.7
2025-04-11 10:02:40,148.5,139.8,146.0,147.2,147.7,149.0,146.6,147.8,147.8,143.9,0,127.7,3.2,13.7
2025-04-11 10:02:45,148.3,139.3,145.8,146.8,147.4,148.7,146.4,147.5,147.4,143.6,0,127.1,2.3,13.7
2025-04-11 10:02:50,148.1,139.1,145.5,146.5,147.2,148.4,146.2,147.2,147.0,143.4,0,126.7,2.0,13.7
2025-04-11 10:02:55,147.9,139.0,145.1,146.1,146.9,148.1,146.0,147.1,146.9,143.2,0,126.5,1.6,13.7
2025-04-11 10:03:00,147.6,138.9,144.9,146.0,146.6,147.9,145.8,146.6,146.4,142.9,0,126.3,1.5,13.7
2025-04-11 10:03:05,147.3,138.7,144.7,145.7,146.4,147.8,145.5,146.3,146.3,142.8,0,126.0,1.3,13.7
2025-04-11 10:03:10,147.0,138.3,144.3,145.4,146.1,147.6,145.3,146.3,146.1,142.6,0,125.9,1.6,13.7
2025-04-11 10:03:15,146.8,138.0,144.1,145.1,145.8,147.5,144.9,146.2,145.9,142.3,0,125.7,1.6,13.7
2025-04-11 10:03:20,146.2,137.6,143.8,144.8,145.7,147.3,144.8,145.9,145.7,142.1,0,125.3,1.5,13.7
2025-04-11 10:03:25,146.1,137.3,143.7,144.6,145.2,146.8,144.3,145.7,145.5,141.8,0,125.2,1.4,13.7
2025-04-11 10:03:30,145.7,137.0,143.2,144.3,145.0,146.6,143.9,145.5,145.2,141.6,0,124.8,1.7,13.7
2025-04-11 10:03:35,145.5,136.8,143.1,144.1,144.8,146.5,143.8,145.1,144.8,141.3,0,124.6,2.3,13.7
2025-04-11 10:03:40,145.3,136.2,142.8,143.8,144.6,146.1,143.5,144.9,144.6,141.0,0,124.3,2.6,13.7
2025-04-11 10:03:45,145.1,136.1,142.7,143.6,144.4,146.0,143.4,144.6,144.5,140.7,0,124.2,2.6,13.7
2025-04-11 10:03:50,144.9,136.2,142.4,143.4,144.1,145.6,143.0,144.2,144.0,140.5,0,123.8,2.4,13.7
2025-04-11 10:03:55,144.5,136.1,142.1,143.0,143.8,145.4,142.9,143.8,143.8,140.2,0,123.6,2.6,13.7
2025-04-11 10:04:00,144.3,135.7,141.8,142.7,143.5,144.9,142.4,143.5,143.7,140.0,0,123.3,2.7,13.7
2025-04-11 10:04:05,143.9,135.6,141.4,142.5,143.3,144.5,142.3,143.4,143.4,139.7,0,123.1,2.4,13.7
2025-04-11 10:04:10,143.6,135.5,141.2,142.2,143.1,144.3,142.0,142.9,143.0,139.5,0,122.8,3.0,13.7
2025-04-11 10:04:15,143.3,135.1,140.8,142.1,142.9,144.1,141.6,142.7,142.8,139.1,0,122.5,2.9,13.7
2025-04-11 10:04:20,143.1,134.8,140.5,141.7,142.7,143.8,141.3,142.6,142.6,138.8,0,122.2,2.9,13.7
2025-04-11 10:04:25,142.8,134.7,140.4,141.8,142.3,143.7,141.1,142.2,142.2,138.5,0,122.0,2.4,13.7
2025-04-11 10:04:30,142.4,134.4,140.1,141.7,142.0,143.4,140.7,142.0,141.8,138.2,0,121.8,2.7,13.7
2025-04-11 10:04:35,142.1,134.0,139.6,141.2,141.6,143.0,140.4,141.7,141.6,137.9,0,121.4,3.4,13.7
2025-04-11 10:04:40,142.0,133.8,139.5,141.1,141.4,142.6,140.2,141.3,141.2,137.6,0,121.2,3.0,13.7
2025-04-11 10:04:45,141.8,133.3,139.2,140.6,141.1,142.5,139.8,141.0,140.9,137.3,0,120.9,2.2,13.7
2025-04-11 10:04:50,141.7,133.1,138.9,140.3,140.8,142.2,139.6,140.7,140.7,137.1,0,120.7,1.8,13.7
2025-04-11 10:04:55,141.2,133.0,138.6,139.8,140.5,141.9,139.2,140.3,140.4,136.7,0,120.2,1.6,13.7
2025-04-11 10:05:00,140.9,133.0,138.4,139.5,140.1,141.5,138.9,140.1,140.0,136.4,0,119.8,1.7,13.7
2025-04-11 10:05:05,140.7,132.8,138.0,139.3,139.8,141.1,138.4,140.0,139.9,136.1,0,119.8,1.5,13.7
2025-04-11 10:05:10,140.3,132.4,137.7,139.0,139.6,140.8,138.3,139.4,139.3,135.8,0,119.5,2.1,13.7
2025-04-11 10:05:15,139.9,132.0,137.2,138.6,139.2,140.4,138.1,139.0,138.9,135.4,0,119.1,3.3,13.7
2025-04-11 10:05:20,139.5,131.7,136.8,138.3,139.0,140.1,137.8,138.8,138.6,135.0,0,118.8,2.9,13.7
2025-04-11 10:05:25,139.0,131.3,136.5,137.6,138.3,139.7,137.2,138.3,138.3,134.6,0,118.4,2.4,13.7
2025-04-11 10:05:30,138.7,131.1,136.3,137.4,138.2,139.6,137.0,138.1,138.2,134.2,0,117.9,2.3,13.8
2025-04-11 10:05:35,138.2,130.5,135.9,137.1,137.6,138.9,136.6,138.0,137.8,133.9,0,117.6,2.9,13.7
2025-04-11 10:05:40,137.8,130.1,135.4,136.4,137.2,138.4,136.2,137.5,137.4,133.5,0,117.4,2.6,13.7
2025-04-11 10:05:45,137.5,129.9,135.0,136.1,136.9,138.2,136.0,137.0,136.9,133.1,0,117.1,2.4,13.8
2025-04-11 10:05:50,136.9,129.3,134.6,135.8,136.7,137.9,135.7,136.7,136.7,132.8,0,116.7,2.6,13.7
2025-04-11 10:05:55,136.8,129.1,134.4,135.5,136.2,137.6,135.4,136.6,136.3,132.3,0,116.7,2.9,13.7
2025-04-11 10:06:00,136.3,129.0,134.0,135.0,135.7,137.1,134.7,136.1,135.7,132.0,0,116.1,2.8,13.7
2025-04-11 10:06:05,136.0,128.7,133.7,134.6,135.3,136.7,134.4,135.6,135.2,131.6,0,115.7,3.0,13.8
2025-04-11 10:06:10,135.4,128.2,133.0,134.1,135.1,136.5,134.3,135.4,135.0,131.3,0,115.3,3.1,13.7
2025-04-11 10:06:15,135.0,127.7,132.5,133.6,134.5,135.7,133.5,134.5,134.3,130.8,0,115.0,3.1,13.8
2025-04-11 10:06:20,134.7,127.4,132.2,133.3,134.1,135.3,133.0,134.1,133.9,130.6,0,114.7,3.0,13.8
2025-04-11 10:06:25,134.2,127.0,131.7,133.0,133.7,135.0,132.6,133.8,133.6,130.1,0,114.2,2.7,13.8
2025-04-11 10:06:30,133.8,126.8,131.4,132.4,133.1,134.3,132.0,133.4,133.1,129.7,0,113.8,2.5,13.8
2025-04-11 10:06:35,133.2,126.6,131.2,132.1,132.9,134.1,131.7,132.9,132.7,129.2,0,113.3,2.3,13.7
2025-04-11 10:06:40,132.8,125.7,130.5,131.6,132.1,133.4,131.1,132.3,132.0,128.8,0,112.8,2.1,13.7
2025-04-11 10:06:45,132.4,125.3,130.0,131.2,131.7,132.9,130.4,132.0,131.7,128.4,0,112.6,1.7,13.7
2025-04-11 10:06:50,131.7,124.9,129.4,131.0,131.3,132.5,130.1,131.3,131.1,127.9,0,112.1,1.5,13.7
2025-04-11 10:06:55,131.3,124.3,129.0,130.2,131.0,132.2,129.7,131.1,130.9,127.5,0,111.7,1.4,13.7
2025-04-11 10:07:00,131.1,124.0,128.8,130.0,130.5,131.9,129.3,130.7,130.4,127.0,0,111.1,1.3,13.7
2025-04-11 10:07:05,130.4,123.4,128.3,129.4,130.1,131.3,128.8,130.0,129.8,126.5,0,110.9,1.2,13.7
2025-04-11 10:07:10,129.9,123.1,127.8,128.9,129.6,130.8,128.4,129.5,129.4,126.1,0,110.5,1.1,13.7
2025-04-11 10:07:15,129.5,122.6,127.2,128.3,129.0,130.2,127.8,129.0,128.9,125.8,0,110.1,1.0,13.7
2025-04-11 10:07:20,129.1,122.0,126.7,128.0,128.6,129.7,127.4,128.6,128.4,125.1,0,109.5,1.0,13.8
2025-04-11 10:07:25,128.6,121.5,126.2,127.5,128.1,129.2,127.0,128.0,127.8,124.9,0,109.2,1.1,13.8
2025-04-11 10:07:30,128.0,121.1,125.6,126.8,127.5,128.6,126.4,127.5,127.3,124.3,0,108.8,1.6,13.8
2025-04-11 10:07:35,127.5,120.7,125.1,126.4,127.1,128.2,126.0,127.2,126.8,123.8,0,108.4,1.5,13.8
2025-04-11 10:07:40,126.9,120.2,124.6,125.9,126.9,127.9,125.6,126.9,126.6,123.3,0,108.0,1.8,13.8
2025-04-11 10:07:45,126.3,119.8,124.1,125.4,126.0,127.4,125.0,126.4,125.9,122.8,0,107.5,2.8,13.8
2025-04-11 10:07:50,125.9,119.4,123.6,125.0,125.5,127.0,124.5,125.4,125.3,122.3,0,107.1,3.2,13.8
2025-04-11 10:07:55,125.3,119.2,123.2,124.5,125.1,126.6,124.2,125.2,124.9,121.7,0,106.7,3.0,13.8
2025-04-11 10:08:00,124.8,118.8,122.6,123.9,124.7,125.9,123.6,124.6,124.6,121.3,0,106.3,2.7,13.8
2025-04-11 10:08:05,124.5,118.5,122.3,123.6,124.1,125.4,123.1,124.0,123.8,120.7,0,105.6,3.5,13.8
2025-04-11 10:08:10,124.0,117.9,121.7,123.0,123.4,124.7,122.3,123.5,123.2,120.1,0,105.3,3.2,13.8
2025-04-11 10:08:15,123.5,117.3,121.2,122.1,122.9,124.2,121.8,122.8,122.7,119.6,0,104.8,3.7,13.8
2025-04-11 10:08:20,122.9,116.8,120.6,122.1,122.4,123.6,121.1,122.4,122.2,119.1,0,104.5,4.2,13.8
2025-04-11 10:08:25,122.4,116.3,120.0,121.5,122.0,123.1,120.6,121.8,121.7,118.5,0,103.8,3.8,13.8
2025-04-11 10:08:30,121.8,115.9,119.5,121.0,121.5,122.6,120.1,121.3,121.1,118.3,0,103.6,4.1,13.8
2025-04-11 10:08:35,121.2,115.2,119.0,120.4,120.8,122.1,119.4,120.9,120.7,117.7,0,103.1,3.6,13.8
2025-04-11 10:08:40,120.7,114.8,118.4,119.9,120.2,121.4,119.1,120.3,120.2,117.2,0,102.7,3.0,13.8
2025-04-11 10:08:45,120.1,114.2,117.9,119.2,120.0,121.2,118.6,119.7,119.7,116.5,0,102.2,2.2,13.8
2025-04-11 10:08:50,119.6,113.7,117.3,118.7,119.1,120.5,117.9,119.3,119.0,116.0,0,101.6,1.7,13.7
2025-04-11 10:08:55,119.1,113.2,116.7,118.2,118.5,119.7,117.1,118.4,118.2,115.5,0,101.2,1.5,13.7
2025-04-11 10:09:00,118.7,113.1,116.3,117.7,118.2,119.3,116.9,118.1,117.8,114.9,0,100.7,1.6,13.7
2025-04-11 10:09:05,118.0,112.5,115.7,117.0,117.6,118.7,116.2,117.5,117.3,114.4,0,100.2,1.5,13.7
2025-04-11 10:09:10,117.5,112.2,115.2,116.6,117.0,118.2,115.8,116.9,116.8,113.7,0,99.9,1.5,13.8
2025-04-11 10:09:15,116.8,111.6,114.5,115.9,116.3,117.5,115.1,116.3,116.1,113.2,0,99.3,1.4,13.7
2025-04-11 10:09:20,116.3,111.2,114.0,115.4,115.7,116.9,114.6,115.8,115.7,112.7,0,98.6,1.2,13.7
2025-04-11 10:09:25,115.7,110.5,113.4,114.8,115.0,116.3,114.4,115.4,115.4,112.3,0,98.4,0.9,13.7
2025-04-11 10:09:30,115.0,109.8,112.8,114.1,114.5,115.7,113.4,114.5,114.4,111.7,0,97.8,0.8,13.8
2025-04-11 10:09:35,114.6,109.3,112.3,113.7,114.0,115.3,112.9,114.1,114.0,111.2,0,97.4,0.7,13.8
2025-04-11 10:09:40,113.8,108.5,111.6,113.2,113.3,115.0,112.5,113.7,113.6,110.6,0,96.8,0.6,13.8
2025-04-11 10:09:45,113.3,108.0,111.1,112.7,112.8,114.1,111.6,112.9,112.8,110.1,0,96.3,0.6,13.8
2025-04-11 10:09:50,112.7,107.3,110.9,112.4,112.6,113.8,111.4,112.7,112.6,109.5,0,95.8,0.6,13.8
2025-04-11 10:09:55,112.0,106.6,110.0,111.5,111.7,113.1,110.8,112.1,112.0,108.9,0,95.3,0.5,13.8
2025-04-11 10:10:00,111.6,106.1,109.8,110.9,111.2,112.4,109.9,111.5,111.4,108.4,0,94.9,0.4,13.8
2025-04-11 10:10:05,110.8,105.8,109.3,110.5,110.8,112.0,109.6,110.7,110.7,107.8,0,94.3,0.6,13.8
2025-04-11 10:10:10,110.4,105.0,108.5,110.0,110.3,111.4,109.0,110.2,110.1,107.3,0,93.9,0.8,13.8
2025-04-11 10:10:15,110.0,104.6,108.1,109.4,109.7,110.8,108.4,109.8,109.5,106.6,0,93.7,0.9,13.8
2025-04-11 10:10:20,109.3,104.0,107.4,108.6,108.9,110.2,107.8,109.0,108.6,106.0,0,93.0,0.8,13.8
2025-04-11 10:10:25,108.8,103.7,106.9,108.0,108.4,109.7,107.2,108.5,108.1,105.5,0,92.4,0.7,13.8
2025-04-11 10:10:30,108.2,103.3,106.2,107.4,107.7,109.0,106.5,108.3,107.6,105.1,0,92.1,0.6,13.8
2025-04-11 10:10:35,107.7,102.9,105.7,106.6,107.2,108.5,106.1,107.3,106.8,104.4,0,91.5,0.5,13.8
2025-04-11 10:10:40,107.2,102.4,105.3,106.2,106.6,108.1,105.6,106.7,105.9,104.1,0,91.3,0.7,13.8
2025-04-11 10:10:45,106.5,101.7,104.5,105.6,106.0,107.3,104.9,105.9,105.7,103.4,0,90.7,1.5,13.8
2025-04-11 10:10:50,106.0,101.3,103.9,105.1,105.4,106.8,104.4,105.4,104.9,103.0,0,90.2,1.5,13.8
2025-04-11 10:10:55,105.3,100.7,103.4,104.5,105.2,106.5,104.1,105.1,104.7,102.4,0,89.8,1.4,13.8
2025-04-11 10:11:00,104.8,100.2,102.8,103.9,104.3,105.5,103.2,104.3,103.9,101.9,0,89.3,1.4,13.8
2025-04-11 10:11:05,104.3,99.7,102.3,103.5,103.8,105.0,102.7,103.9,103.3,101.5,0,88.8,1.8,13.8
2025-04-11 10:11:10,103.6,99.2,101.7,103.1,103.4,104.7,102.3,103.4,103.0,100.9,0,88.4,1.4,13.8
2025-04-11 10:11:15,103.1,98.8,101.5,102.7,102.9,104.2,101.9,103.0,102.5,100.4,0,87.9,1.2,13.8
2025-04-11 10:11:20,102.7,98.7,100.8,102.1,102.4,103.6,101.3,102.5,102.1,99.8,0,87.7,1.1,13.8
2025-04-11 10:11:25,101.8,98.1,100.1,101.5,101.9,103.1,100.7,101.7,101.7,99.3,0,86.9,1.1,13.9
2025-04-11 10:11:30,101.3,97.3,99.3,101.0,101.5,102.7,100.4,101.1,101.1,98.9,0,86.6,1.0,13.9
2025-04-11 10:11:35,100.9,96.8,98.9,100.4,100.9,102.0,99.7,100.9,100.5,98.5,0,86.3,0.9,13.9
2025-04-11 10:11:40,100.5,96.3,98.6,100.0,100.5,101.5,99.4,100.1,99.8,97.8,0,85.7,0.8,13.9
2025-04-11 10:11:45,100.0,95.6,98.0,99.7,99.9,101.1,99.0,99.5,99.3,97.6,0,85.6,0.9,13.9
2025-04-11 10:11:50,99.3,95.0,97.4,99.1,99.4,100.6,98.4,99.0,98.8,96.8,0,85.2,1.1,13.9
2025-04-11 10:11:55,98.9,94.6,96.9,98.6,98.9,100.2,98.0,98.4,98.3,96.4,0,84.6,2.2,13.9
2025-04-11 10:12:00,98.3,94.1,96.0,98.0,98.2,99.8,97.5,98.1,98.1,96.0,0,84.4,2.3,13.9
2025-04-11 10:12:05,97.8,93.6,95.8,97.4,97.9,99.3,97.2,97.5,97.3,95.4,0,83.9,2.0,13.9
2025-04-11 10:12:10,97.4,93.0,95.2,96.9,97.4,98.7,96.6,96.9,96.7,95.1,0,83.9,1.6,13.9
2025-04-11 10:12:15,96.8,92.5,94.6,96.3,96.9,98.2,96.1,96.6,96.4,94.6,0,83.2,1.8,13.9
2025-04-11 10:12:20,96.5,92.1,94.2,95.7,96.4,97.5,95.5,96.0,95.9,94.2,0,82.8,2.2,13.9
2025-04-11 10:12:25,95.8,91.7,93.9,95.4,96.1,97.3,95.4,95.2,95.3,93.6,0,82.2,2.9,13.9
2025-04-11 10:12:30,95.4,91.0,93.2,94.7,95.1,96.7,94.9,94.5,94.7,93.2,0,81.6,3.0,13.9
2025-04-11 10:12:35,95.0,90.7,92.6,94.1,94.6,96.3,94.5,94.1,94.3,92.8,0,81.3,2.6,13.9
2025-04-11 10:12:40,94.4,90.4,92.2,93.7,94.3,95.7,93.8,93.3,93.7,92.3,0,80.8,2.5,13.9
2025-04-11 10:12:45,94.0,90.1,91.5,93.3,93.9,95.1,93.3,92.8,93.2,91.9,0,80.5,2.7,13.9
2025-04-11 10:12:50,93.8,89.9,91.1,92.8,93.4,94.6,92.9,92.5,92.8,91.4,0,80.0,2.5,13.9
2025-04-11 10:12:55,93.2,89.3,90.7,92.1,92.8,94.0,92.2,91.8,92.3,91.0,0,79.6,2.7,13.9
2025-04-11 10:13:00,92.8,88.8,90.1,91.6,92.3,93.5,91.9,91.2,91.9,90.6,0,79.3,3.3,13.9
2025-04-11 10:13:05,92.3,88.1,89.6,91.1,91.8,93.1,91.3,90.8,91.3,90.3,0,79.0,3.4,13.9
2025-04-11 10:13:10,91.9,87.7,89.1,90.7,91.4,92.7,90.9,90.4,90.9,89.7,0,78.6,3.4,13.9
2025-04-11 10:13:15,91.5,87.2,89.0,90.0,90.9,92.2,90.6,89.9,90.5,89.5,0,78.3,2.8,13.9
2025-04-11 10:13:20,90.9,86.9,88.1,89.7,90.6,91.8,90.2,89.6,90.1,89.0,0,77.8,2.5,13.9
2025-04-11 10:13:25,90.5,86.4,87.6,88.8,89.9,91.3,89.7,89.3,89.7,88.6,0,77.5,2.4,13.9
2025-04-11 10:13:30,90.0,86.2,87.3,88.5,89.6,90.8,89.3,89.0,89.3,88.1,0,77.2,2.2,13.9
2025-04-11 10:13:35,89.5,85.5,86.8,88.0,89.1,90.3,88.9,88.8,88.8,87.7,0,76.8,2.2,13.9
2025-04-11 10:13:40,89.0,85.0,86.4,87.5,88.9,89.9,88.6,88.3,88.3,87.4,0,76.5,1.7,13.9
2025-04-11 10:13:45,88.7,84.8,85.9,87.0,88.5,89.3,88.1,87.8,87.7,87.1,0,76.3,2.0,13.9
2025-04-11 10:13:50,88.4,84.5,85.4,86.6,88.1,88.8,87.5,87.2,87.3,86.5,0,76.0,2.1,13.9
2025-04-11 10:13:55,88.0,84.1,85.3,86.2,87.8,88.4,87.2,86.9,86.9,86.4,0,75.8,2.3,13.9
2025-04-11 10:14:00,87.5,83.7,84.6,85.7,87.3,88.0,86.7,86.3,86.6,85.9,0,75.4,2.1,13.9
2025-04-11 10:14:05,87.1,83.5,84.3,85.3,86.9,87.6,86.2,85.9,85.8,85.4,0,74.9,2.0,13.9
2025-04-11 10:14:10,86.7,83.1,83.8,85.0,86.3,87.4,86.0,85.8,85.8,85.2,0,74.7,2.0,13.9
2025-04-11 10:14:15,86.4,82.7,83.3,84.6,85.9,86.5,85.5,85.3,85.2,84.8,0,74.4,1.7,13.8
2025-04-11 10:14:20,85.9,82.3,82.9,84.2,85.5,86.2,84.9,84.9,84.6,84.5,0,74.2,1.4,13.9
2025-04-11 10:14:25,85.5,81.9,82.7,83.8,85.3,85.9,84.8,84.5,84.4,84.1,0,73.8,1.2,13.9
2025-04-11 10:14:30,85.0,81.5,82.3,83.4,84.7,85.4,84.3,84.2,83.9,83.8,0,73.5,1.1,13.8
2025-04-11 10:14:35,84.9,81.3,82.1,83.2,84.5,85.1,83.8,83.9,83.6,83.4,0,73.1,0.8,13.9
2025-04-11 10:14:40,84.4,80.7,81.5,82.7,84.1,84.7,83.3,83.6,83.1,83.1,0,72.8,0.7,13.9
2025-04-11 10:14:45,83.9,80.2,81.1,82.3,83.7,84.4,83.1,83.1,82.8,82.8,0,72.5,0.7,13.8
2025-04-11 10:14:50,83.7,80.0,80.7,82.0,83.2,84.1,82.6,82.8,82.4,82.4,0,72.3,0.6,13.8
2025-04-11 10:14:55,83.2,79.6,80.4,81.7,83.0,83.7,82.3,82.5,82.0,82.1,0,71.9,0.4,13.9
2025-04-11 10:15:00,83.0,79.5,80.1,81.4,82.7,83.4,82.0,82.2,81.7,82.0,0,71.8,0.5,13.9
2025-04-11 10:15:05,82.5,78.8,79.9,80.9,82.5,83.1,81.7,81.8,81.7,81.6,0,71.5,1.1,13.9
2025-04-11 10:15:10,82.2,78.4,79.5,80.8,81.9,82.7,81.2,81.7,81.5,81.3,0,71.3,1.3,13.9
2025-04-11 10:15:15,82.0,78.3,79.3,80.4,81.9,82.6,81.1,81.5,81.0,81.0,0,71.1,1.6,13.8
2025-04-11 10:15:20,81.5,77.6,78.8,80.0,81.4,82.2,80.9,81.1,80.4,80.8,0,71.0,2.2,13.9
2025-04-11 10:15:25,81.2,77.2,78.6,80.0,81.2,82.1,80.7,80.9,80.1,80.5,0,70.7,2.6,13.9
2025-04-11 10:15:30,81.0,77.0,78.3,79.6,80.9,81.8,80.6,80.7,79.6,80.1,0,70.5,2.7,13.9
2025-04-11 10:15:35,80.6,76.5,78.1,79.7,80.7,81.5,80.2,80.3,79.3,79.9,0,70.3,2.8,13.9
2025-04-11 10:15:40,80.5,76.5,77.7,79.4,80.5,81.1,79.8,80.1,79.0,79.7,0,70.1,2.4,13.8
2025-04-11 10:15:45,80.1,76.0,77.3,79.0,80.2,80.7,79.6,80.0,78.6,79.3,0,69.8,2.7,13.9
2025-04-11 10:15:50,79.9,75.7,77.3,78.9,80.0,80.6,79.4,80.0,78.4,79.1,0,69.9,3.4,13.9
2025-04-11 10:15:55,79.5,75.6,77.1,78.3,79.8,80.3,79.4,79.7,78.3,79.0,0,69.7,3.8,13.8
2025-04-11 10:16:00,79.4,75.4,76.8,78.1,79.5,80.0,79.1,79.5,78.0,78.6,0,69.5,3.6,13.8
2025-04-11 10:16:05,79.2,74.9,76.6,77.9,79.3,79.7,78.9,79.0,77.8,78.5,0,69.2,3.5,13.8
2025-04-11 10:16:10,78.9,74.5,76.2,77.4,78.9,79.5,78.6,78.7,77.5,78.3,0,68.9,3.4,13.8
2025-04-11 10:16:15,78.6,74.2,75.8,77.2,78.7,79.3,78.2,78.3,76.9,78.0,0,68.6,3.6,13.8
2025-04-11 10:16:20,78.3,73.9,76.0,77.3,78.2,79.0,78.1,78.2,76.7,77.9,0,68.4,2.8,13.8
2025-04-11 10:16:25,78.2,73.9,75.5,77.1,77.9,78.7,77.8,77.8,76.4,77.7,0,68.5,3.2,13.8
2025-04-11 10:16:30,77.9,73.4,75.2,76.8,77.5,78.4,77.6,77.7,76.2,77.5,0,68.2,3.8,13.8
2025-04-11 10:16:35,77.8,73.0,74.8,76.4,77.4,78.2,77.4,77.4,75.8,77.3,0,68.2,4.7,13.8
2025-04-11 10:16:40,77.7,72.8,74.6,76.5,76.9,78.2,77.1,77.0,75.7,77.1,0,68.2,3.8,13.8
2025-04-11 10:16:45,77.5,72.6,74.5,76.4,76.7,78.2,77.0,76.8,75.4,76.9,0,68.1,3.5,13.8
2025-04-11 10:16:50,77.0,72.0,74.3,76.2,76.4,77.9,76.7,76.6,75.2,76.8,0,68.1,3.4,13.7
2025-04-11 10:16:55,76.8,71.8,74.1,76.3,76.2,77.5,76.5,76.5,75.0,76.6,0,68.0,3.6,13.7
2025-04-11 10:17:00,76.7,71.7,73.9,76.2,76.1,77.4,76.1,76.3,74.8,76.5,0,68.0,4.2,13.7
2025-04-11 10:17:05,76.4,71.8,73.7,76.0,75.9,77.3,76.0,76.2,74.6,76.4,0,68.0,4.5,13.7
2025-04-11 10:17:10,76.3,71.6,73.7,75.9,75.7,77.1,75.8,76.3,74.6,76.2,0,67.9,4.5,13.7
2025-04-11 10:17:15,76.2,71.3,73.6,75.6,75.5,77.0,75.6,76.3,74.4,76.1,0,67.7,4.4,13.7
2025-04-11 10:17:20,76.1,71.1,73.5,75.5,75.5,77.0,75.4,76.0,74.2,76.1,0,67.5,3.7,13.7
2025-04-11 10:17:25,76.0,70.8,73.2,75.3,75.4,76.9,75.3,76.0,74.1,76.0,0,67.4,3.2,13.7
2025-04-11 10:17:30,75.7,70.7,73.0,75.1,75.2,76.7,75.3,75.8,73.9,75.9,0,67.4,3.0,13.6
2025-04-11 10:17:35,75.6,70.6,72.9,75.1,75.1,76.6,75.0,75.4,73.9,75.9,0,67.4,3.5,13.6
2025-04-11 10:17:40,75.5,70.2,73.0,75.1,75.0,76.4,75.1,75.4,73.7,75.8,0,67.2,3.1,13.6
2025-04-11 10:17:45,75.4,70.0,72.8,75.2,74.8,76.1,75.1,75.5,73.7,75.7,0,67.1,3.7,13.6
2025-04-11 10:17:50,75.4,70.0,72.6,75.1,74.8,76.2,75.0,75.5,73.8,75.7,0,67.1,3.9,13.6
2025-04-11 10:17:55,75.2,69.7,72.5,75.1,74.8,76.3,75.0,75.6,73.8,75.6,0,67.1,3.5,13.6
2025-04-11 10:18:00,75.1,69.5,72.4,75.2,74.7,76.4,74.9,75.3,73.8,75.5,0,67.1,3.9,13.6
2025-04-11 10:18:05,75.1,69.4,72.3,75.2,74.7,76.2,75.0,74.9,73.7,75.5,0,67.3,3.9,13.5
2025-04-11 10:18:10,75.2,69.3,72.3,75.1,74.6,76.3,74.9,74.9,73.7,75.4,0,67.3,4.3,13.5
2025-04-11 10:18:15,75.2,69.2,72.3,74.9,74.6,76.2,74.9,74.7,73.6,75.4,0,67.3,4.0,13.5
2025-04-11 10:18:20,75.1,69.0,72.2,74.8,74.5,76.1,74.8,74.8,73.4,75.4,0,67.2,3.2,13.5
2025-04-11 10:18:25,75.1,68.8,72.0,74.7,74.4,75.9,74.8,74.7,73.4,75.3,0,67.2,3.8,13.5
2025-04-11 10:18:30,74.9,68.7,72.0,74.6,74.5,75.7,74.8,74.8,73.3,75.3,0,67.3,4.2,13.5
2025-04-11 10:18:35,74.8,68.6,72.1,74.5,74.4,75.5,74.8,74.6,73.1,75.3,0,67.3,3.6,13.4
2025-04-11 10:18:40,74.8,68.5,72.1,74.5,74.3,75.4,74.7,74.5,73.2,75.3,0,67.2,4.0,13.4
2025-04-11 10:18:45,74.9,68.4,72.2,74.4,74.3,75.4,74.8,74.3,73.0,75.3,0,67.1,3.6,13.4
2025-04-11 10:18:50,74.9,68.3,72.2,74.4,74.2,75.4,74.7,74.3,73.0,75.3,0,67.3,3.4,13.4
2025-04-11 10:18:55,74.8,68.2,72.0,74.4,74.3,75.4,74.6,74.5,73.0,75.3,0,67.3,3.1,13.3
2025-04-11 10:19:00,74.7,68.2,71.8,74.5,74.3,75.5,74.6,74.4,73.1,75.3,0,67.5,2.7,13.3
2025-04-11 10:19:05,74.7,68.2,71.9,74.5,74.4,75.5,74.6,74.6,73.0,75.3,0,67.5,2.7,13.3
2025-04-11 10:19:10,74.7,68.2,72.0,74.5,74.4,75.4,74.6,74.6,73.2,75.4,0,67.6,2.1,13.3
2025-04-11 10:19:15,74.8,68.3,72.0,74.5,74.4,75.4,74.6,74.6,73.3,75.4,0,67.8,1.6,13.3
2025-04-11 10:19:20,74.8,68.2,72.2,74.5,74.5,75.4,74.6,74.6,73.3,75.5,0,68.0,1.4,13.3
2025-04-11 10:19:25,74.7,68.2,72.3,74.5,74.7,75.6,74.8,74.7,73.4,75.5,0,68.2,1.6,13.3
2025-04-11 10:19:30,74.7,68.3,72.4,74.6,74.7,75.6,74.7,74.8,73.4,75.6,0,68.4,1.9,13.2
2025-04-11 10:19:35,74.7,68.3,72.5,74.7,74.9,75.7,74.8,74.9,73.5,75.7,0,68.6,1.9,13.2
2025-04-11 10:19:40,74.9,68.3,72.7,74.7,74.9,75.8,74.8,75.0,73.6,75.7,0,68.7,1.7,13.2
2025-04-11 10:19:45,74.9,68.3,72.8,75.0,75.1,76.0,74.9,75.0,73.7,75.8,0,68.9,1.8,13.2
2025-04-11 10:19:50,75.0,68.4,73.0,75.0,75.2,75.9,75.0,75.5,73.9,76.0,0,69.3,3.3,13.2
2025-04-11 10:19:55,75.2,68.5,73.2,74.9,75.2,75.9,75.1,75.4,74.1,76.1,0,69.5,3.3,13.2
2025-04-11 10:20:00,75.2,68.7,73.4,74.9,75.4,76.0,75.2,75.4,74.1,76.2,0,69.6,3.2,13.2
2025-04-11 10:20:05,75.4,68.9,73.6,74.9,75.5,76.1,75.4,75.4,74.3,76.4,0,69.9,2.9,13.1
2025-04-11 10:20:10,75.5,69.1,73.6,75.0,75.7,76.2,75.6,76.0,74.5,76.5,0,70.0,2.9,13.1
2025-04-11 10:20:15,75.7,69.3,73.8,75.1,76.0,76.1,75.7,76.1,74.6,76.7,0,70.4,3.6,13.1
2025-04-11 10:20:20,75.9,69.5,74.0,75.1,76.2,76.1,75.8,76.0,74.8,76.8,0,70.4,4.5,13.1
2025-04-11 10:20:25,76.1,69.4,74.0,75.3,76.4,76.3,75.9,76.2,74.8,77.0,0,70.7,5.0,13.1
2025-04-11 10:20:30,76.3,69.5,74.3,75.6,76.8,76.5,76.1,76.5,75.2,77.2,0,71.0,4.1,13.1
2025-04-11 10:20:35,76.5,69.6,74.4,75.9,77.0,76.7,76.3,76.4,75.2,77.3,0,71.3,5.2,13.1
2025-04-11 10:20:40,76.7,69.7,74.5,76.1,77.2,76.7,76.3,76.6,75.4,77.5,0,71.4,4.6,13.1
2025-04-11 10:20:45,76.8,69.9,74.7,76.2,77.3,76.9,76.5,76.6,75.8,77.7,0,71.6,5.0,13.0
2025-04-11 10:20:50,76.9,70.0,74.7,76.3,77.4,77.0,76.5,76.9,76.0,77.9,0,71.8,4.7,13.0
2025-04-11 10:20:55,77.2,70.4,74.9,76.4,77.7,77.2,76.8,76.9,76.1,78.1,0,71.9,5.0,13.0
2025-04-11 10:21:00,77.4,70.7,75.0,76.8,77.8,77.4,76.9,77.0,76.1,78.3,0,72.0,4.2,13.0
2025-04-11 10:21:05,77.4,70.8,75.2,76.9,77.8,77.7,76.9,77.1,76.3,78.6,0,72.4,4.3,13.0
2025-04-11 10:21:10,77.7,71.1,75.4,76.9,78.1,77.9,77.1,77.3,76.6,78.8,0,72.7,4.9,13.0
2025-04-11 10:21:15,78.0,71.2,75.6,76.9,78.2,78.0,77.3,77.4,76.8,78.9,0,72.8,5.0,13.0
2025-04-11 10:21:20,78.2,71.3,75.9,77.1,78.4,78.3,77.5,77.6,77.0,79.2,0,73.0,4.9,13.0
2025-04-11 10:21:25,78.3,71.2,76.1,77.3,78.7,78.5,77.6,78.0,77.4,79.4,0,73.3,3.9,13.0
2025-04-11 10:21:30,78.4,71.2,76.3,77.5,79.0,78.9,77.9,78.0,77.5,79.6,0,73.6,3.4,13.0
2025-04-11 10:21:35,78.6,71.3,76.5,78.1,79.1,79.1,78.1,78.3,77.8,79.8,0,73.9,3.1,13.0
2025-04-11 10:21:40,78.7,71.5,76.7,78.5,79.3,79.5,78.2,78.7,78.1,80.0,0,74.3,2.9,12.9
2025-04-11 10:21:45,78.9,71.5,76.7,78.7,79.5,79.6,78.6,78.9,78.3,80.2,0,74.7,5.0,12.9
2025-04-11 10:21:50,79.0,71.6,77.3,79.0,80.0,79.9,78.9,78.9,78.5,80.4,0,74.8,4.9,12.9
2025-04-11 10:21:55,79.0,71.7,77.7,79.0,80.1,80.1,79.0,79.3,78.5,80.7,0,75.2,4.1,12.9
2025-04-11 10:22:00,79.5,72.0,77.7,79.0,80.3,80.4,79.1,79.4,78.7,81.0,0,75.4,4.7,12.9
2025-04-11 10:22:05,79.6,72.4,78.1,79.3,80.4,80.4,79.2,79.6,79.0,81.1,0,75.5,5.2,12.9
2025-04-11 10:22:10,79.7,72.8,78.2,79.6,80.6,80.7,79.5,79.8,79.2,81.4,0,75.7,4.2,12.9
2025-04-11 10:22:15,80.0,72.9,78.3,79.7,80.8,80.9,79.7,80.1,79.4,81.6,0,75.9,3.8,12.9
2025-04-11 10:22:20,80.3,73.0,78.4,79.8,81.0,81.3,79.8,80.2,79.6,81.7,0,76.0,3.9,12.9
2025-04-11 10:22:25,80.4,73.1,78.8,80.2,81.2,81.5,80.0,80.3,79.8,82.0,0,76.2,4.4,12.8
2025-04-11 10:22:30,80.6,73.5,79.1,80.2,81.3,81.8,80.1,80.4,80.1,82.4,0,76.5,3.6,12.8
2025-04-11 10:22:35,80.7,73.6,79.3,80.5,81.6,82.1,80.3,80.4,80.2,82.5,0,76.6,3.3,12.8
2025-04-11 10:22:40,80.9,73.7,79.6,80.9,81.7,82.4,80.3,81.0,80.6,82.8,0,76.8,3.0,12.8
2025-04-11 10:22:45,81.2,73.8,79.8,81.0,81.9,82.7,80.6,81.1,80.8,83.0,0,77.0,3.2,12.8
2025-04-11 10:22:50,81.5,74.0,80.1,81.1,82.1,83.0,80.7,81.4,81.0,83.3,0,77.3,3.8,12.8
2025-04-11 10:22:55,81.7,74.2,80.2,81.7,82.4,83.3,81.0,81.7,81.2,83.5,0,77.5,4.7,12.8
2025-04-11 10:23:00,82.0,74.5,80.6,81.7,82.5,83.5,81.1,81.9,81.3,83.8,0,77.8,5.3,12.8
2025-04-11 10:23:05,82.1,74.8,80.8,81.8,82.9,83.9,81.3,82.2,81.7,84.0,0,78.1,4.9,12.7
2025-04-11 10:23:10,82.3,74.9,81.1,82.1,83.0,83.9,81.4,82.3,81.9,84.2,0,78.1,4.6,12.7
2025-04-11 10:23:15,82.5,75.3,81.3,82.3,83.2,84.3,81.8,82.9,82.3,84.5,0,78.4,3.5,12.7
2025-04-11 10:23:20,82.8,75.6,81.6,82.4,83.5,84.5,82.0,83.1,82.6,84.7,0,78.5,3.4,12.7
2025-04-11 10:23:25,82.9,75.7,81.7,82.6,83.7,84.8,82.1,83.3,82.7,85.0,0,78.7,3.3,12.7
2025-04-11 10:23:30,83.2,76.0,82.0,82.9,84.1,85.0,82.3,83.5,83.0,85.2,0,79.0,3.3,12.7
2025-04-11 10:23:35,83.3,76.3,82.3,83.3,84.2,85.3,82.5,83.8,83.3,85.4,0,79.3,2.8,12.7
2025-04-11 10:23:40,83.4,76.6,82.5,83.5,84.3,85.7,82.8,84.1,83.3,85.6,0,79.5,2.4,12.7
2025-04-11 10:23:45,83.8,76.6,82.6,83.8,84.6,86.0,82.9,84.4,83.7,85.9,0,79.9,2.1,12.6
2025-04-11 10:23:50,83.8,76.7,82.7,83.9,84.8,86.2,83.1,84.5,84.0,86.0,0,80.1,2.3,12.6
2025-04-11 10:23:55,84.1,77.0,83.2,84.2,85.2,86.6,83.4,84.9,84.1,86.4,0,80.5,2.7,12.6
2025-04-11 10:24:00,84.2,77.2,83.4,84.4,85.5,86.6,83.5,85.1,84.3,86.6,0,80.9,3.6,12.6
2025-04-11 10:24:05,84.5,77.4,83.7,84.6,85.8,87.0,83.9,85.4,84.5,86.8,0,81.0,3.3,12.6
2025-04-11 10:24:10,84.7,77.6,83.9,84.9,85.9,87.2,84.2,85.6,85.1,87.0,0,81.3,3.4,12.6
2025-04-11 10:24:15,84.8,77.8,84.1,85.1,86.1,87.5,84.4,85.9,85.5,87.2,0,81.5,3.0,12.6
2025-04-11 10:24:20,85.1,78.0,84.4,85.3,86.4,87.7,84.6,86.4,85.8,87.4,0,81.8,2.2,12.6
2025-04-11 10:24:25,85.3,78.2,84.6,85.5,86.6,88.2,84.8,86.5,85.8,87.7,0,82.2,1.8,12.6
2025-04-11 10:24:30,85.5,78.3,85.1,85.9,87.0,88.6,85.0,86.7,86.0,87.8,0,82.4,1.7,12.6
2025-04-11 10:24:35,85.8,78.4,85.4,86.2,87.2,88.9,85.6,87.2,86.4,88.0,0,82.7,2.8,12.6
2025-04-11 10:24:40,86.1,78.6,85.7,86.5,87.6,89.2,85.7,87.5,86.5,88.3,0,82.9,3.2,12.6
2025-04-11 10:24:45,86.3,78.9,85.9,86.8,87.9,89.4,85.8,87.5,86.9,88.5,0,83.2,3.5,12.6
2025-04-11 10:24:50,86.7,79.2,86.0,87.1,88.1,89.8,86.0,87.8,87.0,88.7,0,83.4,4.2,12.6
2025-04-11 10:24:55,86.8,79.3,86.2,87.1,88.1,89.9,86.1,88.0,87.2,89.0,0,83.6,3.5,12.6
2025-04-11 10:25:00,87.1,79.7,86.2,87.5,88.4,90.1,86.5,88.4,87.5,89.3,0,84.1,3.1,12.6
2025-04-11 10:25:05,87.4,80.1,86.4,87.8,88.8,90.3,86.8,88.5,87.8,89.6,0,84.4,3.5,12.6
2025-04-11 10:25:10,87.4,80.3,86.6,88.2,89.0,90.6,87.1,88.8,88.1,89.9,0,84.8,3.2,12.6
2025-04-11 10:25:15,87.6,80.7,86.9,88.3,89.3,90.9,87.4,89.2,88.4,90.2,0,85.2,2.1,12.6
2025-04-11 10:25:20,87.8,81.0,87.1,88.7,89.6,91.2,87.8,89.6,88.8,90.3,0,85.5,2.4,12.6
2025-04-11 10:25:25,88.2,81.3,87.5,88.9,89.9,91.5,88.1,90.1,89.2,90.8,0,85.8,3.3,12.6
2025-04-11 10:25:30,88.5,81.7,87.8,89.5,90.3,91.9,88.3,90.1,89.3,90.9,0,86.2,3.2,12.6
2025-04-11 10:25:35,88.9,81.9,88.3,89.5,90.6,92.0,88.3,90.6,89.6,91.3,0,86.6,2.8,12.6
2025-04-11 10:25:40,89.2,82.2,88.6,89.9,91.0,92.4,88.8,91.1,90.1,91.6,0,86.9,3.1,12.6
2025-04-11 10:25:45,89.5,82.5,89.0,90.4,91.3,93.1,89.3,91.4,90.4,91.9,0,87.3,3.4,12.6
2025-04-11 10:25:50,90.0,82.7,89.3,90.6,91.6,93.1,89.7,91.7,90.9,92.3,0,87.8,3.5,12.6
2025-04-11 10:25:55,90.3,82.9,89.6,91.1,92.0,93.3,89.9,92.0,91.2,92.6,0,88.2,2.8,12.6
2025-04-11 10:26:00,90.5,83.3,90.0,91.2,92.2,93.6,90.2,92.3,91.7,92.9,0,88.3,2.8,12.6
2025-04-11 10:26:05,91.0,83.8,90.2,91.6,92.6,93.9,90.5,92.7,92.2,93.3,0,88.9,3.3,12.6
2025-04-11 10:26:10,91.4,84.0,90.6,91.9,92.9,94.3,90.9,93.1,92.6,93.5,0,89.2,3.9,12.7
2025-04-11 10:26:15,91.7,84.1,91.1,92.3,93.3,94.8,91.1,93.4,93.0,93.8,0,89.5,4.2,12.7
2025-04-11 10:26:20,92.0,84.3,91.5,92.5,93.6,95.4,91.6,93.6,93.4,94.1,0,89.8,3.7,12.6
2025-04-11 10:26:25,92.3,84.5,91.7,92.8,93.9,95.6,91.8,94.1,93.7,94.4,0,90.2,3.4,12.6
2025-04-11 10:26:30,92.7,84.9,92.0,93.3,94.3,95.9,92.3,94.5,94.1,94.8,0,90.6,3.6,12.6
2025-04-11 10:26:35,93.1,85.1,92.5,93.6,94.5,96.1,92.6,94.7,94.5,95.2,0,90.9,3.9,12.7
2025-04-11 10:26:40,93.5,85.5,92.6,93.9,95.0,96.1,92.8,94.9,94.7,95.4,0,91.3,3.4,12.7
2025-04-11 10:26:45,93.9,86.0,92.9,94.0,95.1,96.5,93.2,95.1,95.0,95.6,0,91.5,2.9,12.7
2025-04-11 10:26:50,94.1,86.3,93.2,94.4,95.4,96.9,93.5,95.5,95.5,95.9,0,91.7,3.2,12.7
2025-04-11 10:26:55,94.5,86.5,93.4,94.7,95.6,97.2,93.7,95.6,95.6,96.2,0,92.3,3.2,12.7
2025-04-11 10:27:00,95.0,86.6,93.7,95.1,95.9,97.5,94.1,95.9,95.8,96.4,0,92.6,3.2,12.7
2025-04-11 10:27:05,95.1,86.7,93.7,95.2,96.1,97.6,94.2,96.2,96.1,96.7,0,92.9,3.3,12.7
2025-04-11 10:27:10,95.5,86.9,94.2,95.7,96.4,97.9,94.5,96.6,96.2,97.0,0,93.1,2.8,12.7
2025-04-11 10:27:15,95.8,87.1,94.4,95.9,96.6,98.2,94.7,96.7,96.5,97.2,0,93.5,2.9,12.7
2025-04-11 10:27:20,95.9,87.2,94.8,96.0,97.0,98.4,94.9,96.9,96.8,97.4,0,93.6,2.9,12.7
2025-04-11 10:27:25,96.4,87.6,95.0,96.2,97.3,98.7,95.2,97.1,97.0,97.6,0,93.9,3.0,12.7
2025-04-11 10:27:30,96.4,87.8,95.3,96.4,97.5,99.0,95.5,97.4,97.3,97.7,0,94.0,2.7,12.7
2025-04-11 10:27:35,96.5,88.0,95.6,96.6,97.8,99.2,95.9,97.6,97.6,98.1,0,94.3,3.2,12.7
2025-04-11 10:27:40,96.6,88.2,95.7,96.9,98.0,99.3,96.0,98.0,97.8,98.3,0,94.6,3.2,12.7
2025-04-11 10:27:45,96.8,88.5,96.0,97.2,98.2,99.5,96.2,98.1,97.9,98.4,0,94.7,3.1,12.7
2025-04-11 10:27:50,97.0,88.7,96.1,97.5,98.4,99.7,96.6,98.5,98.3,98.6,0,95.1,2.7,12.7
2025-04-11 10:27:55,97.2,88.8,96.2,97.7,98.5,99.8,96.8,98.7,98.6,98.7,0,95.3,2.7,12.7
2025-04-11 10:28:00,97.4,89.0,96.4,97.7,98.7,99.9,96.9,98.7,98.7,99.0,0,95.6,3.6,12.7
2025-04-11 10:28:05,97.7,89.3,96.7,98.1,99.0,100.3,97.2,98.8,98.9,99.1,0,95.8,3.5,12.7
2025-04-11 10:28:10,97.8,89.3,96.8,98.1,99.1,100.4,97.3,98.9,99.0,99.3,0,96.0,3.5,12.7
2025-04-11 10:28:15,98.2,89.6,97.1,98.4,99.4,100.6,97.5,99.2,99.3,99.5,0,96.3,3.4,12.7
2025-04-11 10:28:20,98.3,89.8,97.3,98.6,99.5,100.9,97.6,99.3,99.5,99.7,0,96.5,2.9,12.7
2025-04-11 10:28:25,98.4,89.9,97.5,98.7,99.6,101.0,97.9,99.4,99.8,99.9,0,96.8,2.6,12.7
2025-04-11 10:28:30,98.7,90.1,97.6,98.9,99.7,101.3,98.0,99.6,99.9,100.0,0,97.0,2.6,12.7
2025-04-11 10:28:35,98.8,90.1,97.8,99.0,99.9,101.6,98.1,99.7,100.1,100.2,0,97.1,2.8,12.7
2025-04-11 10:28:40,99.0,90.5,98.0,99.3,100.1,101.7,98.3,100.0,100.4,100.4,0,97.4,2.8,12.7
2025-04-11 10:28:45,99.3,90.6,98.1,99.4,100.2,101.8,98.4,100.1,100.6,100.5,0,97.7,2.5,12.7
2025-04-11 10:28:50,99.4,90.8,98.5,99.5,100.4,102.1,98.8,100.2,100.7,100.6,0,97.9,2.2,12.7
2025-04-11 10:28:55,99.6,91.0,98.5,99.8,100.6,102.3,98.9,100.4,100.9,100.9,0,98.2,2.2,12.7
2025-04-11 10:29:00,99.8,91.1,98.7,99.9,100.8,102.4,99.0,100.5,101.1,101.0,0,98.3,1.9,12.7
2025-04-11 10:29:05,100.1,91.3,98.9,100.0,101.0,102.6,99.1,100.8,101.3,101.2,0,98.5,2.2,12.7
2025-04-11 10:29:10,100.4,91.4,98.9,100.3,101.1,102.8,99.2,100.8,101.5,101.3,0,98.6,2.4,12.7
2025-04-11 10:29:15,100.5,91.5,99.1,100.6,101.3,103.1,99.4,101.3,101.6,101.4,0,98.9,2.4,12.7
2025-04-11 10:29:20,100.7,91.6,99.3,100.7,101.5,103.3,99.6,101.4,102.0,101.7,0,99.1,2.2,12.7
2025-04-11 10:29:25,100.9,91.6,99.5,100.8,101.6,103.6,99.7,101.7,102.1,101.7,0,99.3,2.1,12.7
2025-04-11 10:29:30,100.9,91.7,99.8,100.9,101.8,103.8,99.9,101.9,102.0,101.9,0,99.7,1.6,12.7
2025-04-11 10:29:35,101.1,92.0,100.0,101.0,102.1,103.9,100.3,102.1,102.1,102.1,0,99.9,1.4,12.7
2025-04-11 10:29:40,101.3,92.1,100.2,101.1,102.1,103.9,100.3,102.0,102.3,102.3,0,100.1,1.3,12.7
2025-04-11 10:29:45,101.4,92.3,100.4,101.7,102.5,104.1,100.5,102.3,102.4,102.4,0,100.2,1.1,12.7
2025-04-11 10:29:50,101.6,92.4,100.4,101.8,102.7,104.4,100.4,102.4,102.8,102.5,0,100.6,1.6,12.7
2025-04-11 10:29:55,101.8,92.4,100.5,101.8,102.8,104.5,100.6,102.5,102.7,102.6,0,100.8,2.2,12.7
2025-04-11 10:30:00,101.9,92.9,100.7,102.0,102.9,104.6,100.7,102.7,102.9,102.7,0,100.9,2.9,12.7
2025-04-11 10:30:05,102.0,92.9,100.7,102.2,102.9,104.7,100.9,102.8,103.0,102.8,0,100.9,2.8,12.7
2025-04-11 10:30:10,102.2,93.1,101.0,102.3,103.0,104.8,101.0,103.1,103.3,103.0,0,101.2,3.1,12.7
2025-04-11 10:30:15,102.3,93.3,101.3,102.4,103.1,105.0,101.2,103.4,103.4,103.1,0,101.2,3.1,12.7
2025-04-11 10:30:20,102.5,93.4,101.3,102.4,103.3,105.1,101.3,103.4,103.5,103.2,0,101.5,3.3,12.7
2025-04-11 10:30:25,102.7,93.6,101.4,102.5,103.5,105.3,101.4,103.6,103.5,103.3,0,101.5,2.8,12.7
2025-04-11 10:30:30,102.8,93.6,101.4,102.6,103.5,105.4,101.6,103.7,103.4,103.4,0,101.7,3.1,12.7
2025-04-11 10:30:35,103.0,93.7,101.5,102.8,103.7,105.5,101.8,104.0,103.5,103.5,0,101.9,3.5,12.7
2025-04-11 10:30:40,103.0,93.8,101.6,102.9,103.8,105.6,101.8,104.1,103.7,103.7,0,102.0,3.8,12.7
2025-04-11 10:30:45,103.1,94.0,101.7,103.0,103.9,105.8,101.9,104.3,103.8,103.8,0,102.0,3.5,12.8
2025-04-11 10:30:50,103.3,94.2,101.9,103.1,104.0,106.0,101.9,104.5,104.0,103.9,0,102.2,3.4,12.8
2025-04-11 10:30:55,103.5,94.3,102.0,103.1,104.0,106.1,102.0,104.7,104.1,103.9,0,102.3,3.2,12.8
2025-04-11 10:31:00,103.6,94.4,102.2,103.1,104.2,106.1,102.1,104.6,104.2,104.0,0,102.3,3.4,12.8
2025-04-11 10:31:05,103.7,94.5,102.3,103.2,104.3,106.3,102.3,104.9,104.4,104.1,0,102.4,3.0,12.8
2025-04-11 10:31:10,103.8,94.6,102.5,103.3,104.4,106.4,102.3,105.0,104.4,104.2,0,102.5,2.9,12.8
2025-04-11 10:31:15,103.9,94.6,102.5,103.5,104.4,106.6,102.5,105.2,104.6,104.4,0,102.6,2.4,12.8
2025-04-11 10:31:20,104.0,94.7,102.6,103.6,104.5,106.7,102.6,105.4,104.7,104.4,0,102.7,3.0,12.8
2025-04-11 10:31:25,104.1,94.8,102.8,103.6,104.5,106.8,102.5,105.5,104.8,104.5,0,102.8,3.1,12.8
2025-04-11 10:31:30,104.1,95.0,102.9,103.6,104.6,106.8,102.7,105.6,104.9,104.6,0,102.9,2.5,12.8
2025-04-11 10:31:35,104.2,95.1,103.1,103.7,104.7,107.0,102.9,105.6,105.0,104.7,0,102.9,2.3,12.8
2025-04-11 10:31:40,104.3,95.2,103.3,104.1,104.8,107.0,103.0,105.6,105.1,104.8,0,103.1,2.0,12.8
2025-04-11 10:31:45,104.3,95.2,103.4,104.1,104.8,107.1,103.1,105.6,105.1,104.8,0,103.2,1.7,12.8
2025-04-11 10:31:50,104.4,95.3,103.4,104.1,104.9,107.2,103.1,105.6,105.1,104.9,0,103.3,1.6,12.8
2025-04-11 10:31:55,104.4,95.4,103.4,104.1,105.1,107.1,103.1,105.7,105.2,105.0,0,103.3,1.5,12.8
2025-04-11 10:32:00,104.5,95.6,103.5,104.3,105.1,107.1,103.2,105.7,105.5,105.1,0,103.4,1.6,12.8
2025-04-11 10:32:05,104.6,95.7,103.5,104.2,105.2,107.1,103.4,105.8,105.5,105.2,0,103.4,2.3,12.8
2025-04-11 10:32:10,104.7,95.8,103.7,104.3,105.3,107.2,103.5,105.9,105.5,105.2,0,103.4,2.4,12.8
2025-04-11 10:32:15,104.7,95.8,103.8,104.4,105.4,107.2,103.5,106.0,105.4,105.3,0,103.4,1.9,12.8
2025-04-11 10:32:20,104.9,96.2,103.9,104.4,105.4,107.4,103.8,106.2,105.5,105.4,0,103.4,1.8,12.9
2025-04-11 10:32:25,105.0,96.3,104.0,104.4,105.5,107.5,103.7,106.2,105.6,105.4,0,103.5,1.5,12.9
2025-04-11 10:32:30,105.0,96.4,104.1,104.7,105.6,107.6,103.7,106.2,105.7,105.5,0,103.6,1.3,12.9
2025-04-11 10:32:35,105.1,96.4,104.3,104.6,105.7,107.7,103.8,106.2,105.8,105.6,0,103.7,1.3,12.9
2025-04-11 10:32:40,105.1,96.5,104.4,104.7,105.8,107.8,104.0,106.3,106.1,105.6,0,103.7,1.3,12.9
2025-04-11 10:32:45,105.2,96.5,104.3,104.7,105.9,107.9,104.1,106.3,106.0,105.7,0,103.7,1.4,12.9
2025-04-11 10:32:50,105.3,96.5,104.4,104.8,106.0,108.0,104.2,106.3,106.1,105.8,0,103.7,1.2,12.9
2025-04-11 10:32:55,105.3,96.6,104.3,104.9,106.0,107.9,104.2,106.2,106.1,105.9,0,103.9,2.3,12.9
2025-04-11 10:33:00,105.5,96.6,104.4,104.9,106.1,108.0,104.3,106.3,106.0,105.9,0,103.9,2.7,12.9
2025-04-11 10:33:05,105.5,96.7,104.7,105.1,106.1,108.0,104.3,106.3,106.0,106.0,0,103.9,2.9,12.9
2025-04-11 10:33:10,105.6,96.9,104.6,105.1,106.1,108.0,104.2,106.3,106.0,106.0,0,103.8,3.2,13.0
2025-04-11 10:33:15,105.6,96.9,104.5,105.1,106.2,107.9,104.3,106.2,106.0,106.0,0,103.8,3.3,13.0
2025-04-11 10:33:20,105.5,96.9,104.4,105.1,106.1,107.9,104.5,106.3,106.2,106.0,0,103.9,2.7,13.0
2025-04-11 10:33:25,105.5,97.0,104.5,105.3,106.3,108.0,104.3,106.2,106.2,106.0,0,103.9,2.7,13.0
2025-04-11 10:33:30,105.6,96.9,104.6,105.4,106.3,108.0,104.2,106.0,106.2,106.0,0,104.0,2.6,13.0
2025-04-11 10:33:35,105.6,96.9,104.6,105.3,106.3,108.0,104.3,106.2,106.1,106.0,0,103.9,2.4,13.0
2025-04-11 10:33:40,105.6,96.9,104.5,105.2,106.3,108.1,104.1,106.2,106.2,106.0,0,103.8,2.2,13.0
2025-04-11 10:33:45,105.6,97.0,104.6,105.3,106.3,108.1,104.1,106.1,106.3,106.1,0,103.7,2.2,13.0
2025-04-11 10:33:50,105.7,97.2,104.5,105.2,106.3,108.2,104.2,105.9,106.1,106.1,0,103.8,1.8,13.0
2025-04-11 10:33:55,105.7,97.2,104.6,105.4,106.3,108.2,104.3,105.9,106.2,106.0,0,103.7,3.4,13.0
2025-04-11 10:34:00,105.7,97.2,104.6,105.3,106.3,108.0,104.3,105.9,106.2,106.1,0,103.7,3.4,13.0
2025-04-11 10:34:05,105.8,97.2,104.6,105.3,106.3,108.1,104.2,105.8,106.3,106.1,0,103.7,2.6,13.0
2025-04-11 10:34:10,105.8,97.2,104.6,105.3,106.3,108.1,104.3,106.0,106.1,106.1,0,103.8,2.4,13.0
2025-04-11 10:34:15,105.6,97.2,104.7,105.4,106.4,108.1,104.2,105.9,106.1,106.1,0,103.8,2.4,13.0
2025-04-11 10:34:20,105.5,97.3,104.6,105.3,106.4,108.1,104.3,105.9,106.0,106.1,0,103.8,2.6,13.0
2025-04-11 10:34:25,105.5,97.4,104.6,105.4,106.4,108.0,104.1,105.7,106.0,106.1,0,103.8,2.3,13.1
2025-04-11 10:34:30,105.5,97.4,104.7,105.4,106.3,108.0,104.2,105.6,106.0,106.1,0,103.7,2.3,13.1
2025-04-11 10:34:35,105.5,97.6,104.6,105.3,106.4,108.0,104.2,105.7,105.9,106.1,0,103.6,2.4,13.1
2025-04-11 10:34:40,105.5,97.6,104.7,105.3,106.4,108.0,104.2,105.9,105.9,106.2,0,103.6,3.1,13.1
2025-04-11 10:34:45,105.5,97.7,104.8,105.5,106.2,108.0,104.1,105.8,105.9,106.2,0,103.5,3.2,13.1
2025-04-11 10:34:50,105.5,97.8,104.8,105.4,106.2,108.0,104.2,105.8,106.0,106.2,0,103.6,2.8,13.1
2025-04-11 10:34:55,105.5,97.8,104.8,105.4,106.3,108.0,104.1,105.6,105.9,106.1,0,103.5,2.7,13.1
2025-04-11 10:35:00,105.5,97.7,104.8,105.3,106.2,108.1,104.2,105.7,106.0,106.1,0,103.4,2.8,13.1
2025-04-11 10:35:05,105.5,97.8,104.7,105.2,106.2,108.1,104.1,105.5,106.0,106.1,0,103.4,3.5,13.1
2025-04-11 10:35:10,105.6,97.7,104.8,105.7,106.2,108.0,104.2,105.7,106.0,106.1,0,103.4,3.2,13.1
2025-04-11 10:35:15,105.6,97.7,104.8,105.8,106.2,107.9,104.2,105.7,106.1,106.1,0,103.4,3.3,13.1
2025-04-11 10:35:20,105.5,97.7,104.7,105.7,106.1,108.1,104.1,105.8,106.2,106.1,0,103.3,3.4,13.1
2025-04-11 10:35:25,105.6,97.8,104.8,105.6,106.2,107.9,104.1,105.6,106.2,106.0,0,103.2,2.6,13.1
2025-04-11 10:35:30,105.7,97.7,104.7,105.3,106.1,108.0,104.1,105.6,106.2,106.0,0,103.1,3.1,13.1
2025-04-11 10:35:35,105.6,97.9,104.7,105.5,106.0,108.0,104.0,105.6,106.0,105.9,0,103.0,4.5,13.1
2025-04-11 10:35:40,105.6,97.8,104.6,105.3,106.0,107.9,104.0,105.5,106.0,105.9,0,102.9,4.7,13.1
2025-04-11 10:35:45,105.4,97.7,104.5,105.1,105.8,107.8,104.0,105.4,105.9,105.8,0,102.6,4.6,13.1
2025-04-11 10:35:50,105.4,97.6,104.5,105.1,105.8,107.9,104.0,105.5,105.9,105.7,0,102.6,5.4,13.2
2025-04-11 10:35:55,105.4,97.4,104.6,105.2,105.7,107.8,104.0,105.6,105.9,105.6,0,102.6,4.3,13.2
2025-04-11 10:36:00,105.3,97.4,104.5,105.3,105.7,107.8,104.0,105.5,105.8,105.6,0,102.6,5.9,13.2
2025-04-11 10:36:05,105.3,97.2,104.5,105.4,105.6,107.7,103.9,105.4,105.7,105.5,0,102.4,7.0,13.2
2025-04-11 10:36:10,105.3,97.2,104.5,105.3,105.5,107.8,103.9,105.4,105.6,105.4,0,102.2,5.5,13.2
2025-04-11 10:36:15,105.1,97.1,104.3,105.3,105.5,107.5,103.9,105.3,105.4,105.3,0,101.9,6.0,13.2
2025-04-11 10:36:20,105.0,97.0,104.3,105.2,105.5,107.4,103.7,105.0,105.3,105.2,0,101.7,5.4,13.2
2025-04-11 10:36:25,104.8,96.9,103.9,105.1,105.2,107.1,103.7,104.9,105.3,105.1,0,101.6,4.1,13.2
2025-04-11 10:36:30,104.7,97.0,103.8,104.8,105.1,107.0,103.5,104.9,105.1,105.0,0,101.4,4.5,13.2
2025-04-11 10:36:35,104.6,97.0,103.8,104.9,105.1,106.8,103.4,104.8,105.1,104.9,0,101.1,4.8,13.1
2025-04-11 10:36:40,104.5,97.0,103.4,104.7,105.0,106.8,103.2,104.4,105.0,104.8,0,101.0,4.5,13.1
2025-04-11 10:36:45,104.3,96.9,103.3,104.7,104.8,106.6,103.1,104.4,104.8,104.7,0,100.9,4.6,13.1
2025-04-11 10:36:50,104.2,96.8,103.0,104.6,104.6,106.3,102.9,104.2,104.6,104.6,0,100.6,5.3,13.1
2025-04-11 10:36:55,104.0,96.7,102.9,104.4,104.5,106.2,102.8,104.1,104.3,104.4,0,100.4,5.3,13.1
2025-04-11 10:37:00,103.9,96.7,102.7,104.1,104.4,105.9,102.7,103.9,104.3,104.3,0,100.4,4.9,13.1
2025-04-11 10:37:05,103.8,96.5,102.4,104.1,104.4,105.8,102.5,103.9,104.0,104.1,0,100.2,4.5,13.1
2025-04-11 10:37:10,103.6,96.5,102.4,103.9,104.3,105.5,102.2,103.7,103.9,104.1,0,100.1,4.5,13.1
2025-04-11 10:37:15,103.5,96.5,102.1,103.7,104.2,105.5,102.3,103.5,103.9,103.9,0,99.9,4.1,13.1
2025-04-11 10:37:20,103.4,96.3,102.1,103.6,104.1,105.3,102.1,103.4,103.5,103.8,0,99.7,3.9,13.1
2025-04-11 10:37:25,103.4,96.2,101.9,103.5,104.0,105.2,102.1,103.3,103.4,103.7,0,99.6,3.1,13.1
2025-04-11 10:37:30,103.2,96.1,101.7,103.1,103.9,104.9,101.8,103.2,103.2,103.5,0,99.5,2.7,13.1
2025-04-11 10:37:35,103.0,95.9,101.4,102.8,103.8,104.8,101.5,103.0,103.1,103.4,0,99.4,3.3,13.0
2025-04-11 10:37:40,102.8,95.7,101.2,102.7,103.7,104.7,101.5,103.0,103.0,103.2,0,99.4,4.1,13.0
2025-04-11 10:37:45,102.6,95.7,101.2,102.4,103.7,104.6,101.4,103.0,103.1,103.1,0,99.2,5.5,13.0
2025-04-11 10:37:50,102.6,95.6,101.2,102.4,103.6,104.5,101.2,102.9,102.9,102.9,0,99.0,5.3,13.0
2025-04-11 10:37:55,102.5,95.5,101.2,102.2,103.4,104.2,101.2,102.5,102.6,102.8,0,98.9,4.1,13.0
2025-04-11 10:38:00,102.3,95.4,101.0,102.1,103.2,104.1,101.2,102.3,102.5,102.6,0,98.7,3.0,13.0
2025-04-11 10:38:05,102.2,95.4,100.8,101.9,103.1,103.9,100.9,102.1,102.2,102.5,0,98.7,2.7,13.0
2025-04-11 10:38:10,102.1,95.4,100.6,101.8,103.0,103.6,100.7,102.0,102.2,102.3,0,98.6,3.4,13.0
2025-04-11 10:38:15,101.9,95.1,100.3,101.8,103.0,103.6,100.6,101.8,102.0,102.2,0,98.5,3.2,13.0
2025-04-11 10:38:20,101.8,94.8,100.2,101.7,102.8,103.5,100.4,101.6,101.9,102.0,0,98.2,3.6,13.0
2025-04-11 10:38:25,101.8,94.7,100.2,101.3,102.7,103.2,100.2,101.4,101.7,101.9,0,98.1,3.5,13.0
2025-04-11 10:38:30,101.6,94.4,100.0,101.3,102.5,102.9,100.1,101.3,101.7,101.8,0,97.9,3.3,13.0
2025-04-11 10:38:35,101.6,94.3,99.7,101.1,102.4,102.7,100.0,101.0,101.4,101.6,0,97.7,3.0,13.0
2025-04-11 10:38:40,101.4,94.2,99.5,100.8,102.1,102.6,99.8,100.9,101.3,101.5,0,97.5,2.4,13.0
2025-04-11 10:38:45,101.2,94.3,99.3,100.7,101.9,102.4,99.7,100.7,101.1,101.3,0,97.2,2.6,13.0
2025-04-11 10:38:50,101.1,94.2,99.1,100.5,101.6,102.2,99.4,100.7,101.0,101.1,0,97.0,2.2,13.0
2025-04-11 10:38:55,100.9,94.2,99.1,100.4,101.6,102.1,99.2,100.4,100.8,100.9,0,96.8,2.4,13.0
2025-04-11 10:39:00,100.7,93.9,98.8,100.3,101.4,101.8,99.1,100.3,100.7,100.7,0,96.6,2.3,13.0
2025-04-11 10:39:05,100.5,93.7,98.7,100.0,101.1,101.6,98.9,100.1,100.4,100.5,0,96.3,3.0,13.0
2025-04-11 10:39:10,100.4,93.5,98.6,99.8,101.0,101.3,98.7,99.9,100.3,100.4,0,96.3,2.9,13.0
2025-04-11 10:39:15,100.2,93.5,98.4,99.6,100.8,101.1,98.6,99.5,100.0,100.1,0,96.0,3.0,13.0
2025-04-11 10:39:20,100.0,93.4,98.3,99.5,100.5,100.9,98.4,99.4,99.8,100.0,0,95.8,2.6,13.0
2025-04-11 10:39:25,99.9,93.1,97.9,99.3,100.3,100.8,98.2,99.2,99.6,99.8,0,95.5,2.4,13.0
2025-04-11 10:39:30,99.7,93.0,97.7,99.1,100.2,100.6,98.0,99.1,99.4,99.6,0,95.3,2.3,13.0
2025-04-11 10:39:35,99.5,92.7,97.5,98.9,100.1,100.5,97.9,98.9,99.3,99.4,0,95.0,2.1,13.0
2025-04-11 10:39:40,99.3,92.6,97.3,98.7,99.7,100.2,97.5,98.7,99.0,99.1,0,94.6,1.9,13.0
2025-04-11 10:39:45,99.2,92.4,97.2,98.6,99.6,100.1,97.5,98.6,98.7,98.9,0,94.5,1.6,13.0
2025-04-11 10:39:50,99.2,92.3,97.1,98.5,99.5,100.0,97.3,98.5,98.5,98.7,0,94.3,1.6,13.0
2025-04-11 10:39:55,98.7,92.1,96.7,98.1,99.2,99.8,97.1,98.2,98.4,98.5,0,94.1,1.5,13.0
2025-04-11 10:40:00,98.7,92.0,96.7,98.0,99.1,99.5,96.8,98.0,98.1,98.3,0,93.9,1.5,13.0
2025-04-11 10:40:05,98.6,91.8,96.5,97.8,98.9,99.3,96.7,97.7,97.8,98.1,0,93.5,1.8,13.0
2025-04-11 10:40:10,98.3,91.7,96.2,97.7,98.7,99.1,96.5,97.5,97.8,97.9,0,93.3,2.1,13.0
2025-04-11 10:40:15,98.1,91.6,96.1,97.4,98.4,98.9,96.2,97.4,97.7,97.8,0,93.2,1.9,13.0
2025-04-11 10:40:20,98.0,91.5,96.0,97.4,98.3,98.8,96.1,97.2,97.3,97.5,0,92.9,1.6,13.0
2025-04-11 10:40:25,97.8,91.5,95.9,97.1,98.1,98.6,95.9,97.1,97.2,97.3,0,92.7,1.6,13.0
2025-04-11 10:40:30,97.5,91.4,95.7,96.9,98.0,98.4,95.7,96.8,96.9,97.1,0,92.5,1.6,13.0
2025-04-11 10:40:35,97.4,91.2,95.4,96.8,97.7,98.2,95.5,96.4,96.6,96.9,0,92.2,1.5,13.0
2025-04-11 10:40:40,97.2,91.0,95.3,96.7,97.5,98.0,95.6,96.4,96.5,96.8,0,92.0,1.5,13.0
2025-04-11 10:40:45,97.0,91.1,95.1,96.5,97.4,97.9,95.2,96.1,96.2,96.5,0,91.8,1.9,13.0
2025-04-11 10:40:50,96.9,90.9,95.0,96.3,97.2,97.7,95.1,96.0,96.0,96.4,0,91.6,1.7,13.0
2025-04-11 10:40:55,96.7,90.8,94.8,96.2,97.0,97.5,94.8,95.8,95.8,96.2,0,91.3,1.9,13.0
2025-04-11 10:41:00,96.6,90.6,94.6,96.1,96.9,97.4,94.6,95.7,95.7,96.0,0,91.2,2.3,13.1
2025-04-11 10:41:05,96.4,90.6,94.5,95.9,96.7,97.2,94.4,95.5,95.6,95.8,0,90.8,2.8,13.1
2025-04-11 10:41:10,96.2,90.3,94.4,95.7,96.4,97.2,94.3,95.2,95.4,95.6,0,90.6,2.9,13.1
2025-04-11 10:41:15,96.1,90.2,94.1,95.6,96.3,97.0,94.1,95.1,95.2,95.4,0,90.4,2.9,13.1
2025-04-11 10:41:20,96.0,90.0,94.1,95.4,96.2,96.9,94.0,95.0,95.0,95.2,0,90.1,2.5,13.1
2025-04-11 10:41:25,95.7,89.6,93.9,95.2,96.0,96.8,93.7,94.7,95.0,95.0,0,89.8,2.0,13.1
2025-04-11 10:41:30,95.6,89.5,93.8,94.9,95.9,96.5,93.6,94.6,94.8,94.8,0,89.8,2.1,13.1
2025-04-11 10:41:35,95.4,89.3,93.5,94.8,95.6,96.4,93.5,94.4,94.7,94.7,0,89.5,1.4,13.1
2025-04-11 10:41:40,95.2,89.1,93.4,94.6,95.5,96.3,93.3,94.2,94.4,94.5,0,89.4,1.1,13.1
2025-04-11 10:41:45,95.1,88.9,93.2,94.4,95.3,96.1,93.1,94.2,94.3,94.4,0,89.2,1.0,13.1
2025-04-11 10:41:50,94.9,88.8,93.1,94.3,95.2,96.0,93.0,93.9,94.0,94.2,0,88.9,0.8,13.1
2025-04-11 10:41:55,94.7,88.6,92.9,94.1,94.9,95.8,92.9,93.7,93.8,94.1,0,88.8,0.7,13.1
2025-04-11 10:42:00,94.4,88.6,92.8,93.9,94.7,95.6,92.8,93.5,93.5,93.9,0,88.6,0.6,13.2
2025-04-11 10:42:05,94.4,88.4,92.7,93.8,94.5,95.4,92.6,93.3,93.6,93.7,0,88.4,0.7,13.2
2025-04-11 10:42:10,94.2,88.3,92.5,93.7,94.4,95.4,92.5,93.2,93.3,93.5,0,88.1,0.7,13.2
2025-04-11 10:42:15,93.9,88.1,92.2,93.4,94.1,95.1,92.3,93.0,93.1,93.3,0,87.9,0.6,13.2
2025-04-11 10:42:20,93.9,87.9,92.1,93.2,93.9,94.9,92.0,92.7,93.0,93.2,0,87.7,0.7,13.2
2025-04-11 10:42:25,93.6,87.8,92.0,93.1,93.6,94.8,92.0,92.6,92.9,93.0,0,87.5,1.8,13.2
2025-04-11 10:42:30,93.5,87.7,91.7,92.9,93.6,94.7,91.8,92.4,92.7,92.8,0,87.3,2.1,13.2
2025-04-11 10:42:35,93.5,87.6,91.7,92.7,93.4,94.4,91.7,92.1,92.6,92.6,0,87.0,2.0,13.2
2025-04-11 10:42:40,93.2,87.5,91.5,92.6,93.3,94.3,91.5,92.1,92.5,92.4,0,86.7,2.2,13.2
2025-04-11 10:42:45,93.1,87.3,91.4,92.4,93.0,94.1,91.4,92.0,92.3,92.3,0,86.6,2.5,13.2
2025-04-11 10:42:50,92.9,87.2,91.4,92.5,92.9,94.1,91.4,91.8,92.1,92.1,0,86.5,2.8,13.3
2025-04-11 10:42:55,92.8,87.1,91.2,92.4,92.8,94.0,91.3,91.6,92.0,92.0,0,86.2,2.7,13.3
2025-04-11 10:43:00,92.7,87.0,91.1,92.3,92.7,93.8,91.2,91.5,91.9,91.8,0,86.2,2.9,13.3
2025-04-11 10:43:05,92.6,86.9,91.0,92.1,92.6,93.8,91.1,91.3,91.9,91.7,0,86.1,2.9,13.3
2025-04-11 10:43:10,92.5,87.0,90.9,92.3,92.5,93.8,91.0,91.3,91.8,91.6,0,85.8,2.9,13.3
2025-04-11 10:43:15,92.4,86.8,91.0,92.1,92.5,93.6,90.8,91.3,91.9,91.5,0,85.8,4.4,13.3
2025-04-11 10:43:20,92.3,86.5,90.9,92.0,92.5,93.6,90.9,91.2,91.6,91.4,0,85.5,4.5,13.3
2025-04-11 10:43:25,92.2,86.2,90.8,91.9,92.3,93.4,90.8,91.0,91.6,91.2,0,85.3,4.8,13.3
2025-04-11 10:43:30,92.0,85.9,90.8,91.7,92.0,93.3,90.7,90.9,91.6,91.1,0,85.1,4.8,13.3
2025-04-11 10:43:35,92.0,85.9,90.6,91.4,91.7,93.1,90.6,90.7,91.3,90.9,0,84.8,4.0,13.3
2025-04-11 10:43:40,91.8,85.9,90.6,91.5,91.5,93.0,90.5,90.5,91.2,90.7,0,84.5,3.5,13.3
2025-04-11 10:43:45,91.7,85.9,90.4,91.1,91.3,92.8,90.4,90.3,91.0,90.6,0,84.4,2.8,13.3
2025-04-11 10:43:50,91.6,85.7,90.1,91.1,91.1,92.6,90.2,90.1,90.8,90.4,0,84.1,2.9,13.3
2025-04-11 10:43:55,91.5,85.6,90.1,91.0,91.0,92.6,90.1,90.0,90.6,90.3,0,84.1,2.5,13.3
2025-04-11 10:44:00,91.2,85.4,89.9,90.8,90.8,92.4,90.0,90.0,90.4,90.2,0,83.8,1.9,13.3
2025-04-11 10:44:05,91.1,85.4,89.9,90.7,90.7,92.3,90.0,89.9,90.4,90.0,0,83.6,1.8,13.3
2025-04-11 10:44:10,91.0,85.2,89.7,90.6,90.5,92.2,89.7,89.6,90.0,89.9,0,83.4,1.4,13.3
2025-04-11 10:44:15,90.9,85.1,89.5,90.4,90.4,92.1,89.5,89.6,89.8,89.8,0,83.2,1.3,13.3
2025-04-11 10:44:20,90.8,85.0,89.4,90.4,90.3,92.0,89.4,89.5,89.8,89.7,0,83.2,1.1,13.3
2025-04-11 10:44:25,90.6,85.0,89.3,90.2,90.3,91.9,89.3,89.3,89.6,89.6,0,82.9,1.3,13.3
2025-04-11 10:44:30,90.6,84.9,89.2,90.1,90.1,91.9,89.3,89.3,89.5,89.5,0,83.0,1.9,13.3
2025-04-11 10:44:35,90.5,85.0,89.1,90.1,90.0,91.7,89.2,89.1,89.3,89.4,0,82.8,2.3,13.3
2025-04-11 10:44:40,90.5,84.9,89.1,90.0,89.9,91.7,89.2,89.1,89.2,89.3,0,82.6,3.6,13.3
2025-04-11 10:44:45,90.4,84.9,89.0,89.9,89.8,91.6,89.1,89.1,89.1,89.2,0,82.5,3.1,13.4
2025-04-11 10:44:50,90.3,84.9,88.8,89.8,89.7,91.6,88.9,89.0,89.1,89.1,0,82.4,2.2,13.3
2025-04-11 10:44:55,90.2,84.8,88.8,89.7,89.6,91.6,89.0,88.8,88.9,89.0,0,82.2,2.0,13.3
2025-04-11 10:45:00,90.1,84.8,88.7,89.7,89.5,91.5,88.9,88.8,88.8,88.9,0,82.1,2.9,13.3
2025-04-11 10:45:05,90.0,84.8,88.7,89.6,89.3,91.5,88.8,88.8,88.8,88.8,0,82.0,2.9,13.4
2025-04-11 10:45:10,90.0,84.8,88.6,89.5,89.3,91.4,88.7,88.6,88.6,88.7,0,82.0,4.1,13.3
2025-04-11 10:45:15,89.8,84.8,88.6,89.2,89.2,91.3,88.6,88.5,88.5,88.5,0,81.8,5.1,13.4
2025-04-11 10:45:20,89.8,84.6,88.5,89.1,89.1,91.1,88.6,88.5,88.5,88.4,0,81.8,3.8,13.4
2025-04-11 10:45:25,89.7,84.6,88.4,88.9,89.0,90.9,88.5,88.3,88.4,88.3,0,81.8,3.1,13.4
2025-04-11 10:45:30,89.6,84.5,88.2,88.7,88.9,90.7,88.5,88.2,88.4,88.2,0,81.6,2.4,13.3
2025-04-11 10:45:35,89.5,84.4,88.2,88.4,88.8,90.6,88.5,88.0,88.2,88.1,0,81.4,2.2,13.4
2025-04-11 10:45:40,89.4,84.3,88.0,88.1,88.8,90.3,88.3,88.1,88.0,87.9,0,81.1,2.1,13.4
2025-04-11 10:45:45,89.2,84.3,87.9,87.8,88.6,90.1,88.2,88.0,87.9,87.8,0,81.0,2.9,13.4
2025-04-11 10:45:50,89.1,84.3,87.8,87.7,88.4,89.9,88.1,87.9,87.7,87.7,0,80.8,4.3,13.4
2025-04-11 10:45:55,89.1,84.1,87.8,87.4,88.3,89.8,87.9,87.7,87.6,87.5,0,80.6,5.0,13.4
2025-04-11 10:46:00,88.9,83.9,87.8,87.3,88.3,89.5,87.8,87.5,87.5,87.5,0,80.6,4.2,13.4
2025-04-11 10:46:05,88.8,83.8,87.7,86.9,88.2,89.1,87.6,87.3,87.3,87.2,0,80.3,3.5,13.3
2025-04-11 10:46:10,88.7,83.7,87.7,86.5,88.1,88.8,87.5,87.3,87.2,87.0,0,80.0,3.4,13.3
2025-04-11 10:46:15,88.6,83.4,87.4,86.3,87.9,88.7,87.5,87.2,87.2,86.9,0,79.8,3.3,13.3
2025-04-11 10:46:20,88.5,83.3,87.1,86.2,87.8,88.3,87.2,87.0,86.7,86.8,0,79.6,3.2,13.3
2025-04-11 10:46:25,88.3,83.2,86.9,86.0,87.7,88.2,87.0,86.9,86.7,86.7,0,79.4,3.0,13.3
2025-04-11 10:46:30,88.2,83.0,86.9,85.7,87.6,87.8,87.0,86.7,86.8,86.6,0,79.1,2.6,13.3
2025-04-11 10:46:35,88.1,82.9,86.7,85.6,87.4,87.6,86.9,86.7,86.8,86.5,0,78.9,2.6,13.3
2025-04-11 10:46:40,87.9,82.7,86.5,85.3,87.4,87.6,86.8,86.7,86.7,86.4,0,78.8,3.5,13.3
2025-04-11 10:46:45,87.8,82.6,86.4,85.3,87.2,87.3,86.6,86.6,86.6,86.3,0,78.7,2.7,13.3
2025-04-11 10:46:50,87.7,82.5,86.4,85.2,87.1,87.1,86.7,86.6,86.4,86.2,0,78.5,2.8,13.3
2025-04-11 10:46:55,87.6,82.3,86.2,85.1,87.1,87.1,86.4,86.4,86.4,86.1,0,78.4,2.4,13.3
2025-04-11 10:47:00,87.5,82.3,86.2,84.9,87.0,86.9,86.4,86.3,86.2,86.0,0,78.4,2.1,13.3
2025-04-11 10:47:05,87.4,82.2,86.1,85.0,87.0,86.9,86.5,69.4,86.2,85.9,0,78.3,1.6,13.3
2025-04-11 10:47:10,87.4,82.1,85.9,84.8,86.9,86.7,86.3,37.7,86.2,85.8,0,78.1,1.8,13.3
2025-04-11 10:47:15,87.3,82.0,85.8,84.8,86.8,86.7,86.1,35.7,86.1,85.8,0,78.1,2.2,13.3
2025-04-11 10:47:20,87.2,81.9,85.8,84.5,86.7,86.7,85.9,33.9,85.9,85.7,0,78.0,2.5,13.3
2025-04-11 10:47:25,87.2,81.9,85.7,84.4,86.6,86.6,85.8,33.6,86.2,85.6,0,77.8,3.5,13.3
2025-04-11 10:47:30,87.2,81.9,85.6,84.3,86.6,86.4,85.8,32.4,86.2,85.5,0,77.6,3.5,13.3
2025-04-11 10:47:35,87.1,81.9,85.7,84.2,86.6,86.3,85.7,33.9,86.0,85.4,0,77.4,2.5,13.3
2025-04-11 10:47:40,87.0,81.8,85.4,84.2,86.5,86.2,85.6,34.1,86.0,85.3,0,77.4,2.5,13.3
2025-04-11 10:47:45,87.0,81.7,85.4,84.0,86.4,85.9,85.6,33.8,86.0,85.2,0,77.3,2.3,13.3
2025-04-11 10:47:50,87.0,81.8,85.2,83.9,86.4,85.8,85.5,32.8,85.8,85.1,0,77.1,3.0,13.3
2025-04-11 10:47:55,86.8,81.6,85.0,83.7,86.4,85.7,85.2,33.9,85.6,85.0,0,76.9,3.6,13.3
2025-04-11 10:48:00,86.7,81.5,84.9,83.7,86.2,85.5,85.0,34.1,85.5,84.9,0,76.7,2.8,13.3
2025-04-11 10:48:05,86.6,81.4,84.8,83.5,86.2,85.3,84.9,41.3,85.2,84.7,0,76.5,3.0,13.3
2025-04-11 10:48:10,86.5,81.4,84.7,83.4,86.0,85.2,84.9,42.4,85.2,84.6,0,76.3,3.6,13.3
2025-04-11 10:48:15,86.4,81.2,84.5,83.3,85.9,85.0,84.8,42.5,85.1,84.5,0,76.1,3.2,13.3
2025-04-11 10:48:20,86.4,81.0,84.3,83.3,85.8,84.9,84.6,41.8,85.0,84.5,0,76.0,3.5,13.3
2025-04-11 10:48:25,86.3,81.0,84.2,83.2,85.8,84.9,84.6,41.8,85.0,84.4,0,75.8,4.1,13.3
2025-04-11 10:48:30,86.2,80.8,84.2,82.9,85.7,84.8,84.4,78.7,85.0,84.3,0,75.7,3.6,13.2
2025-04-11 10:48:35,86.0,80.8,84.1,82.9,85.7,84.7,84.3,82.2,84.9,84.3,0,75.6,2.8,13.3
2025-04-11 10:48:40,85.9,80.7,84.0,82.8,85.7,84.6,84.3,83.6,84.8,84.2,0,75.4,2.8,13.2
2025-04-11 10:48:45,85.8,80.6,83.9,82.8,85.6,84.5,84.1,83.9,84.8,84.2,0,75.3,2.7,13.2
2025-04-11 10:48:50,85.8,80.6,83.9,82.7,85.5,84.4,84.2,84.1,84.8,84.1,0,75.1,3.9,13.2
2025-04-11 10:48:55,85.8,80.6,83.8,82.9,85.5,84.3,84.3,84.1,84.8,84.1,0,75.0,4.2,13.2
2025-04-11 10:49:00,85.9,80.6,83.8,82.8,85.6,84.3,84.2,84.0,84.8,84.0,0,75.1,3.9,13.2
2025-04-11 10:49:05,85.8,80.6,83.6,82.8,85.4,84.2,84.1,84.1,84.8,84.0,0,74.9,3.8,13.2
2025-04-11 10:49:10,85.8,80.5,83.5,82.7,85.3,84.2,84.0,84.0,84.7,84.0,0,74.7,4.4,13.2
2025-04-11 10:49:15,85.8,80.4,83.5,82.6,85.3,84.1,84.1,84.2,84.8,83.9,0,74.7,4.8,13.2
2025-04-11 10:49:20,85.7,80.4,83.5,82.5,85.3,84.1,84.1,84.4,84.7,83.9,0,74.5,3.6,13.2
2025-04-11 10:49:25,85.6,80.4,83.6,82.4,85.3,84.1,84.0,84.4,84.7,83.9,0,74.4,2.8,13.2
2025-04-11 10:49:30,85.5,80.3,83.5,82.5,85.2,83.9,84.0,84.3,84.6,83.8,0,74.2,2.1,13.2
2025-04-11 10:49:35,85.4,80.3,83.3,82.5,85.2,83.9,83.9,84.4,84.5,83.8,0,74.1,3.2,13.2
2025-04-11 10:49:40,85.4,80.3,83.3,82.5,85.1,83.9,83.8,84.4,84.5,83.7,0,74.0,3.4,13.2
2025-04-11 10:49:45,85.2,80.3,83.3,82.4,85.1,83.8,83.8,84.5,84.5,83.6,0,73.8,2.8,13.2
2025-04-11 10:49:50,85.2,80.3,83.2,82.3,85.1,83.7,83.8,84.6,84.5,83.6,0,73.7,2.8,13.2
2025-04-11 10:49:55,85.0,80.3,83.1,82.3,85.0,83.6,83.5,84.3,84.3,83.4,0,73.4,3.0,13.2
2025-04-11 10:50:00,85.0,80.2,83.0,82.2,84.9,83.4,83.5,84.3,84.2,83.3,0,73.2,3.5,13.2
2025-04-11 10:50:05,85.0,80.0,82.9,82.1,84.8,83.4,83.5,84.4,84.0,83.2,0,73.1,3.1,13.2
2025-04-11 10:50:10,84.8,80.0,82.7,81.9,84.7,83.2,83.3,84.3,83.9,83.1,0,73.0,2.5,13.2
2025-04-11 10:50:15,84.7,79.9,82.6,81.9,84.5,83.2,83.1,84.2,83.8,83.1,0,72.8,2.3,13.2
2025-04-11 10:50:20,84.6,79.8,82.6,81.7,84.3,83.0,83.0,84.2,83.7,83.0,0,72.6,3.5,13.2
2025-04-11 10:50:25,84.5,79.7,82.3,82.0,84.2,83.1,82.9,84.1,83.6,82.9,0,72.4,4.1,13.2
2025-04-11 10:50:30,84.4,79.5,82.3,81.9,84.2,83.0,82.9,84.1,83.5,82.8,0,72.3,3.7,13.2
2025-04-11 10:50:35,84.3,79.5,82.1,81.7,84.1,82.9,82.7,83.9,83.4,82.7,0,72.2,3.7,13.2
2025-04-11 10:50:40,84.1,79.5,82.1,81.6,84.0,82.8,82.5,83.9,83.4,82.6,0,72.0,4.1,13.2
2025-04-11 10:50:45,84.1,79.3,81.9,81.6,83.9,82.7,82.4,83.8,83.2,82.5,0,71.8,3.5,13.2
2025-04-11 10:50:50,84.0,79.3,81.9,81.6,83.8,82.5,82.3,83.8,83.1,82.4,0,71.7,3.1,13.2
2025-04-11 10:50:55,83.9,79.3,81.9,81.5,83.7,82.6,82.3,83.8,82.9,82.2,0,71.5,3.0,13.2
2025-04-11 10:51:00,83.8,79.2,81.7,81.5,83.6,82.6,82.2,83.7,82.9,82.1,0,71.5,2.2,13.2
2025-04-11 10:51:05,83.7,79.1,81.7,81.4,83.5,82.6,82.2,83.8,82.8,82.0,0,71.4,3.0,13.2
2025-04-11 10:51:10,83.6,79.1,81.8,81.4,83.5,82.6,82.0,83.6,82.9,81.9,0,71.2,3.1,13.2
2025-04-11 10:51:15,83.6,79.1,81.6,81.5,83.5,82.4,81.9,83.5,82.8,81.9,0,71.0,3.0,13.2
2025-04-11 10:51:20,83.5,79.1,81.7,81.4,83.4,82.5,81.9,83.5,82.7,81.8,0,71.0,3.4,13.2
2025-04-11 10:51:25,83.5,79.0,81.6,81.3,83.4,82.3,81.8,83.3,82.6,81.7,0,70.8,3.6,13.2
2025-04-11 10:51:30,83.4,79.0,81.6,81.3,83.3,82.4,81.8,83.3,82.4,81.6,0,70.7,3.0,13.2
2025-04-11 10:51:35,83.4,79.0,81.5,81.2,83.2,82.3,81.7,83.2,82.3,81.6,0,70.7,3.1,13.2
2025-04-11 10:51:40,83.4,78.9,81.5,81.3,83.3,82.4,81.9,83.1,82.3,81.5,0,70.5,2.9,13.2
2025-04-11 10:51:45,83.4,78.9,81.5,81.4,83.2,82.4,81.7,83.1,82.2,81.5,0,70.4,3.1,13.2
2025-04-11 10:51:50,83.3,78.8,81.5,81.3,83.2,82.4,81.7,83.2,82.2,81.4,0,70.5,2.6,13.1
2025-04-11 10:51:55,83.2,78.8,81.4,81.4,83.1,82.3,81.6,83.1,82.2,81.4,0,70.4,2.5,13.1
2025-04-11 10:52:00,83.2,78.9,81.4,81.4,83.1,82.4,81.8,83.0,82.1,81.3,0,70.3,3.1,13.2
2025-04-11 10:52:05,83.1,78.9,81.3,81.4,83.0,82.5,81.6,83.0,81.9,81.3,0,70.3,4.3,13.2
2025-04-11 10:52:10,83.1,78.8,81.5,81.3,83.0,82.5,81.6,83.0,81.9,81.2,0,70.3,3.9,13.2
2025-04-11 10:52:15,83.0,78.8,81.5,81.4,83.0,82.5,81.6,83.0,81.8,81.2,0,70.2,3.5,13.2
2025-04-11 10:52:20,83.0,78.7,81.5,81.3,83.0,82.5,81.6,83.0,81.8,81.1,0,70.0,3.3,13.1
2025-04-11 10:52:25,83.0,78.7,81.6,81.3,83.0,82.4,81.5,82.8,81.8,81.0,0,70.0,3.1,13.2
2025-04-11 10:52:30,82.9,78.6,81.4,81.3,83.0,82.4,81.5,82.8,81.7,81.0,0,69.9,2.5,13.2
2025-04-11 10:52:35,82.9,78.5,81.3,81.2,83.0,82.3,81.6,82.7,81.6,80.9,0,69.8,2.4,13.2
2025-04-11 10:52:40,82.9,78.4,81.3,81.2,82.9,82.4,81.4,82.8,81.6,80.9,0,69.7,2.9,13.2
2025-04-11 10:52:45,82.9,78.2,81.2,81.2,82.8,82.4,81.4,82.8,81.4,80.8,0,69.7,3.3,13.2
2025-04-11 10:52:50,82.8,78.1,81.2,81.1,82.8,82.4,81.3,82.6,81.4,80.7,0,69.6,3.0,13.2
2025-04-11 10:52:55,82.8,78.0,81.0,81.1,82.7,82.2,81.3,82.5,81.3,80.6,0,69.6,2.9,13.2
2025-04-11 10:53:00,82.8,78.1,81.0,81.2,82.7,82.2,81.3,82.3,81.3,80.6,0,69.6,2.8,13.2
2025-04-11 10:53:05,82.7,78.0,80.9,81.1,82.6,82.2,81.2,82.4,81.3,80.6,0,69.5,2.5,13.2
2025-04-11 10:53:10,82.6,78.0,81.0,81.0,82.6,82.2,81.2,82.4,81.2,80.5,0,69.5,3.4,13.2
2025-04-11 10:53:15,82.6,78.0,80.9,81.0,82.5,82.2,81.2,82.3,81.1,80.5,0,69.3,2.9,13.2
2025-04-11 10:53:20,82.6,77.9,80.9,80.9,82.5,82.4,81.2,82.2,81.1,80.5,0,69.4,2.3,13.2
2025-04-11 10:53:25,82.6,77.9,80.8,80.9,82.5,82.3,81.2,82.4,81.1,80.5,0,69.4,2.4,13.2
2025-04-11 10:53:30,82.5,77.9,80.7,81.0,82.4,82.4,81.1,82.3,81.1,80.4,0,69.4,2.5,13.2
2025-04-11 10:53:35,82.5,77.8,80.8,80.8,82.5,82.4,81.1,82.3,80.9,80.4,0,69.3,2.2,13.2
2025-04-11 10:53:40,82.5,77.7,80.7,80.8,82.4,82.4,81.1,82.1,80.9,80.4,0,69.2,2.0,13.2
2025-04-11 10:53:45,82.4,77.6,80.7,80.8,82.3,82.4,81.1,82.2,80.9,80.4,0,69.2,2.1,13.2
2025-04-11 10:53:50,82.4,77.5,80.7,80.6,82.2,82.3,81.1,82.1,80.8,80.3,0,69.1,2.1,13.2
2025-04-11 10:53:55,82.3,77.4,80.6,80.6,82.2,82.3,81.0,82.1,80.7,80.2,0,69.0,2.0,13.2
2025-04-11 10:54:00,82.3,77.3,80.5,80.6,82.1,82.2,80.9,82.1,80.6,80.1,0,69.0,1.7,13.2
2025-04-11 10:54:05,82.2,77.2,80.5,80.4,82.1,82.2,80.8,82.0,80.5,80.1,0,68.9,1.8,13.2
2025-04-11 10:54:10,82.1,77.2,80.4,80.3,82.0,82.1,80.7,81.8,80.4,80.0,0,68.8,1.5,13.2
2025-04-11 10:54:15,82.1,77.1,80.2,80.2,81.9,82.0,80.6,81.8,80.3,79.9,0,68.8,1.5,13.2
2025-04-11 10:54:20,82.0,77.0,80.1,80.2,81.8,81.9,80.5,81.8,80.2,79.8,0,68.7,1.5,13.2
2025-04-11 10:54:25,81.9,77.0,80.0,79.9,81.7,81.8,80.4,81.7,80.1,79.7,0,68.6,2.0,13.2
2025-04-11 10:54:30,81.8,76.9,79.9,79.9,81.5,81.9,80.2,81.6,80.1,79.6,0,68.6,2.2,13.2
2025-04-11 10:54:35,81.8,76.8,79.9,79.7,81.5,81.7,80.2,81.5,80.0,79.5,0,68.4,2.1,13.2
2025-04-11 10:54:40,81.6,76.7,79.8,79.7,81.4,81.7,80.1,81.6,79.9,79.4,0,68.4,2.0,13.2
2025-04-11 10:54:45,81.5,76.6,79.6,79.7,81.3,81.6,80.0,81.5,80.0,79.4,0,68.3,2.0,13.2
2025-04-11 10:54:50,81.5,76.5,79.5,79.5,81.2,81.6,80.1,81.6,79.9,79.2,0,68.4,2.3,13.2
2025-04-11 10:54:55,81.3,76.4,79.5,79.6,81.3,81.6,80.0,81.4,79.6,79.1,0,68.3,3.6,13.2
2025-04-11 10:55:00,81.2,76.3,79.4,79.5,81.3,81.5,79.8,81.3,79.5,79.0,0,68.3,4.4,13.2
2025-04-11 10:55:05,81.1,76.3,79.4,79.3,81.2,81.5,79.9,81.0,79.3,78.8,0,68.2,4.7,13.2
2025-04-11 10:55:10,81.2,76.3,79.4,79.4,81.1,81.4,79.8,80.9,79.2,78.8,0,68.1,4.8,13.2
2025-04-11 10:55:15,81.2,76.3,79.2,79.3,80.8,81.3,79.5,80.8,79.2,78.7,0,67.9,3.9,13.2
2025-04-11 10:55:20,81.2,76.2,79.1,79.2,80.8,81.1,79.5,80.8,79.1,78.7,0,67.9,3.5,13.2
2025-04-11 10:55:25,81.1,76.3,79.1,79.1,80.7,81.1,79.5,80.7,79.1,78.6,0,67.8,3.6,13.2
2025-04-11 10:55:30,81.0,76.3,79.0,78.9,80.6,80.9,79.3,80.5,78.9,78.5,0,67.8,3.5,13.2
2025-04-11 10:55:35,80.8,76.1,78.8,78.9,80.5,81.0,79.2,80.5,78.9,78.4,0,67.7,3.2,13.2
2025-04-11 10:55:40,80.8,76.1,78.7,78.8,80.4,80.8,79.1,80.4,78.8,78.3,0,67.6,2.6,13.2
2025-04-11 10:55:45,80.6,76.2,78.6,78.8,80.3,80.8,79.0,80.4,78.7,78.3,0,67.5,2.6,13.2
2025-04-11 10:55:50,80.6,76.2,78.6,78.7,80.3,80.7,78.9,80.3,78.7,78.2,0,67.4,2.4,13.2
2025-04-11 10:55:55,80.4,76.1,78.5,78.8,80.1,80.6,78.9,80.2,78.6,78.1,0,67.4,2.2,13.2
2025-04-11 10:56:00,80.5,76.1,78.5,78.8,80.1,80.6,78.9,80.1,78.6,78.1,0,67.3,3.1,13.2
2025-04-11 10:56:05,80.5,76.1,78.4,78.7,79.9,80.5,78.9,79.9,78.5,78.0,0,67.3,2.9,13.2
2025-04-11 10:56:10,80.4,76.1,78.4,78.5,79.9,80.4,78.7,80.0,78.5,77.9,0,67.2,2.5,13.2
2025-04-11 10:56:15,80.3,76.0,78.3,78.6,79.8,80.4,78.8,79.8,78.4,77.8,0,67.1,1.8,13.2
2025-04-11 10:56:20,80.2,75.9,78.3,78.3,79.7,80.3,78.7,80.0,78.4,77.8,0,66.9,1.5,13.2
2025-04-11 10:56:25,80.2,75.8,78.3,78.2,79.7,80.3,78.7,79.9,78.2,77.7,0,66.9,1.2,13.2
2025-04-11 10:56:30,80.1,75.7,78.2,78.3,79.6,80.3,78.7,79.8,78.3,77.6,0,66.8,1.9,13.2
2025-04-11 10:56:35,80.0,75.7,78.0,78.3,79.5,80.1,78.6,79.5,78.1,77.5,0,66.8,2.7,13.2
2025-04-11 10:56:40,80.0,75.7,78.1,78.1,79.4,80.1,78.6,79.4,77.8,77.4,0,66.7,2.8,13.2
2025-04-11 10:56:45,79.9,75.7,78.0,78.0,79.3,80.0,78.4,79.4,77.9,77.3,0,66.6,2.5,13.2
2025-04-11 10:56:50,79.8,75.7,77.9,77.9,79.2,80.0,78.3,79.3,77.7,77.2,0,66.5,3.1,13.2
2025-04-11 10:56:55,79.6,75.8,77.8,77.9,79.1,79.9,78.2,79.2,77.6,77.0,0,66.4,3.2,13.2
2025-04-11 10:57:00,79.5,75.7,77.7,77.7,78.9,79.7,78.1,79.1,77.4,76.9,0,66.3,3.3,13.2
2025-04-11 10:57:05,79.5,75.6,77.8,77.5,78.9,79.6,77.9,78.9,77.3,76.8,0,66.1,3.4,13.2
2025-04-11 10:57:10,79.3,75.5,77.5,77.6,78.7,79.5,77.8,78.8,77.2,76.7,0,65.9,3.1,13.2
2025-04-11 10:57:15,79.1,75.3,77.3,77.4,78.6,79.3,77.6,78.6,77.1,76.5,0,65.7,3.6,13.3
2025-04-11 10:57:20,79.1,75.1,77.3,77.3,78.4,79.1,77.4,78.5,77.0,76.4,0,65.5,2.8,13.2
2025-04-11 10:57:25,79.0,75.0,77.1,77.0,78.3,78.8,77.3,78.3,76.8,76.2,0,65.4,2.5,13.2
2025-04-11 10:57:30,78.9,74.7,76.8,77.0,78.0,78.7,77.2,78.2,76.7,76.0,0,65.2,1.8,13.3
2025-04-11 10:57:35,78.7,74.6,76.7,76.9,77.8,78.7,76.9,77.9,76.5,75.9,0,65.1,1.6,13.3
2025-04-11 10:57:40,78.5,74.4,76.6,76.7,77.6,78.5,76.8,77.8,76.4,75.7,0,65.1,3.0,13.3
2025-04-11 10:57:45,78.4,74.2,76.4,76.5,77.5,78.3,76.7,77.8,76.2,75.6,0,65.0,3.3,13.3
2025-04-11 10:57:50,78.1,74.1,76.2,76.2,77.4,78.0,76.6,77.5,76.1,75.4,0,64.6,2.8,13.3
2025-04-11 10:57:55,78.0,74.1,76.1,76.1,77.2,77.8,76.4,77.2,75.8,75.2,0,64.4,2.5,13.3
2025-04-11 10:58:00,77.7,73.9,75.9,75.7,76.9,77.7,76.3,77.2,75.9,75.1,0,64.2,3.0,13.3
2025-04-11 10:58:05,77.5,73.8,75.8,75.6,76.8,77.4,76.0,76.9,75.5,74.8,0,64.0,3.0,13.3
2025-04-11 10:58:10,77.3,73.6,75.6,75.5,76.5,77.3,75.9,76.6,75.3,74.7,0,63.8,2.4,13.3
2025-04-11 10:58:15,77.2,73.5,75.4,75.4,76.4,77.1,75.7,76.5,75.2,74.4,0,63.6,2.0,13.3
2025-04-11 10:58:20,76.9,73.2,75.1,75.2,76.1,76.9,75.5,76.4,75.1,74.2,0,63.4,1.7,13.3
2025-04-11 10:58:25,76.8,73.1,75.0,75.1,76.0,76.8,75.4,76.2,75.0,74.0,0,63.2,1.8,13.3
2025-04-11 10:58:30,76.4,72.8,74.8,74.9,75.7,76.5,75.1,76.2,74.7,73.8,0,63.0,1.5,13.3
2025-04-11 10:58:35,76.2,72.7,74.5,74.6,75.5,76.4,74.9,76.0,74.5,73.6,0,62.8,1.5,13.3
2025-04-11 10:58:40,76.1,72.5,74.4,74.4,75.2,76.2,74.8,75.6,74.3,73.5,0,62.7,1.7,13.3
2025-04-11 10:58:45,75.8,72.4,74.2,74.3,75.2,75.9,74.6,75.4,74.1,73.2,0,62.3,1.8,13.3
2025-04-11 10:58:50,75.8,72.2,74.0,74.1,75.1,75.7,74.5,75.1,74.0,72.9,0,62.3,1.7,13.3
2025-04-11 10:58:55,75.5,72.0,73.8,73.9,74.8,75.4,74.1,74.7,73.7,72.7,0,61.9,1.7,13.3
2025-04-11 10:59:00,75.2,72.0,73.6,73.5,74.5,75.2,74.1,74.5,73.4,72.5,0,61.6,2.7,13.3
2025-04-11 10:59:05,75.1,71.7,73.3,73.3,74.2,75.0,73.8,74.4,73.3,72.4,0,61.5,3.1,13.3
2025-04-11 10:59:10,75.0,71.4,73.1,73.1,74.0,74.8,73.5,74.1,73.0,72.1,0,61.3,3.0,13.3
2025-04-11 10:59:15,74.8,71.2,72.8,72.9,73.7,74.6,73.2,73.9,72.9,72.0,0,61.1,2.6,13.3
2025-04-11 10:59:20,74.5,70.9,72.6,72.6,73.5,74.4,73.0,73.7,72.6,71.7,0,60.8,2.4,13.3
2025-04-11 10:59:25,74.3,70.7,72.4,72.5,73.4,74.1,72.8,73.5,72.5,71.5,0,60.7,2.9,13.3
2025-04-11 10:59:30,73.9,70.5,72.2,72.4,73.2,73.9,72.6,73.2,72.4,71.3,0,60.5,2.8,13.3
2025-04-11 10:59:35,73.7,70.4,72.0,72.0,72.8,73.6,72.3,73.1,72.0,71.1,0,60.2,2.7,13.3
2025-04-11 10:59:40,73.5,70.2,71.7,71.8,72.6,73.3,72.1,73.0,71.9,70.9,0,60.0,4.5,13.3
2025-04-11 10:59:45,73.2,70.0,71.5,71.5,72.3,73.2,71.9,72.8,71.7,70.7,0,59.7,3.6,13.3
2025-04-11 10:59:50,73.0,69.7,71.3,71.4,72.3,73.0,71.8,72.6,71.6,70.5,0,59.6,2.9,13.3
2025-04-11 10:59:55,73.0,69.7,71.2,71.3,72.2,72.8,71.7,72.4,71.2,70.3,0,59.4,2.7,13.3
2025-04-11 11:00:00,72.6,69.3,71.0,71.1,72.0,72.8,71.5,72.2,71.0,70.1,0,59.3,4.1,13.3
2025-04-11 11:00:05,72.5,69.2,70.9,71.0,71.8,72.5,71.3,72.0,70.9,69.9,0,59.1,3.7,13.3
2025-04-11 11:00:10,72.3,68.9,70.6,70.8,71.4,72.2,71.0,71.7,70.7,69.8,0,59.0,3.2,13.3
2025-04-11 11:00:15,72.1,68.8,70.5,70.7,71.2,71.9,70.7,71.5,70.5,69.6,0,58.7,3.4,13.3
2025-04-11 11:00:20,71.9,68.6,70.4,70.4,70.9,71.8,70.5,71.3,70.4,69.4,0,58.6,3.3,13.3
2025-04-11 11:00:25,71.6,68.5,70.1,70.5,70.8,71.6,70.3,71.1,70.3,69.2,0,58.3,3.6,13.3
2025-04-11 11:00:30,71.5,68.5,70.0,70.2,70.6,71.4,70.3,70.9,70.0,69.0,0,58.1,4.0,13.3
2025-04-11 11:00:35,71.2,68.2,69.9,70.0,70.5,71.2,70.1,70.7,69.8,68.7,0,58.0,4.0,13.3
2025-04-11 11:00:40,71.1,68.0,69.6,69.8,70.3,71.0,69.9,70.6,69.7,68.6,0,57.7,3.7,13.3
2025-04-11 11:00:45,71.0,67.9,69.3,69.8,70.2,70.8,69.7,70.4,69.5,68.4,0,57.7,3.3,13.3
2025-04-11 11:00:50,70.8,67.8,69.2,69.4,69.9,70.6,69.5,70.5,69.4,68.3,0,57.4,2.8,13.3
2025-04-11 11:00:55,70.5,67.6,69.0,69.2,69.7,70.4,69.3,70.0,68.9,68.1,0,57.3,3.0,13.3
2025-04-11 11:01:00,70.3,67.3,68.8,69.1,69.5,70.2,69.1,69.8,68.6,67.9,0,57.1,3.2,13.3
2025-04-11 11:01:05,70.1,67.1,68.6,68.9,69.4,70.1,69.0,69.7,68.5,67.7,0,56.9,2.8,13.3
2025-04-11 11:01:10,70.1,66.9,68.4,68.7,69.2,69.8,68.7,69.4,68.4,67.6,0,56.6,2.4,13.3
2025-04-11 11:01:15,69.9,66.7,68.1,68.5,69.2,69.7,68.6,69.3,68.2,67.4,0,56.5,1.8,13.3
2025-04-11 11:01:20,69.7,66.7,68.0,68.4,68.8,69.3,68.4,69.1,68.0,67.2,0,56.4,2.1,13.3
2025-04-11 11:01:25,69.5,66.5,67.9,68.3,68.7,69.2,68.3,68.9,67.9,67.1,0,56.2,3.5,13.3
2025-04-11 11:01:30,69.4,66.2,67.7,68.3,68.5,69.1,68.2,68.9,67.8,66.9,0,56.1,4.1,13.3
2025-04-11 11:01:35,69.2,66.1,67.5,68.2,68.3,68.9,67.9,68.8,67.6,66.8,0,56.0,4.1,13.3
2025-04-11 11:01:40,69.0,66.0,67.6,68.1,68.2,68.8,67.9,68.6,67.5,66.7,0,55.8,3.8,13.3
2025-04-11 11:01:45,68.9,65.8,67.3,67.9,68.1,68.8,67.7,68.4,67.4,66.5,0,55.7,3.8,13.3
2025-04-11 11:01:50,68.7,65.6,67.2,67.7,67.8,68.6,67.4,68.3,67.2,66.4,0,55.5,3.2,13.3
2025-04-11 11:01:55,68.6,65.5,67.1,67.5,67.8,68.4,67.4,68.2,67.2,66.3,0,55.4,3.1,13.3
2025-04-11 11:02:00,68.5,65.3,66.8,67.4,67.7,68.2,67.3,67.9,67.1,66.2,0,55.3,2.9,13.3
2025-04-11 11:02:05,68.4,65.3,66.8,67.3,67.6,68.2,67.1,67.8,66.9,66.1,0,55.1,2.2,13.3
2025-04-11 11:02:10,68.2,65.0,66.6,67.2,67.5,68.0,67.0,68.0,66.8,65.9,0,55.1,2.3,13.3
2025-04-11 11:02:15,68.1,64.8,66.5,67.1,67.3,68.0,66.9,67.7,66.7,65.8,0,55.0,2.6,13.3
2025-04-11 11:02:20,68.0,64.8,66.4,67.1,67.3,67.9,66.9,67.5,66.5,65.7,0,54.9,3.3,13.3
2025-04-11 11:02:25,67.9,64.6,66.4,67.0,67.2,67.7,66.7,67.5,66.4,65.6,0,54.8,3.1,13.3
2025-04-11 11:02:30,67.9,64.6,66.3,66.8,67.1,67.6,66.8,67.4,66.3,65.6,0,54.7,2.7,13.3
2025-04-11 11:02:35,67.7,64.7,66.1,66.7,67.0,67.6,66.7,67.4,66.3,65.4,0,54.6,2.0,13.3
2025-04-11 11:02:40,67.7,64.7,66.1,66.7,66.9,67.4,66.6,67.3,66.1,65.3,0,54.5,2.7,13.3
2025-04-11 11:02:45,67.5,64.5,65.9,66.7,66.8,67.3,66.6,67.3,66.1,65.3,0,54.5,2.8,13.3
2025-04-11 11:02:50,67.5,64.5,66.0,66.5,66.8,67.4,66.5,67.0,66.0,65.2,0,54.4,2.5,13.3
2025-04-11 11:02:55,67.4,64.4,65.9,66.5,66.6,67.2,66.3,66.9,65.9,65.1,0,54.3,2.5,13.3
2025-04-11 11:03:00,67.3,64.3,65.7,66.5,66.5,67.1,66.3,66.7,65.8,65.1,0,54.2,2.4,13.3
2025-04-11 11:03:05,67.3,64.3,65.7,66.4,66.5,67.3,66.3,66.8,65.8,65.0,0,54.1,2.7,13.3
2025-04-11 11:03:10,67.3,64.4,65.7,66.3,66.5,67.2,66.3,66.8,65.8,64.9,0,54.1,2.7,13.3
2025-04-11 11:03:15,67.2,64.4,65.7,66.4,66.4,67.0,66.1,66.6,65.8,64.9,0,54.1,3.4,13.3
2025-04-11 11:03:20,67.2,64.4,65.6,66.3,66.4,67.1,66.1,66.6,65.6,64.8,0,54.0,4.4,13.3
2025-04-11 11:03:25,67.2,64.3,65.5,66.4,66.3,67.1,66.0,66.6,65.6,64.7,0,54.1,5.0,13.3
2025-04-11 11:03:30,67.3,64.1,65.6,66.3,66.3,67.0,65.9,66.6,65.5,64.7,0,54.1,4.2,13.3
2025-04-11 11:03:35,67.2,63.9,65.7,66.4,66.3,67.2,66.0,66.6,65.5,64.7,0,54.1,4.0,13.3
2025-04-11 11:03:40,67.2,64.0,65.7,66.3,66.2,66.9,66.0,66.4,65.4,64.6,0,54.1,4.9,13.3
2025-04-11 11:03:45,67.1,63.9,65.7,66.2,66.2,66.8,66.0,66.4,65.4,64.6,0,54.0,4.8,13.3
2025-04-11 11:03:50,67.1,64.0,65.7,66.3,66.4,66.7,65.9,66.4,65.4,64.6,0,53.9,4.0,13.3
2025-04-11 11:03:55,67.2,64.0,65.5,66.3,66.4,66.7,65.9,66.4,65.6,64.5,0,53.9,5.3,13.3
2025-04-11 11:04:00,67.1,64.2,65.5,66.2,66.4,66.6,65.8,66.2,65.6,64.5,0,53.9,3.9,13.3
2025-04-11 11:04:05,67.1,64.2,65.4,66.1,66.2,66.5,65.7,66.4,65.5,64.4,0,53.7,4.2,13.3
2025-04-11 11:04:10,67.0,63.9,65.4,66.1,66.2,66.6,65.7,66.5,65.4,64.4,0,53.6,3.7,13.3
2025-04-11 11:04:15,66.9,63.8,65.3,66.0,66.1,66.6,65.7,66.2,65.3,64.4,0,53.6,4.1,13.2
2025-04-11 11:04:20,67.0,63.7,65.3,66.0,66.2,66.6,65.7,66.2,65.4,64.4,0,53.6,3.7,13.2
2025-04-11 11:04:25,67.0,63.7,65.2,65.9,66.1,66.4,65.7,66.1,65.4,64.4,0,53.6,4.1,13.2
2025-04-11 11:04:30,66.9,63.8,65.1,65.8,66.1,66.5,65.7,66.1,65.2,64.3,0,53.3,3.8,13.2
2025-04-11 11:04:35,66.8,63.7,65.1,65.9,66.0,66.5,65.6,66.0,65.1,64.3,0,53.3,3.2,13.2
2025-04-11 11:04:40,66.7,63.6,65.2,65.8,65.9,66.5,65.5,66.2,65.2,64.3,0,53.3,3.8,13.2
2025-04-11 11:04:45,66.7,63.6,65.1,66.0,65.9,66.6,65.5,66.2,65.1,64.3,0,53.3,2.9,13.2
2025-04-11 11:04:50,66.7,63.5,65.2,65.9,66.0,66.6,65.6,66.1,65.3,64.3,0,53.3,2.9,13.2
2025-04-11 11:04:55,66.7,63.2,65.2,65.8,66.0,66.4,65.5,66.1,65.4,64.2,0,53.3,3.2,13.2
2025-04-11 11:05:00,66.7,63.2,65.2,65.8,66.0,66.3,65.5,66.1,65.2,64.2,0,53.1,3.4,13.2
2025-04-11 11:05:05,66.6,63.2,65.1,65.7,66.0,66.3,65.5,66.1,65.1,64.2,0,53.1,3.2,13.2
2025-04-11 11:05:10,66.5,63.3,65.0,65.7,66.0,66.3,65.4,66.0,64.9,64.1,0,53.0,3.1,13.2
2025-04-11 11:05:15,66.5,63.4,65.1,65.8,65.9,66.3,65.4,65.9,65.0,64.1,0,53.0,2.8,13.2
2025-04-11 11:05:20,66.5,63.5,64.9,65.7,65.8,66.3,65.3,65.9,64.9,64.0,0,53.0,2.6,13.2
2025-04-11 11:05:25,66.4,63.5,64.9,65.7,65.7,66.3,65.4,65.8,64.9,64.0,0,52.8,3.2,13.2
2025-04-11 11:05:30,66.4,63.5,64.8,65.5,65.8,66.1,65.3,65.8,64.8,63.9,0,52.7,3.0,13.2
2025-04-11 11:05:35,66.4,63.4,64.9,65.5,65.7,66.1,65.2,65.8,64.9,63.9,0,52.6,3.1,13.2
2025-04-11 11:05:40,66.3,63.3,64.9,65.4,65.7,66.0,65.2,65.7,64.9,63.9,0,52.5,3.2,13.2
2025-04-11 11:05:45,66.3,63.2,64.8,65.4,65.6,66.0,65.1,65.6,64.7,63.8,0,52.5,2.6,13.2
2025-04-11 11:05:50,66.2,63.2,64.8,65.3,65.5,65.9,65.1,65.5,64.8,63.7,0,52.4,2.1,13.2
2025-04-11 11:05:55,66.2,63.2,64.7,65.3,65.5,65.8,65.1,65.5,64.7,63.7,0,52.3,2.3,13.2
2025-04-11 11:06:00,66.1,63.3,64.6,65.3,65.4,65.8,65.0,65.6,64.6,63.6,0,52.2,2.8,13.2
2025-04-11 11:06:05,66.0,63.3,64.6,65.1,65.3,65.7,64.9,65.5,64.6,63.6,0,52.2,3.0,13.2
2025-04-11 11:06:10,66.0,63.3,64.6,65.1,65.2,65.7,64.9,65.5,64.5,63.5,0,52.1,3.2,13.2
2025-04-11 11:06:15,66.0,63.2,64.5,65.0,65.1,65.5,64.9,65.3,64.5,63.4,0,51.9,2.9,13.2
2025-04-11 11:06:20,66.0,63.3,64.4,65.1,65.0,65.6,64.9,65.3,64.3,63.4,0,51.9,2.9,13.2
2025-04-11 11:06:25,65.9,63.3,64.4,64.9,65.1,65.4,64.8,65.2,64.3,63.3,0,51.8,2.4,13.2
2025-04-11 11:06:30,65.8,63.3,64.4,64.7,65.0,65.3,64.7,65.1,64.2,63.2,0,51.7,2.4,13.2
2025-04-11 11:06:35,65.7,63.1,64.2,64.7,65.0,65.3,64.7,65.0,64.2,63.1,0,51.6,2.4,13.2
2025-04-11 11:06:40,65.6,63.0,64.1,64.7,64.8,65.3,64.4,65.0,64.0,63.1,0,51.5,2.5,13.2
2025-04-11 11:06:45,65.6,63.0,64.1,64.6,64.8,65.1,64.3,64.9,63.9,63.0,0,51.5,2.2,13.2
2025-04-11 11:06:50,65.4,63.0,64.0,64.7,64.7,65.1,64.2,64.9,63.8,62.9,0,51.3,1.8,13.2
2025-04-11 11:06:55,65.4,63.1,64.0,64.5,64.6,64.9,64.0,64.5,63.8,62.8,0,51.3,1.6,13.2
2025-04-11 11:07:00,65.3,63.0,63.8,64.5,64.5,64.8,64.0,64.5,63.7,62.7,0,51.2,1.6,13.2
2025-04-11 11:07:05,65.2,62.8,63.7,64.5,64.4,64.8,63.8,64.5,63.6,62.6,0,51.3,2.2,13.2
2025-04-11 11:07:10,65.2,62.7,63.7,64.5,64.3,64.8,63.7,64.3,63.5,62.4,0,51.2,2.4,13.2
2025-04-11 11:07:15,65.1,62.5,63.6,64.3,64.3,64.7,63.6,64.2,63.3,62.3,0,51.1,2.4,13.2
2025-04-11 11:07:20,65.0,62.4,63.5,64.2,64.1,64.5,63.6,64.1,63.2,62.3,0,51.0,2.3,13.2
2025-04-11 11:07:25,64.9,62.2,63.4,64.2,64.1,64.5,63.5,64.0,63.1,62.1,0,50.8,2.3,13.2
2025-04-11 11:07:30,64.8,62.1,63.2,63.8,63.9,64.3,63.3,63.9,63.0,62.0,0,50.7,2.6,13.2
2025-04-11 11:07:35,64.6,62.0,63.0,63.6,63.9,64.3,63.3,63.7,62.9,61.9,0,50.6,3.7,13.2
2025-04-11 11:07:40,64.5,61.8,62.9,63.5,63.7,64.0,63.1,63.5,62.8,61.8,0,50.4,3.5,13.2
2025-04-11 11:07:45,64.3,61.6,62.5,63.4,63.5,64.0,63.0,63.5,62.7,61.6,0,50.1,2.7,13.2
2025-04-11 11:07:50,64.2,61.6,62.2,63.3,63.4,64.0,63.0,63.3,62.4,61.6,0,50.2,2.8,13.2
2025-04-11 11:07:55,64.1,61.5,61.9,63.2,63.2,63.9,62.8,63.2,62.2,61.3,0,49.9,2.2,13.2
2025-04-11 11:08:00,63.9,61.4,61.7,63.0,63.1,63.5,62.7,63.0,62.3,61.2,0,49.8,1.6,13.2
2025-04-11 11:08:05,63.7,61.1,61.4,62.9,62.9,63.1,62.6,62.9,62.2,61.1,0,49.6,1.6,13.2
2025-04-11 11:08:10,63.6,60.9,61.1,62.8,62.7,62.8,62.4,62.7,61.9,60.9,0,49.5,1.8,13.2
2025-04-11 11:08:15,63.4,60.8,61.0,62.7,62.6,62.7,62.2,62.6,61.8,60.8,0,49.4,1.8,13.2
2025-04-11 11:08:20,63.1,60.6,60.7,62.5,62.5,62.4,62.0,62.5,61.6,60.6,0,49.2,1.5,13.2
2025-04-11 11:08:25,63.1,60.3,60.5,62.3,62.2,62.1,61.8,62.3,61.6,60.5,0,49.1,1.3,13.2
2025-04-11 11:08:30,62.9,60.0,60.2,62.0,62.2,62.0,61.8,62.1,61.4,60.2,0,49.0,1.3,13.2
2025-04-11 11:08:35,62.7,60.0,60.1,61.9,61.9,61.6,61.6,61.9,61.2,60.1,0,48.8,1.2,13.2
2025-04-11 11:08:40,62.5,60.0,59.9,61.7,61.7,61.6,61.4,61.7,61.0,59.9,0,48.7,1.0,13.2
2025-04-11 11:08:45,62.4,59.9,59.8,61.7,61.5,61.2,61.1,61.5,60.7,59.7,0,48.5,0.8,13.2
2025-04-11 11:08:50,62.1,59.8,59.5,61.4,61.5,61.0,60.8,61.2,60.6,59.6,0,48.3,0.6,13.2
2025-04-11 11:08:55,62.0,59.7,59.4,61.3,61.3,60.8,60.6,61.1,60.4,59.4,0,48.2,0.6,13.2
2025-04-11 11:09:00,61.7,59.7,59.0,61.0,61.0,60.5,60.3,60.7,60.2,59.2,0,47.8,0.3,13.2
2025-04-11 11:09:05,61.7,59.7,58.9,60.8,60.8,60.3,60.1,60.5,60.0,59.0,0,47.7,0.3,13.2
2025-04-11 11:09:10,61.4,59.5,58.7,60.5,60.5,60.0,59.7,60.3,59.9,58.9,0,47.6,0.4,13.2
2025-04-11 11:09:15,61.2,59.4,58.5,60.2,60.3,59.6,59.6,60.2,59.7,58.7,0,47.3,1.2,13.2
2025-04-11 11:09:20,61.1,59.2,58.2,59.9,60.2,59.2,59.4,60.1,59.5,58.6,0,47.1,1.5,13.2
2025-04-11 11:09:25,60.8,58.8,58.0,59.7,59.9,58.9,59.1,59.8,59.4,58.3,0,47.0,2.3,13.2
2025-04-11 11:09:30,60.6,58.6,57.7,59.5,59.7,58.8,58.8,59.6,59.3,58.3,0,46.8,2.4,13.2
2025-04-11 11:09:35,60.4,58.4,57.5,59.5,59.6,58.6,58.7,59.4,59.2,58.0,0,46.5,2.9,13.2
2025-04-11 11:09:40,60.2,58.0,57.3,59.3,59.5,58.5,58.4,59.2,58.9,57.8,0,46.4,3.1,13.2
2025-04-11 11:09:45,60.0,57.7,57.1,59.0,59.4,58.1,58.3,59.0,59.0,57.7,0,46.2,2.9,13.2
2025-04-11 11:09:50,59.8,57.3,56.9,58.6,59.0,57.9,58.3,59.0,58.7,57.4,0,45.8,3.0,13.2
2025-04-11 11:09:55,59.7,56.9,56.7,58.3,58.8,57.4,58.1,58.5,58.5,57.2,0,45.5,2.7,13.2
2025-04-11 11:10:00,59.5,56.4,56.4,57.9,58.7,57.3,57.9,58.3,58.2,57.0,0,45.2,2.0,13.2
2025-04-11 11:10:05,59.4,56.3,56.2,57.6,58.5,56.9,57.6,58.0,57.8,56.8,0,44.9,1.7,13.1
2025-04-11 11:10:10,59.1,56.1,55.9,57.3,58.2,56.7,57.2,57.6,57.6,56.6,0,44.6,1.6,13.2
2025-04-11 11:10:15,58.7,55.8,55.6,57.0,58.0,56.5,57.1,57.3,57.2,56.3,0,44.3,1.7,13.2
2025-04-11 11:10:20,58.6,55.6,55.2,56.8,57.7,56.3,56.7,57.1,57.0,56.1,0,44.1,2.2,13.1
2025-04-11 11:10:25,58.2,55.4,54.8,56.6,57.5,56.2,56.3,56.8,56.9,55.8,0,43.8,2.5,13.1
2025-04-11 11:10:30,57.8,55.0,54.6,56.4,57.3,55.8,56.0,56.3,56.6,55.6,0,43.6,2.5,13.1
2025-04-11 11:10:35,57.6,54.7,54.0,56.0,57.0,55.3,55.7,56.1,56.4,55.4,0,43.5,2.2,13.1
2025-04-11 11:10:40,57.4,54.5,53.7,55.7,56.7,54.8,55.2,55.8,56.1,55.1,0,43.2,3.8,13.1
2025-04-11 11:10:45,57.3,54.1,53.4,55.4,56.6,54.5,54.8,55.4,55.8,54.8,0,42.8,3.7,13.1
2025-04-11 11:10:50,56.9,53.9,53.1,55.0,56.3,54.1,54.7,55.4,55.5,54.7,0,42.7,3.4,13.1
2025-04-11 11:10:55,56.7,53.4,52.7,54.6,55.9,53.8,54.3,54.8,55.2,54.4,0,42.4,2.9,13.1
2025-04-11 11:11:00,56.4,53.1,52.3,54.2,55.7,53.6,54.1,54.6,54.9,54.2,0,42.2,2.9,13.1
2025-04-11 11:11:05,56.1,52.8,51.9,54.0,55.5,53.3,53.9,54.3,54.6,53.9,0,41.8,2.2,13.1
2025-04-11 11:11:10,56.0,52.5,51.7,53.6,55.3,53.1,53.4,53.9,54.2,53.6,0,41.7,2.2,13.1
2025-04-11 11:11:15,55.7,52.2,51.3,53.3,55.0,52.8,53.1,53.4,54.0,53.3,0,41.4,1.9,13.1
2025-04-11 11:11:20,55.4,51.9,50.9,53.1,54.6,52.6,52.9,53.2,53.7,53.0,0,41.0,1.8,13.1
2025-04-11 11:11:25,55.2,51.6,50.7,52.7,54.3,51.9,52.4,52.8,53.5,52.8,0,40.9,2.9,13.1
2025-04-11 11:11:30,55.0,51.6,50.5,52.5,54.1,51.7,52.4,52.6,53.0,52.5,0,40.4,3.2,13.1
2025-04-11 11:11:35,54.6,51.3,50.0,52.0,53.7,51.2,52.0,52.4,52.7,52.2,0,40.0,3.2,13.1
2025-04-11 11:11:40,54.3,50.8,49.7,51.7,53.4,51.0,51.7,52.0,52.4,51.9,0,39.7,3.0,13.1
2025-04-11 11:11:45,54.1,50.5,49.4,51.2,53.2,50.5,51.2,51.8,52.3,51.7,0,39.5,2.8,13.1
2025-04-11 11:11:50,53.8,50.1,49.2,51.0,53.0,50.3,50.9,51.4,51.7,51.3,0,38.9,2.5,13.1
2025-04-11 11:11:55,53.6,49.7,48.9,50.8,52.8,49.9,50.8,51.0,51.5,51.2,0,38.8,2.5,13.1
2025-04-11 11:12:00,53.4,49.3,48.7,50.1,52.3,49.2,50.2,50.5,51.2,50.8,0,38.3,2.6,13.0
2025-04-11 11:12:05,53.0,48.9,48.5,50.0,52.0,48.9,50.1,50.4,50.6,50.4,0,38.1,2.5,13.0
2025-04-11 11:12:10,52.5,48.5,48.0,49.9,51.9,48.9,50.0,50.3,50.5,50.2,0,37.8,2.8,13.0
2025-04-11 11:12:15,52.2,48.4,47.6,49.2,51.3,48.3,49.3,49.9,49.8,49.9,0,37.4,2.8,13.0
2025-04-11 11:12:20,51.7,48.1,47.4,48.9,51.1,47.8,49.0,49.4,49.5,49.6,0,37.1,2.8,13.0
2025-04-11 11:12:25,51.1,47.6,47.1,48.5,50.6,47.4,48.6,49.1,49.3,49.3,0,36.6,3.1,13.0
2025-04-11 11:12:30,50.6,47.5,46.7,48.0,50.3,46.9,48.2,48.7,49.0,49.0,0,36.2,3.0,13.0
2025-04-11 11:12:35,50.3,47.4,46.6,47.9,50.1,46.6,47.8,48.4,48.6,48.6,0,35.8,2.9,13.0
2025-04-11 11:12:40,49.5,47.0,45.9,47.3,49.5,46.1,47.4,48.0,48.4,48.4,0,35.4,2.7,13.0
2025-04-11 11:12:45,48.8,46.6,45.6,47.2,49.2,45.6,47.2,47.8,48.0,48.0,0,35.0,2.9,12.9
2025-04-11 11:12:50,48.4,46.2,45.4,46.2,48.8,45.2,46.8,47.5,47.5,47.8,0,34.3,3.4,12.9
2025-04-11 11:12:55,47.5,45.7,45.3,45.9,48.5,44.9,46.5,47.1,47.0,47.4,0,34.0,3.2,12.9
2025-04-11 11:13:00,47.2,45.3,44.8,45.3,48.2,44.5,46.0,46.8,46.5,47.2,0,33.7,3.0,12.9
2025-04-11 11:13:05,46.6,44.8,44.4,44.8,47.8,44.0,45.5,46.5,46.1,46.7,0,33.2,2.3,12.9
2025-04-11 11:13:10,46.2,44.4,43.8,44.1,47.5,43.4,45.0,46.1,45.6,46.4,0,32.8,2.2,12.9
2025-04-11 11:13:15,45.4,43.9,43.3,43.7,47.0,43.3,44.8,45.8,45.5,46.2,0,32.4,2.0,12.9
2025-04-11 11:13:20,44.9,43.6,42.9,43.2,46.5,42.5,44.0,45.3,44.7,45.7,0,32.1,1.8,12.9
2025-04-11 11:13:25,44.4,43.2,42.4,42.7,46.1,42.0,43.4,44.8,44.3,45.6,0,31.7,1.6,12.8
2025-04-11 11:13:30,43.5,42.7,42.0,42.3,45.6,41.5,42.8,44.4,44.0,45.2,0,31.4,1.8,12.8
2025-04-11 11:13:35,43.2,42.2,41.6,42.0,45.3,41.3,42.6,44.1,43.7,44.9,0,31.0,1.9,12.8
2025-04-11 11:13:40,42.5,41.6,41.4,41.7,45.0,40.8,42.0,43.8,43.2,44.4,0,30.7,1.9,12.8
2025-04-11 11:13:45,42.0,41.1,41.0,41.4,44.5,40.1,41.4,43.2,42.8,44.1,0,30.3,1.8,12.8
2025-04-11 11:13:50,41.7,41.0,40.6,41.0,44.0,39.8,40.9,42.7,42.5,43.8,0,29.9,1.9,12.8
2025-04-11 11:13:55,41.3,40.7,40.4,40.8,43.5,39.4,40.2,42.2,42.1,43.4,0,29.5,1.7,12.8
2025-04-11 11:14:00,40.8,40.3,40.0,40.3,43.2,39.0,39.9,41.6,41.6,43.1,0,29.1,1.8,12.8
2025-04-11 11:14:05,40.6,39.9,39.7,39.8,42.8,38.3,39.5,41.2,41.3,42.7,0,28.9,2.0,12.8
2025-04-11 11:14:10,39.9,39.6,39.2,39.3,42.3,37.7,39.1,40.9,40.7,42.4,0,28.4,2.7,12.8
2025-04-11 11:14:15,39.8,39.2,38.8,38.9,41.9,37.4,38.8,40.4,40.5,42.1,0,28.2,3.2,12.7
2025-04-11 11:14:20,39.3,38.3,38.4,38.5,41.4,37.0,38.4,39.8,39.8,41.9,0,27.9,3.4,12.7
2025-04-11 11:14:25,38.9,38.0,38.0,38.2,40.8,36.6,38.1,39.1,39.5,41.4,0,27.0,2.7,12.7
2025-04-11 11:14:30,38.6,37.5,37.9,37.8,40.3,36.2,37.7,38.6,39.2,41.2,0,26.8,2.0,12.7
2025-04-11 11:14:35,38.1,36.9,37.5,37.5,40.0,35.6,37.2,37.9,38.5,40.6,0,26.4,2.2,12.7
2025-04-11 11:14:40,37.6,36.6,36.9,37.0,39.6,34.9,36.8,37.5,38.0,40.2,0,26.1,2.6,12.7
2025-04-11 11:14:45,37.0,36.3,36.2,36.4,39.0,34.4,36.6,37.4,37.8,40.0,0,25.6,3.2,12.7
2025-04-11 11:14:50,36.4,35.9,35.7,35.6,38.4,34.1,36.2,36.6,37.4,39.6,0,24.9,3.3,12.7
2025-04-11 11:14:55,35.9,35.6,35.3,35.2,38.1,33.2,35.6,36.0,36.9,39.3,0,24.5,3.3,12.7
2025-04-11 11:15:00,35.5,35.2,35.0,34.7,37.7,33.0,35.2,35.8,36.2,38.8,0,23.9,3.3,12.7
2025-04-11 11:15:05,35.2,35.0,34.6,34.0,37.1,32.5,34.7,35.0,35.8,38.4,0,23.7,3.1,12.7
2025-04-11 11:15:10,34.7,34.5,34.2,33.6,36.6,32.0,34.4,34.7,35.5,38.2,0,23.4,3.2,12.7
2025-04-11 11:15:15,33.9,33.9,33.9,33.2,35.9,31.4,33.9,34.4,35.4,37.7,0,23.0,3.8,12.7
2025-04-11 11:15:20,33.5,33.4,33.4,32.8,35.4,30.9,33.5,34.0,35.1,37.3,0,22.6,4.0,12.7
2025-04-11 11:15:25,33.0,32.9,33.0,32.4,34.8,30.7,33.2,33.8,34.5,36.9,0,22.2,3.8,12.6
2025-04-11 11:15:30,32.5,32.4,32.5,32.1,34.4,30.1,32.4,33.2,33.9,36.5,0,21.8,4.3,12.6
2025-04-11 11:15:35,32.0,32.0,32.2,31.6,34.0,29.6,32.1,32.8,33.7,36.2,0,21.4,3.8,12.6
2025-04-11 11:15:40,31.5,31.6,31.7,31.4,33.7,29.2,32.0,32.5,33.3,35.7,0,21.1,3.1,12.6
2025-04-11 11:15:45,31.2,31.3,31.1,30.8,33.1,28.7,31.5,31.9,32.8,35.3,0,20.9,4.2,12.6
2025-04-11 11:15:50,30.8,31.2,30.9,30.6,32.8,28.6,31.4,31.4,32.3,34.8,0,20.3,3.4,12.6
2025-04-11 11:15:55,30.3,30.8,30.4,29.9,32.1,28.3,30.9,31.2,31.7,34.5,0,20.1,3.3,12.6
2025-04-11 11:16:00,29.8,30.5,29.7,29.4,31.7,28.1,30.7,30.9,31.4,34.1,0,19.6,2.5,12.6
2025-04-11 11:16:05,29.6,30.3,29.4,28.8,31.1,27.8,30.1,30.3,31.5,33.7,0,19.1,2.5,12.6
2025-04-11 11:16:10,29.3,29.7,29.2,28.4,30.8,27.5,29.8,30.0,31.1,33.4,0,19.0,2.2,12.6
2025-04-11 11:16:15,28.9,29.0,29.1,28.3,30.4,27.0,29.3,30.0,30.4,33.3,0,18.9,2.4,12.5
2025-04-11 11:16:20,28.5,27.8,28.7,27.7,29.7,26.4,28.8,29.6,29.3,32.9,0,18.6,2.8,12.5
2025-04-11 11:16:25,28.1,27.5,28.2,27.4,29.4,26.2,28.5,29.4,29.3,32.4,0,18.2,3.4,12.5
2025-04-11 11:16:30,27.8,27.0,27.8,26.6,28.9,25.8,28.0,29.0,29.0,32.2,0,18.2,3.0,12.5
2025-04-11 11:16:35,27.3,26.7,27.5,26.3,28.5,25.7,27.6,28.6,28.3,31.8,0,17.9,2.8,12.5
2025-04-11 11:16:40,26.8,26.2,27.2,26.1,28.3,25.7,27.0,28.3,28.0,31.6,0,17.7,2.1,12.5
2025-04-11 11:16:45,26.3,25.8,27.0,25.6,27.7,25.7,26.6,28.2,27.9,31.2,0,17.4,1.8,12.4
2025-04-11 11:16:50,26.0,25.7,26.6,25.5,27.6,25.4,26.6,27.4,27.4,30.9,0,17.4,2.4,12.4
2025-04-11 11:16:55,25.5,25.6,26.5,25.4,27.3,25.1,26.4,27.3,27.2,30.6,0,17.2,3.5,12.4
2025-04-11 11:17:00,25.3,25.2,26.0,24.9,26.5,24.1,26.1,26.8,26.8,30.3,0,17.0,4.3,12.4
2025-04-11 11:17:05,25.1,24.9,25.7,24.4,26.4,23.9,25.7,26.8,26.6,30.1,0,16.9,4.1,12.4
2025-04-11 11:17:10,24.8,24.7,25.3,24.1,25.7,23.6,25.1,26.4,26.3,29.7,0,16.6,3.1,12.4
2025-04-11 11:17:15,24.5,24.3,25.0,24.0,25.5,23.5,24.7,26.3,25.9,29.5,0,16.9,4.7,12.4
2025-04-11 11:17:20,24.3,24.0,24.9,23.8,25.2,23.4,24.3,25.8,25.6,29.3,0,16.6,5.1,12.4
2025-04-11 11:17:25,24.0,23.6,24.8,23.3,24.9,23.5,24.0,25.6,25.2,28.8,0,15.9,4.1,12.3
2025-04-11 11:17:30,23.7,23.5,24.4,23.1,24.5,23.2,23.7,25.3,25.0,28.5,0,15.5,4.1,12.3
2025-04-11 11:17:35,23.4,23.4,23.9,22.6,24.2,23.0,23.4,25.0,24.7,28.4,0,15.4,3.5,12.3
2025-04-11 11:17:40,23.2,23.4,23.5,22.8,24.0,23.0,23.1,24.3,24.1,28.1,0,15.6,3.2,12.3
2025-04-11 11:17:45,23.1,23.2,23.5,22.6,23.9,22.8,22.8,23.9,23.8,27.8,0,15.5,3.4,12.3
2025-04-11 11:17:50,22.8,22.7,23.4,22.6,23.7,22.5,22.4,23.9,23.6,27.5,0,15.3,3.1,12.3
2025-04-11 11:17:55,22.5,22.6,23.2,22.2,23.2,22.0,22.1,23.6,23.6,27.2,0,15.2,4.0,12.2
2025-04-11 11:18:00,22.4,22.5,23.0,21.9,23.0,21.8,21.9,22.9,23.6,26.8,0,14.8,5.1,12.2
2025-04-11 11:18:05,22.1,21.8,22.5,21.7,22.7,21.4,21.9,22.4,23.4,26.6,0,14.8,4.5,12.2
2025-04-11 11:18:10,21.7,21.5,22.5,21.2,22.4,21.1,21.6,22.0,23.2,26.3,0,14.6,5.1,12.2
2025-04-11 11:18:15,21.3,21.2,22.0,21.1,22.1,20.8,21.1,21.4,22.7,26.0,0,14.4,4.7,12.2
2025-04-11 11:18:20,21.1,21.0,21.6,20.9,21.7,20.7,21.0,21.1,22.3,25.8,0,14.2,4.2,12.2
2025-04-11 11:18:25,20.8,20.6,21.5,20.6,21.4,20.4,20.8,20.9,21.8,25.7,0,14.1,4.5,12.1
2025-04-11 11:18:30,20.6,20.5,21.2,20.3,21.0,20.6,20.5,20.5,21.7,25.3,0,13.9,4.1,12.1
2025-04-11 11:18:35,20.4,20.2,20.9,20.0,20.7,20.6,20.2,20.4,21.3,25.0,0,13.7,3.0,12.1
2025-04-11 11:18:40,20.1,20.0,20.5,19.6,20.5,20.4,19.9,20.1,21.2,24.8,0,13.7,3.4,12.1
2025-04-11 11:18:45,19.8,19.9,20.4,19.5,20.0,20.1,19.7,19.9,20.8,24.5,0,13.4,4.7,12.1
2025-04-11 11:18:50,19.5,19.7,20.3,19.1,19.8,19.8,19.4,19.8,20.6,24.3,0,13.3,4.0,12.1
2025-04-11 11:18:55,19.5,19.4,19.9,19.0,19.6,19.4,18.9,19.6,20.5,24.0,0,13.1,4.8,12.0
2025-04-11 11:19:00,19.1,19.2,19.8,18.8,19.3,19.3,18.8,19.4,20.4,23.8,0,12.7,4.1,12.0
2025-04-11 11:19:05,18.8,19.0,19.4,18.7,19.2,19.1,18.7,19.1,20.2,23.4,0,12.7,3.4,12.0
2025-04-11 11:19:10,18.6,18.9,19.2,18.6,18.8,18.9,18.3,18.9,20.3,23.1,0,12.6,3.3,12.0
2025-04-11 11:19:15,18.5,18.7,18.9,18.2,18.5,18.7,18.1,18.6,20.1,22.9,0,12.6,4.0,11.9
2025-04-11 11:19:20,18.3,18.6,18.9,18.1,18.2,18.2,17.9,18.5,19.7,22.5,0,12.4,4.2,11.9
2025-04-11 11:19:25,18.0,18.3,18.4,17.8,18.0,18.2,17.7,18.4,19.4,22.3,0,12.1,4.3,11.9
2025-04-11 11:19:30,18.1,18.1,18.1,17.4,17.8,17.9,17.6,18.2,19.4,22.0,0,11.9,4.4,11.9
2025-04-11 11:19:35,17.8,18.1,18.1,17.2,17.6,17.6,17.4,18.0,19.2,21.7,0,11.8,3.3,11.9
2025-04-11 11:19:40,17.6,18.1,17.6,17.1,17.4,17.3,17.1,17.8,19.2,21.4,0,11.6,2.4,11.8
2025-04-11 11:19:45,17.6,17.8,17.3,16.9,17.0,17.1,16.8,17.5,18.9,21.1,0,11.6,2.6,11.8
2025-04-11 11:19:50,17.4,17.5,17.2,16.7,16.7,17.1,16.5,17.3,18.3,20.9,0,11.5,2.4,11.8
2025-04-11 11:19:55,17.2,17.3,17.2,16.6,16.5,17.0,16.5,17.2,18.1,20.8,0,11.5,1.9,11.8
2025-04-11 11:20:00,17.0,16.8,17.3,16.5,16.3,16.8,16.1,17.1,17.9,20.5,0,11.5,1.3,11.8
2025-04-11 11:20:05,16.7,16.7,17.1,16.2,16.3,16.9,15.8,17.0,17.8,20.3,0,11.5,1.3,11.8
2025-04-11 11:20:10,16.4,16.5,16.7,16.1,16.1,16.7,15.6,16.7,17.6,20.0,0,11.4,2.0,11.7
2025-04-11 11:20:15,16.2,16.1,16.7,15.8,15.9,16.3,15.3,16.5,17.4,19.7,0,11.2,2.5,11.7
2025-04-11 11:20:20,16.0,15.8,16.5,15.7,15.8,16.0,15.3,16.3,17.2,19.6,0,11.2,2.5,11.7
2025-04-11 11:20:25,15.8,15.5,16.2,15.5,15.7,16.0,15.1,16.3,17.2,19.3,0,11.1,3.0,11.7
2025-04-11 11:20:30,15.5,15.3,16.0,15.1,15.5,15.6,14.7,16.4,17.1,19.1,0,11.2,2.6,11.7
2025-04-11 11:20:35,15.3,15.0,16.1,15.1,15.3,15.6,14.8,16.3,17.0,18.9,0,11.2,2.3,11.7
2025-04-11 11:20:40,15.2,14.8,16.0,15.2,15.2,15.4,14.6,15.9,17.0,18.7,0,11.3,2.8,11.7
2025-04-11 11:20:45,15.1,14.6,15.8,15.0,14.9,15.2,14.6,15.6,16.7,18.6,0,11.3,3.5,11.6
2025-04-11 11:20:50,15.0,14.5,15.7,14.6,14.8,15.1,14.4,15.4,16.4,18.3,0,11.1,4.0,11.7
2025-04-11 11:20:55,14.7,14.4,15.2,14.3,14.5,14.9,14.2,15.3,16.2,18.1,0,11.0,3.9,11.6
2025-04-11 11:21:00,14.7,14.3,15.1,14.1,14.3,14.8,14.1,15.0,16.1,17.9,0,10.9,3.9,11.6
2025-04-11 11:21:05,14.7,13.9,15.0,13.9,14.0,14.4,14.0,14.7,16.1,17.7,0,10.8,4.3,11.6
2025-04-11 11:21:10,14.5,13.7,14.6,13.8,13.8,14.3,14.0,14.5,15.9,17.5,0,10.5,4.6,11.6
2025-04-11 11:21:15,14.3,13.6,14.5,13.5,13.7,14.1,13.8,14.3,15.8,17.4,0,10.5,4.4,11.6
2025-04-11 11:21:20,14.2,13.5,14.4,13.3,13.5,13.9,13.6,14.2,15.6,17.2,0,10.1,3.7,11.6
2025-04-11 11:21:25,14.0,13.2,14.1,13.4,13.2,13.8,13.4,14.2,15.4,17.1,0,10.1,3.4,11.5
2025-04-11 11:21:30,13.8,13.2,13.9,13.2,13.0,13.8,13.1,13.9,15.3,16.9,0,10.0,2.9,11.6
2025-04-11 11:21:35,13.6,13.1,13.6,13.2,12.9,13.7,13.0,13.9,15.1,16.7,0,9.8,2.6,11.5
2025-04-11 11:21:40,13.4,12.8,13.7,13.1,12.6,13.8,13.0,13.9,15.0,16.6,0,9.8,2.2,11.5
2025-04-11 11:21:45,13.3,12.5,13.5,13.0,12.5,13.7,12.8,13.7,14.7,16.4,0,9.8,1.7,11.5
2025-04-11 11:21:50,13.0,12.3,13.3,12.8,12.3,13.6,12.8,13.6,14.6,16.3,0,9.7,2.2,11.5
2025-04-11 11:21:55,12.8,12.2,13.2,12.6,12.2,13.7,12.7,13.5,14.6,16.1,0,9.8,3.1,11.5
2025-04-11 11:22:00,12.8,12.2,13.3,12.5,12.0,13.5,12.6,13.5,14.4,16.0,0,9.7,3.7,11.5
2025-04-11 11:22:05,12.7,12.2,13.2,12.5,12.0,13.3,12.5,13.6,14.4,15.8,0,9.7,4.7,11.4
2025-04-11 11:22:10,12.5,12.2,13.2,12.4,12.0,13.2,12.4,13.4,14.3,15.7,0,9.7,4.2,11.4
2025-04-11 11:22:15,12.4,12.2,13.0,12.3,11.8,13.2,12.5,13.3,14.2,15.5,0,9.6,3.8,11.4
2025-04-11 11:22:20,12.4,12.1,12.9,12.1,11.8,13.1,12.4,13.3,14.2,15.5,0,9.6,3.4,11.4
2025-04-11 11:22:25,12.0,12.1,12.9,12.1,11.8,13.1,12.2,13.1,14.0,15.3,0,9.4,2.8,11.4
2025-04-11 11:22:30,12.0,12.1,12.8,12.0,11.6,13.1,12.3,13.0,13.9,15.2,0,9.4,2.6,11.4
2025-04-11 11:22:35,11.9,12.0,12.7,12.1,11.5,13.1,12.3,12.9,13.7,15.0,0,9.4,1.8,11.4
2025-04-11 11:22:40,11.9,11.9,12.6,11.9,11.4,12.9,12.1,12.8,13.7,15.0,0,9.5,1.6,11.4
2025-04-11 11:22:45,12.0,11.9,12.6,12.1,11.4,12.8,11.9,12.9,13.6,14.9,0,9.6,1.3,11.4
2025-04-11 11:22:50,11.9,11.9,12.5,11.9,11.3,12.9,11.7,12.6,13.5,14.7,0,9.8,1.4,11.4
2025-04-11 11:22:55,11.9,11.8,12.5,12.0,11.3,12.8,11.8,12.5,13.3,14.7,0,9.8,2.8,11.4
2025-04-11 11:23:00,11.8,11.7,12.3,12.0,11.1,12.6,11.6,12.3,13.3,14.6,0,9.7,2.8,11.3
2025-04-11 11:23:05,11.8,11.7,12.3,11.9,11.1,12.4,11.6,12.3,13.3,14.5,0,9.6,2.8,11.3
2025-04-11 11:23:10,11.9,11.6,12.3,12.0,11.1,12.3,11.5,12.1,13.1,14.4,0,9.6,2.2,11.3
2025-04-11 11:23:15,11.9,11.4,12.0,11.8,11.0,12.1,11.3,12.1,13.0,14.3,0,9.7,2.1,11.3
2025-04-11 11:23:20,11.9,11.3,11.8,11.8,11.0,12.0,11.3,11.8,12.7,14.2,0,9.6,2.7,11.3
2025-04-11 11:23:25,12.0,11.1,11.7,11.7,10.9,12.0,11.2,11.7,12.6,14.1,0,9.8,3.2,11.3
2025-04-11 11:23:30,12.0,11.0,11.6,11.8,10.8,12.1,11.2,11.7,12.4,14.1,0,9.9,2.8,11.3
2025-04-11 11:23:35,12.0,10.8,11.5,11.8,10.7,12.2,11.2,11.8,12.6,14.0,0,9.9,2.6,11.3
2025-04-11 11:23:40,11.9,10.7,11.4,11.6,10.7,12.1,11.1,11.8,12.4,13.9,0,10.0,2.3,11.3
2025-04-11 11:23:45,11.8,10.5,11.4,11.6,10.7,12.2,11.0,11.8,12.4,13.8,0,10.0,2.1,11.3
2025-04-11 11:23:50,11.8,10.4,11.5,11.6,10.8,12.3,10.9,11.7,12.4,13.8,0,10.0,2.3,11.3
2025-04-11 11:23:55,11.4,10.3,11.4,11.5,10.8,12.3,10.9,11.7,12.4,13.7,0,9.9,2.4,11.3
2025-04-11 11:24:00,11.4,10.2,11.4,11.3,10.7,12.4,10.8,11.6,12.4,13.6,0,10.0,2.8,11.3
2025-04-11 11:24:05,11.1,10.2,11.2,11.2,10.8,12.2,10.8,11.6,12.4,13.6,0,10.1,2.2,11.2
2025-04-11 11:24:10,11.1,10.1,11.4,11.2,10.8,12.2,10.7,11.7,12.4,13.5,0,10.1,1.9,11.2
2025-04-11 11:24:15,11.1,10.0,11.3,11.1,10.8,12.4,10.7,11.6,12.3,13.5,0,10.1,1.8,11.2
2025-04-11 11:24:20,11.0,10.1,11.3,11.0,10.8,12.4,10.7,11.7,12.4,13.4,0,10.1,2.1,11.2
2025-04-11 11:24:25,11.0,10.0,11.3,10.8,10.8,12.3,10.8,11.7,12.4,13.4,0,10.2,2.4,11.2
2025-04-11 11:24:30,11.1,10.1,11.3,10.7,10.8,12.3,10.8,11.4,12.4,13.3,0,10.1,2.5,11.2
2025-04-11 11:24:35,11.1,10.0,11.3,10.4,10.8,12.1,10.8,11.3,12.5,13.2,0,10.0,3.0,11.2
2025-04-11 11:24:40,11.0,10.0,11.1,10.3,10.9,12.1,10.8,11.4,12.5,13.2,0,10.1,4.5,11.2
2025-04-11 11:24:45,11.1,10.1,11.1,10.3,10.9,12.0,10.7,11.5,12.4,13.2,0,10.1,4.0,11.2
2025-04-11 11:24:50,11.1,10.1,11.1,10.3,10.8,12.1,10.7,11.5,12.3,13.1,0,10.0,3.5,11.2
2025-04-11 11:24:55,11.1,10.1,11.0,10.3,10.8,12.0,10.8,11.5,12.3,13.1,0,10.0,2.5,11.2
2025-04-11 11:25:00,11.1,10.0,11.0,10.1,10.8,12.1,10.8,11.5,12.2,13.1,0,10.0,2.2,11.2
2025-04-11 11:25:05,11.1,10.0,11.0,10.2,10.8,12.0,10.8,11.6,12.2,13.0,0,10.0,2.4,11.2
2025-04-11 11:25:10,11.0,9.9,11.1,10.2,10.8,12.1,10.9,11.6,12.0,13.0,0,10.0,2.4,11.1
2025-04-11 11:25:15,11.0,9.8,11.1,10.5,10.7,12.2,10.9,11.5,12.2,13.0,0,10.1,1.8,11.2
2025-04-11 11:25:20,11.1,9.6,11.0,10.6,10.5,12.2,10.9,11.6,12.1,12.9,0,10.1,1.8,11.2
2025-04-11 11:25:25,11.1,9.6,10.9,10.7,10.5,12.2,10.9,11.6,12.1,12.9,0,10.2,1.6,11.1
2025-04-11 11:25:30,11.2,9.5,10.9,10.4,10.5,12.3,10.7,11.5,12.0,12.9,0,10.2,1.5,11.1
2025-04-11 11:25:35,11.3,9.7,11.1,10.2,10.4,12.1,10.7,11.7,12.0,12.8,0,10.3,1.2,11.1
2025-04-11 11:25:40,11.3,9.7,11.2,10.2,10.4,12.1,10.7,11.6,11.9,12.8,0,10.2,1.0,11.2
2025-04-11 11:25:45,11.4,9.5,11.1,10.1,10.4,12.2,10.7,11.8,11.8,12.8,0,10.3,2.6,11.1
2025-04-11 11:25:50,11.5,9.5,11.1,10.0,10.5,11.9,10.8,11.6,11.6,12.8,0,10.3,3.0,11.1
2025-04-11 11:25:55,11.5,9.5,11.2,10.1,10.4,12.0,10.8,11.6,11.6,12.8,0,10.3,2.5,11.1
2025-04-11 11:26:00,11.5,9.6,11.1,10.0,10.5,11.9,10.9,11.5,11.7,12.8,0,10.2,2.2,11.1
2025-04-11 11:26:05,11.6,9.7,10.9,10.2,10.4,12.0,11.0,11.4,11.7,12.8,0,10.1,2.0,11.1
2025-04-11 11:26:10,11.7,9.6,11.0,10.2,10.4,12.0,10.9,11.3,11.7,12.8,0,10.3,1.7,11.1
2025-04-11 11:26:15,11.8,9.6,10.8,9.9,10.3,11.9,11.1,11.3,11.7,12.8,0,10.2,2.4,11.1
2025-04-11 11:26:20,11.8,9.5,10.9,9.8,10.4,12.1,11.1,11.6,11.7,12.8,0,10.3,2.9,11.1
2025-04-11 11:26:25,11.8,9.6,10.8,9.8,10.3,12.0,11.1,11.5,11.8,12.8,0,10.3,2.1,11.1
2025-04-11 11:26:30,11.9,9.5,10.9,10.2,10.2,12.0,11.1,11.6,11.8,12.8,0,10.3,2.1,11.1
2025-04-11 11:26:35,11.9,9.6,11.0,10.1,10.3,12.0,11.2,11.6,11.9,12.9,0,10.4,2.5,11.1
2025-04-11 11:26:40,11.8,9.7,11.1,9.9,10.4,12.0,11.3,11.7,12.0,12.8,0,10.3,2.8,11.1
2025-04-11 11:26:45,11.8,9.8,11.2,9.9,10.4,12.1,11.3,11.7,11.9,12.8,0,10.4,2.8,11.1
2025-04-11 11:26:50,11.8,9.8,11.1,9.9,10.5,12.0,11.4,11.9,12.0,12.8,0,10.3,2.6,11.1
2025-04-11 11:26:55,11.9,9.7,11.1,9.9,10.4,12.1,11.6,11.9,12.0,12.8,0,10.3,2.1,11.1
2025-04-11 11:27:00,11.9,9.7,11.2,10.1,10.4,12.0,11.5,11.9,11.9,12.8,0,10.3,1.9,11.1
2025-04-11 11:27:05,12.0,9.5,11.2,10.2,10.4,12.0,11.5,12.0,11.8,12.8,0,10.4,1.8,11.1
2025-04-11 11:27:10,12.0,9.5,11.3,10.3,10.4,12.1,11.5,12.0,11.7,12.8,0,10.6,1.5,11.1
2025-04-11 11:27:15,12.1,9.5,11.3,10.6,10.4,12.3,11.4,11.8,11.9,12.8,0,10.7,1.3,11.1
2025-04-11 11:27:20,12.2,9.7,11.2,10.5,10.3,12.3,11.6,11.8,12.2,12.8,0,10.8,1.0,11.1
2025-04-11 11:27:25,12.2,9.6,11.3,10.5,10.4,12.3,11.4,11.7,12.3,12.8,0,10.8,0.9,11.1
2025-04-11 11:27:30,12.3,9.7,11.4,10.5,10.6,12.1,11.4,11.9,12.3,12.9,0,10.8,1.2,11.1
2025-04-11 11:27:35,12.4,9.9,11.5,10.5,10.6,12.0,11.3,11.7,12.2,12.9,0,10.8,1.6,11.1
2025-04-11 11:27:40,12.5,9.9,11.4,10.7,10.5,11.9,11.3,11.8,12.2,12.9,0,10.7,2.9,11.0
2025-04-11 11:27:45,12.4,9.9,11.4,10.7,10.6,11.9,11.4,11.9,12.1,12.8,0,10.7,2.7,11.0
2025-04-11 11:27:50,12.4,9.9,11.4,10.7,10.7,12.1,11.6,12.0,12.1,12.8,0,10.8,2.2,11.0
2025-04-11 11:27:55,12.4,9.9,11.4,10.9,10.7,12.1,11.6,12.0,12.1,12.8,0,10.8,1.8,11.0
2025-04-11 11:28:00,12.5,9.8,11.2,11.0,10.8,12.2,11.7,12.0,12.3,12.9,0,10.9,1.8,11.0
2025-04-11 11:28:05,12.5,9.9,11.2,11.0,10.8,12.1,11.7,11.8,12.4,12.9,0,11.0,1.5,11.0
2025-04-11 11:28:10,12.5,10.1,11.3,11.3,11.0,12.2,11.6,11.9,12.3,12.9,0,11.1,1.6,11.0
2025-04-11 11:28:15,12.6,10.0,11.2,11.2,11.1,12.2,11.7,11.9,12.6,12.9,0,11.2,2.3,11.0
2025-04-11 11:28:20,12.6,10.1,11.4,11.3,11.1,12.1,11.7,12.0,12.7,12.9,0,11.2,3.3,11.0
2025-04-11 11:28:25,12.7,10.1,11.5,11.1,11.2,12.1,11.7,12.1,12.8,12.9,0,11.2,2.9,11.0
2025-04-11 11:28:30,12.7,10.2,11.6,11.0,11.1,12.2,11.6,12.4,12.8,12.9,0,11.2,2.9,11.0
2025-04-11 11:28:35,12.6,10.2,11.5,11.0,11.1,12.3,11.7,12.2,12.7,12.9,0,11.1,2.8,11.0
2025-04-11 11:28:40,12.6,10.2,11.6,10.8,11.2,12.2,11.8,12.2,12.9,12.9,0,11.2,2.7,11.0
2025-04-11 11:28:45,12.6,10.2,11.6,10.9,11.3,12.4,11.7,12.3,13.0,12.9,0,11.2,3.0,11.0
2025-04-11 11:28:50,12.8,10.4,11.7,11.1,11.3,12.4,11.9,12.1,13.0,12.9,0,11.3,2.8,11.0
2025-04-11 11:28:55,12.8,10.6,12.0,11.2,11.3,12.4,11.9,12.3,13.0,13.0,0,11.3,2.7,11.0
2025-04-11 11:29:00,12.7,10.7,12.0,11.2,11.3,12.3,11.9,12.0,13.2,13.0,0,11.3,3.2,11.0
2025-04-11 11:29:05,12.9,10.6,11.9,11.3,11.3,12.3,11.9,11.8,13.2,13.0,0,11.4,3.4,11.0
2025-04-11 11:29:10,12.9,10.7,11.7,11.2,11.4,12.4,11.9,11.9,13.2,13.0,0,11.4,3.0,11.0
2025-04-11 11:29:15,13.0,10.7,11.5,11.2,11.5,12.4,12.2,12.2,13.1,13.0,0,11.3,2.4,11.0
2025-04-11 11:29:20,13.0,10.8,11.4,11.1,11.6,12.4,12.2,12.0,12.9,13.0,0,11.4,2.5,11.0
2025-04-11 11:29:25,13.1,10.9,11.4,11.1,11.6,12.4,12.1,11.9,13.0,13.1,0,11.4,2.4,11.0
2025-04-11 11:29:30,13.1,10.9,11.6,11.3,11.9,12.5,12.2,11.9,12.9,13.1,0,11.5,2.8,11.0
2025-04-11 11:29:35,13.1,11.1,11.6,11.2,11.9,12.7,12.3,12.0,12.9,13.1,0,11.6,3.7,11.0
2025-04-11 11:29:40,13.2,11.1,11.6,11.6,12.0,12.6,12.2,12.0,13.0,13.1,0,11.9,3.3,11.0
2025-04-11 11:29:45,13.2,11.2,11.5,11.8,12.2,12.4,12.2,12.2,13.1,13.2,0,11.9,3.7,11.0
2025-04-11 11:29:50,13.2,11.3,11.8,11.9,12.2,12.5,12.3,12.3,13.3,13.2,0,11.8,4.7,11.0
2025-04-11 11:29:55,13.4,11.3,11.8,11.8,12.1,12.3,12.3,12.1,13.4,13.3,0,11.8,4.3,11.0
2025-04-11 11:30:00,13.5,11.5,11.7,11.8,12.2,12.3,12.4,12.0,13.5,13.3,0,11.8,4.0,11.0
2025-04-11 11:30:05,13.4,11.5,11.8,12.0,12.1,12.4,12.5,12.1,13.6,13.3,0,11.9,3.4,11.0
2025-04-11 11:30:10,13.6,11.6,11.8,11.8,12.0,12.4,12.5,12.5,13.6,13.4,0,11.9,3.6,11.0
2025-04-11 11:30:15,13.6,11.7,11.7,12.0,12.0,12.6,12.5,12.5,13.7,13.4,0,12.1,3.8,11.0
2025-04-11 11:30:20,13.6,11.8,11.9,12.0,12.3,12.6,12.6,12.6,13.9,13.4,0,12.1,4.2,11.0
2025-04-11 11:30:25,13.6,11.7,12.1,11.9,12.3,12.5,12.6,12.6,13.7,13.5,0,12.1,4.7,11.0
2025-04-11 11:30:30,13.6,11.7,12.1,12.0,12.5,12.6,12.7,12.5,13.8,13.5,0,12.1,5.0,11.0
2025-04-11 11:30:35,13.7,11.9,12.0,12.1,12.5,12.6,12.7,12.5,13.8,13.6,0,12.1,4.5,11.0
2025-04-11 11:30:40,13.7,11.9,12.1,12.1,12.5,12.6,12.7,12.6,13.8,13.6,0,12.2,4.1,11.0
2025-04-11 11:30:45,13.7,12.1,11.9,12.0,12.5,12.7,12.7,12.5,13.9,13.7,0,12.3,4.0,11.0
2025-04-11 11:30:50,13.7,12.1,12.0,12.1,12.5,12.8,12.6,12.6,13.9,13.7,0,12.4,3.2,11.0
2025-04-11 11:30:55,13.7,12.2,12.1,12.1,12.6,12.8,12.6,12.8,13.9,13.7,0,12.5,3.1,10.9
2025-04-11 11:31:00,13.8,12.3,12.3,12.2,12.7,12.9,12.7,12.8,14.0,13.8,0,12.7,3.2,10.9
2025-04-11 11:31:05,13.9,12.3,12.2,12.3,12.7,13.0,12.8,12.9,14.1,13.8,0,12.7,3.3,10.9
2025-04-11 11:31:10,14.0,12.2,12.3,12.5,13.0,13.4,12.9,12.9,14.1,13.8,0,12.8,3.1,10.9
2025-04-11 11:31:15,14.0,12.4,12.3,12.6,13.0,13.3,13.1,12.9,14.3,13.9,0,12.9,2.4,10.9
2025-04-11 11:31:20,14.1,12.4,12.4,12.6,13.1,13.4,13.0,13.1,14.4,13.9,0,13.1,2.0,10.9
2025-04-11 11:31:25,14.2,12.6,12.4,12.5,13.1,13.5,13.1,13.0,14.4,13.9,0,13.2,2.2,10.9
2025-04-11 11:31:30,14.4,12.6,12.5,12.7,13.2,14.0,13.2,13.1,14.4,14.0,0,13.3,2.2,10.9
2025-04-11 11:31:35,14.4,12.6,12.6,12.8,13.2,14.1,13.3,13.2,14.6,14.0,0,13.6,2.2,10.9
2025-04-11 11:31:40,14.6,12.6,12.7,12.8,13.3,14.1,13.4,13.3,14.7,14.1,0,13.7,2.1,10.9
2025-04-11 11:31:45,14.6,12.7,12.9,13.0,13.3,14.1,13.6,13.4,14.7,14.1,0,13.7,2.1,10.9
2025-04-11 11:31:50,14.8,12.9,12.9,13.0,13.5,14.3,13.7,13.5,14.8,14.2,0,13.9,2.1,10.9
2025-04-11 11:31:55,15.0,13.1,13.0,13.3,13.5,14.5,13.8,13.7,14.9,14.3,0,14.0,3.1,10.9
2025-04-11 11:32:00,14.9,13.3,13.1,13.2,13.7,14.7,14.0,13.7,15.0,14.3,0,14.1,2.6,10.8
2025-04-11 11:32:05,15.3,13.3,13.2,13.2,13.6,14.8,14.1,13.9,15.1,14.4,0,14.4,2.6,10.8
2025-04-11 11:32:10,15.3,13.3,13.5,13.1,13.8,14.9,14.2,14.0,15.2,14.4,0,14.4,2.8,10.9
2025-04-11 11:32:15,15.5,13.2,13.6,13.2,13.8,15.1,14.3,14.2,15.3,14.5,0,14.6,2.2,10.8
2025-04-11 11:32:20,15.7,13.1,13.7,13.4,13.9,15.2,14.4,14.2,15.5,14.6,0,14.7,1.8,10.9
2025-04-11 11:32:25,15.8,13.1,13.9,13.6,14.1,15.4,14.4,14.3,15.5,14.7,0,14.8,1.7,10.8
2025-04-11 11:32:30,15.8,13.3,14.1,13.6,14.2,15.5,14.6,14.3,15.6,14.8,0,14.9,1.7,10.9
2025-04-11 11:32:35,16.0,13.4,14.3,13.7,14.4,15.6,14.8,14.5,15.6,14.9,0,15.1,2.0,10.9
2025-04-11 11:32:40,16.1,13.5,14.4,13.7,14.5,15.8,14.8,14.6,15.9,14.9,0,15.4,2.2,10.8
2025-04-11 11:32:45,16.1,13.6,14.5,13.8,14.6,16.1,15.0,14.5,16.0,15.0,0,15.5,1.8,10.8
2025-04-11 11:32:50,16.2,13.7,14.5,13.8,14.8,16.2,15.3,14.6,15.9,15.1,0,15.6,1.6,10.8
2025-04-11 11:32:55,16.4,13.9,14.7,14.2,14.9,16.5,15.3,14.8,16.1,15.2,0,15.8,1.7,10.8
2025-04-11 11:33:00,16.6,14.0,14.9,14.5,15.2,16.5,15.5,15.0,16.2,15.3,0,15.9,1.7,10.8
2025-04-11 11:33:05,16.6,14.2,15.0,14.6,15.2,16.6,15.7,15.1,16.4,15.4,0,16.1,2.7,10.8
2025-04-11 11:33:10,16.7,14.2,15.1,14.6,15.4,16.6,15.8,15.2,16.5,15.5,0,16.2,2.7,10.8
2025-04-11 11:33:15,16.7,14.2,15.1,14.6,15.5,16.7,15.9,15.2,16.7,15.6,0,16.4,2.4,10.8
2025-04-11 11:33:20,17.0,14.8,15.4,14.8,15.6,16.9,16.0,15.4,16.8,15.7,0,16.4,2.4,10.8
2025-04-11 11:33:25,17.2,14.6,15.6,14.9,15.8,17.0,16.0,15.4,17.0,15.8,0,16.6,2.4,10.8
2025-04-11 11:33:30,17.4,14.7,15.6,14.8,16.1,17.2,16.2,15.6,17.1,16.0,0,16.7,2.1,10.8
2025-04-11 11:33:35,17.6,14.7,15.7,15.0,16.1,17.4,16.2,15.8,17.3,16.0,0,16.8,2.0,10.8
2025-04-11 11:33:40,17.6,14.8,15.7,15.1,16.3,17.5,16.2,15.9,17.4,16.2,0,16.9,2.1,10.8
2025-04-11 11:33:45,17.8,15.0,15.9,15.5,16.4,17.7,16.5,16.1,17.5,16.3,0,17.1,1.7,10.8
2025-04-11 11:33:50,17.8,15.0,16.1,15.6,16.5,17.8,16.6,16.1,17.7,16.4,0,17.3,1.5,10.8
2025-04-11 11:33:55,18.1,15.0,16.2,15.7,16.7,18.0,16.7,16.2,17.9,16.4,0,17.3,1.3,10.8
2025-04-11 11:34:00,18.2,15.0,16.2,15.8,16.9,18.3,17.1,16.3,18.0,16.6,0,17.5,1.1,10.8
2025-04-11 11:34:05,18.3,15.1,16.3,15.9,17.0,18.4,17.3,16.6,18.0,16.6,0,17.7,0.9,10.8
2025-04-11 11:34:10,18.4,15.2,16.5,16.1,17.1,18.6,17.6,16.8,18.1,16.8,0,17.9,1.0,10.8
2025-04-11 11:34:15,18.5,15.2,16.6,16.3,17.3,18.7,17.8,17.0,18.3,16.9,0,18.0,1.2,10.8
2025-04-11 11:34:20,18.8,15.6,16.9,16.5,17.3,18.7,17.8,17.0,18.4,16.9,0,18.1,1.0,10.8
2025-04-11 11:34:25,19.0,15.8,16.9,16.6,17.6,18.9,17.8,17.3,18.4,17.0,0,18.2,0.9,10.8
2025-04-11 11:34:30,19.1,16.0,17.2,16.9,17.9,19.1,18.0,17.4,18.5,17.1,0,18.3,0.7,10.8
2025-04-11 11:34:35,19.2,15.9,17.3,17.0,18.1,19.3,18.2,17.6,18.6,17.2,0,18.5,0.6,10.8
2025-04-11 11:34:40,19.3,16.1,17.5,17.2,18.3,19.4,18.4,17.9,18.8,17.4,0,18.7,0.7,10.8
2025-04-11 11:34:45,19.5,16.2,17.8,17.4,18.3,19.5,18.6,18.1,18.8,17.5,0,18.9,0.9,10.8
2025-04-11 11:34:50,19.7,16.4,18.0,17.5,18.2,19.8,18.5,18.2,18.9,17.6,0,19.1,1.5,10.8
2025-04-11 11:34:55,20.0,16.5,18.1,17.6,18.3,19.9,18.5,18.3,18.9,17.7,0,19.2,2.2,10.8
2025-04-11 11:35:00,20.0,16.6,18.2,17.8,18.5,20.1,18.7,18.6,19.0,17.8,0,19.5,2.1,10.8
2025-04-11 11:35:05,20.4,16.9,18.3,17.9,18.7,20.4,18.8,18.4,19.1,17.9,0,19.5,2.0,10.8
2025-04-11 11:35:10,20.5,16.8,18.5,18.2,18.8,20.9,18.9,18.6,19.2,18.1,0,19.6,2.1,10.8
2025-04-11 11:35:15,20.5,17.2,18.6,18.3,19.1,21.1,19.2,18.7,19.4,18.2,0,19.9,2.8,10.8
2025-04-11 11:35:20,20.6,17.3,18.8,18.4,19.1,20.9,19.4,19.0,19.4,18.3,0,19.9,2.9,10.8
2025-04-11 11:35:25,20.8,17.5,19.1,18.3,19.4,21.0,19.6,19.2,19.4,18.4,0,20.0,3.0,10.8
2025-04-11 11:35:30,21.0,17.8,19.5,18.5,19.5,21.0,19.8,19.4,19.6,18.6,0,20.0,3.5,10.8
2025-04-11 11:35:35,21.0,18.0,19.6,18.6,19.8,21.1,20.1,19.3,19.7,18.6,0,20.2,3.3,10.8
2025-04-11 11:35:40,21.2,18.1,19.5,18.7,20.0,21.2,20.3,19.4,19.9,18.8,0,20.1,2.5,10.8
2025-04-11 11:35:45,21.3,18.2,19.5,18.7,20.2,21.6,20.4,19.8,20.2,18.9,0,20.2,3.0,10.8
2025-04-11 11:35:50,21.4,18.4,19.6,18.7,20.2,21.6,20.6,19.9,20.5,19.0,0,20.5,2.4,10.8
2025-04-11 11:35:55,21.5,18.5,19.7,19.1,20.5,21.7,20.7,19.8,20.5,19.1,0,20.6,2.2,10.8
2025-04-11 11:36:00,21.8,18.7,19.8,19.3,20.7,21.9,21.0,20.0,20.6,19.3,0,20.6,1.8,10.8
2025-04-11 11:36:05,21.9,18.6,20.0,19.4,20.8,22.1,21.2,20.0,20.7,19.4,0,20.6,1.5,10.8
2025-04-11 11:36:10,22.0,18.8,20.2,19.7,20.9,22.1,21.4,20.1,20.9,19.5,0,20.8,1.9,10.8
2025-04-11 11:36:15,22.0,18.9,20.2,19.8,21.0,22.2,21.7,20.3,21.1,19.7,0,20.9,1.8,10.7
2025-04-11 11:36:20,22.2,19.3,20.3,19.9,21.2,22.4,21.9,20.6,21.2,19.8,0,21.1,1.3,10.8
2025-04-11 11:36:25,22.2,19.4,20.4,20.0,21.2,22.6,22.0,20.8,21.2,20.0,0,21.3,1.2,10.8
2025-04-11 11:36:30,22.4,19.6,20.5,20.2,21.3,22.7,22.0,20.9,21.4,20.1,0,21.4,1.0,10.7
2025-04-11 11:36:35,22.6,19.7,20.7,20.3,21.4,22.8,22.4,21.4,21.6,20.3,0,21.6,0.9,10.7
2025-04-11 11:36:40,22.7,19.9,20.8,20.4,21.6,22.9,22.4,21.5,21.7,20.3,0,21.7,0.9,10.7
2025-04-11 11:36:45,22.9,20.0,20.8,20.6,21.6,23.2,22.6,21.5,21.7,20.5,0,22.0,0.8,10.7
2025-04-11 11:36:50,23.1,20.1,20.9,20.7,21.8,23.3,22.8,21.8,21.8,20.6,0,22.1,0.8,10.7
2025-04-11 11:36:55,23.2,20.2,21.1,20.8,22.1,23.3,22.7,21.9,21.8,20.7,0,22.3,0.9,10.7
2025-04-11 11:37:00,23.3,20.2,21.3,21.1,22.3,23.6,22.7,22.0,22.1,20.9,0,22.4,0.8,10.7
2025-04-11 11:37:05,23.5,20.4,21.4,21.3,22.5,23.8,23.0,22.1,22.3,21.0,0,22.6,0.9,10.7
2025-04-11 11:37:10,23.6,20.5,21.6,21.4,22.7,24.0,23.1,22.4,22.5,21.1,0,22.7,0.9,10.7
2025-04-11 11:37:15,23.8,20.6,21.8,21.8,22.9,24.0,23.2,22.4,22.5,21.3,0,22.9,0.8,10.7
2025-04-11 11:37:20,24.0,20.7,21.9,21.8,23.0,24.1,23.2,22.5,23.0,21.4,0,23.0,0.7,10.7
2025-04-11 11:37:25,24.2,20.8,22.2,22.0,23.3,24.4,23.5,22.4,23.3,21.5,0,23.3,0.6,10.7
2025-04-11 11:37:30,24.3,20.9,22.3,22.2,23.5,24.6,23.6,22.5,23.4,21.7,0,23.5,0.4,10.7
2025-04-11 11:37:35,24.4,21.0,22.7,22.4,23.5,24.7,23.8,22.7,23.4,21.8,0,23.5,0.4,10.7
2025-04-11 11:37:40,24.5,21.1,22.8,22.6,23.6,24.8,23.9,23.0,23.6,21.9,0,23.6,0.4,10.7
2025-04-11 11:37:45,24.6,21.1,22.9,22.6,23.7,25.0,24.2,23.0,23.6,22.0,0,23.8,0.5,10.7
2025-04-11 11:37:50,24.8,21.3,23.2,22.8,24.0,25.0,24.4,23.2,23.7,22.1,0,23.9,0.7,10.7
2025-04-11 11:37:55,24.9,21.6,23.5,22.9,24.2,25.2,24.5,23.3,23.8,22.2,0,24.0,1.3,10.7
2025-04-11 11:38:00,24.9,21.6,23.4,23.2,24.4,25.4,24.6,23.4,23.9,22.3,0,24.0,1.4,10.7
2025-04-11 11:38:05,25.1,21.7,23.6,23.3,24.5,25.5,24.7,23.5,23.8,22.4,0,24.1,1.3,10.7
2025-04-11 11:38:10,25.2,21.8,23.6,23.4,24.7,25.6,24.9,23.7,23.8,22.5,0,24.2,1.2,10.7
2025-04-11 11:38:15,25.4,22.1,23.5,23.5,24.8,25.8,25.0,23.8,23.9,22.6,0,24.4,1.0,10.7
2025-04-11 11:38:20,25.7,22.3,23.6,23.7,24.9,25.8,25.0,24.0,24.0,22.7,0,24.4,1.0,10.7
2025-04-11 11:38:25,25.7,22.6,23.6,23.7,24.9,26.0,25.3,24.2,24.1,22.8,0,24.5,1.0,10.7
2025-04-11 11:38:30,25.7,22.8,23.8,23.9,25.1,26.2,25.3,24.4,24.3,22.9,0,24.7,1.0,10.7
2025-04-11 11:38:35,25.9,22.9,23.9,24.0,25.1,26.4,25.4,24.5,24.4,22.9,0,24.7,0.9,10.7
2025-04-11 11:38:40,25.9,23.0,24.1,24.3,25.3,26.7,25.5,24.8,24.7,23.0,0,24.9,0.7,10.7
2025-04-11 11:38:45,26.0,23.2,24.1,24.2,25.4,26.7,25.5,24.8,24.8,23.1,0,24.9,0.6,10.7
2025-04-11 11:38:50,26.1,23.4,24.3,24.3,25.4,26.6,25.6,24.9,24.8,23.2,0,25.1,0.8,10.7
2025-04-11 11:38:55,26.3,23.6,24.4,24.4,25.6,26.8,25.8,24.9,25.1,23.3,0,25.1,1.0,10.7
2025-04-11 11:39:00,26.3,23.4,24.5,24.5,25.7,26.9,25.8,25.0,25.2,23.4,0,25.1,1.1,10.7
2025-04-11 11:39:05,26.5,23.5,24.7,24.4,25.8,26.9,25.8,25.1,25.4,23.5,0,25.2,1.3,10.7
2025-04-11 11:39:10,26.7,23.6,25.0,24.6,26.1,26.9,26.1,25.3,25.7,23.6,0,25.2,1.2,10.7
2025-04-11 11:39:15,26.8,23.7,25.0,24.6,26.2,27.0,26.1,25.4,25.7,23.7,0,25.4,1.1,10.7
2025-04-11 11:39:20,26.9,23.8,25.2,24.6,26.2,27.1,26.3,25.5,25.9,23.8,0,25.4,1.4,10.7
2025-04-11 11:39:25,27.1,24.0,25.2,24.8,26.4,27.2,26.4,25.6,26.0,23.9,0,25.5,1.5,10.7
2025-04-11 11:39:30,27.2,24.1,25.2,24.9,26.5,27.4,26.6,25.8,26.1,24.0,0,25.5,1.5,10.7
2025-04-11 11:39:35,27.3,24.3,25.3,24.9,26.6,27.4,26.7,25.9,26.2,24.1,0,25.6,1.2,10.7
2025-04-11 11:39:40,27.4,24.5,25.5,25.1,26.6,27.5,26.8,25.9,26.2,24.2,0,25.7,1.2,10.7
2025-04-11 11:39:45,27.7,24.6,25.5,25.2,26.8,27.7,26.9,26.2,26.4,24.3,0,25.8,1.3,10.7
2025-04-11 11:39:50,27.7,24.7,25.6,25.2,26.9,27.8,27.1,26.3,26.5,24.4,0,25.9,1.4,10.7
2025-04-11 11:39:55,27.9,25.0,25.8,25.3,27.0,28.1,27.1,26.3,26.6,24.5,0,26.0,1.5,10.7
2025-04-11 11:40:00,28.0,25.2,25.9,25.5,27.1,28.1,27.3,26.5,26.8,24.6,0,26.1,1.4,10.7
2025-04-11 11:40:05,28.1,25.4,26.0,25.6,27.1,28.2,27.4,26.6,26.9,24.6,0,26.1,1.4,10.7
2025-04-11 11:40:10,28.2,25.3,26.1,26.0,27.3,28.3,27.6,26.8,26.9,24.7,0,26.3,1.6,10.7
2025-04-11 11:40:15,28.3,25.3,26.1,26.0,27.4,28.4,27.6,26.8,27.1,24.8,0,26.3,1.6,10.7
2025-04-11 11:40:20,28.2,25.4,26.3,26.1,27.5,28.4,27.7,26.9,27.1,24.9,0,26.4,1.1,10.7
2025-04-11 11:40:25,28.4,25.4,26.4,26.2,27.6,28.6,27.9,27.1,27.2,25.0,0,26.4,1.1,10.7
2025-04-11 11:40:30,28.5,25.5,26.6,26.2,27.7,28.6,28.0,27.1,27.2,25.1,0,26.5,0.9,10.7
2025-04-11 11:40:35,28.6,25.5,26.6,26.3,27.8,28.7,28.0,27.2,27.2,25.1,0,26.6,0.7,10.6
2025-04-11 11:40:40,28.7,25.6,26.7,26.5,28.0,28.9,28.2,27.3,27.2,25.2,0,26.7,0.5,10.6
2025-04-11 11:40:45,28.7,25.7,26.7,26.4,28.1,29.0,28.3,27.5,27.2,25.3,0,26.8,0.5,10.7
2025-04-11 11:40:50,28.8,25.9,27.0,26.6,28.1,29.1,28.5,27.6,27.4,25.4,0,26.8,0.6,10.7
2025-04-11 11:40:55,28.9,25.9,27.0,26.5,28.3,29.0,28.6,27.6,27.3,25.4,0,27.0,0.5,10.7
2025-04-11 11:41:00,28.9,26.1,27.2,26.6,28.5,29.2,28.7,27.8,27.4,25.5,0,27.0,0.7,10.7
2025-04-11 11:41:05,29.0,26.3,27.4,26.6,28.5,29.3,28.7,27.8,27.5,25.6,0,27.0,1.2,10.7
2025-04-11 11:41:10,29.0,26.3,27.5,26.7,28.4,29.4,28.8,28.0,27.8,25.6,0,27.0,1.3,10.7
2025-04-11 11:41:15,29.1,26.3,27.3,26.9,28.6,29.5,28.7,28.1,27.9,25.7,0,27.3,1.6,10.7
2025-04-11 11:41:20,29.3,26.3,27.2,27.0,28.7,29.6,28.9,28.2,27.9,25.8,0,27.2,1.5,10.7
2025-04-11 11:41:25,29.4,26.4,27.3,27.0,28.7,29.7,29.0,28.3,28.0,25.9,0,27.2,1.4,10.7
2025-04-11 11:41:30,29.5,26.4,27.3,27.2,28.8,29.9,29.1,28.2,28.2,26.0,0,27.3,1.1,10.7
2025-04-11 11:41:35,29.5,26.6,27.3,27.3,28.9,30.0,29.0,28.3,28.2,26.0,0,27.3,1.0,10.7
2025-04-11 11:41:40,29.6,26.9,27.5,27.3,28.9,30.0,29.1,28.5,28.3,26.1,0,27.4,1.0,10.7
2025-04-11 11:41:45,29.6,26.9,27.7,27.5,28.9,30.1,29.1,28.6,28.6,26.2,0,27.5,0.8,10.7
2025-04-11 11:41:50,29.7,27.0,27.9,27.6,29.0,30.1,29.2,28.5,28.6,26.2,0,27.6,0.7,10.7
2025-04-11 11:41:55,29.7,27.1,28.0,27.7,29.1,30.2,29.2,28.8,28.7,26.3,0,27.7,0.7,10.7
2025-04-11 11:42:00,29.9,27.2,27.9,27.9,29.3,30.3,29.4,28.9,28.7,26.4,0,27.7,0.6,10.7
2025-04-11 11:42:05,30.0,27.4,28.1,28.1,29.2,30.5,29.6,29.1,29.1,26.5,0,27.8,0.5,10.7
2025-04-11 11:42:10,30.0,27.4,28.2,28.2,29.4,30.6,29.6,29.2,29.1,26.5,0,27.8,0.5,10.7
2025-04-11 11:42:15,30.1,27.5,28.3,28.1,29.4,30.5,29.6,29.2,29.0,26.6,0,27.9,0.4,10.7
2025-04-11 11:42:20,30.2,27.5,28.4,28.1,29.5,30.7,29.8,29.2,29.0,26.7,0,28.0,0.3,10.7
2025-04-11 11:42:25,30.3,27.3,28.5,28.3,29.6,30.8,29.9,29.3,29.2,26.8,0,27.9,0.4,10.7
2025-04-11 11:42:30,30.5,27.3,28.7,28.4,29.7,30.9,29.9,29.2,29.3,26.9,0,28.0,0.6,10.7
2025-04-11 11:42:35,30.6,27.5,29.1,28.4,29.7,30.9,30.0,29.4,29.1,27.0,0,28.0,1.0,10.7
2025-04-11 11:42:40,30.6,27.6,29.0,28.5,29.9,31.2,30.2,29.4,29.0,27.1,0,28.2,1.3,10.7
2025-04-11 11:42:45,30.8,27.7,28.9,28.6,30.1,31.2,30.2,29.6,29.0,27.2,0,28.2,1.6,10.7
2025-04-11 11:42:50,30.9,27.6,28.9,28.9,30.0,31.2,30.3,29.6,29.1,27.2,0,28.1,1.9,10.7
2025-04-11 11:42:55,31.0,27.6,29.0,28.8,30.1,31.2,30.3,29.8,29.2,27.3,0,28.3,2.0,10.8
2025-04-11 11:43:00,30.9,27.7,29.1,28.8,30.2,31.3,30.4,29.9,29.4,27.5,0,28.4,2.0,10.8
2025-04-11 11:43:05,31.0,27.8,29.3,28.8,30.3,31.2,30.5,29.7,29.5,27.6,0,28.4,1.9,10.8
2025-04-11 11:43:10,31.0,28.0,29.4,28.8,30.3,31.2,30.5,29.6,29.5,27.6,0,28.5,1.7,10.8
2025-04-11 11:43:15,31.2,28.2,29.4,29.0,30.5,31.3,30.5,29.6,29.7,27.7,0,28.6,1.9,10.8
2025-04-11 11:43:20,31.3,28.3,29.5,29.1,30.5,31.5,30.6,29.6,29.8,27.8,0,28.5,1.7,10.8
2025-04-11 11:43:25,31.2,28.7,29.5,29.1,30.7,31.5,30.7,29.7,29.8,27.9,0,28.6,1.5,10.8
2025-04-11 11:43:30,31.2,28.9,29.5,29.2,30.6,31.6,30.9,29.7,29.9,28.0,0,28.6,1.7,10.8
2025-04-11 11:43:35,31.4,29.0,29.5,29.3,30.7,31.7,30.9,29.7,30.0,28.1,0,28.5,1.7,10.8
2025-04-11 11:43:40,31.5,29.3,29.8,29.3,30.9,31.8,31.2,29.8,30.0,28.2,0,28.7,2.0,10.8
2025-04-11 11:43:45,31.6,29.2,29.9,29.5,31.1,31.8,31.4,29.8,30.0,28.3,0,28.9,1.9,10.8
2025-04-11 11:43:50,31.7,29.3,29.9,29.6,31.2,31.8,31.4,29.9,30.1,28.4,0,29.0,1.6,10.8
2025-04-11 11:43:55,31.9,29.4,30.0,29.6,31.3,31.9,31.5,30.0,30.4,28.5,0,29.0,1.5,10.8
2025-04-11 11:44:00,32.1,29.6,29.9,29.8,31.3,32.0,31.5,30.3,30.6,28.6,0,29.1,1.2,10.8
2025-04-11 11:44:05,32.1,29.6,29.9,29.9,31.3,32.2,31.6,30.4,30.7,28.8,0,29.3,1.1,10.8
2025-04-11 11:44:10,32.2,29.7,29.9,29.9,31.3,32.3,31.6,30.4,30.6,28.9,0,29.3,0.9,10.8
2025-04-11 11:44:15,32.3,29.8,30.0,30.0,31.4,32.4,31.8,30.7,30.7,29.0,0,29.4,0.8,10.8
2025-04-11 11:44:20,32.4,29.7,30.1,30.2,31.5,32.6,31.8,30.7,30.8,29.1,0,29.5,0.6,10.8
2025-04-11 11:44:25,32.4,29.7,30.3,30.2,31.7,32.7,32.0,30.7,31.1,29.2,0,29.6,0.5,10.7
2025-04-11 11:44:30,32.6,29.7,30.5,30.4,31.8,32.7,32.1,30.9,31.2,29.3,0,29.6,0.4,10.7
2025-04-11 11:44:35,32.7,29.6,30.5,30.4,31.8,32.9,32.2,30.9,31.3,29.4,0,29.7,0.6,10.7
2025-04-11 11:44:40,32.9,29.7,30.7,30.7,32.0,32.9,32.4,31.0,31.4,29.5,0,29.8,1.1,10.7
2025-04-11 11:44:45,33.0,29.9,30.9,30.9,32.1,33.1,32.6,31.0,31.3,29.6,0,29.8,0.9,10.7
2025-04-11 11:44:50,33.1,30.1,31.1,30.9,32.3,33.1,32.6,31.2,31.3,29.7,0,29.8,1.3,10.7
2025-04-11 11:44:55,33.1,30.0,31.1,31.1,32.5,33.1,32.8,31.4,31.4,29.8,0,29.8,1.4,10.7
2025-04-11 11:45:00,33.2,30.1,31.4,31.2,32.6,33.2,32.9,31.7,31.6,29.8,0,29.8,1.3,10.7
2025-04-11 11:45:05,33.5,30.2,31.5,31.2,32.6,33.3,32.9,31.9,31.8,29.9,0,30.0,1.0,10.7
2025-04-11 11:45:10,33.6,30.3,31.6,31.2,32.8,33.5,33.0,31.9,32.1,30.0,0,30.1,0.8,10.7
2025-04-11 11:45:15,33.6,30.3,31.5,31.3,32.8,33.5,33.1,31.9,32.1,30.1,0,30.3,0.6,10.7
2025-04-11 11:45:20,33.7,30.6,31.8,31.3,33.0,33.7,33.2,31.9,32.2,30.2,0,30.3,0.6,10.7
2025-04-11 11:45:25,33.8,30.7,31.8,31.5,32.9,33.7,33.2,32.1,32.4,30.3,0,30.4,0.5,10.7
2025-04-11 11:45:30,33.9,30.8,31.8,31.5,33.0,33.8,33.3,32.2,32.6,30.5,0,30.4,0.4,10.7
2025-04-11 11:45:35,34.1,31.0,31.9,31.7,33.1,34.0,33.4,32.4,32.6,30.5,0,30.4,0.5,10.7
2025-04-11 11:45:40,34.2,31.1,32.0,31.8,33.3,34.0,33.5,32.5,32.7,30.7,0,30.4,0.5,10.7
2025-04-11 11:45:45,34.2,31.1,32.2,32.2,33.5,34.4,33.6,32.7,32.9,30.8,0,30.7,0.8,10.7
2025-04-11 11:45:50,34.4,31.3,32.4,32.2,33.6,34.5,33.8,32.9,33.0,30.9,0,30.7,1.8,10.7
2025-04-11 11:45:55,34.5,31.3,32.6,32.4,33.7,34.6,34.0,33.2,33.2,31.0,0,30.8,1.8,10.7
2025-04-11 11:46:00,34.6,31.4,32.7,32.4,33.8,34.8,34.1,33.4,33.3,31.1,0,31.0,1.7,10.7
2025-04-11 11:46:05,34.7,31.4,32.8,32.6,34.0,34.9,34.2,33.3,33.5,31.2,0,31.1,1.5,10.7
2025-04-11 11:46:10,34.9,31.4,33.1,32.6,34.5,34.6,34.2,33.2,33.6,31.3,0,31.2,2.0,10.7
2025-04-11 11:46:15,35.1,31.5,33.3,32.6,34.3,34.6,34.6,33.3,33.8,31.5,0,31.1,2.7,10.7
2025-04-11 11:46:20,35.3,31.7,33.4,32.7,34.5,34.7,34.8,33.5,33.9,31.6,0,31.0,2.8,10.7
2025-04-11 11:46:25,35.4,31.8,33.3,32.7,34.6,34.7,34.9,33.5,34.2,31.8,0,31.1,2.4,10.7
2025-04-11 11:46:30,35.5,31.8,33.4,32.8,34.6,34.8,35.0,33.6,34.3,31.8,0,31.2,2.5,10.7
2025-04-11 11:46:35,35.6,31.9,33.4,33.1,34.8,35.0,35.0,33.7,34.4,32.1,0,31.2,2.5,10.7
2025-04-11 11:46:40,35.7,32.1,33.5,33.1,34.9,35.3,35.1,33.8,34.7,32.2,0,31.3,2.5,10.7
2025-04-11 11:46:45,35.9,32.2,33.6,33.2,35.0,35.4,35.1,33.9,34.7,32.4,0,31.5,2.1,10.7
2025-04-11 11:46:50,36.0,32.3,33.7,33.3,35.2,35.6,35.3,34.2,34.9,32.5,0,31.6,1.9,10.7
2025-04-11 11:46:55,36.1,32.5,33.7,33.6,35.2,35.8,35.3,34.1,35.1,32.6,0,31.7,1.7,10.7
2025-04-11 11:47:00,36.2,32.6,33.9,33.8,35.3,36.0,35.4,34.3,35.2,32.8,0,31.9,2.0,10.7
2025-04-11 11:47:05,36.3,32.7,34.1,33.9,35.5,36.1,35.6,34.5,35.3,32.9,0,32.1,2.2,10.7
2025-04-11 11:47:10,36.4,33.0,34.1,34.1,35.5,36.1,35.6,34.6,35.5,33.1,0,32.2,2.5,10.6
2025-04-11 11:47:15,36.5,33.2,34.3,34.4,35.8,36.3,35.7,34.8,35.6,33.2,0,32.3,2.4,10.6
2025-04-11 11:47:20,36.7,33.3,34.4,34.5,35.8,36.4,35.9,34.9,35.7,33.4,0,32.5,2.3,10.6
2025-04-11 11:47:25,36.9,33.5,34.5,34.6,36.1,36.5,36.1,35.2,35.8,33.6,0,32.5,1.8,10.6
2025-04-11 11:47:30,36.9,33.8,34.6,34.7,36.2,36.6,36.4,35.3,35.9,33.7,0,32.6,1.5,10.6
2025-04-11 11:47:35,37.1,33.8,34.7,34.8,36.5,36.7,36.5,35.4,36.0,33.8,0,32.6,1.4,10.6
2025-04-11 11:47:40,37.2,34.0,34.9,34.8,36.5,36.9,36.8,35.5,36.1,34.0,0,32.7,1.5,10.6
2025-04-11 11:47:45,37.4,34.1,35.0,34.9,36.5,36.9,36.9,35.5,36.3,34.2,0,32.8,1.3,10.6
2025-04-11 11:47:50,37.5,34.3,35.0,35.1,36.6,36.9,37.0,35.7,36.3,34.3,0,33.0,1.1,10.6
2025-04-11 11:47:55,37.7,34.4,35.1,35.2,36.8,37.1,37.1,35.8,36.5,34.5,0,33.1,1.0,10.6
2025-04-11 11:48:00,37.8,34.5,35.3,35.3,37.0,37.3,37.3,35.9,36.5,34.6,0,33.3,0.8,10.6
2025-04-11 11:48:05,37.9,34.7,35.5,35.6,37.1,37.5,37.4,36.1,36.6,34.7,0,33.4,0.7,10.6
2025-04-11 11:48:10,38.1,34.7,35.6,35.8,37.3,37.6,37.5,36.2,36.7,34.9,0,33.5,0.8,10.6
2025-04-11 11:48:15,38.2,34.8,35.9,35.9,37.4,37.8,37.4,36.5,36.8,35.0,0,33.6,1.0,10.6
2025-04-11 11:48:20,38.3,34.9,36.1,36.0,37.6,37.8,37.7,36.5,37.0,35.1,0,33.7,0.9,10.6
2025-04-11 11:48:25,38.4,35.0,36.3,36.2,37.8,38.2,37.8,36.8,37.2,35.3,0,33.9,1.0,10.6
2025-04-11 11:48:30,38.6,35.2,36.3,36.2,37.8,38.3,37.9,36.9,37.4,35.4,0,34.1,0.9,10.6
2025-04-11 11:48:35,38.7,35.2,36.4,36.5,38.0,38.4,38.1,37.0,37.4,35.5,0,34.1,0.8,10.6
2025-04-11 11:48:40,38.8,35.2,36.5,36.6,38.1,38.6,38.2,37.3,37.5,35.6,0,34.3,1.0,10.6
2025-04-11 11:48:45,38.9,35.3,36.8,36.9,38.3,38.7,38.4,37.6,37.6,35.7,0,34.4,1.0,10.6
2025-04-11 11:48:50,39.1,35.4,36.9,37.1,38.5,38.9,38.4,37.7,37.7,35.8,0,34.6,0.8,10.6
2025-04-11 11:48:55,39.4,35.5,37.0,37.2,38.5,39.0,38.7,37.6,37.8,35.9,0,34.6,1.2,10.6
2025-04-11 11:49:00,39.4,35.8,37.0,37.2,38.7,39.2,38.8,37.7,37.8,36.0,0,34.8,1.2,10.6
2025-04-11 11:49:05,39.4,35.8,37.1,37.3,38.8,39.3,38.8,37.8,38.1,36.1,0,34.8,1.2,10.6
2025-04-11 11:49:10,39.5,35.9,37.2,37.4,38.9,39.4,39.0,38.0,38.2,36.2,0,34.9,0.9,10.6
2025-04-11 11:49:15,39.5,36.1,37.5,37.5,39.0,39.6,39.2,38.1,38.3,36.3,0,35.0,1.0,10.6
2025-04-11 11:49:20,39.6,36.3,37.5,37.6,39.2,39.8,39.2,38.0,38.5,36.4,0,35.1,1.2,10.5
2025-04-11 11:49:25,39.8,36.4,37.7,37.7,39.3,39.8,39.3,38.3,38.6,36.5,0,35.2,1.2,10.6
2025-04-11 11:49:30,39.9,36.4,37.8,37.9,39.5,39.9,39.3,38.4,38.6,36.6,0,35.3,1.2,10.6
2025-04-11 11:49:35,39.9,36.5,37.9,38.0,39.6,39.9,39.4,38.5,38.9,36.7,0,35.3,0.9,10.6
2025-04-11 11:49:40,40.0,36.6,37.9,37.9,39.8,40.0,39.5,38.7,39.1,36.8,0,35.4,0.7,10.6
2025-04-11 11:49:45,40.1,36.8,38.0,38.0,39.8,40.0,39.5,38.7,39.2,36.9,0,35.5,0.6,10.6
2025-04-11 11:49:50,40.2,37.1,38.2,38.1,39.9,40.1,39.6,38.8,39.3,36.9,0,35.5,0.4,10.6
2025-04-11 11:49:55,40.3,37.3,38.4,38.2,39.9,40.4,39.8,38.8,39.2,37.0,0,35.6,0.4,10.6
2025-04-11 11:50:00,40.4,37.3,38.5,38.2,40.0,40.4,39.9,38.9,39.2,37.1,0,35.7,0.7,10.6
2025-04-11 11:50:05,40.6,37.5,38.7,38.3,40.0,40.6,40.0,38.9,39.3,37.1,0,35.7,0.8,10.6
2025-04-11 11:50:10,40.6,37.7,38.7,38.3,40.1,40.7,40.0,39.1,39.2,37.2,0,35.8,1.1,10.6
2025-04-11 11:50:15,40.8,37.8,38.8,38.5,40.2,40.9,40.0,39.1,39.2,37.2,0,35.8,1.3,10.6
2025-04-11 11:50:20,40.9,37.7,39.0,38.6,40.4,40.9,40.1,39.4,39.4,37.3,0,36.0,1.5,10.6
2025-04-11 11:50:25,41.0,37.5,39.1,38.6,40.4,41.0,40.2,39.3,39.9,37.4,0,36.0,1.4,10.6
2025-04-11 11:50:30,41.1,37.5,39.1,38.8,40.4,41.0,40.3,39.5,39.9,37.4,0,36.2,1.1,10.6
2025-04-11 11:50:35,41.2,37.6,39.1,38.9,40.5,41.1,40.3,39.5,39.9,37.5,0,36.2,1.7,10.6
2025-04-11 11:50:40,41.3,37.8,39.3,39.1,40.6,41.1,40.5,39.6,39.9,37.6,0,36.2,1.7,10.6
2025-04-11 11:50:45,41.4,37.9,39.4,39.1,40.6,41.1,40.5,39.9,39.8,37.6,0,36.3,1.5,10.6
2025-04-11 11:50:50,41.5,38.0,39.4,39.1,40.7,41.2,40.6,40.0,40.0,37.7,0,36.4,1.6,10.6
2025-04-11 11:50:55,41.4,38.2,39.5,39.2,40.9,41.4,40.7,40.0,40.1,37.8,0,36.4,1.8,10.6
2025-04-11 11:51:00,41.4,38.1,39.6,39.1,41.1,41.4,40.9,40.1,40.0,37.8,0,36.5,2.0,10.6
2025-04-11 11:51:05,41.5,38.1,39.6,39.2,41.1,41.4,41.0,40.1,40.0,38.0,0,36.5,2.0,10.6
2025-04-11 11:51:10,41.6,38.1,39.7,39.3,41.3,41.4,41.0,40.1,40.0,38.0,0,36.5,1.7,10.6
2025-04-11 11:51:15,41.6,38.0,39.8,39.3,41.5,41.5,41.1,40.1,40.1,38.1,0,36.6,1.8,10.6
2025-04-11 11:51:20,41.7,38.2,39.7,39.1,41.4,41.4,41.1,40.1,40.2,38.2,0,36.6,1.8,10.6
2025-04-11 11:51:25,41.7,38.3,39.8,39.2,41.6,41.6,41.2,40.2,40.4,38.3,0,36.6,1.7,10.6
2025-04-11 11:51:30,41.9,38.3,39.8,39.4,41.6,41.8,41.5,40.2,40.5,38.4,0,36.7,1.7,10.6
2025-04-11 11:51:35,41.9,38.3,39.8,39.4,41.6,41.9,41.5,40.4,40.5,38.4,0,36.8,1.7,10.6
2025-04-11 11:51:40,41.9,38.4,39.9,39.7,41.6,41.9,41.7,40.4,40.6,38.5,0,36.8,1.7,10.6
2025-04-11 11:51:45,42.1,38.6,40.0,39.9,41.7,42.1,41.6,40.5,40.7,38.6,0,36.9,1.8,10.5
2025-04-11 11:51:50,42.1,38.7,40.1,40.1,41.7,42.4,41.8,40.7,40.9,38.6,0,37.0,1.8,10.5
2025-04-11 11:51:55,42.3,39.0,40.1,40.2,41.7,42.3,41.9,40.8,40.8,38.8,0,37.3,1.8,10.5
2025-04-11 11:52:00,42.4,39.0,40.2,40.1,41.9,42.4,42.1,40.8,40.7,38.8,0,37.4,2.0,10.5
2025-04-11 11:52:05,42.4,39.0,40.3,40.2,41.9,42.4,42.2,40.9,40.9,38.9,0,37.4,2.0,10.5
2025-04-11 11:52:10,42.5,38.9,40.5,40.2,42.0,42.5,42.1,40.7,41.0,39.0,0,37.4,1.9,10.5
2025-04-11 11:52:15,42.6,38.9,40.6,40.3,42.0,42.6,42.2,40.7,41.2,39.0,0,37.4,1.9,10.5
2025-04-11 11:52:20,42.6,38.8,40.7,40.2,42.1,42.8,42.1,40.7,41.2,39.1,0,37.4,2.0,10.5
2025-04-11 11:52:25,42.7,38.9,40.5,40.3,42.2,42.8,42.2,40.8,41.2,39.2,0,37.4,1.8,10.5
2025-04-11 11:52:30,42.9,38.9,40.6,40.4,42.2,42.8,42.1,40.8,41.3,39.3,0,37.5,2.1,10.5
2025-04-11 11:52:35,42.9,39.1,40.6,40.5,42.2,42.9,42.2,40.8,41.5,39.3,0,37.5,2.3,10.5
2025-04-11 11:52:40,43.0,39.2,40.6,40.8,42.2,43.1,42.2,40.9,41.5,39.4,0,37.6,2.6,10.5
2025-04-11 11:52:45,43.0,39.2,40.7,41.1,42.2,43.4,42.2,41.1,41.6,39.5,0,37.8,2.9,10.5
2025-04-11 11:52:50,43.2,39.4,40.9,41.1,42.3,43.5,42.1,41.2,41.5,39.6,0,38.0,3.6,10.5
2025-04-11 11:52:55,43.3,39.4,41.0,41.2,42.5,43.5,42.3,41.5,41.6,39.7,0,38.1,3.6,10.5
2025-04-11 11:53:00,43.3,39.5,41.2,41.3,42.6,43.5,42.3,41.8,41.8,39.8,0,38.1,3.1,10.5
2025-04-11 11:53:05,43.4,39.5,41.3,41.2,42.7,43.7,42.4,41.9,41.9,39.8,0,38.2,3.0,10.5
2025-04-11 11:53:10,43.6,39.6,41.4,41.3,42.7,43.9,42.4,41.8,42.0,40.0,0,38.3,2.4,10.5
2025-04-11 11:53:15,43.8,39.7,41.4,41.4,42.9,44.0,42.7,41.8,42.2,40.1,0,38.3,2.4,10.5
2025-04-11 11:53:20,44.0,39.8,41.4,41.6,43.0,44.0,43.0,42.2,42.3,40.2,0,38.4,3.1,10.5
2025-04-11 11:53:25,44.0,40.0,41.6,41.7,43.0,44.0,43.1,42.2,42.4,40.3,0,38.6,3.2,10.5
2025-04-11 11:53:30,44.1,39.9,41.7,41.7,43.3,44.0,43.3,42.2,42.7,40.4,0,38.8,3.3,10.5
2025-04-11 11:53:35,44.2,39.8,41.7,41.8,43.4,43.9,43.4,42.4,42.9,40.5,0,38.9,2.8,10.5
2025-04-11 11:53:40,44.3,40.0,41.7,41.9,43.5,44.2,43.7,42.5,42.9,40.6,0,39.0,2.0,10.5
2025-04-11 11:53:45,44.5,40.1,41.9,42.0,43.6,44.3,43.8,42.7,43.0,40.7,0,39.2,1.9,10.5
2025-04-11 11:53:50,44.7,40.5,41.9,42.2,43.6,44.3,44.0,42.7,43.1,40.8,0,39.3,2.0,10.5
2025-04-11 11:53:55,44.8,40.7,42.3,42.4,43.8,44.6,43.9,42.7,43.2,40.9,0,39.5,1.9,10.5
2025-04-11 11:54:00,44.8,40.8,42.3,42.6,43.8,44.7,44.0,42.7,43.3,41.0,0,39.7,2.1,10.5
2025-04-11 11:54:05,45.0,40.9,42.5,42.9,44.0,44.8,44.1,43.1,43.2,41.1,0,39.8,2.4,10.5
2025-04-11 11:54:10,45.0,40.9,42.6,42.9,44.2,45.0,44.2,43.3,43.2,41.2,0,40.1,2.4,10.5
2025-04-11 11:54:15,45.2,41.0,42.9,42.9,44.3,45.0,44.3,43.4,43.2,41.4,0,40.3,2.6,10.5
2025-04-11 11:54:20,45.4,41.1,43.1,42.9,44.5,45.2,44.4,43.5,43.3,41.5,0,40.4,2.8,10.5
2025-04-11 11:54:25,45.4,41.1,43.0,43.0,44.7,45.4,44.5,43.7,43.4,41.7,0,40.5,2.9,10.5
2025-04-11 11:54:30,45.5,41.2,43.3,43.3,44.9,45.4,44.7,43.8,43.6,41.8,0,41.0,2.4,10.5
2025-04-11 11:54:35,45.7,41.3,43.5,43.4,45.0,45.7,44.9,43.9,43.8,42.0,0,41.0,2.5,10.5
2025-04-11 11:54:40,45.8,41.3,43.6,43.6,45.2,45.8,45.1,44.1,44.1,42.1,0,41.2,3.0,10.5
2025-04-11 11:54:45,46.0,41.6,43.7,43.6,45.3,45.9,45.4,44.2,44.4,42.4,0,41.4,2.8,10.5
2025-04-11 11:54:50,46.2,41.8,44.1,43.9,45.4,46.3,45.6,44.4,44.4,42.5,0,41.5,3.6,10.5
2025-04-11 11:54:55,46.5,41.9,44.3,44.1,45.7,46.5,45.9,44.7,44.7,42.7,0,41.8,3.5,10.5
2025-04-11 11:55:00,46.6,42.0,44.5,44.3,45.8,46.5,45.9,44.9,44.8,43.0,0,42.0,3.1,10.5
2025-04-11 11:55:05,46.9,42.2,44.7,44.4,46.0,46.6,46.1,44.9,44.9,43.1,0,42.2,3.1,10.5
2025-04-11 11:55:10,47.0,42.3,45.0,44.7,46.3,46.9,46.5,45.6,45.3,43.4,0,42.5,3.2,10.5
2025-04-11 11:55:15,47.2,42.5,45.2,45.1,46.5,46.9,46.8,45.6,45.4,43.6,0,42.7,3.6,10.5
2025-04-11 11:55:20,47.3,42.5,45.3,45.1,46.6,47.1,47.0,46.0,45.6,43.9,0,43.1,3.3,10.5
2025-04-11 11:55:25,47.7,42.9,45.5,45.3,46.9,47.4,47.2,46.1,46.1,44.1,0,43.3,3.1,10.5
2025-04-11 11:55:30,48.1,43.1,45.6,45.5,46.9,47.8,47.3,46.5,46.3,44.4,0,43.6,2.9,10.5
2025-04-11 11:55:35,48.4,43.3,45.9,45.8,47.3,48.2,47.6,46.8,46.5,44.6,0,43.9,2.5,10.5
2025-04-11 11:55:40,48.6,43.7,46.2,46.1,47.4,48.3,47.9,47.0,46.7,44.8,0,44.1,2.5,10.5
2025-04-11 11:55:45,48.9,43.7,46.2,46.3,47.9,48.9,48.3,47.3,47.0,45.0,0,44.4,2.5,10.5
2025-04-11 11:55:50,49.1,44.1,46.5,46.6,48.1,49.1,48.6,47.6,47.4,45.5,0,44.8,2.6,10.4
2025-04-11 11:55:55,49.4,44.4,46.8,47.0,48.3,49.4,48.8,47.6,47.9,45.7,0,45.1,2.6,10.4
2025-04-11 11:56:00,49.9,44.5,47.3,47.4,48.8,50.1,49.1,47.9,48.4,46.0,0,45.6,2.4,10.4
2025-04-11 11:56:05,50.2,44.6,47.7,47.7,49.0,50.1,49.4,48.2,49.0,46.5,0,45.9,3.0,10.4
2025-04-11 11:56:10,50.6,45.0,48.1,47.7,49.1,50.3,49.5,48.2,49.2,46.7,0,46.3,3.0,10.4
2025-04-11 11:56:15,50.8,45.4,48.4,48.2,49.5,50.6,50.0,48.8,49.7,47.1,0,46.6,3.6,10.4
2025-04-11 11:56:20,51.1,45.6,48.7,48.4,49.9,50.9,50.0,49.1,49.9,47.4,0,46.9,3.2,10.5
2025-04-11 11:56:25,51.6,45.9,49.0,48.6,50.1,51.0,50.5,49.6,50.3,47.9,0,47.2,2.9,10.4
2025-04-11 11:56:30,51.9,46.2,49.3,49.0,50.5,51.4,50.8,49.9,50.5,48.3,0,47.7,2.8,10.4
2025-04-11 11:56:35,52.1,46.6,49.7,49.4,50.9,51.8,51.2,50.2,50.7,48.7,0,47.8,2.6,10.4
2025-04-11 11:56:40,52.5,46.8,50.1,49.9,51.3,52.3,51.6,50.9,51.0,49.1,0,48.5,2.9,10.4
2025-04-11 11:56:45,53.0,47.2,50.6,50.4,51.8,52.8,52.1,51.1,51.2,49.5,0,48.9,3.2,10.4
2025-04-11 11:56:50,53.4,47.3,51.0,51.0,52.4,53.3,52.7,51.8,51.3,49.8,0,49.3,2.8,10.4
2025-04-11 11:56:55,53.8,47.8,51.4,51.5,52.8,53.6,52.9,52.0,51.9,50.2,0,49.8,2.4,10.4
2025-04-11 11:57:00,54.3,48.2,51.9,51.8,53.4,54.3,53.5,52.6,52.5,50.7,0,50.3,3.1,10.4
2025-04-11 11:57:05,54.7,48.8,52.2,52.2,53.7,54.6,53.7,52.9,52.9,51.2,0,50.8,3.1,10.4
2025-04-11 11:57:10,55.2,49.3,52.8,52.6,54.2,55.0,54.3,53.3,54.0,51.6,0,51.3,2.7,10.4
2025-04-11 11:57:15,55.5,49.6,53.3,52.9,54.7,55.5,54.7,53.7,54.2,52.2,0,51.8,3.0,10.4
2025-04-11 11:57:20,56.2,49.9,53.8,53.5,55.1,55.9,55.3,54.3,55.3,52.7,0,52.2,3.7,10.4
2025-04-11 11:57:25,56.4,50.3,54.2,53.9,55.6,56.3,55.8,54.8,55.4,53.1,0,52.7,3.5,10.4
2025-04-11 11:57:30,57.0,50.9,54.8,54.6,56.2,57.0,56.3,55.0,55.4,53.5,0,53.1,3.1,10.4
2025-04-11 11:57:35,57.6,51.4,55.3,55.2,56.7,57.7,57.1,55.7,56.0,54.0,0,53.6,2.8,10.4
2025-04-11 11:57:40,58.3,51.9,55.8,55.6,57.2,58.2,57.5,56.5,56.6,54.5,0,54.1,3.0,10.4
2025-04-11 11:57:45,58.7,52.4,56.4,56.4,57.8,59.0,57.9,57.0,57.0,55.1,0,54.7,2.9,10.4
2025-04-11 11:57:50,59.3,52.8,56.9,56.9,58.4,59.6,58.6,57.6,57.3,55.6,0,55.3,2.5,10.4
2025-04-11 11:57:55,59.8,53.4,57.1,57.0,58.7,59.7,58.7,58.0,57.8,56.2,0,55.8,2.1,10.4
2025-04-11 11:58:00,60.3,53.7,57.8,57.9,59.4,60.4,59.3,58.5,58.5,56.8,0,56.4,1.6,10.4
2025-04-11 11:58:05,60.9,54.4,58.6,58.7,60.0,60.7,60.0,58.9,59.2,57.4,0,56.9,1.4,10.4
2025-04-11 11:58:10,61.3,54.7,59.1,59.0,60.4,61.3,60.7,59.6,60.0,58.0,0,57.5,1.4,10.4
2025-04-11 11:58:15,61.9,55.3,59.7,59.6,60.9,62.3,61.2,60.3,60.7,58.6,0,58.1,1.3,10.4
2025-04-11 11:58:20,62.4,55.9,60.2,60.0,61.4,62.7,61.6,60.9,61.1,59.2,0,58.4,1.1,10.4
2025-04-11 11:58:25,63.1,56.5,61.0,60.8,62.0,63.5,62.3,61.4,61.6,59.8,0,58.9,1.2,10.4
2025-04-11 11:58:30,63.8,56.9,61.5,61.3,62.5,63.7,62.9,61.9,61.9,60.3,0,59.8,1.3,10.4
2025-04-11 11:58:35,64.3,57.7,62.1,62.1,63.2,64.6,63.6,62.5,62.2,60.7,0,60.3,1.5,10.4
2025-04-11 11:58:40,65.0,58.3,62.8,62.8,63.8,65.0,64.2,63.1,63.1,61.6,0,60.7,1.6,10.4
2025-04-11 11:58:45,65.6,58.7,63.3,63.3,64.4,65.4,64.7,63.6,63.5,61.8,0,61.2,1.5,10.4
2025-04-11 11:58:50,66.2,59.2,64.0,63.9,65.2,66.1,65.4,64.3,63.8,62.5,0,61.8,1.9,10.4
2025-04-11 11:58:55,66.7,59.7,64.5,64.4,65.7,66.6,66.0,64.9,64.6,63.3,0,62.2,1.9,10.4
2025-04-11 11:59:00,67.4,60.4,64.9,64.7,66.0,66.8,66.2,65.2,64.9,63.7,0,62.8,1.8,10.4
2025-04-11 11:59:05,68.1,60.8,65.7,65.3,66.5,67.7,66.9,65.9,65.6,64.3,0,63.3,1.8,10.4
2025-04-11 11:59:10,68.6,61.5,66.3,66.0,67.3,68.4,67.7,66.4,66.6,64.7,0,63.7,1.7,10.4
2025-04-11 11:59:15,69.0,61.9,66.6,66.4,67.6,69.0,68.0,67.0,67.0,65.1,0,64.3,1.6,10.4
2025-04-11 11:59:20,69.9,62.5,67.3,66.8,68.2,69.6,68.6,67.5,67.6,65.9,0,64.7,1.3,10.4
2025-04-11 11:59:25,70.1,62.8,67.5,67.3,68.7,70.0,69.1,68.3,68.4,66.5,0,64.9,1.4,10.4
2025-04-11 11:59:30,70.7,63.3,68.2,68.0,69.7,70.6,69.7,68.9,68.8,67.0,0,65.4,2.1,10.4
2025-04-11 11:59:35,71.2,63.7,68.7,68.6,70.0,71.1,70.3,69.5,69.2,67.4,0,66.1,2.1,10.4
2025-04-11 11:59:40,71.8,64.4,69.4,68.8,70.3,71.5,70.6,69.7,69.5,67.8,0,66.5,1.9,10.4
2025-04-11 11:59:45,72.4,64.7,69.9,69.7,71.1,72.4,71.4,70.3,70.0,68.5,0,66.9,2.0,10.4
2025-04-11 11:59:50,72.8,65.4,70.4,70.3,71.5,72.9,71.8,70.9,70.6,68.7,0,67.3,1.7,10.4
2025-04-11 11:59:55,73.5,66.0,70.9,71.1,72.0,73.6,72.5,71.4,71.1,69.3,0,67.9,1.8,10.4
2025-04-11 12:00:00,74.0,66.5,71.4,71.6,72.3,74.1,72.5,71.5,71.8,69.7,0,68.3,1.9,10.4
2025-04-11 12:00:05,74.3,66.7,71.7,71.8,72.6,74.3,72.9,72.2,72.6,70.3,0,69.0,1.6,10.4
2025-04-11 12:00:10,74.9,67.3,72.4,72.4,73.2,74.9,73.5,72.8,73.1,70.9,0,69.5,2.0,10.4
2025-04-11 12:00:15,75.5,67.6,73.0,72.8,73.7,75.6,74.0,73.4,73.5,71.4,0,69.9,2.4,10.4
2025-04-11 12:00:20,76.2,68.1,73.6,73.3,74.3,76.6,74.6,74.0,73.8,71.8,0,70.4,3.2,10.4
2025-04-11 12:00:25,76.5,68.5,73.9,73.5,74.8,77.0,75.2,74.4,74.8,72.3,0,70.8,2.8,10.4
2025-04-11 12:00:30,76.9,69.0,74.6,74.2,75.5,77.3,76.0,75.1,75.3,72.8,0,71.2,2.5,10.4
2025-04-11 12:00:35,77.4,69.6,75.0,74.9,76.3,78.1,76.4,75.5,75.5,73.5,0,71.7,2.1,10.4
2025-04-11 12:00:40,78.1,70.0,75.5,75.4,77.0,78.4,76.9,76.0,76.0,74.0,0,72.1,2.4,10.4
2025-04-11 12:00:45,78.4,70.3,75.8,75.6,77.2,79.0,77.4,76.6,76.5,74.7,0,72.7,2.4,10.4
2025-04-11 12:00:50,79.0,71.1,76.6,76.1,77.9,79.6,78.1,77.5,77.2,75.3,0,73.1,2.3,10.4
2025-04-11 12:00:55,79.5,71.5,77.1,76.7,78.5,79.8,78.5,78.2,77.7,75.8,0,73.6,3.0,10.4
2025-04-11 12:01:00,80.0,72.0,77.7,77.1,79.0,80.3,78.7,78.3,77.9,76.1,0,73.8,3.0,10.4
2025-04-11 12:01:05,80.7,72.5,78.3,77.7,79.3,80.6,79.5,78.8,78.6,76.7,0,74.1,2.7,10.4
2025-04-11 12:01:10,81.3,73.0,78.8,78.3,80.1,81.3,80.4,79.4,79.6,77.2,0,74.6,2.2,10.4
2025-04-11 12:01:15,81.9,73.9,79.3,78.9,80.4,81.7,80.7,79.8,80.0,77.8,0,75.1,1.7,10.4
2025-04-11 12:01:20,82.4,74.4,79.8,79.3,81.2,82.5,81.1,80.3,80.7,78.3,0,75.5,1.6,10.4
2025-04-11 12:01:25,82.5,74.6,79.9,79.5,81.4,82.7,81.6,80.8,81.1,78.9,0,75.8,1.7,10.4
2025-04-11 12:01:30,83.1,75.3,80.5,80.2,82.0,83.5,82.1,81.2,81.6,79.4,0,76.2,1.7,10.4
2025-04-11 12:01:35,83.7,76.1,81.3,81.3,82.7,84.0,82.8,81.7,82.3,79.9,0,76.6,2.8,10.4
2025-04-11 12:01:40,84.1,76.4,81.5,81.7,83.1,84.5,83.4,82.1,82.8,80.4,0,77.2,3.1,10.4
2025-04-11 12:01:45,84.5,76.9,82.1,82.2,83.5,85.0,83.7,82.7,83.2,80.8,0,77.6,3.5,10.4
2025-04-11 12:01:50,85.0,77.2,82.6,82.5,83.9,85.2,84.2,83.1,83.5,81.3,0,77.9,3.6,10.4
2025-04-11 12:01:55,85.7,77.6,83.1,83.0,84.6,85.8,84.6,83.5,84.1,81.7,0,78.3,3.4,10.4
2025-04-11 12:02:00,86.2,77.9,83.5,83.4,84.9,86.2,85.1,83.9,84.4,82.1,0,78.8,3.4,10.4
2025-04-11 12:02:05,86.9,78.3,83.8,83.7,85.4,86.5,85.4,84.1,84.6,82.4,0,79.0,3.3,10.4
2025-04-11 12:02:10,87.4,78.6,84.2,84.1,85.8,87.1,86.2,84.8,85.0,82.8,0,79.2,3.5,10.4
2025-04-11 12:02:15,87.6,78.9,84.7,84.4,86.1,87.5,86.5,85.0,85.5,83.2,0,79.4,3.5,10.4
2025-04-11 12:02:20,88.1,79.5,85.2,84.9,86.4,87.9,86.8,85.4,85.9,83.6,0,79.6,3.2,10.4
2025-04-11 12:02:25,88.4,80.0,85.7,85.9,86.9,88.5,87.2,85.8,86.2,84.0,0,79.9,3.2,10.4
2025-04-11 12:02:30,88.8,80.2,85.7,85.9,87.0,88.7,87.4,86.3,86.6,84.4,0,80.5,4.2,10.4
2025-04-11 12:02:35,89.3,80.9,86.4,86.6,87.4,89.4,87.9,86.9,87.1,84.7,0,80.8,3.7,10.4
2025-04-11 12:02:40,89.6,81.2,86.7,86.8,88.0,89.9,88.2,87.4,87.3,85.1,0,80.9,4.0,10.4
2025-04-11 12:02:45,89.8,81.3,86.9,86.9,88.4,90.2,88.7,87.8,87.6,85.5,0,81.2,3.7,10.4
2025-04-11 12:02:50,90.3,81.9,87.4,87.2,88.8,90.7,89.1,87.8,87.9,85.8,0,81.2,3.2,10.4
2025-04-11 12:02:55,90.5,82.0,87.8,87.3,89.3,91.0,89.4,87.9,88.4,86.3,0,81.4,3.1,10.4
2025-04-11 12:03:00,90.9,82.4,88.1,87.9,89.6,91.3,89.6,88.7,88.7,86.6,0,81.6,2.8,10.4
2025-04-11 12:03:05,91.5,82.9,88.4,88.2,89.9,91.7,89.8,89.0,89.0,87.0,0,81.9,3.4,10.4
2025-04-11 12:03:10,91.7,83.3,88.8,88.9,90.3,91.9,89.9,89.2,89.1,87.2,0,82.2,3.8,10.4
2025-04-11 12:03:15,92.1,83.6,89.3,89.3,90.6,92.3,90.9,89.9,89.7,87.7,0,82.4,3.5,10.4
2025-04-11 12:03:20,92.4,83.8,89.5,89.4,90.9,92.8,91.2,90.2,90.1,87.8,0,82.6,3.8,10.4
2025-04-11 12:03:25,92.8,84.2,89.9,89.9,91.3,93.3,91.4,90.7,90.4,88.2,0,83.0,3.5,10.4
2025-04-11 12:03:30,93.1,84.7,90.3,90.3,91.7,93.6,91.6,90.8,90.7,88.5,0,83.2,3.5,10.4
2025-04-11 12:03:35,93.7,85.0,90.5,90.4,91.8,93.9,92.0,90.9,90.8,88.8,0,83.5,2.8,10.4
2025-04-11 12:03:40,94.0,85.2,90.9,91.0,92.1,94.1,92.3,91.5,91.4,89.1,0,83.6,3.2,10.4
2025-04-11 12:03:45,94.1,85.4,91.2,91.1,92.4,94.3,92.7,91.9,91.8,89.4,0,83.7,3.3,10.4
2025-04-11 12:03:50,94.5,85.9,91.6,91.2,92.6,94.5,92.7,92.0,91.9,89.8,0,83.9,3.2,10.4
2025-04-11 12:03:55,94.5,86.0,91.8,91.6,93.0,94.7,92.9,92.2,92.3,90.0,0,83.8,3.2,10.4
2025-04-11 12:04:00,94.7,86.1,91.9,91.7,93.1,95.2,93.2,92.5,92.6,90.3,0,84.1,3.7,10.4
2025-04-11 12:04:05,95.1,86.5,92.3,92.3,93.6,95.4,93.7,92.7,92.9,90.6,0,84.2,3.3,10.4
2025-04-11 12:04:10,95.4,86.9,92.5,92.6,94.0,95.5,93.9,92.9,93.6,90.8,0,84.4,2.4,10.4
2025-04-11 12:04:15,95.6,87.1,92.7,92.7,94.4,95.9,94.2,93.5,93.9,91.1,0,84.6,2.2,10.4
2025-04-11 12:04:20,95.9,87.5,92.9,92.9,94.6,96.1,94.4,93.6,93.9,91.3,0,84.6,2.2,10.4
2025-04-11 12:04:25,96.1,87.8,93.2,93.3,94.7,96.3,94.8,93.6,94.2,91.5,0,84.8,2.7,10.4
2025-04-11 12:04:30,96.4,88.1,93.5,93.8,94.9,96.8,95.1,94.1,94.5,91.7,0,85.0,2.9,10.4
2025-04-11 12:04:35,96.6,88.4,93.9,94.1,95.0,97.0,95.3,94.3,94.6,91.9,0,85.0,2.9,10.4
2025-04-11 12:04:40,96.9,88.4,94.2,94.3,95.2,97.2,95.3,94.5,94.6,92.1,0,85.0,2.9,10.4
2025-04-11 12:04:45,97.0,88.5,94.2,94.3,95.3,97.3,95.4,94.5,95.0,92.3,0,85.1,2.6,10.4
2025-04-11 12:04:50,97.1,88.9,94.4,94.3,95.5,97.4,95.5,94.8,95.0,92.3,0,85.1,2.6,10.4
2025-04-11 12:04:55,97.3,89.4,94.6,94.6,95.9,97.6,95.7,95.0,95.2,92.5,0,85.1,2.8,10.4
2025-04-11 12:05:00,97.5,89.7,94.7,94.8,95.9,97.9,96.0,95.0,95.3,92.6,0,85.1,2.6,10.4
2025-04-11 12:05:05,97.7,90.0,94.7,94.9,96.1,97.8,96.2,95.1,95.5,92.7,0,85.2,3.0,10.4
2025-04-11 12:05:10,97.8,90.1,95.0,94.9,96.2,97.6,96.5,95.2,95.6,92.8,0,85.2,2.6,10.4
2025-04-11 12:05:15,97.8,90.3,95.1,95.0,96.2,97.7,96.6,95.3,95.5,92.9,0,85.1,2.6,10.4
2025-04-11 12:05:20,97.9,90.4,95.1,95.1,96.1,97.8,96.4,95.3,95.7,93.0,0,85.0,2.5,10.4
2025-04-11 12:05:25,97.9,90.5,95.1,95.1,96.3,97.8,96.6,95.5,95.6,93.1,0,84.9,2.3,10.4
2025-04-11 12:05:30,98.0,90.5,95.1,95.1,96.4,97.9,96.7,95.7,95.7,93.1,0,84.9,2.1,10.4
2025-04-11 12:05:35,98.0,90.7,95.1,95.1,96.4,98.1,96.9,95.8,95.8,93.2,0,84.9,2.5,10.4
2025-04-11 12:05:40,98.0,90.9,95.2,95.3,96.4,98.3,96.9,95.7,95.8,93.2,0,84.8,2.8,10.4
2025-04-11 12:05:45,98.0,91.0,95.3,95.5,96.2,98.7,96.9,95.9,95.8,93.2,0,84.7,3.2,10.4
2025-04-11 12:05:50,98.0,91.0,95.3,95.5,96.2,98.7,96.6,96.0,95.9,93.2,0,84.7,3.4,10.4
2025-04-11 12:05:55,98.0,90.9,95.2,95.5,96.2,98.3,96.6,96.0,95.9,93.2,0,84.7,3.2,10.4
2025-04-11 12:06:00,98.1,91.0,95.2,95.3,96.5,98.3,96.8,95.8,96.0,93.2,0,84.4,2.9,10.4
2025-04-11 12:06:05,98.4,90.9,95.2,95.2,96.5,98.3,96.7,95.6,96.0,93.2,0,84.3,3.0,10.4
2025-04-11 12:06:10,98.2,90.8,95.2,95.1,96.4,98.3,96.6,95.6,95.9,93.0,0,84.0,2.7,10.4
2025-04-11 12:06:15,97.8,90.8,95.1,94.9,96.3,98.1,96.4,95.6,95.9,92.9,0,83.8,2.5,10.4
2025-04-11 12:06:20,97.7,90.7,94.9,94.8,96.2,97.7,96.1,95.5,95.9,92.8,0,83.5,2.8,10.4
2025-04-11 12:06:25,97.5,90.7,94.9,94.8,96.1,97.5,96.0,95.3,95.8,92.7,0,83.2,2.7,10.4
2025-04-11 12:06:30,97.4,90.6,94.7,94.7,96.0,97.4,96.0,95.3,95.8,92.5,0,82.9,3.9,10.4
2025-04-11 12:06:35,97.3,90.5,94.7,94.5,95.8,97.3,95.9,95.1,95.7,92.3,0,82.8,4.0,10.4
2025-04-11 12:06:40,97.3,90.3,94.4,94.2,95.7,97.2,95.9,94.8,95.4,92.1,0,82.5,3.6,10.4
2025-04-11 12:06:45,96.9,90.2,94.2,94.4,95.4,96.8,95.7,94.5,95.1,91.8,0,82.2,3.1,10.4
2025-04-11 12:06:50,97.0,90.0,93.9,94.4,95.2,96.6,95.3,94.6,94.6,91.5,0,82.2,2.7,10.4
2025-04-11 12:06:55,96.7,89.9,93.6,93.9,94.9,96.6,95.0,94.3,94.3,91.3,0,81.9,2.8,10.4
2025-04-11 12:07:00,96.6,89.7,93.4,93.6,94.7,96.4,94.8,94.2,94.1,90.9,0,81.9,2.7,10.4
2025-04-11 12:07:05,96.3,89.6,93.1,93.1,94.3,96.1,94.6,93.6,93.8,90.6,0,81.4,3.5,10.4
2025-04-11 12:07:10,96.0,89.5,92.7,92.8,94.3,96.1,94.3,93.3,93.6,90.4,0,80.9,3.3,10.4
2025-04-11 12:07:15,95.5,89.1,92.4,92.4,93.9,95.4,94.1,93.4,93.4,90.2,0,80.6,3.0,10.4
2025-04-11 12:07:20,95.1,88.9,92.2,92.2,93.4,95.1,93.8,92.9,93.1,89.8,0,80.2,2.3,10.4
2025-04-11 12:07:25,94.7,88.5,92.0,91.9,93.1,94.9,93.4,92.7,92.6,89.6,0,79.9,2.1,10.3
2025-04-11 12:07:30,94.3,88.2,91.8,91.8,92.9,94.6,93.2,92.2,92.3,89.3,0,79.6,2.1,10.4
2025-04-11 12:07:35,94.0,87.8,91.2,91.5,92.5,94.3,92.8,91.9,92.0,89.0,0,79.3,2.1,10.4
2025-04-11 12:07:40,93.8,87.6,90.9,91.3,92.5,94.4,92.9,91.7,91.8,88.7,0,79.0,2.2,10.4
2025-04-11 12:07:45,93.5,87.3,90.5,91.1,91.9,93.9,92.3,91.2,91.5,88.5,0,78.7,2.3,10.4
2025-04-11 12:07:50,93.3,87.0,90.3,90.7,91.5,93.7,91.9,91.0,91.0,88.2,0,78.5,2.1,10.4
2025-04-11 12:07:55,93.1,86.8,90.2,90.6,91.3,93.3,91.7,90.8,90.8,87.9,0,78.4,1.8,10.4
2025-04-11 12:08:00,92.8,86.5,89.8,90.3,91.1,93.1,91.4,90.4,90.5,87.7,0,78.0,1.7,10.4
2025-04-11 12:08:05,92.5,86.2,89.7,90.1,91.0,92.9,90.9,90.2,90.4,87.4,0,77.8,1.8,10.4
2025-04-11 12:08:10,92.2,86.0,89.2,89.9,90.8,92.6,90.8,90.0,90.0,87.2,0,77.5,2.2,10.4
2025-04-11 12:08:15,91.9,85.8,89.2,89.4,90.6,92.4,90.6,89.7,89.8,86.9,0,77.3,2.5,10.4
2025-04-11 12:08:20,91.7,85.8,89.1,89.3,90.3,92.0,90.3,89.3,89.5,86.8,0,77.0,2.5,10.3
2025-04-11 12:08:25,91.5,85.6,88.8,88.9,90.0,91.5,90.0,89.3,89.3,86.4,0,76.6,2.8,10.4
2025-04-11 12:08:30,91.2,85.3,88.5,88.5,89.9,91.2,89.7,89.0,89.3,86.3,0,76.6,2.6,10.3
2025-04-11 12:08:35,91.0,85.1,88.2,88.2,89.5,91.1,89.4,88.9,89.1,85.9,0,76.2,2.6,10.4
2025-04-11 12:08:40,90.7,84.9,87.9,88.1,89.3,91.0,89.2,88.7,88.9,85.8,0,75.9,2.7,10.4
2025-04-11 12:08:45,90.4,84.5,87.6,87.9,89.2,90.6,89.0,88.6,88.8,85.6,0,75.8,3.2,10.3
2025-04-11 12:08:50,90.3,84.2,87.3,87.8,89.0,90.5,88.7,88.2,88.3,85.4,0,75.6,2.9,10.4
2025-04-11 12:08:55,90.1,84.0,87.2,87.4,88.6,90.3,88.6,87.8,88.1,85.3,0,75.6,2.4,10.4
2025-04-11 12:09:00,89.9,83.7,87.0,87.3,88.4,90.0,88.3,87.6,87.9,85.0,0,75.4,2.2,10.4
2025-04-11 12:09:05,89.8,83.5,86.9,87.1,88.3,90.0,88.1,87.4,87.6,84.9,0,75.2,2.0,10.4
2025-04-11 12:09:10,89.6,83.3,86.7,86.8,88.0,89.7,88.1,87.2,87.5,84.7,0,74.9,1.8,10.4
2025-04-11 12:09:15,89.5,83.3,86.4,86.6,87.9,89.3,87.8,87.2,87.1,84.5,0,74.8,1.4,10.4
2025-04-11 12:09:20,89.2,83.5,86.4,86.5,87.8,89.2,87.7,87.0,86.9,84.4,0,74.7,1.3,10.4
2025-04-11 12:09:25,89.2,83.5,86.2,86.2,87.5,89.2,87.5,87.0,86.8,84.2,0,74.5,1.2,10.4
2025-04-11 12:09:30,89.1,83.5,86.2,86.2,87.4,89.0,87.2,86.8,86.7,84.2,0,74.4,1.2,10.4
2025-04-11 12:09:35,88.8,83.3,86.1,86.2,87.3,88.9,87.2,86.7,86.6,84.0,0,74.4,1.2,10.4
2025-04-11 12:09:40,88.8,82.9,85.9,86.2,87.1,88.9,87.1,86.5,86.5,83.9,0,74.3,1.1,10.4
2025-04-11 12:09:45,88.7,82.8,85.8,86.1,87.0,88.5,87.0,86.4,86.6,83.8,0,74.3,1.0,10.4
2025-04-11 12:09:50,88.6,82.9,85.7,86.0,86.9,88.5,87.0,86.4,86.5,83.7,0,74.2,1.1,10.4
2025-04-11 12:09:55,88.6,82.8,85.6,85.9,86.9,88.4,86.9,86.2,86.5,83.6,0,74.2,1.1,10.4
2025-04-11 12:10:00,88.5,82.9,85.6,85.9,86.8,88.3,86.8,86.1,86.4,83.5,0,74.1,1.1,10.4
2025-04-11 12:10:05,88.4,82.7,85.4,86.0,86.7,88.2,86.7,86.2,86.4,83.5,0,74.1,0.8,10.4
2025-04-11 12:10:10,88.3,82.7,85.4,86.0,86.7,88.2,86.7,86.1,86.3,83.4,0,74.1,0.8,10.4
2025-04-11 12:10:15,88.3,82.7,85.4,86.0,86.8,88.3,86.6,86.4,86.3,83.4,0,74.1,0.8,10.4
2025-04-11 12:10:20,88.2,82.8,85.5,85.9,86.7,88.2,86.6,86.3,86.2,83.4,0,74.2,1.0,10.4
2025-04-11 12:10:25,88.2,82.6,85.5,86.0,86.8,88.0,86.7,86.2,86.5,83.4,0,74.3,1.1,10.4
2025-04-11 12:10:30,88.3,82.4,85.5,85.9,86.7,88.0,86.7,86.2,86.4,83.4,0,74.4,1.3,10.4
2025-04-11 12:10:35,88.3,82.3,85.5,85.8,86.7,88.1,86.7,86.0,86.3,83.4,0,74.5,1.3,10.4
2025-04-11 12:10:40,88.2,82.4,85.6,85.9,86.6,88.2,86.8,86.1,86.3,83.5,0,74.6,1.7,10.4
2025-04-11 12:10:45,88.1,82.4,85.7,85.7,86.6,88.2,86.9,86.0,86.4,83.5,0,74.6,1.9,10.4
2025-04-11 12:10:50,88.1,82.3,85.7,85.6,86.8,88.2,87.0,86.0,86.4,83.5,0,74.7,2.4,10.4
2025-04-11 12:10:55,88.0,82.4,85.8,85.8,86.9,88.3,86.9,86.2,86.6,83.6,0,74.7,2.2,10.4
2025-04-11 12:11:00,87.9,82.4,85.9,85.8,86.9,88.2,86.9,86.4,86.9,83.7,0,74.7,2.2,10.4
2025-04-11 12:11:05,88.0,82.5,86.0,85.8,87.0,88.4,87.0,86.4,87.0,83.7,0,74.8,3.1,10.4
2025-04-11 12:11:10,88.0,82.4,86.0,85.8,87.2,88.8,87.1,86.5,86.9,83.8,0,74.9,2.7,10.4
2025-04-11 12:11:15,88.1,82.4,86.0,85.9,87.3,88.7,87.4,86.6,86.9,83.9,0,75.0,2.5,10.4
2025-04-11 12:11:20,88.3,82.3,86.0,86.0,87.2,88.7,87.5,86.5,86.9,84.0,0,75.0,2.5,10.4
2025-04-11 12:11:25,88.3,82.1,86.0,86.0,87.2,88.7,87.6,86.6,86.9,84.1,0,75.1,2.3,10.4
2025-04-11 12:11:30,88.4,82.2,86.0,86.1,87.2,88.9,87.7,86.5,87.0,84.2,0,75.2,2.4,10.4
2025-04-11 12:11:35,88.7,82.5,86.2,86.3,87.2,89.1,87.7,86.6,87.2,84.3,0,75.4,2.0,10.4
2025-04-11 12:11:40,88.9,82.7,86.4,86.3,87.3,89.1,87.8,86.8,87.6,84.3,0,75.6,1.8,10.4
2025-04-11 12:11:45,88.9,82.8,86.4,86.3,87.3,89.2,87.9,86.9,87.6,84.4,0,75.6,1.6,10.4
2025-04-11 12:11:50,89.1,82.9,86.5,86.3,87.4,89.3,87.8,87.1,87.6,84.5,0,75.6,1.9,10.4
2025-04-11 12:11:55,89.2,82.8,86.6,86.5,87.4,89.3,88.1,87.1,87.5,84.5,0,75.6,2.3,10.5
2025-04-11 12:12:00,89.3,82.8,86.6,86.6,87.5,89.6,88.2,87.1,87.4,84.6,0,75.7,2.4,10.4
2025-04-11 12:12:05,89.3,82.8,86.7,86.7,87.5,89.5,88.2,87.2,87.3,84.7,0,75.8,2.0,10.4
2025-04-11 12:12:10,89.4,82.7,86.7,86.9,87.6,89.5,88.2,87.3,87.3,84.7,0,76.0,2.0,10.4
2025-04-11 12:12:15,89.4,82.8,86.7,86.9,87.7,89.7,88.1,87.3,87.3,84.8,0,76.0,2.2,10.4
2025-04-11 12:12:20,89.6,83.0,86.8,87.0,87.9,89.9,88.1,87.2,87.3,84.8,0,76.1,2.2,10.4
2025-04-11 12:12:25,89.8,82.9,86.9,86.9,88.1,89.9,88.2,87.4,87.3,84.9,0,76.4,2.3,10.4
2025-04-11 12:12:30,89.8,83.0,87.0,86.9,88.0,89.9,88.3,87.4,87.9,84.9,0,76.4,2.3,10.4
2025-04-11 12:12:35,90.0,83.1,87.0,87.0,88.0,90.1,88.2,87.4,87.8,84.9,0,76.4,2.6,10.4
2025-04-11 12:12:40,90.0,83.2,87.0,87.1,88.1,90.1,88.3,87.6,87.6,85.0,0,76.5,2.7,10.4
2025-04-11 12:12:45,89.9,83.1,87.0,87.2,88.1,90.0,88.4,87.5,87.8,85.0,0,76.8,2.8,10.4
2025-04-11 12:12:50,90.0,83.0,87.0,87.2,88.1,90.0,88.5,87.6,87.7,85.0,0,76.9,2.6,10.4
2025-04-11 12:12:55,90.0,82.9,87.1,87.2,88.2,90.0,88.5,87.6,87.8,85.0,0,77.0,2.2,10.4
2025-04-11 12:13:00,90.0,83.0,87.2,87.1,88.1,90.3,88.4,87.8,87.8,85.0,0,77.0,2.3,10.4
2025-04-11 12:13:05,90.1,82.9,87.1,87.0,88.1,90.3,88.5,87.7,87.8,85.1,0,77.0,2.4,10.4
2025-04-11 12:13:10,90.1,82.9,87.1,87.3,88.1,90.4,88.6,87.6,87.9,85.1,0,76.9,2.5,10.4
2025-04-11 12:13:15,90.1,83.1,87.2,87.5,88.2,90.5,88.5,87.5,88.0,85.1,0,77.1,2.5,10.5
2025-04-11 12:13:20,90.1,83.1,87.1,87.3,88.2,90.4,88.5,87.8,87.9,85.2,0,77.3,2.8,10.5
2025-04-11 12:13:25,90.1,83.1,87.3,87.4,88.2,90.3,88.5,87.8,88.0,85.2,0,77.4,2.9,10.4
2025-04-11 12:13:30,90.2,83.0,87.2,87.1,88.3,90.2,88.8,87.7,87.9,85.2,0,77.5,2.2,10.5
2025-04-11 12:13:35,90.2,82.9,87.2,87.1,88.5,90.3,88.7,87.8,87.7,85.2,0,77.6,1.9,10.5
2025-04-11 12:13:40,90.1,82.9,87.3,87.1,88.3,90.2,88.8,87.7,87.7,85.2,0,77.6,2.0,10.5
2025-04-11 12:13:45,90.5,82.6,87.2,87.0,88.2,90.3,88.8,87.7,87.5,85.2,0,77.6,1.7,10.5
2025-04-11 12:13:50,90.6,82.6,87.2,87.1,88.1,90.5,88.7,87.9,87.6,85.2,0,77.7,1.5,10.4
2025-04-11 12:13:55,90.5,82.8,87.2,87.1,88.1,90.4,88.5,88.0,87.6,85.3,0,77.8,1.6,10.4
2025-04-11 12:14:00,90.4,83.0,87.3,87.2,88.2,90.3,88.6,88.0,87.7,85.3,0,77.9,1.5,10.5
2025-04-11 12:14:05,90.3,83.1,87.4,87.2,88.3,90.2,88.5,88.0,87.7,85.3,0,78.0,1.2,10.5
2025-04-11 12:14:10,90.3,83.0,87.3,87.2,88.3,90.2,88.6,88.0,88.1,85.4,0,78.2,1.0,10.4
2025-04-11 12:14:15,90.3,82.9,87.3,87.3,88.4,90.2,88.5,88.0,88.1,85.5,0,78.3,0.8,10.4
2025-04-11 12:14:20,90.2,82.7,87.4,87.2,88.4,90.3,88.5,88.1,88.2,85.5,0,78.5,0.7,10.5
2025-04-11 12:14:25,90.2,82.7,87.3,87.2,88.4,90.4,88.6,88.2,88.3,85.6,0,78.7,0.7,10.5
2025-04-11 12:14:30,90.2,82.7,87.4,87.3,88.4,90.5,88.8,88.1,88.4,85.6,0,78.9,0.8,10.5
2025-04-11 12:14:35,90.3,82.8,87.5,87.4,88.5,90.5,89.0,88.2,88.2,85.7,0,79.0,1.1,10.4
2025-04-11 12:14:40,90.3,82.6,87.4,87.4,88.7,90.4,88.9,88.1,88.3,85.7,0,79.2,1.0,10.4
2025-04-11 12:14:45,90.3,82.5,87.5,87.5,88.7,90.4,88.9,88.0,88.2,85.8,0,79.3,0.9,10.5
2025-04-11 12:14:50,90.3,82.4,87.6,87.5,88.6,90.4,88.8,88.0,88.3,85.8,0,79.5,1.0,10.5
2025-04-11 12:14:55,90.4,82.5,87.6,87.6,88.5,90.5,88.9,88.0,88.4,85.8,0,79.5,1.1,10.5
2025-04-11 12:15:00,90.3,82.9,87.6,87.6,88.6,90.5,88.9,88.1,88.3,85.9,0,79.8,1.6,10.5
2025-04-11 12:15:05,90.3,82.8,87.6,87.6,88.6,90.8,88.9,88.2,88.4,85.9,0,79.9,2.0,10.5
2025-04-11 12:15:10,90.4,82.8,87.7,87.7,88.7,90.8,88.9,88.2,88.5,86.0,0,80.3,1.9,10.5
2025-04-11 12:15:15,90.5,82.6,87.8,87.7,88.8,90.6,88.9,88.2,88.7,86.0,0,80.5,2.0,10.5
2025-04-11 12:15:20,90.6,82.7,87.8,87.8,88.8,90.7,89.0,88.3,88.6,86.0,0,80.6,1.9,10.5
2025-04-11 12:15:25,90.6,82.7,87.9,87.7,88.7,90.6,89.0,88.3,88.7,86.1,0,80.7,1.7,10.5
2025-04-11 12:15:30,90.6,82.8,87.9,87.7,88.8,90.6,89.0,88.3,88.7,86.1,0,80.9,2.2,10.5
2025-04-11 12:15:35,90.6,82.8,87.9,87.8,88.7,90.6,89.1,88.3,88.6,86.1,0,81.1,2.2,10.5
2025-04-11 12:15:40,90.5,82.9,87.9,88.0,88.8,90.8,89.0,88.5,88.6,86.2,0,81.3,3.3,10.5
2025-04-11 12:15:45,90.5,83.1,88.0,88.0,88.9,91.1,89.0,88.6,88.5,86.2,0,81.6,2.9,10.5
2025-04-11 12:15:50,90.5,83.0,88.2,88.1,88.8,91.1,89.1,88.7,88.5,86.3,0,82.0,2.9,10.5
2025-04-11 12:15:55,90.5,82.6,88.1,88.0,88.7,91.1,89.1,88.7,88.6,86.3,0,82.0,2.4,10.5
2025-04-11 12:16:00,90.7,82.4,87.9,87.8,88.8,90.9,89.2,88.7,88.7,86.4,0,82.0,2.0,10.5
2025-04-11 12:16:05,90.7,82.7,87.9,87.8,89.0,91.0,89.4,88.7,88.6,86.4,0,82.3,2.8,10.5
2025-04-11 12:16:10,90.7,82.8,88.1,87.8,89.0,91.0,89.5,88.7,88.7,86.5,0,82.4,2.6,10.5
2025-04-11 12:16:15,90.7,82.8,88.1,87.8,89.1,91.0,89.5,88.7,88.9,86.5,0,82.6,3.1,10.5
2025-04-11 12:16:20,90.7,82.8,88.2,87.9,89.0,90.8,89.4,88.8,89.2,86.6,0,82.6,3.6,10.5
2025-04-11 12:16:25,90.7,82.7,88.1,87.9,89.0,90.9,89.3,88.8,89.2,86.6,0,82.8,4.3,10.5
2025-04-11 12:16:30,90.7,82.6,88.0,88.0,89.0,91.0,89.3,88.9,89.1,86.7,0,83.0,4.2,10.5
2025-04-11 12:16:35,90.9,82.4,88.0,88.3,89.0,91.2,89.4,88.9,89.1,86.7,0,83.5,3.7,10.5
2025-04-11 12:16:40,90.8,82.2,88.1,88.5,89.0,91.2,89.4,89.1,89.1,86.8,0,83.7,3.2,10.5
2025-04-11 12:16:45,90.8,82.1,88.4,88.4,89.1,91.4,89.5,89.0,89.1,86.9,0,83.8,2.9,10.5
2025-04-11 12:16:50,90.8,82.3,88.5,88.2,89.4,91.5,89.6,89.1,89.6,86.9,0,84.0,2.6,10.5
2025-04-11 12:16:55,90.9,82.3,88.4,88.3,89.4,91.6,89.7,89.2,89.6,87.0,0,84.1,2.2,10.5
2025-04-11 12:17:00,90.9,82.2,88.3,88.3,89.4,91.8,89.6,89.3,89.6,87.1,0,84.2,1.9,10.5
2025-04-11 12:17:05,90.8,82.0,88.2,88.1,89.3,91.6,89.8,89.4,89.5,87.2,0,84.4,1.7,10.5
2025-04-11 12:17:10,90.8,82.0,88.0,88.0,89.2,91.2,89.9,89.5,89.6,87.2,0,84.5,1.6,10.5
2025-04-11 12:17:15,90.7,81.9,88.0,88.2,89.1,91.3,89.8,89.5,89.6,87.3,0,84.7,1.6,10.5
2025-04-11 12:17:20,90.8,81.8,88.0,88.2,89.2,91.2,89.8,89.4,89.7,87.4,0,85.0,1.7,10.5
2025-04-11 12:17:25,90.8,82.3,88.0,88.2,89.3,91.3,89.8,89.4,89.8,87.5,0,85.1,1.9,10.5
2025-04-11 12:17:30,90.8,82.3,88.0,88.2,89.3,91.4,89.8,89.6,89.8,87.6,0,85.5,1.9,10.5
2025-04-11 12:17:35,90.9,82.4,88.1,88.6,89.3,91.3,89.9,89.7,89.7,87.7,0,85.8,3.0,10.5
2025-04-11 12:17:40,90.9,82.1,88.3,88.5,89.3,91.6,89.8,89.7,89.8,87.8,0,86.0,3.1,10.5
2025-04-11 12:17:45,91.2,82.2,88.6,88.6,89.8,91.7,90.2,89.8,90.0,87.9,0,86.1,3.0,10.5
2025-04-11 12:17:50,91.3,82.1,88.8,88.6,89.8,92.4,90.2,89.9,90.3,88.0,0,86.2,3.2,10.5
2025-04-11 12:17:55,91.4,82.5,88.8,88.6,89.8,92.9,90.2,90.1,90.5,88.0,0,86.3,3.7,10.5
2025-04-11 12:18:00,91.5,82.5,88.7,88.7,89.8,92.8,90.2,90.3,90.5,88.2,0,86.7,3.0,10.5
2025-04-11 12:18:05,91.6,82.2,88.9,89.0,90.0,92.6,90.3,90.4,90.3,88.3,0,86.8,2.5,10.5
2025-04-11 12:18:10,91.6,82.5,89.0,89.1,90.3,92.5,90.5,90.3,90.7,88.4,0,86.9,2.6,10.5
2025-04-11 12:18:15,91.7,82.7,89.1,89.3,90.5,92.5,90.4,90.5,91.0,88.5,0,87.2,2.6,10.4
2025-04-11 12:18:20,91.8,82.8,89.2,89.4,90.4,92.6,90.6,90.5,91.2,88.6,0,87.4,2.4,10.4
2025-04-11 12:18:25,91.9,83.0,89.3,89.4,90.5,92.5,90.7,90.5,91.2,88.7,0,87.6,1.9,10.4
2025-04-11 12:18:30,91.9,82.9,89.5,89.4,90.4,92.5,90.8,90.5,91.0,88.9,0,87.8,2.0,10.5
2025-04-11 12:18:35,92.1,82.9,89.5,89.5,90.5,92.6,90.8,90.4,91.1,88.9,0,88.0,2.3,10.4
2025-04-11 12:18:40,92.2,83.0,89.5,89.6,90.6,92.9,90.6,90.6,91.3,89.0,0,88.1,2.2,10.5
2025-04-11 12:18:45,92.3,83.2,89.6,90.0,90.6,93.1,90.6,90.6,91.3,89.1,0,88.4,2.7,10.4
2025-04-11 12:18:50,92.3,83.2,89.7,90.0,90.5,93.1,90.6,90.8,91.6,89.2,0,88.7,3.5,10.4
2025-04-11 12:18:55,92.5,83.2,89.9,90.1,90.5,93.3,90.8,90.9,91.7,89.3,0,89.0,3.1,10.4
2025-04-11 12:19:00,92.6,83.2,90.0,90.1,90.6,93.3,91.0,91.1,91.6,89.4,0,89.1,2.4,10.4
2025-04-11 12:19:05,92.8,83.5,90.3,90.0,90.7,93.6,91.3,91.2,91.7,89.5,0,89.1,2.3,10.5
2025-04-11 12:19:10,92.9,83.7,90.3,90.1,90.9,93.8,91.4,91.2,91.7,89.6,0,89.3,3.2,10.4
2025-04-11 12:19:15,92.9,83.8,90.3,90.3,91.2,93.8,91.4,91.3,91.8,89.7,0,89.6,3.4,10.4
2025-04-11 12:19:20,92.9,84.0,90.3,90.5,91.4,93.9,91.4,91.5,91.8,89.8,0,89.9,2.8,10.4
2025-04-11 12:19:25,93.0,84.0,90.4,90.6,91.4,93.9,91.4,91.7,92.0,89.9,0,90.0,2.7,10.4
2025-04-11 12:19:30,93.0,84.1,90.5,90.6,91.5,94.3,91.6,91.9,92.1,90.0,0,90.1,2.7,10.4
2025-04-11 12:19:35,93.1,84.1,90.7,90.7,91.6,94.4,91.7,92.2,92.1,90.1,0,90.2,2.5,10.4
2025-04-11 12:19:40,93.1,84.1,91.0,91.0,91.6,94.3,91.7,92.2,92.2,90.2,0,90.4,3.0,10.4
2025-04-11 12:19:45,93.2,84.1,91.0,91.0,91.6,94.5,91.9,92.4,92.7,90.3,0,90.6,2.6,10.4
2025-04-11 12:19:50,93.3,84.2,91.2,91.0,91.7,94.6,92.0,92.5,92.7,90.3,0,90.6,2.0,10.4
2025-04-11 12:19:55,93.4,84.3,91.2,91.1,92.0,94.7,92.0,92.4,92.7,90.4,0,90.7,1.7,10.4
2025-04-11 12:20:00,93.4,84.5,91.2,91.1,92.2,94.6,92.0,92.4,92.6,90.5,0,90.7,1.7,10.4
2025-04-11 12:20:05,93.6,84.6,91.2,91.1,92.2,94.6,92.0,92.3,92.6,90.5,0,90.7,1.3,10.4
2025-04-11 12:20:10,93.8,84.8,91.2,91.2,92.3,94.8,92.2,92.3,92.6,90.6,0,90.9,1.2,10.4
2025-04-11 12:20:15,93.8,84.9,91.3,91.3,92.1,94.9,92.4,92.4,92.6,90.6,0,90.9,1.2,10.4
2025-04-11 12:20:20,93.8,84.8,91.2,91.4,92.1,94.9,92.5,92.4,92.8,90.7,0,91.0,1.0,10.4
2025-04-11 12:20:25,93.8,84.8,91.5,91.4,92.0,95.0,92.4,92.6,92.9,90.7,0,91.1,1.2,10.4
2025-04-11 12:20:30,93.9,84.7,91.4,91.6,92.0,95.4,92.4,92.5,93.0,90.8,0,91.1,1.1,10.4
2025-04-11 12:20:35,93.8,84.8,91.5,91.7,92.2,95.6,92.5,92.6,93.0,90.8,0,91.3,1.1,10.4
2025-04-11 12:20:40,94.0,84.7,91.6,91.6,92.2,95.6,92.4,92.4,93.0,90.9,0,91.4,1.2,10.4
2025-04-11 12:20:45,94.1,84.7,91.6,91.7,92.3,95.4,92.7,92.6,93.1,90.9,0,91.5,1.3,10.4
2025-04-11 12:20:50,94.1,85.0,91.7,91.7,92.4,95.3,93.0,92.5,93.1,91.0,0,91.5,1.4,10.4
2025-04-11 12:20:55,94.2,85.0,91.7,91.6,92.6,95.2,93.0,92.6,93.1,91.0,0,91.6,1.2,10.4
2025-04-11 12:21:00,94.2,84.9,92.0,91.7,92.7,95.4,92.9,92.7,93.1,91.1,0,91.7,1.1,10.4
2025-04-11 12:21:05,94.3,85.1,92.0,91.8,92.8,95.4,93.0,92.7,93.2,91.2,0,91.8,1.1,10.4
2025-04-11 12:21:10,94.5,85.3,92.1,91.9,92.7,95.6,92.9,92.7,93.3,91.3,0,91.9,1.0,10.4
2025-04-11 12:21:15,94.6,85.4,92.2,92.0,93.0,95.7,93.2,92.9,93.5,91.4,0,92.1,1.5,10.4
2025-04-11 12:21:20,94.6,85.4,92.4,92.2,93.2,95.9,93.4,93.1,93.7,91.6,0,92.2,1.4,10.4
2025-04-11 12:21:25,95.0,85.5,92.6,92.3,93.4,96.0,93.5,93.2,93.7,91.7,0,92.4,1.1,10.4
2025-04-11 12:21:30,95.1,85.6,92.8,92.6,93.5,96.3,93.7,93.4,93.8,91.9,0,92.5,1.0,10.4
2025-04-11 12:21:35,95.4,85.6,92.9,92.8,93.6,96.4,93.8,93.7,94.0,92.1,0,92.8,0.8,10.4
2025-04-11 12:21:40,95.5,85.7,93.0,93.1,93.8,96.6,94.0,94.0,94.3,92.3,0,92.9,0.6,10.4
2025-04-11 12:21:45,95.6,86.0,93.3,93.4,94.1,96.9,94.2,94.3,94.6,92.4,0,93.1,0.6,10.4
2025-04-11 12:21:50,95.8,86.2,93.5,93.5,94.3,97.1,94.4,94.3,94.8,92.6,0,93.3,1.1,10.4
2025-04-11 12:21:55,96.0,86.4,93.9,93.7,94.8,97.4,94.7,94.8,95.2,93.0,0,93.6,1.3,10.4
2025-04-11 12:22:00,96.1,86.7,94.1,93.9,95.0,97.7,94.9,95.0,95.4,93.1,0,93.7,1.4,10.4
2025-04-11 12:22:05,96.4,86.9,94.5,94.2,95.2,98.0,95.5,95.2,95.7,93.4,0,94.0,1.3,10.4
2025-04-11 12:22:10,96.7,87.2,94.7,94.5,95.4,98.0,95.7,95.5,95.8,93.8,0,94.3,1.2,10.4
2025-04-11 12:22:15,96.9,87.7,94.9,94.7,95.4,98.1,95.8,95.7,95.9,94.0,0,94.6,1.1,10.5
2025-04-11 12:22:20,97.3,87.9,95.3,95.0,95.7,98.5,96.2,96.3,96.4,94.4,0,94.9,1.1,10.5
2025-04-11 12:22:25,97.5,88.1,95.6,95.4,96.0,98.8,96.4,96.5,96.8,94.6,0,95.0,0.9,10.5
2025-04-11 12:22:30,97.9,88.4,95.8,95.7,96.3,99.4,96.8,96.8,97.0,94.9,0,95.3,0.8,10.4
2025-04-11 12:22:35,98.2,88.7,96.1,95.8,96.6,99.7,96.8,97.1,97.2,95.2,0,95.5,0.6,10.5
2025-04-11 12:22:40,98.4,88.9,96.2,96.0,96.7,99.8,97.2,97.3,97.4,95.5,0,95.6,0.5,10.5
2025-04-11 12:22:45,99.0,89.5,96.7,96.4,97.3,100.0,97.7,97.6,98.0,95.8,0,95.7,0.4,10.5
2025-04-11 12:22:50,99.3,89.9,97.0,96.9,97.9,100.4,98.1,97.9,98.2,96.0,0,95.9,0.3,10.5
2025-04-11 12:22:55,99.5,90.0,97.2,97.1,98.1,100.6,98.3,98.2,98.4,96.2,0,95.9,0.2,10.5
2025-04-11 12:23:00,99.8,90.3,97.5,97.2,98.3,100.8,98.4,98.4,98.5,96.4,0,96.1,0.4,10.5
2025-04-11 12:23:05,99.9,90.4,97.7,97.4,98.4,101.0,98.5,98.8,98.6,96.5,0,96.2,0.6,10.5
2025-04-11 12:23:10,100.1,90.8,97.9,97.6,98.6,101.2,98.6,99.0,98.9,96.8,0,96.2,0.9,10.5
2025-04-11 12:23:15,100.2,91.1,98.2,97.8,98.7,101.4,98.9,99.1,99.3,96.9,0,96.1,1.0,10.5
2025-04-11 12:23:20,100.4,91.2,98.3,97.8,98.9,101.7,99.0,99.1,99.3,97.0,0,96.2,1.0,10.5
2025-04-11 12:23:25,100.4,91.3,98.5,98.5,99.1,102.1,99.1,99.5,99.6,97.2,0,96.3,1.3,10.5
2025-04-11 12:23:30,100.6,91.3,98.9,98.5,99.2,102.4,99.3,100.0,99.7,97.2,0,96.2,1.1,10.5
2025-04-11 12:23:35,100.6,91.2,98.8,98.4,99.4,102.6,99.5,99.9,99.8,97.3,0,96.4,1.2,10.5
2025-04-11 12:23:40,100.7,91.0,99.1,98.3,99.5,102.5,99.6,99.8,99.6,97.3,0,96.3,1.3,10.5
2025-04-11 12:23:45,100.9,91.1,99.0,98.3,99.6,102.3,99.7,99.7,99.6,97.3,0,96.0,1.5,10.5
2025-04-11 12:23:50,101.0,91.0,98.9,98.2,99.8,101.9,99.8,99.6,99.4,97.3,0,95.8,1.3,10.5
2025-04-11 12:23:55,101.1,91.2,98.8,98.0,99.8,101.9,99.7,99.2,99.3,97.2,0,95.6,1.1,10.5
2025-04-11 12:24:00,101.1,91.6,98.8,98.1,99.7,101.7,99.5,99.1,99.3,97.2,0,95.4,1.0,10.5
2025-04-11 12:24:05,101.1,91.4,98.8,98.0,99.7,101.6,99.5,99.1,99.3,97.1,0,95.2,1.0,10.5
2025-04-11 12:24:10,101.3,91.3,98.7,98.0,99.6,101.5,99.3,99.0,99.4,97.0,0,95.1,1.1,10.6
2025-04-11 12:24:15,101.2,91.5,98.6,98.0,99.5,101.5,99.2,98.9,99.2,96.9,0,95.0,1.3,10.6
2025-04-11 12:24:20,101.0,91.4,98.4,97.9,99.4,101.5,99.1,98.8,99.2,96.8,0,94.8,1.0,10.6
2025-04-11 12:24:25,100.8,91.2,98.4,97.7,99.3,101.3,98.9,98.6,99.1,96.7,0,94.7,1.0,10.6
2025-04-11 12:24:30,100.6,91.0,98.5,97.5,99.2,101.0,98.8,98.4,99.0,96.6,0,94.4,1.1,10.6
2025-04-11 12:24:35,100.6,91.2,98.5,97.4,99.2,101.0,98.8,98.2,99.0,96.6,0,94.4,1.2,10.6
2025-04-11 12:24:40,100.5,91.0,98.2,97.2,99.2,101.1,98.7,98.1,98.9,96.4,0,94.2,1.2,10.6
2025-04-11 12:24:45,100.4,91.0,98.0,97.3,99.0,101.0,98.7,98.1,98.8,96.4,0,94.0,1.2,10.6
2025-04-11 12:24:50,100.4,90.8,97.7,97.3,99.0,101.0,98.6,98.1,98.8,96.3,0,93.7,1.2,10.6
2025-04-11 12:24:55,100.4,90.6,97.5,97.3,98.6,101.0,98.6,98.1,98.7,96.2,0,93.6,1.2,10.6
2025-04-11 12:25:00,100.2,90.5,97.4,97.2,98.4,100.9,98.5,97.9,98.5,96.1,0,93.4,1.2,10.5
2025-04-11 12:25:05,100.2,90.5,97.3,97.1,98.4,100.8,98.5,97.9,98.5,96.1,0,93.3,1.3,10.6
2025-04-11 12:25:10,100.1,90.4,97.3,97.0,98.2,100.5,98.5,97.8,98.4,96.0,0,93.2,1.3,10.6
2025-04-11 12:25:15,100.1,90.3,97.2,96.9,98.2,100.4,98.4,97.7,98.4,95.9,0,93.0,1.2,10.5
2025-04-11 12:25:20,100.0,90.3,97.1,96.8,98.1,100.5,98.1,97.6,98.2,95.9,0,92.9,1.3,10.5
2025-04-11 12:25:25,99.9,90.2,97.1,96.8,98.1,100.5,98.2,97.7,98.2,95.9,0,92.8,1.1,10.5
2025-04-11 12:25:30,99.9,90.3,97.1,96.8,98.1,100.6,98.3,97.8,98.4,95.8,0,92.8,0.8,10.5
2025-04-11 12:25:35,99.9,90.2,97.1,96.9,98.0,100.6,98.4,97.9,98.4,95.8,0,92.7,0.7,10.5
2025-04-11 12:25:40,99.8,90.3,97.1,96.9,98.0,100.4,98.4,97.9,98.4,95.9,0,92.7,0.6,10.5
2025-04-11 12:25:45,99.8,90.5,97.1,97.0,98.1,100.2,98.3,97.8,98.3,95.9,0,92.6,0.4,10.5
2025-04-11 12:25:50,99.9,90.6,97.1,97.0,98.2,100.3,98.3,98.0,98.3,95.9,0,92.5,0.3,10.5
2025-04-11 12:25:55,99.9,90.5,97.1,97.0,98.2,100.5,98.3,98.0,98.4,95.9,0,92.4,0.2,10.5
2025-04-11 12:26:00,99.9,90.6,97.3,96.9,98.2,100.3,98.4,97.9,98.5,95.9,0,92.5,0.2,10.5
2025-04-11 12:26:05,99.9,90.4,97.4,96.9,98.4,100.3,98.5,97.8,98.5,95.8,0,92.5,0.2,10.6
2025-04-11 12:26:10,99.7,90.3,97.3,96.9,98.4,100.2,98.4,97.7,98.5,95.8,0,92.2,0.1,10.5
2025-04-11 12:26:15,99.8,90.2,97.2,96.7,98.3,100.2,98.4,97.6,98.4,95.8,0,92.1,0.0,10.6
2025-04-11 12:26:20,99.8,90.2,97.2,96.7,98.3,100.3,98.2,97.8,98.4,95.8,0,92.0,0.0,10.6
2025-04-11 12:26:25,99.8,90.3,97.3,96.6,98.2,100.1,98.1,97.7,98.4,95.7,0,91.9,0.0,10.5
2025-04-11 12:26:30,99.7,90.3,97.2,96.7,98.0,100.1,98.0,97.5,98.3,95.7,0,91.7,0.4,10.5
2025-04-11 12:26:35,99.8,90.3,97.1,96.7,98.0,100.1,98.0,97.6,98.2,95.6,0,91.6,0.4,10.5
2025-04-11 12:26:40,99.6,90.4,97.1,96.6,97.9,100.0,97.9,97.6,98.1,95.5,0,91.4,0.8,10.5
2025-04-11 12:26:45,99.5,90.4,96.8,96.5,97.9,99.9,97.8,97.4,98.1,95.4,0,91.2,0.7,10.6
2025-04-11 12:26:50,99.5,90.3,96.8,96.4,97.7,99.9,97.7,97.4,98.0,95.3,0,91.1,0.5,10.6
2025-04-11 12:26:55,99.4,90.3,96.7,96.4,97.6,99.9,97.5,97.4,97.8,95.2,0,90.9,0.6,10.6
2025-04-11 12:27:00,99.3,90.2,96.5,96.4,97.5,99.8,97.4,97.3,97.7,95.1,0,90.7,0.7,10.6
2025-04-11 12:27:05,99.1,90.2,96.4,96.4,97.4,99.6,97.3,97.2,97.6,94.9,0,90.6,0.9,10.6
2025-04-11 12:27:10,98.9,89.9,96.3,96.4,97.3,99.5,97.2,97.2,97.6,94.8,0,90.3,0.9,10.6
2025-04-11 12:27:15,98.9,90.1,96.1,96.1,97.1,99.6,97.1,97.2,97.5,94.7,0,90.1,0.9,10.6
2025-04-11 12:27:20,98.7,90.2,96.0,96.0,97.0,99.4,96.8,96.9,97.4,94.5,0,89.9,1.1,10.6
2025-04-11 12:27:25,98.6,90.1,95.9,95.9,97.0,99.4,96.6,96.7,97.1,94.3,0,89.7,1.1,10.5
2025-04-11 12:27:30,98.4,89.7,95.6,96.0,96.9,99.2,96.4,96.5,96.9,94.2,0,89.4,1.3,10.5
2025-04-11 12:27:35,98.3,89.6,95.5,95.8,96.8,99.1,96.2,96.2,96.7,94.0,0,89.3,1.5,10.5
2025-04-11 12:27:40,98.3,89.0,95.3,95.6,96.7,98.7,96.1,96.1,96.5,93.8,0,89.1,1.7,10.6
2025-04-11 12:27:45,98.2,88.9,95.3,95.1,96.5,98.5,96.0,95.9,96.2,93.6,0,88.8,1.7,10.6
2025-04-11 12:27:50,97.9,88.6,95.1,94.7,96.3,98.2,95.7,95.6,96.0,93.4,0,88.6,1.7,10.6
2025-04-11 12:27:55,97.7,88.5,94.9,94.4,96.2,98.0,95.6,95.5,95.9,93.2,0,88.1,1.7,10.5
2025-04-11 12:28:00,97.4,88.2,94.8,94.3,96.0,97.6,95.4,95.2,95.7,93.1,0,87.9,1.4,10.5
2025-04-11 12:28:05,97.1,88.0,94.6,94.1,95.7,97.3,95.1,95.0,95.6,92.8,0,87.5,1.4,10.5
2025-04-11 12:28:10,96.8,87.9,94.3,94.0,95.5,97.0,95.0,94.9,95.4,92.6,0,87.2,1.2,10.6
2025-04-11 12:28:15,96.5,87.6,93.9,93.5,95.2,96.9,94.9,94.8,95.3,92.3,0,87.0,0.9,10.5
2025-04-11 12:28:20,96.2,87.5,93.7,93.3,94.9,96.6,94.5,94.6,94.9,92.1,0,86.7,0.8,10.5
2025-04-11 12:28:25,96.1,87.5,93.4,93.1,94.6,96.3,94.5,94.3,94.8,91.9,0,86.4,0.7,10.5
2025-04-11 12:28:30,95.9,87.3,93.1,92.8,94.3,96.0,94.2,94.2,94.5,91.7,0,86.1,0.6,10.6
2025-04-11 12:28:35,95.6,87.3,92.8,92.7,94.2,95.8,93.8,94.0,94.1,91.5,0,85.8,0.7,10.5
2025-04-11 12:28:40,95.4,87.2,92.8,92.5,94.0,95.8,93.6,93.7,94.0,91.2,0,85.6,0.8,10.5
2025-04-11 12:28:45,95.3,87.0,92.5,92.3,93.8,95.6,93.2,93.4,93.7,91.0,0,85.4,0.9,10.5
2025-04-11 12:28:50,95.1,86.8,92.3,92.1,93.5,95.4,93.0,93.2,93.6,90.8,0,85.1,1.1,10.5
2025-04-11 12:28:55,94.9,86.5,92.0,91.9,93.3,95.1,92.8,93.0,93.5,90.6,0,85.0,1.2,10.5
2025-04-11 12:29:00,94.9,86.6,91.8,91.7,93.1,94.8,92.7,92.7,93.2,90.4,0,84.8,1.1,10.5
2025-04-11 12:29:05,94.7,86.5,91.7,91.5,93.0,94.6,92.5,92.4,93.0,90.3,0,84.7,1.0,10.5
2025-04-11 12:29:10,94.4,86.4,91.5,91.3,92.6,94.3,92.3,92.3,92.9,90.1,0,84.6,0.9,10.5
2025-04-11 12:29:15,94.1,86.1,91.3,91.3,92.4,94.3,92.1,92.1,92.6,89.9,0,84.4,0.7,10.5
2025-04-11 12:29:20,93.9,85.8,91.1,91.2,92.3,94.1,92.0,92.1,92.6,89.7,0,84.3,0.5,10.5
2025-04-11 12:29:25,93.8,85.4,91.1,91.1,92.2,94.0,91.8,91.9,92.4,89.6,0,84.2,0.5,10.5
2025-04-11 12:29:30,93.5,85.3,90.8,91.0,92.1,93.8,91.9,91.8,92.3,89.5,0,84.1,0.4,10.5
2025-04-11 12:29:35,93.3,85.1,90.7,90.9,92.0,93.8,91.7,91.6,92.2,89.2,0,83.9,0.3,10.5
2025-04-11 12:29:40,93.1,85.0,90.4,90.5,91.7,93.7,91.7,91.6,92.0,89.1,0,83.7,0.2,10.5
2025-04-11 12:29:45,93.0,84.8,90.3,90.5,91.6,93.6,91.7,91.5,91.9,88.9,0,83.6,0.4,10.5
2025-04-11 12:29:50,92.7,84.5,90.1,90.3,91.4,93.5,91.4,91.4,91.5,88.7,0,83.4,1.3,10.5
2025-04-11 12:29:55,92.5,84.4,89.8,90.1,91.2,93.2,91.2,91.3,91.4,88.6,0,83.3,1.8,10.5
2025-04-11 12:30:00,92.5,84.2,89.6,90.1,91.2,93.1,91.1,91.0,91.5,88.4,0,83.2,1.9,10.5
2025-04-11 12:30:05,92.3,84.2,89.5,89.9,91.2,92.8,90.9,90.8,91.2,88.2,0,83.2,1.9,10.5
2025-04-11 12:30:10,92.2,84.2,89.5,89.6,91.1,92.7,90.8,90.5,91.2,88.1,0,82.9,1.9,10.5
2025-04-11 12:30:15,92.0,84.0,89.3,89.5,90.9,92.5,90.7,90.3,91.1,88.0,0,82.7,1.8,10.5
2025-04-11 12:30:20,91.8,84.0,89.2,89.3,90.7,92.4,90.4,90.1,90.9,87.9,0,82.5,1.6,10.5
2025-04-11 12:30:25,91.7,83.7,89.1,89.1,90.6,92.4,90.4,90.0,90.7,87.7,0,82.5,1.4,10.5
2025-04-11 12:30:30,91.6,83.6,89.0,88.9,90.2,92.2,90.3,89.8,90.4,87.7,0,82.4,1.3,10.5
2025-04-11 12:30:35,91.6,83.5,88.8,88.8,90.0,92.0,90.2,89.7,90.3,87.6,0,82.4,1.2,10.5
2025-04-11 12:30:40,91.5,83.3,88.8,88.7,89.9,91.8,90.0,89.7,90.2,87.5,0,82.3,1.1,10.5
2025-04-11 12:30:45,91.4,83.2,88.7,88.5,89.7,91.8,89.9,89.5,90.2,87.4,0,82.2,1.1,10.5
2025-04-11 12:30:50,91.4,83.1,88.7,88.4,89.8,91.7,89.8,89.5,90.1,87.3,0,82.1,1.1,10.5
2025-04-11 12:30:55,91.2,83.0,88.7,88.4,89.5,91.8,89.7,89.4,90.0,87.3,0,82.3,1.3,10.5
2025-04-11 12:31:00,91.0,82.6,88.7,88.4,89.5,91.8,89.8,89.4,90.0,87.2,0,82.3,1.7,10.5
2025-04-11 12:31:05,91.0,82.4,88.6,88.4,89.4,91.4,89.7,89.3,89.9,87.2,0,82.3,1.9,10.5
2025-04-11 12:31:10,91.1,82.3,88.6,88.4,89.2,91.2,89.6,89.4,89.8,87.2,0,82.3,1.9,10.5
2025-04-11 12:31:15,91.1,82.2,88.5,88.6,89.1,91.2,89.5,89.4,89.8,87.1,0,82.4,1.8,10.5
2025-04-11 12:31:20,91.1,81.9,88.5,88.6,89.0,91.3,89.5,89.5,89.9,87.1,0,82.5,1.6,10.5
2025-04-11 12:31:25,91.2,81.7,88.6,88.4,89.1,91.2,89.4,89.6,90.1,87.1,0,82.6,1.5,10.5
2025-04-11 12:31:30,91.2,81.7,88.5,88.1,89.2,91.1,89.3,89.5,90.3,87.1,0,82.6,1.9,10.5
2025-04-11 12:31:35,91.2,81.7,88.4,88.1,89.1,91.1,89.3,89.5,90.4,87.1,0,82.7,1.8,10.5
2025-04-11 12:31:40,91.0,81.7,88.5,88.0,89.1,91.1,89.4,89.4,90.2,87.2,0,82.7,1.6,10.5
2025-04-11 12:31:45,91.0,81.8,88.5,88.0,89.2,91.0,89.5,89.3,90.1,87.2,0,82.7,1.3,10.5
2025-04-11 12:31:50,91.0,81.7,88.6,88.2,89.2,91.0,89.5,89.3,90.0,87.2,0,82.7,1.2,10.5
2025-04-11 12:31:55,91.0,81.5,88.6,88.2,89.3,91.1,89.5,89.4,90.0,87.3,0,82.9,1.1,10.5
2025-04-11 12:32:00,91.0,81.5,88.5,88.2,89.5,91.0,89.6,89.5,90.1,87.3,0,82.8,0.9,10.5
2025-04-11 12:32:05,91.0,81.5,88.5,88.2,89.5,91.0,89.6,89.5,90.1,87.4,0,83.0,0.9,10.5
2025-04-11 12:32:10,91.0,81.8,88.6,88.3,89.5,91.0,89.7,89.6,90.2,87.4,0,82.9,0.9,10.5
2025-04-11 12:32:15,91.0,82.1,88.6,88.3,89.6,91.2,89.9,89.5,90.2,87.5,0,82.9,1.1,10.5
2025-04-11 12:32:20,91.1,82.2,88.6,88.3,89.7,91.2,90.0,89.6,90.4,87.6,0,83.0,1.0,10.5
2025-04-11 12:32:25,91.2,82.4,88.7,88.4,89.8,91.3,90.1,89.7,90.6,87.7,0,83.1,1.0,10.5
2025-04-11 12:32:30,91.4,82.9,88.7,88.6,89.9,91.4,90.2,89.8,90.6,87.8,0,83.2,1.0,10.5
2025-04-11 12:32:35,91.4,83.1,88.9,88.5,90.0,91.7,90.2,89.9,90.7,87.9,0,83.2,1.0,10.5
2025-04-11 12:32:40,91.5,83.4,89.0,88.8,90.0,91.8,90.3,90.0,90.7,88.0,0,83.4,1.0,10.5
2025-04-11 12:32:45,91.6,83.5,89.1,88.9,90.1,91.8,90.5,90.1,90.8,88.1,0,83.4,1.0,10.5
2025-04-11 12:32:50,91.8,83.7,89.3,89.0,90.1,91.9,90.6,90.2,90.8,88.2,0,83.6,0.9,10.5
2025-04-11 12:32:55,91.9,83.8,89.4,89.1,90.2,92.1,90.7,90.2,90.8,88.3,0,83.7,0.8,10.5
2025-04-11 12:33:00,92.0,84.1,89.5,89.4,90.4,92.3,90.8,90.4,90.8,88.3,0,83.7,0.7,10.5
2025-04-11 12:33:05,92.0,84.2,89.6,89.5,90.5,92.4,90.9,90.5,90.9,88.5,0,83.8,0.6,10.5
2025-04-11 12:33:10,92.2,84.2,89.6,89.7,90.6,92.5,91.0,90.6,90.9,88.5,0,84.0,0.7,10.5
2025-04-11 12:33:15,92.4,84.4,89.8,89.8,90.8,92.7,91.1,90.8,91.1,88.7,0,84.1,0.8,10.5
2025-04-11 12:33:20,92.5,84.6,89.8,89.9,90.9,92.9,91.2,90.8,91.1,88.8,0,84.2,0.9,10.5
2025-04-11 12:33:25,92.8,85.0,90.1,89.9,91.0,93.1,91.3,90.8,91.2,88.9,0,84.4,1.0,10.5
2025-04-11 12:33:30,92.8,85.2,90.2,90.0,91.1,93.2,91.3,91.1,91.4,89.0,0,84.4,1.1,10.5
2025-04-11 12:33:35,93.0,85.3,90.3,90.1,91.3,93.4,91.4,91.2,91.4,89.2,0,84.6,1.2,10.5
2025-04-11 12:33:40,93.3,85.5,90.5,90.3,91.4,93.8,91.6,91.2,91.5,89.3,0,84.7,1.1,10.5
2025-04-11 12:33:45,93.4,85.7,90.6,90.5,91.6,93.8,91.8,91.5,91.6,89.5,0,84.8,1.0,10.5
2025-04-11 12:33:50,93.7,86.0,90.8,90.7,91.6,94.0,91.8,91.6,91.8,89.7,0,85.0,0.9,10.5
2025-04-11 12:33:55,93.8,86.0,90.9,90.9,91.9,94.1,92.2,92.0,92.0,89.9,0,85.2,0.7,10.5
2025-04-11 12:34:00,94.0,86.0,91.2,91.1,92.1,94.2,92.4,92.2,92.2,90.2,0,85.4,0.9,10.5
2025-04-11 12:34:05,94.1,86.0,91.4,91.3,92.4,94.5,92.8,92.4,92.4,90.4,0,85.6,1.0,10.5
2025-04-11 12:34:10,94.4,85.8,91.6,91.6,92.6,94.9,93.1,92.7,92.5,90.7,0,85.9,1.1,10.5
2025-04-11 12:34:15,94.6,86.2,91.9,91.9,92.9,95.1,93.3,92.9,92.9,90.8,0,86.1,1.1,10.5
2025-04-11 12:34:20,94.7,86.4,92.4,92.4,93.2,95.5,93.6,93.3,93.2,91.4,0,86.6,1.0,10.5
2025-04-11 12:34:25,95.1,86.5,92.7,92.9,93.6,95.9,93.9,93.5,93.5,91.7,0,86.9,1.0,10.5
2025-04-11 12:34:30,95.4,86.6,93.1,93.2,94.1,96.3,94.3,94.0,94.0,92.0,0,87.5,1.0,10.5
2025-04-11 12:34:35,95.7,86.9,93.4,93.6,94.4,96.6,94.7,94.4,94.4,92.6,0,87.9,1.0,10.5
2025-04-11 12:34:40,96.2,87.2,93.8,94.2,94.9,97.0,95.2,94.7,94.8,92.8,0,88.4,1.0,10.5
2025-04-11 12:34:45,96.8,87.4,94.5,94.6,95.3,97.4,95.6,95.2,95.2,93.4,0,88.9,1.3,10.5
2025-04-11 12:34:50,97.4,87.6,95.1,94.8,96.1,98.1,96.4,95.7,95.7,94.0,0,89.4,1.4,10.5
2025-04-11 12:34:55,98.1,88.0,95.8,95.4,96.4,98.3,96.7,96.3,96.3,94.6,0,90.0,1.4,10.5
2025-04-11 12:35:00,98.6,88.5,96.4,95.8,97.4,99.2,97.9,97.0,97.0,95.2,0,90.4,1.4,10.5
2025-04-11 12:35:05,99.2,88.9,96.9,96.3,98.1,99.7,98.4,97.7,98.0,95.8,0,90.9,1.3,10.5
2025-04-11 12:35:10,99.8,89.4,97.4,96.8,98.6,100.2,98.8,98.2,98.5,96.6,0,91.7,1.0,10.5
2025-04-11 12:35:15,101.2,90.4,98.6,97.5,99.2,100.9,99.7,99.0,99.2,97.3,0,92.2,1.0,10.5
2025-04-11 12:35:20,101.3,90.6,98.9,98.1,99.9,101.4,100.3,99.7,100.0,98.1,0,92.9,1.0,10.5
2025-04-11 12:35:25,102.6,91.2,99.8,98.8,100.7,102.2,101.1,100.5,100.9,98.9,0,93.6,1.5,10.5
2025-04-11 12:35:30,103.5,92.0,100.6,99.5,101.2,102.9,101.7,101.1,101.4,99.6,0,94.3,1.5,10.5
2025-04-11 12:35:35,103.9,92.5,101.3,100.6,102.3,104.4,102.8,102.1,102.5,100.2,0,94.8,1.5,10.5
2025-04-11 12:35:40,104.9,93.3,102.3,101.6,103.0,105.1,103.5,102.8,103.3,101.3,0,95.8,1.4,10.5
2025-04-11 12:35:45,105.6,93.8,102.9,102.7,103.8,105.9,104.5,103.8,104.0,101.8,0,96.3,1.4,10.5
2025-04-11 12:35:50,106.7,94.7,104.2,103.7,105.4,106.8,105.3,104.8,105.2,102.8,0,97.1,1.4,10.5
2025-04-11 12:35:55,107.5,95.7,104.9,104.3,105.7,107.8,106.1,105.7,105.9,103.6,0,98.1,1.4,10.5
2025-04-11 12:36:00,109.1,96.5,105.5,105.4,106.4,108.0,106.6,106.6,106.7,104.8,0,99.1,1.4,10.5
2025-04-11 12:36:05,109.7,97.2,106.8,106.6,107.8,109.1,108.0,107.6,107.6,105.7,0,99.6,1.3,10.5
2025-04-11 12:36:10,110.5,98.1,108.0,107.3,108.5,110.5,109.1,108.2,108.7,106.5,0,100.6,1.3,10.5
2025-04-11 12:36:15,111.9,99.0,108.9,108.0,109.2,111.8,110.0,109.6,109.6,107.6,0,101.3,1.2,10.5
2025-04-11 12:36:20,112.6,99.9,109.6,108.7,110.4,112.2,110.6,110.1,110.5,108.4,0,101.9,1.2,10.5
2025-04-11 12:36:25,112.8,100.3,110.3,109.8,110.8,113.3,111.7,111.3,111.4,109.5,0,102.4,1.1,10.5
2025-04-11 12:36:30,113.9,101.8,111.4,110.6,111.9,114.3,112.4,112.0,112.2,110.3,0,103.6,0.9,10.5
2025-04-11 12:36:35,115.4,102.4,112.0,111.4,112.9,114.8,113.1,113.0,113.4,111.1,0,104.3,0.8,10.5
2025-04-11 12:36:40,115.8,103.6,113.0,112.4,113.7,115.9,114.1,113.9,113.8,111.7,0,104.7,0.7,10.5
2025-04-11 12:36:45,116.9,104.4,113.9,113.1,114.8,116.8,115.0,114.6,114.7,112.8,0,105.6,0.6,10.5
2025-04-11 12:36:50,117.6,105.2,114.6,114.2,115.4,117.5,115.8,115.5,115.6,113.2,0,105.9,0.6,10.5
2025-04-11 12:36:55,118.6,106.2,115.8,115.1,116.6,118.9,116.7,116.1,116.1,114.1,0,106.5,0.6,10.5
2025-04-11 12:37:00,119.3,106.9,116.3,115.7,117.2,119.2,116.9,116.8,117.0,114.8,0,107.1,0.6,10.6
2025-04-11 12:37:05,120.2,108.0,117.1,117.2,117.6,119.9,117.7,117.6,117.7,115.6,0,107.8,0.6,10.6
2025-04-11 12:37:10,120.7,108.3,117.7,117.7,118.7,121.0,118.5,118.2,118.5,116.2,0,108.1,0.6,10.6
2025-04-11 12:37:15,121.4,109.2,118.3,118.2,119.4,121.3,119.2,119.0,119.2,116.8,0,108.6,0.9,10.6
2025-04-11 12:37:20,122.2,110.4,119.0,118.7,119.9,122.2,120.0,119.8,119.9,117.5,0,109.2,1.3,10.6
2025-04-11 12:37:25,122.7,111.1,119.3,119.0,120.5,122.8,120.6,120.5,120.3,118.0,0,109.4,1.4,10.6
2025-04-11 12:37:30,122.9,111.5,119.9,119.6,121.2,123.2,121.2,121.1,120.7,118.6,0,109.6,1.3,10.6
2025-04-11 12:37:35,123.8,112.3,120.5,120.1,121.8,123.9,121.6,121.7,121.2,118.9,0,109.6,1.0,10.6
2025-04-11 12:37:40,124.3,112.5,121.1,120.6,122.2,124.2,122.0,122.0,121.6,119.3,0,109.5,1.4,10.6
2025-04-11 12:37:45,124.5,113.3,121.3,121.0,122.7,124.6,122.4,122.5,121.9,119.7,0,109.6,1.4,10.6
2025-04-11 12:37:50,124.9,113.8,121.7,121.2,122.9,125.0,122.8,122.6,122.8,119.9,0,109.6,1.3,10.6
2025-04-11 12:37:55,125.3,114.3,122.2,121.6,123.0,125.1,123.1,122.8,123.0,120.0,0,109.6,1.2,10.6
2025-04-11 12:38:00,125.7,114.5,122.4,121.9,123.3,125.1,123.5,123.0,123.3,120.3,0,109.3,1.1,10.6
2025-04-11 12:38:05,125.9,114.6,122.4,121.9,123.5,125.3,123.6,123.2,123.3,120.4,0,109.2,1.0,10.6
2025-04-11 12:38:10,126.0,114.8,122.4,121.9,123.6,125.4,123.9,123.2,123.3,120.4,0,109.2,0.8,10.6
2025-04-11 12:38:15,125.9,114.8,122.4,121.8,123.6,125.5,123.8,123.3,123.3,120.4,0,108.9,0.7,10.6
2025-04-11 12:38:20,125.7,114.9,122.3,121.7,123.5,125.3,123.9,123.3,123.2,120.3,0,108.7,0.6,10.6
2025-04-11 12:38:25,125.5,115.1,122.2,121.4,123.4,125.1,123.8,123.2,123.0,120.2,0,108.2,0.6,10.6
2025-04-11 12:38:30,125.2,114.9,122.0,121.1,123.1,125.0,123.6,123.0,122.8,120.0,0,107.8,0.6,10.6
2025-04-11 12:38:35,124.9,114.9,122.0,121.1,123.1,124.9,123.4,122.8,122.5,119.8,0,107.3,0.6,10.6
2025-04-11 12:38:40,124.6,114.7,121.6,120.6,122.8,124.3,122.9,122.4,122.1,119.5,0,106.7,0.6,10.7
2025-04-11 12:38:45,124.3,114.8,121.4,120.3,122.3,123.9,122.3,122.1,121.8,119.2,0,106.2,0.6,10.7
2025-04-11 12:38:50,124.1,114.7,121.1,119.9,122.0,123.8,122.1,121.7,121.5,118.7,0,105.5,0.6,10.7
2025-04-11 12:38:55,123.5,114.4,120.8,119.7,121.7,123.6,121.7,121.4,121.1,118.3,0,105.0,0.5,10.7
2025-04-11 12:39:00,123.4,114.4,120.5,119.4,121.3,123.2,121.1,120.8,120.7,117.8,0,104.6,0.4,10.7
2025-04-11 12:39:05,122.8,114.0,120.0,118.8,120.8,122.6,120.3,120.2,120.1,117.3,0,103.9,0.4,10.7
2025-04-11 12:39:10,122.3,113.7,119.4,118.3,120.2,122.2,119.9,119.8,119.6,116.8,0,103.1,0.3,10.7
2025-04-11 12:39:15,121.7,113.4,118.7,117.7,119.6,121.6,119.5,119.6,119.3,116.4,0,102.4,0.3,10.7
2025-04-11 12:39:20,121.3,113.0,118.1,117.1,119.0,121.0,118.4,118.7,118.3,115.8,0,101.7,0.3,10.7
2025-04-11 12:39:25,120.9,112.5,117.5,116.5,118.5,120.5,117.9,117.8,117.7,115.3,0,101.0,0.3,10.7
2025-04-11 12:39:30,120.1,112.2,116.6,115.7,118.0,120.0,117.5,117.6,117.4,114.5,0,99.9,0.3,10.7
2025-04-11 12:39:35,119.5,111.8,116.1,115.2,117.0,119.4,116.9,117.0,116.9,113.9,0,99.3,0.3,10.7
2025-04-11 12:39:40,118.9,111.2,115.7,114.9,116.7,118.7,116.0,116.3,116.3,113.2,0,98.5,0.3,10.7
2025-04-11 12:39:45,118.3,110.5,114.6,113.7,115.7,117.3,115.3,115.4,115.5,112.5,0,97.6,0.3,10.7
2025-04-11 12:39:50,117.6,109.7,113.9,113.1,115.1,116.9,114.9,114.7,114.6,111.8,0,97.0,0.3,10.7
2025-04-11 12:39:55,117.1,108.7,113.2,112.4,114.3,115.9,113.9,113.8,113.8,111.0,0,96.1,0.3,10.7
2025-04-11 12:40:00,115.8,108.1,112.6,111.9,113.7,115.2,113.3,113.2,113.1,110.4,0,95.4,0.3,10.7
2025-04-11 12:40:05,115.4,107.6,111.8,111.2,112.7,114.8,112.4,112.4,112.5,109.5,0,95.0,0.2,10.7
2025-04-11 12:40:10,114.6,106.8,110.5,110.3,112.1,114.1,111.6,111.7,111.6,108.8,0,94.1,0.5,10.7
2025-04-11 12:40:15,113.9,106.4,110.2,109.3,111.5,113.4,111.1,110.9,110.7,108.1,0,93.1,0.5,10.7
2025-04-11 12:40:20,112.8,105.8,109.3,108.9,110.6,113.1,110.7,110.5,110.6,107.6,0,92.7,0.5,10.7
2025-04-11 12:40:25,112.1,105.0,108.6,108.3,109.9,112.0,109.5,109.4,109.1,106.6,0,91.9,0.8,10.7
2025-04-11 12:40:30,111.4,104.4,107.9,107.6,109.2,111.4,108.8,108.8,108.2,106.2,0,91.3,1.0,10.7
2025-04-11 12:40:35,110.8,103.6,107.1,106.9,108.4,110.5,108.0,108.2,107.9,105.4,0,90.5,1.7,10.7
2025-04-11 12:40:40,110.3,103.0,106.6,106.2,107.7,109.7,107.7,107.7,107.1,104.7,0,90.0,1.8,10.7
2025-04-11 12:40:45,109.2,102.6,106.2,105.9,107.3,109.4,107.1,107.1,106.7,103.9,0,89.2,1.9,10.7
2025-04-11 12:40:50,108.6,101.5,105.0,104.9,106.1,108.5,106.2,106.0,105.8,103.2,0,88.7,2.2,10.7
2025-04-11 12:40:55,108.0,100.6,104.4,104.3,105.5,107.7,105.5,105.5,105.3,102.6,0,88.1,2.2,10.7
2025-04-11 12:41:00,107.5,100.6,103.9,103.9,105.1,107.3,104.9,104.6,104.6,102.1,0,87.5,2.1,10.7
2025-04-11 12:41:05,106.6,100.1,103.2,103.3,104.5,106.7,104.2,104.1,104.0,101.2,0,87.0,1.8,10.7
2025-04-11 12:41:10,106.2,99.5,102.7,102.5,103.9,106.0,103.6,103.6,103.2,100.8,0,86.7,1.7,10.7
2025-04-11 12:41:15,105.6,98.5,101.8,101.4,102.8,104.9,102.7,102.8,102.2,100.1,0,86.1,1.5,10.7
2025-04-11 12:41:20,104.8,97.7,101.3,101.1,102.4,104.5,102.2,102.2,101.8,99.6,0,85.7,1.3,10.7
2025-04-11 12:41:25,104.0,96.7,100.5,100.8,102.0,104.3,101.8,101.8,101.5,98.8,0,85.0,1.0,10.7
2025-04-11 12:41:30,103.5,96.1,99.9,99.5,100.9,103.2,101.1,100.7,100.6,98.0,0,84.6,0.8,10.7
2025-04-11 12:41:35,102.9,95.2,99.2,98.8,100.4,102.5,100.4,100.1,100.1,97.7,0,83.9,0.8,10.7
2025-04-11 12:41:40,102.1,94.5,98.6,98.1,99.5,101.7,100.0,99.7,99.5,97.0,0,83.4,0.7,10.7
2025-04-11 12:41:45,101.5,93.8,98.1,97.8,99.2,101.2,99.5,99.2,99.1,96.5,0,82.8,0.9,10.7
2025-04-11 12:41:50,101.1,93.5,97.8,97.1,98.6,100.7,99.0,98.6,98.5,95.8,0,82.5,1.0,10.7
2025-04-11 12:41:55,100.3,92.5,97.2,96.5,98.0,100.1,98.4,97.8,97.8,95.3,0,81.7,0.9,10.7
2025-04-11 12:42:00,99.8,92.0,96.4,96.0,97.4,99.5,97.8,97.4,97.2,94.8,0,81.2,0.9,10.7
2025-04-11 12:42:05,99.4,91.7,96.1,95.4,96.7,98.9,97.2,96.8,96.6,94.2,0,80.8,1.0,10.7
2025-04-11 12:42:10,98.8,91.1,95.6,95.1,96.4,98.5,96.6,96.3,96.1,94.0,0,80.5,0.9,10.7
2025-04-11 12:42:15,98.2,90.9,95.1,94.7,95.9,98.0,96.2,95.8,95.6,93.5,0,80.0,0.8,10.7
2025-04-11 12:42:20,97.6,90.4,94.6,94.2,95.4,97.5,95.8,95.3,95.2,93.0,0,79.6,0.7,10.7
2025-04-11 12:42:25,97.3,89.9,94.1,93.7,94.9,97.0,95.2,94.9,94.8,92.3,0,79.6,0.7,10.7
2025-04-11 12:42:30,96.7,89.2,93.4,93.3,94.4,96.9,94.9,94.7,94.4,92.0,0,79.3,0.7,10.7
2025-04-11 12:42:35,96.3,88.7,93.1,93.0,94.0,96.5,94.3,94.0,93.7,91.6,0,79.1,0.8,10.7
2025-04-11 12:42:40,96.0,88.3,92.7,92.4,93.6,96.0,93.9,93.7,93.3,91.2,0,78.8,1.2,10.7
2025-04-11 12:42:45,95.5,87.4,92.2,91.9,93.1,95.6,93.4,93.3,93.0,90.8,0,78.3,1.7,10.7
2025-04-11 12:42:50,95.2,87.0,91.9,91.5,92.8,95.2,93.1,93.0,92.6,90.4,0,77.9,2.2,10.7
2025-04-11 12:42:55,95.1,86.9,91.7,91.2,92.5,94.8,92.6,92.6,92.4,89.9,0,77.4,1.8,10.7
2025-04-11 12:43:00,94.5,86.5,91.3,90.5,92.0,94.1,92.1,91.9,91.9,89.4,0,76.9,1.8,10.7
2025-04-11 12:43:05,94.0,86.0,90.7,90.0,91.7,93.5,91.7,91.5,91.5,89.1,0,76.6,1.9,10.7
2025-04-11 12:43:10,93.7,85.9,90.5,89.8,91.1,93.1,91.5,91.2,91.0,88.6,0,76.4,1.8,10.7
2025-04-11 12:43:15,93.1,85.7,90.1,89.4,90.6,92.8,91.1,90.7,90.6,88.2,0,75.8,2.1,10.7
2025-04-11 12:43:20,93.0,85.3,89.6,89.1,90.3,92.5,90.8,90.4,90.3,87.7,0,75.6,2.2,10.6
2025-04-11 12:43:25,92.4,84.9,89.0,88.5,89.6,91.9,90.2,89.7,89.7,87.4,0,75.1,2.4,10.7
2025-04-11 12:43:30,91.9,84.7,88.5,88.2,89.3,91.5,89.7,89.4,89.3,86.8,0,74.8,2.2,10.7
2025-04-11 12:43:35,91.3,84.3,88.1,87.8,88.6,91.3,89.5,89.2,89.0,86.5,0,74.3,2.1,10.7
2025-04-11 12:43:40,90.9,83.9,87.6,87.4,88.1,90.5,88.7,88.5,88.2,86.0,0,73.9,1.8,10.7
2025-04-11 12:43:45,90.4,83.5,87.2,86.9,87.7,90.2,88.4,88.1,87.9,85.5,0,73.5,2.2,10.6
2025-04-11 12:43:50,89.8,83.1,86.6,86.4,87.0,89.9,88.1,87.7,87.5,84.9,0,73.0,1.7,10.6
2025-04-11 12:43:55,89.3,82.9,86.2,86.1,86.6,89.2,87.2,87.4,87.0,84.4,0,72.7,1.5,10.6
2025-04-11 12:44:00,88.7,82.6,85.9,85.8,86.3,88.9,86.9,86.9,86.5,83.7,0,72.1,1.5,10.6
2025-04-11 12:44:05,88.2,82.0,85.0,85.0,85.7,88.3,86.3,86.1,85.7,83.2,0,71.6,1.5,10.6
2025-04-11 12:44:10,87.7,81.6,84.5,84.4,84.8,87.8,85.8,85.7,85.1,82.6,0,71.1,1.4,10.6
2025-04-11 12:44:15,87.4,81.2,84.1,84.0,84.4,87.1,85.2,84.9,84.5,81.9,0,70.8,1.2,10.6
2025-04-11 12:44:20,86.5,80.7,83.6,83.3,83.8,86.7,84.7,84.3,84.0,81.3,0,70.0,1.1,10.6
2025-04-11 12:44:25,86.2,80.2,83.0,83.0,83.4,86.2,84.1,83.7,83.5,81.0,0,69.7,1.2,10.6
2025-04-11 12:44:30,85.4,79.5,82.2,82.2,82.7,85.6,83.4,82.8,82.3,79.9,0,69.0,1.2,10.6
2025-04-11 12:44:35,84.6,78.8,81.9,81.8,82.1,84.9,82.7,82.1,81.8,79.2,0,68.4,1.1,10.6
2025-04-11 12:44:40,84.0,78.5,81.0,81.0,81.4,84.1,82.3,81.8,81.5,78.7,0,67.9,1.2,10.6
2025-04-11 12:44:45,83.3,77.8,80.2,80.5,80.7,83.6,81.3,80.7,80.4,78.0,0,67.7,1.0,10.6
2025-04-11 12:44:50,82.8,77.1,79.7,79.9,80.0,83.0,80.7,80.1,79.4,77.4,0,67.0,1.2,10.6
2025-04-11 12:44:55,82.1,76.4,78.9,78.9,79.6,82.3,80.2,79.5,79.3,76.5,0,66.3,1.3,10.6
2025-04-11 12:45:00,81.4,75.4,78.2,78.2,78.7,81.2,79.2,78.8,78.5,75.8,0,65.6,1.5,10.7
2025-04-11 12:45:05,81.0,75.1,77.8,77.5,78.4,80.8,78.7,78.1,77.6,74.8,0,65.2,1.5,10.6
2025-04-11 12:45:10,79.7,74.5,77.0,76.5,77.4,79.5,78.0,77.3,76.7,74.0,0,63.6,1.4,10.6
2025-04-11 12:45:15,79.2,74.0,76.2,75.9,76.7,78.6,77.4,76.4,76.1,73.6,0,63.4,1.5,10.6
2025-04-11 12:45:20,78.0,73.2,75.1,75.5,76.1,78.3,76.8,76.0,75.5,72.7,0,62.7,1.2,10.6
2025-04-11 12:45:25,77.4,72.7,74.4,74.3,74.9,76.9,75.7,74.5,74.0,72.0,0,62.1,1.2,10.6
2025-04-11 12:45:30,76.4,71.8,73.4,73.5,74.1,76.2,74.9,74.0,74.0,71.3,0,61.4,1.7,10.6
2025-04-11 12:45:35,75.7,71.0,72.7,72.6,73.2,75.6,74.3,73.3,73.0,70.4,0,60.7,2.3,10.7
2025-04-11 12:45:40,74.8,70.3,72.0,72.0,72.6,74.4,73.2,72.8,72.3,69.7,0,60.2,1.9,10.6
2025-04-11 12:45:45,74.0,70.1,71.6,71.6,72.2,74.0,72.5,71.9,71.6,68.8,0,59.4,1.4,10.6
2025-04-11 12:45:50,72.9,69.0,70.3,70.0,70.9,72.7,71.3,71.2,70.7,68.1,0,59.0,1.3,10.7
2025-04-11 12:45:55,72.0,68.1,69.5,69.5,70.1,72.4,70.6,70.4,69.8,67.3,0,58.5,1.0,10.6
2025-04-11 12:46:00,71.5,67.4,68.8,69.2,69.6,71.6,69.7,69.5,69.4,66.6,0,57.8,0.8,10.6
2025-04-11 12:46:05,70.7,66.5,68.3,68.3,68.7,70.9,69.1,68.6,68.7,65.9,0,57.3,0.8,10.6
2025-04-11 12:46:10,70.1,66.3,67.5,67.6,67.9,70.1,68.3,68.1,68.0,65.0,0,56.9,0.8,10.6
2025-04-11 12:46:15,69.5,65.1,66.6,66.6,67.0,69.4,67.5,67.2,67.0,64.4,0,56.3,1.4,10.6
2025-04-11 12:46:20,68.9,64.6,66.0,66.1,66.3,68.6,66.7,66.7,66.5,63.7,0,55.6,1.2,10.6
2025-04-11 12:46:25,68.1,64.1,64.9,65.3,65.5,67.8,66.1,65.8,65.9,63.3,0,55.4,1.4,10.6
2025-04-11 12:46:30,67.5,63.8,64.5,64.7,64.8,67.2,65.4,65.3,65.3,62.4,0,55.0,2.1,10.6
2025-04-11 12:46:35,66.7,63.1,63.8,63.9,64.3,66.5,64.5,64.4,64.6,62.1,0,54.6,2.0,10.6
2025-04-11 12:46:40,66.1,62.2,63.1,63.0,63.7,65.9,63.9,64.1,64.0,61.4,0,54.4,2.0,10.6
2025-04-11 12:46:45,65.3,61.4,62.7,62.6,63.2,65.4,63.4,63.2,63.2,60.8,0,54.0,2.0,10.6
2025-04-11 12:46:50,64.6,59.9,62.0,62.0,62.9,65.3,63.2,62.8,62.7,60.2,0,53.5,2.0,10.6
2025-04-11 12:46:55,64.0,59.4,61.4,61.7,62.0,64.4,62.5,62.1,61.9,59.7,0,53.2,1.8,10.6
2025-04-11 12:47:00,63.5,59.0,61.0,61.2,61.5,63.9,61.8,61.4,61.1,59.2,0,53.0,1.7,10.6
2025-04-11 12:47:05,62.9,58.2,60.4,60.8,61.1,63.7,61.6,61.0,60.7,58.6,0,52.9,1.3,10.6
2025-04-11 12:47:10,62.5,57.8,59.9,59.9,60.4,63.1,61.0,60.5,60.3,58.2,0,52.7,1.0,10.6
2025-04-11 12:47:15,61.8,57.6,59.7,59.7,60.2,62.5,60.6,60.0,59.9,57.8,0,52.3,0.8,10.6
2025-04-11 12:47:20,61.6,57.2,59.1,59.1,59.7,61.9,60.0,59.5,59.3,57.4,0,52.1,0.7,10.6
2025-04-11 12:47:25,61.1,56.5,58.5,58.5,59.2,61.4,59.6,59.0,58.9,57.0,0,51.9,0.7,10.6
2025-04-11 12:47:30,60.9,56.0,58.3,58.3,58.7,60.9,59.1,58.8,58.6,56.6,0,51.7,0.9,10.6
2025-04-11 12:47:35,60.2,55.4,57.9,58.0,58.4,60.5,58.7,58.4,58.3,56.4,0,51.4,1.1,10.6
2025-04-11 12:47:40,60.1,55.4,57.7,57.6,58.1,60.2,58.5,58.1,58.1,56.0,0,51.5,1.0,10.6
2025-04-11 12:47:45,59.6,55.2,57.3,57.3,57.7,59.9,58.2,57.7,57.6,55.7,0,51.3,1.0,10.6
2025-04-11 12:47:50,59.1,54.5,56.9,57.1,57.4,59.7,57.9,57.4,57.4,55.5,0,51.2,0.9,10.6
2025-04-11 12:47:55,58.9,54.2,56.5,56.7,57.1,59.4,57.6,57.3,57.3,55.3,0,51.3,0.9,10.6
2025-04-11 12:48:00,58.6,53.7,56.3,56.5,56.9,59.0,57.4,57.0,56.8,55.0,0,51.3,0.8,10.6
2025-04-11 12:48:05,58.4,53.2,56.0,56.3,56.8,58.8,57.1,56.8,56.7,54.9,0,51.3,0.7,10.6
2025-04-11 12:48:10,58.2,52.4,55.8,55.8,56.4,58.1,56.8,56.5,56.5,54.6,0,51.2,0.6,10.6
2025-04-11 12:48:15,58.0,51.7,55.7,55.4,56.3,57.8,56.8,56.3,56.4,54.4,0,51.1,0.6,10.6
2025-04-11 12:48:20,57.7,51.4,55.5,55.3,56.4,57.7,56.7,56.1,56.4,54.3,0,51.0,0.7,10.6
2025-04-11 12:48:25,57.4,51.2,55.2,54.9,56.0,57.2,56.4,56.0,56.1,54.1,0,50.9,1.0,10.6
2025-04-11 12:48:30,57.3,51.3,55.1,54.6,55.8,57.1,56.0,55.9,56.0,54.0,0,50.8,1.0,10.6
2025-04-11 12:48:35,57.1,51.2,54.9,54.6,55.6,56.9,56.0,55.9,55.8,53.8,0,50.7,0.8,10.6
2025-04-11 12:48:40,57.0,51.0,54.8,54.3,55.6,56.5,55.7,55.8,55.8,53.7,0,50.7,0.7,10.6
2025-04-11 12:48:45,56.7,50.8,54.6,54.1,55.4,56.7,55.5,55.5,55.7,53.5,0,50.7,0.5,10.6
2025-04-11 12:48:50,56.5,50.7,54.4,54.0,55.4,56.6,55.2,55.2,55.6,53.4,0,50.8,0.5,10.6
2025-04-11 12:48:55,56.3,50.6,54.5,54.0,55.2,56.3,55.2,55.1,55.5,53.4,0,50.8,0.8,10.6
2025-04-11 12:49:00,56.2,50.4,54.5,53.8,55.0,56.2,55.1,54.6,55.5,53.3,0,50.8,0.8,10.6
2025-04-11 12:49:05,56.1,50.1,54.5,53.7,54.8,56.1,54.9,54.6,55.4,53.2,0,50.8,1.0,10.6
2025-04-11 12:49:10,56.1,50.0,54.3,53.7,54.6,56.1,54.8,54.5,55.3,53.1,0,50.8,1.0,10.6
2025-04-11 12:49:15,56.0,49.5,54.3,53.7,54.4,56.0,55.0,54.5,55.2,53.0,0,51.0,1.0,10.6
2025-04-11 12:49:20,55.8,49.5,54.1,53.7,54.4,56.0,54.9,54.4,55.3,53.0,0,51.0,0.9,10.6
2025-04-11 12:49:25,55.7,49.5,53.9,53.7,54.3,55.8,54.9,54.4,55.1,53.0,0,51.0,0.9,10.6
2025-04-11 12:49:30,55.8,49.4,53.8,53.6,54.3,55.8,54.8,54.3,55.2,53.0,0,51.2,0.9,10.6
2025-04-11 12:49:35,55.7,49.3,53.8,53.5,54.4,55.7,54.7,54.3,55.3,52.9,0,51.2,0.8,10.6
2025-04-11 12:49:40,55.7,49.1,53.7,53.4,54.4,55.7,54.8,54.4,55.2,52.9,0,51.4,0.8,10.6
2025-04-11 12:49:45,55.7,49.4,53.7,53.5,54.3,55.8,54.7,54.4,55.1,52.9,0,51.5,0.9,10.6
2025-04-11 12:49:50,55.6,49.5,53.7,53.5,54.3,55.8,54.7,54.5,55.1,53.0,0,51.7,0.9,10.7
2025-04-11 12:49:55,55.6,49.4,53.6,53.5,54.4,55.8,54.8,54.5,55.1,53.0,0,51.8,0.8,10.6
2025-04-11 12:50:00,55.7,49.3,53.7,53.7,54.4,55.9,54.9,54.4,55.1,53.0,0,52.0,0.7,10.6
2025-04-11 12:50:05,55.8,49.1,53.7,53.8,54.5,55.8,54.9,54.5,55.4,53.1,0,52.1,0.6,10.6
2025-04-11 12:50:10,55.8,49.0,53.9,53.8,54.5,55.9,55.0,54.6,55.5,53.1,0,52.4,0.5,10.6
2025-04-11 12:50:15,56.1,48.9,53.9,53.8,54.5,55.7,55.2,54.6,55.2,53.2,0,52.8,0.3,10.6
2025-04-11 12:50:20,56.1,49.0,54.2,53.9,54.7,55.8,55.4,54.7,55.3,53.3,0,52.9,0.2,10.6
2025-04-11 12:50:25,56.1,49.1,54.3,53.9,54.8,56.0,55.3,54.8,55.4,53.4,0,53.1,0.1,10.6
2025-04-11 12:50:30,56.2,49.1,54.4,54.0,55.0,56.1,55.5,54.9,55.5,53.6,0,53.1,0.1,10.6
2025-04-11 12:50:35,56.4,49.4,54.5,54.0,55.1,56.4,55.7,54.9,55.6,53.7,0,53.2,0.1,10.6
2025-04-11 12:50:40,56.4,49.5,54.7,54.0,55.2,56.5,55.9,54.8,55.7,54.0,0,53.3,0.1,10.6
2025-04-11 12:50:45,56.6,49.8,54.8,54.1,55.6,56.6,56.0,54.9,55.9,54.1,0,53.7,0.3,10.7
2025-04-11 12:50:50,56.7,50.0,55.0,54.4,55.8,56.7,56.1,55.1,56.0,54.4,0,53.8,0.5,10.7
2025-04-11 12:50:55,56.9,50.2,55.4,54.6,56.0,57.0,56.2,55.5,56.3,54.6,0,54.0,0.5,10.7
2025-04-11 12:51:00,57.2,50.4,55.6,54.8,56.2,57.2,56.4,55.8,56.6,54.9,0,54.5,0.4,10.7
2025-04-11 12:51:05,57.4,50.7,55.9,55.1,56.5,57.5,56.6,56.1,56.9,55.1,0,54.7,0.3,10.6
2025-04-11 12:51:10,57.7,51.1,56.2,55.5,56.7,57.8,56.8,56.4,57.3,55.5,0,55.1,0.3,10.6
2025-04-11 12:51:15,58.0,51.3,56.6,55.7,56.9,58.1,57.1,56.6,57.7,55.9,0,55.3,0.4,10.7
2025-04-11 12:51:20,58.4,51.6,56.9,56.2,57.2,58.5,57.3,56.8,57.7,56.1,0,55.6,0.4,10.7
2025-04-11 12:51:25,58.7,52.1,57.4,56.5,57.6,58.7,57.7,57.3,58.2,56.5,0,56.0,0.4,10.6
2025-04-11 12:51:30,59.1,52.3,57.7,56.9,58.0,59.2,58.3,58.0,58.5,56.8,0,56.4,0.3,10.6
2025-04-11 12:51:35,59.5,52.7,58.3,57.1,58.2,59.4,58.6,58.3,59.0,57.3,0,56.9,0.3,10.6
2025-04-11 12:51:40,60.0,53.0,58.6,57.6,58.6,59.9,59.1,58.8,59.3,57.6,0,57.4,0.3,10.7
2025-04-11 12:51:45,60.2,53.0,58.8,57.7,59.0,60.3,59.5,59.2,59.6,58.1,0,57.9,0.2,10.6
2025-04-11 12:51:50,60.7,53.4,59.2,58.5,59.6,60.8,60.0,59.7,60.3,58.5,0,58.3,0.1,10.6
2025-04-11 12:51:55,61.2,53.7,59.8,59.3,60.1,61.1,60.4,60.0,60.8,58.9,0,58.7,0.0,10.6
2025-04-11 12:52:00,61.5,54.0,60.0,60.0,60.6,61.7,60.9,60.4,61.5,59.4,0,59.3,0.0,10.6
2025-04-11 12:52:05,62.2,54.1,60.5,60.0,61.0,62.1,61.3,60.9,61.9,59.9,0,59.9,0.0,10.6
2025-04-11 12:52:10,62.4,54.4,61.1,60.3,61.4,62.5,61.8,61.2,62.2,60.1,0,60.1,0.0,10.6
2025-04-11 12:52:15,63.0,55.1,61.6,60.7,62.1,63.2,62.5,61.9,62.6,60.7,0,60.8,0.0,10.7
2025-04-11 12:52:20,63.4,55.4,62.0,61.2,62.5,63.8,62.9,62.3,63.1,61.1,0,61.2,0.0,10.6
2025-04-11 12:52:25,64.1,56.2,62.5,61.3,62.9,64.0,63.1,62.6,63.4,61.7,0,61.8,0.0,10.7
2025-04-11 12:52:30,64.6,56.6,63.0,62.2,63.5,64.6,63.7,63.2,63.9,62.2,0,62.4,0.0,10.7
2025-04-11 12:52:35,65.0,57.2,63.4,62.6,64.1,65.3,64.2,64.1,64.7,62.7,0,62.8,0.0,10.7
2025-04-11 12:52:40,65.4,57.6,63.8,62.9,64.5,65.5,64.6,64.4,65.0,63.2,0,63.3,0.0,10.7
2025-04-11 12:52:45,66.2,58.2,64.5,63.6,64.9,65.9,65.2,64.9,65.4,63.6,0,63.7,0.0,10.7
2025-04-11 12:52:50,66.7,58.6,64.8,63.9,65.3,66.4,65.6,65.3,65.8,64.1,0,64.1,0.0,10.7
2025-04-11 12:52:55,67.2,59.1,65.2,64.5,65.9,67.0,66.1,65.8,66.4,64.5,0,64.5,0.0,10.7
2025-04-11 12:53:00,67.5,59.5,65.7,65.0,66.2,67.6,66.5,66.1,66.7,64.9,0,64.9,0.0,10.7
2025-04-11 12:53:05,67.8,59.8,65.9,65.2,66.8,68.1,67.0,66.7,67.2,65.4,0,65.2,0.0,10.7
2025-04-11 12:53:10,68.1,60.2,66.3,65.6,67.2,68.5,67.4,67.1,67.5,65.8,0,65.7,0.0,10.7
2025-04-11 12:53:15,68.5,60.6,66.6,66.0,67.7,69.0,67.8,67.6,68.0,66.0,0,65.8,0.0,10.7
2025-04-11 12:53:20,68.8,61.0,67.0,66.5,68.1,69.6,68.2,68.1,68.5,66.5,0,66.4,0.1,10.7
2025-04-11 12:53:25,69.1,61.2,67.4,66.6,68.5,70.0,68.6,68.6,68.8,67.0,0,66.6,0.2,10.7
2025-04-11 12:53:30,69.5,61.4,67.8,66.9,68.7,70.2,68.8,68.9,69.0,67.2,0,67.0,0.3,10.7
2025-04-11 12:53:35,69.8,61.6,68.1,67.4,69.3,70.7,69.4,69.5,69.4,67.5,0,67.1,0.3,10.7
2025-04-11 12:53:40,70.1,61.9,68.5,67.7,69.6,71.0,69.6,69.6,69.8,67.7,0,67.3,0.2,10.7
2025-04-11 12:53:45,70.4,62.1,69.0,68.0,69.8,71.2,69.9,69.7,70.1,68.1,0,67.5,0.2,10.7
2025-04-11 12:53:50,70.7,62.3,69.2,68.3,70.1,71.7,70.1,70.0,70.5,68.3,0,67.7,0.1,10.7
2025-04-11 12:53:55,70.8,62.6,69.3,68.3,70.3,71.9,70.4,70.2,70.8,68.5,0,68.0,0.1,10.7
2025-04-11 12:54:00,71.2,63.0,69.5,68.7,70.6,72.3,70.6,70.7,71.0,68.7,0,67.9,0.1,10.7
2025-04-11 12:54:05,71.3,63.1,69.5,68.9,70.8,72.6,70.7,70.7,71.2,68.8,0,68.0,0.1,10.7
2025-04-11 12:54:10,71.5,63.5,69.6,69.1,71.0,72.9,71.1,70.8,71.5,69.0,0,68.0,0.1,10.7
2025-04-11 12:54:15,71.6,63.7,69.5,69.4,71.1,72.7,71.2,70.7,71.6,69.0,0,68.1,0.0,10.7
2025-04-11 12:54:20,71.7,63.9,69.5,69.5,71.2,72.8,71.2,70.9,71.7,69.1,0,68.1,0.0,10.7
2025-04-11 12:54:25,71.9,64.0,69.5,69.6,71.2,72.6,71.1,70.8,71.8,69.1,0,68.0,0.0,10.7
2025-04-11 12:54:30,71.9,64.1,69.5,69.8,71.2,72.6,71.2,70.9,71.9,69.1,0,68.1,0.0,10.7
2025-04-11 12:54:35,71.9,64.3,69.4,69.8,71.2,72.5,71.1,70.9,71.8,69.1,0,68.0,0.0,10.7
2025-04-11 12:54:40,71.9,64.4,69.3,69.8,71.2,72.5,70.9,70.8,72.1,69.0,0,68.0,0.0,10.7
2025-04-11 12:54:45,71.8,64.4,69.3,69.8,71.1,72.4,70.8,70.7,71.9,69.0,0,68.0,0.0,10.7
2025-04-11 12:54:50,71.8,64.4,69.2,69.6,70.8,72.3,70.6,70.7,71.7,68.8,0,67.8,0.0,10.7
2025-04-11 12:54:55,71.8,64.4,69.1,69.7,70.7,72.3,70.6,70.6,71.6,68.8,0,67.7,0.0,10.7
2025-04-11 12:55:00,71.7,64.4,69.0,69.7,70.5,72.1,70.5,70.5,71.4,68.6,0,67.4,0.0,10.7
2025-04-11 12:55:05,71.6,64.4,68.8,69.5,70.4,71.8,70.3,70.3,71.2,68.5,0,67.2,0.0,10.7
2025-04-11 12:55:10,71.4,64.4,68.7,69.3,70.1,71.9,70.2,70.0,70.8,68.3,0,67.1,0.0,10.7
2025-04-11 12:55:15,71.3,64.3,68.6,69.0,70.0,71.8,70.1,70.0,70.8,68.1,0,66.7,0.0,10.7
2025-04-11 12:55:20,71.2,64.2,68.5,68.9,69.8,71.4,70.0,69.7,70.6,68.0,0,66.6,0.0,10.7
2025-04-11 12:55:25,71.0,64.0,68.4,68.7,69.8,71.3,69.7,69.5,70.6,67.8,0,66.4,0.0,10.7
2025-04-11 12:55:30,70.9,63.9,68.2,68.6,69.5,70.9,69.4,69.1,70.2,67.6,0,66.1,0.1,10.7
2025-04-11 12:55:35,70.7,63.8,68.2,68.4,69.3,70.6,69.3,68.8,70.1,67.4,0,66.0,0.3,10.7
2025-04-11 12:55:40,70.6,63.6,68.0,68.1,69.1,70.3,69.1,68.6,69.9,67.2,0,65.8,0.3,10.7
2025-04-11 12:55:45,70.3,63.5,68.0,67.8,68.9,70.1,68.9,68.4,69.8,67.1,0,65.7,0.4,10.7
2025-04-11 12:55:50,70.3,63.5,68.0,67.6,68.7,69.9,68.7,68.4,69.6,67.0,0,65.7,0.5,10.7
2025-04-11 12:55:55,70.1,63.3,67.9,67.3,68.4,69.6,68.5,68.2,69.5,66.9,0,65.5,0.5,10.7
2025-04-11 12:56:00,69.9,63.2,67.9,67.2,68.3,69.5,68.4,68.1,69.4,66.7,0,65.4,0.5,10.7
2025-04-11 12:56:05,69.8,63.0,67.8,67.0,68.1,69.4,68.2,68.0,69.3,66.7,0,65.3,0.5,10.7
2025-04-11 12:56:10,69.9,62.9,68.1,66.9,68.0,69.3,68.1,67.9,69.1,66.6,0,65.3,0.5,10.7
2025-04-11 12:56:15,69.8,62.6,68.0,67.0,67.9,69.3,68.0,67.8,69.1,66.6,0,65.2,0.5,10.7
2025-04-11 12:56:20,69.8,62.3,67.7,67.0,67.9,69.3,68.0,67.9,69.1,66.7,0,65.3,0.5,10.7
2025-04-11 12:56:25,69.8,62.2,67.6,66.9,67.9,69.3,68.1,67.9,69.1,66.7,0,65.3,0.5,10.7
2025-04-11 12:56:30,69.8,62.2,67.6,67.1,67.8,69.4,68.2,68.0,69.1,66.8,0,65.6,0.4,10.7
2025-04-11 12:56:35,69.9,62.3,67.8,67.1,68.1,69.6,68.3,68.2,69.3,66.9,0,65.8,0.5,10.6
2025-04-11 12:56:40,70.1,62.6,67.9,67.3,68.1,69.7,68.7,68.4,69.4,67.1,0,66.2,0.8,10.6
2025-04-11 12:56:45,70.2,62.6,68.2,67.3,68.3,70.0,68.9,68.6,69.6,67.3,0,66.5,1.1,10.6
2025-04-11 12:56:50,70.4,62.8,68.5,67.6,68.6,70.2,69.1,68.7,69.8,67.6,0,67.2,1.3,10.6
2025-04-11 12:56:55,70.8,62.9,68.7,67.7,68.7,70.6,69.3,69.1,70.1,67.9,0,67.6,1.4,10.6
2025-04-11 12:57:00,71.1,63.3,69.1,68.1,69.1,71.1,69.6,69.5,70.6,68.3,0,68.1,1.3,10.6
2025-04-11 12:57:05,71.3,63.7,69.4,68.4,69.4,71.4,69.9,69.8,70.9,68.6,0,68.4,1.3,10.6
2025-04-11 12:57:10,71.5,63.9,70.0,68.8,69.8,71.9,70.4,70.3,71.2,68.9,0,68.7,1.3,10.6
2025-04-11 12:57:15,72.2,63.9,70.3,69.2,70.3,72.1,71.0,70.7,71.8,69.6,0,69.3,1.2,10.6
2025-04-11 12:57:20,72.5,64.4,70.9,69.6,70.6,72.7,71.4,71.1,72.3,69.8,0,69.6,1.1,10.6
2025-04-11 12:57:25,73.2,64.9,71.6,70.2,71.4,73.5,72.2,71.8,73.0,70.8,0,70.3,0.9,10.6
2025-04-11 12:57:30,73.8,65.2,72.0,70.7,72.0,74.0,72.7,72.4,73.5,71.4,0,70.8,0.8,10.6
2025-04-11 12:57:35,74.5,65.7,72.7,71.6,72.3,74.4,73.1,72.7,74.1,71.9,0,71.7,0.6,10.6
2025-04-11 12:57:40,75.2,66.1,73.3,72.2,73.5,75.5,74.2,73.9,74.6,72.6,0,72.5,0.6,10.6
2025-04-11 12:57:45,75.9,66.3,73.9,72.9,74.4,76.2,75.0,74.6,75.7,73.3,0,73.5,0.5,10.6
2025-04-11 12:57:50,76.7,66.9,74.7,73.7,74.9,77.0,75.9,75.3,76.5,74.2,0,74.5,0.6,10.5
2025-04-11 12:57:55,77.3,67.5,75.2,74.8,76.0,77.9,77.1,75.9,76.9,75.0,0,75.2,0.6,10.5
2025-04-11 12:58:00,78.3,67.7,75.9,75.2,76.4,78.4,77.5,77.0,77.8,76.0,0,76.1,0.7,10.5
2025-04-11 12:58:05,79.3,68.3,76.8,76.3,77.4,79.6,78.3,77.7,79.0,76.9,0,77.3,0.6,10.5
2025-04-11 12:58:10,80.0,69.0,77.9,77.7,78.4,80.4,79.1,78.8,80.0,77.8,0,78.1,0.7,10.5
2025-04-11 12:58:15,80.5,69.6,79.0,78.9,79.3,82.1,80.2,79.7,80.7,79.0,0,79.1,0.8,10.5
2025-04-11 12:58:20,81.9,71.0,80.1,79.4,80.4,82.6,80.9,80.7,81.6,79.8,0,80.2,0.6,10.5
2025-04-11 12:58:25,82.8,71.3,80.6,80.4,81.3,83.6,82.0,81.8,82.9,80.3,0,81.0,0.6,10.5
2025-04-11 12:58:30,83.8,72.8,81.7,82.3,82.3,85.0,83.2,83.0,84.2,82.0,0,82.5,0.5,10.5
2025-04-11 12:58:35,84.9,73.4,82.7,83.0,83.5,85.9,84.6,83.8,85.0,83.0,0,83.0,0.4,10.5
2025-04-11 12:58:40,86.1,74.4,84.1,84.2,84.7,87.5,85.2,84.7,85.2,83.8,0,84.3,0.3,10.5
2025-04-11 12:58:45,87.3,75.4,85.1,85.4,85.9,88.4,86.8,86.1,87.1,85.3,0,85.5,0.2,10.5
2025-04-11 12:58:50,88.3,76.3,86.2,86.4,87.3,89.4,88.4,87.4,88.2,85.8,0,86.2,0.2,10.5
2025-04-11 12:58:55,89.5,77.4,87.2,87.3,88.0,89.7,88.9,88.1,89.0,87.1,0,87.4,0.3,10.5
2025-04-11 12:59:00,90.8,78.2,88.1,88.0,89.4,91.3,89.8,89.3,89.5,88.1,0,88.3,0.3,10.5
2025-04-11 12:59:05,92.3,78.8,88.9,88.7,89.8,92.1,90.8,89.8,90.7,89.4,0,89.8,0.3,10.5
2025-04-11 12:59:10,93.4,80.5,90.8,89.6,91.0,93.7,92.0,91.6,91.9,90.6,0,90.3,0.3,10.5
2025-04-11 12:59:15,93.6,81.0,91.0,90.8,92.4,94.7,93.2,92.2,93.2,91.4,0,91.4,0.2,10.5
2025-04-11 12:59:20,95.0,82.0,92.9,91.8,93.4,95.4,94.1,93.5,93.3,92.2,0,91.8,0.2,10.5
2025-04-11 12:59:25,96.2,83.3,93.7,93.1,94.5,96.6,95.3,94.7,95.0,93.6,0,93.3,0.1,10.5
2025-04-11 12:59:30,97.3,84.4,94.8,94.3,95.5,97.2,96.1,95.8,96.1,94.1,0,93.6,0.1,10.5
2025-04-11 12:59:35,98.4,85.4,96.2,95.1,96.8,99.3,97.7,96.9,97.2,95.3,0,94.8,0.2,10.5
2025-04-11 12:59:40,99.1,86.4,96.9,96.1,98.2,100.3,98.3,97.4,98.0,96.3,0,95.7,0.7,10.5
2025-04-11 12:59:45,100.3,88.1,98.6,97.0,98.4,100.5,98.9,98.6,98.7,97.5,0,96.5,0.6,10.5
2025-04-11 12:59:50,101.3,89.1,99.2,98.6,100.5,102.2,100.7,100.4,100.0,98.5,0,97.9,0.7,10.5
2025-04-11 12:59:55,102.5,89.6,99.9,99.4,101.6,103.5,101.7,101.6,101.5,99.6,0,98.2,0.6,10.5
2025-04-11 13:00:00,103.8,91.2,101.8,100.4,102.6,103.5,102.4,101.8,102.0,100.6,0,99.3,0.5,10.5
2025-04-11 13:00:05,104.6,91.8,102.5,101.2,103.2,104.6,103.7,103.3,103.5,101.6,0,100.5,0.4,10.5
2025-04-11 13:00:10,105.1,92.7,102.8,102.6,104.0,105.7,104.9,103.9,104.7,102.8,0,100.9,0.4,10.5
2025-04-11 13:00:15,106.8,93.6,104.3,103.4,105.1,106.9,106.0,105.3,105.5,103.8,0,102.1,0.3,10.5
2025-04-11 13:00:20,107.4,94.5,105.1,104.6,106.3,107.9,106.8,106.6,106.6,104.8,0,102.6,0.3,10.5
2025-04-11 13:00:25,108.7,95.7,106.5,105.7,107.4,109.2,107.2,106.6,106.7,105.4,0,103.7,0.3,10.5
2025-04-11 13:00:30,109.7,96.8,107.6,106.7,108.5,110.0,108.7,108.0,108.1,106.4,0,104.5,0.3,10.6
2025-04-11 13:00:35,110.8,98.0,107.9,107.9,109.6,110.9,110.3,109.1,109.3,107.2,0,105.3,0.3,10.6
2025-04-11 13:00:40,111.5,98.4,108.8,108.6,110.2,111.7,110.6,109.8,110.4,108.4,0,106.1,0.3,10.6
2025-04-11 13:00:45,112.1,99.2,109.6,109.2,111.4,112.8,111.7,110.8,111.0,108.8,0,106.4,0.3,10.6
2025-04-11 13:00:50,113.6,100.4,110.7,110.1,112.2,114.0,112.6,111.6,112.1,109.8,0,107.4,0.2,10.6
2025-04-11 13:00:55,114.4,101.7,111.6,111.2,113.2,115.1,113.4,112.4,112.5,110.9,0,108.4,0.2,10.6
2025-04-11 13:01:00,115.4,102.8,112.6,111.9,114.0,115.7,114.5,113.5,113.2,111.6,0,109.0,0.1,10.6
2025-04-11 13:01:05,116.8,103.9,113.0,112.4,114.4,116.1,114.9,114.2,114.0,112.6,0,109.9,0.0,10.6
2025-04-11 13:01:10,117.3,104.4,114.5,113.8,115.9,117.7,116.0,115.0,114.9,113.4,0,110.7,0.0,10.6
2025-04-11 13:01:15,118.1,105.2,115.5,114.7,116.8,118.7,117.4,116.3,116.6,114.1,0,111.0,0.0,10.6
2025-04-11 13:01:20,118.7,106.0,116.1,115.2,117.2,118.8,117.9,116.8,116.7,115.1,0,111.9,0.1,10.6
2025-04-11 13:01:25,120.1,106.9,116.9,116.3,118.0,119.7,118.5,117.5,117.4,115.8,0,112.5,0.1,10.6
2025-04-11 13:01:30,120.6,107.3,117.1,117.0,118.7,120.4,119.2,118.4,118.1,116.7,0,113.2,0.0,10.6
2025-04-11 13:01:35,121.3,108.2,118.2,117.7,119.8,121.4,120.1,119.4,119.3,117.4,0,113.9,0.1,10.6
2025-04-11 13:01:40,122.3,108.9,118.9,118.5,120.5,122.2,120.7,119.9,119.9,118.1,0,114.4,0.1,10.6
2025-04-11 13:01:45,123.2,110.2,119.9,119.5,121.5,123.1,121.7,120.4,120.2,118.7,0,114.9,0.1,10.6
2025-04-11 13:01:50,123.5,110.8,120.4,120.6,122.0,123.9,122.3,121.8,121.5,119.7,0,115.7,0.1,10.6
2025-04-11 13:01:55,124.5,111.6,121.1,121.4,122.7,125.2,123.1,122.7,122.2,120.1,0,116.2,0.1,10.6
2025-04-11 13:02:00,125.5,112.7,122.1,122.1,123.9,126.0,123.7,123.2,122.9,121.1,0,117.1,0.2,10.6
2025-04-11 13:02:05,126.0,113.4,122.8,122.9,124.4,127.0,125.1,123.9,123.8,121.8,0,117.6,0.3,10.6
2025-04-11 13:02:10,127.1,113.7,123.2,123.3,124.8,127.0,125.3,124.6,124.3,122.8,0,118.4,0.2,10.6
2025-04-11 13:02:15,127.8,114.9,124.5,124.4,125.8,128.0,126.6,125.5,125.4,123.6,0,119.3,0.1,10.6
2025-04-11 13:02:20,128.7,116.0,125.1,125.3,126.6,128.8,127.2,126.6,126.2,124.4,0,120.5,0.1,10.7
2025-04-11 13:02:25,129.5,116.8,125.9,126.5,127.8,130.0,128.1,127.3,127.0,125.4,0,121.0,0.2,10.7
2025-04-11 13:02:30,130.6,117.8,127.5,127.3,128.2,131.1,128.8,128.4,128.0,126.2,0,121.8,0.3,10.7
2025-04-11 13:02:35,131.0,118.4,127.6,128.4,129.0,131.8,129.6,129.0,129.1,126.6,0,122.3,0.3,10.6
2025-04-11 13:02:40,132.2,119.3,129.4,129.1,129.9,133.0,130.9,130.3,130.0,128.2,0,124.1,0.3,10.7
2025-04-11 13:02:45,133.3,120.1,130.0,130.5,131.1,133.8,131.6,131.4,131.1,129.1,0,124.4,0.3,10.7
2025-04-11 13:02:50,134.6,121.1,131.0,131.4,132.4,135.4,132.8,131.5,131.4,129.9,0,125.4,0.2,10.7
2025-04-11 13:02:55,135.6,122.0,132.4,132.3,133.6,136.4,134.3,133.1,132.8,131.5,0,126.6,0.2,10.7
2025-04-11 13:03:00,136.7,122.9,133.4,133.1,134.9,137.6,135.1,134.3,134.3,131.8,0,127.4,0.1,10.7
2025-04-11 13:03:05,138.0,124.4,134.5,134.2,135.9,139.5,136.0,135.3,134.9,133.2,0,128.3,0.0,10.7
2025-04-11 13:03:10,139.0,125.4,135.6,136.0,137.2,140.0,137.0,136.4,136.6,134.3,0,129.2,0.0,10.7
2025-04-11 13:03:15,140.6,126.3,136.4,135.9,138.1,140.9,138.8,137.7,137.9,135.7,0,130.4,0.0,10.7
2025-04-11 13:03:20,141.8,128.2,138.4,138.2,139.7,142.4,139.8,139.0,139.2,136.9,0,131.9,0.0,10.7
2025-04-11 13:03:25,142.8,128.7,139.4,139.2,140.7,143.2,140.8,139.8,140.4,138.1,0,132.8,0.1,10.7
2025-04-11 13:03:30,143.9,129.5,140.2,140.6,141.7,144.8,142.2,141.4,141.6,139.7,0,134.0,0.1,10.7
2025-04-11 13:03:35,145.2,130.8,142.3,141.5,143.4,146.3,143.9,142.7,142.5,141.2,0,135.2,0.1,10.8
2025-04-11 13:03:40,147.2,131.9,143.2,142.8,144.7,147.6,145.2,143.9,144.2,142.6,0,136.0,0.1,10.8
2025-04-11 13:03:45,148.5,133.0,144.8,144.8,146.3,149.2,147.3,145.7,146.1,144.2,0,137.3,0.1,10.8
2025-04-11 13:03:50,150.0,134.4,145.8,146.4,147.5,151.1,148.4,147.2,147.4,145.6,0,138.6,0.1,10.8
2025-04-11 13:03:55,151.6,135.9,147.7,148.3,149.6,152.3,149.3,148.4,148.1,146.6,0,140.3,0.1,10.8
2025-04-11 13:04:00,153.3,137.3,149.3,149.4,150.7,153.7,151.7,150.2,150.1,148.7,0,141.4,0.1,10.8
2025-04-11 13:04:05,154.2,138.1,150.7,150.7,152.3,155.7,153.6,151.6,151.6,149.5,0,142.6,0.2,10.8
2025-04-11 13:04:10,156.3,139.7,152.7,153.1,154.4,157.3,154.4,153.1,152.4,151.4,0,144.3,0.2,10.8
2025-04-11 13:04:15,157.8,140.7,154.0,154.0,155.8,159.1,156.3,154.0,154.0,152.9,0,145.7,0.2,10.8
2025-04-11 13:04:20,159.9,142.7,154.7,154.8,156.1,159.5,157.3,155.6,155.5,154.5,0,147.3,0.2,10.8
2025-04-11 13:04:25,161.6,144.0,157.5,157.9,158.5,161.9,159.8,158.2,157.4,156.2,0,148.5,0.2,10.8
2025-04-11 13:04:30,163.1,145.3,158.7,159.3,160.8,163.9,162.4,159.4,158.8,158.1,0,149.3,0.1,10.8
2025-04-11 13:04:35,165.4,147.4,161.1,160.5,162.2,164.8,163.0,162.1,160.7,159.9,0,151.1,0.3,10.8
2025-04-11 13:04:40,166.7,149.4,162.7,161.6,163.8,166.6,164.8,163.7,162.5,161.6,0,152.5,0.4,10.8
2025-04-11 13:04:45,167.9,149.6,163.8,163.4,165.2,168.2,166.7,164.7,164.3,163.3,0,153.3,0.4,10.8
2025-04-11 13:04:50,170.2,151.4,166.0,165.8,167.7,170.3,169.0,167.2,166.4,165.3,0,155.6,0.3,10.9
2025-04-11 13:04:55,172.2,154.1,167.8,167.3,169.2,172.1,170.8,168.7,168.1,166.8,0,156.8,0.2,10.9
2025-04-11 13:05:00,173.9,155.2,169.2,169.6,170.9,174.2,172.7,171.1,168.5,167.7,0,157.5,0.2,10.9
2025-04-11 13:05:05,175.6,156.3,171.4,171.2,172.3,176.2,174.4,172.5,171.3,170.4,0,158.9,0.1,10.9
2025-04-11 13:05:10,177.1,157.4,172.4,172.2,174.3,177.2,175.6,174.3,173.3,171.1,0,159.5,0.3,10.9
2025-04-11 13:05:15,179.8,159.8,175.2,174.0,176.4,179.5,177.8,176.5,174.6,173.0,0,161.1,0.7,10.9
2025-04-11 13:05:20,181.4,160.9,177.0,175.2,177.4,181.5,179.1,176.5,175.6,174.4,0,161.9,1.0,10.9
2025-04-11 13:05:25,182.9,163.3,178.6,178.2,178.6,181.9,180.2,178.5,177.6,176.5,0,163.6,1.2,10.9
2025-04-11 13:05:30,185.2,165.1,180.4,179.1,181.1,184.7,182.7,181.1,179.2,178.1,0,164.4,1.7,10.9
2025-04-11 13:05:35,186.6,166.9,181.7,181.5,182.5,186.3,184.2,183.1,181.5,179.3,0,165.1,1.8,10.9
2025-04-11 13:05:40,188.7,167.9,182.6,182.3,183.4,186.8,184.7,183.7,183.1,181.3,0,166.8,1.9,10.9
2025-04-11 13:05:45,189.9,169.8,184.8,183.6,185.0,188.6,186.4,184.9,184.2,182.6,0,167.5,1.7,10.9
2025-04-11 13:05:50,190.5,171.4,185.5,185.5,186.8,190.6,188.0,186.5,185.6,184.4,0,168.0,1.5,10.9
2025-04-11 13:05:55,192.0,173.1,187.4,187.0,189.0,192.1,189.4,188.2,187.2,185.5,0,169.0,1.5,10.9
2025-04-11 13:06:00,193.4,173.8,187.9,188.5,189.6,193.4,190.5,189.3,188.3,186.6,0,170.4,2.4,10.9
2025-04-11 13:06:05,194.7,175.6,189.8,189.0,191.9,193.9,191.0,190.5,188.8,187.7,0,170.8,2.3,10.9
2025-04-11 13:06:10,196.6,176.7,190.8,190.0,192.6,195.3,193.1,192.2,191.1,189.0,0,171.2,2.2,10.9
2025-04-11 13:06:15,197.1,177.9,192.4,191.0,193.7,197.1,194.2,193.3,192.1,189.6,0,171.6,1.9,10.9
2025-04-11 13:06:20,198.8,178.8,193.6,192.1,195.2,197.3,195.6,193.5,192.7,190.9,0,172.4,2.8,10.9
2025-04-11 13:06:25,199.2,179.6,194.6,193.5,196.2,198.0,196.5,194.3,193.8,191.8,0,172.8,2.8,10.9
2025-04-11 13:06:30,200.9,181.2,194.8,194.0,196.6,198.6,197.5,195.3,194.8,192.9,0,173.5,2.7,10.9
2025-04-11 13:06:35,201.3,182.1,196.1,195.1,197.6,200.3,198.3,196.7,195.7,193.6,0,173.8,2.9,10.9
2025-04-11 13:06:40,202.6,182.6,196.7,195.7,198.2,201.0,198.7,197.2,196.4,194.4,0,174.1,3.0,10.9
2025-04-11 13:06:45,203.3,183.5,197.2,196.1,198.7,201.2,199.3,197.9,197.2,195.2,0,174.5,2.7,10.8
2025-04-11 13:06:50,204.2,184.4,198.0,196.8,199.5,201.6,199.8,198.5,197.8,195.8,0,174.6,2.4,10.8
2025-04-11 13:06:55,204.4,185.1,198.3,196.9,199.8,202.8,200.6,199.1,198.5,196.5,0,174.9,2.2,10.8
2025-04-11 13:07:00,205.2,185.7,199.0,197.5,200.6,203.1,201.2,199.7,199.2,197.0,0,175.0,2.2,10.8
2025-04-11 13:07:05,205.4,186.0,199.4,197.9,201.1,203.5,201.5,200.0,199.6,197.5,0,175.1,2.3,10.8
2025-04-11 13:07:10,205.9,186.9,200.0,198.5,201.4,204.0,201.9,200.7,199.9,197.8,0,175.1,2.3,10.8
2025-04-11 13:07:15,206.2,187.8,200.5,199.0,201.8,204.5,202.5,201.1,201.3,198.4,0,175.3,2.1,10.8
2025-04-11 13:07:20,206.6,188.4,200.9,199.6,202.1,205.1,202.9,201.9,201.6,198.7,0,175.4,2.2,10.7
2025-04-11 13:07:25,207.2,189.3,201.3,200.4,202.6,205.7,203.0,202.5,202.0,199.2,0,175.7,2.1,10.7
2025-04-11 13:07:30,207.5,190.2,201.6,200.7,202.9,206.3,203.2,202.7,202.2,199.4,0,176.1,1.8,10.7
2025-04-11 13:07:35,207.8,190.7,201.7,201.3,203.1,206.9,203.3,202.7,202.3,199.7,0,176.5,1.4,10.7
2025-04-11 13:07:40,208.0,191.1,201.9,201.6,203.3,207.2,203.7,203.1,202.4,200.1,0,176.6,1.3,10.7
2025-04-11 13:07:45,208.2,191.3,202.2,202.1,203.5,207.3,204.3,203.2,202.4,200.2,0,176.6,1.1,10.7
2025-04-11 13:07:50,208.5,191.5,202.3,202.5,203.8,207.4,204.4,203.3,202.6,200.4,0,176.8,1.0,10.7
2025-04-11 13:07:55,208.7,191.8,202.5,202.9,203.9,207.6,204.7,203.3,202.7,200.6,0,176.9,0.9,10.6
2025-04-11 13:08:00,209.0,191.8,202.7,203.0,204.1,208.0,205.0,203.6,202.7,200.9,0,177.0,0.7,10.7
2025-04-11 13:08:05,209.1,192.0,203.0,203.2,204.7,208.7,205.1,203.9,203.0,201.0,0,177.1,0.6,10.6
2025-04-11 13:08:10,209.4,192.2,203.4,203.2,204.9,208.8,205.4,204.3,203.3,201.2,0,177.4,0.5,10.6
2025-04-11 13:08:15,209.5,192.3,203.5,203.3,205.0,209.3,205.7,204.7,203.3,201.5,0,177.8,0.4,10.6
2025-04-11 13:08:20,209.8,192.6,203.7,203.5,205.3,209.5,205.8,204.8,203.5,201.7,0,177.9,0.3,10.6
2025-04-11 13:08:25,210.0,192.9,203.9,203.9,205.5,209.7,206.1,204.9,203.8,201.9,0,178.1,0.3,10.6
2025-04-11 13:08:30,210.2,193.3,204.3,204.2,206.0,209.9,206.3,205.2,204.1,202.1,0,178.2,0.2,10.6
2025-04-11 13:08:35,210.7,194.0,204.8,204.3,206.2,210.0,206.4,205.3,204.3,202.3,0,178.3,0.4,10.6
2025-04-11 13:08:40,211.1,194.0,205.0,204.4,206.4,210.4,206.7,205.4,204.4,202.5,0,178.5,0.6,10.6
2025-04-11 13:08:45,211.4,193.7,205.3,204.6,206.7,210.6,207.4,205.5,204.6,202.7,0,178.6,0.7,10.6
2025-04-11 13:08:50,211.8,193.7,205.7,204.8,206.9,210.7,207.8,205.8,204.9,202.8,0,178.8,0.7,10.6
2025-04-11 13:08:55,212.2,193.9,206.1,205.0,207.4,210.8,208.3,206.1,205.2,203.1,0,178.9,0.8,10.6
2025-04-11 13:09:00,212.4,194.2,206.2,205.3,207.6,210.9,208.6,206.2,205.3,203.3,0,178.9,1.0,10.6
2025-04-11 13:09:05,212.7,194.5,206.3,205.4,207.9,210.9,208.6,206.5,205.7,203.6,0,178.9,1.0,10.6
2025-04-11 13:09:10,212.9,195.2,206.6,205.8,208.3,211.3,208.7,206.8,206.0,203.8,0,179.1,0.9,10.6
2025-04-11 13:09:15,213.1,195.8,206.9,206.1,208.4,211.5,209.0,206.9,206.2,204.0,0,179.2,1.0,10.6
2025-04-11 13:09:20,213.5,196.0,206.9,206.3,208.7,211.8,209.1,207.5,206.5,204.3,0,179.3,1.2,10.6
2025-04-11 13:09:25,213.7,196.0,207.1,206.7,209.0,212.1,209.2,207.8,206.7,204.4,0,179.3,1.2,10.6
2025-04-11 13:09:30,213.8,196.1,207.2,206.7,208.9,212.4,209.5,208.0,207.0,204.6,0,179.5,1.1,10.6
2025-04-11 13:09:35,214.0,196.1,207.2,207.1,209.1,212.7,209.8,208.0,207.4,204.8,0,179.5,1.0,10.6
2025-04-11 13:09:40,214.3,196.1,207.5,207.3,209.3,212.7,209.9,208.0,207.6,204.9,0,179.6,0.8,10.6
2025-04-11 13:09:45,214.4,196.2,207.6,207.7,209.4,212.9,210.1,208.3,207.8,205.1,0,179.6,0.7,10.6
2025-04-11 13:09:50,214.5,196.2,207.7,207.9,209.5,213.0,210.3,208.5,207.9,205.2,0,179.7,0.8,10.6
2025-04-11 13:09:55,214.7,196.1,207.8,208.1,209.6,213.1,210.4,208.6,207.9,205.3,0,179.6,0.8,10.6
2025-04-11 13:10:00,214.6,196.4,207.9,208.2,209.7,212.9,210.4,208.6,208.0,205.4,0,179.7,0.8,10.6
2025-04-11 13:10:05,214.7,196.6,208.1,208.3,209.8,213.0,210.3,208.5,208.0,205.4,0,179.7,1.1,10.6
2025-04-11 13:10:10,214.7,196.7,208.2,208.4,209.8,213.0,210.2,208.5,208.0,205.5,0,179.7,1.1,10.6
2025-04-11 13:10:15,214.7,196.7,208.2,208.5,209.9,213.0,210.1,208.3,207.9,205.4,0,179.5,1.1,10.6
2025-04-11 13:10:20,214.7,196.6,208.2,208.6,209.9,212.9,210.0,208.4,208.0,205.4,0,179.5,1.1,10.6
2025-04-11 13:10:25,214.6,196.7,208.0,208.8,209.8,213.1,210.1,208.4,208.0,205.3,0,179.4,1.1,10.6
2025-04-11 13:10:30,214.4,196.7,207.9,208.6,209.8,212.9,210.1,208.3,208.1,205.1,0,179.1,1.2,10.7
2025-04-11 13:10:35,214.1,196.7,207.6,208.5,209.7,212.9,209.9,208.2,208.1,204.9,0,178.8,1.0,10.6
2025-04-11 13:10:40,213.9,196.9,207.5,208.3,209.2,212.6,209.5,208.1,208.1,204.7,0,178.6,1.1,10.6
2025-04-11 13:10:45,213.6,196.8,207.4,208.2,208.9,212.6,209.3,208.0,207.6,204.5,0,178.3,1.1,10.6
2025-04-11 13:10:50,213.4,196.4,207.2,207.9,208.6,212.4,209.1,207.8,207.3,204.1,0,178.0,1.1,10.6
2025-04-11 13:10:55,213.0,196.1,206.8,207.3,208.4,212.6,208.8,207.5,207.1,203.8,0,177.7,1.1,10.6
2025-04-11 13:11:00,212.8,195.9,206.6,207.1,208.0,212.4,208.6,207.1,206.8,203.3,0,177.5,1.1,10.7
2025-04-11 13:11:05,212.4,195.9,206.2,206.7,207.5,211.8,208.2,206.8,206.3,202.9,0,176.5,1.0,10.6
2025-04-11 13:11:10,211.9,195.9,205.7,206.3,207.2,211.3,207.7,206.4,206.1,202.4,0,176.0,0.9,10.7
2025-04-11 13:11:15,211.4,195.2,205.1,205.7,206.5,210.7,207.0,206.2,205.9,202.0,0,175.7,0.9,10.7
2025-04-11 13:11:20,210.9,194.8,204.7,205.3,206.1,210.5,206.6,205.2,205.0,201.3,0,174.8,0.8,10.7
2025-04-11 13:11:25,210.3,194.5,204.2,204.7,206.0,210.1,206.2,204.4,204.5,200.9,0,174.5,0.7,10.7
2025-04-11 13:11:30,209.6,193.9,203.6,204.1,205.3,209.4,205.4,203.6,204.4,200.2,0,173.8,1.6,10.7
2025-04-11 13:11:35,209.1,193.4,203.0,203.4,204.7,208.6,204.7,203.3,203.3,199.6,0,173.3,1.7,10.7
2025-04-11 13:11:40,208.3,192.6,202.2,203.1,204.1,208.2,204.4,202.9,203.1,198.7,0,172.6,1.8,10.7
2025-04-11 13:11:45,207.8,191.9,201.5,201.2,202.6,206.7,203.1,202.1,202.1,198.1,0,171.9,1.7,10.7
2025-04-11 13:11:50,207.1,191.5,200.8,200.7,202.0,206.3,202.7,201.5,201.6,197.3,0,171.1,1.7,10.7
2025-04-11 13:11:55,206.4,191.0,200.2,200.2,201.6,205.1,202.0,200.4,200.8,196.4,0,169.6,1.2,10.7
2025-04-11 13:12:00,205.6,190.4,199.2,199.2,200.7,204.1,201.0,199.5,200.3,195.6,0,169.1,1.0,10.7
2025-04-11 13:12:05,205.0,189.9,198.8,198.3,200.0,203.6,199.7,198.9,199.7,194.6,0,168.6,0.9,10.7
2025-04-11 13:12:10,204.2,188.9,197.4,197.4,198.8,202.9,198.8,198.0,198.8,193.8,0,167.1,0.7,10.7
2025-04-11 13:12:15,203.4,188.3,196.7,196.3,198.1,201.9,197.9,197.5,197.5,193.1,0,166.3,0.6,10.7
2025-04-11 13:12:20,202.0,187.3,195.7,195.6,197.2,201.2,197.0,197.2,197.1,192.4,0,165.6,0.8,10.7
2025-04-11 13:12:25,201.4,186.6,194.4,194.6,196.2,200.3,196.3,195.2,195.5,191.1,0,164.5,0.9,10.7
2025-04-11 13:12:30,200.1,186.1,194.0,193.8,195.4,199.5,195.1,194.5,194.6,190.7,0,164.0,0.9,10.7
2025-04-11 13:12:35,199.3,185.2,192.9,192.6,194.1,198.1,194.4,193.6,193.8,189.7,0,162.7,0.8,10.7
2025-04-11 13:12:40,198.3,184.5,192.1,191.8,193.3,197.6,193.7,193.2,193.6,188.7,0,162.1,0.8,10.8
2025-04-11 13:12:45,197.0,183.3,190.9,190.9,192.1,197.2,193.0,192.0,192.6,187.6,0,161.0,0.9,10.8
2025-04-11 13:12:50,195.7,182.4,189.9,189.5,191.1,195.7,191.7,191.1,191.3,186.4,0,160.1,0.9,10.8
2025-04-11 13:12:55,194.8,181.5,188.7,188.4,190.0,194.5,189.9,190.4,190.5,185.6,0,159.2,1.0,10.8
2025-04-11 13:13:00,193.6,180.9,187.1,188.0,189.4,194.2,189.4,189.3,188.9,184.3,0,157.7,1.1,10.8
2025-04-11 13:13:05,191.9,179.6,186.5,186.8,188.8,193.2,188.0,187.4,187.7,183.3,0,157.1,0.8,10.8
2025-04-11 13:13:10,191.5,178.9,185.2,186.1,187.9,191.9,187.4,186.8,186.7,182.1,0,156.0,0.8,10.8
2025-04-11 13:13:15,190.5,177.7,184.2,184.6,186.3,190.0,186.1,185.3,185.8,181.1,0,155.0,0.7,10.8
2025-04-11 13:13:20,189.4,177.2,183.3,183.6,185.3,189.2,184.4,184.6,185.0,180.0,0,153.9,0.8,10.8
2025-04-11 13:13:25,187.6,175.7,181.8,182.0,183.4,188.0,184.2,184.0,184.4,179.2,0,152.9,0.6,10.8
2025-04-11 13:13:30,186.5,174.6,180.7,181.3,182.2,186.6,182.1,182.2,182.7,177.9,0,152.3,0.8,10.8
2025-04-11 13:13:35,185.5,173.7,179.6,179.4,181.4,185.1,180.9,181.3,181.8,176.9,0,151.4,0.9,10.8
2025-04-11 13:13:40,184.3,172.6,178.5,178.4,180.0,183.4,179.9,179.8,180.7,175.8,0,150.1,0.8,10.8
2025-04-11 13:13:45,182.9,171.6,177.2,177.6,178.9,182.5,179.0,179.2,179.6,174.8,0,149.5,1.3,10.9
2025-04-11 13:13:50,181.7,170.5,175.9,175.9,178.4,182.0,178.5,178.4,178.3,173.6,0,148.0,2.2,10.8
2025-04-11 13:13:55,180.9,169.5,174.7,174.7,177.0,180.7,177.2,177.1,176.9,172.4,0,147.7,2.3,10.9
2025-04-11 13:14:00,179.7,168.7,173.5,173.9,175.6,179.1,175.4,175.5,175.9,171.4,0,146.3,2.0,10.9
2025-04-11 13:14:05,178.0,167.8,173.1,173.1,174.7,178.2,174.8,174.3,175.0,170.1,0,145.4,2.3,10.9
2025-04-11 13:14:10,176.7,166.5,171.3,172.2,173.3,177.3,173.2,173.7,174.0,168.9,0,144.4,2.0,10.9
2025-04-11 13:14:15,176.6,165.8,170.4,171.2,172.6,176.2,172.6,173.1,172.9,167.7,0,142.8,1.8,10.9
2025-04-11 13:14:20,174.8,165.2,169.1,170.0,170.7,174.7,170.9,171.6,171.2,166.4,0,142.2,1.6,10.9
2025-04-11 13:14:25,173.4,164.4,168.5,168.2,169.8,174.0,169.5,170.7,170.4,165.4,0,141.1,1.7,10.9
2025-04-11 13:14:30,172.3,162.9,167.1,167.1,168.9,172.6,168.4,169.3,169.7,164.6,0,140.3,1.8,10.9
2025-04-11 13:14:35,171.1,162.1,165.5,166.5,166.8,171.6,167.5,167.6,167.9,162.7,0,138.9,1.8,10.9
2025-04-11 13:14:40,170.2,161.0,164.6,164.8,166.3,170.1,166.4,166.8,166.8,162.2,0,138.2,1.9,10.9
2025-04-11 13:14:45,169.0,160.5,163.9,164.1,165.5,169.4,165.6,165.8,166.2,160.9,0,137.2,2.0,10.9
2025-04-11 13:14:50,168.0,158.4,162.2,163.2,163.8,167.8,163.8,164.8,164.9,159.9,0,136.3,1.8,10.9
2025-04-11 13:14:55,166.2,156.6,161.6,162.6,163.4,167.6,163.2,163.7,163.7,158.4,0,135.1,2.2,10.9
2025-04-11 13:15:00,165.1,156.3,159.3,160.5,161.6,165.3,162.0,162.3,162.4,157.4,0,134.3,3.1,10.9
2025-04-11 13:15:05,164.4,155.5,159.0,159.7,161.0,164.7,160.7,161.3,161.6,156.0,0,132.9,3.3,10.9
2025-04-11 13:15:10,162.8,153.8,157.8,158.1,159.8,163.6,160.2,160.5,161.0,155.3,0,132.2,3.0,10.9
2025-04-11 13:15:15,161.6,153.3,156.1,157.2,158.1,161.8,157.9,158.4,158.8,154.2,0,131.6,2.9,10.9
2025-04-11 13:15:20,160.5,152.4,155.3,155.7,157.5,160.7,156.8,157.4,158.0,153.1,0,130.4,2.3,10.9
2025-04-11 13:15:25,159.4,150.7,153.8,154.5,156.5,159.1,156.2,156.7,157.0,151.7,0,129.7,2.4,10.9
2025-04-11 13:15:30,157.9,149.4,153.1,153.6,154.5,158.4,154.6,155.9,155.9,150.7,0,128.5,2.1,10.9
2025-04-11 13:15:35,156.5,149.2,152.0,153.2,153.8,157.2,153.6,154.6,154.5,149.4,0,127.6,3.3,10.9
2025-04-11 13:15:40,155.2,147.4,150.2,150.8,151.8,156.6,152.2,153.4,153.4,148.3,0,126.7,2.8,10.9
2025-04-11 13:15:45,154.6,146.7,149.1,149.7,151.3,155.9,151.1,152.3,151.7,147.2,0,125.6,2.3,10.9
2025-04-11 13:15:50,153.1,145.7,148.0,149.0,150.0,154.0,150.2,151.0,150.6,146.0,0,124.9,1.9,10.9
2025-04-11 13:15:55,151.8,144.5,147.2,147.3,148.9,153.0,149.3,150.0,150.2,145.1,0,123.5,2.5,10.9
2025-04-11 13:16:00,151.4,144.0,146.3,147.1,147.8,152.3,148.2,148.8,149.1,143.7,0,123.5,2.6,10.9
2025-04-11 13:16:05,149.9,142.7,144.7,146.1,146.9,150.5,146.9,147.5,148.0,142.8,0,122.1,2.4,10.9
2025-04-11 13:16:10,149.3,141.8,144.0,144.8,145.5,149.5,145.8,146.5,146.5,142.2,0,121.6,2.9,10.9
2025-04-11 13:16:15,147.6,140.3,142.4,143.5,144.3,148.6,145.4,146.2,146.1,140.9,0,120.6,2.4,10.9
2025-04-11 13:16:20,146.8,139.3,141.6,142.6,143.3,147.5,143.6,144.1,144.3,139.6,0,120.0,2.0,10.9
2025-04-11 13:16:25,145.8,138.2,140.9,141.8,142.1,146.8,142.7,143.6,143.4,139.1,0,119.1,1.6,10.9
2025-04-11 13:16:30,144.8,137.4,139.7,141.0,141.1,144.8,141.2,142.0,142.5,137.9,0,118.3,1.6,10.9
2025-04-11 13:16:35,143.5,136.2,138.3,140.1,139.9,144.6,140.5,142.1,141.8,137.1,0,117.8,1.7,10.9
2025-04-11 13:16:40,142.3,134.7,138.3,139.3,139.7,143.9,140.0,140.8,140.6,136.0,0,116.9,2.4,10.9
2025-04-11 13:16:45,141.6,134.3,136.7,138.0,138.3,142.3,139.0,139.9,139.9,135.1,0,115.7,2.5,10.9
2025-04-11 13:16:50,141.5,133.5,136.2,137.1,137.2,141.6,138.1,139.1,138.9,134.3,0,115.4,2.9,10.9
2025-04-11 13:16:55,140.0,132.5,135.4,135.8,136.8,140.6,136.9,138.0,137.9,133.3,0,114.5,2.1,10.9
2025-04-11 13:17:00,138.6,131.4,134.6,135.3,136.0,139.9,136.3,137.1,137.1,132.5,0,113.6,1.7,10.9
2025-04-11 13:17:05,137.5,130.6,133.2,134.3,135.3,139.1,135.5,135.9,136.2,131.5,0,112.6,1.4,10.9
2025-04-11 13:17:10,137.4,129.7,131.8,133.4,133.8,137.9,134.3,135.1,135.2,130.6,0,111.8,1.4,10.8
2025-04-11 13:17:15,136.3,128.8,131.5,132.4,132.8,137.1,133.2,134.5,134.4,129.8,0,111.4,3.0,10.9
2025-04-11 13:17:20,135.4,128.1,130.0,131.4,131.6,135.6,131.8,133.4,133.9,129.3,0,110.5,2.7,10.9
2025-04-11 13:17:25,134.6,126.7,129.7,130.8,130.9,135.0,131.1,132.2,132.6,128.1,0,110.0,2.0,10.9
2025-04-11 13:17:30,134.0,125.9,128.6,130.0,129.7,134.1,129.8,131.1,131.6,127.7,0,109.3,1.7,10.9
2025-04-11 13:17:35,132.2,125.2,128.0,128.8,128.9,133.5,129.4,131.1,131.0,126.8,0,108.6,2.1,10.9
2025-04-11 13:17:40,132.0,124.5,127.0,127.9,128.1,132.7,128.8,130.1,130.0,126.1,0,108.0,1.8,10.9
2025-04-11 13:17:45,130.9,123.5,126.0,127.6,127.4,132.0,128.5,129.5,128.8,125.2,0,107.3,1.5,10.9
2025-04-11 13:17:50,130.2,122.6,125.5,126.3,126.4,131.2,127.2,128.6,128.5,124.4,0,106.8,1.8,10.9
2025-04-11 13:17:55,129.2,121.6,124.8,125.7,125.6,129.8,125.9,127.6,127.8,123.7,0,106.3,1.9,10.9
2025-04-11 13:18:00,128.3,121.1,124.3,124.7,125.1,129.2,125.5,127.0,126.9,122.9,0,105.6,3.5,10.8
2025-04-11 13:18:05,127.9,120.0,123.5,123.7,124.4,128.3,124.7,126.0,126.4,122.2,0,105.0,3.2,10.9
2025-04-11 13:18:10,127.0,119.7,123.1,123.4,123.7,127.6,124.2,125.6,125.7,121.4,0,104.0,3.1,10.8
2025-04-11 13:18:15,126.3,118.2,122.1,122.6,122.8,126.8,123.3,124.7,124.8,120.7,0,103.7,2.7,10.8
2025-04-11 13:18:20,125.4,117.8,120.8,121.7,121.6,125.8,122.8,123.9,123.9,120.1,0,103.2,2.4,10.8
2025-04-11 13:18:25,124.9,117.2,120.4,121.1,121.2,125.3,122.2,123.0,123.3,119.3,0,102.8,2.0,10.8
2025-04-11 13:18:30,124.0,116.2,119.8,120.4,120.5,124.9,121.4,122.4,122.6,118.7,0,101.9,1.3,10.8
2025-04-11 13:18:35,123.7,115.8,119.1,119.8,119.8,123.8,120.7,121.8,122.1,118.0,0,101.7,1.2,10.8
2025-04-11 13:18:40,122.8,114.9,118.4,119.2,118.8,123.4,119.9,121.1,121.1,117.4,0,101.1,1.8,10.8
2025-04-11 13:18:45,122.4,114.1,117.9,118.7,118.2,122.9,119.3,120.6,120.8,116.9,0,100.4,1.9,10.8
2025-04-11 13:18:50,121.8,113.5,117.4,117.9,117.5,122.1,119.0,120.3,120.5,116.5,0,100.2,2.5,10.8
2025-04-11 13:18:55,121.4,113.0,116.8,117.3,116.8,121.6,117.5,119.4,119.4,115.7,0,99.8,2.5,10.8
2025-04-11 13:19:00,120.8,112.4,116.4,116.8,116.4,120.9,117.2,119.0,118.9,115.4,0,99.4,2.5,10.8
2025-04-11 13:19:05,120.3,112.0,115.9,116.3,115.9,120.5,116.7,118.6,118.5,114.8,0,99.1,2.0,10.8
2025-04-11 13:19:10,119.5,111.2,115.1,115.6,115.4,120.0,116.3,118.2,118.0,114.3,0,98.8,1.7,10.8
2025-04-11 13:19:15,119.2,110.9,114.8,115.4,114.9,119.4,115.7,117.6,117.5,113.7,0,98.3,1.7,10.8
2025-04-11 13:19:20,118.5,110.1,114.3,114.7,114.3,118.6,115.1,117.0,116.7,113.2,0,97.9,1.9,10.8
2025-04-11 13:19:25,117.7,109.7,113.8,114.4,113.9,118.2,114.7,116.6,116.2,112.8,0,97.6,1.8,10.8
2025-04-11 13:19:30,117.4,109.2,113.3,113.9,113.3,117.6,114.1,116.4,116.1,112.5,0,97.2,1.7,10.8
2025-04-11 13:19:35,116.9,108.7,112.8,113.5,113.0,117.0,113.6,115.5,115.3,111.9,0,96.9,1.6,10.8
2025-04-11 13:19:40,116.4,108.2,112.3,112.9,112.6,116.6,113.1,115.1,114.8,111.7,0,96.7,1.3,10.8
2025-04-11 13:19:45,115.8,108.2,111.8,112.4,112.0,116.1,112.7,114.7,114.6,111.1,0,96.3,1.0,10.8
2025-04-11 13:19:50,115.5,107.9,111.4,112.1,111.5,115.8,112.3,114.4,113.8,110.5,0,96.2,0.9,10.8
2025-04-11 13:19:55,114.9,107.5,110.9,111.5,111.3,115.8,112.1,114.3,113.6,110.3,0,95.8,1.1,10.8
2025-04-11 13:20:00,114.6,107.2,110.6,111.2,110.4,115.3,111.8,113.6,113.0,109.9,0,95.6,1.8,10.8
2025-04-11 13:20:05,114.2,106.6,110.3,110.8,110.0,114.8,111.8,113.3,112.6,109.5,0,95.3,1.9,10.8
2025-04-11 13:20:10,113.7,106.2,109.9,110.7,109.8,114.4,111.4,112.9,112.4,109.0,0,95.1,1.7,10.8
2025-04-11 13:20:15,113.3,105.8,109.5,110.3,109.3,114.0,111.0,112.4,112.0,108.7,0,94.8,2.5,10.8
2025-04-11 13:20:20,113.1,105.4,109.3,110.1,109.0,113.7,110.6,112.0,111.7,108.3,0,94.7,2.5,10.8
2025-04-11 13:20:25,112.7,105.1,108.7,109.6,108.8,113.4,110.2,111.5,111.2,108.0,0,94.6,3.5,10.8
2025-04-11 13:20:30,112.5,104.9,108.5,109.2,108.4,113.0,109.9,111.0,110.7,107.6,0,94.4,3.7,10.8
2025-04-11 13:20:35,111.9,104.4,108.1,109.0,108.0,112.4,109.2,110.6,110.2,107.4,0,94.2,3.3,10.8
2025-04-11 13:20:40,111.5,104.1,108.0,108.8,107.7,112.3,108.7,110.2,109.9,107.0,0,94.0,3.7,10.8
2025-04-11 13:20:45,111.3,103.9,107.7,108.6,107.4,111.9,108.2,109.7,109.6,106.8,0,93.8,3.6,10.8
2025-04-11 13:20:50,111.0,103.6,107.4,108.1,107.1,111.5,107.8,109.5,109.3,106.4,0,93.4,2.9,10.8
2025-04-11 13:20:55,110.7,102.9,107.0,107.9,106.8,111.1,107.4,109.2,109.0,106.1,0,93.4,2.3,10.8
2025-04-11 13:21:00,110.4,102.8,106.7,107.6,106.3,110.8,107.0,109.0,108.8,105.9,0,93.3,2.6,10.8
2025-04-11 13:21:05,110.3,102.5,106.3,107.3,106.1,110.5,106.9,108.4,108.2,105.6,0,93.3,3.1,10.8
2025-04-11 13:21:10,110.0,102.5,106.4,107.1,106.0,110.2,106.8,108.2,107.9,105.5,0,93.1,3.5,10.8
2025-04-11 13:21:15,109.8,102.3,106.2,106.7,105.8,110.0,106.7,108.1,107.7,105.2,0,93.1,3.3,10.8
2025-04-11 13:21:20,109.5,101.9,106.0,106.5,105.7,109.7,106.5,107.9,107.7,105.0,0,93.1,3.6,10.8
2025-04-11 13:21:25,109.3,101.3,105.7,106.4,105.6,109.6,106.2,107.7,107.4,104.8,0,92.9,3.4,10.7
2025-04-11 13:21:30,109.0,101.0,105.4,105.9,104.9,109.3,106.0,107.5,107.3,104.6,0,92.8,2.6,10.7
2025-04-11 13:21:35,108.7,101.1,105.0,105.6,104.8,109.2,105.9,107.4,107.2,104.4,0,92.6,3.4,10.7
2025-04-11 13:21:40,108.6,100.7,104.9,105.5,104.4,109.0,105.6,107.1,106.9,104.2,0,92.5,3.1,10.7
2025-04-11 13:21:45,108.5,100.2,104.7,105.6,104.2,109.1,105.3,107.0,106.7,104.1,0,92.3,2.8,10.7
2025-04-11 13:21:50,108.5,99.9,104.6,105.3,104.1,109.3,105.2,106.8,106.4,103.9,0,92.2,3.2,10.7
2025-04-11 13:21:55,108.4,100.1,104.6,105.0,103.9,109.2,104.8,106.9,106.2,103.8,0,92.4,3.8,10.7
2025-04-11 13:22:00,108.3,100.0,104.6,104.8,103.7,108.9,104.7,106.9,106.0,103.7,0,92.4,3.8,10.7
2025-04-11 13:22:05,108.2,99.7,104.5,104.5,103.6,108.5,104.5,106.7,106.1,103.7,0,92.4,3.5,10.7
2025-04-11 13:22:10,108.0,99.5,104.4,104.4,103.5,108.3,104.5,106.6,106.1,103.5,0,92.3,2.9,10.7
2025-04-11 13:22:15,107.9,99.3,104.2,104.3,103.3,108.3,104.5,106.4,106.1,103.5,0,92.3,2.6,10.7
2025-04-11 13:22:20,107.8,99.0,104.1,104.4,103.2,108.0,104.3,106.2,106.0,103.5,0,92.5,2.2,10.7
2025-04-11 13:22:25,107.9,98.9,104.3,104.3,103.2,108.0,104.2,106.2,105.9,103.4,0,92.6,1.9,10.7
2025-04-11 13:22:30,107.9,98.9,104.3,104.3,103.0,108.1,104.1,106.0,105.9,103.4,0,92.7,3.5,10.7
2025-04-11 13:22:35,107.9,99.0,104.2,104.3,102.9,108.0,104.1,106.1,105.8,103.5,0,92.9,3.8,10.7
2025-04-11 13:22:40,107.9,99.1,104.1,104.1,103.0,108.0,104.1,106.1,105.8,103.5,0,92.9,2.8,10.7
2025-04-11 13:22:45,108.0,99.3,104.2,104.4,103.1,108.0,104.3,106.2,105.7,103.6,0,93.2,3.6,10.7
2025-04-11 13:22:50,108.1,99.6,104.4,104.4,103.0,108.2,104.4,106.3,105.9,103.6,0,93.3,3.1,10.7
2025-04-11 13:22:55,108.4,99.9,104.7,104.6,103.0,108.2,104.5,106.4,106.0,103.8,0,93.7,2.2,10.7
2025-04-11 13:23:00,108.5,99.7,104.7,104.8,103.2,108.4,104.6,106.5,106.3,104.0,0,94.2,2.2,10.7
2025-04-11 13:23:05,108.5,100.0,104.9,105.1,103.3,108.8,104.7,106.7,106.5,104.1,0,94.6,2.5,10.6
2025-04-11 13:23:10,108.8,100.0,105.1,105.1,103.3,108.9,104.8,106.9,106.6,104.4,0,95.3,2.2,10.6
2025-04-11 13:23:15,109.2,100.1,105.5,105.4,103.8,109.2,105.1,107.2,106.8,104.6,0,95.5,1.9,10.6
2025-04-11 13:23:20,109.3,100.0,105.6,105.5,104.1,109.5,105.6,107.4,107.0,105.0,0,95.8,1.6,10.6
2025-04-11 13:23:25,109.7,100.1,106.1,105.8,104.5,110.0,105.9,107.8,107.4,105.4,0,96.2,1.8,10.6
2025-04-11 13:23:30,110.0,100.3,106.5,106.2,105.0,110.3,106.3,108.1,107.6,105.8,0,96.9,3.6,10.6
2025-04-11 13:23:35,110.5,100.5,107.0,106.5,105.4,110.6,106.7,108.5,107.9,106.0,0,97.3,3.3,10.6
2025-04-11 13:23:40,110.9,100.7,107.4,106.8,105.8,110.9,107.1,109.0,108.6,106.7,0,97.9,2.7,10.6
2025-04-11 13:23:45,111.3,101.3,107.7,107.1,106.2,111.4,107.3,109.4,109.0,106.9,0,98.4,3.5,10.6
2025-04-11 13:23:50,112.1,101.9,108.1,107.5,106.6,111.7,107.7,109.8,109.3,107.5,0,99.3,4.0,10.6
2025-04-11 13:23:55,112.6,102.4,108.8,108.3,107.3,112.4,108.2,110.2,109.8,108.0,0,99.8,3.2,10.6
2025-04-11 13:24:00,113.4,103.2,109.0,108.5,107.6,112.7,108.6,110.8,110.3,108.7,0,100.6,2.3,10.6
2025-04-11 13:24:05,114.0,103.8,110.0,110.1,108.6,113.2,109.4,111.5,111.0,109.4,0,101.3,2.0,10.6
2025-04-11 13:24:10,114.6,104.1,110.7,110.4,109.0,114.5,110.0,112.0,111.6,110.0,0,102.3,2.8,10.6
2025-04-11 13:24:15,115.3,104.4,111.6,110.9,109.6,115.0,111.0,113.0,112.6,110.9,0,103.1,3.3,10.6
2025-04-11 13:24:20,116.3,105.0,112.5,111.6,110.4,115.6,111.6,113.9,112.9,111.6,0,104.0,3.4,10.6
2025-04-11 13:24:25,116.6,105.9,112.9,112.1,111.2,116.6,112.4,115.1,113.7,112.0,0,104.7,3.5,10.6
2025-04-11 13:24:30,117.7,106.7,114.4,113.4,112.2,117.5,113.5,115.8,114.7,113.4,0,105.5,2.9,10.6
2025-04-11 13:24:35,118.5,108.0,114.9,114.5,113.0,118.2,114.0,116.4,115.6,114.3,0,106.5,2.3,10.6
2025-04-11 13:24:40,119.6,108.3,115.8,115.5,114.0,119.2,114.5,116.8,116.2,115.0,0,108.1,3.4,10.6
2025-04-11 13:24:45,120.5,109.4,117.0,116.6,114.8,120.1,116.3,118.2,117.8,115.8,0,108.9,3.4,10.6
2025-04-11 13:24:50,121.4,110.0,117.7,117.9,115.9,121.3,117.1,119.0,118.7,116.8,0,110.0,2.9,10.6
2025-04-11 13:24:55,122.6,111.2,119.1,118.7,116.8,122.3,117.7,120.0,119.5,117.9,0,111.2,2.6,10.6
2025-04-11 13:25:00,123.6,111.7,120.2,119.7,118.0,123.4,118.7,120.8,120.1,118.9,0,112.3,2.2,10.6
2025-04-11 13:25:05,125.6,112.1,120.4,119.9,118.4,124.3,120.3,121.8,121.5,120.5,0,114.3,1.6,10.5
2025-04-11 13:25:10,126.4,113.5,122.3,121.6,120.2,125.4,121.3,123.2,123.1,121.3,0,115.0,1.9,10.6
2025-04-11 13:25:15,127.3,115.0,123.9,123.0,121.1,126.4,122.9,124.6,124.5,122.4,0,116.0,3.0,10.6
2025-04-11 13:25:20,128.3,115.2,124.5,124.1,122.3,127.5,123.9,125.9,125.5,123.9,0,118.0,3.6,10.6
2025-04-11 13:25:25,129.5,117.0,126.1,125.1,124.0,129.3,124.8,127.5,126.3,125.3,0,118.0,3.2,10.6
2025-04-11 13:25:30,131.1,117.5,127.0,126.4,124.9,130.6,126.5,128.6,127.1,125.7,0,119.7,2.6,10.6
2025-04-11 13:25:35,132.2,119.3,128.6,127.9,126.4,131.9,127.6,129.6,129.2,127.3,0,121.0,2.0,10.6
2025-04-11 13:25:40,133.4,120.1,129.8,128.9,127.2,132.3,128.4,130.6,129.6,128.2,0,122.5,1.7,10.5
2025-04-11 13:25:45,134.9,121.8,131.0,130.4,128.7,133.5,129.9,131.7,130.4,130.0,0,124.3,1.5,10.5
2025-04-11 13:25:50,136.3,122.2,132.7,132.0,129.9,136.1,132.0,133.2,132.2,131.1,0,125.2,2.0,10.5
2025-04-11 13:25:55,137.4,123.5,133.9,133.4,131.5,137.2,133.4,135.1,133.9,132.7,0,126.9,2.3,10.5
2025-04-11 13:26:00,139.4,124.7,134.6,134.3,132.6,138.0,134.6,136.3,135.0,134.3,0,128.2,2.9,10.5
2025-04-11 13:26:05,140.8,126.3,136.0,135.6,133.9,139.4,135.6,137.3,136.5,135.4,0,130.1,2.2,10.6
2025-04-11 13:26:10,141.7,126.5,137.3,137.0,135.7,141.0,137.8,138.3,137.4,137.4,0,131.6,1.8,10.5
2025-04-11 13:26:15,144.0,128.4,139.0,139.0,137.1,142.6,138.9,140.3,139.7,138.7,0,132.7,1.4,10.5
2025-04-11 13:26:20,145.6,129.8,141.0,140.2,138.9,144.5,140.3,142.1,141.3,140.0,0,134.1,1.2,10.6
2025-04-11 13:26:25,146.8,131.0,142.7,142.2,140.3,145.6,142.2,143.0,141.4,141.0,0,136.1,1.3,10.5
2025-04-11 13:26:30,148.3,132.7,144.6,143.6,142.1,148.2,143.9,145.4,144.2,143.4,0,137.1,1.5,10.6
2025-04-11 13:26:35,150.0,134.5,146.1,145.8,143.7,149.8,145.5,146.7,146.0,144.2,0,138.6,1.7,10.6
2025-04-11 13:26:40,151.8,135.6,147.4,147.7,145.4,150.9,147.8,148.4,146.8,146.2,0,140.7,2.1,10.6
2025-04-11 13:26:45,153.5,136.8,149.1,148.9,147.0,152.3,148.5,150.0,148.6,147.5,0,142.2,1.8,10.6
2025-04-11 13:26:50,155.3,138.3,151.2,151.4,147.2,153.4,150.0,150.6,149.7,149.5,0,144.4,2.9,10.6
2025-04-11 13:26:55,156.9,139.5,153.4,152.1,149.7,155.3,151.2,152.9,152.1,151.2,0,146.1,3.1,10.6
2025-04-11 13:27:00,158.5,141.0,154.8,153.8,152.0,158.0,154.4,154.5,153.5,152.9,0,148.3,2.5,10.6
2025-04-11 13:27:05,159.8,141.4,156.0,155.3,153.2,158.3,155.3,156.5,155.6,154.8,0,150.2,2.0,10.6
2025-04-11 13:27:10,162.6,144.7,157.7,157.1,154.6,161.0,156.7,158.5,156.7,156.4,0,151.5,1.7,10.6
2025-04-11 13:27:15,163.3,145.5,159.5,158.9,156.4,162.9,159.2,160.1,158.8,158.6,0,152.2,1.9,10.6
2025-04-11 13:27:20,165.4,147.3,161.6,160.3,159.3,164.7,161.0,161.8,160.6,160.4,0,156.1,2.3,10.6
2025-04-11 13:27:25,167.0,148.1,163.2,162.1,160.4,166.0,162.0,163.8,162.6,162.0,0,157.2,1.8,10.6
2025-04-11 13:27:30,169.7,149.9,165.0,164.5,162.9,168.4,163.6,164.5,163.5,163.3,0,158.8,1.8,10.6
2025-04-11 13:27:35,171.3,151.9,167.5,166.5,165.3,169.7,166.6,167.2,165.7,165.4,0,160.9,2.0,10.6
2025-04-11 13:27:40,173.4,153.2,169.1,168.3,166.7,172.1,169.0,169.3,168.9,167.1,0,162.7,1.7,10.6
2025-04-11 13:27:45,175.9,154.8,171.3,170.9,167.9,173.6,169.9,170.7,170.4,169.4,0,164.7,1.5,10.6
2025-04-11 13:27:50,177.5,156.6,173.6,172.3,170.0,175.6,171.9,173.0,171.6,171.2,0,166.5,1.5,10.6
2025-04-11 13:27:55,178.1,157.3,174.0,173.6,171.6,177.2,173.3,175.1,173.7,173.3,0,169.5,2.1,10.6
2025-04-11 13:28:00,182.3,160.3,178.3,176.4,174.4,179.8,177.0,177.3,176.5,175.3,0,171.7,1.9,10.6
2025-04-11 13:28:05,184.5,162.1,180.3,178.6,177.3,181.9,178.4,179.8,177.5,177.3,0,173.6,1.6,10.6
2025-04-11 13:28:10,186.1,163.8,181.9,179.8,178.7,184.1,181.1,181.9,180.9,178.8,0,175.3,1.9,10.6
2025-04-11 13:28:15,188.5,165.2,183.4,182.1,181.3,186.8,183.2,184.4,182.6,181.8,0,178.5,2.0,10.6
2025-04-11 13:28:20,190.2,167.0,186.1,184.2,183.1,189.1,185.1,186.1,185.1,183.0,0,179.1,1.9,10.6
2025-04-11 13:28:25,193.2,169.2,188.0,187.7,185.8,191.2,189.3,188.3,186.9,186.5,0,182.1,3.1,10.7
2025-04-11 13:28:30,194.8,171.5,190.4,189.2,188.1,193.6,190.0,190.6,189.6,188.6,0,184.4,4.4,10.7
2025-04-11 13:28:35,197.6,173.9,193.6,190.4,188.9,194.7,191.4,191.3,190.6,190.3,0,187.6,4.1,10.6
2025-04-11 13:28:40,200.5,175.7,195.6,194.7,192.5,197.8,194.5,194.6,193.5,192.9,0,189.5,4.3,10.7
2025-04-11 13:28:45,202.3,177.3,197.6,196.9,195.5,201.7,196.5,196.8,195.8,195.0,0,192.3,4.2,10.7
2025-04-11 13:28:50,203.8,179.0,198.8,198.1,196.4,203.0,199.2,200.2,198.2,197.5,0,195.1,2.9,10.7
2025-04-11 13:28:55,207.0,181.2,202.8,200.1,199.0,205.3,201.1,202.1,200.8,199.6,0,197.3,2.9,10.7
2025-04-11 13:29:00,208.2,182.7,204.1,202.4,201.4,207.6,203.4,204.6,203.0,202.6,0,198.1,3.5,10.7
2025-04-11 13:29:05,212.2,186.0,206.6,205.5,204.2,210.0,205.8,207.1,206.1,204.7,0,202.0,3.1,10.7
2025-04-11 13:29:10,213.6,187.3,208.8,208.1,206.6,212.1,208.5,209.5,208.7,207.1,0,204.9,3.2,10.7
2025-04-11 13:29:15,216.7,190.7,211.4,211.3,209.1,215.1,210.8,211.9,209.8,208.7,0,207.0,3.5,10.7
2025-04-11 13:29:20,218.5,192.1,213.8,212.7,211.3,217.5,212.8,213.8,213.5,211.8,0,209.0,3.5,10.7
2025-04-11 13:29:25,220.7,193.7,216.0,214.9,213.6,219.5,215.5,216.5,215.8,212.9,0,211.0,3.7,10.7
2025-04-11 13:29:30,223.6,196.6,219.3,217.2,216.6,222.0,217.6,218.1,217.5,215.8,0,213.8,3.6,10.7
2025-04-11 13:29:35,225.7,198.3,220.7,219.5,217.4,223.5,219.4,220.1,219.1,217.7,0,215.7,3.2,10.7
2025-04-11 13:29:40,228.5,199.2,222.1,220.5,220.0,226.2,221.5,222.7,221.6,220.2,0,217.8,2.8,10.7
2025-04-11 13:29:45,230.9,202.3,225.1,223.9,222.0,229.1,224.2,225.0,224.3,222.5,0,220.3,3.3,10.7
2025-04-11 13:29:50,231.2,203.7,226.6,225.8,224.6,230.8,226.5,227.3,226.4,224.6,0,222.7,2.5,10.7
2025-04-11 13:29:55,234.3,206.7,229.1,228.1,227.0,234.0,228.5,230.0,229.4,226.1,0,224.4,2.0,10.7
2025-04-11 13:30:00,236.8,208.3,231.3,230.0,228.8,235.4,231.3,232.5,231.2,229.1,0,227.1,1.7,10.7
2025-04-11 13:30:05,238.6,210.4,233.6,231.9,230.5,236.8,233.7,234.3,233.5,230.5,0,228.5,2.0,10.6
2025-04-11 13:30:10,241.1,213.2,236.1,234.7,234.1,240.3,234.7,236.0,234.8,233.0,0,231.1,2.2,10.7
2025-04-11 13:30:15,243.4,215.8,238.1,237.4,234.9,241.5,237.0,238.1,237.2,235.5,0,234.2,1.8,10.7
2025-04-11 13:30:20,244.8,216.3,238.9,238.8,237.2,243.4,239.2,240.6,239.3,237.7,0,236.8,2.0,10.7
2025-04-11 13:30:25,248.0,219.3,241.6,241.5,240.1,245.9,242.0,242.9,241.8,239.7,0,238.7,2.7,10.7
2025-04-11 13:30:30,250.1,221.3,244.5,242.7,241.2,248.0,243.8,244.8,243.3,241.7,0,240.7,3.3,10.7
2025-04-11 13:30:35,251.2,222.6,246.7,245.5,243.9,250.8,245.9,247.3,246.1,244.4,0,242.4,2.8,10.7
2025-04-11 13:30:40,253.9,225.0,248.2,247.9,246.1,253.2,248.5,249.0,247.8,246.3,0,245.8,2.7,10.7
2025-04-11 13:30:45,255.6,227.5,250.0,249.7,248.4,255.1,250.5,252.3,250.6,247.5,0,246.5,2.8,10.7
2025-04-11 13:30:50,258.4,230.8,253.5,252.2,250.1,256.7,252.6,253.8,251.9,250.1,0,249.1,2.5,10.7
2025-04-11 13:30:55,260.8,231.9,254.5,254.3,253.3,258.3,255.2,255.6,254.2,252.4,0,252.1,2.5,10.7
2025-04-11 13:31:00,263.0,234.0,256.2,255.1,254.2,259.8,256.1,257.9,256.7,254.6,0,253.9,2.1,10.7
2025-04-11 13:31:05,265.5,236.6,258.6,257.9,257.0,263.1,259.2,260.3,258.9,256.8,0,256.5,1.7,10.7
2025-04-11 13:31:10,267.3,238.9,261.4,261.3,259.5,264.4,261.1,262.2,260.6,258.7,0,258.4,2.3,10.7
2025-04-11 13:31:15,268.7,239.6,263.8,262.3,261.2,268.0,263.7,264.6,263.6,261.4,0,261.5,3.1,10.7
2025-04-11 13:31:20,272.1,242.4,265.5,264.3,263.6,270.1,265.5,266.4,265.7,263.5,0,264.0,3.2,10.7
2025-04-11 13:31:25,272.8,242.5,267.6,266.8,265.4,272.1,267.8,269.2,267.8,264.7,0,264.9,3.3,10.8
2025-04-11 13:31:30,275.8,244.9,270.7,269.1,268.0,274.6,269.3,270.7,269.2,267.5,0,267.9,3.6,10.8
2025-04-11 13:31:35,277.3,246.6,272.5,271.2,270.3,276.7,272.9,274.0,272.5,270.8,0,271.8,2.9,10.8
2025-04-11 13:31:40,280.1,249.6,275.3,274.2,271.9,278.0,274.0,275.8,273.9,272.5,0,273.8,2.0,10.8
2025-04-11 13:31:45,282.5,251.2,277.2,277.0,275.4,282.0,278.1,279.2,277.1,274.8,0,275.5,1.7,10.8
2025-04-11 13:31:50,285.0,254.0,279.7,278.4,278.2,284.1,280.3,281.7,278.8,277.0,0,278.8,1.4,10.8
2025-04-11 13:31:55,288.2,255.5,281.4,280.8,279.4,286.7,282.8,283.4,282.1,280.3,0,282.1,1.5,10.8
2025-04-11 13:32:00,290.6,258.8,285.6,284.3,281.5,289.3,285.0,285.9,284.5,282.8,0,284.3,1.5,10.8
2025-04-11 13:32:05,292.0,259.7,286.3,286.2,284.8,291.6,287.3,288.8,287.2,285.9,0,288.0,1.6,10.8
2025-04-11 13:32:10,295.9,262.9,290.3,288.6,287.4,294.3,290.4,291.7,290.3,288.7,0,290.6,1.5,10.8
2025-04-11 13:32:15,298.7,265.5,292.7,291.7,290.3,297.5,293.2,294.5,293.3,291.3,0,293.9,1.3,10.9
2025-04-11 13:32:20,300.5,267.5,295.6,294.4,293.2,300.9,296.6,298.0,296.2,293.4,0,295.5,1.1,10.8
2025-04-11 13:32:25,303.4,269.9,298.8,296.9,296.4,303.8,299.3,300.0,298.8,297.3,0,300.1,1.0,10.9
2025-04-11 13:32:30,306.3,272.7,301.8,299.6,299.1,306.2,301.9,303.4,302.3,298.9,0,302.3,1.4,10.9
2025-04-11 13:32:35,310.2,275.6,305.0,303.4,302.6,310.3,306.1,307.4,303.9,302.2,0,305.2,2.1,10.9
2025-04-11 13:32:40,313.0,278.3,308.1,306.1,305.4,312.9,308.8,308.0,306.6,305.1,0,308.7,2.0,10.9
2025-04-11 13:32:45,316.6,279.8,309.0,308.0,307.1,314.3,310.0,311.7,309.9,309.3,0,312.8,1.5,10.9
2025-04-11 13:32:50,319.7,284.5,314.4,311.1,310.7,318.5,314.5,315.0,313.8,312.3,0,315.7,1.4,10.9
2025-04-11 13:32:55,322.8,286.7,317.3,315.5,315.4,322.5,316.6,317.5,316.8,315.3,0,319.1,1.2,10.9
2025-04-11 13:33:00,324.2,288.4,319.5,318.0,317.5,324.6,320.1,321.6,320.7,318.9,0,321.0,1.1,11.0
2025-04-11 13:33:05,329.4,292.4,322.4,320.9,320.3,327.7,323.1,324.8,322.8,321.7,0,324.9,1.0,11.0
2025-04-11 13:33:10,330.2,293.7,325.4,323.7,322.9,330.9,326.4,327.1,326.1,325.5,0,327.0,1.2,11.0
2025-04-11 13:33:15,334.3,296.6,329.0,327.5,326.3,334.5,330.1,330.5,329.4,328.3,0,331.5,1.4,11.0
2025-04-11 13:33:20,337.5,298.7,332.3,330.2,329.6,337.8,333.0,333.8,332.8,331.4,0,334.5,3.4,11.0
2025-04-11 13:33:25,340.9,301.9,335.3,334.6,333.6,340.8,337.2,335.7,334.4,333.8,0,337.6,3.0,11.0
2025-04-11 13:33:30,344.3,304.5,339.1,337.1,336.4,343.9,339.6,340.7,339.6,339.1,0,340.5,2.8,11.0
2025-04-11 13:33:35,348.0,307.3,342.4,340.9,340.6,347.7,343.3,344.4,343.0,340.7,0,344.4,2.8,11.1
2025-04-11 13:33:40,351.7,311.3,346.9,344.9,344.9,352.4,346.4,346.6,345.4,344.8,0,347.7,2.7,11.1
2025-04-11 13:33:45,355.4,314.0,350.6,348.5,348.6,354.1,349.8,350.2,349.4,348.8,0,351.8,2.6,11.1
2025-04-11 13:33:50,357.3,315.7,352.6,349.8,350.9,358.0,353.7,353.8,352.9,353.7,0,356.1,2.9,11.1
2025-04-11 13:33:55,364.3,318.1,357.0,354.9,355.5,362.6,359.0,359.1,357.9,358.4,0.1,359.7,2.3,11.1
2025-04-11 13:34:00,369.0,322.3,361.2,358.9,360.2,366.4,364.1,364.1,362.7,364.1,2.0,364.5,2.5,11.1
2025-04-11 13:34:05,372.8,324.7,368.2,365.2,367.6,373.3,372.6,370.0,368.6,371.2,6.3,371.0,3.1,11.1
2025-04-11 13:34:10,379.9,327.9,376.9,372.2,375.5,379.3,378.1,374.8,372.3,373.1,4.6,378.6,2.9,11.1
2025-04-11 13:34:15,388.3,330.5,382.4,375.5,376.8,382.1,378.6,377.7,375.7,374.4,3.8,380.6,2.9,11.1
2025-04-11 13:34:20,391.5,333.0,385.8,379.1,383.1,386.2,386.5,382.2,380.4,379.3,4.1,382.0,2.7,11.2
2025-04-11 13:34:25,404.5,335.9,394.2,383.7,386.0,390.1,387.1,385.0,383.3,382.0,4.7,387.7,2.4,11.2
2025-04-11 13:34:30,396.1,339.2,389.1,385.0,385.7,392.7,387.2,386.2,384.1,384.3,2.9,388.1,2.2,11.2
2025-04-11 13:34:35,396.2,341.8,389.6,386.8,388.0,395.2,390.6,390.8,387.5,386.8,2.1,388.7,2.3,11.2
2025-04-11 13:34:40,398.9,343.8,392.6,389.8,390.3,397.2,393.2,393.3,391.0,388.9,1.5,391.4,2.1,11.2
2025-04-11 13:34:45,403.9,345.7,395.4,392.0,393.5,399.6,395.3,395.0,393.5,392.5,1.6,393.6,1.8,11.2
2025-04-11 13:34:50,406.0,350.8,399.0,394.7,395.1,402.0,397.8,397.7,395.6,394.3,1.5,395.6,1.6,11.2
2025-04-11 13:34:55,406.2,351.5,399.2,395.6,396.5,403.1,398.7,399.0,397.0,395.8,1.0,396.5,1.5,11.2
2025-04-11 13:35:00,407.0,354.5,399.9,397.6,397.8,405.1,400.0,400.4,399.3,396.9,0.2,396.6,2.9,11.2
2025-04-11 13:35:05,407.9,356.7,400.7,398.2,398.8,405.8,401.5,401.8,400.6,398.3,0,397.1,2.5,11.2
2025-04-11 13:35:10,408.8,358.0,402.1,400.5,400.4,408.0,402.7,403.7,402.6,400.3,0,397.7,2.6,11.2
2025-04-11 13:35:15,410.4,359.8,403.6,401.6,402.3,410.0,404.2,405.6,404.5,402.1,0,399.1,2.6,11.2
2025-04-11 13:35:20,411.9,361.2,405.2,403.4,404.0,411.5,406.2,407.3,405.9,403.0,0,399.7,2.5,11.2
2025-04-11 13:35:25,414.5,363.4,408.1,405.9,405.8,414.2,408.1,409.7,408.7,405.8,0.4,401.2,2.2,11.2
2025-04-11 13:35:30,418.2,366.6,409.6,408.1,408.2,415.6,410.7,410.8,411.1,408.7,1.0,403.7,1.8,11.2
2025-04-11 13:35:35,419.4,367.9,412.1,410.1,411.5,419.0,410.7,412.5,411.9,410.2,1.6,405.6,1.7,11.2
2025-04-11 13:35:40,422.9,369.8,415.9,413.9,414.9,422.6,417.2,418.9,418.4,414.9,5.0,409.3,1.8,11.2
2025-04-11 13:35:45,424.4,370.8,417.5,417.5,416.6,427.3,418.6,420.4,418.7,417.2,7.0,412.7,2.3,11.2
2025-04-11 13:35:50,424.8,372.3,417.2,417.1,415.6,425.5,416.8,419.6,417.1,413.8,1.6,412.3,3.3,11.3
2025-04-11 13:35:55,424.9,372.9,417.1,415.0,415.8,423.4,416.7,418.1,416.3,413.7,0.6,409.9,3.2,11.3
2025-04-11 13:36:00,425.5,373.8,417.7,415.3,415.9,423.5,417.1,418.2,416.5,414.4,0.2,408.9,2.8,11.3
2025-04-11 13:36:05,426.2,375.3,418.4,415.7,417.1,424.2,418.0,419.0,417.4,415.2,0.2,409.0,3.1,11.3
2025-04-11 13:36:10,426.8,376.6,419.0,416.2,417.7,425.1,419.0,419.7,418.0,415.9,0.2,409.1,3.0,11.3
2025-04-11 13:36:15,427.1,377.2,419.4,416.5,418.0,425.8,419.4,420.5,418.9,416.6,0.1,409.5,2.4,11.3
2025-04-11 13:36:20,427.7,378.8,419.6,417.1,418.4,426.1,419.6,421.2,419.8,417.2,0,409.6,2.1,11.3
2025-04-11 13:36:25,427.9,379.1,419.9,417.5,418.7,426.3,420.0,421.6,420.3,417.9,0,410.1,1.9,11.3
2025-04-11 13:36:30,428.6,379.6,420.7,418.5,419.3,427.1,421.0,422.6,421.8,418.8,0.0,410.3,1.5,11.3
2025-04-11 13:36:35,430.3,379.6,421.4,419.2,420.1,428.3,422.1,423.3,422.5,419.9,0.1,411.8,1.0,11.3
2025-04-11 13:36:40,432.0,380.3,424.8,421.0,422.8,430.1,424.4,425.2,423.0,421.1,0.5,413.8,0.9,11.3
2025-04-11 13:36:45,434.6,380.7,425.5,422.9,423.5,431.6,425.5,426.5,425.1,423.9,1.4,415.4,0.7,11.3
2025-04-11 13:36:50,435.2,380.9,427.1,424.3,426.1,433.3,428.4,429.2,428.8,425.4,2.4,416.6,0.8,11.3
2025-04-11 13:36:55,438.2,381.4,431.5,426.5,429.7,436.8,432.8,433.4,434.1,433.6,9.1,421.4,1.9,11.4
2025-04-11 13:37:00,439.0,381.8,430.9,429.8,430.5,439.6,432.5,434.5,433.4,429.5,3.8,423.3,2.0,11.4
2025-04-11 13:37:05,438.9,382.3,430.5,429.1,430.2,438.1,431.3,432.2,431.2,430.4,3.4,421.9,2.0,11.4
2025-04-11 13:37:10,447.4,382.6,440.9,431.5,437.8,441.8,439.0,437.6,436.0,438.0,10.6,429.9,2.0,11.4
2025-04-11 13:37:15,457.5,383.0,445.4,439.0,445.8,449.8,447.1,445.7,443.9,441.7,12.3,439.7,2.0,11.4
2025-04-11 13:37:20,456.5,383.6,446.9,441.3,443.6,448.2,443.0,441.3,439.9,438.1,8.3,437.2,2.1,11.4
2025-04-11 13:37:25,461.3,384.1,453.6,442.7,451.8,452.6,451.5,445.8,442.6,443.2,12.4,437.5,1.9,11.4
2025-04-11 13:37:30,468.0,385.8,459.0,449.9,453.8,456.3,451.1,446.7,443.1,443.7,12.7,447.7,1.7,11.5
2025-04-11 13:37:35,469.8,386.4,460.5,448.0,457.4,455.7,455.1,446.4,444.6,446.9,13.1,445.1,1.5,11.5
2025-04-11 13:37:40,472.9,386.8,465.6,455.8,466.7,467.6,468.3,463.7,455.1,463.6,27.1,451.9,1.3,11.5
2025-04-11 13:37:45,482.6,387.8,475.5,465.6,471.5,475.8,472.2,469.8,469.2,477.3,37.9,470.6,1.1,11.5
2025-04-11 13:37:50,486.6,388.6,478.7,477.0,478.4,487.9,477.5,478.9,478.2,480.4,39.4,478.3,0.9,11.5
2025-04-11 13:37:55,477.5,389.2,462.8,470.5,473.3,487.1,468.1,479.0,477.9,468.5,23.9,474.7,0.7,11.5
2025-04-11 13:38:00,464.0,389.4,455.5,458.2,457.0,469.6,457.3,463.1,464.6,457.8,15.8,453.9,0.6,11.5
2025-04-11 13:38:05,467.6,390.5,465.4,459.0,469.0,469.5,467.5,462.2,461.7,461.0,19.2,463.5,0.4,11.6
2025-04-11 13:38:10,482.4,390.8,471.5,465.3,469.2,473.9,466.8,466.9,466.2,466.4,23.2,466.8,0.4,11.6
2025-04-11 13:38:15,480.5,391.7,474.0,470.0,476.3,483.3,477.3,479.4,480.3,483.6,36.3,466.7,0.3,11.6
2025-04-11 13:38:20,488.9,392.7,482.0,480.0,483.2,490.5,482.7,484.4,484.3,484.9,37.9,480.9,0.3,11.6
2025-04-11 13:38:25,482.8,393.6,471.7,480.4,472.3,490.8,478.9,486.2,485.7,483.7,32.7,481.9,0.8,11.6
2025-04-11 13:38:30,475.6,394.0,469.1,472.0,471.3,483.7,470.5,480.9,485.1,481.8,31.5,471.2,1.8,11.7
2025-04-11 13:38:35,483.7,394.4,479.1,479.8,486.5,496.6,492.4,490.0,492.6,495.5,46.0,477.8,1.9,11.7
2025-04-11 13:38:40,497.4,394.6,490.6,490.2,494.2,501.6,493.4,492.9,490.1,480.3,30.6,496.3,1.8,11.7
2025-04-11 13:38:45,508.2,394.4,497.7,486.4,488.9,486.8,481.0,473.5,473.5,472.1,22.5,483.6,2.1,11.7
2025-04-11 13:38:50,510.5,394.3,501.2,478.4,499.0,486.7,493.4,477.2,476.0,484.9,34.3,495.0,2.5,11.8
2025-04-11 13:38:55,515.1,394.3,505.5,483.6,503.6,495.1,504.3,487.0,484.4,500.6,50.5,491.0,2.3,11.8
2025-04-11 13:39:00,521.9,394.7,515.9,500.4,517.2,511.8,517.9,505.3,504.6,519.0,64.2,519.1,1.8,11.8
2025-04-11 13:39:05,528.6,395.3,522.6,517.5,524.6,520.9,520.8,514.2,511.8,520.5,64.5,527.2,1.5,11.8
2025-04-11 13:39:10,535.0,395.5,528.5,521.3,527.5,528.5,527.8,520.0,521.4,528.5,70.7,532.6,1.7,11.8
2025-04-11 13:39:15,537.6,395.7,529.9,526.5,530.1,536.7,529.6,527.4,525.9,530.5,71.6,538.9,1.9,11.8
2025-04-11 13:39:20,537.8,395.9,529.6,526.9,529.7,536.3,527.8,526.5,524.9,525.3,65.1,539.1,2.0,11.8
2025-04-11 13:39:25,535.2,396.1,526.8,522.9,526.1,532.6,524.8,522.9,522.5,525.5,63.8,534.5,2.2,11.9
2025-04-11 13:39:30,535.4,396.3,526.7,521.7,526.9,532.5,528.3,526.1,527.2,535.6,72.7,534.8,2.3,11.9
2025-04-11 13:39:35,538.7,396.5,532.5,528.9,534.9,542.4,536.2,535.4,536.8,544.1,79.2,545.5,2.9,11.9
2025-04-11 13:39:40,548.7,397.1,545.2,536.0,544.7,550.1,546.8,546.0,547.4,555.1,89.4,557.0,2.4,11.9
2025-04-11 13:39:45,554.9,397.6,551.9,549.3,556.9,563.1,558.2,556.0,551.2,560.5,94.7,565.2,2.2,11.9
2025-04-11 13:39:50,565.7,398.1,561.6,556.7,564.2,569.7,563.3,561.7,560.7,562.9,95.1,579.1,2.1,11.9
2025-04-11 13:39:55,570.2,398.6,562.0,558.4,562.6,568.9,561.1,557.9,556.8,561.1,93.6,579.2,2.3,11.9
2025-04-11 13:40:00,568.1,399.8,557.9,551.4,556.4,561.1,554.4,552.2,550.7,553.1,84.3,572.4,1.9,11.9
2025-04-11 13:40:05,563.3,400.1,554.1,549.0,554.2,560.3,554.2,550.4,550.3,554.2,84.3,567.7,1.8,11.9
2025-04-11 13:40:10,560.6,400.3,553.3,549.3,554.7,560.8,554.7,552.4,553.2,561.4,90.6,570.6,2.1,11.9
2025-04-11 13:40:15,566.7,400.6,558.6,555.1,561.8,568.3,562.9,559.5,559.1,564.9,93.1,578.1,1.8,12.0
2025-04-11 13:40:20,573.6,401.3,564.2,556.9,562.3,568.8,559.2,558.6,558.3,559.6,86.0,578.3,1.6,12.0
2025-04-11 13:40:25,576.7,401.2,566.0,554.2,561.8,563.1,557.2,551.6,551.8,555.4,82.2,575.0,1.9,12.0
2025-04-11 13:40:30,571.7,401.5,562.4,553.8,560.6,564.2,558.3,556.3,557.1,562.0,87.8,575.4,2.7,12.0
2025-04-11 13:40:35,568.4,401.6,560.9,559.0,564.4,573.7,566.8,565.6,565.0,568.5,93.5,578.4,2.8,12.0
2025-04-11 13:40:40,576.1,401.7,567.3,565.4,561.6,574.2,549.0,558.0,552.2,558.2,81.8,589.6,2.1,12.0
2025-04-11 13:40:45,560.8,402.0,548.8,538.3,551.4,554.8,552.9,550.9,548.1,552.2,75.4,558.1,2.1,12.0
2025-04-11 13:40:50,546.0,401.9,544.8,552.1,551.3,565.4,555.9,560.8,566.2,591.0,109.4,573.0,2.8,12.0
2025-04-11 13:40:55,569.9,402.4,581.2,585.6,596.9,607.0,604.3,591.1,587.0,604.4,128.6,604.3,2.5,12.0
2025-04-11 13:41:00,576.6,403.0,577.8,601.1,598.7,625.1,607.9,614.4,614.9,634.4,151.2,626.5,1.8,12.0
2025-04-11 13:41:05,582.0,403.1,582.3,599.6,580.5,614.4,578.7,602.6,607.6,614.0,122.0,629.0,1.7,12.0
2025-04-11 13:41:10,607.5,403.2,594.5,580.3,598.5,603.8,604.7,599.8,601.1,606.6,126.2,619.8,1.4,12.0
2025-04-11 13:41:15,616.0,403.3,605.9,598.1,606.4,606.9,602.8,590.2,587.7,594.4,112.7,630.7,1.3,12.0
2025-04-11 13:41:20,619.9,403.6,609.4,590.7,605.2,597.0,599.1,581.8,582.9,599.4,114.8,625.6,1.2,12.0
2025-04-11 13:41:25,620.1,404.2,605.4,593.4,601.2,602.5,597.9,591.0,594.0,604.6,109.9,625.8,1.2,12.1
2025-04-11 13:41:30,613.5,404.8,603.0,597.5,602.1,605.6,598.1,599.0,601.6,607.5,119.3,626.7,1.1,12.1
2025-04-11 13:41:35,596.7,405.2,585.9,591.9,580.0,595.9,575.5,585.3,594.3,591.9,99.9,625.5,0.9,12.1
2025-04-11 13:41:40,579.2,405.6,572.7,576.0,587.5,599.2,592.4,590.9,601.1,593.4,102.7,597.5,0.8,12.1
2025-04-11 13:41:45,599.6,406.6,587.2,586.4,590.3,598.8,586.5,587.5,591.0,586.4,93.6,616.6,0.9,12.1
2025-04-11 13:41:50,604.4,407.2,603.4,591.3,595.5,593.9,597.4,586.4,592.4,605.6,114.0,620.1,0.9,12.1
2025-04-11 13:41:55,615.0,407.7,608.4,606.4,615.6,617.5,617.3,611.4,612.7,622.0,128.5,646.3,0.9,12.1
2025-04-11 13:42:00,617.4,408.6,603.0,609.6,624.6,632.0,637.6,636.8,640.6,661.3,165.9,654.6,0.8,12.1
2025-04-11 13:42:05,623.0,409.1,619.1,639.8,632.8,658.5,641.2,650.9,642.5,630.2,135.7,672.2,0.7,12.2
2025-04-11 13:42:10,597.1,409.4,592.5,619.3,581.9,609.4,561.1,571.7,618.2,563.2,63.8,663.0,0.7,12.2
2025-04-11 13:42:15,577.5,409.6,568.2,564.1,572.9,581.5,572.2,574.0,583.9,581.5,77.3,586.9,0.6,12.2
2025-04-11 13:42:20,570.5,411.1,556.2,566.2,564.6,579.3,575.1,580.8,601.8,593.3,87.7,593.5,0.5,12.2
2025-04-11 13:42:25,603.0,411.4,601.0,575.9,603.0,608.3,620.0,622.9,636.3,643.9,140.6,632.7,0.4,12.2
2025-04-11 13:42:30,579.8,411.9,578.6,616.7,606.7,632.7,633.6,625.0,634.4,681.7,182.2,640.6,0.4,12.3
2025-04-11 13:42:35,611.0,412.4,640.5,658.2,671.9,684.8,680.9,676.8,672.2,700.4,190.7,720.2,0.4,12.3
2025-04-11 13:42:40,652.5,413.8,658.3,676.9,668.8,687.2,669.5,684.0,693.5,699.9,187.5,715.8,0.5,12.3
2025-04-11 13:42:45,636.1,413.8,648.6,667.7,676.9,689.0,679.9,687.5,693.5,687.7,174.7,705.0,0.7,12.3
2025-04-11 13:42:50,692.2,414.3,701.6,686.9,706.7,696.9,716.6,680.5,682.2,690.5,190.6,729.3,0.9,12.3
2025-04-11 13:42:55,712.3,415.0,693.0,687.9,687.7,700.6,687.9,702.7,693.7,697.8,194.1,741.8,0.8,12.4
2025-04-11 13:43:00,701.1,416.2,678.7,686.8,672.6,701.8,663.6,683.6,680.6,686.9,172.0,734.4,0.8,12.4
2025-04-11 13:43:05,657.3,416.0,646.6,661.1,650.7,678.0,661.5,669.3,677.8,681.4,165.8,705.6,1.1,12.4
2025-04-11 13:43:10,635.7,415.8,639.2,640.7,648.0,654.7,646.3,653.1,658.2,653.7,141.3,679.3,1.6,12.4
2025-04-11 13:43:15,636.0,415.5,645.6,641.4,649.8,656.8,641.1,647.1,652.9,642.4,132.6,680.4,1.4,12.4
2025-04-11 13:43:20,673.7,415.1,674.6,646.6,672.2,656.0,674.6,652.3,648.9,666.7,162.8,708.4,1.8,12.5
2025-04-11 13:43:25,653.9,415.3,645.6,667.6,649.9,680.7,668.7,670.0,667.1,681.2,165.8,712.9,1.7,12.5
2025-04-11 13:43:30,643.8,415.1,665.0,655.6,680.1,668.0,685.8,661.1,663.4,698.9,195.6,717.2,1.6,12.5
2025-04-11 13:43:35,684.7,415.4,700.6,683.0,688.6,693.5,694.6,677.9,678.2,695.0,189.2,722.2,1.5,12.5
2025-04-11 13:43:40,691.5,416.5,684.1,690.4,701.7,695.0,718.4,689.3,686.9,694.6,187.8,747.6,1.4,12.5
2025-04-11 13:43:45,696.0,416.9,696.6,704.5,699.2,712.2,684.5,689.9,685.9,670.1,182.7,754.5,1.2,12.5
2025-04-11 13:43:50,692.6,417.0,675.4,672.6,672.1,680.5,674.9,672.0,673.6,678.0,170.7,710.6,2.1,12.5
2025-04-11 13:43:55,705.7,416.4,689.2,681.8,678.0,682.5,683.6,671.6,679.3,672.5,162.8,729.0,2.6,12.6
2025-04-11 13:44:00,653.4,415.9,658.5,650.9,666.2,664.7,658.7,660.8,664.0,668.6,158.3,696.1,3.0,12.6
2025-04-11 13:44:05,644.6,416.4,640.5,640.7,651.4,655.7,645.2,647.7,651.8,640.1,135.1,679.2,3.0,12.6
2025-04-11 13:44:10,643.2,416.6,641.6,640.1,648.4,649.1,640.7,635.0,623.6,603.4,96.0,682.5,3.0,12.6
2025-04-11 13:44:15,612.4,416.0,600.4,610.7,598.7,602.9,592.7,584.3,585.4,573.5,71.4,620.8,2.9,12.6
2025-04-11 13:44:20,599.0,415.7,582.5,582.2,578.0,585.5,565.7,568.5,568.6,582.3,61.6,620.1,2.6,12.6
2025-04-11 13:44:25,598.9,414.9,583.1,574.1,573.5,582.5,569.0,575.0,585.9,586.1,76.7,596.4,2.3,12.6
2025-04-11 13:44:30,593.8,414.7,584.5,569.0,592.7,585.4,609.2,586.6,593.7,589.6,86.5,598.0,2.5,12.6
2025-04-11 13:44:35,596.7,414.9,601.8,635.1,627.0,617.2,640.5,614.4,618.3,655.9,146.0,672.9,3.3,12.6
2025-04-11 13:44:40,632.8,415.0,637.0,639.3,648.4,658.9,649.6,660.9,665.6,674.3,166.6,679.1,2.8,12.6
2025-04-11 13:44:45,646.2,415.3,645.7,642.7,660.6,667.5,667.3,663.7,660.8,672.1,166.5,683.7,2.3,12.6
2025-04-11 13:44:50,639.0,415.8,640.5,658.5,660.1,671.7,656.5,670.5,673.7,667.6,160.3,705.0,2.1,12.6
2025-04-11 13:44:55,659.9,415.7,637.2,644.6,622.3,662.5,639.0,638.9,641.9,607.6,94.7,693.7,1.9,12.6
2025-04-11 13:45:00,653.1,415.6,613.7,603.4,595.2,589.2,578.4,575.0,578.4,556.3,54.3,615.8,1.7,12.6
2025-04-11 13:45:05,642.0,415.0,597.9,571.0,554.9,560.8,538.4,544.7,552.1,540.8,34.3,574.1,1.4,12.6
2025-04-11 13:45:10,558.3,414.1,535.8,536.0,535.1,546.7,533.9,539.9,543.9,544.5,34.3,559.9,1.2,12.6
2025-04-11 13:45:15,551.0,412.6,541.5,541.0,544.5,548.3,538.0,545.7,557.3,579.1,68.7,562.4,1.0,12.6
2025-04-11 13:45:20,545.7,412.3,538.9,548.9,542.9,567.6,550.6,574.8,592.7,609.7,95.2,571.3,1.4,12.6
2025-04-11 13:45:25,565.4,412.2,571.8,570.6,573.3,604.7,589.5,617.0,626.4,619.8,107.8,614.7,2.4,12.6
2025-04-11 13:45:30,600.3,412.3,611.3,588.5,616.1,596.4,615.2,584.6,588.6,583.6,80.5,623.6,3.2,12.6
2025-04-11 13:45:35,638.4,412.8,624.5,625.3,623.8,613.0,611.8,591.8,597.6,613.1,110.4,673.8,3.6,12.6
2025-04-11 13:45:40,613.3,413.4,619.4,621.7,652.8,641.2,674.3,652.9,643.0,662.4,171.6,666.3,2.9,12.6
2025-04-11 13:45:45,690.2,415.2,705.9,688.7,688.6,681.6,709.3,651.3,630.4,660.1,169.5,740.1,2.7,12.6
2025-04-11 13:45:50,632.5,415.3,653.1,665.1,664.8,680.3,670.9,664.6,660.4,668.7,158.9,713.4,3.7,12.7
2025-04-11 13:45:55,711.7,415.4,703.2,664.4,705.7,670.4,706.0,660.4,661.4,644.5,148.2,757.6,3.8,12.6
2025-04-11 13:46:00,690.0,415.0,665.9,644.0,658.2,668.1,651.1,644.4,639.0,645.2,142.4,693.5,3.0,12.6
2025-04-11 13:46:05,652.1,414.6,640.4,657.6,658.0,668.1,654.4,646.3,629.6,640.7,138.4,706.9,2.7,12.6
2025-04-11 13:46:10,641.9,414.9,631.8,649.3,630.8,651.5,632.0,641.1,640.3,644.7,130.9,701.1,2.4,12.6
2025-04-11 13:46:15,638.0,415.1,640.8,638.5,647.4,643.2,630.6,623.3,617.7,617.4,111.1,687.9,2.3,12.6
2025-04-11 13:46:20,662.2,415.2,673.3,630.7,672.0,642.3,654.7,632.6,625.0,633.8,127.7,677.9,2.9,12.6
2025-04-11 13:46:25,671.5,415.8,660.8,636.8,657.5,640.2,656.7,628.0,622.9,627.9,117.7,690.2,3.0,12.6
2025-04-11 13:46:30,703.2,416.3,691.7,664.2,680.6,654.7,653.3,631.9,625.1,634.2,120.3,724.1,2.9,12.6
2025-04-11 13:46:35,685.0,416.4,663.7,642.1,666.0,645.8,647.2,630.8,633.8,684.6,167.9,698.8,2.5,12.6
2025-04-11 13:46:40,693.3,417.0,671.0,660.6,689.2,690.2,687.4,696.2,712.9,754.0,231.2,738.5,2.5,12.6
2025-04-11 13:46:45,670.2,417.5,653.6,702.2,661.6,736.1,681.9,736.5,724.0,725.0,208.3,757.8,2.0,12.6
2025-04-11 13:46:50,667.9,417.7,658.1,680.8,683.2,710.6,688.6,698.2,701.0,694.9,178.7,733.9,2.0,12.6
2025-04-11 13:46:55,726.4,418.3,731.5,679.6,733.8,695.9,721.6,672.2,658.3,675.1,173.9,772.8,1.6,12.6
2025-04-11 13:47:00,770.8,418.9,741.9,717.1,722.4,710.8,704.9,685.5,680.5,687.3,176.5,785.2,1.5,12.6
2025-04-11 13:47:05,745.7,419.3,745.5,718.5,767.5,737.1,769.5,740.3,736.3,752.7,246.7,777.3,1.4,12.6
2025-04-11 13:47:10,768.7,419.6,769.9,764.4,765.3,768.3,775.6,760.8,768.8,797.6,260.0,838.0,2.4,12.6
2025-04-11 13:47:15,795.0,419.8,818.0,806.4,790.1,782.4,800.8,782.3,780.9,856.4,346.5,868.5,2.5,12.6
2025-04-11 13:47:20,836.4,419.9,834.1,826.9,834.1,841.2,832.1,825.6,814.9,817.8,315.4,904.6,2.1,12.6
2025-04-11 13:47:25,831.8,420.2,809.7,813.5,796.1,808.6,763.4,798.5,779.0,761.4,251.1,894.5,2.0,12.6
2025-04-11 13:47:30,803.4,420.1,771.0,758.4,734.1,738.9,734.0,719.6,714.0,721.0,222.6,841.5,2.1,12.6
2025-04-11 13:47:35,678.3,419.4,694.5,724.4,722.6,740.5,734.4,731.5,730.9,708.4,212.1,787.2,2.1,12.6
2025-04-11 13:47:40,674.0,419.1,692.7,724.1,733.2,731.8,752.9,730.8,725.4,719.6,229.3,806.3,2.5,12.6
2025-04-11 13:47:45,643.5,419.3,646.3,715.1,702.4,734.3,730.8,720.8,722.6,754.2,259.3,767.3,2.8,12.6
2025-04-11 13:47:50,670.2,418.8,692.3,732.3,735.9,756.6,743.2,753.5,738.7,735.9,237.5,784.5,2.6,12.6
2025-04-11 13:47:55,721.1,418.9,733.8,710.8,751.5,738.9,771.3,733.5,722.5,762.8,278.9,764.8,2.1,12.6
2025-04-11 13:48:00,765.9,418.8,773.4,783.2,787.4,801.0,786.2,793.8,789.6,793.7,310.7,848.2,1.8,12.6
2025-04-11 13:48:05,786.3,418.5,773.9,780.7,780.7,789.9,782.9,777.3,785.2,786.5,295.6,850.2,1.6,12.6
2025-04-11 13:48:10,777.8,418.3,768.3,772.5,776.0,779.2,776.8,781.5,778.7,758.3,286.6,841.9,1.5,12.6
2025-04-11 13:48:15,792.0,417.7,791.5,780.7,804.5,803.0,810.1,801.3,763.1,812.6,336.8,848.1,1.6,12.6
2025-04-11 13:48:20,815.2,417.0,808.2,802.1,811.5,818.2,792.4,802.4,796.6,790.3,309.3,868.3,1.8,12.7
2025-04-11 13:48:25,742.0,416.1,739.4,762.3,721.9,781.5,723.2,784.3,781.5,781.1,287.2,790.5,2.3,12.7
2025-04-11 13:48:30,712.9,415.1,721.6,739.5,737.0,742.2,743.8,727.2,743.5,736.2,259.7,794.9,2.9,12.7
2025-04-11 13:48:35,748.4,414.6,750.8,751.3,783.4,774.0,795.1,761.6,732.2,736.1,274.8,842.8,2.9,12.7
2025-04-11 13:48:40,817.6,414.4,805.2,790.9,806.2,772.7,798.8,713.0,674.8,748.7,300.1,868.7,2.1,12.7
2025-04-11 13:48:45,819.5,413.9,806.0,798.9,778.2,800.8,734.6,782.4,758.5,787.4,321.9,874.4,2.1,12.7
2025-04-11 13:48:50,779.3,411.3,713.5,694.5,712.3,730.5,709.2,722.7,721.8,733.5,258.4,740.2,2.2,12.7
2025-04-11 13:48:55,812.5,410.3,785.6,727.9,736.6,750.5,709.1,726.0,718.3,741.5,268.5,787.0,2.3,12.7
2025-04-11 13:49:00,810.5,409.4,802.1,770.6,787.1,788.2,777.0,730.0,751.5,801.7,332.3,840.1,2.0,12.7
2025-04-11 13:49:05,829.4,408.8,819.2,768.5,816.0,780.6,808.6,777.2,773.7,783.6,311.4,837.8,1.8,12.7
2025-04-11 13:49:10,841.7,407.6,822.0,795.4,793.7,811.4,792.4,819.3,816.4,835.1,361.2,877.9,1.9,12.7
2025-04-11 13:49:15,854.2,407.1,819.4,788.1,820.4,807.0,815.4,778.6,770.5,825.3,354.9,883.6,1.7,12.7
2025-04-11 13:49:20,828.2,407.2,729.4,802.5,722.1,818.1,749.8,822.4,832.3,816.8,316.9,795.4,1.7,12.7
2025-04-11 13:49:25,679.2,405.3,699.1,743.0,709.5,746.3,695.6,743.7,787.7,762.5,258.6,811.2,1.9,12.7
2025-04-11 13:49:30,618.6,403.1,609.4,693.0,646.3,722.3,683.1,738.6,775.4,797.9,274.0,734.9,2.2,12.7
2025-04-11 13:49:35,606.6,402.2,630.8,709.0,714.7,810.0,758.4,834.0,834.3,850.0,380.6,726.6,1.9,12.7
2025-04-11 13:49:40,586.5,401.2,579.4,671.6,591.4,687.3,665.8,817.1,809.2,692.1,186.5,715.1,1.6,12.7
2025-04-11 13:49:45,575.4,399.2,613.0,621.0,660.3,666.3,648.2,651.2,651.9,634.7,155.4,645.2,1.8,12.7
2025-04-11 13:49:50,593.7,398.2,589.3,620.3,612.9,627.8,643.6,619.0,631.3,615.3,143.0,663.1,1.5,12.8
2025-04-11 13:49:55,647.9,396.0,711.6,708.2,769.4,788.2,772.7,740.5,747.1,769.9,306.1,737.2,1.2,12.8
2025-04-11 13:50:00,647.7,396.3,613.3,670.6,656.8,760.1,632.6,694.7,655.3,615.9,114.9,738.9,1.5,12.8
2025-04-11 13:50:05,615.9,395.2,596.4,606.7,604.6,619.7,608.4,611.2,637.5,628.1,136.4,650.7,1.8,12.8
2025-04-11 13:50:10,610.1,393.7,598.5,613.0,606.8,622.9,628.2,641.1,704.1,744.7,241.4,646.1,1.9,12.8
2025-04-11 13:50:15,614.8,393.2,610.5,645.7,624.9,662.8,618.6,667.8,695.6,664.2,170.3,668.4,1.9,12.8
2025-04-11 13:50:20,688.6,392.9,645.7,620.4,647.1,650.8,678.9,693.6,678.8,714.1,228.0,662.7,1.8,12.8
2025-04-11 13:50:25,727.8,392.7,741.3,695.8,734.5,731.4,731.9,734.8,760.3,791.0,297.9,741.7,1.4,12.8
2025-04-11 13:50:30,687.3,393.4,747.6,770.1,824.2,837.8,848.7,860.4,863.2,880.2,411.0,826.2,1.3,12.8
2025-04-11 13:50:35,755.6,394.3,832.3,844.7,860.4,868.7,873.5,870.9,865.6,900.0,438.4,944.9,1.0,12.8
2025-04-11 13:50:40,871.2,395.0,869.4,878.0,876.5,895.9,875.9,884.4,873.1,754.3,282.1,964.1,0.9,12.8
2025-04-11 13:50:45,884.2,394.6,874.4,844.6,822.1,779.8,765.5,724.3,724.4,704.2,252.3,952.6,0.7,12.9
2025-04-11 13:50:50,855.5,393.0,783.5,750.5,796.8,756.7,821.1,767.4,736.2,691.7,250.7,832.6,0.7,12.9
2025-04-11 13:50:55,854.3,392.0,824.9,806.5,763.2,718.1,669.9,596.3,582.6,566.4,105.9,903.7,0.7,12.9
2025-04-11 13:51:00,813.4,389.8,715.9,710.9,679.7,630.2,624.5,580.0,583.5,642.4,185.8,685.7,0.9,12.9
2025-04-11 13:51:05,815.2,389.1,809.7,763.7,774.3,703.6,796.3,734.6,761.3,822.3,370.5,819.2,1.0,12.9
2025-04-11 13:51:10,820.8,389.2,816.3,806.2,813.8,815.3,812.6,808.5,799.5,817.9,366.7,887.8,1.0,12.9
2025-04-11 13:51:15,825.1,388.4,816.2,807.3,801.8,809.9,717.7,739.6,681.2,562.9,89.0,866.3,1.3,12.9
2025-04-11 13:51:20,814.4,384.8,771.6,588.6,667.2,583.0,602.2,553.7,562.8,525.8,70.8,659.1,1.4,13.0
2025-04-11 13:51:25,810.9,384.4,768.9,606.8,697.1,576.0,636.3,538.5,529.3,526.4,86.9,709.2,1.4,13.0
2025-04-11 13:51:30,725.9,382.8,690.0,651.2,626.4,577.4,556.5,527.4,512.3,502.6,45.3,649.5,1.3,13.0
2025-04-11 13:51:35,591.3,380.4,565.8,541.9,550.3,538.9,529.5,520.8,511.0,504.4,43.6,579.6,1.7,13.0
2025-04-11 13:51:40,592.1,379.7,564.3,520.7,540.8,523.2,532.7,510.4,507.8,510.9,51.0,552.0,2.1,13.0
2025-04-11 13:51:45,561.5,378.6,529.1,532.1,522.0,543.6,519.0,539.1,539.1,533.2,63.7,564.0,2.3,13.0
2025-04-11 13:51:50,537.7,377.9,524.0,523.3,535.3,543.2,558.2,572.2,619.2,603.8,129.9,548.6,2.2,13.0
2025-04-11 13:51:55,587.2,377.4,630.3,636.5,678.5,658.6,659.1,653.0,643.6,654.3,204.8,669.3,1.7,13.1
2025-04-11 13:52:00,640.8,377.1,651.1,714.9,705.2,737.7,757.5,706.3,727.6,782.3,321.8,773.5,1.7,13.1
2025-04-11 13:52:05,716.4,376.9,699.0,736.8,778.4,789.0,821.5,823.9,834.5,874.0,420.1,887.7,1.6,13.1
2025-04-11 13:52:10,833.3,376.9,841.5,846.2,845.2,859.1,849.7,862.0,861.4,828.0,367.9,928.6,1.6,13.1
2025-04-11 13:52:15,829.1,376.6,795.1,830.1,782.7,823.4,819.4,802.6,808.4,855.4,407.6,870.8,1.4,13.1
2025-04-11 13:52:20,834.0,376.0,838.6,851.6,856.7,857.9,853.3,824.8,801.7,818.8,377.9,936.6,1.2,13.1
2025-04-11 13:52:25,869.5,375.6,858.4,837.7,846.7,815.2,815.7,754.4,725.7,739.8,299.8,911.6,0.9,13.1
2025-04-11 13:52:30,843.3,373.2,786.9,782.6,746.2,774.7,732.9,758.2,759.2,764.6,300.0,879.9,0.9,13.1
2025-04-11 13:52:35,700.0,371.2,699.8,729.6,728.5,761.0,724.0,762.6,750.1,765.0,303.4,785.4,0.8,13.1
2025-04-11 13:52:40,730.2,369.1,711.7,706.6,675.1,678.4,666.4,645.4,713.9,633.1,174.3,794.9,0.8,13.1
2025-04-11 13:52:45,615.0,366.5,643.4,669.0,627.7,667.5,596.0,629.1,627.2,545.5,80.8,658.3,0.7,13.1
2025-04-11 13:52:50,568.9,363.7,568.4,550.3,582.8,558.9,558.9,549.2,566.2,566.9,113.1,585.1,0.8,13.1
2025-04-11 13:52:55,635.9,363.2,595.2,566.7,583.1,580.5,560.7,563.6,558.5,543.0,90.7,616.9,0.9,13.2
2025-04-11 13:53:00,629.0,362.3,605.9,568.4,585.3,575.7,576.6,572.7,587.8,639.1,123.0,610.4,0.9,13.2
2025-04-11 13:53:05,650.6,361.6,608.0,590.8,596.6,636.1,600.2,648.0,646.5,645.6,199.5,647.0,0.9,13.2
2025-04-11 13:53:10,664.3,360.0,617.3,615.8,590.3,635.9,580.6,603.3,596.1,583.9,131.2,655.0,1.2,13.2
2025-04-11 13:53:15,646.2,357.9,668.4,583.6,641.9,596.4,591.6,574.5,572.8,578.6,127.0,632.3,1.3,13.2
2025-04-11 13:53:20,733.3,356.6,664.1,575.7,643.8,585.4,661.9,602.0,592.5,604.4,170.9,638.8,1.1,13.2
2025-04-11 13:53:25,672.2,355.2,720.6,701.4,687.6,661.0,712.3,664.2,645.0,733.5,326.4,759.5,1.0,13.2
2025-04-11 13:53:30,706.3,353.8,751.4,752.9,757.8,750.6,751.8,670.4,606.3,622.6,208.3,842.2,1.2,13.2
2025-04-11 13:53:35,699.4,352.3,739.3,746.2,769.0,756.6,775.2,688.2,702.3,774.1,351.8,827.9,1.5,13.2
2025-04-11 13:53:40,765.1,352.0,768.6,771.8,776.0,778.3,766.4,745.8,723.4,751.7,334.8,856.8,2.0,13.2
2025-04-11 13:53:45,712.4,351.4,717.9,765.5,736.8,769.3,726.5,745.4,750.7,771.9,341.8,821.5,2.1,13.3
2025-04-11 13:53:50,729.3,350.4,726.1,732.3,743.0,767.4,757.1,779.9,786.6,764.4,366.9,796.5,2.1,13.3
2025-04-11 13:53:55,740.5,350.4,728.6,747.7,739.9,765.5,758.6,778.1,782.9,776.7,368.9,823.6,2.0,13.3
2025-04-11 13:54:00,758.9,350.0,756.2,757.2,756.6,779.6,749.7,774.7,772.3,752.3,335.8,827.0,2.0,13.3
2025-04-11 13:54:05,761.5,348.9,756.6,748.9,760.3,773.1,746.9,754.8,750.7,732.3,317.9,818.0,2.5,13.3
2025-04-11 13:54:10,773.4,348.1,770.3,753.8,771.9,746.3,763.6,745.8,764.1,766.0,352.3,833.5,2.4,13.3
2025-04-11 13:54:15,776.4,347.6,772.0,760.9,766.2,762.1,760.6,754.9,753.9,757.0,348.3,845.9,2.6,13.3
2025-04-11 13:54:20,758.0,345.8,764.8,758.9,759.0,769.7,750.3,754.1,755.1,748.5,336.2,837.1,2.7,13.3
2025-04-11 13:54:25,742.2,345.5,738.4,746.9,742.8,749.5,716.7,710.2,693.2,673.9,264.4,820.9,2.2,13.3
2025-04-11 13:54:30,668.1,344.2,657.0,692.8,662.8,690.2,669.9,683.9,707.0,741.5,277.9,771.7,1.9,13.3
2025-04-11 13:54:35,665.9,342.8,659.7,682.1,672.3,724.4,683.4,728.4,731.6,734.8,327.1,727.6,1.5,13.3
2025-04-11 13:54:40,676.1,341.8,670.4,686.1,672.1,710.7,672.7,707.6,710.8,704.6,296.4,741.9,1.3,13.3
2025-04-11 13:54:45,702.6,339.9,705.5,682.3,707.6,706.8,683.8,699.0,713.3,687.9,289.2,742.3,1.0,13.3
2025-04-11 13:54:50,733.3,338.3,730.3,722.9,727.7,726.2,729.5,710.5,700.9,704.4,314.8,795.1,1.2,13.3
2025-04-11 13:54:55,740.5,336.9,733.0,730.2,732.4,736.8,734.6,720.4,726.2,725.7,337.8,804.8,1.0,13.3
2025-04-11 13:55:00,716.2,336.9,717.0,732.9,728.8,745.9,719.6,734.0,730.1,716.1,325.9,801.2,0.9,13.3
2025-04-11 13:55:05,737.8,334.9,727.7,712.2,721.5,725.8,716.3,712.5,709.3,719.8,333.0,785.4,0.8,13.3
2025-04-11 13:55:10,733.7,334.6,724.1,718.7,723.2,731.0,716.8,721.7,722.1,713.9,323.5,791.6,0.8,13.3
2025-04-11 13:55:15,717.0,332.8,708.1,702.4,708.6,718.3,717.1,713.9,720.2,724.9,337.9,777.8,0.6,13.3
2025-04-11 13:55:20,735.9,331.9,726.3,717.9,727.9,726.6,726.2,718.5,722.2,723.8,340.2,796.6,0.5,13.3
2025-04-11 13:55:25,739.8,330.8,734.2,721.4,734.2,727.9,732.5,721.3,725.1,730.2,349.5,801.4,0.4,13.3
2025-04-11 13:55:30,748.9,330.1,746.4,728.2,751.1,742.9,756.9,743.2,752.3,782.4,405.9,818.2,0.4,13.3
2025-04-11 13:55:35,773.0,329.6,779.5,764.5,789.4,787.5,796.8,792.2,802.5,809.4,434.3,843.2,0.5,13.3
2025-04-11 13:55:40,811.9,329.5,815.1,795.3,811.3,817.2,818.8,821.0,832.1,858.4,484.8,901.2,0.4,13.3
2025-04-11 13:55:45,835.3,329.7,843.8,844.5,862.1,872.6,879.4,859.9,874.7,906.8,537.8,935.7,0.4,13.3
2025-04-11 13:55:50,854.8,330.6,872.6,869.8,892.0,900.1,904.4,904.8,909.9,926.3,559.3,1005.8,0.5,13.3
2025-04-11 13:55:55,908.4,331.1,900.6,904.3,904.8,916.9,903.2,907.9,912.1,929.1,562.1,1013.2,0.4,13.3
2025-04-11 13:56:00,912.2,330.6,919.2,918.3,912.5,924.5,926.0,930.8,946.4,976.0,611.6,1022.2,0.4,13.3
2025-04-11 13:56:05,941.6,330.3,948.5,949.6,955.7,976.2,962.4,975.3,978.8,992.6,629.3,1058.2,0.5,13.4
2025-04-11 13:56:10,960.3,330.5,961.1,967.7,969.8,988.6,977.1,983.6,987.6,1007.0,647.5,1092.8,0.9,13.4
2025-04-11 13:56:15,972.3,330.2,976.5,981.0,984.3,998.8,985.1,990.6,993.1,1008.6,649.7,1101.6,1.1,13.4
2025-04-11 13:56:20,990.8,329.9,986.9,981.2,988.9,999.8,989.1,992.2,993.7,1008.4,652.0,1104.0,1.3,13.4
2025-04-11 13:56:25,974.5,329.3,983.7,985.6,984.7,999.8,978.5,984.3,992.0,983.1,642.0,1113.2,1.6,13.4
2025-04-11 13:56:30,976.2,329.0,963.1,960.6,974.2,989.3,964.4,972.2,970.6,967.2,609.1,1085.4,1.7,13.5
2025-04-11 13:56:35,964.2,328.2,952.9,948.4,951.1,962.5,949.6,953.5,958.9,965.7,608.3,1069.2,1.5,13.5
2025-04-11 13:56:40,960.6,327.9,945.8,946.7,937.7,962.5,937.9,953.4,958.4,968.5,613.0,1065.0,1.3,13.5
2025-04-11 13:56:45,939.3,327.6,920.3,931.2,920.5,949.9,923.8,939.2,955.3,968.5,601.3,1045.2,1.2,13.5
2025-04-11 13:56:50,829.3,325.8,872.2,935.9,913.7,957.9,919.5,954.5,959.1,941.6,577.9,1029.8,1.1,13.5
2025-04-11 13:56:55,867.6,324.3,863.3,910.7,842.4,931.8,854.9,929.4,927.6,920.6,562.1,1020.6,1.0,13.5
2025-04-11 13:57:00,892.9,321.8,888.9,833.7,909.1,898.5,914.2,921.5,924.5,876.3,515.6,1014.4,0.8,13.6
2025-04-11 13:57:05,871.1,321.9,900.8,881.0,869.5,867.9,867.3,849.7,864.7,889.9,543.8,970.4,0.7,13.6
2025-04-11 13:57:10,892.7,320.5,908.3,888.8,915.0,906.8,915.8,884.4,880.8,911.2,576.9,996.4,0.8,13.6
2025-04-11 13:57:15,925.7,320.2,917.7,909.5,914.8,920.0,911.7,908.8,906.6,922.6,580.8,1023.4,1.1,13.6
2025-04-11 13:57:20,915.8,319.7,908.0,904.3,906.8,914.0,903.6,898.6,904.4,912.6,572.8,1018.0,1.1,13.6
2025-04-11 13:57:25,905.6,319.0,898.1,897.7,900.6,908.2,898.2,894.8,896.2,905.9,567.6,1006.0,1.1,13.7
2025-04-11 13:57:30,898.3,318.1,894.3,889.1,894.0,902.6,894.2,891.0,893.5,903.6,568.0,998.9,1.6,13.7
2025-04-11 13:57:35,900.5,317.7,895.6,890.1,896.1,901.7,895.2,890.1,893.8,905.9,572.9,999.2,2.0,13.7
2025-04-11 13:57:40,909.4,316.5,899.2,889.1,898.8,904.2,898.9,898.4,908.2,925.3,594.7,999.0,2.3,13.7
2025-04-11 13:57:45,911.8,316.0,906.3,902.0,911.1,922.8,916.6,919.4,925.4,942.4,616.2,1009.0,2.4,13.7
2025-04-11 13:57:50,923.7,316.0,922.8,920.9,926.6,936.7,928.2,924.4,927.5,944.0,619.6,1033.2,3.1,13.8
2025-04-11 13:57:55,931.4,316.0,928.5,925.3,932.5,937.9,934.2,925.6,926.9,944.6,623.9,1040.0,2.6,13.8
2025-04-11 13:58:00,940.4,316.0,936.3,926.6,932.1,938.6,922.2,920.0,916.7,930.5,609.1,1044.2,2.1,13.9
2025-04-11 13:58:05,926.2,315.4,904.6,895.7,891.1,919.1,896.1,896.0,898.1,897.7,575.5,1013.6,1.7,13.9
2025-04-11 13:58:10,896.2,313.9,890.6,885.5,897.9,909.6,894.7,895.9,910.5,930.4,611.6,990.6,1.4,13.9
2025-04-11 13:58:15,912.6,314.7,922.2,898.8,910.8,925.6,924.4,930.0,939.7,970.5,657.3,1031.6,1.1,13.9
2025-04-11 13:58:20,928.8,315.1,938.4,941.0,949.3,965.5,961.4,965.5,968.6,985.4,676.2,1070.0,1.0,13.9
2025-04-11 13:58:25,974.0,316.6,968.6,961.3,966.4,977.0,962.9,962.8,951.1,955.3,651.9,1083.2,1.0,13.9
2025-04-11 13:58:30,976.9,316.5,960.3,946.5,947.0,951.3,941.7,937.7,942.3,952.4,646.4,1071.4,1.6,13.9
2025-04-11 13:58:35,952.2,315.1,946.0,941.3,953.8,962.6,965.2,963.4,956.9,984.4,682.0,1056.6,2.3,13.9
2025-04-11 13:58:40,965.0,315.0,970.2,966.2,978.4,989.7,989.8,991.2,1000.8,1015.6,715.6,1084.0,2.1,13.9
2025-04-11 13:58:45,999.1,315.8,1004.2,1003.4,1010.2,1012.6,1009.6,1013.6,1017.4,1038.6,744.4,1126.0,1.8,14.0
2025-04-11 13:58:50,1017.2,316.5,1013.2,1012.0,1013.8,1027.4,1017.6,1019.4,1020.2,1042.0,751.5,1141.2,1.5,14.0
2025-04-11 13:58:55,1023.0,316.5,1015.6,1011.8,1016.8,1030.0,1021.6,1025.4,1028.8,1028.6,733.8,1147.6,2.2,14.0
2025-04-11 13:59:00,1022.0,316.7,987.8,1014.8,984.8,1001.2,1017.2,999.0,1017.6,1047.4,766.4,1110.4,3.0,14.0
2025-04-11 13:59:05,1024.6,315.9,1022.4,1020.8,1021.2,1038.2,1024.4,1028.0,1028.4,1047.0,766.1,1148.8,3.7,14.1
2025-04-11 13:59:10,1028.0,316.2,1025.0,1021.6,1022.8,1037.8,1024.6,1027.8,1030.6,1047.8,770.0,1151.2,3.2,14.1
2025-04-11 13:59:15,1030.0,316.1,1024.6,1021.6,1023.4,1037.8,1027.2,1028.8,1030.8,1050.4,776.9,1153.2,2.4,14.1
2025-04-11 13:59:20,1029.4,315.9,1025.8,1024.8,1025.8,1039.6,1027.6,1029.6,1032.0,1050.4,777.1,1156.2,2.4,14.1
2025-04-11 13:59:25,1032.0,315.5,1025.6,1023.6,1022.4,1036.8,1025.8,1029.2,1029.6,1041.6,771.4,1154.8,2.7,14.1
2025-04-11 13:59:30,1031.2,314.8,1016.8,1014.2,1006.6,1014.2,999.2,996.6,1002.0,1012.2,742.9,1147.2,2.4,14.2
2025-04-11 13:59:35,1022.6,313.1,1018.8,1000.4,1002.2,1006.4,960.1,971.9,935.9,1021.8,766.5,1113.8,2.6,14.2
2025-04-11 13:59:40,1028.4,312.6,1021.4,1018.0,1013.4,1027.0,996.4,1021.4,1016.8,1018.4,745.1,1149.4,2.3,14.2
2025-04-11 13:59:45,1019.0,312.4,1008.4,994.1,1011.4,1019.4,1002.2,995.9,1004.6,1038.6,780.5,1118.0,2.6,14.3
2025-04-11 13:59:50,1023.4,312.0,1011.6,1012.6,1011.4,1029.8,1013.4,1018.6,1019.4,1032.8,772.8,1140.8,3.1,14.3
2025-04-11 13:59:55,1021.2,310.1,1014.0,1004.4,996.0,1017.8,986.4,1002.0,1007.6,993.6,734.0,1121.4,3.1,14.3
2025-04-11 14:00:00,1020.0,309.3,1008.2,997.3,1007.4,1009.6,1004.4,993.0,997.9,1026.6,756.1,1126.4,3.3,14.3
2025-04-11 14:00:05,942.2,309.7,986.1,1004.6,1008.2,1021.0,1010.6,1011.0,1009.8,1028.4,779.7,1131.0,2.7,14.4
2025-04-11 14:00:10,1010.6,308.9,1007.8,1005.2,1007.6,1019.2,1009.0,1009.6,1009.8,1027.2,779.4,1134.0,2.4,14.4
2025-04-11 14:00:15,1010.6,308.7,1006.8,1004.0,1006.2,1018.8,1007.8,1009.2,1010.8,1026.0,782.1,1132.2,1.8,14.4
2025-04-11 14:00:20,1009.0,307.7,1005.6,1001.6,1005.0,1018.0,1008.4,1008.4,1010.6,1026.6,786.1,1131.8,1.6,14.4
2025-04-11 14:00:25,1011.6,307.2,1006.4,1003.0,1006.0,1018.0,1007.0,1008.6,1009.6,1024.2,784.9,1131.8,1.8,14.4
2025-04-11 14:00:30,1010.8,306.8,1005.2,999.8,1002.2,1013.8,1004.8,1005.8,1008.2,1023.6,787.1,1130.6,2.1,14.5
2025-04-11 14:00:35,1008.8,306.7,1004.4,1000.0,1002.4,1014.2,1005.0,1007.0,1008.8,1023.8,789.6,1129.8,3.6,14.5
2025-04-11 14:00:40,1010.4,306.9,1007.8,1001.6,1002.4,1016.4,1005.8,1006.6,1007.2,1024.0,790.0,1132.8,3.7,14.5
2025-04-11 14:00:45,1014.4,307.5,1008.8,1002.4,1004.6,1015.8,1004.4,1005.8,1007.4,1023.8,793.3,1133.2,3.5,14.5
2025-04-11 14:00:50,959.0,307.8,873.1,966.7,860.8,1012.8,934.1,992.7,992.0,976.9,719.6,1098.8,3.6,14.5
2025-04-11 14:00:55,867.1,301.3,883.3,884.2,907.7,912.1,945.2,925.3,953.3,997.9,779.3,1044.2,3.3,14.6
2025-04-11 14:01:00,955.5,304.7,963.6,976.7,985.8,996.7,992.7,994.2,993.0,1013.4,790.6,1109.6,2.7,14.6
2025-04-11 14:01:05,996.3,306.8,993.5,990.6,992.0,1005.2,994.7,997.1,995.5,1010.2,790.6,1119.6,2.5,14.6
2025-04-11 14:01:10,999.9,307.5,993.5,989.0,987.7,1002.8,990.0,991.0,991.1,1005.4,786.9,1117.0,1.8,14.6
2025-04-11 14:01:15,995.4,307.9,990.7,984.6,986.1,998.2,988.8,990.1,990.7,1003.6,789.0,1113.0,1.4,14.6
2025-04-11 14:01:20,995.5,308.3,989.7,984.5,986.0,998.7,989.6,990.2,990.2,1004.2,791.4,1112.4,1.2,14.6
2025-04-11 14:01:25,994.8,309.3,989.1,984.5,985.7,999.0,988.8,990.9,990.9,1005.2,794.3,1113.2,1.2,14.6
2025-04-11 14:01:30,994.4,310.1,989.1,984.0,985.0,998.9,987.6,990.2,990.7,1004.4,795.7,1113.2,1.1,14.6
2025-04-11 14:01:35,993.6,311.4,988.7,983.7,984.3,998.7,987.3,988.1,989.8,1002.8,796.1,1112.8,0.9,14.6
2025-04-11 14:01:40,992.9,313.2,987.6,982.4,983.6,995.9,986.5,987.0,987.8,1002.8,798.4,1111.4,0.8,14.6
2025-04-11 14:01:45,992.3,314.6,986.9,981.6,983.6,995.5,986.7,987.3,988.5,1003.6,800.5,1111.6,0.7,14.7
2025-04-11 14:01:50,993.1,315.7,988.4,982.3,983.9,994.6,986.6,987.2,987.9,1004.2,802.8,1112.6,0.7,14.7
2025-04-11 14:01:55,993.2,317.9,986.5,982.5,982.1,994.6,983.7,986.7,987.6,1000.4,800.8,1113.0,0.8,14.7
2025-04-11 14:02:00,990.4,319.2,984.1,980.2,978.8,993.3,980.9,983.6,985.9,998.8,799.5,1111.0,0.7,14.7
2025-04-11 14:02:05,987.2,322.0,981.4,978.5,978.2,991.8,981.3,983.6,984.2,997.5,800.5,1108.6,0.7,14.7
2025-04-11 14:02:10,989.9,322.2,984.7,979.2,979.3,991.5,974.4,980.9,973.6,977.3,788.8,1109.2,1.1,14.7
2025-04-11 14:02:15,989.8,322.3,984.0,979.3,967.7,988.2,954.0,958.0,940.9,973.1,780.3,1092.6,1.4,14.8
2025-04-11 14:02:20,988.1,323.2,980.3,977.4,976.1,987.1,976.4,976.0,967.4,988.7,798.3,1108.8,2.7,14.8
2025-04-11 14:02:25,985.0,324.1,979.5,975.6,973.8,986.7,976.1,980.3,978.5,994.7,805.7,1106.8,2.3,14.8
2025-04-11 14:02:30,985.1,325.0,978.8,974.8,975.4,987.1,976.6,979.8,977.8,989.9,806.7,1106.6,2.4,14.8
2025-04-11 14:02:35,983.9,326.7,978.8,971.9,972.6,982.7,975.1,975.3,974.2,987.0,803.5,1102.6,3.5,14.8
2025-04-11 14:02:40,983.3,327.0,975.8,969.1,971.5,980.9,972.8,974.0,972.7,986.3,803.7,1101.4,3.4,14.9
2025-04-11 14:02:45,982.3,329.7,975.7,969.0,970.4,978.4,972.6,973.3,972.3,986.2,805.6,1099.4,3.0,14.9
2025-04-11 14:02:50,981.4,330.2,975.0,968.3,970.8,978.4,972.6,972.8,972.2,987.4,810.2,1097.8,2.8,14.9
2025-04-11 14:02:55,980.2,332.1,974.3,967.8,970.5,977.9,972.7,972.9,972.5,987.3,812.4,1098.4,2.4,15.0
2025-04-11 14:03:00,980.6,333.6,975.1,967.9,971.2,979.1,973.8,974.7,973.1,988.1,814.5,1099.2,2.1,15.0
2025-04-11 14:03:05,981.2,335.9,975.1,968.7,970.4,979.9,973.7,974.7,973.3,987.1,816.5,1100.2,1.9,15.0
2025-04-11 14:03:10,980.2,336.9,974.9,968.3,970.7,980.1,974.0,975.9,975.5,990.2,824.3,1100.6,2.1,15.0
2025-04-11 14:03:15,982.4,339.7,977.3,970.2,972.8,983.3,977.2,978.6,977.0,991.9,828.7,1104.2,2.0,15.1
2025-04-11 14:03:20,983.4,341.0,977.4,972.1,972.7,983.1,976.7,977.7,977.6,992.3,830.6,1105.4,1.8,15.1
2025-04-11 14:03:25,944.0,341.5,969.6,963.2,965.7,979.8,974.7,976.8,976.5,991.4,834.7,1094.4,1.6,15.1
2025-04-11 14:03:30,980.7,343.9,976.5,968.5,971.6,980.7,974.9,975.8,974.0,988.9,835.4,1102.6,1.3,15.1
2025-04-11 14:03:35,980.9,347.7,975.5,968.9,970.8,979.5,971.8,973.8,973.4,987.9,835.8,1102.2,1.3,15.1
2025-04-11 14:03:40,980.3,349.7,973.9,969.0,969.8,979.5,970.5,971.9,970.7,981.6,832.5,1102.4,1.6,15.2
2025-04-11 14:03:45,978.6,351.8,970.4,965.2,963.4,973.8,961.5,963.2,959.8,973.8,825.3,1099.4,2.0,15.2
2025-04-11 14:03:50,971.7,353.1,964.8,957.4,959.6,968.0,960.0,960.5,957.0,970.2,821.8,1090.2,1.8,15.2
2025-04-11 14:03:55,966.8,355.1,960.5,955.6,954.5,964.3,957.1,959.0,954.7,968.0,818.0,1088.4,1.7,15.2
2025-04-11 14:04:00,963.7,355.4,956.3,951.7,949.9,961.4,947.8,952.6,947.5,943.8,793.4,1076.8,2.0,15.2
2025-04-11 14:04:05,951.6,355.1,940.5,936.6,938.1,941.7,933.0,931.1,925.3,934.5,783.3,1063.8,1.7,15.2
2025-04-11 14:04:10,937.1,355.0,933.2,925.2,925.1,930.8,922.7,923.2,922.9,936.2,784.7,1049.8,1.8,15.3
2025-04-11 14:04:15,929.5,354.9,923.3,920.3,923.6,931.6,925.3,925.2,924.8,940.4,788.6,1048.0,2.2,15.3
2025-04-11 14:04:20,929.2,358.4,927.0,923.2,923.2,932.4,921.7,928.3,925.2,934.5,780.8,1051.2,3.4,15.3
2025-04-11 14:04:25,928.4,359.9,922.8,916.6,918.7,927.3,920.8,924.3,924.7,935.1,781.1,1047.0,3.2,15.3
2025-04-11 14:04:30,932.9,363.0,933.8,923.1,930.7,935.4,932.2,932.9,931.5,945.5,793.2,1051.4,2.4,15.3
2025-04-11 14:04:35,940.9,368.1,934.5,928.2,926.4,936.5,930.0,932.8,931.9,943.4,789.1,1059.6,2.2,15.3
2025-04-11 14:04:40,934.8,369.2,929.4,924.2,923.6,932.7,924.9,927.9,927.6,944.1,789.9,1050.6,1.9,15.4
2025-04-11 14:04:45,931.4,372.6,925.4,923.2,920.9,933.2,921.9,931.0,930.5,940.3,782.8,1052.6,2.2,15.4
2025-04-11 14:04:50,930.5,375.1,927.5,919.5,922.3,928.4,922.6,924.9,924.9,937.2,781.0,1048.4,1.8,15.4
2025-04-11 14:04:55,933.9,376.5,930.2,920.1,925.8,930.1,924.6,928.1,926.5,940.5,784.5,1052.8,1.7,15.4
2025-04-11 14:05:00,935.1,380.9,930.4,922.1,923.2,929.7,920.4,922.2,919.9,929.7,773.8,1048.2,2.1,15.4
2025-04-11 14:05:05,934.2,382.7,925.7,916.1,917.5,923.0,913.2,918.0,915.8,927.4,771.2,1046.2,2.2,15.5
2025-04-11 14:05:10,928.4,384.4,922.0,909.1,914.6,917.3,910.0,911.7,910.9,920.2,763.6,1038.6,2.0,15.5
2025-04-11 14:05:15,924.0,387.6,916.0,906.3,906.6,914.2,903.3,907.5,907.0,916.3,758.5,1037.0,2.0,15.5
2025-04-11 14:05:20,916.4,388.7,910.7,901.0,902.5,911.0,902.0,906.9,907.0,916.4,759.1,1029.4,1.5,15.5
2025-04-11 14:05:25,915.9,391.3,908.0,899.7,898.5,907.4,895.7,901.9,901.6,909.1,753.2,1029.4,1.4,15.5
2025-04-11 14:05:30,906.6,392.3,899.6,892.2,892.6,901.0,893.5,898.2,898.8,907.5,749.0,1020.6,1.5,15.5
2025-04-11 14:05:35,905.2,395.2,900.6,891.1,893.8,900.0,893.2,896.7,895.6,903.2,745.3,1018.6,1.7,15.6
2025-04-11 14:05:40,906.5,397.9,897.7,887.2,887.5,893.0,887.4,889.9,889.0,894.4,735.3,1016.2,2.1,15.6
2025-04-11 14:05:45,895.6,398.2,888.5,883.9,883.4,889.6,881.0,883.5,883.1,888.4,728.7,1006.0,2.3,15.6
2025-04-11 14:05:50,886.2,398.2,879.8,876.2,876.0,882.8,872.8,876.7,876.5,879.4,717.5,997.9,2.1,15.7
2025-04-11 14:05:55,878.3,396.9,871.8,863.5,862.3,872.8,863.1,864.5,863.6,863.8,701.9,987.4,1.6,15.7
2025-04-11 14:06:00,874.5,395.1,864.3,855.5,852.2,856.1,845.1,844.8,845.0,848.2,684.1,979.6,2.0,15.7
2025-04-11 14:06:05,859.8,391.5,850.0,839.9,841.3,846.7,840.6,843.6,845.9,857.8,694.0,960.3,2.0,15.7
2025-04-11 14:06:10,852.2,391.5,848.6,840.8,845.0,852.7,847.9,853.0,855.4,862.7,698.8,960.6,1.6,15.7
2025-04-11 14:06:15,859.8,397.8,857.3,850.6,853.1,858.6,851.2,855.4,856.8,864.2,700.9,971.6,1.3,15.8
2025-04-11 14:06:20,866.3,398.2,859.6,849.7,851.9,855.8,850.6,854.3,855.9,862.9,698.0,973.2,2.1,15.7
2025-04-11 14:06:25,866.2,399.2,855.2,846.2,845.6,852.7,848.9,854.1,856.3,855.9,690.2,970.1,3.1,15.8
2025-04-11 14:06:30,858.1,399.6,850.0,840.5,839.9,847.3,841.9,844.1,845.7,852.9,688.3,961.9,3.5,15.8
2025-04-11 14:06:35,851.6,400.1,847.1,839.6,841.9,847.9,842.4,844.5,846.4,855.5,690.7,958.8,3.2,15.8
2025-04-11 14:06:40,851.8,402.2,849.0,840.4,845.6,849.7,847.0,848.7,849.0,857.9,693.6,963.5,2.8,15.9
2025-04-11 14:06:45,858.8,405.3,853.1,843.0,846.8,851.0,847.7,848.8,850.0,863.0,700.5,965.1,2.4,15.9
2025-04-11 14:06:50,860.1,408.9,857.5,847.0,855.8,858.3,858.7,857.8,858.8,868.1,704.8,968.2,2.3,15.9
2025-04-11 14:06:55,870.5,415.3,862.6,854.8,856.5,861.1,853.6,856.0,855.1,861.6,699.8,979.2,1.9,15.9
2025-04-11 14:07:00,866.4,415.6,856.7,849.0,849.4,855.7,851.3,854.0,854.6,866.9,705.1,970.9,2.1,16.0
2025-04-11 14:07:05,871.7,418.8,870.0,847.0,854.5,856.1,860.2,859.3,861.3,877.5,716.8,979.9,1.9,16.0
2025-04-11 14:07:10,880.0,426.5,872.7,863.8,864.9,868.9,865.0,866.6,866.3,875.2,713.1,990.4,1.7,16.0
2025-04-11 14:07:15,878.5,427.5,871.1,859.3,861.9,866.0,862.7,865.0,864.0,873.3,711.9,986.0,2.3,16.0
2025-04-11 14:07:20,875.1,431.0,868.8,859.2,859.5,866.5,859.9,863.5,864.1,871.6,709.5,983.6,3.1,16.0
2025-04-11 14:07:25,875.3,432.0,867.8,857.7,860.0,865.6,860.8,863.5,863.9,872.3,710.4,983.6,3.0,16.0
2025-04-11 14:07:30,873.3,433.3,867.0,857.6,859.4,864.4,860.2,861.8,861.0,869.9,707.8,981.1,2.9,16.1
2025-04-11 14:07:35,872.0,435.5,865.7,855.8,858.7,861.7,856.9,858.8,858.4,865.7,702.1,980.6,2.3,16.1
2025-04-11 14:07:40,869.5,436.5,858.2,852.9,852.7,857.1,850.5,854.6,855.1,862.4,697.1,975.4,2.1,16.1
2025-04-11 14:07:45,862.8,436.5,855.2,845.9,849.3,854.2,850.4,854.0,855.4,864.8,699.6,969.1,2.0,16.1
2025-04-11 14:07:50,859.0,439.6,850.9,846.8,845.3,855.0,848.4,854.6,856.0,864.8,699.7,967.8,1.7,16.1
2025-04-11 14:07:55,854.9,440.6,851.9,845.4,850.7,855.4,855.2,856.6,856.8,865.9,702.3,968.2,2.1,16.1
2025-04-11 14:08:00,863.7,447.1,859.6,852.1,854.0,858.5,856.0,857.4,857.3,865.4,702.0,977.2,1.9,16.1
2025-04-11 14:08:05,865.7,449.9,858.2,851.3,848.4,854.5,848.7,851.4,851.4,859.0,694.3,977.1,1.8,16.2
2025-04-11 14:08:10,863.8,449.1,854.7,847.2,848.7,854.8,852.8,853.3,855.0,871.1,707.6,973.8,1.5,16.2
2025-04-11 14:08:15,864.6,454.7,860.3,854.5,854.4,861.4,856.7,859.1,854.6,859.9,695.9,979.0,1.9,16.2
2025-04-11 14:08:20,864.3,454.3,853.8,844.8,849.4,853.1,846.7,847.5,844.2,853.4,688.4,971.1,2.0,16.2
2025-04-11 14:08:25,857.0,452.9,850.1,841.0,843.5,847.5,842.3,842.4,838.2,839.7,673.8,964.3,2.0,16.2
2025-04-11 14:08:30,853.8,453.5,845.2,835.1,835.1,835.9,832.1,828.7,826.8,834.6,667.3,953.3,1.7,16.2
2025-04-11 14:08:35,846.0,451.8,838.3,826.2,828.7,829.6,825.8,824.6,822.6,831.5,664.2,948.9,1.7,16.2
2025-04-11 14:08:40,841.1,451.4,831.2,819.4,822.8,823.8,824.3,822.7,821.6,831.2,664.0,940.2,2.1,16.3
2025-04-11 14:08:45,837.9,453.7,830.1,821.3,820.2,826.8,817.1,820.7,816.6,816.9,645.7,938.8,2.6,16.3
2025-04-11 14:08:50,826.7,452.6,813.0,805.5,801.4,809.2,798.6,810.6,809.8,805.6,633.9,925.6,2.4,16.3
2025-04-11 14:08:55,817.6,447.3,806.5,793.8,795.9,799.4,794.6,793.2,794.3,798.3,627.4,911.5,2.2,16.3
2025-04-11 14:09:00,811.7,447.2,799.8,788.7,790.1,793.3,789.5,788.0,791.1,797.1,624.3,905.6,1.9,16.3
2025-04-11 14:09:05,805.3,446.6,800.4,788.2,797.6,798.4,796.6,790.5,794.1,804.8,634.9,903.0,1.9,16.3
2025-04-11 14:09:10,812.1,454.1,803.9,796.0,797.3,802.2,798.5,798.3,796.2,803.4,633.0,913.2,1.8,16.3
2025-04-11 14:09:15,808.9,454.3,801.1,794.8,792.8,799.2,791.8,792.0,789.9,794.0,622.4,905.3,2.0,16.3
2025-04-11 14:09:20,801.3,453.6,794.7,786.6,788.4,791.4,789.3,789.7,791.2,798.8,625.8,900.4,1.9,16.4
2025-04-11 14:09:25,800.2,453.3,794.0,785.1,787.8,792.6,792.7,793.2,796.9,807.5,636.2,900.9,1.8,16.3
2025-04-11 14:09:30,800.8,457.0,799.9,792.0,796.5,800.5,800.6,800.7,802.6,812.5,642.1,906.3,1.5,16.4
2025-04-11 14:09:35,811.5,462.4,808.2,798.6,801.3,805.4,803.1,803.8,805.9,814.3,643.8,913.9,1.5,16.4
2025-04-11 14:09:40,812.3,466.4,807.5,800.0,803.3,806.9,806.9,805.1,805.2,814.5,644.9,916.3,2.0,16.4
2025-04-11 14:09:45,817.4,470.4,814.7,805.7,808.1,809.1,808.7,805.4,803.6,813.2,644.8,923.3,2.0,16.4
2025-04-11 14:09:50,820.2,473.0,812.2,802.3,806.6,809.3,803.9,802.8,801.2,806.9,636.2,923.3,1.7,16.4
2025-04-11 14:09:55,808.2,471.5,798.5,799.6,795.8,801.7,795.1,796.4,796.3,803.9,632.0,909.3,1.9,16.4
2025-04-11 14:10:00,796.0,471.3,796.8,793.3,791.8,806.0,799.5,801.5,806.6,821.4,654.1,907.2,2.0,16.4
2025-04-11 14:10:05,807.6,480.7,809.9,809.8,809.2,819.7,814.4,817.7,818.5,827.9,660.6,925.0,1.7,16.4
2025-04-11 14:10:10,812.0,485.8,811.1,811.5,808.1,817.7,813.0,813.3,818.1,820.8,653.9,928.9,1.6,16.4
2025-04-11 14:10:15,825.6,487.1,821.6,809.3,813.7,815.0,814.3,807.9,806.6,815.0,649.1,927.1,1.2,16.5
2025-04-11 14:10:20,824.7,488.9,817.2,809.6,808.9,813.3,810.9,808.4,807.1,815.1,648.6,928.7,1.1,16.4
2025-04-11 14:10:25,818.0,490.6,815.3,807.1,809.9,812.6,812.8,810.7,810.7,818.6,651.8,926.1,1.1,16.5
2025-04-11 14:10:30,820.4,494.1,816.2,808.1,810.5,815.0,816.4,814.3,813.2,822.8,655.7,927.2,1.2,16.5
2025-04-11 14:10:35,829.3,498.9,825.2,816.2,818.6,817.0,819.9,816.2,817.8,827.9,662.4,936.3,1.9,16.5
2025-04-11 14:10:40,831.6,502.8,826.2,817.1,819.3,823.2,821.9,819.5,819.5,829.6,663.7,937.8,2.1,16.5
2025-04-11 14:10:45,832.2,506.3,825.6,818.0,817.0,823.2,819.6,820.4,822.7,829.3,662.9,938.9,1.9,16.5
2025-04-11 14:10:50,829.9,508.5,825.5,818.0,822.1,823.7,823.0,824.4,827.1,839.8,675.5,937.4,1.6,16.4
2025-04-11 14:10:55,834.2,514.6,834.5,827.3,826.6,832.3,830.8,832.8,833.6,844.2,679.9,947.6,1.3,16.5
2025-04-11 14:11:00,839.0,518.1,837.7,829.7,831.8,836.6,836.4,835.6,836.7,848.9,684.8,956.7,1.1,16.5
2025-04-11 14:11:05,848.5,525.1,842.6,834.5,834.1,840.8,837.8,841.4,841.1,851.0,687.5,958.5,0.9,16.5
2025-04-11 14:11:10,853.0,531.4,849.5,839.2,839.7,844.5,841.6,842.6,842.5,852.1,689.3,965.1,0.8,16.5
2025-04-11 14:11:15,854.9,533.9,849.0,840.4,840.0,846.8,842.3,843.8,844.6,853.1,689.8,965.7,0.7,16.5
2025-04-11 14:11:20,851.6,536.7,847.6,839.5,842.9,846.3,846.9,847.2,848.1,859.3,696.9,965.1,1.0,16.5
2025-04-11 14:11:25,858.0,541.2,855.2,845.6,847.4,850.9,848.1,848.2,847.6,858.0,695.6,971.6,1.1,16.5
2025-04-11 14:11:30,862.4,545.6,849.5,842.4,838.2,845.5,839.2,846.1,844.3,851.8,687.5,971.2,1.7,16.5
2025-04-11 14:11:35,845.5,544.8,838.4,835.9,834.0,841.9,838.7,841.7,842.6,850.2,686.5,961.4,1.8,16.5
2025-04-11 14:11:40,845.8,545.8,841.3,834.0,835.1,842.2,836.6,838.6,838.9,842.8,677.3,959.8,1.7,16.6
2025-04-11 14:11:45,846.0,545.2,840.1,829.6,835.3,835.9,841.1,837.4,837.5,850.6,687.6,954.2,1.4,16.6
2025-04-11 14:11:50,849.8,550.6,850.9,840.1,847.8,848.7,854.5,849.3,847.9,861.4,701.2,964.6,1.4,16.6
2025-04-11 14:11:55,859.0,558.8,859.6,849.9,849.6,853.3,848.9,847.9,844.4,850.1,685.6,977.4,1.3,16.6
2025-04-11 14:12:00,852.0,560.4,844.4,836.5,837.6,842.4,840.1,838.5,839.2,849.0,683.4,964.0,1.4,16.6
2025-04-11 14:12:05,849.7,558.8,845.1,836.8,838.2,842.0,843.2,840.6,843.0,855.9,690.5,962.7,1.4,16.6
2025-04-11 14:12:10,849.8,565.5,848.4,840.9,844.2,847.1,849.1,847.6,847.6,860.8,696.3,970.5,1.5,16.7
2025-04-11 14:12:15,854.2,571.0,854.3,846.5,850.0,852.6,853.6,851.3,850.5,862.6,697.4,974.1,1.6,16.7
2025-04-11 14:12:20,863.2,579.3,858.8,848.8,850.6,853.7,853.8,853.2,850.8,863.6,697.7,979.3,1.6,16.7
2025-04-11 14:12:25,865.6,581.1,860.2,850.1,853.8,857.0,859.9,859.7,860.1,876.7,704.2,978.5,1.7,16.7
2025-04-11 14:12:30,868.7,588.3,867.6,860.0,864.1,868.8,871.7,873.4,866.7,884.6,720.4,987.3,1.6,16.7
2025-04-11 14:12:35,879.5,599.6,877.8,871.3,868.9,875.9,875.5,876.9,875.6,887.9,722.6,1002.8,1.2,16.7
2025-04-11 14:12:40,884.4,605.2,880.7,872.8,872.0,878.2,875.9,876.6,873.0,879.9,713.5,1007.0,1.0,16.8
2025-04-11 14:12:45,885.2,605.4,882.7,871.0,871.2,871.7,871.6,867.3,865.5,878.9,713.0,1005.0,0.9,16.7
2025-04-11 14:12:50,883.8,605.7,878.7,866.4,868.6,870.3,873.0,870.1,868.7,880.9,714.1,1000.6,0.7,16.8
2025-04-11 14:12:55,870.7,608.7,869.9,864.9,859.5,867.7,863.2,866.1,863.8,864.3,694.9,992.9,0.9,16.8
2025-04-11 14:13:00,864.2,605.6,857.3,850.0,843.8,849.3,844.4,857.0,853.0,848.6,678.3,983.2,1.0,16.8
2025-04-11 14:13:05,853.6,597.7,846.0,836.3,834.1,839.3,835.4,835.2,832.9,829.7,668.9,966.5,1.5,16.8
2025-04-11 14:13:10,844.5,594.2,833.7,824.3,820.3,823.6,823.8,820.6,823.3,828.6,656.5,954.8,1.6,16.8
2025-04-11 14:13:15,828.3,591.4,823.5,820.0,818.4,827.6,826.8,828.3,833.1,846.7,673.9,945.8,2.1,16.8
2025-04-11 14:13:20,827.2,596.2,827.9,826.3,827.9,836.7,832.7,838.5,841.8,854.5,684.3,950.6,1.9,16.9
2025-04-11 14:13:25,833.2,600.1,837.7,831.8,838.6,842.2,849.7,847.5,848.8,863.8,697.4,970.9,1.7,16.9
2025-04-11 14:13:30,864.7,618.7,861.6,850.7,852.4,853.0,856.3,852.8,851.8,860.5,693.4,981.3,2.3,16.9
2025-04-11 14:13:35,856.0,619.8,858.3,849.3,849.4,850.8,851.5,847.1,844.9,855.6,688.3,979.5,2.4,16.9
2025-04-11 14:13:40,851.9,618.9,847.0,843.1,839.0,844.7,843.7,845.7,844.3,851.6,681.8,975.2,2.4,17.0
2025-04-11 14:13:45,851.4,615.0,848.5,837.3,840.6,840.9,844.9,841.2,841.3,849.1,678.8,970.0,2.3,17.0
2025-04-11 14:13:50,855.8,617.8,850.3,838.1,838.2,840.5,842.1,837.9,839.2,847.7,677.7,969.4,1.8,17.0
2025-04-11 14:13:55,855.8,619.6,849.3,836.3,839.4,840.4,844.4,843.2,843.3,851.9,683.3,967.0,1.6,17.0
2025-04-11 14:14:00,851.3,624.2,845.3,837.6,836.5,841.8,843.1,841.2,838.5,847.4,677.6,968.1,1.4,17.0
2025-04-11 14:14:05,853.4,624.1,848.3,836.3,840.8,839.2,843.5,838.2,839.6,853.6,684.4,965.9,1.2,17.1
2025-04-11 14:14:10,857.8,630.2,851.1,841.9,842.9,846.5,849.3,848.1,847.2,859.5,689.2,972.1,1.7,17.1
2025-04-11 14:14:15,857.0,636.3,851.2,844.6,844.8,849.6,852.9,848.9,849.0,859.4,690.1,974.2,2.4,17.1
2025-04-11 14:14:20,867.8,641.6,865.7,854.1,853.2,853.8,861.3,854.3,854.4,868.9,703.5,985.7,2.4,17.1
2025-04-11 14:14:25,872.8,652.3,868.1,859.0,859.5,862.2,863.9,861.8,858.9,869.6,702.9,994.2,2.0,17.1
2025-04-11 14:14:30,871.6,653.8,866.8,858.7,858.1,862.4,864.5,863.5,862.5,874.9,705.9,993.1,1.9,17.1
2025-04-11 14:14:35,876.4,656.5,873.5,862.7,865.5,867.7,871.8,868.7,867.6,879.2,714.1,1000.0,1.5,17.1
2025-04-11 14:14:40,881.6,663.5,877.5,866.3,868.2,868.9,871.8,871.1,871.5,879.8,713.6,1002.0,1.5,17.1
2025-04-11 14:14:45,876.8,665.8,870.3,864.2,862.1,868.2,869.6,870.8,871.0,882.9,716.1,998.8,1.5,17.1
2025-04-11 14:14:50,875.5,666.3,871.2,867.2,867.2,874.7,877.6,882.0,881.1,895.6,730.2,999.7,1.7,17.1
2025-04-11 14:14:55,875.5,673.9,873.7,873.0,870.4,880.7,880.7,883.6,885.8,897.2,732.1,1008.2,3.5,17.2
2025-04-11 14:15:00,880.7,679.1,883.0,875.8,874.8,879.7,884.0,881.7,882.6,892.5,728.7,1012.2,4.6,17.2
2025-04-11 14:15:05,885.5,682.4,883.3,876.7,875.3,882.6,883.8,882.3,882.1,895.1,731.2,1013.6,4.5,17.2
2025-04-11 14:15:10,884.8,683.5,883.5,879.3,876.1,882.8,883.8,883.5,881.3,893.5,730.0,1015.0,4.5,17.2
2025-04-11 14:15:15,887.5,686.9,883.8,876.9,876.2,879.4,882.7,878.7,876.7,887.8,725.4,1014.8,4.2,17.2
2025-04-11 14:15:20,889.8,687.0,884.5,877.0,876.4,879.2,882.3,877.4,876.1,887.2,724.1,1014.6,4.3,17.1
2025-04-11 14:15:25,890.6,688.5,885.0,876.7,876.7,878.7,882.8,877.0,875.9,891.5,728.4,1014.2,4.5,17.1
2025-04-11 14:15:30,890.7,692.2,889.0,879.5,883.0,885.5,891.5,885.3,885.0,898.6,737.0,1015.8,4.3,17.1
2025-04-11 14:15:35,896.9,698.0,894.6,883.5,887.0,888.3,890.2,887.4,883.6,897.6,734.8,1023.0,4.7,17.1
2025-04-11 14:15:40,899.7,701.0,891.5,883.7,876.8,881.2,878.4,876.4,872.1,874.9,710.4,1014.2,4.6,17.1
2025-04-11 14:15:45,880.9,692.1,873.0,864.9,866.1,867.4,868.2,862.7,856.8,859.1,692.1,1002.4,4.1,17.1
2025-04-11 14:15:50,874.7,688.3,864.5,856.8,851.5,853.1,854.0,848.4,845.9,855.6,689.6,981.5,4.1,17.1
2025-04-11 14:15:55,864.5,679.8,858.5,847.3,851.3,851.1,858.3,850.6,848.8,861.8,695.5,983.5,2.7,17.1
2025-04-11 14:16:00,869.5,685.9,861.2,851.2,856.0,854.9,867.7,858.3,857.3,880.1,716.8,988.9,2.5,17.1
2025-04-11 14:16:05,878.8,695.9,877.5,871.0,871.1,875.7,879.3,868.5,867.7,888.5,723.9,1004.8,2.1,17.0
2025-04-11 14:16:10,875.2,706.5,874.4,872.2,868.9,876.7,875.0,877.8,874.3,877.5,709.7,1008.8,2.8,17.0
2025-04-11 14:16:15,866.6,706.1,860.0,865.0,849.3,862.9,855.5,861.0,858.4,864.6,695.5,1001.8,2.8,17.0
2025-04-11 14:16:20,859.7,690.8,850.7,842.9,838.5,843.3,844.9,843.6,842.3,847.5,677.0,977.3,2.8,17.0
2025-04-11 14:16:25,856.6,685.3,850.7,838.8,841.3,840.9,846.1,841.7,840.2,849.3,680.7,970.6,3.5,17.0
2025-04-11 14:16:30,867.7,686.8,856.2,840.8,847.6,845.8,857.8,849.0,848.0,874.3,708.1,983.2,3.6,17.0
2025-04-11 14:16:35,881.4,709.5,878.7,859.2,868.1,866.5,877.5,871.5,867.0,881.9,715.2,1003.8,3.3,17.0
2025-04-11 14:16:40,874.1,715.0,865.3,858.9,860.7,867.6,862.1,863.8,855.3,854.4,683.0,996.4,2.5,17.0
2025-04-11 14:16:45,868.6,705.3,858.3,845.0,843.2,843.3,847.4,842.1,838.2,847.6,676.2,981.3,2.4,17.0
2025-04-11 14:16:50,860.5,698.0,853.5,839.2,843.4,842.6,851.1,847.8,845.4,861.2,690.7,975.7,2.1,17.0
2025-04-11 14:16:55,862.5,707.7,855.9,847.2,843.4,848.8,850.1,853.1,850.9,861.3,688.6,980.7,2.4,16.9
2025-04-11 14:17:00,859.5,712.2,854.8,846.4,848.7,848.3,859.3,854.2,853.1,861.1,690.3,979.7,2.1,16.9
2025-04-11 14:17:05,869.0,717.9,871.1,858.0,865.5,863.1,877.4,872.1,859.5,879.0,710.8,992.0,1.8,16.9
2025-04-11 14:17:10,883.7,739.0,879.2,868.2,873.1,872.5,880.6,878.3,872.2,886.7,716.8,1011.2,2.8,16.9
2025-04-11 14:17:15,887.0,743.7,885.3,877.0,879.3,880.8,886.8,885.8,878.9,894.2,724.2,1014.4,3.1,16.9
2025-04-11 14:17:20,892.8,748.4,887.3,877.6,878.4,878.3,884.1,883.3,878.4,886.7,715.8,1017.4,3.0,16.9
2025-04-11 14:17:25,890.6,747.2,886.2,875.5,877.3,876.7,884.0,878.4,876.5,891.9,721.7,1015.4,2.9,16.9
2025-04-11 14:17:30,893.5,751.5,889.5,878.8,881.6,880.9,888.3,884.8,880.6,893.9,721.9,1020.2,2.9,16.9
2025-04-11 14:17:35,896.5,757.2,891.6,881.6,884.7,884.7,893.9,892.3,893.1,903.1,730.6,1021.8,2.7,16.9
2025-04-11 14:17:40,901.0,766.3,900.5,892.1,897.1,899.3,907.3,907.8,904.9,917.6,746.1,1032.2,2.5,16.9
2025-04-11 14:17:45,914.0,780.9,913.9,903.4,907.0,906.8,913.8,910.4,904.6,920.3,748.1,1046.0,2.1,16.9
2025-04-11 14:17:50,921.3,789.1,916.8,907.2,910.6,911.0,914.4,911.3,907.2,926.2,754.6,1051.6,1.8,16.9
2025-04-11 14:17:55,927.4,795.4,922.6,913.3,914.8,916.5,921.7,918.8,914.2,930.4,757.5,1058.0,1.5,16.9
2025-04-11 14:18:00,927.9,801.3,923.5,917.3,919.5,922.1,924.6,923.9,921.3,940.7,768.6,1062.6,1.3,16.9
2025-04-11 14:18:05,935.6,810.9,934.0,926.3,926.3,928.5,936.5,936.4,934.2,957.3,785.1,1071.8,1.1,16.9
2025-04-11 14:18:10,945.8,818.4,941.4,934.0,937.1,940.3,945.3,948.6,946.6,960.5,785.2,1085.2,1.3,16.9
2025-04-11 14:18:15,946.9,826.2,940.9,935.4,933.3,939.0,938.6,942.7,939.6,948.6,773.1,1085.6,1.3,16.9
2025-04-11 14:18:20,915.8,819.3,903.6,914.5,893.3,910.9,898.0,908.0,905.4,904.1,721.4,1034.6,1.1,16.9
2025-04-11 14:18:25,898.8,788.7,892.1,889.4,883.6,893.4,886.8,893.6,891.8,892.0,706.0,1032.8,1.4,16.9
2025-04-11 14:18:30,881.3,772.6,877.8,870.7,871.1,874.0,876.1,883.2,882.8,883.3,699.1,1010.0,2.3,16.9
2025-04-11 14:18:35,878.4,775.0,875.6,871.1,869.8,871.8,877.1,873.7,867.9,876.3,691.9,1012.2,3.0,16.9
2025-04-11 14:18:40,870.8,775.8,866.8,868.8,863.1,874.7,870.8,879.1,874.9,888.3,701.9,1006.2,3.0,16.9
2025-04-11 14:18:45,872.9,769.5,864.6,859.2,859.8,866.2,867.8,872.1,868.0,873.7,685.1,1000.2,2.8,16.9
2025-04-11 14:18:50,863.3,764.1,854.7,848.1,845.6,860.0,855.9,861.6,856.7,859.4,667.6,988.2,3.5,16.9
2025-04-11 14:18:55,857.6,756.6,853.9,843.5,847.4,848.4,852.7,853.1,848.6,849.9,657.8,984.8,3.8,16.9
2025-04-11 14:19:00,860.0,748.7,851.9,837.9,835.3,840.9,842.3,846.5,844.5,852.3,657.2,972.0,4.4,16.9
2025-04-11 14:19:05,859.9,755.2,854.1,840.9,844.4,842.3,849.3,848.2,846.6,859.8,664.0,980.4,3.7,17.0
2025-04-11 14:19:10,854.3,751.9,846.2,835.4,833.4,834.8,832.3,851.0,847.7,847.3,646.5,973.1,3.1,17.0
2025-04-11 14:19:15,816.5,728.5,811.8,807.8,804.8,811.0,807.7,814.0,812.0,811.5,606.4,932.7,2.4,17.0
2025-04-11 14:19:20,802.7,715.0,798.7,792.0,793.4,792.2,802.0,797.0,800.4,798.2,590.9,922.6,2.2,17.0
2025-04-11 14:19:25,830.7,741.7,828.0,827.0,825.8,830.4,835.2,838.2,833.3,842.7,644.7,957.8,1.9,17.0
2025-04-11 14:19:30,849.9,752.8,845.5,840.8,831.7,834.3,827.4,829.3,824.5,828.1,635.7,975.8,1.8,17.0
2025-04-11 14:19:35,799.9,720.7,789.4,816.6,807.4,813.5,805.3,817.1,819.9,790.3,576.3,922.8,1.5,17.0
2025-04-11 14:19:40,768.5,686.1,769.3,767.3,762.5,764.3,767.7,769.0,773.4,772.3,559.7,884.7,1.3,17.0
2025-04-11 14:19:45,805.0,709.6,798.2,791.7,785.9,785.9,795.3,799.0,798.8,808.5,595.3,914.8,2.1,17.0
2025-04-11 14:19:50,792.8,707.7,788.7,781.8,786.3,789.7,798.7,805.2,806.1,807.2,594.6,905.2,2.5,17.0
2025-04-11 14:19:55,824.2,719.3,807.6,798.5,801.6,802.8,807.5,811.0,811.3,824.0,614.2,930.4,2.9,17.0
2025-04-11 14:20:00,821.8,737.1,821.4,813.5,809.5,810.0,811.6,812.7,811.6,821.2,605.5,944.2,2.8,17.0
2025-04-11 14:20:05,774.1,719.2,762.1,780.3,749.4,783.8,753.8,788.5,797.1,806.9,579.3,908.4,2.5,17.0
2025-04-11 14:20:10,758.9,664.9,757.6,729.7,753.3,728.5,758.1,731.3,732.4,732.4,518.7,847.6,2.2,17.0
2025-04-11 14:20:15,798.8,685.3,784.0,751.6,773.8,756.2,760.7,742.6,723.1,738.8,521.3,875.6,1.9,17.0
2025-04-11 14:20:20,797.6,700.2,778.9,759.3,763.5,746.1,766.1,737.4,723.3,726.5,507.6,889.8,1.9,17.0
2025-04-11 14:20:25,804.7,708.1,794.9,778.9,783.5,776.2,788.9,769.1,757.0,783.8,567.1,905.4,1.8,17.0
2025-04-11 14:20:30,820.5,723.7,816.8,788.9,798.8,790.7,804.8,792.3,781.3,804.1,591.8,923.2,1.6,17.0
2025-04-11 14:20:35,848.6,748.5,830.6,808.3,822.1,807.8,826.0,809.6,795.9,810.0,598.6,952.6,1.4,17.0
2025-04-11 14:20:40,850.8,755.6,835.6,822.3,822.2,815.6,820.9,815.8,803.8,804.7,582.5,957.1,1.2,17.0
2025-04-11 14:20:45,839.3,733.6,819.5,796.7,805.3,794.0,807.2,796.9,791.7,804.2,587.8,931.5,1.1,17.0
2025-04-11 14:20:50,845.7,744.1,835.3,817.8,824.8,819.1,827.3,825.2,814.5,823.6,608.5,946.7,1.1,17.0
2025-04-11 14:20:55,828.4,742.2,822.0,811.7,813.5,817.4,815.9,818.1,813.2,827.1,607.9,937.9,1.0,17.0
2025-04-11 14:21:00,834.8,751.3,826.2,815.5,819.3,817.8,824.6,825.0,824.3,838.0,618.0,945.5,0.9,17.0
2025-04-11 14:21:05,825.5,757.3,823.9,825.8,822.8,833.8,832.3,843.0,838.2,848.8,626.7,953.6,1.0,17.0
2025-04-11 14:21:10,836.6,758.0,834.7,824.7,828.6,825.6,832.0,832.9,826.7,828.9,605.5,955.1,1.2,17.0
2025-04-11 14:21:15,843.7,755.3,842.9,828.7,838.5,821.7,831.4,823.7,819.4,838.3,617.9,955.7,1.1,17.0
2025-04-11 14:21:20,843.1,771.3,834.3,836.7,823.6,838.0,823.8,840.9,834.5,813.3,576.8,939.1,1.7,17.1
2025-04-11 14:21:25,807.2,728.4,805.5,790.1,795.8,796.8,807.4,807.6,811.6,824.3,593.4,921.3,1.7,17.1
2025-04-11 14:21:30,825.0,743.4,816.1,804.2,810.8,811.7,820.5,826.5,830.6,843.8,613.6,938.8,1.8,17.1
2025-04-11 14:21:35,821.5,746.6,808.5,806.9,799.6,812.4,806.3,820.7,823.0,824.3,586.0,924.6,1.8,17.1
2025-04-11 14:21:40,827.4,734.0,819.7,802.9,816.4,811.9,827.4,823.9,820.3,827.6,596.4,946.2,2.2,17.1
2025-04-11 14:21:45,854.0,760.0,848.6,827.7,837.9,826.4,841.9,833.6,829.2,827.2,601.1,958.7,2.5,17.1
2025-04-11 14:21:50,853.7,775.1,848.1,840.6,844.6,844.7,853.2,847.0,842.2,855.4,626.2,971.0,2.3,17.1
2025-04-11 14:21:55,858.8,778.1,849.2,842.4,836.7,839.7,847.9,850.3,842.3,849.5,615.8,974.5,2.4,17.2
2025-04-11 14:22:00,852.3,772.2,844.8,835.2,837.3,836.6,843.7,846.7,841.9,858.6,626.3,972.2,2.7,17.2
2025-04-11 14:22:05,855.8,782.5,850.5,847.3,847.6,847.4,854.6,855.3,849.6,862.3,628.2,978.7,2.3,17.2
2025-04-11 14:22:10,857.1,781.3,848.4,845.2,844.3,847.3,850.6,852.9,847.6,852.0,616.7,974.0,2.0,17.2
2025-04-11 14:22:15,856.6,777.9,847.8,838.8,841.2,841.1,848.3,850.3,850.2,855.0,617.4,970.1,1.8,17.2
2025-04-11 14:22:20,851.6,779.5,842.3,840.2,833.2,843.5,836.1,846.7,844.0,842.5,601.8,971.5,1.4,17.2
2025-04-11 14:22:25,848.4,768.2,839.3,829.9,833.1,833.2,838.5,839.5,836.9,843.6,603.9,959.2,1.3,17.2
2025-04-11 14:22:30,834.6,770.6,827.4,826.8,822.7,828.5,828.4,839.5,834.8,837.7,595.8,956.4,1.1,17.2
2025-04-11 14:22:35,830.5,759.4,822.8,817.2,817.8,819.6,823.9,829.5,826.3,829.4,586.7,944.2,1.1,17.2
2025-04-11 14:22:40,829.4,756.3,823.1,816.8,817.7,819.1,822.0,823.5,818.3,819.9,575.9,939.5,1.2,17.2
2025-04-11 14:22:45,828.1,750.0,818.4,809.3,810.4,812.1,816.2,817.4,815.2,821.3,576.2,932.7,1.1,17.2
2025-04-11 14:22:50,831.1,748.0,820.4,806.1,810.8,806.4,812.5,816.5,813.7,814.4,567.8,931.4,1.5,17.2
2025-04-11 14:22:55,824.1,749.4,818.6,812.4,812.3,816.8,819.0,824.8,823.2,829.6,582.8,937.9,1.9,17.2
2025-04-11 14:23:00,832.0,754.1,820.9,813.4,813.5,815.8,818.7,822.5,820.0,827.5,580.7,938.4,2.6,17.2
2025-04-11 14:23:05,831.3,754.4,823.6,814.2,819.0,816.1,823.3,822.8,819.8,826.2,579.5,939.0,2.6,17.2
2025-04-11 14:23:10,831.2,763.2,824.5,821.9,816.3,821.9,822.2,827.4,823.7,833.0,584.2,948.1,2.1,17.2
2025-04-11 14:23:15,820.0,758.2,816.7,818.5,816.6,821.9,823.6,828.2,823.4,829.7,582.6,944.8,1.9,17.2
2025-04-11 14:23:20,816.3,755.8,807.8,812.0,803.8,817.5,821.4,827.8,823.4,833.3,583.5,938.3,1.9,17.2
2025-04-11 14:23:25,811.7,741.6,806.3,799.1,802.1,805.0,808.7,812.3,810.7,815.0,563.4,922.1,2.1,17.2
2025-04-11 14:23:30,817.7,748.3,812.2,806.8,806.0,809.9,809.4,816.5,812.6,818.6,566.6,930.3,2.0,17.2
2025-04-11 14:23:35,819.6,744.4,812.4,803.0,805.0,806.5,810.2,812.5,807.4,812.1,559.2,926.3,2.0,17.2
2025-04-11 14:23:40,807.7,745.1,799.6,798.6,799.5,805.4,803.9,811.6,806.5,809.9,553.8,922.2,1.6,17.2
2025-04-11 14:23:45,807.9,736.9,799.3,792.4,790.7,795.3,794.6,800.5,798.5,798.6,541.2,904.6,1.4,17.2
2025-04-11 14:23:50,804.4,725.4,794.6,784.5,787.2,790.7,792.9,798.9,796.9,799.8,541.4,901.6,1.2,17.2
2025-04-11 14:23:55,799.1,725.9,790.9,782.3,784.5,786.0,791.1,796.6,795.8,797.4,540.1,902.8,1.0,17.2
2025-04-11 14:24:00,803.4,732.1,800.1,795.0,787.7,787.7,795.6,796.2,795.3,810.0,555.9,911.5,0.9,17.2
2025-04-11 14:24:05,804.9,735.6,798.7,793.0,793.6,793.3,798.8,801.0,797.8,799.3,541.0,912.5,0.7,17.2
2025-04-11 14:24:10,804.5,731.3,795.9,785.1,788.7,786.6,793.2,794.3,792.6,795.6,536.0,906.0,0.5,17.2
2025-04-11 14:24:15,793.1,727.6,784.3,780.9,777.0,780.4,786.9,791.8,787.5,781.5,519.5,900.3,0.4,17.2
2025-04-11 14:24:20,791.9,716.3,783.8,773.2,774.5,773.4,777.9,777.7,774.5,775.4,513.4,889.7,0.5,17.2
2025-04-11 14:24:25,785.0,717.2,773.1,770.1,766.5,767.7,770.5,770.8,766.5,766.7,502.5,881.9,0.9,17.2
2025-04-11 14:24:30,777.9,697.5,763.9,749.2,753.3,747.2,754.2,758.2,753.9,747.4,480.2,866.2,1.1,17.2
2025-04-11 14:24:35,769.9,688.8,758.1,743.0,748.1,747.1,749.5,749.1,745.3,747.6,479.4,858.2,1.1,17.2
2025-04-11 14:24:40,769.2,687.4,752.3,742.1,741.2,741.8,742.0,745.7,743.9,741.4,470.2,849.3,0.9,17.3
2025-04-11 14:24:45,760.3,675.4,747.4,731.6,739.0,734.3,744.7,742.9,742.0,745.1,475.7,848.7,1.0,17.3
2025-04-11 14:24:50,761.2,683.4,749.3,738.3,740.8,738.1,746.0,745.0,743.8,745.4,474.8,849.8,1.3,17.3
2025-04-11 14:24:55,745.9,679.3,735.8,734.0,731.2,738.7,737.3,744.2,738.7,737.7,472.4,844.8,1.1,17.3
2025-04-11 14:25:00,740.5,673.4,732.0,727.4,725.4,728.5,727.8,731.6,727.1,720.8,444.2,837.3,1.0,17.3
2025-04-11 14:25:05,735.1,655.8,721.8,713.1,713.3,715.9,717.9,720.6,718.5,722.7,447.7,818.7,0.8,17.3
2025-04-11 14:25:10,740.9,655.0,730.2,713.5,720.7,715.5,724.1,721.7,720.7,720.0,442.0,819.6,0.7,17.3
2025-04-11 14:25:15,743.9,667.0,736.7,726.7,731.1,728.7,729.9,729.1,727.8,735.1,460.5,832.9,0.8,17.3
2025-04-11 14:25:20,755.7,680.9,745.8,731.0,738.3,736.9,744.2,748.4,744.9,748.6,473.4,847.8,1.0,17.3
2025-04-11 14:25:25,747.1,688.3,734.1,743.1,740.4,746.2,745.0,753.3,748.9,751.2,472.6,849.7,1.1,17.3
2025-04-11 14:25:30,746.7,676.9,736.3,729.1,731.1,734.2,737.6,741.8,739.7,739.7,462.3,840.5,1.1,17.3
2025-04-11 14:25:35,752.6,678.6,738.5,732.9,729.1,730.8,733.3,735.2,732.5,734.4,455.6,835.9,1.1,17.3
2025-04-11 14:25:40,748.2,672.6,736.4,727.8,726.1,726.9,728.3,732.4,732.5,734.3,452.3,837.6,1.0,17.3
2025-04-11 14:25:45,737.7,666.0,727.8,720.7,719.9,722.7,727.8,734.6,734.5,732.6,448.9,827.5,0.9,17.3
2025-04-11 14:25:50,736.9,664.9,731.9,724.2,728.8,727.9,732.5,734.3,732.3,735.0,452.1,829.2,0.8,17.3
2025-04-11 14:25:55,736.0,670.6,727.1,725.9,723.8,729.3,727.3,733.9,731.2,732.3,449.4,833.2,1.0,17.4
2025-04-11 14:26:00,738.7,667.6,733.7,721.3,723.1,722.9,729.0,728.5,724.5,728.6,448.0,832.4,1.3,17.4
2025-04-11 14:26:05,744.5,679.8,735.0,732.3,733.1,733.6,737.9,739.1,730.9,731.5,446.7,842.9,1.6,17.4
2025-04-11 14:26:10,735.8,675.5,722.2,724.9,715.1,723.5,718.1,727.0,722.2,715.7,426.6,816.4,2.6,17.4
2025-04-11 14:26:15,719.7,650.5,710.6,706.1,708.3,709.1,713.5,715.2,713.9,716.8,430.4,814.6,3.3,17.4
2025-04-11 14:26:20,727.9,658.1,722.0,716.9,720.1,720.5,726.5,725.5,722.5,730.3,444.3,829.3,3.6,17.5
2025-04-11 14:26:25,733.5,670.5,732.7,730.9,731.5,735.1,737.9,733.9,728.7,738.5,451.6,837.2,3.3,17.5
2025-04-11 14:26:30,747.3,678.6,746.8,740.5,745.0,745.9,752.9,749.0,748.1,760.4,472.0,847.4,2.8,17.5
2025-04-11 14:26:35,770.5,692.4,764.4,755.6,761.8,761.6,773.9,774.6,772.0,776.6,490.9,865.2,2.5,17.5
2025-04-11 14:26:40,783.8,712.9,778.6,770.2,775.8,771.8,777.2,781.8,774.8,777.1,490.0,885.2,2.1,17.5
2025-04-11 14:26:45,794.2,721.6,782.9,781.5,776.7,781.5,782.3,786.3,776.2,783.0,497.7,898.3,1.9,17.5
2025-04-11 14:26:50,796.4,714.2,779.8,773.5,775.1,775.1,781.7,778.0,769.3,774.6,488.0,892.1,2.1,17.5
2025-04-11 14:26:55,786.9,721.4,789.4,780.5,782.3,776.9,785.9,778.9,768.3,780.6,490.6,896.1,2.0,17.5
2025-04-11 14:27:00,780.5,713.7,775.8,770.3,770.4,772.6,777.2,779.7,775.1,776.2,481.3,884.4,1.8,17.5
2025-04-11 14:27:05,776.1,711.4,771.7,770.8,767.4,771.4,771.0,777.7,773.6,771.3,476.2,878.3,1.6,17.5
2025-04-11 14:27:10,785.7,713.6,778.5,768.9,775.4,774.1,781.5,783.4,778.1,783.2,488.0,888.5,1.5,17.5
2025-04-11 14:27:15,784.2,716.0,780.6,775.8,778.6,777.0,783.4,781.7,775.6,778.0,486.3,888.3,1.5,17.5
2025-04-11 14:27:20,788.9,714.4,776.9,771.1,769.5,770.1,771.6,775.2,770.3,769.2,477.1,886.1,2.1,17.5
2025-04-11 14:27:25,778.2,703.5,765.8,759.9,759.4,758.0,760.0,764.2,765.1,762.3,462.7,873.5,2.1,17.5
2025-04-11 14:27:30,772.9,693.1,763.5,754.4,755.6,752.8,758.1,760.6,762.5,773.9,472.0,862.5,2.0,17.5
2025-04-11 14:27:35,780.9,707.5,781.8,774.5,778.9,777.8,775.2,784.3,777.6,778.4,469.6,883.1,2.4,17.5
2025-04-11 14:27:40,787.7,713.3,788.8,771.6,790.5,777.7,799.1,791.4,789.5,794.6,494.0,886.5,3.2,17.5
2025-04-11 14:27:45,805.4,722.8,800.6,793.9,799.4,798.1,805.6,804.8,796.2,802.9,499.6,914.4,3.9,17.5
2025-04-11 14:27:50,804.7,739.4,799.1,792.7,790.8,797.1,799.0,799.0,794.5,795.6,488.8,905.3,4.0,17.5
2025-04-11 14:27:55,807.3,731.5,800.6,792.1,776.4,783.7,778.6,778.9,776.2,771.6,462.5,908.3,4.1,17.5
2025-04-11 14:28:00,792.8,716.7,791.1,786.9,786.0,787.2,788.2,792.8,787.6,788.8,479.0,899.4,4.1,17.5
2025-04-11 14:28:05,789.9,719.2,785.6,782.7,783.0,784.1,789.7,790.5,780.6,782.6,476.2,893.2,3.8,17.5
2025-04-11 14:28:10,793.6,723.2,788.2,783.0,779.2,781.1,790.8,786.5,773.1,787.6,473.9,894.5,3.6,17.5
2025-04-11 14:28:15,778.7,715.8,777.7,776.8,776.9,781.4,785.6,787.9,783.6,787.1,468.7,886.5,3.0,17.5
2025-04-11 14:28:20,783.8,715.5,775.1,776.2,760.8,777.0,747.0,785.0,778.8,783.5,452.4,885.9,2.9,17.5
2025-04-11 14:28:25,730.4,675.7,673.3,671.0,643.1,650.5,645.0,690.6,659.6,592.5,244.5,777.6,3.4,17.5
2025-04-11 14:28:30,671.2,573.4,660.3,631.9,604.0,601.8,615.2,608.1,598.7,569.5,218.6,731.4,2.9,17.4
2025-04-11 14:28:35,675.0,555.6,652.1,585.8,673.9,597.7,695.6,618.9,623.5,708.3,369.8,776.0,3.0,17.4
2025-04-11 14:28:40,670.2,616.1,666.4,646.4,686.6,678.5,664.3,685.2,691.3,731.0,390.2,734.1,3.0,17.4
2025-04-11 14:28:45,757.9,646.2,749.1,689.9,736.5,721.1,723.6,706.1,688.9,718.5,368.8,833.6,3.2,17.4
2025-04-11 14:28:50,750.2,662.3,712.2,710.4,692.7,737.3,665.0,748.4,717.0,674.6,304.7,807.9,3.1,17.4
2025-04-11 14:28:55,696.9,648.9,675.4,637.5,694.9,656.3,710.2,716.6,707.2,680.9,310.9,776.0,3.2,17.4
2025-04-11 14:29:00,664.0,646.6,638.7,657.8,607.9,636.4,605.8,622.7,609.9,604.0,235.4,760.4,3.2,17.4
2025-04-11 14:29:05,642.3,536.0,609.8,554.7,628.4,550.1,648.6,572.0,548.5,580.7,229.9,639.5,3.2,17.4
2025-04-11 14:29:10,718.1,558.4,705.8,678.1,758.5,730.5,718.2,670.6,716.3,817.7,476.5,769.9,3.0,17.3
2025-04-11 14:29:15,812.4,722.1,799.7,768.9,794.6,776.8,768.5,758.8,747.6,627.8,269.1,889.1,2.7,17.3
2025-04-11 14:29:20,834.5,648.1,771.5,658.0,712.5,652.0,692.1,611.2,632.9,618.2,259.0,769.8,2.6,17.3
2025-04-11 14:29:25,662.7,631.6,715.0,696.7,647.8,650.0,639.8,641.1,664.9,631.5,226.7,749.1,2.3,17.3
2025-04-11 14:29:30,597.2,575.6,545.4,548.4,513.5,558.4,516.9,571.5,651.5,561.5,162.6,630.2,2.4,17.3
2025-04-11 14:29:35,509.2,458.1,490.4,516.2,488.6,528.5,496.8,527.8,548.5,523.8,129.9,573.3,2.0,17.3
2025-04-11 14:29:40,498.4,434.5,507.4,502.2,539.7,537.0,602.5,619.4,708.5,690.5,305.8,559.7,1.6,17.3
2025-04-11 14:29:45,640.5,549.7,668.6,710.7,738.2,693.8,761.5,786.2,733.5,775.6,419.2,742.2,2.0,17.3
2025-04-11 14:29:50,614.7,714.9,699.0,690.9,783.7,679.0,824.0,709.6,742.0,718.8,386.5,784.7,2.5,17.3
2025-04-11 14:29:55,773.0,755.8,839.4,857.0,837.1,777.3,863.3,807.8,802.1,883.7,552.2,963.3,2.9,17.3
2025-04-11 14:30:00,853.5,801.0,858.3,864.3,860.6,866.8,862.9,869.5,855.5,876.1,539.0,976.1,4.7,17.3
2025-04-11 14:30:05,871.1,796.9,872.2,853.8,869.7,854.3,877.3,875.2,872.4,892.2,558.8,969.9,4.0,17.3
2025-04-11 14:30:10,880.6,812.6,879.4,876.6,873.5,880.8,882.2,886.1,879.3,898.5,565.3,991.2,4.0,17.3
2025-04-11 14:30:15,889.8,821.3,884.8,878.5,882.1,882.1,893.2,896.9,893.2,915.1,584.5,1001.0,4.5,17.3
2025-04-11 14:30:20,894.4,832.0,894.8,894.1,892.8,898.6,904.0,908.8,901.5,914.4,584.8,1009.4,4.0,17.3
2025-04-11 14:30:25,904.7,839.2,902.2,899.2,898.5,902.6,908.1,913.5,909.0,922.7,592.3,1018.0,3.0,17.2
2025-04-11 14:30:30,913.3,843.3,909.4,903.6,905.3,906.3,914.4,918.2,913.8,928.1,598.1,1024.0,2.5,17.2
2025-04-11 14:30:35,912.3,846.4,909.5,908.3,906.4,911.8,914.2,920.1,908.4,923.1,593.0,1026.8,2.4,17.2
2025-04-11 14:30:40,910.6,844.9,908.2,907.4,907.0,910.1,915.9,918.4,909.1,922.3,592.2,1024.6,2.6,17.2
2025-04-11 14:30:45,922.3,850.4,921.6,913.9,921.3,919.2,932.3,930.0,915.9,935.4,605.5,1031.6,2.7,17.2
2025-04-11 14:30:50,937.7,865.0,928.8,924.4,924.5,926.3,931.4,934.9,922.7,911.1,582.8,1044.4,2.7,17.2
2025-04-11 14:30:55,936.3,866.6,932.2,927.9,930.7,925.1,933.7,932.6,911.1,920.0,592.2,1045.2,2.8,17.2
2025-04-11 14:31:00,941.8,872.7,934.5,928.6,923.0,926.8,925.0,933.5,922.3,937.1,605.0,1049.8,2.5,17.2
2025-04-11 14:31:05,936.1,862.2,927.8,917.6,922.7,923.2,931.8,936.2,930.2,951.5,618.2,1035.8,2.4,17.2
2025-04-11 14:31:10,939.4,872.2,935.4,930.9,933.2,937.3,942.7,949.3,939.7,947.3,613.4,1052.6,2.2,17.2
2025-04-11 14:31:15,942.7,876.5,936.5,932.0,931.6,931.5,937.1,930.3,907.9,925.7,594.2,1050.6,2.3,17.2
2025-04-11 14:31:20,939.2,874.1,932.9,926.9,928.2,924.7,934.6,923.6,898.9,911.7,585.5,1043.6,2.0,17.2
2025-04-11 14:31:25,938.8,871.1,938.4,930.3,937.4,934.5,946.5,943.9,916.4,942.9,610.5,1044.0,2.2,17.1
2025-04-11 14:31:30,953.3,881.6,941.8,937.4,938.8,939.9,944.7,947.9,934.8,949.3,606.1,1054.8,1.8,17.2
2025-04-11 14:31:35,952.1,876.3,941.8,931.4,937.1,931.7,940.9,938.9,931.7,949.7,608.1,1050.6,1.8,17.2
2025-04-11 14:31:40,952.6,882.3,943.5,941.5,936.0,941.3,937.6,951.8,943.5,955.5,608.9,1060.4,1.8,17.2
2025-04-11 14:31:45,940.5,877.2,931.8,927.2,924.2,921.3,930.5,931.1,929.2,938.5,590.8,1048.4,1.4,17.2
2025-04-11 14:31:50,886.1,848.0,875.6,914.7,887.0,909.2,887.2,916.5,917.5,912.1,557.5,998.8,1.5,17.2
2025-04-11 14:31:55,887.5,806.9,891.3,857.7,883.3,866.1,882.1,875.5,863.5,819.2,488.9,963.2,1.6,17.2
2025-04-11 14:32:00,917.2,823.8,885.0,880.7,855.8,853.8,845.0,816.5,800.5,834.4,484.8,964.7,1.6,17.2
2025-04-11 14:32:05,828.9,785.3,850.6,852.5,858.9,862.0,869.6,862.5,854.3,858.6,507.9,946.7,1.5,17.2
2025-04-11 14:32:10,894.7,807.1,902.9,887.5,876.6,870.8,889.4,877.5,860.4,840.5,471.1,984.1,1.6,17.2
2025-04-11 14:32:15,920.5,777.2,867.6,798.9,858.2,831.1,893.1,879.8,878.3,929.3,544.8,908.5,1.4,17.2
2025-04-11 14:32:20,894.5,826.5,904.3,897.1,911.6,912.9,927.4,912.9,909.8,945.0,598.3,998.3,1.9,17.2
2025-04-11 14:32:25,937.0,864.4,930.4,923.0,921.0,926.8,930.9,939.4,927.7,937.2,581.2,1032.4,2.1,17.3
2025-04-11 14:32:30,936.0,856.4,929.2,916.1,915.3,903.1,910.8,902.0,904.4,902.5,551.3,1021.6,1.9,17.3
2025-04-11 14:32:35,938.8,861.6,931.5,922.5,923.5,917.6,930.2,921.2,910.6,947.6,603.1,1037.2,2.4,17.3
2025-04-11 14:32:40,946.4,871.6,943.6,933.6,937.6,936.1,946.5,947.2,939.6,962.1,617.0,1050.8,2.9,17.3
2025-04-11 14:32:45,953.1,883.2,948.0,942.0,944.2,944.5,952.1,954.0,942.9,957.7,609.9,1060.4,3.2,17.3
2025-04-11 14:32:50,955.0,881.6,944.4,934.4,936.1,936.0,940.8,950.0,941.3,956.0,607.6,1046.0,2.9,17.4
2025-04-11 14:32:55,958.5,883.9,954.1,944.5,948.0,947.4,955.0,956.2,946.2,963.4,616.7,1056.6,2.8,17.4
2025-04-11 14:33:00,963.5,891.9,955.9,948.2,946.7,948.0,953.0,956.9,949.5,964.6,616.1,1061.8,2.8,17.4
2025-04-11 14:33:05,954.4,889.4,930.6,946.0,943.4,949.1,949.7,959.5,951.2,962.5,611.5,1056.2,2.0,17.4
2025-04-11 14:33:10,952.1,879.1,945.3,931.2,938.9,941.1,945.8,951.2,944.2,959.2,607.9,1051.6,2.4,17.5
2025-04-11 14:33:15,954.5,883.1,947.1,941.2,941.7,945.5,951.4,958.9,953.3,969.0,614.1,1052.6,2.3,17.5
2025-04-11 14:33:20,966.7,888.8,958.5,945.9,948.6,947.2,953.9,954.5,945.8,956.1,601.3,1060.4,2.2,17.5
2025-04-11 14:33:25,953.8,890.4,957.1,947.1,948.4,945.8,953.5,950.4,933.0,946.8,593.0,1061.0,2.1,17.5
2025-04-11 14:33:30,923.9,879.4,927.3,927.4,927.9,926.9,933.5,935.4,928.3,940.5,581.6,1037.8,1.9,17.5
2025-04-11 14:33:35,940.8,868.0,939.7,925.9,934.7,930.6,939.3,940.3,928.5,943.1,587.9,1031.4,1.6,17.6
2025-04-11 14:33:40,934.4,875.9,929.2,927.9,921.9,925.8,926.3,932.8,921.7,936.0,577.5,1038.4,1.5,17.6
2025-04-11 14:33:45,932.3,862.1,923.4,918.5,918.4,916.9,920.3,922.3,912.9,922.7,561.8,1023.6,2.1,17.6
2025-04-11 14:33:50,930.4,856.2,920.8,912.2,913.3,910.5,917.4,917.0,907.5,916.8,555.5,1018.2,1.8,17.6
2025-04-11 14:33:55,928.6,854.9,916.3,908.5,903.8,904.1,907.5,911.4,904.2,912.2,550.3,1003.2,1.5,17.6
2025-04-11 14:34:00,912.4,841.9,902.1,898.4,897.0,899.3,903.9,908.8,901.8,910.2,545.9,1000.0,1.3,17.6
2025-04-11 14:34:05,900.2,841.0,896.3,895.6,893.3,895.6,901.2,903.0,894.2,899.5,536.6,994.6,1.4,17.7
2025-04-11 14:34:10,901.7,835.7,896.4,889.8,889.5,888.7,896.7,897.5,888.4,900.4,538.1,991.2,2.0,17.7
2025-04-11 14:34:15,907.5,833.2,897.9,890.9,891.3,892.6,899.5,904.3,899.0,909.6,547.6,990.9,2.7,17.7
2025-04-11 14:34:20,909.4,837.1,900.5,892.0,894.3,894.5,903.9,906.5,901.9,912.3,549.6,992.9,2.4,17.7
2025-04-11 14:34:25,914.9,843.6,907.3,899.9,900.4,898.8,907.0,912.5,907.0,918.2,555.8,1001.6,1.9,17.7
2025-04-11 14:34:30,914.7,845.6,907.1,901.3,897.4,904.1,895.1,914.1,909.0,923.2,561.0,1002.2,1.6,17.7
2025-04-11 14:34:35,869.6,818.5,884.4,895.0,868.2,888.9,875.1,898.0,888.7,862.4,487.5,958.1,1.5,17.8
2025-04-11 14:34:40,808.7,754.4,821.1,816.0,813.9,826.7,834.3,835.0,833.1,853.8,489.8,902.3,1.8,17.8
2025-04-11 14:34:45,877.3,795.1,874.2,866.2,876.7,877.3,881.3,883.6,881.4,901.9,540.2,956.2,1.7,17.8
2025-04-11 14:34:50,891.7,823.2,886.0,881.7,882.4,884.6,890.4,894.9,888.1,899.8,536.4,980.1,2.1,17.8
2025-04-11 14:34:55,907.1,824.4,896.4,879.0,885.1,880.4,893.3,891.9,888.1,902.6,542.2,979.7,2.4,17.8
2025-04-11 14:35:00,905.7,831.0,897.2,888.3,891.2,889.5,898.7,899.8,889.7,904.6,545.1,986.1,2.4,17.8
2025-04-11 14:35:05,898.0,833.5,888.0,883.8,880.1,881.5,884.8,889.1,879.8,885.1,531.8,982.4,2.2,17.9
2025-04-11 14:35:10,882.3,820.4,870.9,867.8,864.5,866.5,870.9,874.9,869.9,880.5,518.0,963.3,2.0,17.9
2025-04-11 14:35:15,875.1,809.5,866.7,862.2,864.5,862.1,870.7,871.3,866.6,871.5,510.5,955.6,2.6,17.9
2025-04-11 14:35:20,864.3,802.5,851.6,850.7,843.8,847.6,856.8,863.4,857.7,859.3,495.5,944.6,2.7,17.9
2025-04-11 14:35:25,846.9,783.0,833.5,832.4,827.1,833.0,839.8,841.7,844.7,843.6,479.4,922.2,2.8,17.9
2025-04-11 14:35:30,840.0,774.7,833.5,828.3,830.4,830.6,838.9,840.7,834.2,838.1,478.4,918.8,2.5,17.9
2025-04-11 14:35:35,832.9,772.4,828.8,825.9,823.7,827.0,830.8,836.9,832.4,833.7,471.5,909.3,2.2,17.9
2025-04-11 14:35:40,830.7,769.8,824.9,818.8,818.7,819.6,824.9,827.7,820.0,827.9,467.6,904.9,1.9,18.0
2025-04-11 14:35:45,828.4,760.2,817.4,808.2,807.4,804.8,810.9,810.9,805.1,803.2,442.1,889.6,1.5,18.0
2025-04-11 14:35:50,821.6,752.3,806.7,799.2,794.3,793.4,796.3,797.8,790.6,790.1,428.6,873.9,1.2,17.9
2025-04-11 14:35:55,801.3,734.4,784.1,779.1,773.9,786.9,788.0,792.8,784.5,780.5,417.9,861.3,1.0,17.9
2025-04-11 14:36:00,784.3,721.5,772.3,768.6,765.9,766.2,769.7,772.3,765.3,769.7,408.0,847.1,0.9,17.9
2025-04-11 14:36:05,777.5,712.9,766.3,762.3,759.0,760.2,761.7,766.7,761.9,763.8,403.4,840.2,1.0,17.9
2025-04-11 14:36:10,764.4,700.6,755.3,752.8,751.8,752.6,756.4,758.3,751.4,748.9,390.3,824.7,0.8,18.0
2025-04-11 14:36:15,756.9,698.9,752.4,749.9,748.4,746.9,751.9,753.1,746.8,749.2,390.0,820.7,0.9,17.9
2025-04-11 14:36:20,750.6,693.3,737.4,739.9,730.7,737.6,731.2,740.7,732.6,737.9,378.3,813.7,1.2,17.9
2025-04-11 14:36:25,727.5,666.2,712.4,709.8,703.7,704.3,703.5,705.6,701.1,692.5,331.3,767.1,1.3,17.9
2025-04-11 14:36:30,710.1,644.5,694.0,690.7,684.4,686.6,682.8,688.4,683.5,669.8,305.8,746.0,1.1,18.0
2025-04-11 14:36:35,685.7,619.8,674.7,667.2,669.8,666.3,671.7,672.0,668.7,664.0,303.3,730.2,1.3,18.0
2025-04-11 14:36:40,673.7,612.4,661.3,658.7,657.1,658.0,658.5,662.3,658.2,657.5,294.6,720.1,1.5,18.0
2025-04-11 14:36:45,662.6,600.1,653.1,646.0,648.4,646.5,651.4,654.1,652.3,649.1,287.1,705.4,1.7,18.0
2025-04-11 14:36:50,651.6,594.5,644.3,644.0,644.3,646.4,652.1,657.4,657.3,656.4,295.8,699.6,2.3,18.0
2025-04-11 14:36:55,645.4,594.7,642.4,642.9,641.9,646.8,646.3,658.9,656.6,649.7,290.0,696.5,2.7,18.0
2025-04-11 14:37:00,642.3,595.1,639.3,639.8,636.6,639.5,637.6,644.6,639.6,624.8,264.1,684.3,2.3,18.0
2025-04-11 14:37:05,628.0,576.9,622.6,622.0,619.9,619.6,623.6,625.8,620.8,613.2,253.6,668.6,2.4,18.0
2025-04-11 14:37:10,619.2,562.1,609.2,614.5,611.6,609.8,614.1,615.8,612.5,606.2,247.1,658.7,2.2,18.0
2025-04-11 14:37:15,609.3,555.8,603.5,603.6,604.8,604.2,611.8,615.0,614.6,609.1,250.4,652.8,2.2,18.0
2025-04-11 14:37:20,610.5,554.5,607.5,606.0,608.9,609.5,614.4,619.8,619.6,616.0,258.1,652.7,2.5,18.0
2025-04-11 14:37:25,609.2,556.0,600.9,603.5,600.4,602.7,604.2,611.5,606.5,603.0,246.1,650.2,2.9,18.0
2025-04-11 14:37:30,597.0,546.1,590.3,598.1,594.8,598.0,599.8,606.2,601.6,592.8,235.8,639.7,2.8,18.0
2025-04-11 14:37:35,590.1,535.8,583.4,588.6,586.0,586.7,590.9,594.9,591.9,584.9,228.8,626.8,4.5,18.0
2025-04-11 14:37:40,587.0,533.2,579.5,583.4,579.8,581.7,583.2,588.7,584.2,573.6,218.0,617.0,3.9,18.0
2025-04-11 14:37:45,574.8,522.9,566.2,569.5,564.1,569.2,567.0,575.5,571.9,559.3,202.7,601.5,4.2,18.0
2025-04-11 14:37:50,557.3,509.6,556.6,557.0,555.5,556.4,556.9,562.3,557.6,546.7,189.5,590.7,3.8,18.0
2025-04-11 14:37:55,549.1,496.4,541.5,541.3,540.8,541.7,544.8,556.2,552.8,540.9,184.0,578.5,3.6,18.0
2025-04-11 14:38:00,543.6,489.2,538.7,537.4,540.2,539.3,543.6,547.1,545.8,538.8,183.3,572.1,3.1,18.0
2025-04-11 14:38:05,542.1,486.6,536.4,535.3,537.1,536.6,541.1,543.6,540.9,535.1,180.0,568.7,2.5,18.0
2025-04-11 14:38:10,545.2,484.2,538.5,532.5,535.7,529.9,538.7,539.0,534.7,527.3,173.3,566.7,2.1,18.0
2025-04-11 14:38:15,542.0,482.3,533.7,530.6,531.8,529.1,533.8,537.4,534.5,526.2,171.8,564.0,2.1,18.0
2025-04-11 14:38:20,540.1,479.8,531.4,528.1,528.8,526.6,529.4,533.1,530.0,516.7,161.1,552.6,2.1,17.9
2025-04-11 14:38:25,521.9,466.4,511.8,512.2,512.4,511.9,514.8,520.8,519.3,508.4,154.1,537.2,1.8,17.9
2025-04-11 14:38:30,512.0,456.1,505.4,503.5,507.8,506.6,510.2,512.7,508.8,499.5,146.4,531.3,1.5,17.9
2025-04-11 14:38:35,507.6,452.6,497.5,497.2,496.3,495.7,498.5,502.3,501.8,494.1,140.3,524.7,1.3,17.9
2025-04-11 14:38:40,497.5,442.2,488.3,487.4,487.2,488.2,490.3,497.0,498.0,488.7,134.9,508.0,1.1,17.9
2025-04-11 14:38:45,487.7,433.7,479.3,480.2,481.5,483.3,486.2,492.5,491.6,485.0,131.2,502.2,1.1,17.9
2025-04-11 14:38:50,492.6,433.7,484.4,481.2,484.4,482.9,487.4,490.9,488.9,481.0,130.0,503.5,1.0,17.9
2025-04-11 14:38:55,488.8,433.7,479.5,478.8,480.1,478.4,482.5,486.6,483.9,474.9,125.4,500.3,0.8,17.9
2025-04-11 14:39:00,480.5,431.7,476.9,476.2,477.1,476.3,479.3,482.7,479.9,466.3,116.8,492.1,0.6,17.9
2025-04-11 14:39:05,473.1,420.3,463.5,463.9,462.7,466.4,467.1,469.5,466.4,453.0,104.2,482.5,0.5,17.9
2025-04-11 14:39:10,464.5,411.5,454.6,458.1,458.1,456.4,458.3,461.1,459.2,448.6,101.1,470.4,0.4,17.9
2025-04-11 14:39:15,457.7,406.2,447.7,447.3,447.8,446.1,448.7,458.0,455.7,442.4,95.2,463.6,0.4,17.9
2025-04-11 14:39:20,448.3,398.0,439.4,440.3,440.8,439.7,441.5,445.0,443.3,431.8,86.0,448.6,0.3,17.9
2025-04-11 14:39:25,439.0,389.0,430.7,431.5,432.3,431.0,433.6,437.2,436.1,428.1,82.9,443.2,0.3,17.9
2025-04-11 14:39:30,428.8,380.3,420.4,426.3,426.2,426.2,427.4,433.0,432.1,418.5,73.6,432.1,0.4,17.9
2025-04-11 14:39:35,424.3,373.6,416.4,416.3,417.7,418.0,421.7,423.8,424.2,413.9,71.0,424.7,0.4,17.9
2025-04-11 14:39:40,420.6,371.8,412.3,413.1,413.5,412.4,416.2,419.0,418.7,408.5,67.8,416.0,0.4,17.9
2025-04-11 14:39:45,413.9,364.6,406.5,405.4,408.0,405.6,411.6,412.6,411.8,400.9,61.6,411.7,0.4,17.9
2025-04-11 14:39:50,405.6,359.6,398.2,399.2,404.5,402.3,405.7,406.0,405.1,396.6,58.6,404.7,0.3,17.9
2025-04-11 14:39:55,399.8,356.5,392.7,395.0,395.4,395.6,396.6,400.9,400.5,392.4,55.5,398.9,0.3,17.8
2025-04-11 14:40:00,388.9,349.0,382.4,387.2,388.2,388.7,390.8,396.0,396.1,384.7,49.3,384.9,0.3,17.8
2025-04-11 14:40:05,385.7,343.9,379.1,382.1,383.7,382.7,385.5,388.7,388.6,379.8,46.0,381.9,0.3,17.9
2025-04-11 14:40:10,385.3,339.9,377.6,378.6,381.5,379.0,383.7,385.0,384.2,374.8,44.2,377.0,0.4,17.9
2025-04-11 14:40:15,384.5,338.6,375.6,375.9,378.2,375.5,378.0,380.8,379.0,371.8,42.1,375.2,0.5,17.9
2025-04-11 14:40:20,374.7,332.5,364.4,366.9,374.1,372.0,373.3,376.5,374.7,354.9,25.5,364.8,0.5,17.9
2025-04-11 14:40:25,361.5,318.0,350.9,352.0,352.6,354.9,357.2,359.3,358.2,344.2,15.8,346.3,0.6,17.9
2025-04-11 14:40:30,352.4,308.5,342.1,341.1,347.2,344.1,346.2,347.9,347.1,334.5,8.3,333.9,0.6,17.9
2025-04-11 14:40:35,349.7,304.3,339.4,337.3,341.5,337.2,341.7,342.8,341.5,332.0,7.2,327.3,0.5,17.9
2025-04-11 14:40:40,349.0,302.5,339.5,335.7,342.2,336.5,342.9,342.9,341.3,336.5,16.0,327.4,0.5,17.9
2025-04-11 14:40:45,350.4,305.2,342.2,340.6,347.6,341.9,349.5,351.4,350.2,342.6,23.3,330.6,0.8,17.9
2025-04-11 14:40:50,351.0,309.6,343.1,341.8,347.2,343.0,348.3,350.0,348.6,339.5,22.3,332.2,1.1,17.9
2025-04-11 14:40:55,346.0,308.8,337.6,338.7,341.3,338.9,340.7,344.4,342.7,330.8,13.6,328.5,1.1,17.9
2025-04-11 14:41:00,337.5,301.3,330.5,331.0,333.8,330.9,333.9,341.2,339.9,326.6,10.6,318.4,0.9,17.9
2025-04-11 14:41:05,332.1,296.1,324.9,324.6,330.7,328.6,330.7,333.9,332.6,320.8,6.0,311.4,0.8,17.9
2025-04-11 14:41:10,328.3,292.9,321.0,321.1,325.2,322.3,325.2,327.7,326.9,317.9,4.3,307.1,0.8,17.9
2025-04-11 14:41:15,325.6,290.8,318.3,319.4,323.7,320.2,324.3,326.1,325.4,315.3,3.2,303.1,0.9,17.9
2025-04-11 14:41:20,324.3,290.0,317.6,317.7,321.9,318.2,322.4,323.6,323.0,313.6,2.4,300.5,0.9,17.9
2025-04-11 14:41:25,323.4,289.6,316.2,315.4,319.7,315.9,320.7,322.2,320.6,311.8,1.5,298.0,0.9,17.9
2025-04-11 14:41:30,321.7,288.2,313.9,313.7,318.2,315.3,319.2,320.3,319.8,310.9,1.3,296.7,1.6,17.9
2025-04-11 14:41:35,321.0,286.8,313.0,313.2,317.2,313.9,318.2,319.4,318.5,310.0,1.4,295.1,3.0,17.9
2025-04-11 14:41:40,320.9,286.1,312.6,312.1,317.1,313.4,317.9,319.1,318.0,309.9,2.1,294.0,2.7,18.0
2025-04-11 14:41:45,324.1,286.9,315.4,313.1,319.1,314.0,319.7,320.3,319.4,312.0,6.1,294.1,2.3,18.0
2025-04-11 14:41:50,324.6,289.6,317.1,315.0,320.5,315.4,321.2,321.3,320.7,312.6,7.2,295.8,2.1,18.0
2025-04-11 14:41:55,324.1,290.7,315.1,315.1,319.2,315.3,320.0,321.6,320.4,311.8,7.0,295.7,1.9,18.0
2025-04-11 14:42:00,323.5,290.5,315.4,314.3,319.3,315.6,320.1,321.0,320.2,311.8,7.7,294.5,2.2,18.0
2025-04-11 14:42:05,324.1,291.7,315.3,314.4,319.3,315.9,320.0,321.2,320.4,312.1,8.7,294.7,2.3,18.0
2025-04-11 14:42:10,325.8,292.2,317.1,316.3,319.9,315.9,320.2,321.4,320.6,312.3,10.6,295.0,2.0,17.9
2025-04-11 14:42:15,325.1,293.7,316.4,316.4,320.6,317.5,321.0,322.5,321.5,312.8,11.0,296.2,2.6,18.0
2025-04-11 14:42:20,323.2,293.3,315.1,315.3,319.1,316.1,319.0,321.2,320.4,310.8,9.8,292.9,3.7,17.9
2025-04-11 14:42:25,322.8,292.5,314.5,314.3,318.7,315.5,318.4,320.9,320.0,309.7,9.6,292.7,4.2,17.9
2025-04-11 14:42:30,321.0,292.1,313.1,312.9,315.4,312.8,316.0,318.8,317.7,306.7,8.4,290.3,3.6,17.9
2025-04-11 14:42:35,317.7,289.0,310.0,310.2,313.7,310.3,313.2,316.7,315.8,305.0,6.4,286.3,3.5,17.9
2025-04-11 14:42:40,316.3,287.1,307.4,308.7,312.4,309.0,312.5,315.3,314.8,304.0,5.5,284.7,3.3,17.9
2025-04-11 14:42:45,315.4,286.8,307.3,308.2,311.7,308.8,312.7,314.7,314.0,303.3,5.2,283.3,4.1,17.8
2025-04-11 14:42:50,314.4,285.6,305.5,306.4,309.7,306.4,309.8,311.7,312.2,301.9,4.6,281.4,4.2,17.8
2025-04-11 14:42:55,313.2,284.4,304.7,305.3,308.9,305.6,308.6,310.7,311.7,300.7,4.0,279.8,3.4,17.8
2025-04-11 14:43:00,312.4,283.2,303.5,304.0,307.7,304.0,307.3,309.7,310.0,298.2,3.0,277.5,3.2,17.8
2025-04-11 14:43:05,310.3,281.4,302.0,303.2,306.4,302.8,306.3,309.1,309.4,297.7,2.9,275.2,3.0,17.8
2025-04-11 14:43:10,310.1,280.7,301.5,301.3,306.3,303.4,306.0,308.1,308.6,297.0,3.3,275.0,3.3,17.7
2025-04-11 14:43:15,309.0,280.4,299.8,300.1,305.3,302.7,305.0,306.8,306.9,295.6,2.9,272.0,3.5,17.7
2025-04-11 14:43:20,307.8,279.4,298.6,298.8,303.6,301.2,303.4,305.3,305.7,294.2,2.1,270.2,3.0,17.7
2025-04-11 14:43:25,305.8,277.5,296.5,296.9,301.9,299.8,301.5,304.2,304.6,293.3,1.8,269.5,2.7,17.7
2025-04-11 14:43:30,305.2,276.9,296.4,296.1,300.9,298.8,300.6,302.3,303.2,292.1,1.7,267.4,3.5,17.6
2025-04-11 14:43:35,303.7,276.9,295.7,295.3,300.1,297.2,300.1,301.7,302.5,291.8,1.9,266.3,3.8,17.6
2025-04-11 14:43:40,303.0,276.7,294.7,294.6,299.4,296.0,299.3,301.2,301.9,290.9,2.1,265.2,3.0,17.6
2025-04-11 14:43:45,301.9,276.2,293.0,293.8,298.6,294.8,298.7,299.8,300.6,289.7,1.9,263.6,3.5,17.5
2025-04-11 14:43:50,301.0,275.3,292.6,292.7,297.9,293.7,297.0,298.3,299.2,288.3,1.3,261.6,4.2,17.5
2025-04-11 14:43:55,299.0,273.3,291.1,290.9,295.2,292.7,295.5,297.6,298.1,287.3,1.2,261.6,4.1,17.5
2025-04-11 14:44:00,297.8,272.8,289.9,289.4,294.1,291.4,295.1,296.7,296.8,286.5,1.2,260.0,3.0,17.4
2025-04-11 14:44:05,296.5,272.3,289.5,288.7,293.5,290.5,293.4,295.7,296.1,285.4,1.2,257.8,2.3,17.4
2025-04-11 14:44:10,295.2,272.0,287.0,288.2,292.9,289.4,293.3,294.9,295.2,284.4,1.1,257.5,1.8,17.4
2025-04-11 14:44:15,294.8,271.8,286.4,287.1,291.4,288.8,292.4,293.7,293.9,283.0,0.9,256.9,1.5,17.4
2025-04-11 14:44:20,293.0,270.5,285.2,285.5,290.6,286.8,291.0,292.7,293.1,281.6,0.7,254.0,1.3,17.3
2025-04-11 14:44:25,291.9,269.7,283.6,283.7,289.0,286.6,289.2,291.4,292.1,280.7,0.3,253.0,1.6,17.3
2025-04-11 14:44:30,290.0,268.9,281.7,283.2,287.7,285.1,288.1,290.8,291.2,279.4,0,250.7,2.1,17.3
2025-04-11 14:44:35,288.9,267.3,281.0,282.1,287.0,283.8,287.9,289.4,289.5,277.9,0,249.6,2.3,17.3
2025-04-11 14:44:40,287.6,266.7,280.0,280.8,285.8,282.7,286.3,288.0,288.1,276.9,0,247.7,2.0,17.3
2025-04-11 14:44:45,286.7,265.7,279.7,279.8,284.6,281.8,284.8,287.2,286.8,275.4,0,246.1,2.4,17.3
2025-04-11 14:44:50,285.3,265.0,278.4,279.2,284.6,280.8,284.2,285.5,285.1,274.3,0,245.1,2.4,17.2
2025-04-11 14:44:55,284.2,264.5,277.5,278.1,283.5,279.8,282.8,284.1,284.8,273.2,0,243.1,2.1,17.2
2025-04-11 14:45:00,283.2,263.7,275.9,277.5,282.2,278.7,281.6,283.4,283.1,272.1,0,242.0,2.8,17.2
2025-04-11 14:45:05,282.2,262.9,274.9,275.1,280.9,277.6,279.9,282.2,281.9,271.5,0,241.7,2.8,17.2
2025-04-11 14:45:10,281.0,261.8,273.6,273.6,280.4,277.1,279.5,281.7,281.2,270.0,0,239.8,2.9,17.1
2025-04-11 14:45:15,279.9,261.0,272.7,272.6,278.1,274.8,278.1,278.9,280.3,268.9,0,237.7,3.1,17.1
2025-04-11 14:45:20,278.9,260.4,271.1,271.9,277.1,274.2,276.1,278.5,278.8,267.9,0,236.8,3.3,17.1
2025-04-11 14:45:25,277.3,258.8,270.3,270.4,276.2,272.9,276.2,277.0,277.6,266.6,0,236.2,3.4,17.1
2025-04-11 14:45:30,276.2,257.3,269.8,268.9,274.9,271.5,275.3,276.4,276.9,265.5,0,234.4,4.5,17.1
2025-04-11 14:45:35,276.1,257.0,269.5,268.3,274.4,270.8,274.2,275.7,274.9,264.1,0,233.1,3.3,17.0
2025-04-11 14:45:40,273.9,255.7,268.3,267.0,272.7,269.4,272.4,273.4,274.0,263.0,0,230.9,2.4,17.0
2025-04-11 14:45:45,272.8,253.7,266.7,265.4,271.2,268.3,271.6,272.5,272.4,261.9,0,230.2,2.2,17.0
2025-04-11 14:45:50,272.2,253.3,265.7,264.7,270.1,266.9,269.7,271.3,271.3,260.6,0,228.4,2.1,17.0
2025-04-11 14:45:55,270.3,252.6,264.4,264.1,268.3,265.7,268.8,270.1,270.3,259.5,0,226.4,2.1,16.9
2025-04-11 14:46:00,269.8,251.8,262.6,263.6,267.2,264.5,267.8,268.9,269.4,258.9,0,226.2,2.1,16.9
2025-04-11 14:46:05,268.2,250.9,261.1,261.4,265.6,263.6,265.5,267.5,267.6,257.4,0,225.0,2.5,16.9
2025-04-11 14:46:10,267.3,250.5,260.0,261.0,265.1,261.9,264.5,267.2,266.4,256.4,0,223.4,3.2,16.9
2025-04-11 14:46:15,265.8,249.4,258.4,259.0,264.2,261.8,263.8,266.9,266.6,254.9,0,222.2,2.8,16.9
2025-04-11 14:46:20,264.7,248.3,257.6,258.2,263.0,260.7,262.5,265.2,264.1,254.0,0,221.0,3.3,16.9
2025-04-11 14:46:25,263.7,247.5,256.2,257.3,262.3,258.7,261.1,263.5,263.1,253.0,0,220.9,3.3,16.8
2025-04-11 14:46:30,262.8,246.9,256.1,256.6,261.1,258.0,259.8,262.2,262.1,251.6,0,219.5,3.6,16.8
2025-04-11 14:46:35,261.5,245.7,254.4,255.2,260.0,256.5,258.5,261.9,260.9,250.7,0,218.3,3.3,16.8
2025-04-11 14:46:40,261.0,245.5,253.8,254.3,259.2,256.0,258.3,260.7,260.4,249.4,0,217.0,3.0,16.8
2025-04-11 14:46:45,259.7,244.7,252.6,252.9,258.1,254.6,257.1,259.4,259.2,248.3,0,216.2,3.0,16.8
2025-04-11 14:46:50,258.3,243.6,251.6,252.0,257.1,253.8,256.0,258.2,257.7,247.2,0,214.7,2.7,16.7
2025-04-11 14:46:55,257.1,241.4,250.5,250.2,255.7,253.1,255.5,257.6,257.3,246.5,0,214.1,2.7,16.7
2025-04-11 14:47:00,256.1,240.1,248.9,249.3,254.5,250.8,253.5,256.2,255.5,244.6,0,212.9,2.2,16.7
2025-04-11 14:47:05,255.2,239.3,248.6,247.7,253.6,250.2,252.2,254.9,253.8,244.2,0,211.7,2.0,16.7
2025-04-11 14:47:10,253.7,238.0,247.1,246.6,252.3,249.2,251.3,252.9,253.4,242.9,0,210.6,1.5,16.7
2025-04-11 14:47:15,253.1,237.4,245.8,246.1,250.7,247.8,249.9,252.7,252.7,242.0,0,209.5,1.4,16.7
2025-04-11 14:47:20,251.6,237.4,245.2,244.8,250.0,247.6,248.9,251.1,251.0,240.6,0,207.6,1.6,16.7
2025-04-11 14:47:25,251.1,236.6,243.7,243.6,248.0,245.8,248.4,250.4,250.3,239.7,0,207.3,1.6,16.7
2025-04-11 14:47:30,250.3,236.1,242.5,243.6,247.5,244.4,246.7,248.1,248.9,238.6,0,206.7,3.2,16.6
2025-04-11 14:47:35,248.9,235.2,241.4,242.9,246.4,244.1,245.7,247.9,247.8,237.4,0,206.2,3.9,16.6
2025-04-11 14:47:40,248.1,232.9,240.4,242.0,245.5,243.8,244.4,247.2,247.1,236.4,0,205.5,3.8,16.6
2025-04-11 14:47:45,247.3,232.6,239.3,240.7,244.7,242.5,243.7,245.8,245.5,235.0,0,204.9,3.4,16.6
2025-04-11 14:47:50,246.0,230.9,238.5,238.7,243.1,240.8,242.7,244.6,244.7,234.0,0,203.2,3.5,16.6
2025-04-11 14:47:55,245.1,230.1,237.7,238.2,242.6,239.9,241.4,243.0,243.4,233.0,0,202.0,2.9,16.6
2025-04-11 14:48:00,243.4,229.4,236.2,237.0,241.4,238.1,240.5,242.1,242.8,231.8,0,201.2,2.4,16.6
2025-04-11 14:48:05,242.3,228.5,235.2,235.3,240.3,237.3,239.0,240.9,241.6,230.8,0,200.3,3.0,16.6
2025-04-11 14:48:10,241.5,227.4,233.8,234.7,239.4,236.2,238.2,240.7,241.2,230.2,0,199.5,3.5,16.6
2025-04-11 14:48:15,240.1,225.8,232.7,232.6,237.9,234.3,237.0,240.2,240.6,229.0,0,198.6,4.0,16.5
2025-04-11 14:48:20,239.4,224.9,232.1,232.3,237.2,233.9,236.3,239.0,239.8,228.0,0,197.0,3.5,16.5
2025-04-11 14:48:25,237.6,224.0,231.0,231.6,236.8,233.6,235.5,237.7,238.9,226.7,0,195.9,3.7,16.5
2025-04-11 14:48:30,237.1,223.3,230.1,230.8,235.0,233.1,234.3,236.8,237.7,225.7,0,195.7,3.5,16.5
2025-04-11 14:48:35,236.5,222.3,227.9,229.8,233.8,231.9,232.8,235.0,236.6,224.7,0,195.6,3.6,16.5
2025-04-11 14:48:40,235.7,221.4,227.4,229.1,233.6,231.9,232.3,234.6,235.2,223.3,0,194.6,3.8,16.4
2025-04-11 14:48:45,234.1,220.8,226.8,227.6,232.3,229.5,231.3,233.8,234.1,222.2,0,193.7,3.9,16.4
2025-04-11 14:48:50,232.9,219.8,225.0,227.4,231.7,229.1,230.2,231.9,233.2,221.7,0,193.3,3.8,16.4
2025-04-11 14:48:55,231.8,218.9,224.2,225.5,230.3,227.7,229.6,231.0,231.8,220.5,0,192.0,4.2,16.4
2025-04-11 14:49:00,230.8,218.0,223.2,224.9,229.4,226.7,228.4,230.6,231.1,219.6,0,191.3,4.0,16.4
2025-04-11 14:49:05,229.8,217.2,222.4,224.2,227.8,225.8,227.7,230.2,230.9,218.5,0,191.0,4.0,16.4
2025-04-11 14:49:10,229.0,216.1,221.6,222.4,226.8,224.0,226.5,228.7,229.2,217.5,0,189.6,3.9,16.3
2025-04-11 14:49:15,227.7,215.0,220.5,221.3,226.1,222.5,225.7,227.7,227.8,216.5,0,188.6,3.7,16.3
2025-04-11 14:49:20,226.8,213.6,219.4,220.5,225.3,221.7,224.8,226.6,227.2,215.4,0,187.4,3.4,16.3
2025-04-11 14:49:25,226.1,212.1,218.4,219.4,224.3,221.6,223.3,224.7,226.1,214.5,0,186.9,3.1,16.3
2025-04-11 14:49:30,225.0,211.1,217.2,218.2,222.5,221.3,223.2,224.0,225.2,213.5,0,186.1,3.0,16.3
2025-04-11 14:49:35,223.8,209.8,216.3,217.2,221.7,219.2,221.3,223.0,223.7,212.5,0,185.8,3.5,16.2
2025-04-11 14:49:40,223.2,209.2,215.6,216.4,220.9,218.3,220.6,221.1,221.9,211.7,0,184.6,3.4,16.2
2025-04-11 14:49:45,222.1,208.7,214.8,215.7,220.1,217.0,219.8,221.1,221.5,210.6,0,183.7,3.1,16.2
2025-04-11 14:49:50,220.8,207.7,213.7,214.8,219.0,216.9,218.3,220.1,220.9,209.7,0,183.0,3.5,16.2
2025-04-11 14:49:55,220.4,207.0,213.1,213.9,218.1,215.2,217.6,218.8,219.8,208.8,0,181.8,3.7,16.2
2025-04-11 14:50:00,219.2,205.9,211.9,212.7,217.2,214.6,216.7,217.5,219.3,208.1,0,181.2,3.1,16.2
2025-04-11 14:50:05,217.9,204.3,210.7,211.6,216.6,213.3,216.0,217.3,218.5,207.3,0,180.7,2.8,16.1
2025-04-11 14:50:10,217.5,204.1,209.5,211.0,215.6,212.1,214.8,216.3,217.5,206.4,0,180.4,2.6,16.1
2025-04-11 14:50:15,216.7,203.1,209.2,210.2,214.7,211.1,214.1,215.6,216.6,205.6,0,179.7,3.4,16.1
2025-04-11 14:50:20,215.8,202.6,208.3,209.6,213.4,210.6,213.4,215.0,215.8,205.3,0,179.4,3.5,16.1
2025-04-11 14:50:25,214.9,201.6,207.6,208.2,212.8,210.1,212.8,213.7,214.3,204.5,0,178.7,2.9,16.1
2025-04-11 14:50:30,214.1,201.0,206.8,207.7,211.9,210.1,211.9,213.3,213.5,203.5,0,178.1,2.8,16.0
2025-04-11 14:50:35,213.2,199.7,206.0,206.9,211.4,210.1,211.5,212.8,213.5,203.1,0,177.5,3.0,16.0
2025-04-11 14:50:40,212.6,198.4,205.4,206.4,210.7,208.4,210.1,211.9,212.3,202.5,0,176.9,3.7,16.0
2025-04-11 14:50:45,212.0,198.3,204.9,205.9,210.0,207.9,209.5,211.4,211.9,202.0,0,176.9,3.8,16.0
2025-04-11 14:50:50,211.8,197.8,204.6,205.7,209.5,207.7,209.2,211.0,211.1,201.4,0,176.6,3.1,15.9
2025-04-11 14:50:55,210.9,196.8,203.8,204.8,209.0,207.1,208.7,210.2,210.4,200.9,0,176.7,2.7,15.9
2025-04-11 14:51:00,210.5,196.5,203.5,204.5,208.4,206.5,208.0,209.7,210.0,200.4,0,176.7,2.5,15.9
2025-04-11 14:51:05,209.7,195.6,202.8,203.3,207.6,205.6,207.3,209.1,209.3,200.0,0,176.1,2.3,15.9
2025-04-11 14:51:10,209.3,195.0,202.1,203.3,207.2,205.1,206.9,208.5,208.8,199.6,0,175.7,2.8,15.9
2025-04-11 14:51:15,209.0,194.6,201.9,202.7,206.5,204.5,206.2,208.4,208.6,199.3,0,175.7,3.0,15.9
2025-04-11 14:51:20,208.4,194.1,201.5,202.4,206.3,204.1,205.8,207.4,207.9,198.8,0,175.3,3.3,15.8
2025-04-11 14:51:25,207.8,193.7,201.3,202.2,205.7,204.0,205.4,207.0,207.5,198.6,0,175.3,3.4,15.8
2025-04-11 14:51:30,207.3,193.2,200.9,201.7,205.2,203.8,204.8,206.4,207.0,198.0,0,175.5,3.1,15.8
2025-04-11 14:51:35,206.9,193.0,200.5,201.5,204.8,203.6,204.5,206.1,206.5,197.9,0,175.4,2.9,15.8
2025-04-11 14:51:40,206.4,192.5,200.1,201.2,204.4,203.2,204.2,205.9,206.3,197.5,0,175.2,3.0,15.8
2025-04-11 14:51:45,206.1,192.0,199.7,200.8,203.7,202.3,203.6,205.4,205.8,197.2,0,175.1,3.2,15.8
2025-04-11 14:51:50,205.7,191.7,199.3,200.4,203.4,202.1,203.4,205.1,205.8,196.9,0,174.9,3.5,15.7
2025-04-11 14:51:55,205.2,191.7,199.3,200.0,203.3,201.8,203.2,205.0,205.6,196.7,0,174.7,3.4,15.7
2025-04-11 14:52:00,205.1,191.6,199.2,199.5,202.9,201.5,202.8,204.8,205.4,196.5,0,174.7,3.0,15.7
2025-04-11 14:52:05,205.0,191.5,199.1,199.5,202.7,201.4,202.9,204.6,205.2,196.3,0,174.7,3.4,15.7
2025-04-11 14:52:10,205.0,190.9,199.0,199.3,202.4,201.1,202.8,204.4,204.9,196.1,0,174.7,2.8,15.7
2025-04-11 14:52:15,204.8,190.6,198.8,199.4,202.3,201.2,202.7,204.3,204.7,196.0,0,174.8,2.7,15.7
2025-04-11 14:52:20,204.6,190.5,198.7,199.5,202.1,201.4,202.4,204.1,204.4,195.9,0,174.9,2.9,15.6
2025-04-11 14:52:25,204.7,190.6,198.3,199.3,202.0,201.2,202.2,204.2,204.3,195.8,0,175.2,3.3,15.6
2025-04-11 14:52:30,204.6,190.5,198.1,199.1,201.9,201.0,202.0,204.3,204.2,195.7,0,175.2,3.4,15.6
2025-04-11 14:52:35,204.5,191.5,198.2,199.5,202.1,201.3,202.0,204.1,204.1,195.7,0,176.0,4.2,15.6
2025-04-11 14:52:40,204.7,191.8,198.3,199.9,202.2,201.2,202.2,204.1,204.2,195.8,0,176.7,3.1,15.6
2025-04-11 14:52:45,204.8,191.3,198.7,200.1,202.3,201.3,202.2,204.1,204.2,195.8,0,177.5,5.0,15.6
2025-04-11 14:52:50,205.0,191.2,198.8,200.2,202.3,201.6,202.5,204.2,204.3,196.0,0,177.8,4.9,15.6
2025-04-11 14:52:55,205.0,191.4,199.0,200.2,202.4,202.2,202.6,204.5,204.3,196.0,0,177.7,4.4,15.5
2025-04-11 14:53:00,205.5,191.7,199.3,200.6,202.7,202.5,202.8,204.6,204.5,196.3,0,178.4,4.0,15.5
2025-04-11 14:53:05,205.8,191.8,199.5,200.8,202.9,202.2,203.0,204.7,204.6,196.5,0,179.0,4.4,15.5
2025-04-11 14:53:10,206.3,191.9,199.9,200.9,203.0,202.1,203.4,204.9,204.9,196.8,0,179.5,4.2,15.5
2025-04-11 14:53:15,206.5,191.9,200.1,201.2,203.4,202.1,203.9,205.2,205.3,197.0,0,179.7,3.9,15.5
2025-04-11 14:53:20,207.1,192.0,200.4,201.2,203.8,202.1,204.1,205.6,205.7,197.4,0,180.3,3.9,15.4
2025-04-11 14:53:25,207.4,192.2,200.7,201.3,204.1,202.4,204.3,206.3,206.0,197.8,0,180.5,3.4,15.4
2025-04-11 14:53:30,207.6,192.3,200.9,201.4,204.4,203.2,204.5,206.6,206.4,198.1,0,180.7,2.7,15.4
2025-04-11 14:53:35,207.9,192.4,201.1,201.5,204.6,203.5,204.9,207.0,206.9,198.5,0,181.0,2.6,15.4
2025-04-11 14:53:40,208.2,192.5,201.5,201.7,204.9,203.6,205.5,207.4,207.3,198.9,0,181.4,2.3,15.4
2025-04-11 14:53:45,208.4,193.1,201.9,202.2,205.3,204.4,206.1,207.5,207.7,199.3,0,182.3,2.3,15.4
2025-04-11 14:53:50,208.7,193.2,202.3,202.6,205.7,204.4,206.4,207.9,208.1,199.7,0,182.4,2.6,15.4
2025-04-11 14:53:55,209.0,193.4,202.6,202.9,206.1,204.7,206.8,208.2,208.4,200.1,0,182.8,2.4,15.4
2025-04-11 14:54:00,209.4,193.7,203.2,203.7,206.5,205.0,207.0,208.6,208.6,200.3,0,183.2,2.2,15.4
2025-04-11 14:54:05,209.9,194.3,203.7,204.1,207.0,205.5,207.3,208.8,208.9,201.0,0,184.6,1.9,15.3
2025-04-11 14:54:10,210.3,194.6,204.0,204.5,207.3,205.8,207.9,209.3,209.4,201.2,0,184.6,2.2,15.3
2025-04-11 14:54:15,210.9,195.0,204.6,204.9,207.7,206.4,208.1,209.4,209.7,201.9,0,185.2,2.3,15.3
2025-04-11 14:54:20,211.5,195.4,205.2,205.4,208.3,207.0,208.8,210.0,210.1,202.6,0,185.9,2.2,15.3
2025-04-11 14:54:25,211.9,195.9,205.8,206.0,208.9,207.6,209.5,211.2,210.9,203.2,0,186.7,2.4,15.3
2025-04-11 14:54:30,212.6,196.5,206.5,206.3,209.3,208.2,209.8,211.7,211.4,203.9,0,187.3,2.4,15.3
2025-04-11 14:54:35,213.3,196.9,207.0,207.5,210.3,209.2,211.3,212.4,212.1,204.7,0,188.2,2.0,15.3
2025-04-11 14:54:40,214.2,197.3,207.3,207.9,210.8,209.5,211.2,213.3,213.4,205.6,0,189.9,2.0,15.3
2025-04-11 14:54:45,215.2,198.3,208.9,209.4,212.2,210.5,212.8,214.7,214.4,206.6,0,190.9,2.0,15.3
2025-04-11 14:54:50,216.3,199.4,209.3,210.2,212.8,211.6,213.8,215.8,215.2,207.5,0,191.6,2.1,15.2
2025-04-11 14:54:55,217.0,199.7,210.4,211.5,214.2,213.4,215.7,217.1,216.2,208.3,0,192.9,2.3,15.2
2025-04-11 14:55:00,218.1,200.5,212.5,212.9,215.5,214.4,216.9,218.3,217.6,210.6,0,194.0,2.1,15.2
2025-04-11 14:55:05,219.8,201.6,213.8,213.9,217.3,215.6,218.1,219.6,218.4,211.0,0,195.2,2.5,15.2
2025-04-11 14:55:10,221.2,203.1,216.4,216.3,219.3,216.9,220.1,221.9,220.1,212.9,0,196.7,2.5,15.2
2025-04-11 14:55:15,222.9,205.0,217.8,218.3,220.4,219.0,221.4,222.7,221.0,214.7,0,199.2,2.3,15.2
2025-04-11 14:55:20,225.3,207.8,219.9,219.0,221.4,219.7,222.8,223.6,222.9,217.0,0,201.5,2.3,15.2
2025-04-11 14:55:25,227.8,209.8,221.2,221.2,224.4,222.5,224.4,226.8,225.4,219.3,0,203.1,3.0,15.2
2025-04-11 14:55:30,229.4,212.0,223.6,223.4,226.7,225.3,226.2,228.5,226.7,221.1,0,205.3,2.8,15.2
2025-04-11 14:55:35,231.2,213.0,225.7,225.4,228.3,226.9,229.3,231.6,230.3,224.0,0,207.2,2.6,15.2
2025-04-11 14:55:40,234.8,216.2,228.3,228.2,231.1,229.0,231.9,234.1,231.6,226.5,0,210.1,3.3,15.2
2025-04-11 14:55:45,236.3,217.6,230.7,230.4,233.7,232.0,234.3,236.3,234.8,230.1,0,211.8,3.4,15.2
2025-04-11 14:55:50,240.0,220.7,234.1,234.5,237.2,235.7,238.1,240.9,238.5,233.0,0,216.9,2.6,15.2
2025-04-11 14:55:55,243.1,223.1,237.1,237.1,240.1,238.3,241.6,243.1,241.4,236.4,0,217.9,2.4,15.2
2025-04-11 14:56:00,247.3,226.7,241.7,239.0,242.1,240.4,243.1,244.9,243.5,238.7,0.0,222.7,2.5,15.2
2025-04-11 14:56:05,251.2,230.2,245.0,244.4,247.9,246.3,249.4,250.8,247.5,242.1,0.2,225.9,2.7,15.2
2025-04-11 14:56:10,255.0,232.9,248.8,248.5,251.6,249.8,253.1,254.8,251.1,245.9,0.6,229.5,2.6,15.2
2025-04-11 14:56:15,259.7,235.2,251.5,251.0,254.3,253.1,256.4,257.2,255.4,250.6,0.9,233.7,2.1,15.2
2025-04-11 14:56:20,263.2,240.5,257.7,257.1,258.1,256.4,259.5,260.9,258.8,254.3,1.2,237.3,2.1,15.2
2025-04-11 14:56:25,265.5,242.1,260.1,259.3,262.8,260.8,264.2,265.4,263.3,260.1,2.1,239.2,1.8,15.2
2025-04-11 14:56:30,271.2,247.0,265.5,264.3,267.9,266.0,269.3,270.9,268.6,264.3,2.7,246.7,2.0,15.2
2025-04-11 14:56:35,275.9,250.4,269.9,268.6,272.2,270.5,273.7,275.1,273.2,268.9,3.5,250.7,2.1,15.2
2025-04-11 14:56:40,281.6,254.9,275.4,273.9,277.6,276.3,279.5,280.5,278.8,272.3,4.0,253.8,2.2,15.2
2025-04-11 14:56:45,286.4,259.4,280.5,278.6,282.6,281.1,284.4,285.9,283.2,279.7,6.2,260.8,2.2,15.2
2025-04-11 14:56:50,292.0,264.3,286.3,284.3,288.5,286.4,290.3,290.7,287.9,282.6,7.0,263.4,2.1,15.2
2025-04-11 14:56:55,297.7,269.9,291.5,289.8,293.3,292.4,296.0,294.7,292.8,289.0,8.7,267.7,1.8,15.2
2025-04-11 14:57:00,303.5,276.2,297.9,296.9,300.0,298.3,301.9,301.0,298.9,295.2,11.3,275.7,1.9,15.2
2025-04-11 14:57:05,306.8,277.3,299.9,298.8,302.3,300.3,304.5,305.8,303.9,303.0,15.0,280.1,3.1,15.2
2025-04-11 14:57:10,314.7,287.5,309.9,307.5,309.8,309.1,312.8,313.8,311.7,308.4,17.2,287.8,3.9,15.2
2025-04-11 14:57:15,321.6,290.5,312.4,313.5,315.4,313.9,314.7,316.3,312.5,309.7,13.4,292.6,4.4,15.2
2025-04-11 14:57:20,320.5,290.0,312.9,312.6,318.5,317.4,323.1,324.4,322.1,317.0,20.8,290.9,3.6,15.2
2025-04-11 14:57:25,328.4,295.2,322.8,320.6,325.4,323.4,328.1,327.0,324.3,322.4,23.1,301.6,3.8,15.2
2025-04-11 14:57:30,332.9,291.2,325.4,316.6,326.1,318.9,324.7,322.8,321.2,315.8,13.5,296.5,4.1,15.2
2025-04-11 14:57:35,328.7,292.3,321.8,317.2,321.7,317.8,321.7,322.4,318.7,313.7,8.6,294.3,4.5,15.2
2025-04-11 14:57:40,327.3,296.2,320.0,319.8,321.7,322.3,323.8,327.7,322.5,316.4,9.0,292.5,3.6,15.2
2025-04-11 14:57:45,330.5,301.5,321.8,322.2,323.0,324.9,323.4,328.0,324.4,318.8,8.8,297.0,2.7,15.2
2025-04-11 14:57:50,332.0,301.0,324.4,324.6,328.4,325.9,328.5,330.7,327.7,323.0,12.9,295.9,3.2,15.2
2025-04-11 14:57:55,334.3,300.9,325.6,322.1,324.8,323.2,326.2,327.1,323.9,318.0,5.0,295.0,4.2,15.2
2025-04-11 14:58:00,332.4,300.9,323.1,320.9,324.2,323.3,326.0,327.3,326.5,320.0,5.4,292.0,4.0,15.2
2025-04-11 14:58:05,331.2,301.8,323.1,323.2,326.2,326.0,327.3,329.8,327.4,320.3,4.3,292.9,3.7,15.2
2025-04-11 14:58:10,332.4,303.1,324.4,323.7,326.2,325.4,326.7,328.6,325.7,317.7,2.2,293.0,3.4,15.2
2025-04-11 14:58:15,332.4,302.2,323.0,322.6,325.2,324.6,325.6,328.4,326.0,317.8,0.3,290.3,2.6,15.2
2025-04-11 14:58:20,331.4,303.2,322.9,324.2,325.5,325.9,325.9,329.6,326.9,318.8,1.3,289.9,2.2,15.2
2025-04-11 14:58:25,331.6,303.4,323.4,323.7,325.7,325.4,325.9,329.3,326.7,318.6,1.1,289.6,2.3,15.2
2025-04-11 14:58:30,331.6,303.0,323.1,323.2,325.4,325.3,325.8,328.6,326.8,318.6,1.1,288.5,2.7,15.2
2025-04-11 14:58:35,331.7,303.2,323.1,323.1,325.1,325.0,325.5,328.0,326.3,318.1,0.4,287.4,2.4,15.2
2025-04-11 14:58:40,332.0,303.3,323.2,323.0,325.1,324.9,325.4,328.0,326.3,318.1,0.1,286.8,2.6,15.2
2025-04-11 14:58:45,332.2,303.7,323.2,323.2,325.3,325.0,325.9,328.3,326.5,318.4,0.0,286.7,2.2,15.2
2025-04-11 14:58:50,332.0,303.9,323.3,323.0,325.4,325.5,325.9,328.4,326.4,318.3,0,286.0,2.2,15.2
2025-04-11 14:58:55,331.8,304.3,323.0,322.7,325.3,325.2,326.0,328.0,325.9,318.0,0,285.0,2.0,15.2
2025-04-11 14:59:00,331.6,305.0,322.7,322.5,325.2,325.0,325.9,328.1,325.8,317.7,0,283.9,1.7,15.2
2025-04-11 14:59:05,331.6,305.5,322.7,322.6,325.0,324.7,325.5,328.1,325.8,317.6,0,284.0,1.8,15.2
2025-04-11 14:59:10,331.3,305.9,322.8,322.5,325.1,324.9,325.2,328.0,325.9,317.5,0,283.2,2.6,15.2
2025-04-11 14:59:15,331.2,306.3,322.8,322.3,324.9,325.3,325.1,328.1,326.0,317.5,0,283.1,3.0,15.2
2025-04-11 14:59:20,331.2,307.8,323.0,324.6,326.7,327.3,328.7,330.6,327.2,319.7,1.9,283.3,3.4,15.2
2025-04-11 14:59:25,334.3,310.6,326.1,327.3,329.1,328.4,329.6,332.1,329.6,321.8,3.8,287.3,4.2,15.2
2025-04-11 14:59:30,336.2,312.6,327.6,327.6,330.5,331.8,330.2,332.0,330.8,322.7,4.4,288.1,4.0,15.2
2025-04-11 14:59:35,338.0,313.4,328.1,328.5,331.0,331.3,331.3,332.4,329.1,322.8,3.6,289.1,3.6,15.2
2025-04-11 14:59:40,337.4,310.9,326.8,325.5,329.4,327.7,329.8,331.0,328.7,320.9,1.9,286.6,3.3,15.2
2025-04-11 14:59:45,336.1,310.9,326.5,325.8,329.4,327.6,329.9,331.5,329.9,322.5,3.9,286.0,3.3,15.2
2025-04-11 14:59:50,338.6,313.3,330.0,328.2,332.1,329.7,332.2,333.9,332.1,324.4,6.1,287.5,3.2,15.2
2025-04-11 14:59:55,339.0,315.4,330.8,330.7,333.7,334.6,334.5,338.9,336.2,326.2,8.2,290.2,3.2,15.2
2025-04-11 15:00:00,342.6,320.8,332.8,334.5,334.8,336.1,334.3,338.9,335.8,324.8,6.7,294.1,3.1,15.2
2025-04-11 15:00:05,342.2,320.0,332.1,331.8,334.2,332.5,333.6,336.1,334.3,324.0,6.0,293.0,3.5,15.2
2025-04-11 15:00:10,343.0,318.3,332.3,331.1,336.9,334.9,338.0,341.2,338.2,329.0,13.3,295.4,2.8,15.2
2025-04-11 15:00:15,344.9,321.9,333.4,334.8,337.2,336.8,337.4,340.0,335.6,324.4,9.4,294.0,3.3,15.2
2025-04-11 15:00:20,345.8,318.2,331.6,334.3,335.6,332.0,331.2,330.4,326.3,315.3,1.5,288.5,4.4,15.2
2025-04-11 15:00:25,338.6,313.4,324.0,323.4,325.7,324.7,324.3,326.6,322.0,312.0,3.2,281.0,4.1,15.2
2025-04-11 15:00:30,333.2,307.7,322.1,319.0,322.1,318.9,319.5,320.8,317.0,306.3,0,275.0,4.5,15.2
2025-04-11 15:00:35,326.4,302.1,314.3,313.2,315.8,313.5,314.0,315.5,312.9,303.9,0,271.2,4.5,15.2
2025-04-11 15:00:40,319.5,296.1,308.3,308.4,310.7,308.5,308.8,311.1,309.9,298.8,0,264.6,5.0,15.2
2025-04-11 15:00:45,314.0,292.1,306.0,306.0,308.4,306.8,306.7,308.8,305.9,294.3,0,260.1,5.0,15.2
2025-04-11 15:00:50,311.9,289.9,300.7,301.2,303.6,302.5,302.5,304.3,302.1,289.5,0,255.2,4.2,15.2
2025-04-11 15:00:55,304.7,285.8,296.7,296.9,298.7,298.1,297.6,299.6,297.6,286.1,0,251.2,3.8,15.2
2025-04-11 15:01:00,302.9,282.9,292.6,293.2,294.9,294.2,294.1,296.9,294.0,282.7,0,248.4,3.5,15.2
2025-04-11 15:01:05,299.1,279.5,288.6,289.6,290.7,291.0,290.0,293.1,292.7,280.7,0,246.6,3.9,15.2
2025-04-11 15:01:10,295.4,276.9,285.2,286.0,287.6,287.8,286.9,290.9,289.3,278.4,0,244.1,3.4,15.2
2025-04-11 15:01:15,292.8,274.3,282.1,282.8,286.1,285.9,284.6,287.9,285.9,276.0,0,241.9,3.3,15.2
2025-04-11 15:01:20,289.9,272.2,280.3,280.9,283.3,283.1,283.2,285.3,284.3,273.8,0,239.0,3.6,15.2
2025-04-11 15:01:25,288.0,269.7,278.5,279.2,281.8,281.9,281.4,284.6,282.9,272.2,0,238.5,3.4,15.2
2025-04-11 15:01:30,286.0,268.1,276.5,278.8,280.1,281.4,279.8,282.9,281.2,270.7,0,236.3,3.0,15.2
2025-04-11 15:01:35,284.6,267.1,275.1,276.6,278.7,279.0,277.9,281.3,279.8,269.5,0,235.5,2.3,15.2
2025-04-11 15:01:40,283.4,265.0,274.2,275.3,277.0,277.8,277.0,280.2,278.4,268.4,0,235.2,3.5,15.1
2025-04-11 15:01:45,282.1,263.7,273.1,273.9,276.0,276.7,275.5,279.2,277.4,267.2,0,234.3,3.9,15.1
2025-04-11 15:01:50,280.5,262.3,271.8,272.9,275.2,275.9,274.4,277.7,276.3,266.3,0,233.7,3.4,15.1
2025-04-11 15:01:55,280.2,261.5,271.8,271.8,274.2,274.6,273.3,276.5,275.1,265.3,0,233.4,3.4,15.1
2025-04-11 15:02:00,278.9,260.2,270.6,271.0,273.2,273.1,272.3,275.2,274.3,264.8,0,233.0,3.0,15.1
2025-04-11 15:02:05,278.2,259.6,269.9,270.1,272.4,272.6,271.5,274.8,273.4,263.5,0,232.7,2.5,15.1
2025-04-11 15:02:10,276.7,258.6,268.4,268.7,271.2,271.2,270.5,274.4,273.0,262.6,0,232.2,2.7,15.1
2025-04-11 15:02:15,275.7,257.9,267.2,267.8,269.7,269.7,268.9,272.4,271.2,261.0,0,231.3,2.4,15.1
2025-04-11 15:02:20,274.7,256.6,266.0,266.7,268.8,268.6,267.7,271.2,269.5,260.4,0,230.9,2.6,15.1
2025-04-11 15:02:25,273.2,255.4,263.7,264.9,266.8,267.6,266.7,270.3,268.4,258.7,0,229.9,2.8,15.1
2025-04-11 15:02:30,271.4,254.0,263.3,264.0,265.2,265.4,265.2,267.1,266.8,257.1,0,229.1,3.2,15.1
2025-04-11 15:02:35,269.6,251.7,261.0,262.0,264.0,264.5,264.5,267.1,264.5,255.5,0,228.1,3.2,15.1
2025-04-11 15:02:40,268.1,250.2,259.8,260.7,262.0,262.5,262.0,263.6,262.9,254.3,0,227.6,4.1,15.1
2025-04-11 15:02:45,266.8,248.6,258.6,259.8,261.0,261.8,260.8,262.6,261.2,253.3,0,227.3,3.8,15.1
2025-04-11 15:02:50,265.9,247.9,257.2,258.9,259.6,260.5,259.9,262.3,260.6,252.2,0,227.1,4.1,15.1
2025-04-11 15:02:55,264.8,246.6,256.6,257.7,259.2,259.3,259.6,261.6,260.1,251.9,0,227.2,4.0,15.1
2025-04-11 15:03:00,264.5,246.4,256.6,257.4,259.0,259.4,259.5,261.2,260.0,252.4,0,227.7,3.3,15.1
2025-04-11 15:03:05,264.7,246.1,257.0,257.6,259.5,259.8,259.8,262.0,260.5,253.2,0,229.3,2.6,15.1
2025-04-11 15:03:10,265.5,246.2,257.9,257.7,259.9,260.0,260.4,263.0,262.0,254.6,0,230.7,2.3,15.1
2025-04-11 15:03:15,266.3,246.9,259.3,259.3,262.1,262.1,262.5,263.7,262.7,256.1,0,233.0,2.3,15.1
2025-04-11 15:03:20,268.0,247.9,261.7,261.1,264.0,263.9,264.6,266.8,266.2,259.6,0,236.7,2.2,15.1
2025-04-11 15:03:25,270.3,249.2,263.5,262.9,266.1,265.8,267.1,269.6,267.8,260.6,0,238.2,2.0,15.0
2025-04-11 15:03:30,273.2,251.5,266.7,265.9,269.3,268.2,270.5,272.2,269.1,263.5,0,242.5,1.8,15.0
2025-04-11 15:03:35,275.5,252.8,268.4,268.5,271.2,270.7,272.5,274.7,271.7,265.6,0,244.0,1.5,15.1
2025-04-11 15:03:40,278.9,255.8,270.2,270.0,273.0,271.8,273.9,275.9,274.7,269.0,0,248.2,1.6,15.1
2025-04-11 15:03:45,282.0,257.5,274.2,273.8,276.9,276.6,278.4,279.9,277.6,271.5,0,250.9,1.9,15.1
2025-04-11 15:03:50,284.4,260.7,277.3,277.0,279.7,277.8,279.2,281.8,279.3,274.5,0,253.8,1.6,15.1
2025-04-11 15:03:55,288.0,263.6,280.6,279.1,281.6,282.2,283.1,285.1,283.8,278.6,0,257.9,2.3,15.1
2025-04-11 15:04:00,291.5,267.3,284.8,282.3,285.3,284.9,286.3,288.9,286.7,281.6,0,260.5,2.7,15.1
2025-04-11 15:04:05,293.4,268.9,286.1,285.6,288.5,288.0,290.2,292.3,289.8,286.3,0,262.9,2.8,15.1
2025-04-11 15:04:10,297.8,272.2,291.6,290.3,293.4,293.3,295.6,297.9,295.8,292.7,2.0,267.3,2.6,15.1
2025-04-11 15:04:15,302.0,276.1,296.5,295.9,299.7,298.6,301.8,301.1,298.4,294.9,2.7,272.7,2.4,15.1
2025-04-11 15:04:20,308.5,280.6,302.8,299.7,301.5,300.2,304.4,304.3,300.9,298.7,1.5,278.3,2.7,15.1
2025-04-11 15:04:25,312.2,283.6,305.2,303.1,307.0,306.1,307.2,308.4,305.2,300.8,0.7,281.2,3.5,15.1
2025-04-11 15:04:30,315.0,286.5,308.2,306.3,309.3,306.8,309.8,310.8,308.1,302.8,0,284.4,3.5,15.1
2025-04-11 15:04:35,316.7,288.9,309.5,308.9,310.7,311.1,312.7,315.0,312.2,306.8,0,288.0,3.1,15.1
2025-04-11 15:04:40,321.8,291.9,312.7,312.3,314.6,315.6,317.3,319.8,317.0,312.1,0.2,291.8,3.1,15.1
2025-04-11 15:04:45,324.1,297.0,318.1,318.1,319.8,320.7,322.3,325.2,321.6,314.9,0.8,295.7,2.9,15.1
2025-04-11 15:04:50,329.5,302.8,323.5,323.3,324.7,326.4,326.8,330.9,329.0,324.1,0.7,300.7,2.6,15.1
2025-04-11 15:04:55,333.9,307.6,328.1,329.3,330.4,333.3,333.5,338.3,335.2,327.4,1.4,306.4,2.2,15.1
2025-04-11 15:05:00,342.4,315.2,337.0,337.6,338.4,340.9,336.7,341.3,337.8,334.9,1.5,315.9,1.9,15.1
2025-04-11 15:05:05,349.9,321.5,343.9,344.4,345.5,347.9,345.0,349.8,346.1,342.3,1.2,322.6,1.7,15.1
2025-04-11 15:05:10,357.2,327.1,351.0,351.0,352.3,354.1,355.9,359.0,352.8,349.2,1.4,330.4,1.8,15.1
2025-04-11 15:05:15,366.7,334.2,356.5,355.8,357.6,358.9,361.2,364.3,360.2,357.9,2.4,339.1,2.1,15.1
2025-04-11 15:05:20,376.9,341.8,366.2,364.1,367.0,366.8,370.1,371.7,367.0,364.7,3.0,348.5,2.3,15.1
2025-04-11 15:05:25,380.6,344.2,374.2,370.9,375.5,373.2,378.5,377.3,372.8,374.7,8.3,356.6,2.1,15.1
2025-04-11 15:05:30,388.5,349.4,381.3,376.7,381.6,379.7,385.1,383.8,379.0,378.0,6.8,358.6,2.6,15.2
2025-04-11 15:05:35,393.6,354.2,386.3,381.6,386.0,385.7,389.2,390.1,386.5,387.0,10.6,365.7,3.2,15.2
2025-04-11 15:05:40,400.1,363.8,398.0,396.2,399.8,403.0,406.0,396.4,392.8,398.9,20.0,375.8,3.9,15.2
2025-04-11 15:05:45,412.4,383.8,407.3,408.4,406.2,413.1,411.2,416.4,412.2,409.9,26.1,393.1,3.4,15.2
2025-04-11 15:05:50,416.9,384.4,411.6,413.7,415.0,421.4,422.6,429.7,425.1,421.3,31.5,396.1,3.6,15.2
2025-04-11 15:05:55,422.9,391.8,416.9,420.0,416.9,421.3,419.8,424.6,420.2,415.7,16.2,401.2,3.4,15.2
2025-04-11 15:06:00,427.6,389.6,421.9,418.8,419.9,423.0,424.6,427.0,422.1,418.4,15.8,404.0,3.2,15.2
2025-04-11 15:06:05,429.4,392.8,422.3,421.4,421.9,423.5,424.3,425.8,419.5,415.5,6.7,403.8,3.3,15.2
2025-04-11 15:06:10,432.4,388.8,422.5,419.6,421.3,421.6,424.2,424.9,419.9,417.1,5.1,402.5,4.4,15.2
2025-04-11 15:06:15,435.2,390.7,427.2,422.6,426.1,422.9,427.0,427.1,421.7,419.3,4.9,404.0,3.4,15.2
2025-04-11 15:06:20,439.4,394.1,431.2,426.1,430.4,428.4,432.5,428.7,422.9,421.8,6.1,407.5,3.8,15.2
2025-04-11 15:06:25,446.5,400.6,437.9,432.2,436.5,433.5,438.5,437.3,431.5,431.7,9.1,413.8,4.3,15.2
2025-04-11 15:06:30,455.7,411.1,446.7,445.6,448.7,451.0,458.0,456.4,446.1,447.9,31.4,424.4,4.1,15.2
2025-04-11 15:06:35,489.2,424.7,485.3,472.9,499.0,486.0,508.0,520.4,477.3,500.0,77.5,452.4,3.8,15.3
2025-04-11 15:06:40,499.2,501.4,512.5,537.8,527.8,554.2,517.6,548.3,532.4,522.5,103.0,502.2,3.9,15.3
2025-04-11 15:06:45,540.9,503.9,563.5,529.7,505.0,530.6,508.1,532.8,521.8,523.4,92.7,531.1,3.1,15.3
2025-04-11 15:06:50,582.0,514.5,552.0,533.7,546.1,540.8,535.5,534.2,517.4,500.6,71.2,534.6,2.7,15.3
2025-04-11 15:06:55,548.3,496.9,524.7,525.4,509.4,522.8,529.3,513.2,498.0,491.1,54.6,525.5,3.0,15.3
2025-04-11 15:07:00,503.7,466.2,501.3,494.0,494.1,489.5,491.3,484.9,477.9,470.1,32.5,472.5,3.1,15.3
2025-04-11 15:07:05,504.8,440.9,490.7,482.2,489.1,478.3,488.6,473.8,467.7,470.6,35.4,463.6,2.8,15.3
2025-04-11 15:07:10,501.6,430.2,483.7,466.6,485.4,472.8,489.6,480.2,472.2,471.3,38.1,450.6,2.9,15.3
2025-04-11 15:07:15,489.5,442.5,479.3,475.9,474.8,472.4,473.6,472.5,467.2,460.5,19.4,460.6,2.6,15.3
2025-04-11 15:07:20,478.5,427.8,468.1,461.0,468.1,462.6,469.6,464.9,459.8,456.7,17.3,442.0,3.7,15.3
2025-04-11 15:07:25,495.8,427.7,489.3,460.4,470.5,462.3,472.4,464.9,459.3,461.3,26.0,443.6,3.2,15.3
2025-04-11 15:07:30,509.0,440.6,501.5,481.8,492.3,477.1,486.7,477.1,465.5,469.8,34.7,469.9,2.6,15.3
2025-04-11 15:07:35,497.9,428.9,480.6,462.7,474.2,462.0,473.0,461.7,460.7,457.8,20.2,448.8,2.5,15.3
2025-04-11 15:07:40,492.9,421.4,482.3,455.8,476.2,457.3,472.0,458.1,453.0,449.5,14.7,437.4,2.4,15.3
2025-04-11 15:07:45,477.5,419.6,466.0,452.3,464.7,452.7,459.9,453.4,448.1,445.5,10.6,432.2,2.0,15.3
2025-04-11 15:07:50,473.5,419.2,460.6,449.4,460.9,452.0,466.0,459.2,458.6,514.1,89.6,441.3,2.0,15.3
2025-04-11 15:07:55,484.7,460.2,487.7,491.9,505.7,492.5,515.0,493.9,482.0,483.7,43.0,475.3,2.4,15.3
2025-04-11 15:08:00,517.3,470.1,493.2,494.0,489.8,503.6,538.9,539.9,526.1,550.4,140.7,468.7,2.5,15.3
2025-04-11 15:08:05,516.9,433.6,524.3,469.3,507.1,507.6,528.4,496.6,487.7,466.9,37.9,470.9,2.7,15.3
2025-04-11 15:08:10,490.0,418.0,463.7,446.9,455.8,449.5,457.1,454.2,453.5,448.2,24.1,435.4,2.9,15.4
2025-04-11 15:08:15,448.6,412.4,438.2,437.1,437.2,436.4,436.1,435.2,433.4,431.0,11.1,420.3,3.0,15.4
2025-04-11 15:08:20,431.6,394.9,420.7,421.4,425.7,427.6,425.6,429.0,427.1,415.2,1.6,400.2,2.8,15.4
2025-04-11 15:08:25,424.7,393.0,417.3,419.9,418.3,423.1,420.2,426.9,424.6,414.6,2.5,395.9,2.2,15.4
2025-04-11 15:08:30,424.0,393.7,416.2,418.8,418.5,422.9,421.2,425.5,422.4,415.5,3.8,396.5,1.9,15.4
2025-04-11 15:08:35,425.5,392.4,416.4,418.7,418.6,422.5,421.8,425.6,423.5,418.5,3.5,398.2,1.8,15.4
2025-04-11 15:08:40,431.0,393.9,421.2,421.1,423.8,425.7,427.5,430.4,427.6,423.4,4.0,403.3,2.3,15.4
2025-04-11 15:08:45,436.0,399.3,428.7,427.3,431.2,431.3,434.7,434.9,431.6,428.8,4.9,407.7,2.4,15.4
2025-04-11 15:08:50,442.9,402.5,434.7,431.4,436.5,435.3,439.4,438.5,434.2,432.0,10.5,416.1,1.9,15.4
2025-04-11 15:08:55,454.1,406.4,445.7,437.1,446.8,440.3,446.8,440.4,434.7,434.3,13.8,420.0,2.0,15.4
2025-04-11 15:09:00,448.6,404.3,436.0,432.8,434.8,433.7,435.9,437.0,432.7,427.2,5.7,416.6,1.9,15.5
2025-04-11 15:09:05,445.3,407.0,434.6,435.1,435.0,438.3,439.3,443.4,435.4,430.9,10.7,417.0,2.3,15.5
2025-04-11 15:09:10,466.7,429.8,465.9,441.8,447.0,450.7,451.0,458.2,456.3,488.2,82.3,451.7,2.5,15.5
2025-04-11 15:09:15,479.6,459.2,480.4,480.2,484.5,482.5,490.7,502.3,494.9,477.0,60.9,467.4,2.2,15.5
2025-04-11 15:09:20,475.1,434.9,460.0,465.6,465.8,472.1,466.9,478.3,476.2,474.7,56.4,462.3,2.4,15.5
2025-04-11 15:09:25,460.6,417.3,448.7,446.9,445.5,445.3,440.8,441.5,443.0,427.4,10.5,424.7,3.0,15.5
2025-04-11 15:09:30,440.9,399.0,427.4,426.5,426.7,429.0,426.0,427.7,425.4,419.4,6.0,415.7,2.9,15.5
2025-04-11 15:09:35,430.2,389.2,417.6,417.2,417.7,420.4,418.3,421.0,419.3,412.1,3.5,405.0,3.0,15.6
2025-04-11 15:09:40,420.7,380.8,409.4,408.5,409.3,411.6,414.0,415.3,413.5,404.9,4.0,395.9,3.1,15.6
2025-04-11 15:09:45,415.3,377.1,404.4,403.7,404.8,405.8,405.0,407.0,406.5,399.1,1.5,390.4,3.0,15.6
2025-04-11 15:09:50,411.4,372.8,400.4,401.6,403.0,403.9,403.6,405.5,402.0,394.6,0.2,386.8,2.7,15.6
2025-04-11 15:09:55,406.8,366.5,396.0,393.5,396.3,397.9,399.1,399.6,396.3,390.4,0,382.0,2.3,15.6
2025-04-11 15:10:00,402.4,361.8,391.8,391.2,392.8,393.1,393.7,394.7,393.7,387.8,0,378.8,1.9,15.6
2025-04-11 15:10:05,400.3,359.7,390.4,390.3,391.8,392.4,392.8,393.7,391.6,386.5,0,377.5,2.1,15.6
2025-04-11 15:10:10,398.8,358.4,389.9,388.7,390.9,391.6,392.7,393.6,390.7,385.8,0,377.3,2.1,15.6
2025-04-11 15:10:15,398.4,357.5,388.9,388.6,390.4,390.6,391.8,392.5,390.3,385.2,0.7,376.9,2.4,15.7
2025-04-11 15:10:20,397.4,356.8,388.5,387.7,390.3,390.6,392.1,392.8,390.8,386.1,1.8,377.5,1.9,15.7
2025-04-11 15:10:25,397.4,357.4,388.9,387.7,390.6,391.2,392.2,393.7,391.6,386.9,1.1,379.0,1.5,15.7
2025-04-11 15:10:30,397.6,358.6,389.6,389.7,391.7,392.9,393.6,395.5,392.5,388.8,0.5,380.7,1.6,15.7
2025-04-11 15:10:35,398.8,360.7,391.2,391.6,393.8,395.1,395.7,397.9,396.7,391.9,0.2,383.1,1.7,15.7
2025-04-11 15:10:40,400.5,361.7,393.0,392.9,395.6,396.9,396.8,399.6,398.0,392.3,0.2,384.2,1.8,15.7
2025-04-11 15:10:45,403.2,364.0,395.2,395.3,397.2,399.3,399.7,402.2,399.0,394.9,0.5,386.4,1.7,15.7
2025-04-11 15:10:50,404.4,365.8,396.5,397.0,399.0,401.0,401.4,403.8,401.3,396.6,0.8,387.7,1.8,15.7
2025-04-11 15:10:55,406.2,366.9,398.4,398.5,399.5,402.1,401.5,403.7,401.9,397.1,0.5,389.5,1.7,15.7
2025-04-11 15:11:00,407.3,368.0,399.3,399.5,401.5,402.4,402.8,404.9,402.6,397.8,0.0,389.9,1.9,15.8
2025-04-11 15:11:05,408.3,369.2,399.9,400.0,401.8,403.0,403.1,405.0,402.5,398.0,0,390.4,1.6,15.8
2025-04-11 15:11:10,408.4,369.1,400.0,399.1,401.5,401.6,403.0,404.4,401.9,396.1,0,389.9,1.8,15.8
2025-04-11 15:11:15,407.4,367.6,397.9,396.0,398.8,399.3,399.6,402.0,398.7,393.0,0,387.1,2.1,15.8
2025-04-11 15:11:20,405.7,365.5,396.2,394.1,396.8,396.8,397.2,397.6,394.1,387.4,0,382.6,1.8,15.8
2025-04-11 15:11:25,398.9,359.7,391.3,388.9,391.4,391.7,392.0,391.7,388.9,383.2,0,378.7,2.1,15.8
2025-04-11 15:11:30,394.6,355.7,387.5,385.0,388.1,388.7,388.4,388.8,386.1,380.2,0,376.4,1.9,15.9
2025-04-11 15:11:35,392.3,353.2,384.0,381.5,384.7,385.3,385.1,388.1,385.4,378.4,0,374.7,2.1,15.9
2025-04-11 15:11:40,389.8,350.7,380.9,379.2,382.3,382.7,383.3,383.2,381.4,375.6,0,372.8,2.1,15.9
2025-04-11 15:11:45,388.0,348.4,378.8,376.9,380.6,379.8,381.2,380.8,378.8,374.4,0,371.7,2.6,15.9
2025-04-11 15:11:50,384.6,343.6,375.0,372.9,375.9,376.7,376.7,378.4,376.6,370.5,0,368.4,2.2,15.9
2025-04-11 15:11:55,381.2,339.7,372.1,369.9,373.3,375.2,375.5,376.5,374.0,368.1,0,365.8,2.5,15.9
2025-04-11 15:12:00,377.8,337.5,371.2,369.0,371.9,372.0,372.6,373.3,371.4,365.3,0,363.0,2.1,15.9
2025-04-11 15:12:05,375.5,336.7,366.4,365.6,368.8,370.0,370.4,371.5,370.2,364.4,0,361.6,2.6,16.0
2025-04-11 15:12:10,374.4,336.3,366.4,365.7,368.9,369.6,370.3,371.4,370.0,364.5,0,361.5,2.6,16.0
2025-04-11 15:12:15,374.3,336.7,366.2,365.7,369.3,369.8,371.0,371.8,371.0,366.3,0,362.1,2.2,16.0
2025-04-11 15:12:20,375.4,339.9,368.0,367.4,371.1,371.3,372.4,373.4,372.7,367.8,0,363.3,1.8,16.0
2025-04-11 15:12:25,376.3,340.5,369.3,368.8,372.5,372.7,374.3,375.0,373.7,369.8,0,363.7,1.9,16.0
2025-04-11 15:12:30,377.9,344.1,370.8,371.4,374.3,376.9,376.7,378.6,376.7,372.3,0,366.9,2.4,16.0
2025-04-11 15:12:35,380.7,348.0,374.0,374.4,377.8,380.0,379.6,381.8,380.8,376.6,0.1,370.1,2.7,16.0
2025-04-11 15:12:40,385.6,352.2,379.6,379.5,383.4,385.2,385.0,384.5,382.9,379.2,0.1,374.0,3.2,16.0
2025-04-11 15:12:45,389.7,355.4,383.0,381.5,385.5,387.5,387.3,387.9,386.9,381.5,0,375.8,3.9,16.0
2025-04-11 15:12:50,392.4,357.7,384.3,383.3,387.3,388.3,388.4,389.5,388.9,382.4,0,376.1,3.8,16.0
2025-04-11 15:12:55,393.9,358.6,386.3,384.7,388.3,389.2,388.9,390.5,389.3,383.1,0,376.6,2.9,16.0
2025-04-11 15:13:00,394.0,358.5,385.6,384.6,387.9,389.0,388.5,390.4,389.1,382.4,0,375.4,3.5,16.1
2025-04-11 15:13:05,392.3,358.0,384.5,384.0,387.2,388.4,387.3,389.0,388.2,380.4,0,372.6,3.4,16.1
2025-04-11 15:13:10,390.4,356.3,382.6,382.5,384.7,386.8,385.5,387.3,386.2,378.7,0,370.1,3.5,16.1
2025-04-11 15:13:15,388.8,355.4,381.2,381.4,383.4,386.3,383.7,386.0,385.7,377.6,0,368.9,4.8,16.1
2025-04-11 15:13:20,387.5,353.4,379.2,380.4,382.5,385.0,381.7,384.4,383.6,375.9,0,368.0,5.0,16.1
2025-04-11 15:13:25,385.1,351.9,376.2,378.3,380.4,383.5,380.2,383.2,382.3,373.9,0,366.9,4.6,16.1
2025-04-11 15:13:30,383.1,350.1,375.2,377.3,378.2,382.2,378.0,382.2,380.8,373.0,0,365.4,4.5,16.1
2025-04-11 15:13:35,381.7,347.9,372.9,375.4,376.5,381.2,375.8,380.1,380.7,371.6,0,364.8,5.2,16.1
2025-04-11 15:13:40,380.2,347.7,372.3,375.0,375.3,380.0,375.6,379.9,380.1,371.1,0,364.0,4.7,16.1
2025-04-11 15:13:45,379.1,347.8,371.6,374.8,375.4,379.8,375.4,379.5,380.0,370.9,0,364.0,4.1,16.1
2025-04-11 15:13:50,379.4,348.0,371.4,374.8,375.5,379.8,375.3,379.6,380.2,371.3,0,364.9,4.6,16.1
2025-04-11 15:13:55,380.0,348.2,371.9,374.8,376.4,380.5,376.3,380.1,380.5,372.1,0,365.7,4.0,16.0
2025-04-11 15:14:00,380.2,348.4,372.3,374.8,376.9,380.3,376.6,380.3,381.1,372.8,0,366.4,4.5,16.0
2025-04-11 15:14:05,380.2,348.9,373.1,374.7,377.2,380.3,376.9,380.4,381.2,372.8,0,366.8,3.6,16.0
2025-04-11 15:14:10,380.1,348.5,373.0,374.4,377.3,379.9,377.0,380.4,381.2,372.9,0,367.5,3.0,16.0
2025-04-11 15:14:15,380.0,347.9,372.7,373.7,377.2,379.1,377.1,380.2,381.2,373.0,0,367.6,2.9,16.0
2025-04-11 15:14:20,379.8,347.8,372.7,374.3,377.6,380.4,377.9,381.8,383.2,375.7,0,369.9,2.4,16.0
2025-04-11 15:14:25,381.6,349.7,375.4,377.9,380.4,383.9,381.5,383.6,384.2,377.8,0,372.4,3.0,16.0
2025-04-11 15:14:30,385.5,351.8,378.8,381.4,384.4,388.0,385.5,390.8,391.5,384.6,0,380.0,2.9,16.0
2025-04-11 15:14:35,389.1,354.6,383.6,386.2,389.0,393.1,391.0,395.4,397.1,387.4,0.2,382.8,3.3,16.0
2025-04-11 15:14:40,395.6,361.1,390.8,394.3,397.4,403.1,400.4,401.7,403.8,399.4,5.1,392.4,3.2,16.0
2025-04-11 15:14:45,402.8,364.8,398.5,400.5,404.8,410.5,407.7,414.3,412.5,408.3,9.7,399.7,3.1,16.0
2025-04-11 15:14:50,409.3,372.3,405.7,409.9,408.1,414.0,410.8,418.2,420.4,414.5,10.4,408.1,3.5,16.0
2025-04-11 15:14:55,415.5,381.6,411.1,418.7,417.4,428.8,417.7,430.8,434.3,420.7,10.5,416.8,3.3,16.0
2025-04-11 15:15:00,418.9,383.2,413.1,419.5,418.1,427.2,419.7,429.8,431.6,420.2,5.9,417.1,3.3,16.0
2025-04-11 15:15:05,419.9,384.4,414.0,421.3,420.0,428.0,420.3,430.1,431.4,420.6,2.9,416.9,3.8,15.9
2025-04-11 15:15:10,421.3,384.0,415.2,420.4,420.8,427.3,421.5,429.0,430.2,420.4,1.3,415.2,3.5,16.0
2025-04-11 15:15:15,422.4,383.3,415.9,419.8,421.1,426.5,421.7,428.1,428.3,420.0,0.8,414.6,3.3,16.0
2025-04-11 15:15:20,423.1,382.1,416.1,418.0,421.1,425.3,421.3,425.6,426.2,418.5,0.1,412.3,2.7,16.0
2025-04-11 15:15:25,422.8,381.0,414.8,416.9,419.5,422.8,419.6,423.3,423.8,414.7,0,409.4,2.5,16.0
2025-04-11 15:15:30,420.8,378.0,412.5,414.1,416.5,419.7,416.6,421.3,421.7,412.2,0,405.5,2.2,16.0
2025-04-11 15:15:35,418.8,377.1,410.8,412.1,414.1,416.9,414.6,418.2,419.0,410.1,0,401.6,2.4,16.0
2025-04-11 15:15:40,417.4,375.4,408.4,409.7,413.5,415.3,413.7,416.3,417.4,408.5,0,397.8,2.0,16.0
2025-04-11 15:15:45,416.0,374.4,407.4,409.0,412.0,413.9,411.3,415.4,415.6,407.1,0,396.5,3.9,16.0
2025-04-11 15:15:50,415.1,372.3,407.1,409.2,411.7,413.8,411.2,415.4,415.5,407.2,0,394.4,4.6,16.0
2025-04-11 15:15:55,415.1,372.8,407.2,409.4,412.0,414.2,411.6,416.8,416.3,408.6,0,394.5,4.4,16.0
2025-04-11 15:16:00,416.9,374.5,408.6,410.6,413.4,416.4,413.2,418.7,418.3,409.6,0,395.0,3.0,16.0
2025-04-11 15:16:05,417.3,375.2,409.3,411.2,414.6,417.7,414.5,419.3,419.6,411.2,0,396.3,3.6,16.0
2025-04-11 15:16:10,419.2,377.9,411.5,414.3,417.3,420.4,417.4,421.2,420.6,413.1,0,397.6,4.4,16.0
2025-04-11 15:16:15,421.9,381.2,413.8,416.6,419.5,422.2,419.5,424.1,423.8,415.3,0,400.6,3.8,16.0
2025-04-11 15:16:20,424.0,383.1,416.1,418.8,420.8,424.1,421.3,425.5,425.6,416.9,0,402.2,3.9,15.9
2025-04-11 15:16:25,425.9,384.5,417.8,419.5,422.0,424.8,421.4,426.0,426.1,417.8,0,402.5,3.2,15.9
2025-04-11 15:16:30,426.1,385.8,418.5,420.1,422.2,425.3,422.1,426.5,426.7,418.4,0,402.7,2.9,15.9
2025-04-11 15:16:35,426.9,387.0,418.8,420.3,422.5,426.2,422.6,426.9,427.1,418.9,0,403.2,3.4,15.9
2025-04-11 15:16:40,427.4,389.2,419.3,421.3,423.0,427.2,423.4,427.3,427.1,418.9,0,403.4,3.8,15.9
2025-04-11 15:16:45,427.4,389.7,419.2,421.8,423.1,426.6,423.2,426.7,426.7,418.5,0,403.6,4.1,15.9
2025-04-11 15:16:50,426.8,390.5,418.5,421.3,422.7,426.2,423.0,426.5,426.3,418.4,0,403.7,5.4,15.9
2025-04-11 15:16:55,426.7,390.7,418.5,421.1,423.0,426.3,423.2,427.0,426.5,418.8,0,403.6,4.4,15.9
2025-04-11 15:17:00,427.5,391.3,419.1,421.5,423.5,426.7,423.8,427.5,427.0,419.2,0,403.8,4.0,15.9
2025-04-11 15:17:05,428.8,392.3,420.0,422.3,424.6,427.8,424.7,428.7,427.3,420.1,0,404.7,3.9,15.9
2025-04-11 15:17:10,430.3,392.8,421.6,422.9,426.4,429.4,425.6,429.4,428.8,421.2,0.0,406.2,4.0,15.9
2025-04-11 15:17:15,431.5,394.2,423.5,423.4,427.0,429.6,426.4,430.5,429.5,422.6,0.3,407.9,3.2,15.9
2025-04-11 15:17:20,432.8,394.3,423.6,424.6,428.1,430.1,429.2,431.8,430.7,423.7,0.7,409.6,3.0,15.9
2025-04-11 15:17:25,435.0,396.2,425.7,426.0,429.7,431.8,430.4,432.8,431.9,426.0,1.8,411.0,2.6,15.9
2025-04-11 15:17:30,436.4,397.0,428.3,428.2,432.0,434.5,433.6,436.6,433.4,427.4,3.5,412.6,2.2,15.9
2025-04-11 15:17:35,441.0,400.8,434.0,432.0,438.5,438.9,439.5,440.5,437.1,431.5,7.2,417.1,1.9,15.9
2025-04-11 15:17:40,447.8,405.7,440.1,436.9,442.9,441.7,442.7,443.3,441.1,434.7,9.1,423.3,1.6,15.9
2025-04-11 15:17:45,451.1,409.2,440.8,437.9,442.8,442.7,443.3,443.1,441.1,435.0,9.2,425.6,2.4,15.9
2025-04-11 15:17:50,450.2,405.2,437.0,432.9,437.6,439.9,440.6,439.9,437.6,430.7,6.5,421.7,2.7,15.9
2025-04-11 15:17:55,445.3,404.0,433.8,430.5,436.0,435.6,435.8,436.6,435.4,428.0,5.1,415.1,3.6,15.9
2025-04-11 15:18:00,436.1,402.5,428.2,428.1,431.1,434.9,433.1,435.9,434.5,426.6,4.3,414.3,4.0,15.9
2025-04-11 15:18:05,434.6,400.5,426.6,427.8,429.2,431.6,430.5,434.3,431.6,423.4,2.4,411.8,3.4,15.9
2025-04-11 15:18:10,431.9,396.7,423.6,422.6,425.5,427.8,426.6,427.6,426.1,418.2,1.6,409.2,2.9,15.9
2025-04-11 15:18:15,427.9,391.0,418.5,417.1,421.3,422.4,422.6,423.4,421.4,414.3,0.6,405.0,3.9,15.9
2025-04-11 15:18:20,424.0,386.4,415.7,414.9,417.9,419.6,419.7,419.6,418.9,413.0,0.1,400.8,4.4,15.9
2025-04-11 15:18:25,420.8,384.0,412.9,412.3,416.4,418.2,418.7,419.2,418.3,412.5,0.1,399.6,3.8,15.9
2025-04-11 15:18:30,420.7,382.9,413.3,413.3,418.6,418.7,421.3,421.6,419.6,415.0,0.6,401.2,3.4,15.9
2025-04-11 15:18:35,424.1,385.1,414.7,414.0,419.3,419.9,422.0,422.4,421.0,417.5,2.2,404.3,4.1,15.9
2025-04-11 15:18:40,428.2,387.8,419.2,416.8,423.9,422.2,425.8,425.4,423.0,420.8,5.4,408.7,4.0,15.9
2025-04-11 15:18:45,433.7,392.2,429.3,420.1,429.5,426.4,434.1,430.8,428.4,430.0,16.7,415.4,3.5,15.9
2025-04-11 15:18:50,442.4,404.7,437.1,432.7,441.7,435.4,442.8,436.9,431.3,429.5,13.4,427.4,3.4,15.9
2025-04-11 15:18:55,445.8,404.4,434.2,430.4,436.5,435.0,438.3,435.9,434.3,431.9,8.1,425.9,2.9,15.9
2025-04-11 15:19:00,443.4,403.1,434.9,431.1,437.6,436.1,440.7,441.2,437.9,434.1,8.2,424.5,3.1,15.9
2025-04-11 15:19:05,447.0,405.5,436.9,435.2,441.5,440.0,444.7,445.5,443.3,444.6,16.4,432.3,4.0,15.9
2025-04-11 15:19:10,457.1,416.0,453.2,451.6,461.5,460.3,460.0,457.7,455.7,465.4,37.4,446.4,6.0,15.9
2025-04-11 15:19:15,460.7,424.8,460.3,462.4,473.9,473.5,483.4,480.6,476.3,473.2,36.3,475.4,5.1,15.9
2025-04-11 15:19:20,465.1,430.0,459.6,462.6,464.5,467.0,468.4,469.4,467.3,464.2,20.9,461.8,4.6,15.9
2025-04-11 15:19:25,469.1,431.0,464.2,461.6,465.2,468.2,472.7,474.5,475.0,480.5,31.9,465.3,5.0,15.9
2025-04-11 15:19:30,477.2,441.2,475.7,480.3,485.9,495.6,496.0,510.1,513.0,512.8,56.1,477.1,5.5,15.9
2025-04-11 15:19:35,495.0,460.8,504.5,500.6,523.7,516.5,543.3,535.6,547.6,577.3,123.9,528.3,6.8,15.8
2025-04-11 15:19:40,551.1,508.3,592.2,581.5,630.5,614.4,663.9,669.9,696.9,678.4,229.3,581.5,5.9,15.8
2025-04-11 15:19:45,702.3,666.5,733.9,717.0,681.8,702.9,685.1,746.1,785.1,724.2,255.0,759.6,5.2,15.8
2025-04-11 15:19:50,611.6,663.0,641.5,685.5,655.8,661.7,632.7,614.7,588.7,548.9,113.9,712.8,5.4,15.8
2025-04-11 15:19:55,557.5,514.3,541.5,545.2,542.1,548.3,555.9,562.8,560.3,537.8,35.2,557.9,4.7,15.8
2025-04-11 15:20:00,541.8,492.8,534.9,536.9,543.9,555.9,546.5,552.0,576.1,615.3,103.8,543.6,3.5,15.8
2025-04-11 15:20:05,545.0,501.8,557.8,556.9,572.3,569.1,569.5,599.5,617.5,581.9,62.7,559.7,3.8,15.8
2025-04-11 15:20:10,585.7,518.4,568.4,571.2,561.6,574.9,552.2,575.8,576.5,552.6,39.6,565.1,3.4,15.7
2025-04-11 15:20:15,544.8,499.1,536.5,540.7,540.8,547.8,548.5,556.8,593.8,619.7,97.4,543.3,2.9,15.7
2025-04-11 15:20:20,542.9,504.7,537.8,557.7,550.1,589.3,596.6,695.8,781.9,682.1,155.9,554.7,3.0,15.7
2025-04-11 15:20:25,548.6,606.9,583.0,681.2,651.4,754.9,688.7,799.2,806.7,732.0,336.4,646.0,2.6,15.7
2025-04-11 15:20:30,592.1,631.5,565.2,629.1,566.5,641.0,572.5,635.6,639.6,574.0,59.4,652.8,2.3,15.7
2025-04-11 15:20:35,538.3,515.5,535.0,550.9,543.8,580.0,556.7,581.7,595.3,558.3,48.5,551.8,1.9,15.7
2025-04-11 15:20:40,544.9,509.3,560.3,567.7,581.6,610.8,634.8,579.5,601.2,693.1,209.4,558.6,1.9,15.7
2025-04-11 15:20:45,621.8,618.3,605.6,678.2,619.6,749.5,689.5,807.4,833.3,897.8,400.2,669.2,1.7,15.7
2025-04-11 15:20:50,698.6,635.5,715.1,707.8,745.4,791.1,791.4,869.3,885.1,848.5,334.8,794.2,1.8,15.7
2025-04-11 15:20:55,687.0,737.8,657.3,699.1,651.1,735.1,728.8,813.7,844.0,877.6,402.9,697.5,1.8,15.7
2025-04-11 15:21:00,651.6,737.9,733.0,800.9,815.8,853.3,878.5,910.3,925.5,945.6,470.1,800.6,1.8,15.7
2025-04-11 15:21:05,863.4,854.5,845.8,891.7,823.3,880.2,846.9,861.4,835.3,873.0,395.2,939.0,1.9,15.7
2025-04-11 15:21:10,745.4,798.3,793.1,849.2,815.9,867.7,853.3,901.6,889.2,932.3,457.7,886.9,1.4,15.7
2025-04-11 15:21:15,622.9,826.5,634.7,812.4,770.6,890.1,808.3,910.3,923.9,895.2,389.5,814.1,1.1,15.7
2025-04-11 15:21:20,613.2,770.7,623.5,749.1,637.1,831.5,719.0,842.6,854.9,750.1,215.4,769.3,1.0,15.7
2025-04-11 15:21:25,584.4,607.4,615.9,652.5,654.0,685.9,696.4,709.2,749.8,755.0,245.4,653.3,0.9,15.8
2025-04-11 15:21:30,623.6,640.4,691.9,712.7,771.2,792.6,843.0,883.6,911.7,968.7,502.4,810.9,0.7,15.8
2025-04-11 15:21:35,910.4,821.6,890.0,897.3,913.0,929.8,952.5,971.3,964.8,1003.2,541.2,969.6,0.9,15.8
2025-04-11 15:21:40,941.4,915.3,936.0,955.6,897.5,961.1,881.4,958.3,945.4,979.1,503.6,998.7,1.0,15.8
2025-04-11 15:21:45,715.9,769.1,677.4,755.2,690.8,793.2,713.0,809.3,811.6,776.0,275.3,783.4,1.1,15.8
2025-04-11 15:21:50,681.2,683.9,688.2,721.0,723.2,750.4,758.1,796.4,844.6,813.6,295.6,731.6,2.3,15.9
2025-04-11 15:21:55,843.6,741.2,901.4,853.9,780.2,781.0,856.7,861.4,885.7,871.6,405.3,878.4,3.9,15.9
2025-04-11 15:22:00,696.3,735.6,660.9,788.8,721.8,742.7,717.5,795.7,738.2,684.1,156.7,722.6,3.6,15.9
2025-04-11 15:22:05,637.9,543.0,608.6,580.1,593.1,578.0,619.7,588.5,602.9,585.7,63.2,622.0,4.2,15.9
2025-04-11 15:22:10,594.9,522.0,579.5,569.2,605.0,591.8,619.4,666.5,748.2,833.5,112.4,578.0,4.1,16.0
2025-04-11 15:22:15,585.0,598.9,629.1,703.6,718.0,731.0,753.5,720.5,782.5,780.0,282.3,702.8,3.9,16.0
2025-04-11 15:22:20,761.8,641.1,749.4,718.3,798.9,792.7,835.9,843.6,823.3,901.1,427.7,717.6,5.0,16.0
2025-04-11 15:22:25,715.1,639.1,728.7,666.2,720.6,637.5,736.1,609.8,609.3,682.1,187.9,713.0,4.7,16.0
2025-04-11 15:22:30,699.9,537.3,653.1,577.3,620.0,587.0,638.5,599.3,611.5,664.0,165.4,605.6,3.9,16.1
2025-04-11 15:22:35,586.3,514.0,570.7,561.2,616.0,589.2,635.4,612.2,600.2,551.4,46.9,584.6,4.0,16.1
2025-04-11 15:22:40,553.3,503.5,548.7,543.2,561.4,551.2,561.8,561.1,562.1,567.2,83.6,551.6,4.4,16.1
2025-04-11 15:22:45,557.3,527.2,544.7,549.9,552.2,541.8,544.9,536.5,537.0,528.6,39.4,564.4,4.9,16.1
2025-04-11 15:22:50,527.3,528.9,526.4,548.8,525.7,558.7,530.5,557.5,548.0,534.0,48.0,565.3,3.8,16.2
2025-04-11 15:22:55,568.3,539.5,550.2,572.9,543.1,567.5,545.2,573.5,564.0,534.5,52.9,581.0,3.2,16.2
2025-04-11 15:23:00,583.7,543.4,573.3,584.8,539.0,566.3,534.5,565.1,553.9,520.7,49.4,567.4,3.0,16.2
2025-04-11 15:23:05,533.9,464.9,523.5,509.1,520.7,515.1,524.7,516.8,521.1,504.1,35.1,519.6,2.0,16.2
2025-04-11 15:23:10,543.9,453.4,532.4,503.8,520.1,505.4,516.6,503.9,504.8,512.8,38.7,516.5,2.7,16.2
2025-04-11 15:23:15,519.5,461.1,500.6,500.1,502.3,500.8,505.6,509.4,502.5,496.8,24.7,509.3,3.2,16.2
2025-04-11 15:23:20,501.0,458.2,492.8,494.0,497.0,501.2,504.2,501.9,503.6,500.5,17.2,501.0,2.8,16.2
2025-04-11 15:23:25,509.2,469.7,506.6,512.3,518.3,538.1,532.7,579.2,581.2,537.7,44.4,514.8,3.0,16.2
2025-04-11 15:23:30,525.6,524.0,548.9,560.8,559.4,573.8,571.1,587.3,577.1,552.6,41.8,586.0,3.3,16.2
2025-04-11 15:23:35,589.5,521.5,562.9,562.7,560.3,572.7,558.3,571.2,564.1,579.0,56.1,584.3,2.8,16.3
2025-04-11 15:23:40,575.5,523.7,559.3,568.8,571.5,606.1,590.3,650.3,672.7,722.7,174.6,579.9,3.2,16.2
2025-04-11 15:23:45,702.6,752.2,663.6,764.9,730.6,842.6,754.5,802.4,802.1,831.1,322.8,873.5,3.1,16.3
2025-04-11 15:23:50,860.2,759.2,800.8,836.9,856.2,896.6,904.4,889.6,882.6,962.6,466.1,824.2,2.8,16.3
2025-04-11 15:23:55,900.9,837.0,887.7,894.6,918.4,913.2,865.2,950.3,939.9,1008.0,532.8,925.0,2.1,16.3
2025-04-11 15:24:00,963.2,916.7,964.3,953.0,940.3,914.7,829.1,821.3,929.8,802.4,307.0,1009.2,1.9,16.3
2025-04-11 15:24:05,810.3,725.0,664.2,685.3,637.4,627.4,620.4,606.5,619.6,619.6,90.8,758.8,2.2,16.3
2025-04-11 15:24:10,598.7,583.3,580.8,646.6,596.6,613.0,604.3,656.5,663.7,626.0,119.0,606.5,3.0,16.3
2025-04-11 15:24:15,572.2,535.8,551.0,580.6,576.5,601.2,560.4,606.6,618.7,591.2,85.6,584.0,3.2,16.3
2025-04-11 15:24:20,541.5,520.5,530.8,561.9,542.9,573.7,553.7,604.0,590.4,526.1,50.5,568.7,3.0,16.3
2025-04-11 15:24:25,518.8,494.4,517.6,530.1,520.4,526.6,510.1,523.4,529.1,506.1,48.3,518.9,3.0,16.4
2025-04-11 15:24:30,495.3,453.1,484.5,494.9,485.8,500.3,484.5,518.6,540.8,496.2,45.3,484.2,4.0,16.4
2025-04-11 15:24:35,471.5,434.3,464.8,473.5,467.8,475.2,468.6,476.4,507.5,471.0,31.5,470.9,3.4,16.4
2025-04-11 15:24:40,463.7,414.7,452.9,457.5,454.5,459.7,453.0,461.0,461.6,444.4,15.9,454.1,3.4,16.4
2025-04-11 15:24:45,453.3,405.1,444.4,447.4,445.5,449.2,444.8,450.2,448.9,439.2,14.3,443.9,3.0,16.4
2025-04-11 15:24:50,448.3,397.7,437.2,438.5,437.1,439.8,440.2,443.2,441.9,432.8,13.3,435.1,2.5,16.4
2025-04-11 15:24:55,439.6,397.5,434.6,441.6,439.0,443.0,443.3,444.9,443.7,434.6,17.3,434.1,2.1,16.4
2025-04-11 15:25:00,436.6,402.3,431.5,440.8,433.8,444.9,434.6,447.9,447.0,433.5,17.2,432.3,3.7,16.4
2025-04-11 15:25:05,437.1,396.5,430.5,435.5,436.7,443.6,445.1,458.9,456.6,446.0,35.9,435.6,3.7,16.4
2025-04-11 15:25:10,438.0,408.8,433.8,440.8,436.2,440.1,432.6,439.1,436.1,423.4,12.6,433.4,2.7,16.4
2025-04-11 15:25:15,435.8,389.3,426.5,427.3,427.3,427.8,427.0,429.1,432.4,420.1,11.0,426.0,2.8,16.5
2025-04-11 15:25:20,433.8,382.7,423.6,422.4,425.2,424.0,424.4,426.0,424.0,417.3,10.8,421.1,2.8,16.5
2025-04-11 15:25:25,434.0,379.4,423.7,421.5,423.8,423.0,423.6,423.7,421.4,415.9,13.6,419.8,3.4,16.5
2025-04-11 15:25:30,429.6,378.2,420.6,418.2,421.2,418.8,420.7,421.6,419.4,412.3,14.2,414.7,3.1,16.5
2025-04-11 15:25:35,431.2,372.9,419.9,414.7,422.1,415.6,422.1,419.6,417.4,410.8,19.4,414.2,3.0,16.5
2025-04-11 15:25:40,481.4,377.0,463.8,418.9,433.4,417.3,426.8,419.0,414.4,406.9,20.8,423.5,2.4,16.5
2025-04-11 15:25:45,452.8,376.6,436.4,413.5,417.9,410.4,412.7,410.2,406.6,397.3,13.0,407.0,3.1,16.4
2025-04-11 15:25:50,426.3,359.2,415.8,401.8,406.7,400.4,401.7,400.2,398.3,387.9,6.3,396.7,2.7,16.5
2025-04-11 15:25:55,404.5,349.4,390.2,387.7,389.1,388.1,387.2,388.3,387.4,381.0,2.6,385.4,2.8,16.5
2025-04-11 15:26:00,391.0,338.1,379.8,378.0,380.3,379.5,379.4,381.0,380.4,371.5,0.4,370.6,2.2,16.5
2025-04-11 15:26:05,382.1,331.8,372.4,371.2,373.8,373.3,373.0,375.3,375.5,368.9,0.1,367.0,1.9,16.5
2025-04-11 15:26:10,373.9,326.1,365.4,365.2,369.9,370.3,369.1,371.8,372.1,363.8,0,360.3,1.9,16.5
2025-04-11 15:26:15,369.8,322.2,361.9,361.7,363.7,364.1,363.7,366.0,368.2,359.9,0,356.2,2.1,16.5
2025-04-11 15:26:20,366.1,318.7,360.4,360.8,361.8,362.7,361.6,364.6,365.2,356.3,0,353.3,3.0,16.4
2025-04-11 15:26:25,362.6,316.2,356.8,356.3,358.0,359.8,358.4,360.2,361.3,353.9,0,350.8,2.6,16.5
2025-04-11 15:26:30,360.5,313.3,352.7,353.0,356.2,357.1,355.9,358.8,358.4,351.1,0,349.3,2.2,16.5
2025-04-11 15:26:35,358.8,311.4,350.0,350.9,352.3,352.7,353.1,354.7,355.6,347.4,0,346.8,2.2,16.4
2025-04-11 15:26:40,355.0,309.9,348.6,348.0,350.1,350.3,350.1,352.3,353.3,345.5,0,344.0,2.4,16.4
2025-04-11 15:26:45,354.0,308.5,345.8,346.8,348.0,348.0,348.4,350.6,350.4,344.5,0,343.0,2.6,16.5
2025-04-11 15:26:50,352.0,306.9,343.9,344.5,345.6,346.8,346.7,349.1,349.3,342.6,0,341.3,4.5,16.4
2025-04-11 15:26:55,350.4,306.3,343.6,343.4,345.3,345.8,345.3,347.9,348.7,341.7,0,340.9,4.1,16.4
2025-04-11 15:27:00,349.5,306.0,342.8,342.2,344.2,345.5,345.0,347.9,348.4,341.4,0,340.5,5.1,16.4
2025-04-11 15:27:05,349.2,305.6,342.0,341.2,343.6,344.2,343.9,346.5,347.4,340.2,0,340.0,4.3,16.4
2025-04-11 15:27:10,348.5,305.1,341.0,340.1,342.6,343.7,342.9,345.4,345.6,338.8,0,339.1,3.5,16.4
2025-04-11 15:27:15,347.2,305.0,339.8,338.7,340.8,342.0,341.7,344.2,344.3,337.8,0,338.3,3.6,16.4
2025-04-11 15:27:20,345.7,305.1,338.9,338.2,340.6,341.6,341.2,343.6,343.8,337.6,0,338.0,2.6,16.4
2025-04-11 15:27:25,345.7,305.2,338.8,338.2,340.3,341.3,341.0,343.7,343.8,337.9,0,338.4,2.7,16.4
2025-04-11 15:27:30,345.7,305.1,338.9,338.8,340.5,342.0,341.3,344.9,344.6,338.9,0,339.6,2.6,16.4
2025-04-11 15:27:35,346.1,305.5,339.6,340.1,341.7,344.1,342.2,346.2,345.7,339.8,0.0,341.1,2.4,16.4
2025-04-11 15:27:40,347.9,306.2,341.0,341.2,343.2,344.5,343.6,347.3,347.5,340.5,0.1,342.5,1.9,16.4
2025-04-11 15:27:45,348.7,307.4,342.1,342.3,344.4,345.2,345.0,348.4,348.6,342.2,0.2,345.7,1.6,16.4
2025-04-11 15:27:50,350.0,308.7,343.2,343.7,346.1,346.9,346.8,349.5,349.6,343.0,0.3,345.9,1.5,16.4
2025-04-11 15:27:55,353.2,309.5,345.6,345.9,347.8,348.6,349.0,352.0,351.9,344.8,0.4,348.4,1.6,16.4
2025-04-11 15:28:00,354.6,310.9,347.4,347.7,350.1,350.1,351.0,353.5,352.9,347.5,0.4,351.4,2.3,16.4
2025-04-11 15:28:05,357.3,313.1,349.7,350.2,352.2,350.9,352.2,354.4,354.3,349.1,0.2,355.1,2.6,16.4
2025-04-11 15:28:10,359.6,314.8,352.9,352.3,354.7,354.8,355.9,357.4,356.9,351.4,0.2,357.3,2.0,16.4
2025-04-11 15:28:15,361.5,317.2,354.6,354.3,356.2,357.1,357.9,359.2,359.1,353.5,0.1,359.5,1.6,16.4
2025-04-11 15:28:20,362.8,317.8,355.7,354.8,358.0,358.4,359.3,361.2,361.0,355.4,0.0,361.4,3.2,16.4
2025-04-11 15:28:25,365.2,318.8,357.1,356.4,359.8,359.7,360.6,362.3,362.8,356.8,0.0,363.1,4.2,16.4
2025-04-11 15:28:30,365.7,320.5,359.4,357.2,360.2,361.0,361.8,363.3,363.4,357.3,0.0,363.5,4.2,16.4
2025-04-11 15:28:35,366.9,321.9,360.3,359.1,361.7,362.1,363.5,364.6,365.7,359.7,0,365.5,3.9,16.4
2025-04-11 15:28:40,368.0,322.7,361.1,360.3,362.7,363.8,364.4,367.0,367.8,361.3,0,366.4,3.6,16.4
2025-04-11 15:28:45,369.3,323.9,363.0,362.2,364.6,365.2,365.8,368.6,369.7,362.5,0,367.9,2.8,16.4
2025-04-11 15:28:50,370.6,325.4,363.9,363.7,365.9,367.9,367.5,370.4,371.0,363.9,0,369.0,2.5,16.4
2025-04-11 15:28:55,372.4,326.7,365.0,364.6,367.0,368.9,368.1,371.0,372.7,365.4,0,370.3,3.3,16.4
2025-04-11 15:29:00,373.9,327.5,367.2,366.3,368.7,370.3,369.1,372.4,374.0,367.0,0,372.0,3.3,16.3
2025-04-11 15:29:05,374.9,328.4,367.8,367.9,370.0,371.7,370.2,373.9,375.3,368.4,0,373.5,3.0,16.3
2025-04-11 15:29:10,376.2,328.8,369.4,368.6,370.9,372.6,371.9,375.2,376.5,369.8,0,375.0,3.1,16.3
2025-04-11 15:29:15,377.0,331.0,370.3,369.8,371.9,374.0,373.7,377.2,378.1,371.3,0,375.7,2.9,16.3
2025-04-11 15:29:20,378.5,331.9,371.8,371.5,373.1,375.4,374.2,378.0,380.2,372.4,0,377.3,2.3,16.3
2025-04-11 15:29:25,379.5,333.0,372.8,372.7,374.3,376.8,374.7,378.4,379.9,373.2,0,377.9,2.1,16.3
2025-04-11 15:29:30,380.6,333.7,374.0,374.5,375.6,378.1,377.4,381.2,382.2,374.9,0,378.7,1.6,16.3
2025-04-11 15:29:35,382.0,334.2,374.8,375.4,376.6,379.4,378.4,381.9,383.5,375.7,0,379.4,1.4,16.3
2025-04-11 15:29:40,382.9,334.9,376.2,376.6,378.6,381.1,379.9,382.6,384.1,376.8,0,380.9,1.5,16.3
2025-04-11 15:29:45,384.1,335.5,378.2,378.2,379.6,383.2,380.9,384.7,385.3,377.9,0,381.5,1.4,16.3
2025-04-11 15:29:50,385.1,336.4,379.1,378.3,380.0,383.4,381.3,385.5,386.2,379.0,0,382.7,2.0,16.3
2025-04-11 15:29:55,386.5,337.2,379.5,379.9,381.0,383.9,382.4,386.5,387.5,380.0,0,384.1,2.6,16.3
2025-04-11 15:30:00,387.1,338.3,380.3,381.7,382.2,384.7,383.9,387.7,388.4,380.9,0,385.6,2.8,16.3
2025-04-11 15:30:05,387.7,339.6,380.6,382.4,382.8,385.3,384.7,388.4,389.6,382.0,0,386.1,3.5,16.3
2025-04-11 15:30:10,388.6,340.8,381.6,383.0,383.9,386.3,385.8,388.9,390.3,382.8,0,387.3,3.4,16.3
2025-04-11 15:30:15,389.3,342.3,383.0,384.3,384.5,386.8,386.3,389.7,391.0,383.1,0,387.5,3.2,16.3
2025-04-11 15:30:20,390.1,344.3,383.7,384.9,385.5,387.8,387.4,391.0,391.5,384.1,0,388.8,3.3,16.3
2025-04-11 15:30:25,390.8,345.5,384.4,385.8,386.1,388.7,388.1,391.5,392.2,385.2,0,389.8,3.2,16.3
2025-04-11 15:30:30,391.7,347.9,385.2,385.8,386.4,389.5,388.9,392.4,392.4,385.8,0,390.2,2.9,16.3
2025-04-11 15:30:35,392.6,349.9,386.5,386.6,387.7,391.3,390.2,392.9,393.5,386.6,0,391.0,2.4,16.3
2025-04-11 15:30:40,393.3,350.5,386.8,387.3,388.3,392.1,391.0,394.0,394.0,387.4,0,391.7,2.1,16.3
2025-04-11 15:30:45,393.3,352.1,387.4,388.3,388.9,392.5,391.5,394.9,394.8,388.0,0,392.4,2.0,16.3
2025-04-11 15:30:50,395.6,354.7,388.6,389.4,389.9,393.1,392.4,396.2,396.1,389.6,0,394.0,2.5,16.3
2025-04-11 15:30:55,396.1,355.8,389.2,390.4,391.7,394.5,393.2,397.1,396.9,391.0,0,395.8,2.3,16.3
2025-04-11 15:31:00,397.5,357.6,391.0,392.1,393.1,397.3,394.5,398.5,399.2,392.5,0,396.3,1.7,16.3
2025-04-11 15:31:05,398.7,359.3,392.0,393.8,394.3,397.6,395.7,400.3,399.5,393.9,0,398.3,1.9,16.4
2025-04-11 15:31:10,400.8,360.5,393.4,394.5,395.3,397.7,396.7,400.5,400.5,395.0,0,400.9,1.8,16.3
2025-04-11 15:31:15,402.5,362.5,395.3,396.4,397.1,400.0,400.5,403.4,402.8,397.4,0,402.6,1.9,16.4
2025-04-11 15:31:20,404.4,364.5,397.3,398.2,399.0,402.0,401.9,406.2,404.8,398.5,0,404.4,2.0,16.3
2025-04-11 15:31:25,406.6,366.3,400.0,399.2,399.9,403.4,403.0,407.2,406.3,401.1,0,407.0,1.6,16.4
2025-04-11 15:31:30,409.0,369.3,401.9,401.2,402.2,405.9,405.5,409.3,408.4,403.3,0,408.9,1.8,16.4
2025-04-11 15:31:35,410.7,370.1,403.2,403.3,404.3,407.2,407.7,411.8,410.2,406.4,0,410.5,2.0,16.4
2025-04-11 15:31:40,414.5,375.0,408.3,406.0,406.9,410.6,409.9,413.8,413.4,409.4,0,414.3,2.3,16.4
2025-04-11 15:31:45,417.3,377.7,409.5,409.3,410.3,412.8,413.4,417.0,416.8,412.5,0,417.9,2.6,16.4
2025-04-11 15:31:50,419.9,380.2,413.7,413.2,414.0,417.5,418.7,418.8,418.3,415.3,0.2,421.2,2.2,16.4
2025-04-11 15:31:55,424.2,384.2,416.9,416.9,418.5,422.0,422.1,424.9,424.4,422.1,1.8,425.7,2.1,16.4
2025-04-11 15:32:00,428.4,387.4,421.9,421.3,423.5,427.1,428.2,430.5,429.2,425.1,2.7,430.0,2.4,16.4
2025-04-11 15:32:05,434.8,393.7,428.7,427.8,430.7,434.0,436.0,437.9,433.2,433.4,7.3,437.0,2.2,16.4
2025-04-11 15:32:10,441.6,400.9,435.9,435.4,436.9,440.8,442.3,444.9,439.9,443.1,9.5,444.2,2.4,16.4
2025-04-11 15:32:15,451.2,409.1,445.1,443.2,440.6,444.7,446.5,448.5,446.4,448.2,11.2,452.8,3.4,16.5
2025-04-11 15:32:20,456.0,414.5,449.5,448.8,447.3,451.3,453.5,456.8,454.9,455.3,12.2,458.0,2.4,16.5
2025-04-11 15:32:25,461.4,419.2,452.6,451.7,452.6,456.4,458.3,461.3,458.8,459.2,9.5,463.4,2.4,16.5
2025-04-11 15:32:30,469.2,422.6,460.5,458.6,460.7,463.4,467.8,469.5,468.5,475.7,20.9,471.9,1.8,16.5
2025-04-11 15:32:35,477.7,437.6,469.4,469.9,470.7,477.4,476.9,485.2,482.4,480.0,18.2,484.0,1.6,16.5
2025-04-11 15:32:40,481.5,439.3,475.6,475.5,477.7,481.1,486.5,487.4,485.1,482.9,18.1,485.8,1.6,16.5
2025-04-11 15:32:45,491.7,448.4,486.2,487.5,486.9,492.7,494.6,495.0,492.2,494.7,21.7,496.7,2.2,16.5
2025-04-11 15:32:50,500.4,455.1,496.1,495.3,496.8,499.9,504.9,506.4,503.9,509.1,21.0,505.6,3.2,16.5
2025-04-11 15:32:55,514.2,463.8,510.8,506.7,512.8,513.1,510.3,512.1,509.7,522.4,36.0,517.8,2.7,16.5
2025-04-11 15:33:00,535.1,480.7,541.0,531.7,559.6,540.6,590.6,550.3,546.4,548.1,65.3,541.9,3.8,16.5
2025-04-11 15:33:05,595.7,528.3,624.5,619.3,606.2,616.5,595.9,594.1,579.8,617.2,121.0,630.8,4.6,16.5
2025-04-11 15:33:10,606.5,540.5,602.1,589.2,583.6,584.7,589.6,594.5,593.5,612.7,108.4,600.8,3.7,16.5
2025-04-11 15:33:15,587.6,543.7,583.9,596.6,590.3,601.5,601.2,614.0,605.7,610.2,97.1,608.3,3.7,16.5
2025-04-11 15:33:20,661.2,550.6,600.9,596.2,609.1,601.6,634.8,623.8,640.2,722.5,243.6,646.2,3.1,16.5
2025-04-11 15:33:25,720.2,636.4,748.3,737.2,744.2,741.8,762.9,796.7,832.4,966.2,487.6,759.8,2.8,16.5
2025-04-11 15:33:30,808.5,747.6,798.1,817.5,828.1,887.5,777.0,845.8,743.1,630.8,96.9,868.5,3.6,16.5
2025-04-11 15:33:35,674.4,614.1,624.5,628.3,608.0,619.1,612.7,651.5,643.3,608.8,76.6,661.6,4.2,16.5
2025-04-11 15:33:40,606.2,578.5,597.1,645.3,607.1,731.9,634.1,776.4,759.8,664.1,240.8,628.7,3.7,16.5
2025-04-11 15:33:45,594.6,603.8,590.9,624.8,600.1,645.6,621.1,678.0,688.4,678.4,146.0,632.6,3.1,16.5
2025-04-11 15:33:50,603.7,573.9,602.6,604.9,598.4,605.9,607.7,627.1,625.2,608.1,86.7,617.5,2.5,16.5
2025-04-11 15:33:55,589.4,548.9,571.5,582.8,566.8,583.4,566.9,604.2,602.3,572.6,40.3,588.7,2.5,16.5
2025-04-11 15:34:00,569.3,509.6,562.0,568.3,557.0,565.5,558.9,565.7,563.6,549.4,17.0,557.3,4.3,16.5
2025-04-11 15:34:05,560.7,503.2,549.9,551.4,546.1,552.1,550.8,554.5,551.5,547.2,11.7,549.0,4.3,16.5
2025-04-11 15:34:10,557.1,497.4,549.0,547.7,546.3,549.9,552.3,555.0,552.3,551.4,11.8,548.3,4.5,16.5
2025-04-11 15:34:15,560.2,499.1,554.1,550.4,554.3,555.1,562.2,562.8,560.7,567.6,23.9,556.2,4.1,16.5
2025-04-11 15:34:20,576.9,508.4,565.9,562.1,567.0,568.6,576.5,580.3,581.1,592.2,41.7,569.9,3.3,16.5
2025-04-11 15:34:25,588.0,524.6,594.2,581.1,610.3,600.9,666.8,642.2,663.5,630.6,92.9,579.5,3.1,16.5
2025-04-11 15:34:30,859.6,728.6,989.0,906.4,1040.4,988.2,967.1,870.4,915.2,1134.4,678.6,895.2,2.5,16.5
2025-04-11 15:34:35,1091.4,1054.0,1059.6,1106.4,1007.2,1092.0,1010.4,1060.0,991.4,1081.4,571.5,1156.2,3.4,16.5
2025-04-11 15:34:40,1032.0,1044.4,995.2,1016.2,1006.6,983.0,1009.4,958.4,944.9,975.2,445.7,1023.4,3.8,16.5
2025-04-11 15:34:45,903.4,858.6,897.9,905.0,868.1,921.0,905.7,972.7,997.6,1020.8,463.9,920.4,3.3,16.6
2025-04-11 15:34:50,861.2,849.6,891.6,920.2,996.7,930.0,938.1,1006.4,1034.8,1145.0,652.1,915.2,2.5,16.6
2025-04-11 15:34:55,1047.2,986.9,1127.0,1126.6,1138.8,1150.0,1167.0,1182.6,1154.2,1205.4,720.7,1130.0,2.2,16.6
2025-04-11 15:35:00,1157.0,1112.6,1159.8,1156.8,1140.4,1153.6,1143.0,1157.0,1121.2,1188.0,700.0,1203.4,1.6,16.6
2025-04-11 15:35:05,1128.8,1089.8,1107.6,1126.6,1106.2,1152.4,1152.6,1180.2,1154.2,1195.2,708.2,1153.0,1.4,16.6
2025-04-11 15:35:10,1165.8,1117.6,1156.6,1156.0,1147.8,1158.2,1170.0,1179.0,1153.6,1192.0,707.6,1201.6,1.3,16.6
2025-04-11 15:35:15,1174.4,1122.2,1162.4,1162.2,1150.0,1160.6,1169.0,1178.4,1153.6,1191.4,709.7,1208.8,1.0,16.6
2025-04-11 15:35:20,1175.6,1122.8,1164.4,1162.0,1152.4,1161.0,1170.6,1178.2,1154.2,1194.4,714.2,1207.4,0.9,16.6
2025-04-11 15:35:25,1180.2,1122.4,1168.8,1164.8,1158.4,1165.6,1179.6,1184.8,1162.4,1204.4,723.5,1210.8,0.9,16.6
2025-04-11 15:35:30,1180.8,1124.0,1131.6,1159.0,1076.6,1150.6,1075.8,1145.4,1162.8,1154.6,659.9,1210.8,0.8,16.6
2025-04-11 15:35:35,1015.4,950.5,983.7,971.6,958.3,1000.0,979.0,1048.0,1054.0,987.4,469.9,989.2,0.9,16.7
2025-04-11 15:35:40,1018.2,923.6,1033.2,997.1,1006.6,973.2,1026.4,1010.6,1017.6,1079.8,587.4,1020.6,1.0,16.7
2025-04-11 15:35:45,995.8,977.2,1018.0,1040.6,1026.6,1035.8,985.9,1005.4,986.9,966.8,484.4,1011.0,0.9,16.7
2025-04-11 15:35:50,890.6,973.5,928.3,999.4,957.2,1019.4,1033.0,1073.0,1059.2,1149.0,681.3,1026.4,0.8,16.7
2025-04-11 15:35:55,950.4,1050.4,1027.0,1076.4,1083.2,1102.2,1130.4,1140.0,1125.6,1176.4,716.0,1138.0,1.5,16.7
2025-04-11 15:36:00,1114.2,1087.6,1127.8,1130.2,1124.2,1129.0,1147.0,1134.6,1067.8,1165.6,709.1,1164.2,1.8,16.8
2025-04-11 15:36:05,1140.0,1083.4,1122.2,1058.6,1096.2,1063.2,1126.6,1110.2,1105.4,1128.2,678.3,1083.4,1.9,16.8
2025-04-11 15:36:10,1056.0,1090.8,1104.8,1118.8,1061.4,1120.4,1104.8,1138.8,1113.8,1140.0,688.9,1142.4,2.4,16.8
2025-04-11 15:36:15,1118.4,1085.8,1110.6,1116.4,1104.4,1116.2,1124.0,1136.2,1112.8,1143.2,699.0,1154.2,2.0,16.9
2025-04-11 15:36:20,1125.6,1084.8,1116.4,1115.8,1107.2,1114.4,1126.6,1132.8,1111.2,1145.2,709.0,1151.6,1.8,16.9
2025-04-11 15:36:25,1124.6,1085.6,1115.0,1117.4,1105.8,1119.2,1127.0,1136.6,1114.4,1144.0,712.4,1153.2,1.9,17.0
2025-04-11 15:36:30,1127.4,1086.0,1113.2,1118.0,1105.2,1117.8,1124.8,1136.4,1113.0,1146.4,721.7,1155.0,1.9,17.0
2025-04-11 15:36:35,1121.0,1086.0,1113.4,1116.6,1104.6,1116.4,1125.0,1133.8,1105.8,1135.6,716.4,1153.2,1.8,17.0
2025-04-11 15:36:40,1125.6,1086.0,1112.6,1114.2,1101.8,1112.0,1118.0,1130.6,1098.0,1134.6,717.7,1152.4,1.6,17.0
2025-04-11 15:36:45,1118.8,1082.0,1109.4,1113.6,1099.0,1110.6,1118.8,1127.6,1105.8,1138.0,729.3,1150.4,2.4,17.1
2025-04-11 15:36:50,1120.0,1079.6,1107.0,1107.4,1093.2,1101.8,1112.6,1118.8,1093.0,1130.0,722.7,1148.2,2.6,17.1
2025-04-11 15:36:55,1115.4,1070.6,1105.0,1103.0,1091.0,1099.0,1105.6,1114.8,1092.2,1122.2,723.1,1143.6,2.6,17.1
2025-04-11 15:37:00,1110.0,1065.4,1097.0,1096.2,1084.6,1096.0,1101.2,1113.6,1089.6,1121.4,724.3,1135.0,3.2,17.2
2025-04-11 15:37:05,1095.4,1057.8,1085.2,1086.2,1079.4,1091.0,1095.6,1108.0,1085.6,1108.8,716.5,1128.0,3.2,17.2
2025-04-11 15:37:10,1092.8,1051.0,1084.0,1081.0,1072.6,1081.2,1090.2,1098.6,1076.2,1104.4,718.0,1122.2,2.7,17.3
2025-04-11 15:37:15,1090.2,1047.8,1077.4,1070.2,1062.6,1063.2,1076.8,1081.8,1064.6,1090.0,704.2,1115.6,2.3,17.3
2025-04-11 15:37:20,1085.8,1035.0,1072.4,1064.8,1058.2,1062.8,1074.0,1080.2,1061.2,1089.2,707.1,1106.2,2.3,17.3
2025-04-11 15:37:25,1074.8,1027.0,1062.2,1056.8,1050.6,1057.6,1067.2,1074.8,1055.0,1082.2,703.6,1099.4,2.1,17.4
2025-04-11 15:37:30,1072.0,1027.6,1060.2,1058.0,1047.2,1057.8,1064.2,1074.4,1054.2,1078.8,702.5,1098.0,1.7,17.4
2025-04-11 15:37:35,1063.0,1021.6,1051.4,1052.2,1040.2,1050.8,1056.4,1067.8,1045.8,1070.6,694.1,1093.2,1.5,17.4
2025-04-11 15:37:40,1054.2,1013.2,1047.4,1046.0,1036.0,1044.2,1053.4,1062.0,1041.2,1065.2,688.0,1089.8,1.4,17.5
2025-04-11 15:37:45,1053.0,1009.2,1025.2,1019.8,993.9,1017.4,1029.0,1060.4,1038.2,1061.0,682.6,1070.4,1.7,17.5
2025-04-11 15:37:50,1008.4,1008.8,1029.0,1047.4,1034.6,1047.6,1051.6,1063.6,1040.6,1066.2,692.5,1087.4,2.3,17.5
2025-04-11 15:37:55,1046.4,1012.2,1036.6,1041.2,1023.6,1036.8,1036.8,1050.6,1028.8,1058.2,682.2,1085.0,2.5,17.5
2025-04-11 15:38:00,1042.2,999.7,1033.0,1028.6,1021.4,1026.8,1035.4,1040.8,1019.0,1044.6,669.3,1074.0,2.2,17.6
2025-04-11 15:38:05,1044.6,1002.0,1033.2,1028.4,1016.2,1023.4,1031.4,1037.8,1019.0,1042.8,665.1,1076.4,2.8,17.6
2025-04-11 15:38:10,1041.4,996.6,1027.2,1024.8,1017.2,1024.8,1033.4,1041.8,1019.4,1050.4,675.5,1075.2,3.0,17.7
2025-04-11 15:38:15,1052.8,1010.4,1047.4,1043.6,1029.6,1038.4,1048.2,1055.2,1031.2,1065.0,691.1,1091.6,2.7,17.7
2025-04-11 15:38:20,1055.8,1014.2,1053.0,1050.8,1040.6,1049.8,1058.0,1065.0,1040.4,1071.8,695.6,1102.4,2.2,17.7
2025-04-11 15:38:25,1061.4,1029.4,1046.0,1050.0,1029.8,1043.4,1050.8,1059.6,1039.4,1068.8,684.2,1106.2,2.2,17.8
2025-04-11 15:38:30,1056.4,1020.2,1047.0,1051.0,1039.6,1050.8,1056.8,1067.6,1044.0,1069.2,678.4,1102.0,2.0,17.8
2025-04-11 15:38:35,1050.4,1015.8,1046.4,1049.8,1023.2,998.4,1026.8,912.0,945.5,1006.0,613.8,1102.4,1.9,17.8
2025-04-11 15:38:40,934.9,821.8,945.0,869.7,870.0,886.9,924.4,852.5,905.3,950.4,503.3,927.2,2.4,17.8
2025-04-11 15:38:45,856.6,815.8,919.9,840.7,910.3,837.4,895.5,852.0,862.2,946.9,512.2,954.8,2.4,17.9
2025-04-11 15:38:50,832.4,842.2,881.4,859.7,871.5,841.1,798.2,883.2,905.8,901.1,501.7,939.9,2.9,17.9
2025-04-11 15:38:55,893.3,921.2,849.2,913.0,880.8,874.8,770.1,780.8,718.4,646.7,132.8,901.6,2.7,17.9
2025-04-11 15:39:00,731.3,721.2,700.7,774.4,663.4,772.7,694.0,909.7,915.5,962.4,493.4,796.2,2.5,18.0
2025-04-11 15:39:05,822.6,934.1,861.1,952.1,914.8,773.1,826.4,771.3,830.1,851.0,367.4,1025.8,2.1,18.0
2025-04-11 15:39:10,792.7,952.2,780.7,928.3,799.5,963.0,927.0,1022.4,954.1,1009.8,594.2,1004.4,1.6,18.0
2025-04-11 15:39:15,942.6,995.7,961.4,1022.6,976.6,1026.6,1033.4,1030.0,945.9,1038.2,643.0,1043.4,1.4,18.0
2025-04-11 15:39:20,1037.2,988.9,1018.4,1019.6,1002.4,1016.0,1032.6,1031.2,1008.8,1026.4,610.1,1062.4,1.5,18.1
2025-04-11 15:39:25,1016.2,1004.4,1025.0,1039.4,1017.4,1032.4,1041.0,1047.8,1019.2,1053.8,644.2,1094.8,1.5,18.1
2025-04-11 15:39:30,1046.2,1005.2,1021.6,1032.0,970.5,1033.8,1003.4,1029.6,992.7,1042.2,624.9,1091.0,2.0,18.1
2025-04-11 15:39:35,1007.8,991.6,1009.4,1020.2,1006.8,1027.2,1025.8,1038.2,1010.8,1037.6,616.7,1078.0,2.1,18.2
2025-04-11 15:39:40,1023.2,987.3,1010.0,1020.0,1004.0,1022.8,1017.0,1037.6,1005.6,1037.6,609.5,1074.2,2.2,18.2
2025-04-11 15:39:45,1026.2,969.7,1003.8,999.4,971.1,1005.0,989.2,1010.2,971.0,980.6,524.8,1054.8,2.3,18.2
2025-04-11 15:39:50,935.5,943.5,971.0,975.0,879.8,942.6,828.4,877.5,835.1,777.7,286.2,957.6,2.0,18.2
2025-04-11 15:39:55,797.1,776.5,768.0,780.9,763.2,764.7,768.3,760.5,773.2,748.6,254.7,828.6,1.8,18.3
2025-04-11 15:40:00,757.8,729.6,754.9,773.4,762.7,780.6,789.6,808.8,789.8,808.3,311.7,810.2,1.5,18.3
2025-04-11 15:40:05,792.9,734.8,809.7,796.2,839.1,809.9,814.3,801.2,795.6,859.4,366.5,823.8,1.2,18.3
2025-04-11 15:40:10,906.3,834.3,873.3,849.6,881.4,868.1,878.6,894.8,868.8,884.4,379.1,914.1,1.6,18.4
2025-04-11 15:40:15,836.6,804.0,810.3,844.7,843.3,836.2,819.9,811.9,788.9,787.5,269.9,894.5,1.9,18.4
2025-04-11 15:40:20,768.3,729.9,759.5,780.2,757.0,775.2,768.1,785.7,783.4,787.4,266.8,799.0,1.5,18.4
2025-04-11 15:40:25,781.1,720.4,753.5,762.8,751.5,768.9,773.7,790.6,788.7,798.8,273.7,796.2,1.3,18.4
2025-04-11 15:40:30,755.4,731.6,749.2,778.2,748.5,777.6,770.6,782.7,762.4,823.1,306.3,806.4,1.3,18.4
2025-04-11 15:40:35,799.5,721.4,823.5,807.5,845.2,844.4,878.7,885.9,874.8,899.4,388.3,822.4,1.2,18.5
2025-04-11 15:40:40,849.9,833.5,836.9,863.2,831.6,868.2,828.5,876.3,852.3,886.0,348.6,903.5,1.2,18.5
2025-04-11 15:40:45,830.6,772.4,811.9,802.4,843.3,826.3,881.9,876.7,886.5,893.4,361.3,833.3,1.0,18.5
2025-04-11 15:40:50,949.7,829.4,933.2,885.7,921.2,904.3,883.6,912.6,902.0,943.8,414.2,914.4,0.8,18.5
2025-04-11 15:40:55,954.0,873.3,923.8,921.4,898.2,917.5,921.0,932.0,907.8,911.1,373.9,960.3,0.6,18.6
2025-04-11 15:41:00,922.2,853.0,886.2,893.2,865.8,877.2,889.6,909.1,884.3,874.1,328.6,926.5,0.6,18.6
2025-04-11 15:41:05,919.6,846.8,888.4,895.5,884.3,888.2,899.9,877.4,853.5,901.7,368.1,930.1,0.5,18.6
2025-04-11 15:41:10,898.0,846.4,901.1,880.0,879.6,895.7,861.4,873.8,807.1,726.6,151.5,914.5,0.4,18.6
2025-04-11 15:41:15,851.7,806.2,786.8,799.8,732.5,737.4,717.8,698.7,679.2,648.4,84.8,849.2,0.4,18.7
2025-04-11 15:41:20,734.5,644.3,703.1,687.3,664.9,663.3,645.5,647.7,633.4,615.7,33.9,668.4,0.6,18.7
2025-04-11 15:41:25,691.1,590.8,662.2,633.1,638.9,623.1,629.9,619.5,610.7,598.4,23.4,631.2,0.8,18.7
2025-04-11 15:41:30,649.2,564.0,618.8,606.8,601.3,596.6,597.0,598.2,591.8,586.4,15.4,606.9,1.0,18.7
2025-04-11 15:41:35,632.1,550.0,612.8,597.3,599.5,594.2,599.1,600.0,591.9,592.4,31.0,593.4,1.1,18.8
2025-04-11 15:41:40,627.2,550.2,605.4,588.6,595.5,586.1,598.7,595.7,590.4,592.5,31.3,584.6,1.1,18.8
2025-04-11 15:41:45,617.5,545.5,600.8,589.7,606.3,598.4,640.0,617.6,599.8,620.0,66.1,597.1,1.4,18.9
2025-04-11 15:41:50,675.6,572.7,642.5,608.1,633.5,609.6,637.7,614.4,605.8,607.7,48.1,601.9,1.9,18.9
2025-04-11 15:41:55,657.8,590.7,645.2,621.7,643.7,610.9,659.6,618.8,612.3,661.3,110.9,642.5,3.0,18.9
2025-04-11 15:42:00,731.6,588.3,721.2,650.6,739.4,633.5,723.3,633.7,634.6,646.2,99.0,648.6,3.7,19.0
2025-04-11 15:42:05,676.5,560.8,662.8,625.1,666.4,612.6,651.2,605.8,596.8,607.0,40.5,612.1,4.1,19.0
2025-04-11 15:42:10,624.1,549.2,607.6,592.3,607.5,595.0,621.7,601.5,597.6,622.8,72.1,584.4,3.9,19.0
2025-04-11 15:42:15,610.2,563.1,604.9,607.6,631.2,630.0,696.6,663.7,652.3,678.8,186.1,592.1,3.6,19.1
2025-04-11 15:42:20,663.2,615.8,685.7,630.2,642.3,604.6,606.8,592.1,582.1,589.4,39.6,627.2,3.1,19.1
2025-04-11 15:42:25,579.7,517.6,563.2,554.6,555.4,563.8,564.4,562.2,557.6,542.7,7.5,542.2,2.9,19.1
2025-04-11 15:42:30,555.6,492.1,542.1,535.0,538.9,534.8,538.8,544.0,540.6,531.6,7.9,519.0,3.0,19.1
2025-04-11 15:42:35,546.6,485.9,536.2,531.8,531.7,529.1,531.1,530.1,526.4,514.5,9.5,503.6,3.2,19.1
2025-04-11 15:42:40,528.9,472.1,514.2,516.8,515.1,511.5,512.7,514.4,510.0,499.3,3.4,490.3,2.6,19.1
2025-04-11 15:42:45,508.8,455.7,504.4,498.5,498.2,494.7,497.0,498.9,494.9,485.3,2.7,470.5,2.4,19.1
2025-04-11 15:42:50,498.5,448.1,486.9,481.3,483.7,479.8,482.6,483.9,481.2,477.4,2.9,461.5,2.0,19.1
2025-04-11 15:42:55,488.3,441.4,476.8,473.2,474.3,471.3,474.0,476.8,474.4,468.0,4.7,448.4,2.0,19.1
2025-04-11 15:43:00,479.3,436.9,469.9,467.0,470.6,469.9,473.9,479.7,475.9,471.6,13.5,445.9,2.2,19.2
2025-04-11 15:43:05,507.3,438.1,502.3,473.0,481.1,470.5,478.7,477.8,472.9,476.3,24.2,456.6,1.9,19.2
2025-04-11 15:43:10,483.1,430.2,471.1,460.6,469.7,457.7,476.6,469.9,465.0,461.3,14.1,445.4,1.7,19.2
2025-04-11 15:43:15,476.0,424.4,466.9,454.0,462.1,453.7,460.8,459.3,457.6,451.9,9.0,436.2,1.6,19.2
2025-04-11 15:43:20,466.5,420.7,456.9,455.6,456.3,458.6,458.7,472.4,463.5,459.8,29.0,445.4,1.4,19.2
2025-04-11 15:43:25,469.8,427.2,466.8,457.7,458.4,449.1,451.9,449.2,444.6,436.6,5.1,434.3,1.8,19.2
2025-04-11 15:43:30,453.1,401.5,439.2,432.4,436.8,429.9,435.0,442.0,432.4,429.2,2.7,421.5,2.0,19.2
2025-04-11 15:43:35,439.7,390.3,428.9,423.0,428.9,422.6,428.7,428.7,426.7,422.5,2.7,409.7,1.7,19.1
2025-04-11 15:43:40,432.4,385.5,424.1,418.5,424.8,419.4,425.2,425.4,423.9,421.4,3.3,408.0,1.5,19.2
2025-04-11 15:43:45,429.3,383.6,422.0,415.8,422.0,415.8,423.0,423.9,422.1,419.3,4.1,406.4,1.6,19.1
2025-04-11 15:43:50,426.9,379.4,418.3,412.7,418.5,412.6,420.5,420.3,420.0,416.1,3.0,404.0,1.8,19.1
2025-04-11 15:43:55,421.9,375.2,416.8,411.2,417.1,411.0,417.4,417.3,417.4,414.1,2.2,401.4,1.9,19.1
2025-04-11 15:44:00,418.7,373.7,412.3,408.8,414.5,408.7,414.8,416.1,416.2,413.0,1.8,399.5,2.4,19.1
2025-04-11 15:44:05,417.3,372.1,412.2,406.7,413.1,407.6,414.3,415.1,415.6,412.6,1.7,398.5,2.5,19.1
2025-04-11 15:44:10,416.5,371.5,411.3,406.1,412.5,407.5,413.9,414.7,415.4,412.6,2.1,397.5,2.3,19.1
2025-04-11 15:44:15,416.0,370.0,410.8,405.4,412.1,407.3,413.5,414.5,415.1,412.1,1.9,396.8,2.3,19.1
2025-04-11 15:44:20,415.0,366.8,409.5,404.8,410.8,406.7,412.0,413.8,414.5,411.3,1.6,395.6,2.2,19.1
2025-04-11 15:44:25,412.9,364.5,407.3,404.4,409.8,405.8,410.3,413.1,413.8,409.9,1.4,394.1,2.6,19.1
2025-04-11 15:44:30,412.2,363.6,406.4,403.9,409.0,405.3,409.3,413.1,413.7,408.8,1.2,392.8,2.2,19.1
2025-04-11 15:44:35,411.4,362.9,406.6,404.1,408.9,405.7,408.7,413.2,413.8,408.6,1.0,392.0,1.8,19.0
2025-04-11 15:44:40,411.6,362.9,406.7,404.6,409.3,406.6,408.5,413.5,414.9,408.9,0.9,391.9,1.4,19.0
2025-04-11 15:44:45,411.2,363.2,405.1,404.4,408.9,407.1,407.4,412.9,414.8,408.5,1.0,390.8,1.4,19.0
2025-04-11 15:44:50,408.3,363.9,402.4,403.0,407.3,406.9,406.1,410.7,413.2,405.4,1.6,387.4,1.7,19.0
2025-04-11 15:44:55,404.2,363.9,398.3,399.2,403.3,403.2,401.5,406.6,409.7,400.9,1.5,382.3,1.5,19.0
2025-04-11 15:45:00,401.8,363.6,396.2,394.9,398.6,399.0,396.8,402.2,405.2,393.9,1.2,375.9,2.0,19.0
2025-04-11 15:45:05,394.2,360.3,388.2,387.2,391.0,391.2,388.5,394.1,397.6,386.7,1.1,371.8,2.0,19.0
2025-04-11 15:45:10,387.8,357.0,382.0,381.5,384.5,384.0,382.4,388.6,391.4,380.4,1.0,365.1,1.8,19.0
2025-04-11 15:45:15,380.6,351.7,378.9,379.2,381.6,381.1,379.3,385.8,389.2,376.0,0.9,357.1,1.8,19.0
2025-04-11 15:45:20,374.3,346.0,368.4,369.0,370.9,371.0,368.4,375.9,381.7,369.5,0.8,350.8,1.6,19.0
2025-04-11 15:45:25,368.2,339.7,362.4,363.2,364.6,365.3,362.8,369.6,375.7,363.6,0.7,345.6,1.6,19.0
2025-04-11 15:45:30,359.9,334.4,357.4,357.7,360.1,360.2,358.2,365.2,367.6,355.1,0.6,338.0,1.6,18.9
2025-04-11 15:45:35,354.6,325.4,348.9,352.7,354.3,354.4,352.8,359.6,362.2,349.9,0.5,333.3,1.7,18.9
2025-04-11 15:45:40,351.3,321.8,345.5,347.5,348.3,349.5,346.7,353.8,356.2,342.7,0.4,330.7,1.7,18.9
2025-04-11 15:45:45,344.3,314.0,338.0,340.1,340.8,341.6,339.4,346.2,349.5,336.8,0.4,321.3,1.4,18.9
2025-04-11 15:45:50,335.6,308.8,332.7,334.6,335.2,337.0,334.0,340.4,343.7,330.9,0.3,316.9,1.2,18.9
2025-04-11 15:45:55,332.2,301.7,325.7,327.3,328.6,329.7,331.2,337.2,340.5,327.0,0.3,313.5,1.1,18.9
2025-04-11 15:46:00,327.7,296.7,320.8,322.6,324.0,325.3,323.1,328.9,331.9,320.5,0.3,310.4,1.0,18.9
2025-04-11 15:46:05,323.5,293.5,317.2,318.7,319.9,321.7,318.8,325.2,328.0,318.6,0.2,306.9,1.2,18.9
2025-04-11 15:46:10,318.3,288.0,312.1,313.6,314.7,316.1,315.8,322.1,325.1,313.9,0.3,303.0,1.2,18.9
2025-04-11 15:46:15,314.6,284.3,308.3,310.0,311.1,312.4,310.3,317.3,321.6,311.0,0.2,299.7,1.1,18.9
2025-04-11 15:46:20,309.9,279.1,304.2,305.7,309.4,310.4,308.8,315.4,317.7,306.8,0.2,297.2,0.9,18.8
2025-04-11 15:46:25,306.6,275.6,300.8,302.1,304.0,304.6,304.3,310.8,313.3,303.6,0.2,295.4,0.9,18.9
2025-04-11 15:46:30,302.7,271.7,297.9,298.8,301.9,302.4,301.1,307.4,310.9,300.7,0.2,293.3,1.9,18.9
2025-04-11 15:46:35,300.7,269.5,296.3,296.8,298.7,299.0,297.3,303.2,306.6,297.3,0.1,291.3,2.4,18.8
2025-04-11 15:46:40,297.1,266.7,293.9,294.2,295.9,296.7,295.0,300.8,304.2,295.6,0.1,290.6,2.6,18.8
2025-04-11 15:46:45,296.2,264.3,291.5,291.5,294.0,294.9,293.8,298.7,302.7,293.6,0.2,289.9,2.7,18.8
2025-04-11 15:46:50,293.3,262.1,289.6,290.6,292.5,293.2,291.8,297.5,300.9,292.3,0.2,289.2,2.1,18.8
2025-04-11 15:46:55,291.8,260.4,287.7,288.3,290.2,290.3,289.8,295.7,299.7,291.6,0.2,288.6,1.8,18.8
2025-04-11 15:47:00,289.9,258.7,286.4,286.7,289.6,289.7,289.0,294.7,297.8,289.7,0.2,287.7,2.9,18.8
2025-04-11 15:47:05,288.3,257.4,285.1,285.6,287.3,287.8,287.2,293.0,296.7,288.9,0.2,287.3,2.4,18.8
2025-04-11 15:47:10,287.7,256.9,284.3,285.5,287.2,287.6,286.7,292.7,295.9,288.5,0.1,287.5,2.8,18.8
2025-04-11 15:47:15,287.5,256.6,284.2,285.2,287.1,287.7,286.7,293.0,295.7,288.6,0.1,288.7,3.0,18.7
2025-04-11 15:47:20,287.4,256.7,284.4,285.3,287.5,287.9,287.0,293.3,295.9,289.0,0.1,289.6,2.9,18.7
2025-04-11 15:47:25,287.6,256.7,284.7,285.3,287.9,287.9,288.3,293.7,296.3,289.9,0.0,291.6,2.5,18.7
2025-04-11 15:47:30,288.5,257.2,286.0,286.6,288.8,288.4,288.8,294.7,296.9,290.4,0.0,292.7,2.1,18.7
2025-04-11 15:47:35,288.8,257.7,286.5,287.7,289.6,289.2,289.5,296.0,297.9,291.0,0.1,294.1,2.1,18.7
2025-04-11 15:47:40,289.6,257.7,288.3,287.9,290.8,292.5,290.5,296.3,298.5,291.5,0.2,296.5,2.5,18.7
2025-04-11 15:47:45,290.6,258.4,289.0,289.0,291.9,294.5,291.1,297.7,300.0,292.9,0.2,298.7,2.1,18.7
2025-04-11 15:47:50,292.2,259.5,290.8,291.1,293.8,296.5,293.9,300.5,302.3,294.8,0.2,301.1,1.9,18.7
2025-04-11 15:47:55,295.5,261.6,293.4,294.4,297.1,296.4,295.3,301.6,304.6,297.9,0.2,304.0,1.7,18.6
2025-04-11 15:48:00,298.4,264.2,296.0,297.5,300.9,300.3,298.5,305.6,307.7,301.3,0.2,307.5,1.6,18.6
2025-04-11 15:48:05,302.3,266.6,297.1,298.2,301.5,301.4,301.7,308.7,310.5,304.9,0.2,312.0,1.6,18.6
2025-04-11 15:48:10,306.0,267.7,301.8,302.9,305.8,305.3,305.7,312.1,314.6,308.7,0.3,316.7,1.2,18.6
2025-04-11 15:48:15,310.0,270.4,307.1,306.1,308.9,309.2,309.1,316.5,319.0,313.1,0.2,321.3,1.1,18.6
2025-04-11 15:48:20,312.9,273.6,310.0,310.8,313.5,314.5,314.5,321.5,324.1,318.5,0.1,324.8,0.9,18.6
2025-04-11 15:48:25,319.6,278.0,314.4,315.5,318.2,319.0,319.1,326.1,329.6,323.9,0.1,332.6,0.8,18.6
2025-04-11 15:48:30,322.4,282.6,319.3,320.5,323.3,324.5,324.7,331.6,334.6,326.8,0.0,335.7,0.8,18.6
2025-04-11 15:48:35,329.3,288.5,326.7,328.1,330.9,332.1,332.4,340.2,342.9,334.6,0.0,342.9,1.9,18.6
2025-04-11 15:48:40,335.4,293.6,333.4,334.7,337.1,338.3,338.5,347.0,346.3,341.8,0.1,349.6,3.2,18.6
2025-04-11 15:48:45,342.3,299.6,340.7,342.2,340.3,341.4,341.0,349.7,353.0,349.6,0.2,358.4,2.6,18.6
2025-04-11 15:48:50,348.5,304.4,347.0,348.1,350.3,352.1,348.7,357.5,360.5,354.8,0.7,363.8,2.1,18.5
2025-04-11 15:48:55,353.3,308.1,351.8,352.5,354.9,356.4,356.1,365.2,368.4,360.1,2.3,367.6,1.9,18.5
2025-04-11 15:49:00,357.0,311.5,355.0,356.4,358.7,361.3,360.8,371.4,373.7,367.1,4.5,373.4,1.7,18.5
2025-04-11 15:49:05,364.3,319.1,361.9,363.8,365.4,366.0,363.9,373.6,376.1,369.8,3.4,377.5,1.5,18.5
2025-04-11 15:49:10,366.4,321.0,363.6,365.4,367.4,371.0,368.6,379.0,381.0,375.0,4.4,381.3,2.2,18.5
2025-04-11 15:49:15,371.8,326.3,368.8,371.0,373.1,374.2,372.8,381.5,384.2,375.9,1.8,383.5,2.2,18.5
2025-04-11 15:49:20,375.5,328.0,372.6,372.9,375.1,375.7,374.5,382.9,386.3,377.7,0.7,384.1,2.4,18.5
2025-04-11 15:49:25,378.0,331.5,374.2,375.6,378.2,379.4,378.8,384.4,387.1,379.1,0.4,385.4,2.4,18.5
2025-04-11 15:49:30,380.0,333.3,376.9,377.6,380.5,380.5,380.3,388.1,390.1,381.6,0,385.7,2.0,18.5
2025-04-11 15:49:35,382.2,334.9,379.0,378.5,382.0,382.7,381.7,388.9,390.8,382.0,0,385.8,2.0,18.5
2025-04-11 15:49:40,384.0,337.5,379.8,380.5,383.3,384.2,383.7,390.5,392.0,384.4,0,385.9,1.8,18.5
2025-04-11 15:49:45,385.2,339.7,381.8,381.7,385.7,386.5,385.9,392.2,394.6,386.1,0,386.1,1.5,18.5
2025-04-11 15:49:50,387.8,343.5,384.1,385.4,387.2,387.4,386.5,393.4,395.1,387.4,0,387.8,1.4,18.5
2025-04-11 15:49:55,389.8,345.3,385.1,386.6,389.2,390.0,389.3,395.3,397.0,388.6,0,387.6,1.9,18.5
2025-04-11 15:50:00,390.4,346.6,386.6,386.9,389.5,390.6,389.5,395.8,397.2,389.0,0,386.9,3.2,18.5
2025-04-11 15:50:05,391.0,348.5,386.3,387.1,389.6,390.6,389.7,396.2,397.2,388.8,0,385.1,3.7,18.4
2025-04-11 15:50:10,391.2,349.4,386.7,387.5,389.8,391.1,390.0,396.4,397.2,388.7,0,383.9,3.8,18.4
2025-04-11 15:50:15,391.2,350.3,386.4,387.3,389.6,390.6,389.5,395.7,396.7,387.7,0,381.6,3.4,18.4
2025-04-11 15:50:20,389.6,350.5,385.5,385.5,388.7,389.0,387.5,393.5,394.2,385.8,0,379.0,3.1,18.4
2025-04-11 15:50:25,388.0,350.3,383.0,384.2,386.8,387.7,385.8,392.0,392.7,384.1,0,376.6,2.7,18.4
2025-04-11 15:50:30,387.3,350.0,382.0,383.3,385.2,385.7,384.2,390.2,390.8,381.8,0,375.1,2.7,18.3
2025-04-11 15:50:35,385.5,348.5,379.7,380.7,382.6,383.1,381.9,388.2,388.7,379.7,0,370.2,3.1,18.3
2025-04-11 15:50:40,384.2,347.5,378.1,378.1,380.5,380.1,380.6,385.8,386.0,378.6,0,368.5,3.3,18.3
2025-04-11 15:50:45,381.9,345.8,376.4,376.5,378.3,377.4,378.4,384.0,383.2,375.3,0,364.0,3.1,18.3
2025-04-11 15:50:50,380.6,345.0,373.9,374.7,376.7,376.2,376.4,381.7,381.7,374.1,0,362.2,2.8,18.3
2025-04-11 15:50:55,379.6,344.2,373.4,372.6,375.9,375.9,376.0,381.3,380.8,373.3,0.0,361.3,2.4,18.2
2025-04-11 15:51:00,379.5,344.5,373.2,371.9,375.5,374.4,375.6,379.2,377.9,371.9,0.3,359.9,2.1,18.2
2025-04-11 15:51:05,379.2,344.6,372.7,371.2,374.5,373.1,374.9,378.3,377.3,371.5,0.4,359.2,1.8,18.2
2025-04-11 15:51:10,379.5,345.0,373.3,370.9,374.7,372.8,375.3,378.0,376.8,371.8,0.8,358.6,1.7,18.2
2025-04-11 15:51:15,380.7,345.2,374.0,370.5,375.2,372.4,375.3,377.4,376.1,371.7,1.5,358.2,1.8,18.2
2025-04-11 15:51:20,382.6,346.1,374.4,370.5,376.1,372.4,376.8,377.9,376.3,374.3,5.3,358.8,1.4,18.1
2025-04-11 15:51:25,389.3,351.3,384.3,376.7,386.1,375.9,382.8,383.3,380.7,380.4,13.1,364.9,1.3,18.1
2025-04-11 15:51:30,406.3,360.0,410.7,381.5,393.1,384.0,396.0,391.1,386.1,388.3,21.4,376.9,1.1,18.1
2025-04-11 15:51:35,531.9,365.0,521.3,398.5,474.7,397.1,474.9,397.2,387.6,398.5,41.8,392.2,1.0,18.1
2025-04-11 15:51:40,512.6,370.5,451.9,397.6,435.4,394.2,445.7,399.6,397.0,396.4,41.0,395.3,0.9,18.1
2025-04-11 15:51:45,436.9,416.1,413.9,418.3,411.4,441.3,420.1,449.6,413.1,435.0,89.9,402.3,0.8,18.1
2025-04-11 15:51:50,410.4,393.1,399.9,398.1,394.2,390.9,389.4,388.8,390.6,378.2,14.2,387.1,0.8,18.1
2025-04-11 15:51:55,408.8,363.5,391.4,383.2,383.5,384.3,385.6,384.4,378.1,370.5,9.1,371.8,0.9,18.1
2025-04-11 15:52:00,389.2,355.5,382.7,376.5,378.9,373.0,376.7,376.0,372.1,366.5,6.8,357.6,1.1,18.1
2025-04-11 15:52:05,383.4,344.2,375.5,369.9,374.7,370.3,372.4,371.9,367.2,361.2,4.3,354.9,1.2,18.0
2025-04-11 15:52:10,374.3,336.8,368.2,361.3,365.6,359.8,363.1,363.2,360.3,354.4,3.0,343.9,1.0,18.0
2025-04-11 15:52:15,368.0,327.2,359.1,354.2,358.3,354.4,357.5,358.6,356.4,349.3,4.0,339.5,1.0,18.0
2025-04-11 15:52:20,364.1,322.8,354.9,351.0,353.6,350.1,351.7,353.2,351.0,344.6,1.4,335.7,1.3,18.0
2025-04-11 15:52:25,356.7,317.1,348.5,345.2,347.6,345.3,346.3,349.0,346.7,342.4,0.9,330.6,1.3,18.0
2025-04-11 15:52:30,349.2,311.0,341.6,338.6,341.6,338.5,340.0,345.2,343.6,337.2,0.2,325.5,2.5,18.0
2025-04-11 15:52:35,342.8,304.6,335.6,333.3,335.5,332.6,334.6,339.6,338.4,331.8,0,320.0,3.5,18.0
2025-04-11 15:52:40,337.3,299.7,330.8,331.5,333.5,331.2,332.6,335.8,335.4,327.9,0,316.3,3.7,18.0
2025-04-11 15:52:45,334.7,296.2,326.9,325.6,329.6,327.5,328.9,332.5,331.8,325.1,0,314.5,4.1,18.0
2025-04-11 15:52:50,331.8,294.4,324.2,323.9,326.3,326.3,325.9,330.1,329.4,323.4,0,313.4,4.1,18.0
2025-04-11 15:52:55,331.0,294.0,323.6,322.8,325.6,326.1,325.1,329.2,328.9,322.9,0,312.6,4.1,18.0
2025-04-11 15:53:00,329.7,294.0,323.2,323.0,325.2,325.6,325.3,329.2,329.4,323.4,0,314.4,3.9,17.9
2025-04-11 15:53:05,329.8,294.5,323.8,323.8,326.1,326.2,326.6,331.6,332.1,324.3,0,315.4,4.1,17.9
2025-04-11 15:53:10,331.5,296.7,326.4,326.5,329.4,328.7,329.7,334.1,333.6,327.0,0,318.3,3.6,17.9
2025-04-11 15:53:15,333.2,297.3,328.6,328.4,331.7,331.5,331.4,335.7,336.2,329.1,0,320.7,3.7,17.9
2025-04-11 15:53:20,336.2,299.5,331.5,329.8,332.8,332.6,332.9,336.8,337.9,331.6,0,324.0,3.0,17.8
2025-04-11 15:53:25,339.4,302.1,334.5,333.9,337.3,335.5,336.0,340.9,342.1,334.4,0,327.4,2.4,17.8
2025-04-11 15:53:30,341.6,304.0,337.3,336.7,339.5,339.9,339.9,344.5,344.2,336.4,0,330.0,2.2,17.8
2025-04-11 15:53:35,343.5,306.4,338.7,338.6,341.3,341.0,341.7,345.4,346.1,339.0,0,332.5,2.8,17.8
2025-04-11 15:53:40,347.0,307.2,341.7,341.4,342.9,343.0,344.0,347.9,347.6,340.6,0,334.3,2.5,17.8
2025-04-11 15:53:45,347.3,307.5,342.5,341.9,344.3,343.7,344.8,349.4,348.9,342.7,0,336.6,2.6,17.8
2025-04-11 15:53:50,350.3,309.0,343.8,343.5,346.1,345.2,346.5,351.9,351.0,344.4,0,337.8,3.1,17.8
2025-04-11 15:53:55,352.4,309.8,346.3,344.8,347.9,347.9,348.9,352.6,352.6,346.3,0,339.5,3.0,17.7
2025-04-11 15:54:00,353.4,311.4,348.2,347.3,350.0,349.1,350.1,354.5,354.3,347.4,0,340.6,2.7,17.7
2025-04-11 15:54:05,355.1,312.1,348.9,348.6,351.5,351.4,351.7,356.3,355.9,350.5,0,344.0,2.5,17.7
2025-04-11 15:54:10,356.9,315.2,351.3,351.4,353.7,353.5,354.3,358.6,358.8,352.1,0,346.1,2.4,17.7
2025-04-11 15:54:15,360.3,318.0,354.4,354.1,356.8,355.1,355.9,361.0,360.7,355.2,0,349.2,2.7,17.7
2025-04-11 15:54:20,362.9,320.9,357.2,357.2,359.6,360.1,360.3,363.8,363.0,358.5,0,352.9,3.0,17.7
2025-04-11 15:54:25,366.8,322.6,359.4,359.1,361.4,362.1,361.9,366.6,366.7,362.5,0,356.5,3.3,17.6
2025-04-11 15:54:30,369.4,327.4,364.4,364.1,366.7,365.9,365.0,370.7,370.7,365.8,0,360.2,3.5,17.6
2025-04-11 15:54:35,372.8,330.6,367.0,367.0,369.1,369.7,368.8,373.6,373.4,368.9,0,363.6,3.3,17.6
2025-04-11 15:54:40,374.6,332.3,369.4,369.1,372.1,371.9,372.5,376.7,375.3,371.5,0,365.5,2.8,17.6
2025-04-11 15:54:45,379.2,334.4,373.0,371.5,374.9,375.3,376.4,380.5,381.1,376.9,0,371.0,2.8,17.6
2025-04-11 15:54:50,381.7,338.0,376.2,376.4,379.0,379.4,380.8,385.1,385.5,379.4,0,373.0,2.7,17.6
2025-04-11 15:54:55,387.5,341.6,382.1,381.0,384.0,383.3,383.8,388.5,388.7,384.4,0,377.3,2.7,17.5
2025-04-11 15:55:00,390.0,345.5,384.5,383.3,386.9,386.5,387.4,392.1,389.8,385.8,0.0,380.5,2.4,17.5
2025-04-11 15:55:05,394.0,351.4,388.5,385.5,388.4,388.0,389.0,394.1,393.7,391.0,0.9,384.1,3.2,17.5
2025-04-11 15:55:10,398.1,357.2,393.3,391.2,392.8,394.3,394.8,401.0,401.5,399.7,6.9,388.7,3.3,17.5
2025-04-11 15:55:15,403.6,363.9,400.4,397.0,400.9,402.5,403.7,411.0,411.8,410.7,14.1,396.2,3.6,17.5
2025-04-11 15:55:20,408.2,369.9,405.6,407.4,409.7,412.2,411.6,419.6,420.1,415.1,15.0,404.3,3.6,17.5
2025-04-11 15:55:25,414.2,373.0,409.4,409.1,410.5,412.3,411.1,418.2,416.9,411.1,8.0,404.1,3.7,17.4
2025-04-11 15:55:30,413.9,372.6,407.9,408.5,410.0,411.2,410.4,417.0,415.9,410.3,5.8,403.3,3.6,17.4
2025-04-11 15:55:35,413.6,372.2,408.0,407.2,409.4,409.8,410.0,414.1,412.3,406.3,1.7,402.2,3.8,17.4
2025-04-11 15:55:40,412.9,370.5,406.6,406.2,408.1,409.0,409.1,413.7,411.8,406.0,0.0,399.7,3.9,17.4
2025-04-11 15:55:45,413.4,370.4,407.9,407.1,409.6,409.8,410.2,413.8,412.0,408.2,0,399.7,3.6,17.3
2025-04-11 15:55:50,416.4,373.3,410.5,410.9,412.4,414.1,412.5,417.5,415.9,411.9,0,401.9,2.9,17.3
2025-04-11 15:55:55,419.4,377.2,414.0,414.0,415.9,417.3,418.0,423.3,421.0,416.6,0,404.6,3.1,17.3
2025-04-11 15:56:00,421.3,379.2,415.4,415.5,418.1,419.6,419.4,425.8,425.0,420.1,0,407.3,3.1,17.3
2025-04-11 15:56:05,423.5,381.7,417.9,418.2,420.0,422.0,422.5,428.8,429.0,423.3,0,408.1,2.4,17.3
2025-04-11 15:56:10,424.8,385.0,419.5,420.9,423.0,425.4,424.7,433.1,433.5,428.6,1.3,411.4,2.7,17.3
2025-04-11 15:56:15,429.7,391.7,425.0,427.4,427.9,432.0,431.0,439.6,438.7,433.0,3.3,414.0,3.2,17.2
2025-04-11 15:56:20,434.4,395.1,428.9,431.4,432.9,436.1,438.1,444.0,445.1,440.8,12.6,416.5,3.3,17.2
2025-04-11 15:56:25,439.4,410.5,434.2,444.6,438.7,444.0,440.3,454.7,448.5,443.4,14.6,428.0,3.2,17.2
2025-04-11 15:56:30,441.0,402.7,434.0,437.3,436.9,442.0,438.6,451.0,449.3,438.7,4.1,420.1,2.5,17.2
2025-04-11 15:56:35,441.3,403.2,435.7,438.8,439.7,445.3,439.6,448.7,451.0,445.1,8.7,419.8,2.1,17.2
2025-04-11 15:56:40,445.6,408.0,439.1,443.8,442.6,448.4,445.6,453.6,453.6,446.4,10.8,422.6,1.6,17.2
2025-04-11 15:56:45,445.2,406.8,438.8,443.0,440.9,446.3,442.1,453.1,452.7,442.8,8.6,419.0,1.8,17.2
2025-04-11 15:56:50,444.4,404.5,436.9,441.3,438.6,443.2,439.7,448.6,446.9,435.4,3.4,417.1,1.9,17.2
2025-04-11 15:56:55,440.4,399.6,433.1,435.0,433.7,436.9,434.2,441.1,439.2,428.9,2.0,410.1,2.8,17.2
2025-04-11 15:57:00,435.6,393.5,428.6,430.2,429.7,431.7,429.2,435.6,433.8,424.2,0.4,401.0,2.3,17.2
2025-04-11 15:57:05,432.9,390.6,423.8,424.5,424.9,426.6,424.5,430.3,428.5,421.1,0.0,396.8,2.1,17.1
2025-04-11 15:57:10,429.6,388.0,420.0,421.4,421.6,423.2,421.0,426.7,425.0,415.7,0,392.6,1.8,17.1
2025-04-11 15:57:15,426.9,386.3,417.7,418.7,418.7,420.6,417.5,423.4,421.6,414.0,0,388.0,1.9,17.1
2025-04-11 15:57:20,423.4,384.1,413.9,414.9,414.8,417.8,415.0,421.0,419.6,410.2,0,382.7,1.8,17.1
2025-04-11 15:57:25,421.2,382.0,411.3,411.7,412.9,414.4,411.8,417.7,416.5,408.1,0,378.9,1.4,17.1
2025-04-11 15:57:30,417.6,381.6,410.1,411.3,411.4,412.6,410.4,416.2,414.5,404.8,0,375.2,1.3,17.1
2025-04-11 15:57:35,415.1,378.2,406.0,406.6,408.4,409.5,407.2,413.4,411.0,402.0,0,372.0,1.1,17.1
2025-04-11 15:57:40,412.3,376.8,403.5,404.1,404.5,407.5,403.6,411.2,408.5,400.1,0,369.2,0.9,17.1
2025-04-11 15:57:45,410.9,375.7,401.7,403.2,402.9,404.7,402.3,408.2,406.5,397.5,0,367.6,0.9,17.1
2025-04-11 15:57:50,408.1,373.1,398.9,401.1,400.9,402.7,399.3,405.3,403.6,394.9,0,364.2,0.8,17.1
2025-04-11 15:57:55,406.9,372.3,397.4,398.3,398.9,400.3,397.2,404.0,402.5,394.0,0,362.9,1.0,17.1
2025-04-11 15:58:00,404.4,371.0,394.5,396.7,396.4,397.9,395.4,402.0,400.1,391.7,0,360.7,1.1,17.1
2025-04-11 15:58:05,403.3,370.8,394.5,396.2,395.8,397.7,394.8,401.7,399.3,390.5,0,359.3,1.2,17.2
2025-04-11 15:58:10,402.8,370.5,393.6,394.9,394.4,396.4,393.1,401.1,398.7,389.6,0,359.4,1.2,17.2
2025-04-11 15:58:15,400.5,367.9,391.2,392.4,392.3,394.6,390.7,398.3,394.9,386.3,0,357.7,1.3,17.2
2025-04-11 15:58:20,397.8,363.4,388.8,389.3,389.4,391.4,388.3,395.1,392.7,384.8,0,355.2,1.3,17.2
2025-04-11 15:58:25,394.1,361.0,386.1,387.4,387.2,389.9,386.6,392.5,391.9,382.5,0,352.9,1.3,17.2
2025-04-11 15:58:30,391.4,360.5,383.5,384.5,384.3,387.0,384.7,391.3,389.9,380.7,0,350.6,1.2,17.2
2025-04-11 15:58:35,390.3,359.2,382.4,383.0,384.4,385.8,382.8,389.3,387.5,378.5,0,348.7,1.1,17.2
2025-04-11 15:58:40,387.1,355.5,379.3,381.5,381.3,383.9,380.6,387.1,385.9,377.0,0,347.0,0.9,17.2
2025-04-11 15:58:45,385.4,353.6,377.6,379.1,379.7,382.4,379.2,384.9,384.0,375.3,0,344.6,0.8,17.2
2025-04-11 15:58:50,383.1,351.7,375.8,376.4,377.2,380.2,376.8,382.6,381.2,372.9,0,342.4,1.1,17.2
2025-04-11 15:58:55,379.9,349.7,374.1,374.7,375.5,377.7,375.4,380.7,380.1,371.1,0,340.8,1.1,17.2
2025-04-11 15:59:00,378.9,349.2,372.2,372.7,372.9,375.2,372.9,378.7,378.2,370.0,0,339.2,0.9,17.2
2025-04-11 15:59:05,376.5,348.0,369.1,370.1,371.4,374.1,370.7,376.9,375.4,366.4,0.2,337.7,0.9,17.3
2025-04-11 15:59:10,374.7,347.1,367.7,368.3,368.6,370.9,367.3,373.2,372.2,364.6,0,335.7,0.9,17.3
2025-04-11 15:59:15,370.9,343.9,362.9,364.4,364.4,369.4,365.2,372.4,371.1,361.1,0,331.9,0.9,17.3
2025-04-11 15:59:20,368.3,342.4,361.4,362.9,362.9,365.6,362.0,368.5,368.1,359.2,0,330.1,0.8,17.3
2025-04-11 15:59:25,367.0,341.8,360.4,361.9,361.5,364.8,360.5,368.2,367.1,358.1,0,329.1,1.0,17.3
2025-04-11 15:59:30,366.4,341.6,358.7,360.8,360.8,363.2,359.8,367.0,366.4,356.8,0,327.8,1.1,17.3
2025-04-11 15:59:35,365.6,340.1,358.1,360.5,359.8,362.5,359.0,365.9,365.4,355.9,0,326.7,1.6,17.3
2025-04-11 15:59:40,365.4,339.8,358.1,359.6,358.9,361.3,358.5,365.0,364.3,354.6,0,325.9,1.8,17.4
2025-04-11 15:59:45,364.6,338.4,357.1,358.3,358.0,360.2,357.1,363.1,362.2,352.9,0.4,323.5,2.2,17.4
2025-04-11 15:59:50,362.8,337.7,355.4,356.4,356.3,358.8,355.1,361.5,361.5,351.9,0.1,322.2,2.2,17.4
2025-04-11 15:59:55,361.1,336.5,353.1,354.7,355.5,357.8,354.6,360.5,360.0,349.5,0,320.2,2.0,17.4
2025-04-11 16:00:00,359.8,334.9,350.9,351.9,352.3,355.7,351.8,357.6,357.4,347.4,0,318.7,2.4,17.4
2025-04-11 16:00:05,357.5,333.7,349.5,350.5,350.8,352.9,349.8,355.2,354.6,345.4,0,316.6,2.2,17.4
2025-04-11 16:00:10,356.1,332.3,348.3,349.3,349.2,351.0,347.7,354.1,352.9,344.1,0,314.8,1.9,17.4
2025-04-11 16:00:15,354.6,332.1,347.4,348.4,348.3,350.2,347.0,353.7,352.7,343.5,0,312.9,1.6,17.4
2025-04-11 16:00:20,354.1,332.1,346.7,347.8,347.9,349.8,346.7,353.5,352.6,343.3,0,312.7,1.3,17.4
2025-04-11 16:00:25,353.6,332.9,346.5,347.8,347.9,349.9,346.8,353.5,352.6,343.4,0,312.7,1.2,17.4
2025-04-11 16:00:30,353.8,333.8,346.5,347.9,348.2,350.0,346.8,352.9,351.8,343.1,0,312.7,1.0,17.5
2025-04-11 16:00:35,353.1,333.7,345.7,347.8,348.2,349.9,346.8,352.6,351.7,342.6,0,312.2,0.9,17.5
2025-04-11 16:00:40,352.7,333.6,345.4,346.9,347.8,349.9,346.4,352.0,351.2,342.3,0,311.9,0.9,17.5
2025-04-11 16:00:45,352.5,333.1,345.0,347.0,347.8,349.6,346.6,351.6,350.9,342.2,0,311.8,1.4,17.5
2025-04-11 16:00:50,352.4,333.0,345.0,346.7,347.7,348.7,346.5,351.4,350.3,341.9,0,311.8,1.8,17.5
2025-04-11 16:00:55,352.2,331.7,344.6,346.0,347.2,347.9,345.8,350.9,349.6,341.6,0,311.3,2.3,17.5
2025-04-11 16:01:00,351.9,331.2,344.5,345.6,346.8,347.6,346.0,350.8,349.7,341.6,0,311.2,2.1,17.5
2025-04-11 16:01:05,352.1,330.4,344.6,346.0,347.3,348.5,346.5,351.0,350.2,342.1,0,311.6,2.0,17.5
2025-04-11 16:01:10,352.6,330.4,344.9,346.5,348.6,350.2,347.2,352.2,351.1,343.0,0,312.6,2.5,17.5
2025-04-11 16:01:15,353.4,331.2,346.4,347.6,349.6,350.0,347.4,352.5,351.4,343.5,0,313.1,3.7,17.5
2025-04-11 16:01:20,354.4,331.2,347.4,348.3,350.4,350.5,349.4,353.8,352.3,344.3,0,313.5,3.2,17.5
2025-04-11 16:01:25,355.9,332.4,349.1,349.4,351.7,352.3,351.7,355.1,353.4,345.7,0,314.9,3.0,17.5
2025-04-11 16:01:30,357.4,333.5,351.2,351.3,352.9,353.9,353.4,357.8,356.1,349.3,0.3,316.8,2.7,17.5
2025-04-11 16:01:35,362.3,337.1,355.7,354.7,356.4,356.2,356.2,360.1,358.3,351.6,0.4,321.4,2.6,17.5
2025-04-11 16:01:40,364.0,337.6,357.6,356.3,359.5,358.5,358.6,362.9,360.5,354.4,0.0,324.3,2.0,17.5
2025-04-11 16:01:45,369.4,341.5,361.0,359.1,362.4,361.1,361.6,365.8,363.4,356.7,0,326.9,1.6,17.5
2025-04-11 16:01:50,371.2,343.8,363.5,363.0,364.2,363.7,364.1,367.4,365.5,359.1,0,328.6,1.4,17.5
2025-04-11 16:01:55,373.1,346.2,365.0,365.3,367.9,368.1,368.5,371.7,367.4,361.9,0,330.7,1.2,17.5
2025-04-11 16:02:00,376.7,350.2,369.6,369.9,372.1,372.2,372.9,377.1,374.4,369.9,0.2,337.5,1.1,17.5
2025-04-11 16:02:05,382.2,354.4,374.8,375.4,378.1,378.3,378.9,383.0,379.9,373.1,0.7,340.5,1.3,17.5
2025-04-11 16:02:10,390.2,361.0,382.8,382.9,386.3,386.0,386.8,390.7,387.3,380.7,2.1,348.4,1.3,17.5
2025-04-11 16:02:15,396.9,365.1,389.0,388.4,391.8,390.8,391.8,395.7,392.6,388.4,0.4,353.6,1.2,17.5
2025-04-11 16:02:20,404.4,370.7,396.0,395.7,394.8,394.2,395.2,398.5,395.9,393.0,0,360.8,1.2,17.5
2025-04-11 16:02:25,410.9,375.5,403.1,402.7,406.0,405.3,406.9,410.7,404.2,400.0,0,366.6,1.1,17.5
2025-04-11 16:02:30,419.2,382.4,411.5,411.4,414.6,414.4,411.1,415.8,412.6,408.8,0.0,375.4,1.0,17.5
2025-04-11 16:02:35,429.7,389.8,421.8,417.8,420.7,421.0,421.5,426.6,423.2,419.7,0.0,385.6,1.2,17.5
2025-04-11 16:02:40,437.4,395.6,429.5,430.7,428.7,429.2,429.6,434.6,431.3,427.6,0,392.4,1.7,17.5
2025-04-11 16:02:45,442.2,399.3,434.5,436.0,437.8,438.4,438.0,443.6,440.1,438.2,0,402.4,1.6,17.5
2025-04-11 16:02:50,455.1,408.0,447.2,445.2,447.2,448.2,447.5,453.5,449.6,444.5,0.0,408.5,1.4,17.5
2025-04-11 16:02:55,461.5,413.6,453.4,451.8,453.4,454.8,453.2,459.6,456.2,450.2,0.2,413.6,1.3,17.5
2025-04-11 16:03:00,465.0,418.1,457.0,458.3,459.1,461.0,458.9,465.5,461.9,453.1,0.2,416.1,1.6,17.6
2025-04-11 16:03:05,469.7,423.2,460.8,462.6,463.4,465.4,462.0,469.8,466.2,458.2,0,420.0,2.1,17.6
2025-04-11 16:03:10,473.7,427.6,464.6,466.5,466.9,469.7,465.2,473.2,470.3,460.0,0,420.9,2.2,17.6
2025-04-11 16:03:15,477.3,432.5,467.6,469.9,469.2,472.0,467.8,475.4,473.1,463.2,0,422.5,3.0,17.6
2025-04-11 16:03:20,478.5,435.7,468.6,470.6,470.0,472.5,468.1,476.1,473.1,463.4,0,422.1,2.9,17.6
2025-04-11 16:03:25,478.0,437.3,467.8,469.4,470.0,472.4,467.8,475.8,473.0,461.0,0,418.8,2.1,17.6
2025-04-11 16:03:30,473.2,436.9,462.8,467.1,466.7,468.7,463.1,471.3,468.8,456.2,0,414.1,1.6,17.6
2025-04-11 16:03:35,468.4,435.0,457.6,462.5,461.9,464.5,459.2,466.5,464.3,451.3,0,408.4,1.4,17.6
2025-04-11 16:03:40,465.3,432.4,454.0,456.8,456.7,459.0,453.8,461.6,459.9,445.8,0,402.3,1.6,17.6
2025-04-11 16:03:45,457.3,429.5,449.2,452.7,452.3,454.7,448.8,457.2,455.2,441.0,0,397.3,1.6,17.6
2025-04-11 16:03:50,455.2,426.2,444.6,448.7,447.9,450.5,444.4,452.9,451.0,435.7,0,394.6,1.6,17.6
2025-04-11 16:03:55,449.7,421.5,438.9,443.1,441.8,444.7,438.7,446.3,445.2,430.3,0,385.7,1.7,17.6
2025-04-11 16:04:00,444.0,416.6,433.2,437.4,436.6,439.0,432.8,440.9,440.1,427.6,0,383.0,1.6,17.6
2025-04-11 16:04:05,437.3,410.4,426.6,431.2,430.2,433.0,430.0,437.8,437.3,421.1,0,375.5,1.4,17.6
2025-04-11 16:04:10,431.4,405.1,421.1,425.7,424.6,428.1,423.0,431.8,431.2,415.8,0,369.5,2.3,17.6
2025-04-11 16:04:15,425.3,399.4,415.4,420.4,418.8,421.8,414.3,422.5,422.8,409.4,0,363.9,2.2,17.6
2025-04-11 16:04:20,417.0,392.6,407.0,415.3,413.8,417.4,409.6,417.6,417.8,401.4,0,355.8,2.8,17.6
2025-04-11 16:04:25,409.1,387.5,399.5,407.8,406.6,410.3,401.7,410.4,410.4,393.6,0,348.2,2.9,17.7
2025-04-11 16:04:30,405.6,384.6,396.1,400.7,399.1,403.1,394.5,403.4,403.4,384.1,0,339.6,3.6,17.6
2025-04-11 16:04:35,393.7,374.6,384.1,389.3,387.3,391.4,382.3,391.4,391.6,373.7,0,333.9,3.7,17.6
2025-04-11 16:04:40,384.1,366.6,375.3,380.1,378.4,382.2,373.1,382.4,382.5,364.4,0,325.1,3.6,17.6
2025-04-11 16:04:45,373.6,358.4,364.8,369.6,368.1,378.6,363.0,378.7,378.9,358.7,0,315.1,3.4,17.7
2025-04-11 16:04:50,363.4,350.2,355.3,359.3,358.2,367.0,358.2,366.8,367.1,348.8,0,306.3,3.0,17.7
2025-04-11 16:04:55,354.5,343.1,346.5,351.0,349.9,353.4,345.0,353.2,354.2,340.0,0,297.7,2.9,17.6
2025-04-11 16:05:00,344.1,334.4,335.7,345.1,343.7,347.0,338.3,346.7,347.6,329.8,0,288.3,2.5,17.6
2025-04-11 16:05:05,335.8,326.8,327.4,336.1,334.7,338.3,330.0,338.1,339.0,322.2,0,281.0,2.0,17.6
2025-04-11 16:05:10,331.9,323.6,324.2,328.8,327.5,331.4,322.9,331.0,332.3,314.3,0,273.1,1.7,17.6
2025-04-11 16:05:15,323.2,315.3,315.6,320.1,318.6,322.6,314.2,322.0,323.5,307.4,0,266.2,1.5,17.6
2025-04-11 16:05:20,314.6,309.6,310.0,313.7,312.7,316.5,308.4,316.2,317.4,302.1,0,260.9,1.5,17.6
2025-04-11 16:05:25,310.7,303.3,303.2,307.4,306.2,309.6,305.7,313.9,315.0,298.7,0,257.8,1.4,17.6
2025-04-11 16:05:30,305.3,298.5,297.8,302.0,300.8,304.9,297.0,304.9,305.9,291.7,0,253.0,1.5,17.6
2025-04-11 16:05:35,300.6,294.4,293.5,297.9,296.5,300.3,292.5,300.4,300.8,289.4,0,249.3,1.5,17.5
2025-04-11 16:05:40,294.5,289.5,287.4,291.7,290.3,296.2,288.8,296.4,297.0,283.5,0,243.8,1.2,17.6
2025-04-11 16:05:45,289.9,285.1,283.2,287.1,285.9,289.3,282.1,291.5,292.4,279.4,0,239.9,1.1,17.6
2025-04-11 16:05:50,287.6,283.0,281.3,284.9,283.8,286.8,280.3,287.5,288.4,274.4,0,236.3,0.9,17.6
2025-04-11 16:05:55,280.4,276.0,275.9,279.7,278.5,281.6,275.7,281.7,283.0,270.2,0,232.6,0.8,17.6
2025-04-11 16:06:00,276.8,272.2,270.8,274.8,273.4,276.0,272.0,278.6,279.4,266.9,0,229.8,0.6,17.6
2025-04-11 16:06:05,274.4,269.5,267.7,271.5,270.8,273.9,267.3,274.9,275.3,262.9,0,226.6,0.7,17.6
2025-04-11 16:06:10,269.8,265.7,264.7,268.9,267.8,271.0,264.7,271.6,272.1,260.2,0,224.2,0.6,17.6
2025-04-11 16:06:15,268.3,263.4,262.1,265.7,264.4,267.6,261.2,268.0,268.7,258.3,0,223.2,0.6,17.6
2025-04-11 16:06:20,264.8,259.5,259.1,262.7,261.1,264.2,257.9,264.6,265.5,253.7,0,220.5,0.5,17.6
2025-04-11 16:06:25,262.0,257.2,256.4,259.9,258.4,262.4,256.8,262.6,263.6,251.6,0,217.8,0.6,17.6
2025-04-11 16:06:30,259.8,254.5,253.8,257.2,256.4,261.0,255.1,261.3,262.2,250.1,0,216.4,0.6,17.6
2025-04-11 16:06:35,257.4,252.5,251.9,255.0,254.0,257.5,251.4,257.8,258.4,247.4,0,214.7,0.8,17.6
2025-04-11 16:06:40,255.5,251.0,249.3,252.6,251.9,255.2,248.8,255.1,255.7,245.9,0,212.2,0.8,17.6
2025-04-11 16:06:45,252.3,248.3,247.8,251.1,250.3,252.9,246.4,253.4,253.6,242.9,0,208.5,0.6,17.6
2025-04-11 16:06:50,250.3,246.6,244.0,247.5,246.6,249.0,244.0,250.5,251.8,240.9,0,207.5,0.7,17.7
2025-04-11 16:06:55,248.8,245.3,243.1,245.9,245.9,248.4,243.0,249.5,249.5,238.7,0,205.0,0.7,17.7
2025-04-11 16:07:00,245.8,241.8,240.5,242.9,242.6,244.8,240.1,247.6,247.5,236.9,0,203.3,0.6,17.7
2025-04-11 16:07:05,244.1,240.1,238.8,241.7,240.4,243.3,238.7,245.6,245.8,235.4,0,202.2,0.8,17.7
2025-04-11 16:07:10,242.2,238.8,237.5,240.2,239.7,241.8,236.7,242.5,243.6,232.9,0,200.6,1.1,17.7
2025-04-11 16:07:15,239.9,235.2,234.2,236.8,237.2,240.2,234.2,241.5,242.2,231.0,0,199.4,1.0,17.7
2025-04-11 16:07:20,238.3,234.0,233.2,235.9,235.0,238.4,232.5,238.6,239.7,228.7,0,198.0,0.9,17.7
2025-04-11 16:07:25,235.4,231.3,230.6,234.3,232.5,236.2,230.4,237.1,237.5,227.2,0,196.6,0.8,17.7
2025-04-11 16:07:30,234.8,230.0,229.7,232.2,231.5,233.9,229.0,235.6,235.8,225.8,0,195.9,0.6,17.7
2025-04-11 16:07:35,232.4,227.5,227.0,229.1,229.4,231.4,226.8,233.2,233.7,224.5,0,194.6,0.6,17.7
2025-04-11 16:07:40,230.9,225.2,225.6,228.1,227.7,229.9,225.6,231.9,231.9,222.5,0,192.7,0.6,17.7
2025-04-11 16:07:45,229.0,224.1,225.0,226.8,225.9,228.0,224.2,230.3,230.6,221.8,0,191.6,0.8,17.7
2025-04-11 16:07:50,227.4,222.0,223.1,224.9,224.4,226.7,223.5,229.7,229.7,219.9,0,190.2,0.8,17.7
2025-04-11 16:07:55,226.1,220.2,221.4,223.0,223.4,225.1,221.7,227.6,228.1,218.7,0,189.2,0.8,17.7
2025-04-11 16:08:00,224.2,218.4,220.9,222.9,222.6,224.4,220.7,226.2,226.4,217.4,0,188.5,0.7,17.7
2025-04-11 16:08:05,223.2,217.4,218.8,220.4,220.8,223.3,219.3,225.4,225.4,216.4,0,187.8,0.7,17.7
2025-04-11 16:08:10,222.0,215.5,217.1,219.7,219.6,221.1,218.2,224.2,224.4,215.4,0,187.0,0.9,17.7
2025-04-11 16:08:15,221.4,214.4,216.0,219.6,218.8,220.5,216.4,223.1,222.6,214.2,0,186.3,1.1,17.7
2025-04-11 16:08:20,219.3,213.3,215.0,218.4,218.1,219.4,215.8,222.0,221.6,213.3,0,185.8,1.6,17.8
2025-04-11 16:08:25,218.7,211.6,215.2,216.4,216.9,218.4,215.2,220.4,220.7,212.4,0,185.4,1.8,17.7
2025-04-11 16:08:30,217.4,210.0,214.2,216.0,216.2,217.7,214.3,219.9,219.4,212.0,0,185.1,2.2,17.7
2025-04-11 16:08:35,216.8,209.1,212.9,214.4,215.5,217.1,213.0,219.0,219.1,210.9,0,184.6,2.0,17.7
2025-04-11 16:08:40,215.7,208.2,211.9,213.8,214.3,215.6,213.2,218.7,218.5,210.5,0,184.7,2.5,17.7
2025-04-11 16:08:45,215.0,207.0,211.5,213.1,213.6,215.1,212.1,217.7,217.9,210.0,0,184.3,2.3,17.7
2025-04-11 16:08:50,214.4,206.5,211.1,212.9,213.3,214.7,211.7,217.2,217.5,209.8,0,184.5,2.2,17.7
2025-04-11 16:08:55,214.2,206.4,210.7,212.5,213.3,214.3,211.5,217.1,217.3,209.7,0,184.8,2.8,17.7
2025-04-11 16:09:00,213.9,205.9,210.7,212.3,213.2,214.3,211.5,216.9,217.3,209.6,0,185.1,2.9,17.7
2025-04-11 16:09:05,213.8,205.6,210.6,212.4,213.0,214.3,211.4,216.9,217.4,209.8,0,185.4,2.8,17.7
2025-04-11 16:09:10,213.9,204.9,210.8,212.5,212.9,214.8,211.5,217.1,217.8,210.2,0,186.1,2.4,17.7
2025-04-11 16:09:15,214.3,204.3,211.3,212.9,213.3,215.1,211.9,217.5,218.2,210.6,0,187.1,2.1,17.7
2025-04-11 16:09:20,214.5,204.2,211.8,213.8,213.7,215.8,212.7,218.3,218.9,211.5,0,187.3,2.1,17.7
2025-04-11 16:09:25,215.2,204.3,212.3,214.3,214.4,216.3,213.3,218.6,219.5,212.1,0,188.3,2.3,17.7
2025-04-11 16:09:30,215.5,204.6,212.8,214.8,215.0,216.6,213.8,219.4,220.2,212.4,0,188.7,2.1,17.6
2025-04-11 16:09:35,216.4,205.4,213.7,215.7,216.0,217.4,214.8,219.8,220.7,213.3,0,189.6,2.0,17.6
2025-04-11 16:09:40,217.4,206.2,214.4,216.3,216.6,218.2,215.8,221.1,221.9,214.4,0,190.3,1.9,17.6
2025-04-11 16:09:45,218.3,207.9,215.5,217.6,216.9,218.7,216.3,221.4,222.4,215.1,0,192.2,1.8,17.6
2025-04-11 16:09:50,219.4,208.8,216.7,218.2,218.9,220.3,217.9,223.0,223.3,215.9,0,192.5,1.8,17.6
2025-04-11 16:09:55,220.1,209.5,217.2,218.7,219.7,221.1,218.4,223.6,224.2,216.6,0,192.8,1.7,17.6
2025-04-11 16:10:00,220.5,210.1,217.8,219.5,220.5,221.5,218.9,224.3,225.3,217.6,0,193.8,1.6,17.6
2025-04-11 16:10:05,221.8,211.5,218.9,221.0,220.9,222.0,219.6,224.9,225.7,218.2,0,194.4,2.0,17.6
2025-04-11 16:10:10,222.0,212.3,219.1,221.0,221.4,222.5,220.0,225.3,226.1,218.8,0,195.1,2.8,17.5
2025-04-11 16:10:15,222.8,213.3,220.3,221.5,222.1,223.1,220.3,226.0,226.4,219.3,0,195.1,2.8,17.5
2025-04-11 16:10:20,223.4,213.9,221.4,221.6,222.3,223.4,220.8,226.2,226.8,219.7,0,195.0,2.4,17.5
2025-04-11 16:10:25,223.9,214.8,221.5,221.9,222.7,223.8,221.6,226.4,227.2,220.2,0,195.0,2.0,17.5
2025-04-11 16:10:30,224.5,215.3,221.9,222.2,223.1,224.4,221.8,226.6,227.5,220.5,0,195.1,1.4,17.5
2025-04-11 16:10:35,224.7,215.9,222.4,222.7,223.6,224.9,222.1,227.1,227.9,220.8,0,195.3,1.3,17.5
2025-04-11 16:10:40,225.4,216.9,222.9,223.4,224.1,225.4,222.6,227.7,228.5,221.4,0,195.8,1.1,17.5
2025-04-11 16:10:45,226.0,217.6,223.4,224.0,224.6,225.7,223.2,228.2,228.8,222.3,0,196.4,0.9,17.5
2025-04-11 16:10:50,227.1,218.5,224.1,224.8,225.6,226.4,223.6,228.5,229.1,222.8,0,197.0,0.7,17.5
2025-04-11 16:10:55,227.8,219.4,225.3,225.4,226.3,227.1,225.0,229.6,229.9,223.4,0,197.7,0.6,17.5
2025-04-11 16:11:00,228.6,220.1,225.6,226.2,227.3,228.1,225.9,230.4,231.1,224.1,0,198.3,0.5,17.5
2025-04-11 16:11:05,229.4,220.6,226.1,227.2,228.1,228.7,227.1,231.1,232.0,225.4,0,199.5,0.5,17.5
2025-04-11 16:11:10,231.0,222.2,227.6,229.4,230.5,230.0,228.4,232.7,233.4,227.1,0,200.8,0.7,17.5
2025-04-11 16:11:15,232.1,223.2,229.3,230.6,231.2,231.5,230.0,234.7,235.2,229.8,0,202.5,0.7,17.5
2025-04-11 16:11:20,236.0,226.3,232.9,234.1,234.0,234.5,233.2,237.7,238.4,233.4,0,205.7,0.6,17.5
2025-04-11 16:11:25,237.2,227.7,234.6,236.0,237.6,238.0,237.6,242.4,243.5,240.7,1.9,209.4,1.6,17.5
2025-04-11 16:11:30,242.8,233.7,241.1,243.4,245.9,247.8,248.6,254.6,248.1,249.6,8.8,214.0,2.3,17.5
2025-04-11 16:11:35,251.0,243.6,252.3,255.1,259.2,261.3,262.3,272.8,285.1,274.9,32.1,225.2,3.4,17.5
2025-04-11 16:11:40,267.8,255.2,268.2,263.9,275.5,266.9,275.9,273.6,267.1,267.3,32.5,236.3,3.3,17.5
2025-04-11 16:11:45,284.5,252.1,266.6,259.5,268.8,264.5,263.8,261.5,260.7,254.3,9.8,236.5,3.5,17.4
2025-04-11 16:11:50,266.6,245.8,259.4,258.0,260.1,256.2,256.2,257.9,256.4,249.9,1.5,227.8,3.1,17.4
2025-04-11 16:11:55,264.2,245.5,257.7,255.5,257.1,255.7,254.8,257.7,256.9,250.4,0,225.9,2.5,17.4
2025-04-11 16:12:00,262.0,245.7,257.5,255.5,257.2,256.4,255.3,258.7,257.6,251.4,0,225.8,1.8,17.4
2025-04-11 16:12:05,261.5,243.6,257.3,255.6,257.1,256.3,255.7,259.0,257.9,252.0,0,225.2,1.9,17.4
2025-04-11 16:12:10,261.4,242.6,257.1,255.3,257.4,256.2,256.3,259.6,258.5,252.9,0,224.8,1.9,17.4
2025-04-11 16:12:15,261.8,242.2,257.8,255.8,258.5,257.1,257.4,260.9,259.9,254.2,0,225.0,1.7,17.4
2025-04-11 16:12:20,263.0,242.2,258.5,256.8,259.4,258.1,258.5,262.2,260.8,254.7,0,225.5,1.4,17.4
2025-04-11 16:12:25,264.5,243.1,260.3,257.8,260.8,259.8,260.5,263.9,262.5,256.2,0,226.3,1.1,17.4
2025-04-11 16:12:30,265.6,244.6,261.2,259.3,262.5,261.1,262.2,264.4,264.5,258.2,0,228.0,0.9,17.4
2025-04-11 16:12:35,267.2,247.0,263.0,261.8,263.1,262.0,262.9,266.6,265.1,260.7,0,230.5,0.7,17.4
2025-04-11 16:12:40,269.0,248.3,263.9,263.1,266.3,264.4,265.2,268.9,267.3,262.4,0,232.0,0.6,17.4
2025-04-11 16:12:45,270.6,249.6,266.4,265.5,267.6,265.8,267.5,270.6,268.9,263.8,0,232.9,0.5,17.4
2025-04-11 16:12:50,271.5,250.1,267.8,266.6,269.0,267.6,269.2,272.0,270.6,266.2,0,235.3,0.5,17.4
2025-04-11 16:12:55,273.3,251.6,269.9,268.2,270.6,270.0,270.7,274.2,273.1,267.7,0,236.3,0.4,17.4
2025-04-11 16:13:00,274.4,253.1,271.4,270.6,272.3,271.2,272.6,275.0,275.0,268.7,0,236.4,0.5,17.4
2025-04-11 16:13:05,276.8,254.6,273.2,272.1,274.7,274.0,275.6,278.5,275.9,271.2,0,239.6,0.7,17.4
2025-04-11 16:13:10,278.9,255.6,275.0,274.0,277.1,275.5,276.5,280.4,279.3,273.6,0,240.8,1.2,17.4
2025-04-11 16:13:15,280.2,256.3,276.4,275.2,278.8,276.2,277.7,280.6,279.9,274.6,0,242.0,0.9,17.4
2025-04-11 16:13:20,281.5,256.2,278.5,276.5,278.9,277.9,278.6,282.0,280.9,275.7,0,242.7,1.0,17.4
2025-04-11 16:13:25,282.4,256.3,278.7,278.1,280.4,280.3,279.8,283.2,282.2,276.6,0,243.7,1.0,17.4
2025-04-11 16:13:30,283.5,256.7,279.7,278.9,281.9,280.5,281.1,284.2,283.2,277.9,0,244.5,0.9,17.4
2025-04-11 16:13:35,285.2,258.2,281.0,280.0,282.6,282.2,281.9,285.0,284.4,278.7,0,245.2,1.1,17.4
2025-04-11 16:13:40,285.4,258.3,281.2,280.3,283.5,282.2,282.6,285.7,284.4,279.1,0,245.6,1.7,17.4
2025-04-11 16:13:45,285.8,258.5,281.7,280.6,283.7,282.7,282.7,285.9,284.5,279.0,0,245.1,1.8,17.4
2025-04-11 16:13:50,285.8,258.1,281.7,280.9,283.7,282.7,282.5,286.0,284.7,279.0,0,244.6,1.6,17.4
2025-04-11 16:13:55,285.7,257.7,281.7,281.0,283.5,282.9,282.5,286.0,284.7,279.0,0,244.2,1.6,17.4
2025-04-11 16:14:00,285.5,257.2,281.5,280.8,283.1,283.0,282.3,285.8,284.7,278.7,0,243.8,1.7,17.4
2025-04-11 16:14:05,285.4,256.9,281.2,280.4,283.1,282.6,281.8,285.3,284.2,278.5,0,243.4,1.8,17.4
2025-04-11 16:14:10,284.7,256.0,280.6,279.4,282.3,281.3,280.7,284.1,283.2,277.3,0,241.6,1.9,17.4
2025-04-11 16:14:15,284.0,255.3,279.7,278.5,281.6,280.7,280.0,282.9,282.1,275.7,0,239.8,1.8,17.4
2025-04-11 16:14:20,282.6,254.6,278.4,277.5,280.9,280.2,279.1,282.6,281.6,275.0,0,238.5,1.6,17.4
2025-04-11 16:14:25,282.1,254.2,277.1,276.9,279.3,278.7,277.4,281.9,280.7,274.0,0,237.5,1.4,17.4
2025-04-11 16:14:30,280.8,254.0,276.2,275.6,278.4,277.6,276.8,280.9,279.3,272.8,0,236.8,1.8,17.4
2025-04-11 16:14:35,280.5,254.2,275.5,275.5,277.8,277.1,275.8,280.1,278.9,271.9,0,234.8,2.6,17.4
2025-04-11 16:14:40,279.8,254.6,274.8,274.9,276.4,275.8,274.7,279.4,277.5,271.0,0,233.9,2.5,17.4
2025-04-11 16:14:45,279.5,254.7,274.5,273.8,275.9,275.7,274.3,278.5,277.1,269.7,0,232.8,2.6,17.4
2025-04-11 16:14:50,277.5,254.5,273.1,272.4,274.6,274.0,273.0,277.0,275.3,268.6,0,231.7,2.2,17.4
2025-04-11 16:14:55,276.2,254.6,272.5,271.9,274.0,273.6,272.1,275.8,274.0,267.4,0,230.2,2.1,17.4
2025-04-11 16:15:00,275.7,254.7,271.3,270.3,272.5,272.0,270.1,274.8,273.9,266.7,0,229.0,2.0,17.4
2025-04-11 16:15:05,274.9,254.8,269.9,269.3,271.4,271.0,269.3,273.7,272.3,265.3,0,228.3,1.7,17.4
2025-04-11 16:15:10,273.7,254.7,268.4,268.1,270.7,270.4,268.5,272.1,271.0,264.1,0,226.5,1.3,17.4
2025-04-11 16:15:15,271.3,253.7,266.7,267.1,268.5,267.8,266.7,270.0,269.5,261.7,0,225.1,1.1,17.4
2025-04-11 16:15:20,269.8,253.2,264.3,264.2,266.0,265.6,263.4,267.1,267.2,259.9,0,224.3,0.9,17.4
2025-04-11 16:15:25,267.1,252.4,263.8,263.6,265.1,264.7,261.9,266.8,265.4,257.7,0,221.9,0.9,17.4
2025-04-11 16:15:30,266.0,250.8,261.7,261.0,262.4,262.6,260.3,264.2,263.3,256.2,0,221.6,0.8,17.4
2025-04-11 16:15:35,262.9,248.9,259.4,259.7,261.0,260.8,258.6,263.5,262.4,254.9,0,220.5,0.7,17.4
2025-04-11 16:15:40,261.9,247.4,257.0,257.2,259.3,259.4,256.8,261.1,260.9,253.1,0,219.6,0.8,17.4
2025-04-11 16:15:45,259.8,244.9,254.9,255.8,257.3,257.8,254.9,259.5,259.4,251.5,0,218.9,0.6,17.4
2025-04-11 16:15:50,257.9,243.5,253.1,254.7,256.2,255.4,254.0,258.4,257.9,251.0,0,218.6,0.8,17.4
2025-04-11 16:15:55,256.3,241.5,252.3,252.2,254.6,254.2,251.6,256.6,256.6,249.1,0,217.9,0.8,17.4
2025-04-11 16:16:00,254.7,239.5,249.8,251.0,252.9,252.9,250.1,254.8,255.2,247.7,0,217.7,0.8,17.4
2025-04-11 16:16:05,252.4,237.2,247.7,249.5,252.1,251.9,249.6,254.2,254.2,246.6,0,217.6,0.7,17.4
2025-04-11 16:16:10,251.4,235.4,247.9,248.2,250.0,250.9,248.0,252.4,253.1,245.7,0,217.4,0.7,17.4
2025-04-11 16:16:15,250.4,234.2,246.7,247.3,248.9,250.0,246.8,252.0,252.6,245.0,0,217.4,0.8,17.4
2025-04-11 16:16:20,249.6,233.5,246.0,247.0,248.1,249.6,246.6,251.5,252.0,244.5,0,218.0,0.6,17.4
2025-04-11 16:16:25,249.1,232.8,245.5,246.7,248.0,249.3,246.2,251.2,251.8,244.4,0,219.2,0.7,17.4
2025-04-11 16:16:30,249.0,232.4,245.4,246.7,248.0,249.5,246.0,251.2,252.0,244.7,0,221.2,0.9,17.4
2025-04-11 16:16:35,249.1,231.9,245.7,247.0,248.3,250.1,246.5,251.8,252.6,245.3,0,221.6,0.9,17.4
2025-04-11 16:16:40,249.4,232.2,246.3,247.5,248.9,250.7,247.0,252.5,253.7,246.1,0,223.0,1.0,17.4
2025-04-11 16:16:45,250.1,232.9,247.3,248.6,249.9,251.7,248.1,254.0,254.1,247.0,0,224.5,1.0,17.4
2025-04-11 16:16:50,250.9,234.0,248.4,249.9,251.2,252.8,249.4,255.0,255.6,248.4,0,225.9,1.0,17.4
2025-04-11 16:16:55,252.1,234.5,249.0,250.7,251.7,254.2,250.2,255.3,256.5,248.9,0,226.6,0.9,17.4
2025-04-11 16:17:00,253.2,236.1,250.1,252.1,253.4,255.2,250.8,256.0,257.3,250.1,0,227.8,0.8,17.4
2025-04-11 16:17:05,253.8,237.2,251.4,252.6,254.2,255.9,251.8,256.9,258.4,250.9,0,228.5,0.6,17.4
2025-04-11 16:17:10,254.5,238.3,251.6,253.1,254.3,256.2,252.4,257.7,259.5,251.8,0,229.7,0.5,17.5
2025-04-11 16:17:15,255.0,239.1,252.4,254.0,255.1,257.0,253.2,258.6,259.9,252.4,0,230.6,0.4,17.5
2025-04-11 16:17:20,255.4,240.0,252.7,254.5,255.7,257.5,253.7,259.2,260.4,252.8,0,231.2,0.3,17.5
2025-04-11 16:17:25,255.6,240.7,253.2,255.1,256.1,258.2,254.1,259.6,260.9,253.1,0,231.8,0.3,17.5
2025-04-11 16:17:30,256.1,241.3,253.4,255.5,256.3,258.7,254.5,260.0,261.2,253.4,0,232.4,0.3,17.5
2025-04-11 16:17:35,256.5,241.3,253.8,255.8,256.7,259.3,254.9,260.4,261.6,253.9,0,233.5,0.2,17.5
2025-04-11 16:17:40,256.7,241.4,254.4,257.1,257.2,260.2,255.2,261.4,262.3,254.5,0,234.0,0.2,17.5
2025-04-11 16:17:45,257.2,241.6,255.0,257.9,257.8,261.3,255.6,262.4,262.9,255.0,0,236.1,0.4,17.5
2025-04-11 16:17:50,258.2,242.4,255.9,258.3,258.6,262.2,256.1,262.7,263.5,255.5,0,237.3,0.7,17.5
2025-04-11 16:17:55,258.9,244.2,256.5,258.9,259.1,262.6,257.1,264.2,265.0,256.2,0,237.5,0.8,17.5
2025-04-11 16:18:00,259.8,245.0,257.1,259.5,259.8,262.9,257.9,264.7,265.7,256.7,0,238.0,0.7,17.5
2025-04-11 16:18:05,260.4,246.4,258.1,260.0,260.4,263.4,258.5,265.2,266.2,257.5,0,239.0,0.6,17.6
2025-04-11 16:18:10,261.1,247.0,258.5,260.7,261.2,264.0,259.2,265.5,266.6,257.9,0,239.7,0.5,17.6
2025-04-11 16:18:15,261.3,247.2,258.7,261.0,261.2,264.2,259.3,265.8,266.9,258.2,0,240.0,0.7,17.6
2025-04-11 16:18:20,261.6,247.2,259.0,261.3,261.6,264.4,259.6,265.8,267.3,258.2,0,240.1,0.9,17.6
2025-04-11 16:18:25,261.7,246.8,259.1,261.3,261.5,264.3,259.4,265.7,267.3,258.2,0,240.2,1.3,17.6
2025-04-11 16:18:30,261.6,246.5,259.0,261.1,261.4,264.0,259.3,265.6,267.2,258.1,0,240.1,1.4,17.6
2025-04-11 16:18:35,260.9,245.5,258.6,260.8,261.2,264.3,259.1,265.3,267.1,257.9,0,239.8,1.4,17.6
2025-04-11 16:18:40,260.7,245.5,258.3,260.7,261.1,264.2,258.7,265.3,267.1,257.9,0,239.8,1.4,17.6
2025-04-11 16:18:45,260.4,245.5,258.2,260.9,261.2,264.3,258.8,265.7,267.5,258.3,0,240.5,1.6,17.6
2025-04-11 16:18:50,260.6,245.6,258.3,260.9,261.6,264.4,259.4,266.2,268.0,258.8,0,240.8,1.4,17.6
2025-04-11 16:18:55,260.9,245.9,258.9,261.3,262.1,265.6,260.1,267.0,269.3,259.3,0,241.2,1.3,17.6
2025-04-11 16:19:00,261.3,246.6,259.4,262.0,262.7,266.2,260.7,267.7,269.7,260.3,0,241.7,1.2,17.6
2025-04-11 16:19:05,261.8,247.3,260.1,262.6,263.3,267.0,261.6,268.5,270.3,260.7,0,242.4,1.7,17.6
2025-04-11 16:19:10,262.5,247.8,260.3,263.1,263.6,267.3,262.0,268.9,270.8,261.5,0,243.3,1.9,17.6
2025-04-11 16:19:15,263.0,249.0,260.9,264.1,264.5,268.6,262.7,269.8,271.4,262.0,0,243.6,1.8,17.6
2025-04-11 16:19:20,263.7,249.7,261.1,264.3,264.8,268.7,262.8,270.1,272.3,262.6,0,244.0,1.8,17.6
2025-04-11 16:19:25,264.0,251.5,261.3,264.7,265.2,268.9,263.3,270.5,272.6,262.8,0,244.1,1.7,17.6
2025-04-11 16:19:30,264.0,252.0,261.3,264.7,265.2,268.8,263.3,270.6,272.8,262.8,0,244.0,1.7,17.6
2025-04-11 16:19:35,263.8,253.0,261.0,264.6,264.9,268.3,263.1,270.3,272.5,262.4,0,243.6,1.5,17.6
2025-04-11 16:19:40,263.1,252.8,260.7,263.9,264.0,267.4,262.5,269.6,271.9,261.6,0,242.5,1.5,17.6
2025-04-11 16:19:45,262.2,251.9,259.9,262.8,263.1,266.5,261.1,268.1,270.5,261.0,0,241.5,1.7,17.6
2025-04-11 16:19:50,260.6,250.4,258.4,261.0,261.0,264.8,259.2,266.4,269.0,258.3,0,239.8,1.8,17.6
2025-04-11 16:19:55,258.9,248.4,256.5,260.1,259.2,263.9,257.8,264.8,267.8,256.7,0,238.3,1.5,17.6
2025-04-11 16:20:00,257.0,246.4,254.2,257.6,257.7,262.7,256.9,263.2,266.6,255.4,0,236.2,2.0,17.7
2025-04-11 16:20:05,255.8,244.7,253.0,256.2,255.4,259.3,254.0,260.2,264.2,253.7,0,235.8,3.4,17.7
2025-04-11 16:20:10,254.0,244.0,251.2,254.1,254.2,257.6,251.8,258.8,261.6,252.0,0,233.2,3.7,17.7
2025-04-11 16:20:15,251.8,242.2,249.1,252.3,251.9,256.9,250.8,258.0,259.7,249.6,0,230.6,3.6,17.6
2025-04-11 16:20:20,250.3,240.5,247.3,250.8,250.2,255.0,248.0,255.1,258.1,247.6,0,229.3,3.5,17.6
2025-04-11 16:20:25,247.6,238.6,244.7,249.4,248.7,254.1,247.5,254.4,256.3,245.1,0,226.1,4.4,17.6
2025-04-11 16:20:30,246.6,237.1,244.1,246.3,246.3,250.8,244.5,251.3,254.2,242.9,0,224.5,4.1,17.6
2025-04-11 16:20:35,244.3,235.5,240.8,245.7,244.5,249.4,243.1,249.9,251.7,241.1,0,222.0,3.7,17.6
2025-04-11 16:20:40,243.4,234.2,240.5,243.0,243.3,246.0,241.4,247.5,249.5,239.1,0,220.3,3.4,17.6
2025-04-11 16:20:45,241.5,231.4,238.3,240.9,241.2,244.0,239.1,245.8,247.1,237.3,0,218.0,3.3,17.5
2025-04-11 16:20:50,240.8,230.0,236.9,239.9,239.9,243.3,237.6,244.1,246.0,235.5,0,217.6,3.4,17.5
2025-04-11 16:20:55,238.7,227.6,235.4,237.7,238.3,240.3,235.2,241.9,244.7,234.4,0,215.0,2.9,17.5
2025-04-11 16:21:00,236.9,226.0,233.5,235.3,236.4,238.3,233.5,239.3,241.6,232.0,0,213.7,3.1,17.5
2025-04-11 16:21:05,235.2,225.0,232.3,234.2,234.5,236.6,233.3,239.0,241.2,230.9,0,211.5,3.0,17.5
2025-04-11 16:21:10,233.6,222.8,230.6,231.8,232.9,235.6,232.0,236.8,238.5,229.0,0,210.1,2.5,17.5
2025-04-11 16:21:15,232.2,221.8,229.2,230.3,231.5,233.6,229.4,235.3,236.8,227.9,0,209.3,2.2,17.4
2025-04-11 16:21:20,231.0,219.6,228.2,229.8,230.5,232.0,229.1,234.7,235.3,226.6,0,208.2,1.8,17.5
2025-04-11 16:21:25,230.7,218.6,227.5,229.1,229.8,231.4,228.4,233.8,234.4,226.0,0,207.7,1.5,17.4
2025-04-11 16:21:30,230.1,217.2,226.9,228.5,229.1,230.6,228.1,233.3,233.9,225.7,0,207.6,1.5,17.4
2025-04-11 16:21:35,229.9,217.2,226.8,228.0,229.2,230.5,228.3,233.3,233.6,226.0,0,208.0,2.0,17.4
2025-04-11 16:21:40,230.3,217.1,227.3,228.6,229.8,230.8,229.0,233.9,234.2,227.1,0,208.7,1.9,17.4
2025-04-11 16:21:45,231.8,218.4,228.7,230.2,231.1,232.5,230.4,234.3,234.9,227.9,0,210.1,1.8,17.4
2025-04-11 16:21:50,233.4,219.8,230.8,231.7,232.9,234.5,231.9,237.1,238.0,230.6,0,212.0,2.0,17.4
2025-04-11 16:21:55,234.6,221.0,232.5,233.0,234.6,235.8,233.6,238.1,238.7,231.4,0,213.8,1.9,17.3
2025-04-11 16:22:00,237.0,223.3,234.2,236.3,236.9,237.8,235.9,240.1,240.1,233.6,0,216.0,1.5,17.3
2025-04-11 16:22:05,239.0,224.9,236.2,237.1,238.3,239.3,237.5,241.7,242.9,236.3,0,217.3,1.2,17.3
2025-04-11 16:22:10,241.2,226.6,238.3,237.9,239.1,239.9,239.1,242.8,243.5,237.5,0,220.1,1.2,17.3
2025-04-11 16:22:15,242.9,227.8,240.8,241.4,241.5,242.2,240.6,244.9,246.0,239.4,0.0,222.1,1.9,17.3
2025-04-11 16:22:20,245.2,229.8,243.0,242.9,244.5,245.7,242.3,246.8,247.8,241.4,0,223.8,1.5,17.3
2025-04-11 16:22:25,246.3,231.2,244.7,244.2,246.7,247.2,245.6,250.3,251.3,244.4,0,225.8,1.8,17.3
2025-04-11 16:22:30,251.1,234.5,247.3,247.6,249.3,250.5,248.6,252.9,253.9,247.5,0,228.3,1.9,17.3
2025-04-11 16:22:35,252.7,235.8,250.4,250.7,252.9,253.3,251.6,256.6,256.9,251.2,0,229.9,2.0,17.3
2025-04-11 16:22:40,256.8,238.1,254.1,254.1,256.9,257.6,256.1,260.3,261.0,253.0,0,233.4,2.3,17.2
2025-04-11 16:22:45,259.5,240.4,256.8,257.1,258.7,259.8,257.7,262.7,263.4,256.7,0,235.5,2.5,17.2
2025-04-11 16:22:50,262.9,243.9,259.8,260.7,261.8,263.1,259.3,264.0,265.3,258.2,0,237.5,2.2,17.2
2025-04-11 16:22:55,265.6,246.9,262.5,262.3,264.0,265.0,263.1,267.3,268.5,260.2,0,238.6,2.0,17.2
2025-04-11 16:23:00,267.4,248.5,264.5,264.5,265.5,266.8,265.2,269.3,270.3,262.1,0,239.8,1.7,17.2
2025-04-11 16:23:05,269.4,250.7,266.3,265.8,266.7,267.8,265.6,270.8,271.9,263.8,0,241.2,1.4,17.2
2025-04-11 16:23:10,271.2,252.2,268.1,267.7,268.4,269.9,267.5,271.9,272.9,265.1,0,241.9,1.2,17.2
2025-04-11 16:23:15,271.9,252.7,268.2,269.2,269.9,271.6,268.7,273.3,274.1,266.4,0,242.1,1.2,17.2
2025-04-11 16:23:20,273.7,254.2,269.6,270.4,270.8,272.8,269.5,274.2,275.0,266.9,0,242.6,1.3,17.2
2025-04-11 16:23:25,273.9,255.4,270.3,270.6,271.3,273.3,270.0,274.7,275.4,267.1,0,242.4,1.3,17.2
2025-04-11 16:23:30,274.6,257.4,270.8,270.8,271.5,273.6,270.1,274.9,275.5,267.1,0,242.3,1.3,17.2
2025-04-11 16:23:35,274.6,257.8,270.7,270.7,271.5,273.4,269.9,274.8,275.3,266.5,0,241.7,1.3,17.2
2025-04-11 16:23:40,274.1,258.3,270.3,270.2,271.1,272.5,269.2,274.1,274.3,266.1,0,240.6,1.2,17.1
2025-04-11 16:23:45,272.9,258.2,269.0,269.2,269.4,271.4,268.0,272.6,273.4,264.6,0,239.3,1.0,17.1
2025-04-11 16:23:50,271.8,258.1,267.7,267.9,268.1,270.3,266.7,271.5,271.8,263.2,0,237.8,0.9,17.1
2025-04-11 16:23:55,270.1,257.9,266.0,266.8,267.8,269.3,265.8,270.7,271.2,261.6,0,236.3,0.8,17.1
2025-04-11 16:24:00,269.3,257.9,265.1,265.5,265.7,267.2,263.5,268.1,268.9,260.4,0,234.5,0.8,17.1
2025-04-11 16:24:05,267.9,257.2,263.9,264.2,264.2,265.8,262.7,266.9,267.2,259.1,0,233.6,1.0,17.1
2025-04-11 16:24:10,266.6,255.8,262.2,262.7,262.8,264.5,260.5,266.5,266.8,257.4,0,231.4,1.4,17.1
2025-04-11 16:24:15,264.9,254.7,261.3,261.6,261.2,262.4,260.2,264.9,264.2,255.8,0,231.0,2.1,17.1
2025-04-11 16:24:20,263.9,253.1,260.0,260.2,260.8,261.9,258.3,263.3,262.9,254.2,0,229.1,2.2,17.1
2025-04-11 16:24:25,261.7,251.0,257.6,258.1,258.6,260.3,256.4,261.6,261.2,252.9,0,228.1,1.6,17.1
2025-04-11 16:24:30,260.3,248.3,256.4,256.6,257.2,258.6,255.2,260.1,260.0,251.4,0,227.5,1.3,17.1
2025-04-11 16:24:35,259.8,247.6,255.2,255.8,255.9,257.5,253.5,258.2,259.0,250.2,0,226.8,1.3,17.1
2025-04-11 16:24:40,258.0,245.4,254.1,253.8,254.5,256.3,252.5,257.1,257.3,249.2,0,225.7,1.2,17.1
2025-04-11 16:24:45,257.3,243.8,253.1,252.6,253.4,254.5,251.8,256.1,256.4,248.6,0,225.4,1.1,17.1
2025-04-11 16:24:50,255.6,242.6,252.0,251.0,252.4,253.6,250.7,254.7,255.3,247.0,0,224.7,1.2,17.1
2025-04-11 16:24:55,254.8,241.6,250.8,250.8,251.4,252.9,250.1,254.0,254.1,246.6,0,224.2,1.0,17.1
2025-04-11 16:25:00,253.6,241.0,249.9,249.8,250.3,251.8,249.7,253.2,253.9,245.8,0,223.8,0.9,17.1
2025-04-11 16:25:05,252.5,240.4,249.1,249.4,249.8,251.1,248.6,252.2,252.8,245.2,0,223.4,0.8,17.1
2025-04-11 16:25:10,252.3,239.8,248.5,248.7,249.2,250.9,248.0,251.8,252.2,244.8,0,223.3,0.8,17.1
2025-04-11 16:25:15,251.5,239.2,247.8,248.5,248.9,250.6,247.5,251.4,251.9,244.3,0,223.3,0.8,17.1
2025-04-11 16:25:20,250.9,238.6,247.5,248.0,248.2,250.1,246.9,250.9,251.4,244.0,0,223.1,0.8,17.1
2025-04-11 16:25:25,250.7,238.3,247.2,247.5,247.8,249.9,246.6,250.6,251.1,243.6,0,223.1,0.6,17.1
2025-04-11 16:25:30,250.0,237.2,246.7,246.9,247.2,249.3,246.0,250.1,250.7,243.3,0,222.7,0.5,17.1
2025-04-11 16:25:35,249.5,236.4,246.4,246.3,246.8,248.7,245.6,249.8,250.3,242.8,0,222.5,0.4,17.1
2025-04-11 16:25:40,248.9,235.3,246.0,245.7,246.1,248.1,244.9,249.3,250.1,242.5,0,222.2,0.4,17.1
2025-04-11 16:25:45,248.3,234.6,245.2,245.1,245.4,247.4,244.3,248.7,249.3,241.6,0,221.8,0.3,17.1
2025-04-11 16:25:50,247.1,234.0,243.7,244.1,244.7,246.8,243.6,248.1,248.6,241.3,0,221.1,0.2,17.1
2025-04-11 16:25:55,245.9,232.9,242.6,243.5,243.7,245.9,242.7,247.6,248.0,240.4,0,219.9,0.2,17.1
2025-04-11 16:26:00,245.1,232.1,242.1,242.9,242.7,245.2,241.9,246.3,246.4,239.6,0,219.5,0.3,17.1
2025-04-11 16:26:05,244.0,230.4,240.6,241.3,242.4,244.7,241.6,246.1,246.2,238.5,0,218.1,0.8,17.1
2025-04-11 16:26:10,243.1,229.7,239.8,240.0,240.8,242.3,239.7,244.7,244.3,237.4,0,217.1,1.0,17.1
2025-04-11 16:26:15,241.9,228.5,239.0,239.1,239.5,241.2,238.6,243.2,243.1,236.4,0,216.3,1.2,17.1
2025-04-11 16:26:20,240.3,226.6,237.8,238.7,238.3,240.7,238.1,241.8,242.2,235.2,0,214.4,1.2,17.2
2025-04-11 16:26:25,239.2,225.3,236.4,236.7,237.0,239.4,236.9,240.9,241.3,234.1,0,213.4,1.0,17.2
2025-04-11 16:26:30,238.7,224.7,235.7,235.7,236.4,238.5,236.0,239.8,240.5,233.3,0,212.0,1.0,17.2
2025-04-11 16:26:35,237.8,223.1,235.2,235.3,235.8,237.4,235.0,239.2,239.6,232.8,0,211.6,0.7,17.2
2025-04-11 16:26:40,236.9,221.5,234.4,234.7,235.4,237.0,234.5,238.9,239.4,232.5,0,211.0,0.6,17.2
2025-04-11 16:26:45,236.8,221.1,234.2,234.1,235.0,236.7,234.3,238.7,239.1,232.3,0,210.7,0.6,17.2
2025-04-11 16:26:50,236.3,220.0,233.8,233.9,234.9,236.5,234.2,238.3,238.9,232.1,0,210.4,0.7,17.2
2025-04-11 16:26:55,235.9,219.5,233.4,233.5,234.4,236.1,233.8,237.8,238.5,232.0,0,210.4,0.6,17.2
2025-04-11 16:27:00,235.0,218.3,232.6,232.9,233.6,235.6,233.2,236.9,237.9,231.3,0,209.6,0.7,17.2
2025-04-11 16:27:05,234.5,217.1,231.8,232.3,233.0,235.1,232.7,236.5,237.4,230.4,0,208.9,0.6,17.2
2025-04-11 16:27:10,233.6,216.8,231.0,231.1,232.3,234.7,232.2,236.4,237.1,230.1,0,208.1,0.5,17.3
2025-04-11 16:27:15,233.1,216.5,230.5,231.0,231.9,233.5,231.3,235.7,236.5,229.7,0,207.7,0.5,17.3
2025-04-11 16:27:20,232.6,216.7,230.4,230.7,231.6,233.0,231.0,235.5,236.4,229.4,0,207.7,0.4,17.3
2025-04-11 16:27:25,232.4,216.9,230.2,230.5,231.5,232.9,230.8,235.3,236.3,229.1,0,207.5,0.7,17.3
2025-04-11 16:27:30,232.1,217.3,229.7,229.9,231.3,232.7,230.5,235.2,236.2,228.9,0,207.3,1.1,17.3
2025-04-11 16:27:35,231.9,217.4,229.6,229.9,231.2,232.8,230.2,235.0,236.1,228.7,0,207.2,1.3,17.3
2025-04-11 16:27:40,231.8,217.7,229.4,229.8,231.0,232.7,230.2,234.9,236.1,228.7,0,207.1,1.6,17.3
2025-04-11 16:27:45,231.8,217.8,229.3,229.7,230.9,232.9,230.1,235.1,236.3,228.7,0,207.0,1.6,17.3
2025-04-11 16:27:50,232.1,218.0,229.5,230.2,231.0,233.1,230.1,235.2,236.4,228.7,0,206.8,1.5,17.3
2025-04-11 16:27:55,231.9,218.0,229.4,230.3,231.1,232.9,230.1,235.0,236.7,228.5,0,206.5,1.5,17.3
2025-04-11 16:28:00,231.6,217.7,229.1,230.0,231.1,232.5,229.9,234.7,236.5,228.3,0,206.0,1.4,17.3
2025-04-11 16:28:05,230.9,217.5,228.5,229.2,230.4,231.8,229.2,234.1,235.7,226.8,0,204.7,1.6,17.3
2025-04-11 16:28:10,230.2,217.4,227.7,228.4,229.5,230.6,228.0,232.7,234.3,225.8,0,202.9,1.7,17.3
2025-04-11 16:28:15,228.7,216.7,226.5,226.8,227.5,230.0,226.6,232.6,233.6,224.4,0,200.4,1.5,17.3
2025-04-11 16:28:20,226.6,214.9,223.7,224.8,224.9,227.2,223.4,228.3,231.3,222.0,0,197.6,1.4,17.3
2025-04-11 16:28:25,223.5,212.3,220.6,221.6,221.9,223.3,220.6,226.7,227.7,218.8,0,193.6,1.5,17.3
2025-04-11 16:28:30,219.3,208.4,216.0,218.5,219.0,220.3,216.9,222.6,223.7,213.9,0,189.4,1.2,17.3
2025-04-11 16:28:35,215.6,205.3,212.3,212.8,213.4,216.6,213.4,218.2,220.1,209.8,0,184.9,1.1,17.3
2025-04-11 16:28:40,213.5,203.2,209.8,210.4,211.0,212.3,208.8,213.7,215.4,203.8,0,182.4,1.2,17.3
2025-04-11 16:28:45,206.2,197.3,204.3,204.7,205.2,206.7,202.9,208.2,209.6,199.0,0,174.2,1.5,17.3
2025-04-11 16:28:50,203.6,194.9,199.4,200.1,200.4,201.7,198.5,203.1,204.5,193.7,0,169.4,1.4,17.3
2025-04-11 16:28:55,197.0,189.4,193.6,194.2,194.2,195.3,192.1,196.9,197.8,187.6,0,164.0,1.5,17.3
2025-04-11 16:29:00,189.7,184.7,188.6,189.2,189.0,190.4,187.3,192.0,193.0,183.0,0,159.8,1.9,17.3
2025-04-11 16:29:05,186.8,180.2,183.6,184.1,183.7,185.1,182.1,186.4,187.4,180.2,0,158.1,2.0,17.3
2025-04-11 16:29:10,181.1,174.7,177.7,178.0,177.9,179.2,176.2,181.0,181.9,172.7,0,153.1,2.0,17.3
2025-04-11 16:29:15,176.8,170.3,173.6,174.3,173.7,174.8,172.0,176.2,177.6,168.6,0,149.9,1.7,17.3
2025-04-11 16:29:20,172.2,165.7,168.9,169.9,169.3,170.5,167.7,174.5,175.7,166.0,0,146.5,1.6,17.3
2025-04-11 16:29:25,168.1,161.3,165.0,165.9,165.4,168.0,165.0,169.9,171.0,162.4,0,143.6,1.9,17.3
2025-04-11 16:29:30,164.6,157.5,162.1,162.5,162.3,162.9,160.3,164.7,166.0,158.8,0,141.6,1.5,17.3
2025-04-11 16:29:35,160.8,154.3,158.0,158.3,159.6,161.1,158.0,162.9,164.1,155.8,0,138.2,1.3,17.3
2025-04-11 16:29:40,158.0,151.5,155.3,157.1,157.1,158.5,154.8,159.9,161.1,153.1,0,136.6,1.5,17.3
2025-04-11 16:29:45,156.3,150.1,154.3,154.4,153.9,156.1,152.9,157.1,158.4,150.1,0,134.8,1.8,17.3
2025-04-11 16:29:50,152.4,146.9,151.6,151.2,151.4,152.8,150.2,154.9,155.8,148.1,0,133.0,1.8,17.3
2025-04-11 16:29:55,151.9,144.3,148.8,148.7,149.8,151.1,148.2,152.8,153.7,146.6,0,132.4,1.9,17.3
2025-04-11 16:30:00,149.1,142.3,147.0,147.1,147.3,148.8,146.8,152.2,152.9,145.7,0,131.1,2.9,17.3
2025-04-11 16:30:05,148.0,140.7,145.6,145.8,146.1,148.5,145.9,150.0,151.4,144.3,0,130.9,2.3,17.3
2025-04-11 16:30:10,146.9,139.2,145.0,145.0,145.4,146.1,144.8,149.1,149.9,143.2,0,130.4,2.2,17.3
2025-04-11 16:30:15,146.2,138.0,144.2,144.0,144.4,145.2,142.9,148.1,148.7,142.1,0,129.9,2.0,17.3
2025-04-11 16:30:20,144.3,136.9,143.0,143.5,143.3,144.2,142.1,147.2,148.1,141.3,0,129.4,1.5,17.3
2025-04-11 16:30:25,143.9,136.7,142.4,142.8,142.3,143.9,141.5,146.4,147.4,140.5,0,129.4,1.4,17.3
2025-04-11 16:30:30,142.9,135.7,141.3,142.0,141.6,143.1,140.6,145.5,146.6,139.9,0,128.9,1.1,17.3
2025-04-11 16:30:35,142.3,134.7,140.7,141.4,141.1,142.6,140.1,145.0,146.2,139.5,0,128.8,0.8,17.3
2025-04-11 16:30:40,141.6,134.2,140.3,141.0,140.9,142.2,139.7,144.3,146.0,139.3,0,128.9,0.9,17.3
2025-04-11 16:30:45,141.1,133.6,140.0,140.4,140.3,141.7,139.5,144.0,145.5,138.9,0,129.2,1.2,17.3
2025-04-11 16:30:50,140.7,133.2,139.6,140.0,140.0,140.9,139.0,143.5,145.2,138.8,0,129.5,1.8,17.3
2025-04-11 16:30:55,140.5,132.6,139.5,139.9,139.8,140.7,138.9,143.3,145.3,138.7,0,129.9,2.1,17.2
2025-04-11 16:31:00,140.3,132.3,139.4,139.7,139.9,140.5,138.9,143.1,145.3,138.9,0,130.5,2.2,17.2
2025-04-11 16:31:05,140.3,132.2,139.4,139.6,140.0,140.7,139.1,143.3,145.4,139.3,0,131.9,2.0,17.2
2025-04-11 16:31:10,140.7,132.3,140.0,140.1,140.5,141.2,139.5,144.1,145.9,139.9,0,133.4,1.7,17.2
2025-04-11 16:31:15,141.2,132.6,140.2,140.5,141.2,141.8,140.2,144.7,146.3,140.7,0,134.6,1.5,17.2
2025-04-11 16:31:20,141.8,133.2,141.8,141.7,142.3,143.1,141.8,145.1,146.9,141.7,0,135.6,1.6,17.2
2025-04-11 16:31:25,143.1,133.9,142.5,142.7,143.9,144.5,142.9,147.0,148.7,143.8,0,138.9,1.6,17.2
2025-04-11 16:31:30,144.6,135.0,144.4,144.8,145.7,146.2,144.5,149.1,151.2,145.0,0,140.0,1.7,17.2
2025-04-11 16:31:35,146.7,136.1,147.4,147.0,146.4,148.1,146.4,150.7,152.0,147.8,0,142.7,1.7,17.2
2025-04-11 16:31:40,149.0,137.8,148.6,149.1,149.5,150.6,149.3,153.0,154.3,149.8,0,145.5,1.8,17.2
2025-04-11 16:31:45,150.2,139.4,150.5,150.3,151.3,152.7,151.0,156.4,157.0,152.9,0,148.7,2.0,17.2
2025-04-11 16:31:50,155.4,142.4,155.0,154.9,154.4,156.1,154.5,158.7,160.3,155.9,0,151.9,2.1,17.2
2025-04-11 16:31:55,157.5,145.0,157.3,157.9,157.2,158.5,156.8,161.3,163.1,158.5,0,153.9,2.0,17.2
2025-04-11 16:32:00,159.6,147.2,159.2,159.7,160.3,161.5,159.6,164.7,166.5,161.6,0,155.8,1.7,17.1
2025-04-11 16:32:05,163.3,150.6,161.9,161.7,162.9,164.3,161.8,168.0,168.8,164.0,0,159.0,1.3,17.1
2025-04-11 16:32:10,164.6,152.8,164.7,165.0,165.5,167.0,164.9,170.5,171.5,165.0,0,160.1,1.2,17.1
2025-04-11 16:32:15,167.6,155.5,167.2,167.1,168.2,169.8,168.1,172.5,174.2,168.4,0,162.7,0.9,17.1
2025-04-11 16:32:20,169.3,157.8,168.6,168.9,170.1,171.4,169.5,173.8,176.2,170.0,0,164.1,0.8,17.1
2025-04-11 16:32:25,171.2,159.5,170.5,170.9,171.7,172.7,170.7,174.7,176.5,170.9,0,164.4,0.8,17.1
2025-04-11 16:32:30,172.0,160.5,171.2,171.7,172.8,173.8,171.9,176.3,178.0,171.6,0,165.1,0.9,17.1
2025-04-11 16:32:35,172.9,161.8,172.1,172.6,173.5,174.3,172.4,177.0,178.9,172.2,0,165.7,1.1,17.1
2025-04-11 16:32:40,173.4,162.1,172.3,172.7,173.8,174.7,172.5,177.1,179.3,172.6,0,165.8,1.9,17.1
2025-04-11 16:32:45,173.6,161.8,172.6,173.0,174.0,174.9,172.8,177.3,179.4,172.6,0,165.6,2.0,17.1
2025-04-11 16:32:50,173.5,161.6,172.6,173.0,173.9,174.8,172.7,177.4,179.4,172.5,0,165.4,2.4,17.1
2025-04-11 16:32:55,173.3,161.0,172.3,172.7,173.6,174.5,172.5,177.2,178.9,172.2,0,165.0,2.7,17.1
2025-04-11 16:33:00,173.1,160.9,172.3,172.3,173.2,174.1,172.2,177.1,178.5,171.7,0,164.5,2.5,17.1
2025-04-11 16:33:05,172.5,160.2,171.8,171.7,172.6,173.6,171.8,176.5,177.9,171.3,0,164.1,2.5,17.1
2025-04-11 16:33:10,172.0,159.4,171.2,171.2,172.0,173.0,171.3,175.9,177.3,170.4,0,163.2,2.3,17.0
2025-04-11 16:33:15,171.4,158.5,170.6,170.4,171.1,172.5,170.2,174.8,176.5,170.0,0,162.8,2.3,17.0
2025-04-11 16:33:20,170.4,157.8,169.2,169.6,170.4,171.0,169.5,173.4,174.9,168.9,0,162.0,2.2,17.0
2025-04-11 16:33:25,169.5,157.1,168.5,168.3,169.3,170.1,168.2,172.9,174.1,167.9,0,160.8,2.2,17.0
2025-04-11 16:33:30,168.4,155.5,166.8,167.1,167.8,169.6,167.6,171.7,173.0,166.2,0,159.4,1.9,17.0
2025-04-11 16:33:35,167.1,154.8,165.3,165.4,166.7,167.7,165.6,169.8,171.3,164.6,0,156.8,1.8,17.0
2025-04-11 16:33:40,165.6,153.4,163.8,164.1,164.6,165.6,162.4,168.0,169.7,163.1,0,156.0,1.8,17.0
2025-04-11 16:33:45,163.6,151.6,162.1,163.1,162.9,164.7,162.0,166.7,167.9,161.0,0,153.7,1.9,17.0
2025-04-11 16:33:50,161.5,151.1,160.4,160.3,162.0,162.5,160.4,164.1,166.1,159.2,0,152.3,1.7,17.0
2025-04-11 16:33:55,160.4,150.4,159.5,159.1,159.7,161.0,158.5,163.1,164.3,157.3,0,149.7,1.9,17.0
2025-04-11 16:34:00,158.3,148.6,156.9,157.9,158.3,159.3,156.6,161.7,162.4,155.8,0,148.8,2.0,17.0
2025-04-11 16:34:05,156.1,147.3,156.2,156.1,157.0,157.9,154.9,160.4,161.1,154.1,0,147.9,2.2,17.0
2025-04-11 16:34:10,155.1,145.4,154.5,153.9,155.3,156.2,153.1,158.4,159.7,152.7,0,146.3,2.2,17.0
2025-04-11 16:34:15,153.9,143.8,153.3,153.1,153.9,154.9,152.0,156.7,158.2,151.5,0,144.9,1.8,17.0
2025-04-11 16:34:20,152.8,142.1,151.4,152.0,152.6,154.0,150.3,155.4,156.6,150.8,0,144.3,1.8,17.0
2025-04-11 16:34:25,151.2,141.0,150.0,150.0,151.0,152.2,150.3,153.6,155.5,149.1,0,143.1,1.7,17.0
2025-04-11 16:34:30,150.0,139.6,148.9,148.6,149.2,150.5,148.3,152.4,154.0,148.2,0,142.6,1.8,17.0
2025-04-11 16:34:35,148.6,138.9,148.0,147.8,149.0,150.1,148.1,151.6,153.3,147.0,0,141.4,1.7,17.0
2025-04-11 16:34:40,147.9,138.0,147.3,146.3,147.3,148.3,146.7,150.5,152.2,146.1,0,140.9,1.3,17.0
2025-04-11 16:34:45,147.1,136.9,146.5,145.8,146.8,147.3,145.4,149.3,151.3,145.5,0,140.3,1.1,17.0
2025-04-11 16:34:50,146.5,136.7,145.9,145.4,146.3,146.9,145.2,148.8,150.7,144.9,0,139.8,1.0,17.0
2025-04-11 16:34:55,145.8,135.9,145.5,145.1,145.7,146.4,144.9,148.4,150.2,144.7,0,139.7,0.8,17.0
2025-04-11 16:35:00,145.7,135.8,145.1,144.9,145.7,146.3,144.7,148.2,150.0,144.7,0,139.8,0.7,17.0
2025-04-11 16:35:05,145.6,135.3,144.9,144.8,145.6,146.3,144.8,148.2,149.9,144.7,0,140.2,0.7,17.0
2025-04-11 16:35:10,146.0,135.1,145.2,144.7,145.6,146.3,144.9,148.4,150.1,145.0,0,140.5,0.8,17.0
2025-04-11 16:35:15,146.2,135.3,145.5,144.9,146.2,146.7,145.1,148.5,150.2,145.3,0,141.0,0.8,16.9
2025-04-11 16:35:20,146.5,135.5,146.0,145.3,146.6,146.9,145.7,149.3,150.8,146.0,0,141.6,0.9,16.9
2025-04-11 16:35:25,146.8,135.6,146.3,145.8,147.1,147.4,146.0,149.7,151.1,146.2,0,142.2,1.0,16.9
2025-04-11 16:35:30,147.1,135.8,147.2,146.4,147.7,147.7,146.2,149.9,151.5,146.9,0,143.5,1.2,16.9
2025-04-11 16:35:35,147.5,136.3,147.9,146.7,148.1,148.6,147.2,150.3,151.9,147.4,0,144.2,1.5,16.9
2025-04-11 16:35:40,147.8,136.6,148.3,147.0,148.5,148.9,147.7,150.8,152.5,148.2,0,145.4,1.7,16.9
2025-04-11 16:35:45,148.9,137.4,149.3,148.1,149.0,149.8,148.4,152.1,153.4,149.1,0,146.2,1.4,16.9
2025-04-11 16:35:50,150.0,138.0,150.2,148.8,150.0,150.5,149.1,152.5,154.1,149.9,0,147.3,1.5,16.9
2025-04-11 16:35:55,150.7,138.5,150.9,149.6,151.3,152.2,150.4,153.7,155.2,151.2,0,148.3,1.6,16.9
2025-04-11 16:36:00,151.4,139.0,151.6,150.4,151.6,152.7,151.0,154.6,155.8,152.0,0,149.4,1.4,16.9
2025-04-11 16:36:05,151.8,139.5,152.2,151.0,152.3,153.3,151.7,155.2,157.0,152.4,0,149.7,1.3,16.9
2025-04-11 16:36:10,152.7,140.1,153.3,151.8,153.2,154.2,152.6,156.1,157.8,153.7,0,150.5,0.9,16.9
2025-04-11 16:36:15,153.4,140.7,153.8,152.9,154.1,154.9,153.3,156.7,158.6,154.5,0,151.2,0.8,16.9
2025-04-11 16:36:20,154.2,141.6,154.8,153.7,154.8,155.2,153.6,157.2,158.8,154.9,0,151.9,0.8,16.9
2025-04-11 16:36:25,154.6,142.0,155.4,154.1,155.1,155.9,154.4,157.9,159.5,155.5,0,152.5,0.8,16.9
2025-04-11 16:36:30,155.2,142.5,156.0,154.3,155.6,156.4,155.0,158.5,159.8,155.7,0,153.1,0.6,16.9
2025-04-11 16:36:35,156.3,143.4,156.7,155.1,156.3,156.9,155.5,159.0,160.5,156.5,0,153.9,0.7,16.9
2025-04-11 16:36:40,156.8,144.0,157.5,155.5,157.4,158.0,156.5,159.8,161.5,157.3,0,154.6,0.6,16.9
2025-04-11 16:36:45,157.1,144.3,158.2,156.2,157.6,158.7,157.2,160.8,162.2,158.4,0,155.0,0.7,16.9
2025-04-11 16:36:50,158.5,145.1,158.9,157.7,158.5,159.7,158.3,162.1,163.3,159.3,0,156.3,0.8,16.8
2025-04-11 16:36:55,158.9,145.8,160.0,158.7,159.5,161.2,159.3,162.9,164.5,160.3,0,157.8,0.8,16.9
2025-04-11 16:37:00,160.3,146.7,160.8,160.1,161.3,162.2,161.1,164.2,165.2,161.1,0,158.9,0.8,16.9
2025-04-11 16:37:05,161.6,147.4,161.7,161.0,162.2,163.3,161.8,165.8,167.2,162.8,0,160.0,1.0,16.9
2025-04-11 16:37:10,162.5,148.3,163.2,162.3,163.4,164.7,163.6,167.4,167.9,163.3,0,160.9,1.1,16.9
2025-04-11 16:37:15,164.0,149.3,164.4,163.7,165.0,166.2,165.2,168.6,169.7,165.6,0,162.3,1.1,16.9
2025-04-11 16:37:20,165.4,150.1,165.4,165.3,166.6,167.6,166.5,169.7,170.2,166.4,0,163.7,1.0,16.9
2025-04-11 16:37:25,167.4,151.7,167.2,167.4,168.2,169.4,167.1,170.9,171.8,168.1,0,166.1,1.0,16.9
2025-04-11 16:37:30,168.6,153.0,168.8,168.6,170.0,170.6,169.8,173.4,174.5,169.5,0,167.6,1.3,16.9
2025-04-11 16:37:35,170.5,153.7,170.9,169.4,171.9,172.3,171.1,174.5,175.8,171.2,0,169.1,1.3,16.9
2025-04-11 16:37:40,172.1,155.2,172.7,170.4,173.0,173.9,172.1,175.9,177.3,173.1,0,171.0,1.5,16.9
2025-04-11 16:37:45,174.2,156.7,173.4,172.8,174.9,175.2,174.4,177.6,179.0,174.9,0,172.9,1.3,16.9
2025-04-11 16:37:50,175.2,157.2,175.2,174.1,176.6,176.6,176.0,180.2,180.9,177.3,0,175.2,1.3,16.9
2025-04-11 16:37:55,178.2,159.4,177.8,176.7,178.4,178.9,178.1,182.4,183.2,179.2,0,177.8,1.3,16.9
2025-04-11 16:38:00,179.9,160.6,179.6,178.6,180.5,181.5,180.7,183.6,184.8,181.0,0,179.5,1.1,16.9
2025-04-11 16:38:05,181.6,163.0,182.6,180.8,183.0,183.9,183.1,186.4,188.0,182.4,0,180.6,1.0,16.9
2025-04-11 16:38:10,183.7,164.5,184.2,183.4,185.1,186.2,185.8,188.4,190.3,186.0,0,183.3,0.9,16.9
2025-04-11 16:38:15,186.1,166.2,185.9,185.4,187.1,188.2,187.5,191.4,192.8,187.0,0,185.6,0.8,16.9
2025-04-11 16:38:20,189.0,168.9,189.1,188.9,190.2,191.0,190.4,193.5,195.5,190.3,0,188.8,1.2,17.0
2025-04-11 16:38:25,191.3,170.8,191.8,191.4,193.1,193.8,193.6,197.0,198.2,193.1,0,191.1,1.7,17.0
2025-04-11 16:38:30,194.8,173.1,195.8,195.0,194.6,194.8,194.7,198.2,199.8,196.4,0,194.8,2.0,17.0
2025-04-11 16:38:35,197.6,175.8,198.3,197.4,199.3,200.4,198.4,201.9,203.7,199.6,0,197.2,2.0,17.0
2025-04-11 16:38:40,200.2,177.7,200.8,199.9,201.8,203.1,201.3,206.2,207.5,201.9,0,200.3,2.0,17.0
2025-04-11 16:38:45,201.4,179.4,202.3,201.7,203.4,205.3,203.4,207.5,209.0,205.1,0,202.9,1.8,17.0
2025-04-11 16:38:50,205.5,182.1,206.6,205.0,206.3,207.7,205.5,210.6,211.7,207.4,0,205.2,2.7,17.0
2025-04-11 16:38:55,206.1,183.1,207.6,205.8,208.6,209.7,208.4,212.8,214.8,210.2,0,207.1,2.6,17.0
2025-04-11 16:39:00,209.1,186.2,210.3,208.7,211.7,213.1,211.2,215.5,217.8,212.7,0,208.9,2.1,17.0
2025-04-11 16:39:05,212.3,189.3,212.8,211.0,213.8,215.3,213.5,217.7,220.1,214.6,0,210.3,1.7,17.0
2025-04-11 16:39:10,213.9,190.5,214.3,213.8,215.8,217.3,215.8,219.6,221.0,216.0,0,211.3,2.0,17.0
2025-04-11 16:39:15,215.9,192.5,216.1,215.9,217.6,218.9,217.4,221.9,224.7,218.7,0,213.5,2.0,17.0
2025-04-11 16:39:20,217.2,194.3,218.0,216.7,219.0,220.9,219.2,223.5,225.8,219.4,0,213.9,2.1,17.0
2025-04-11 16:39:25,219.6,197.5,219.6,220.0,221.3,223.0,221.7,226.0,227.3,221.6,0,214.8,2.3,17.0
2025-04-11 16:39:30,221.0,199.1,221.9,220.6,223.4,224.8,222.6,227.8,229.6,222.9,0,215.5,2.5,17.0
2025-04-11 16:39:35,222.6,199.6,222.3,222.3,223.8,225.6,223.3,227.7,230.0,224.2,0,216.1,2.5,17.0
2025-04-11 16:39:40,224.0,202.3,224.6,223.5,225.5,226.9,225.5,229.3,231.3,225.1,0,216.3,2.3,17.0
2025-04-11 16:39:45,225.3,203.4,225.3,224.7,227.3,228.5,226.5,230.3,232.0,226.0,0,216.5,2.3,17.0
2025-04-11 16:39:50,226.3,204.6,226.4,225.4,227.8,229.2,227.3,231.2,233.1,227.1,0,216.6,2.3,17.0
2025-04-11 16:39:55,228.1,206.9,227.7,226.2,228.9,230.4,228.0,231.9,234.1,227.9,0,217.0,2.5,17.0
2025-04-11 16:40:00,229.0,207.9,228.7,227.6,230.4,231.6,229.7,233.0,235.4,229.6,0,217.2,2.5,17.0
2025-04-11 16:40:05,230.7,210.7,230.8,229.7,232.0,233.1,231.1,235.4,237.2,230.7,0,217.7,2.3,17.0
2025-04-11 16:40:10,232.1,212.4,232.2,231.4,233.6,234.2,232.8,237.4,238.6,232.2,0,218.4,2.5,17.0
2025-04-11 16:40:15,234.6,215.2,234.2,233.6,235.4,236.9,233.6,238.0,239.0,233.4,0,218.9,2.5,17.0
2025-04-11 16:40:20,236.4,217.1,236.5,235.4,237.1,238.1,236.7,240.8,241.8,235.5,0,219.8,2.3,16.9
2025-04-11 16:40:25,238.5,218.4,238.6,237.2,239.1,240.0,237.8,241.6,243.1,236.4,0,220.3,2.5,17.0
2025-04-11 16:40:30,240.5,219.7,239.4,238.2,240.1,240.8,238.8,243.0,243.8,237.4,0,220.6,2.4,16.9
2025-04-11 16:40:35,242.5,220.7,240.9,239.5,241.3,242.4,239.7,243.6,244.9,238.1,0,220.6,2.1,16.9
2025-04-11 16:40:40,243.2,221.6,241.4,239.8,241.7,242.7,240.7,244.6,245.2,238.9,0,220.4,1.6,16.9
2025-04-11 16:40:45,244.9,224.2,243.2,241.9,242.8,244.1,241.7,245.8,246.0,239.4,0,220.0,1.5,16.9
2025-04-11 16:40:50,245.9,226.0,243.7,242.8,243.5,244.6,242.3,246.1,246.3,239.6,0,219.4,1.4,16.9
2025-04-11 16:40:55,246.3,226.1,244.2,242.9,244.2,245.2,242.8,246.4,246.6,239.8,0,218.1,1.4,16.9
2025-04-11 16:41:00,246.8,227.3,244.3,243.2,244.3,245.3,242.8,246.4,246.6,239.7,0,217.6,1.4,16.9
2025-04-11 16:41:05,246.8,227.7,244.4,243.1,244.4,245.4,242.9,246.4,246.2,239.4,0,216.7,1.3,16.9
2025-04-11 16:41:10,246.9,229.0,244.0,242.8,243.8,244.9,242.1,245.5,244.7,237.9,0,215.1,1.2,16.9
2025-04-11 16:41:15,246.4,229.4,243.2,241.3,243.1,243.6,241.2,244.2,243.8,237.4,0,213.6,2.0,16.9
2025-04-11 16:41:20,244.8,229.6,242.0,240.6,242.1,243.0,240.9,244.2,243.7,236.8,1.2,211.2,2.1,16.9
2025-04-11 16:41:25,244.6,229.6,242.0,240.8,243.1,242.8,244.6,244.3,243.8,241.5,10.1,210.9,2.2,16.9
2025-04-11 16:41:30,249.0,230.9,254.9,244.5,279.4,247.6,263.8,246.4,244.8,239.1,13.0,215.4,2.8,16.9
2025-04-11 16:41:35,248.7,228.8,243.4,244.1,247.8,241.1,241.4,240.4,238.4,230.4,0.5,209.4,2.9,16.9
2025-04-11 16:41:40,245.1,227.3,239.5,235.8,237.7,235.9,234.5,235.5,234.2,226.5,0,204.0,2.8,16.9
2025-04-11 16:41:45,235.8,223.4,233.9,231.3,232.4,231.8,230.1,231.9,230.8,222.7,0,199.2,2.7,16.9
2025-04-11 16:41:50,233.2,219.3,228.9,226.6,227.6,227.4,225.1,227.8,226.5,219.3,0,195.1,3.0,16.9
2025-04-11 16:41:55,228.9,215.8,225.1,223.9,224.3,224.0,222.4,225.1,223.4,216.6,0,192.0,3.2,16.9
2025-04-11 16:42:00,226.0,212.8,222.0,220.6,221.1,221.4,219.2,223.8,222.4,214.9,0,190.6,3.9,16.9
2025-04-11 16:42:05,223.2,209.0,219.1,217.2,218.7,218.8,217.0,219.9,218.3,211.8,0,189.0,3.6,16.9
2025-04-11 16:42:10,220.2,206.6,217.5,215.7,216.7,216.0,214.7,216.7,216.0,210.7,0,186.6,3.2,16.9
2025-04-11 16:42:15,217.6,203.6,213.9,212.3,213.8,213.6,212.9,215.7,214.6,208.2,0,183.7,2.8,16.9
2025-04-11 16:42:20,215.3,200.8,212.7,210.5,211.4,211.0,209.5,213.4,211.9,206.3,0,182.9,2.6,16.9
2025-04-11 16:42:25,213.0,199.9,211.7,208.9,210.4,210.0,209.3,211.9,210.9,204.7,0,181.1,2.6,16.9
2025-04-11 16:42:30,211.8,196.1,209.0,206.7,208.7,209.0,207.6,209.9,208.8,203.5,0,180.6,2.6,16.9
2025-04-11 16:42:35,210.7,194.8,207.8,205.9,207.3,207.8,206.9,208.2,207.6,202.7,0,180.3,3.1,16.9
2025-04-11 16:42:40,209.6,194.6,207.0,205.3,206.8,206.4,206.1,207.8,206.9,202.2,0,180.3,2.8,16.8
2025-04-11 16:42:45,209.3,193.3,206.5,204.9,206.4,206.2,205.8,207.6,206.5,202.2,0,180.9,3.4,16.8
2025-04-11 16:42:50,209.2,192.9,206.5,204.8,206.4,206.3,205.8,207.5,206.6,202.6,0,181.2,3.6,16.8
2025-04-11 16:42:55,209.2,192.4,206.8,204.9,206.8,206.9,206.5,208.3,207.3,203.7,0,182.9,3.0,16.8
2025-04-11 16:43:00,209.6,192.5,208.2,205.6,207.6,207.4,208.0,209.4,208.5,205.1,0,185.8,2.5,16.8
2025-04-11 16:43:05,211.1,193.3,209.6,207.1,209.7,209.3,209.5,211.4,209.0,206.3,0,187.3,2.2,16.8
2025-04-11 16:43:10,212.9,195.7,211.8,210.0,212.1,211.3,212.4,214.3,213.2,210.9,0,190.0,2.2,16.8
2025-04-11 16:43:15,215.9,197.9,214.8,212.4,214.7,214.4,215.4,217.4,216.6,212.6,0,193.5,1.9,16.8
2025-04-11 16:43:20,220.2,202.9,219.3,217.4,220.3,217.5,218.7,221.1,220.6,217.9,1.7,199.3,2.0,16.8
2025-04-11 16:43:25,224.5,208.6,223.7,223.7,224.5,225.1,225.2,225.4,224.0,221.1,1.8,205.3,1.9,16.8
2025-04-11 16:43:30,232.1,217.0,226.5,225.6,226.7,227.1,227.0,229.5,227.0,224.9,0.1,210.5,2.1,16.8
2025-04-11 16:43:35,235.0,215.0,232.3,229.7,232.5,231.2,231.2,232.0,230.7,227.8,0,212.2,2.0,16.8
2025-04-11 16:43:40,236.6,215.5,233.7,231.9,234.4,234.0,234.1,234.4,233.3,230.6,0,214.0,1.8,16.7
2025-04-11 16:43:45,238.1,217.5,236.3,233.8,237.0,236.0,236.7,238.3,237.5,235.2,0,216.4,1.6,16.7
2025-04-11 16:43:50,243.3,221.7,239.7,236.8,240.3,239.2,240.4,241.4,240.9,238.6,0,221.4,1.4,16.8
2025-04-11 16:43:55,245.8,225.8,244.2,241.8,245.1,244.0,245.3,246.9,245.7,241.5,0,223.6,1.4,16.7
2025-04-11 16:44:00,251.9,232.3,250.5,248.2,251.4,250.5,251.7,253.4,252.3,248.2,0,229.4,1.0,16.7
2025-04-11 16:44:05,256.6,236.6,255.2,252.4,255.9,255.1,256.7,258.3,257.3,255.8,0,233.6,1.0,16.7
2025-04-11 16:44:10,262.0,241.9,260.6,254.9,258.6,257.5,259.3,260.6,259.5,258.5,0.5,238.2,1.1,16.7
2025-04-11 16:44:15,265.7,244.8,263.9,260.9,264.5,263.4,265.0,265.8,264.0,262.0,1.7,241.0,1.2,16.7
2025-04-11 16:44:20,269.8,247.1,268.5,264.4,268.5,266.8,269.1,267.9,267.3,264.7,0.5,244.6,1.5,16.7
2025-04-11 16:44:25,274.9,250.0,271.6,267.9,271.5,270.2,271.5,273.2,272.1,269.7,0,248.5,1.7,16.7
2025-04-11 16:44:30,278.4,253.9,276.6,273.2,274.7,273.3,274.7,276.6,275.4,272.7,0,250.6,1.6,16.7
2025-04-11 16:44:35,279.5,255.7,278.2,275.0,277.7,276.5,278.2,280.0,278.5,276.4,0,251.4,1.5,16.7
2025-04-11 16:44:40,284.4,258.2,282.1,278.0,281.3,280.0,281.3,283.8,282.2,279.2,0,255.6,1.2,16.7
2025-04-11 16:44:45,287.6,261.2,284.8,280.5,284.2,283.7,284.4,285.9,284.8,282.1,0,257.8,1.2,16.7
2025-04-11 16:44:50,289.4,263.2,287.1,283.5,286.6,286.0,287.4,288.9,287.4,283.4,0,259.3,1.3,16.7
2025-04-11 16:44:55,291.8,265.7,289.9,286.8,289.7,288.7,290.6,291.8,290.9,286.6,0,260.4,1.5,16.7
2025-04-11 16:45:00,294.4,268.2,292.2,289.2,292.2,290.9,292.4,293.9,292.4,287.8,0,262.5,1.5,16.7
2025-04-11 16:45:05,296.2,269.8,293.5,290.7,293.5,292.3,294.1,295.6,293.5,290.1,0,264.1,1.6,16.7
2025-04-11 16:45:10,298.8,272.0,295.6,292.3,295.5,294.3,296.1,297.1,295.5,291.5,0,264.7,1.8,16.7
2025-04-11 16:45:15,299.7,274.5,296.4,293.4,296.9,295.4,297.0,298.0,296.7,292.0,0,265.1,1.7,16.7
2025-04-11 16:45:20,300.3,277.1,297.5,294.7,297.5,296.5,298.2,299.0,297.3,293.2,0,265.3,1.4,16.7
2025-04-11 16:45:25,301.4,278.9,298.6,296.0,298.3,297.7,298.9,300.1,298.6,294.1,0,265.6,1.3,16.7
2025-04-11 16:45:30,303.0,281.6,300.2,297.9,300.9,299.3,299.9,300.9,298.8,295.1,0,266.4,1.1,16.7
2025-04-11 16:45:35,304.8,283.3,301.7,299.2,301.9,301.1,302.6,303.2,301.8,296.8,0,267.6,1.4,16.7
2025-04-11 16:45:40,306.4,284.7,303.3,300.5,303.5,302.8,303.1,304.7,302.9,297.8,0,268.1,1.5,16.7
2025-04-11 16:45:45,307.6,285.7,304.4,301.6,303.9,303.8,304.2,305.2,303.1,298.6,0.2,268.2,1.4,16.7
2025-04-11 16:45:50,308.5,286.2,305.1,302.1,304.4,303.8,304.4,305.2,303.2,298.5,0.4,267.7,1.3,16.8
2025-04-11 16:45:55,308.8,286.1,305.4,302.3,304.8,304.1,304.5,305.5,303.3,298.3,0.3,267.1,1.2,16.8
2025-04-11 16:46:00,310.2,288.0,306.0,302.8,305.3,305.0,304.9,305.5,303.2,298.3,0.2,266.4,1.3,16.8
2025-04-11 16:46:05,310.6,288.9,306.3,303.1,305.8,305.1,305.1,305.5,303.2,298.4,0.1,266.0,1.3,16.8
2025-04-11 16:46:10,310.8,289.4,306.6,303.2,306.0,304.8,305.0,305.3,303.1,298.2,0,265.6,1.3,16.8
2025-04-11 16:46:15,311.3,290.4,306.8,303.3,306.2,304.6,305.1,305.5,303.1,298.3,0,264.7,1.3,16.8
2025-04-11 16:46:20,311.9,290.8,307.2,303.6,306.5,304.8,305.6,305.9,303.5,298.4,0,264.4,1.3,16.8
2025-04-11 16:46:25,312.7,292.1,308.1,304.2,307.2,305.6,306.5,306.8,304.5,299.9,0,264.4,1.2,16.8
2025-04-11 16:46:30,313.5,293.6,308.8,305.0,308.0,306.4,307.8,308.4,306.1,301.8,0,264.6,1.1,16.8
2025-04-11 16:46:35,314.8,295.1,310.0,306.6,309.8,309.1,310.5,310.5,306.7,303.4,1.5,265.2,0.9,16.8
2025-04-11 16:46:40,316.6,298.9,312.0,309.0,312.2,313.0,313.0,314.4,311.0,305.2,3.9,267.9,0.8,16.8
2025-04-11 16:46:45,319.4,305.6,314.5,312.7,315.5,312.9,314.7,314.0,311.1,306.7,5.9,269.4,0.9,16.9
2025-04-11 16:46:50,323.5,305.1,318.4,313.5,316.2,313.8,316.6,321.3,320.5,312.2,14.4,270.8,1.3,16.9
2025-04-11 16:46:55,324.1,311.6,322.7,317.1,320.3,314.0,315.0,315.0,311.1,305.2,3.2,277.2,1.3,16.9
2025-04-11 16:47:00,329.2,304.8,321.9,313.6,316.1,312.5,313.2,311.8,308.7,302.6,0.5,267.5,1.4,16.9
2025-04-11 16:47:05,322.0,300.4,314.7,310.5,312.8,310.4,311.2,310.1,307.2,302.0,0,265.1,1.7,16.9
2025-04-11 16:47:10,318.8,298.4,312.5,309.4,312.0,309.8,310.7,309.8,307.0,302.0,0,264.2,1.7,16.9
2025-04-11 16:47:15,317.7,297.8,312.2,308.6,311.5,309.2,310.6,310.0,307.3,302.4,0.2,263.7,1.7,16.9
2025-04-11 16:47:20,317.3,297.1,311.8,308.5,311.6,309.3,311.0,310.5,308.0,305.1,4.4,263.1,2.0,16.9
2025-04-11 16:47:25,316.6,296.7,311.6,308.6,312.2,309.7,312.3,311.1,308.4,304.9,4.3,262.9,1.9,16.9
2025-04-11 16:47:30,316.2,297.0,310.5,307.0,310.6,308.1,310.7,310.4,308.1,302.8,3.5,261.3,1.9,16.9
2025-04-11 16:47:35,313.0,295.6,307.5,305.0,307.5,305.9,306.7,306.6,303.5,301.2,6.7,259.4,1.6,16.9
2025-04-11 16:47:40,309.4,294.8,305.8,303.5,305.8,303.8,304.6,304.5,302.2,294.5,2.9,255.6,1.5,17.0
2025-04-11 16:47:45,308.0,291.1,302.7,298.4,301.7,299.4,299.4,299.8,298.6,291.3,1.6,253.9,1.6,17.0
2025-04-11 16:47:50,305.7,289.2,300.2,296.5,299.2,297.1,298.0,298.5,296.6,289.0,0.8,251.1,1.4,17.0
2025-04-11 16:47:55,303.3,287.6,297.6,295.0,297.4,295.7,295.0,294.9,293.6,285.9,0.5,248.3,1.3,17.0
2025-04-11 16:48:00,301.7,286.1,295.9,292.7,295.5,293.9,293.5,293.5,291.7,284.4,0.6,246.8,1.2,17.0
2025-04-11 16:48:05,301.2,285.7,295.1,292.0,293.9,292.6,291.7,292.6,290.5,283.7,0.7,246.4,1.1,17.0
2025-04-11 16:48:10,300.1,284.2,293.9,291.2,293.3,291.6,291.0,291.3,289.2,281.6,1.2,245.7,0.9,17.0
2025-04-11 16:48:15,300.4,282.4,294.2,290.1,292.0,289.8,288.6,289.7,287.8,279.5,0.5,245.7,0.7,17.0
2025-04-11 16:48:20,297.5,280.0,290.1,287.7,288.2,287.9,288.2,287.9,287.0,277.9,0.0,243.2,0.6,17.0
2025-04-11 16:48:25,294.2,277.9,287.0,285.1,286.3,285.7,283.5,284.7,283.5,276.0,0,241.4,0.7,17.0
2025-04-11 16:48:30,290.2,275.1,283.6,281.8,282.8,283.2,280.6,282.3,281.1,273.8,0,239.7,0.6,17.1
2025-04-11 16:48:35,285.4,271.9,280.2,280.3,281.0,281.6,278.5,280.1,280.3,271.1,0,236.7,0.5,17.1
2025-04-11 16:48:40,283.0,269.1,277.8,276.2,277.8,278.7,276.5,278.5,278.7,269.4,0,235.5,0.8,17.1
2025-04-11 16:48:45,281.4,268.1,276.7,274.9,276.5,277.4,274.5,276.7,276.3,266.8,0,232.2,1.0,17.1
2025-04-11 16:48:50,277.0,264.4,271.9,271.9,273.4,275.3,271.3,274.1,274.1,264.6,0,231.2,1.3,17.1
2025-04-11 16:48:55,274.4,262.7,269.5,269.8,271.1,273.2,269.0,271.9,272.1,262.6,0,229.7,1.6,17.1
2025-04-11 16:49:00,272.3,261.1,267.4,269.0,268.7,270.4,266.5,270.1,270.1,260.4,0,228.7,1.6,17.1
2025-04-11 16:49:05,270.6,259.7,266.1,267.0,267.0,269.2,264.1,268.2,268.6,259.1,0,226.8,2.0,17.2
2025-04-11 16:49:10,268.8,258.1,263.8,265.6,265.3,267.1,262.8,267.2,266.3,257.9,0,225.9,1.9,17.2
2025-04-11 16:49:15,266.7,256.4,262.5,262.3,263.1,265.3,260.8,264.9,264.5,255.0,0,224.6,1.5,17.2
2025-04-11 16:49:20,265.2,254.6,260.1,261.6,261.3,263.5,258.9,263.0,263.9,254.2,0,223.2,1.8,17.2
2025-04-11 16:49:25,262.2,252.4,257.5,259.1,260.3,262.6,257.7,261.1,261.2,251.8,0,220.9,1.9,17.2
2025-04-11 16:49:30,260.6,251.1,256.2,258.0,256.8,259.6,254.2,259.2,259.0,250.1,0,220.0,1.9,17.2
2025-04-11 16:49:35,258.8,250.1,253.9,256.2,255.6,257.3,252.1,256.5,257.2,248.1,0,217.8,2.1,17.2
2025-04-11 16:49:40,256.4,248.6,252.3,253.0,253.2,255.4,251.1,255.8,255.0,245.5,0,216.5,2.6,17.2
2025-04-11 16:49:45,253.5,247.1,249.6,250.8,249.7,253.9,248.5,252.6,252.5,242.9,0,214.0,2.4,17.2
2025-04-11 16:49:50,252.0,245.9,247.8,249.2,248.1,250.6,245.5,249.4,250.0,238.8,0,210.8,2.5,17.2
2025-04-11 16:49:55,245.9,242.5,243.6,244.2,243.6,246.4,240.7,244.5,245.5,234.4,0,207.6,2.0,17.2
2025-04-11 16:50:00,241.5,236.6,237.5,240.6,239.6,242.7,236.8,240.4,241.4,230.7,0,204.3,2.0,17.2
2025-04-11 16:50:05,238.5,233.5,234.5,235.7,234.6,236.9,231.5,235.6,236.7,225.6,0,201.3,2.0,17.2
2025-04-11 16:50:10,233.4,228.6,229.8,231.0,229.7,232.3,226.6,231.1,232.1,223.3,0,197.5,1.9,17.2
2025-04-11 16:50:15,228.7,224.7,225.1,226.8,225.6,228.3,222.9,227.3,227.9,219.0,0,194.1,1.5,17.2
2025-04-11 16:50:20,224.0,220.2,220.5,222.4,221.6,223.7,218.7,224.4,225.2,215.1,0,191.0,1.3,17.2
2025-04-11 16:50:25,220.8,216.6,216.9,218.6,217.8,219.7,214.9,219.1,221.7,211.6,0,188.4,1.2,17.2
2025-04-11 16:50:30,216.0,212.0,212.6,216.6,216.1,218.0,212.9,217.4,218.6,207.8,0,184.9,1.6,17.3
2025-04-11 16:50:35,212.9,209.1,209.5,210.6,212.0,214.0,209.2,213.3,214.3,204.9,0,182.5,2.6,17.2
2025-04-11 16:50:40,209.7,206.6,206.4,209.6,209.2,211.1,206.1,210.8,211.7,202.2,0,181.0,3.0,17.3
2025-04-11 16:50:45,207.3,204.5,205.4,206.1,206.0,208.0,203.3,207.5,208.9,199.3,0,179.3,2.7,17.3
2025-04-11 16:50:50,203.7,201.8,203.4,203.6,202.8,205.0,200.8,204.9,206.4,197.2,0,177.2,2.1,17.3
2025-04-11 16:50:55,202.4,199.4,201.0,201.0,201.3,202.6,198.0,202.2,204.3,195.0,0,175.0,2.3,17.3
2025-04-11 16:51:00,199.2,196.0,197.5,199.0,198.1,200.4,195.9,200.2,201.5,193.0,0,175.1,1.8,17.3
2025-04-11 16:51:05,197.9,193.4,195.6,197.5,196.4,199.3,194.7,198.2,199.5,191.6,0,173.2,1.6,17.3
2025-04-11 16:51:10,196.5,190.8,194.0,196.8,196.0,198.5,194.3,197.5,198.7,191.0,0,173.1,1.7,17.3
2025-04-11 16:51:15,195.2,189.2,193.3,194.5,194.3,196.0,192.1,196.0,197.6,190.3,0,173.0,2.6,17.3
2025-04-11 16:51:20,194.6,188.0,192.9,193.4,193.3,194.9,191.6,195.3,196.7,189.9,0,173.1,2.4,17.3
2025-04-11 16:51:25,193.4,186.5,192.0,193.0,192.9,194.6,191.2,194.8,196.0,189.4,0,173.2,2.0,17.3
2025-04-11 16:51:30,192.6,185.4,191.3,191.5,192.1,193.5,190.7,194.6,195.6,189.1,0,173.5,2.1,17.3
2025-04-11 16:51:35,192.4,184.8,191.0,191.5,192.1,193.3,190.3,194.3,195.3,189.0,0,174.4,1.8,17.3
2025-04-11 16:51:40,192.0,183.5,190.9,191.6,192.2,193.3,190.3,194.2,195.4,189.4,0,175.6,1.8,17.3
2025-04-11 16:51:45,192.3,183.3,191.4,192.1,192.4,193.8,190.8,194.8,196.0,190.1,0,177.2,2.2,17.3
2025-04-11 16:51:50,192.9,183.4,192.3,192.6,193.7,194.9,192.7,195.9,197.3,191.9,0,178.1,2.8,17.3
2025-04-11 16:51:55,194.9,183.8,193.9,193.8,195.3,196.3,193.6,197.6,198.8,193.6,0,181.3,2.7,17.3
2025-04-11 16:52:00,195.3,184.3,195.0,195.2,197.3,198.0,196.3,199.4,201.0,194.6,0,182.6,2.6,17.3
2025-04-11 16:52:05,198.4,185.7,198.4,198.0,199.3,201.3,199.2,202.4,202.7,197.8,0,185.9,2.1,17.3
2025-04-11 16:52:10,201.2,187.3,200.5,200.7,202.7,203.5,202.2,205.4,205.1,200.7,0,189.5,1.9,17.3
2025-04-11 16:52:15,204.9,190.2,202.9,202.4,204.2,205.0,203.7,208.0,209.2,205.2,0,193.3,1.4,17.3
2025-04-11 16:52:20,208.8,192.8,208.5,208.8,210.5,211.8,210.4,212.8,213.7,209.5,0,197.9,1.3,17.3
2025-04-11 16:52:25,213.0,195.6,212.9,212.3,214.6,216.1,212.4,215.7,217.5,213.6,0,202.3,1.6,17.3
2025-04-11 16:52:30,216.2,198.2,216.4,216.0,218.3,219.6,218.8,221.4,223.2,219.6,0,205.5,1.9,17.3
2025-04-11 16:52:35,223.2,201.1,220.8,220.7,222.8,224.2,223.0,226.9,228.4,224.5,0,212.7,2.1,17.3
2025-04-11 16:52:40,225.8,205.6,226.6,226.7,228.2,229.7,228.1,231.8,233.5,227.2,0,215.2,2.2,17.3
2025-04-11 16:52:45,231.6,210.2,232.2,232.4,234.3,235.0,234.1,237.8,239.3,234.9,0,222.3,1.9,17.3
2025-04-11 16:52:50,236.4,214.3,237.3,236.8,239.1,239.9,239.1,242.7,244.4,240.4,0,224.5,1.8,17.3
2025-04-11 16:52:55,243.8,221.2,244.5,244.3,246.5,246.9,241.9,245.4,247.5,244.3,0,230.9,1.8,17.3
2025-04-11 16:53:00,249.4,225.6,249.6,249.3,251.9,252.8,251.2,254.9,256.5,249.5,0,235.3,1.9,17.3
2025-04-11 16:53:05,255.1,230.9,255.0,254.5,256.8,257.5,256.3,259.5,261.2,254.2,0,240.2,2.0,17.3
2025-04-11 16:53:10,259.8,235.2,259.6,259.0,261.4,260.4,258.8,263.0,263.9,258.2,0,243.1,2.6,17.3
2025-04-11 16:53:15,263.3,238.9,263.0,262.2,262.6,263.6,261.5,266.0,267.5,260.9,0,245.5,2.8,17.3
2025-04-11 16:53:20,265.1,240.9,264.5,263.7,266.0,267.6,265.3,268.6,269.7,264.1,0,247.8,3.2,17.3
2025-04-11 16:53:25,269.1,247.7,268.2,267.5,268.5,270.1,267.7,272.0,272.8,265.6,0,249.3,3.2,17.3
2025-04-11 16:53:30,271.2,251.3,268.8,269.2,270.3,272.0,268.9,272.6,273.9,266.8,0,249.5,3.1,17.3
2025-04-11 16:53:35,272.2,252.5,270.7,270.7,272.1,273.0,270.2,274.1,275.5,267.7,0,250.1,3.3,17.3
2025-04-11 16:53:40,273.7,254.5,271.6,272.2,272.9,274.0,271.2,274.9,276.6,268.5,0,250.1,2.5,17.3
2025-04-11 16:53:45,274.7,256.4,272.3,272.9,273.5,275.3,272.0,275.7,277.3,268.9,0,250.2,2.2,17.3
2025-04-11 16:53:50,275.5,258.2,273.0,273.2,274.1,275.5,272.2,276.1,277.5,269.2,0,249.7,2.7,17.3
2025-04-11 16:53:55,276.0,258.4,273.1,273.6,274.2,275.2,272.0,275.7,277.3,268.9,0,249.1,3.2,17.3
2025-04-11 16:54:00,275.6,258.2,272.8,272.9,273.5,274.3,271.7,275.4,277.0,268.3,0,246.6,3.2,17.3
2025-04-11 16:54:05,274.7,257.6,271.1,271.1,272.3,272.7,269.2,273.2,274.2,266.7,0,244.7,3.4,17.3
2025-04-11 16:54:10,272.9,256.6,269.9,269.6,270.0,271.0,267.6,271.4,272.4,264.8,0,243.3,3.4,17.3
2025-04-11 16:54:15,269.8,254.0,267.6,267.8,269.0,269.6,265.5,270.0,271.1,262.2,0,239.8,3.1,17.2
2025-04-11 16:54:20,266.6,253.2,265.4,265.6,266.2,267.1,263.5,268.1,268.7,260.1,1.1,237.0,2.4,17.2
2025-04-11 16:54:25,265.2,251.0,262.4,263.0,263.6,264.6,260.5,265.4,266.2,256.3,1.8,233.7,2.2,17.2
2025-04-11 16:54:30,261.9,248.2,259.1,259.6,260.0,261.4,256.6,260.7,261.6,251.7,0.5,230.5,2.4,17.2
2025-04-11 16:54:35,259.1,244.4,254.9,255.6,256.1,257.2,253.2,256.5,257.9,247.6,0,226.9,2.9,17.2
2025-04-11 16:54:40,254.0,240.0,250.5,250.5,251.1,252.1,248.3,254.2,255.8,245.0,0,224.1,3.0,17.2
2025-04-11 16:54:45,250.2,236.2,246.4,246.6,247.3,248.3,244.3,248.3,248.4,238.9,0,220.0,2.7,17.2
2025-04-11 16:54:50,245.9,232.4,242.3,242.4,243.1,243.8,240.1,243.4,244.1,236.9,0,216.4,2.6,17.2
2025-04-11 16:54:55,240.7,227.5,236.6,236.7,237.8,238.4,236.9,239.8,240.9,231.4,0,211.9,2.1,17.2
2025-04-11 16:55:00,236.6,224.5,233.2,232.8,233.8,234.3,230.4,233.2,236.5,227.4,0,208.1,2.1,17.2
2025-04-11 16:55:05,231.3,219.9,230.8,230.5,231.6,232.6,228.5,231.4,232.8,223.2,0,204.3,2.6,17.2
2025-04-11 16:55:10,227.4,216.7,224.5,224.5,225.5,226.3,223.8,227.0,228.5,219.9,0,201.1,2.7,17.2
2025-04-11 16:55:15,224.2,214.3,221.0,221.4,222.4,223.0,221.1,223.7,225.9,217.3,0,199.3,2.3,17.2
2025-04-11 16:55:20,221.9,211.7,219.4,219.5,219.9,220.6,217.6,221.4,222.4,213.7,0,196.0,3.3,17.2
2025-04-11 16:55:25,217.6,207.1,215.6,216.0,216.3,217.7,214.3,217.9,219.0,210.9,0,194.1,3.9,17.2
2025-04-11 16:55:30,216.2,206.1,212.8,213.6,214.0,215.2,212.1,214.9,217.0,209.5,0,192.9,3.2,17.2
2025-04-11 16:55:35,212.8,202.0,209.8,210.1,211.2,212.2,208.4,211.5,213.8,205.2,0,190.4,2.4,17.1
2025-04-11 16:55:40,210.2,198.9,207.0,207.5,208.4,209.1,206.6,209.7,210.6,202.9,0,188.2,2.2,17.1
2025-04-11 16:55:45,206.7,195.7,203.8,204.8,205.8,206.7,203.7,208.2,209.8,201.6,0,186.7,2.4,17.2
2025-04-11 16:55:50,204.0,194.0,201.8,203.0,204.0,205.3,201.6,205.1,207.6,199.5,0,185.4,2.4,17.1
2025-04-11 16:55:55,201.7,191.6,200.0,201.1,201.5,203.2,199.5,203.1,205.4,197.8,0,184.5,2.1,17.2
2025-04-11 16:56:00,200.7,190.2,199.1,199.9,200.2,201.6,198.7,201.9,203.8,195.9,0,183.6,1.8,17.1
2025-04-11 16:56:05,197.9,187.8,197.0,197.3,198.3,199.9,196.6,200.9,202.7,194.8,0,182.9,1.4,17.1
2025-04-11 16:56:10,196.3,186.9,195.5,196.6,197.7,199.2,195.0,199.2,201.6,193.4,0,182.3,1.3,17.1
2025-04-11 16:56:15,194.9,185.0,194.5,194.5,195.5,197.7,194.0,197.7,199.4,192.2,0,181.6,1.4,17.1
2025-04-11 16:56:20,194.1,184.2,193.8,194.4,195.1,196.4,192.7,196.6,198.9,191.0,0,181.2,1.8,17.1
2025-04-11 16:56:25,193.0,182.9,191.6,192.2,193.1,195.2,192.0,195.7,198.4,190.0,0,180.4,1.7,17.1
2025-04-11 16:56:30,192.0,181.3,190.9,191.9,191.9,193.8,189.8,193.8,196.1,188.3,0,179.3,1.7,17.1
2025-04-11 16:56:35,190.5,180.1,189.6,190.7,190.8,192.6,188.3,192.2,194.6,187.7,0,178.8,1.7,17.1
2025-04-11 16:56:40,188.9,178.6,188.4,188.8,189.1,190.9,187.3,191.4,193.6,186.1,0,177.8,2.1,17.1
2025-04-11 16:56:45,188.1,177.5,186.3,187.2,187.7,189.7,185.1,189.0,191.9,184.8,0,177.1,1.8,17.1
2025-04-11 16:56:50,186.1,176.7,186.1,186.0,187.1,189.3,185.0,188.8,190.7,183.5,0,175.6,1.4,17.1
2025-04-11 16:56:55,184.7,175.2,183.3,184.6,184.5,186.5,183.3,187.0,189.3,181.9,0,174.5,1.3,17.1
2025-04-11 16:57:00,183.3,174.2,182.2,183.2,183.6,185.9,182.0,185.8,188.1,180.8,0,172.8,1.1,17.1
2025-04-11 16:57:05,182.0,173.5,181.0,182.7,182.2,184.5,179.9,183.5,186.2,179.4,0,171.6,0.9,17.1
2025-04-11 16:57:10,180.2,171.7,179.6,181.4,181.3,183.2,179.5,183.3,185.3,178.2,0,170.8,0.7,17.1
2025-04-11 16:57:15,180.0,171.6,178.3,179.8,179.9,181.7,178.3,181.9,183.8,176.6,0,170.6,0.7,17.1
2025-04-11 16:57:20,178.1,170.4,177.5,177.9,178.6,180.7,175.8,180.2,182.5,175.8,0,168.6,0.6,17.1
2025-04-11 16:57:25,177.1,169.8,176.5,177.4,177.7,179.1,175.5,179.3,181.7,174.8,0,168.2,0.6,17.1
2025-04-11 16:57:30,176.3,168.6,174.9,176.6,176.1,178.2,174.3,178.4,180.6,174.2,0,167.6,0.7,17.1
2025-04-11 16:57:35,175.4,168.2,174.0,175.8,175.6,177.8,173.6,177.9,179.8,173.2,0,166.6,0.8,17.1
2025-04-11 16:57:40,174.6,167.8,173.5,175.1,175.0,177.0,172.7,177.3,178.5,172.8,0,166.3,0.8,17.1
2025-04-11 16:57:45,173.8,167.5,172.7,174.3,173.7,175.9,171.8,175.9,177.5,171.4,0,165.7,1.0,17.2
2025-04-11 16:57:50,173.1,167.0,171.9,173.2,173.0,174.8,170.9,174.6,176.6,170.6,0,165.0,0.9,17.2
2025-04-11 16:57:55,171.7,166.1,170.7,172.0,171.8,173.6,170.2,174.6,176.1,169.3,0,164.2,1.1,17.2
2025-04-11 16:58:00,171.0,165.0,169.9,171.4,170.6,172.7,168.9,173.0,174.0,168.5,0,163.7,1.0,17.2
2025-04-11 16:58:05,170.3,164.2,169.0,170.3,170.0,172.1,168.5,172.3,174.0,167.7,0,163.2,1.6,17.2
2025-04-11 16:58:10,169.6,163.0,168.1,169.3,169.2,171.5,167.5,171.6,172.9,166.8,0,162.7,2.3,17.2
2025-04-11 16:58:15,168.9,162.3,167.5,168.5,168.7,170.4,166.9,170.7,172.0,166.2,0,162.4,2.1,17.2
2025-04-11 16:58:20,168.1,161.4,167.0,168.1,168.4,170.1,166.3,170.1,171.6,165.6,0,162.2,1.6,17.2
2025-04-11 16:58:25,167.6,160.6,166.8,167.5,167.8,169.5,165.8,169.8,171.0,165.3,0,162.0,1.4,17.2
2025-04-11 16:58:30,167.2,160.3,166.3,167.4,167.4,169.3,165.5,169.7,170.7,165.1,0,161.9,1.5,17.2
2025-04-11 16:58:35,166.9,160.0,166.1,167.1,167.2,169.0,165.3,169.4,170.3,165.0,0,162.0,1.4,17.2
2025-04-11 16:58:40,166.8,159.8,166.2,167.1,167.0,169.0,165.3,169.2,170.3,165.0,0,162.0,1.3,17.2
2025-04-11 16:58:45,166.8,159.7,166.1,167.1,167.1,169.0,165.4,169.0,170.3,165.1,0,162.3,1.3,17.2
2025-04-11 16:58:50,167.0,159.8,166.4,167.1,167.4,169.2,165.9,169.3,170.5,165.4,0,162.7,2.2,17.3
2025-04-11 16:58:55,167.5,160.2,166.8,167.4,167.9,169.4,166.4,169.8,170.8,166.0,0,163.2,2.2,17.3
2025-04-11 16:59:00,168.1,160.7,167.2,167.8,168.4,169.9,167.0,170.0,170.9,166.4,0,163.7,2.1,17.3
2025-04-11 16:59:05,168.7,161.2,167.8,168.3,168.8,170.4,167.5,170.6,171.7,167.0,0,164.4,1.7,17.3
2025-04-11 16:59:10,169.1,161.9,168.5,168.8,169.5,171.0,168.2,171.2,172.5,167.6,0,165.3,2.4,17.3
2025-04-11 16:59:15,169.8,162.6,169.4,170.1,170.4,171.4,169.0,171.8,173.1,168.6,0,165.8,3.0,17.3
2025-04-11 16:59:20,170.7,163.7,170.4,170.8,171.3,172.5,169.9,172.6,174.0,169.5,0,166.6,3.3,17.3
2025-04-11 16:59:25,171.8,164.7,171.3,170.9,171.9,173.1,170.5,173.6,174.9,170.8,0,168.5,3.3,17.3
2025-04-11 16:59:30,173.1,165.8,172.9,172.5,173.2,174.4,172.1,175.1,176.1,172.0,0,169.4,3.3,17.3
2025-04-11 16:59:35,174.5,167.2,174.4,173.8,175.0,176.8,173.6,176.2,176.9,173.3,0,170.7,3.1,17.3
2025-04-11 16:59:40,175.9,168.6,175.4,174.6,175.7,177.3,175.0,177.5,178.9,174.7,0,171.7,2.6,17.2
2025-04-11 16:59:45,177.6,169.5,176.5,176.5,177.8,178.8,176.9,179.8,180.3,176.4,0,173.6,2.5,17.2
2025-04-11 16:59:50,179.0,171.3,178.2,177.7,179.0,180.3,178.2,181.1,181.5,178.3,0,174.0,2.5,17.2
2025-04-11 16:59:55,180.9,173.2,180.5,179.5,181.3,182.3,180.5,183.6,184.1,180.2,0,176.9,1.9,17.2
2025-04-11 17:00:00,183.5,175.8,182.2,181.9,183.3,184.0,182.7,185.4,185.5,182.0,0,178.3,1.6,17.2
2025-04-11 17:00:05,185.1,177.2,184.3,184.3,185.9,186.9,183.2,186.4,186.6,183.7,0,180.3,1.7,17.2
2025-04-11 17:00:10,188.3,179.4,187.7,186.1,187.7,188.7,187.8,189.8,190.4,187.0,0,183.3,1.8,17.2
2025-04-11 17:00:15,191.5,182.8,190.8,190.4,192.8,193.7,192.4,192.7,193.6,190.9,0,185.5,1.9,17.2
2025-04-11 17:00:20,194.6,185.5,194.4,193.4,195.8,196.6,196.2,197.9,198.5,197.1,1.1,188.3,2.2,17.2
2025-04-11 17:00:25,202.2,189.1,199.0,197.6,201.2,200.9,201.9,203.4,203.2,201.9,2.7,195.2,3.1,17.2
2025-04-11 17:00:30,205.5,194.0,205.7,203.9,207.2,207.0,208.3,209.1,208.8,210.4,3.2,198.5,2.9,17.2
2025-04-11 17:00:35,216.9,201.8,216.9,212.4,217.4,215.9,218.6,219.2,220.4,231.1,28.1,206.6,3.2,17.2
2025-04-11 17:00:40,229.6,210.5,224.3,222.3,228.8,226.1,236.4,236.7,233.9,237.5,22.7,220.7,2.9,17.2
2025-04-11 17:00:45,240.3,230.5,239.8,229.7,236.4,236.0,235.7,238.7,244.6,240.1,19.2,229.6,3.4,17.2
2025-04-11 17:00:50,256.1,241.1,254.2,256.5,266.1,251.0,262.7,261.2,261.2,284.4,66.2,243.7,3.2,17.2
2025-04-11 17:00:55,273.6,269.8,292.7,283.5,339.8,299.5,319.1,291.3,285.5,320.4,138.6,270.1,3.1,17.2
2025-04-11 17:01:00,359.0,361.8,367.4,327.2,419.4,335.0,391.8,331.4,328.6,308.8,90.1,337.1,2.7,17.2
2025-04-11 17:01:05,357.7,344.8,337.8,352.7,335.9,342.3,315.1,335.5,307.5,291.6,48.0,315.7,3.0,17.2
2025-04-11 17:01:10,335.2,324.3,328.8,334.0,300.3,304.0,297.4,303.9,303.5,359.9,147.6,289.6,3.4,17.2
2025-04-11 17:01:15,314.7,303.3,310.8,334.4,330.3,401.2,400.0,463.3,453.9,488.0,301.1,341.4,4.3,17.2
2025-04-11 17:01:20,329.4,395.1,349.6,406.2,381.0,438.5,422.9,435.9,433.8,454.5,245.0,369.1,3.9,17.2
2025-04-11 17:01:25,429.5,427.7,514.2,515.0,465.4,525.6,483.2,487.8,483.4,510.9,306.1,443.1,4.3,17.2
2025-04-11 17:01:30,419.5,486.4,453.3,525.6,469.8,512.7,512.9,463.7,419.3,380.5,255.7,494.0,4.1,17.2
2025-04-11 17:01:35,476.8,576.0,540.9,483.6,488.4,423.4,463.1,413.1,398.3,407.9,163.5,477.6,4.2,17.2
2025-04-11 17:01:40,471.8,476.7,469.1,418.9,458.0,410.6,499.9,476.4,443.9,443.5,185.4,393.3,4.2,17.2
2025-04-11 17:01:45,453.4,503.8,482.1,481.2,459.1,453.1,418.6,517.9,440.3,353.5,69.8,419.9,3.7,17.2
2025-04-11 17:01:50,408.5,507.9,366.2,410.3,343.5,373.7,336.5,364.8,360.3,310.0,28.2,316.8,3.5,17.2
2025-04-11 17:01:55,317.8,307.6,315.8,322.2,312.3,320.0,309.2,317.6,317.9,301.6,27.4,289.0,2.7,17.2
2025-04-11 17:02:00,309.1,294.8,300.3,304.2,298.5,304.7,295.8,301.2,298.3,283.9,12.8,273.7,2.4,17.2
2025-04-11 17:02:05,290.9,272.9,284.0,283.2,283.2,282.9,280.7,281.6,289.7,275.0,9.3,262.4,2.1,17.2
2025-04-11 17:02:10,280.4,262.0,274.8,273.0,273.9,273.0,271.3,272.1,270.3,259.6,4.2,252.8,1.8,17.2
2025-04-11 17:02:15,269.5,252.9,264.0,261.6,262.6,261.6,260.0,260.2,260.2,254.8,2.9,241.9,1.7,17.2
2025-04-11 17:02:20,259.4,242.7,254.1,252.2,254.1,253.1,251.4,252.4,252.4,246.9,0.5,232.3,1.6,17.2
2025-04-11 17:02:25,253.4,237.8,248.5,247.4,249.0,248.1,246.8,247.9,250.1,243.1,0,227.6,1.5,17.1
2025-04-11 17:02:30,247.7,234.4,243.5,245.0,246.6,246.4,245.0,246.1,247.0,239.5,0,223.6,1.3,17.2
2025-04-11 17:02:35,245.3,232.6,241.5,241.2,242.6,243.9,242.7,244.0,244.6,238.3,0,221.0,1.8,17.2
2025-04-11 17:02:40,243.2,231.8,239.6,240.6,241.6,242.9,240.8,243.1,243.9,237.4,0,220.0,2.2,17.2
2025-04-11 17:02:45,242.8,231.3,239.6,239.7,240.7,242.2,239.8,242.3,243.2,237.0,0,219.4,2.1,17.2
2025-04-11 17:02:50,242.1,231.1,238.8,239.6,240.7,242.1,239.6,242.3,243.1,237.0,0,218.9,1.9,17.2
2025-04-11 17:02:55,242.0,231.0,238.5,239.4,240.5,242.3,239.4,242.1,242.8,236.9,0,218.6,1.7,17.2
2025-04-11 17:03:00,241.4,230.8,238.0,239.1,240.2,241.9,239.0,242.0,242.6,236.5,0,218.5,1.5,17.2
2025-04-11 17:03:05,240.9,230.4,237.5,238.6,239.6,241.3,238.4,241.5,242.1,236.1,0,217.2,1.4,17.1
2025-04-11 17:03:10,240.3,229.8,236.8,238.0,239.0,240.8,237.6,241.3,241.7,235.8,0,216.6,1.5,17.2
2025-04-11 17:03:15,239.8,229.4,236.3,237.7,238.8,240.5,237.3,240.6,241.3,235.0,0,216.0,1.5,17.2
2025-04-11 17:03:20,239.1,228.9,235.7,237.2,238.1,240.2,236.6,239.5,240.7,234.6,0,214.9,1.2,17.2
2025-04-11 17:03:25,237.7,228.4,234.7,235.9,237.3,238.9,235.7,239.2,240.2,233.7,0,213.3,1.2,17.2
2025-04-11 17:03:30,237.0,228.3,233.9,234.8,236.3,238.4,235.1,238.6,239.1,232.9,0,212.5,1.4,17.2
2025-04-11 17:03:35,236.1,227.6,232.5,234.8,235.3,237.4,234.5,237.9,238.6,231.9,0,211.0,1.5,17.2
2025-04-11 17:03:40,235.2,226.6,231.8,233.1,234.8,236.3,233.3,236.7,237.2,231.0,0,209.6,1.6,17.2
2025-04-11 17:03:45,233.7,225.1,230.9,231.4,233.4,234.7,232.6,235.5,236.1,230.0,0,208.7,1.8,17.2
2025-04-11 17:03:50,233.1,224.4,230.1,230.3,232.4,233.4,230.9,233.9,234.9,228.4,0,206.8,1.7,17.2
2025-04-11 17:03:55,231.8,222.5,229.0,229.3,231.1,232.7,229.5,232.1,233.1,226.6,0,204.9,1.4,17.2
2025-04-11 17:04:00,230.2,219.9,226.9,227.2,229.0,230.8,227.0,231.0,231.3,224.5,0,204.1,1.4,17.2
2025-04-11 17:04:05,227.8,217.4,224.3,225.7,227.0,228.2,225.5,228.3,228.7,222.3,0,202.0,1.1,17.2
2025-04-11 17:04:10,226.3,216.3,222.6,223.2,224.7,226.3,222.9,226.4,226.8,220.3,0,198.8,1.0,17.2
2025-04-11 17:04:15,223.6,214.2,220.6,221.3,222.3,223.6,221.8,224.8,226.1,219.1,0,197.7,1.4,17.2
2025-04-11 17:04:20,221.4,212.1,218.6,219.4,220.4,222.1,218.1,221.3,222.8,216.0,0,195.8,2.6,17.3
2025-04-11 17:04:25,219.9,210.4,216.4,217.7,218.2,219.7,216.8,219.2,220.4,215.0,0,193.4,2.9,17.3
2025-04-11 17:04:30,217.4,208.8,214.3,215.6,215.6,217.2,214.3,217.7,218.5,212.1,0,191.9,2.4,17.3
2025-04-11 17:04:35,215.4,206.6,212.0,212.9,213.7,214.7,211.8,213.9,215.2,209.8,0,189.6,2.5,17.3
2025-04-11 17:04:40,211.9,204.3,208.9,210.0,212.2,213.7,210.3,213.3,214.5,207.1,0,187.0,2.4,17.3
2025-04-11 17:04:45,209.1,202.4,206.0,206.8,208.0,209.5,207.1,210.5,210.8,204.2,0,184.5,2.2,17.3
2025-04-11 17:04:50,207.0,200.0,203.7,204.5,205.0,207.9,203.0,207.1,208.3,201.7,0,181.8,1.7,17.3
2025-04-11 17:04:55,204.0,197.9,202.5,203.2,203.7,205.3,201.6,204.8,205.6,199.1,0,180.0,1.5,17.3
2025-04-11 17:05:00,201.7,195.7,199.0,200.0,200.3,202.4,199.4,202.3,203.0,196.8,0,178.4,1.4,17.3
2025-04-11 17:05:05,200.6,194.9,197.8,198.6,199.1,201.3,196.8,200.6,201.1,194.2,0,176.1,1.3,17.3
2025-04-11 17:05:10,197.2,192.6,194.4,195.8,196.5,199.0,194.1,198.0,198.7,192.4,0,175.1,1.2,17.3
2025-04-11 17:05:15,195.4,190.6,192.1,195.2,194.7,197.0,192.8,196.6,197.0,190.8,0,173.3,1.5,17.3
2025-04-11 17:05:20,194.1,189.3,191.1,192.5,192.8,194.9,190.7,194.8,194.7,188.7,0,172.0,1.4,17.3
2025-04-11 17:05:25,192.8,187.3,189.8,191.4,191.4,194.0,189.7,193.0,193.4,187.3,0,170.3,1.6,17.3
2025-04-11 17:05:30,191.1,186.2,188.0,190.1,190.0,192.3,188.2,191.3,191.6,186.5,0,169.6,2.0,17.3
2025-04-11 17:05:35,189.4,184.3,186.8,188.3,188.2,190.1,186.1,190.0,189.9,184.1,0,167.6,2.1,17.3
2025-04-11 17:05:40,188.3,183.0,185.2,187.1,187.2,188.9,184.8,189.0,189.5,183.4,0,167.3,1.9,17.3
2025-04-11 17:05:45,186.0,180.7,184.4,186.1,186.0,188.1,184.0,187.4,188.0,181.9,0,165.8,1.7,17.3
2025-04-11 17:05:50,185.4,179.7,182.5,183.9,184.2,186.6,182.8,186.1,186.3,180.6,0,165.2,1.5,17.3
2025-04-11 17:05:55,183.9,178.5,181.2,183.0,182.8,185.1,181.1,185.0,185.7,179.9,0,164.5,1.6,17.4
2025-04-11 17:06:00,183.3,177.9,180.5,182.3,182.5,184.4,180.3,183.8,184.4,179.3,0,164.0,1.6,17.4
2025-04-11 17:06:05,182.1,177.0,179.9,181.7,181.8,183.8,179.5,182.8,183.9,178.1,0,163.0,1.5,17.4
2025-04-11 17:06:10,181.6,176.0,179.0,181.0,180.7,183.1,179.0,182.2,183.1,177.8,0,162.8,1.6,17.4
2025-04-11 17:06:15,180.7,174.9,178.2,180.2,180.0,182.2,178.3,181.4,182.5,177.0,0,162.3,1.4,17.4
2025-04-11 17:06:20,180.2,174.2,177.8,179.8,179.5,181.9,177.9,181.5,182.1,176.7,0,162.3,1.3,17.4
2025-04-11 17:06:25,179.7,173.4,177.3,179.3,179.2,181.6,177.8,181.5,181.9,176.6,0,162.1,1.6,17.4
2025-04-11 17:06:30,179.5,173.0,177.1,179.1,179.2,181.1,177.8,181.3,181.6,176.4,0,162.3,1.9,17.4
2025-04-11 17:06:35,179.3,172.5,177.4,178.8,178.9,180.9,177.6,181.1,181.6,176.4,0,162.4,2.2,17.4
2025-04-11 17:06:40,179.3,172.3,177.5,178.8,178.9,181.1,177.4,181.0,181.7,176.6,0,162.5,2.2,17.4
2025-04-11 17:06:45,179.6,172.5,177.5,178.8,178.9,181.1,177.4,181.0,181.7,176.7,0,162.7,2.1,17.4
2025-04-11 17:06:50,179.6,172.4,177.6,178.9,179.0,181.4,177.5,181.1,181.8,177.0,0,163.1,2.0,17.4
2025-04-11 17:06:55,179.8,172.3,177.8,179.3,179.3,181.9,177.8,181.2,182.1,177.3,0,163.6,1.8,17.4
2025-04-11 17:07:00,180.0,172.5,178.0,179.8,179.6,182.1,178.0,181.6,182.4,177.6,0,163.9,1.6,17.4
2025-04-11 17:07:05,180.5,172.7,178.4,180.8,179.8,182.3,178.5,182.4,182.8,178.2,0,164.8,1.5,17.4
2025-04-11 17:07:10,181.0,172.9,178.9,181.2,180.6,182.6,178.9,182.9,183.4,178.7,0,165.3,2.2,17.4
2025-04-11 17:07:15,181.3,172.9,179.3,181.5,181.0,183.2,179.7,183.6,184.3,179.5,0,166.1,1.9,17.4
2025-04-11 17:07:20,182.4,173.5,180.0,182.1,181.8,184.1,180.5,184.4,185.0,180.2,0,166.6,1.6,17.4
2025-04-11 17:07:25,183.1,174.0,180.7,182.7,182.4,184.9,181.1,185.0,185.8,180.8,0,167.4,1.5,17.4
2025-04-11 17:07:30,183.8,174.3,181.9,183.7,183.2,186.1,182.2,185.7,186.8,181.7,0,168.6,1.4,17.4
2025-04-11 17:07:35,184.2,175.4,182.9,184.7,183.9,186.8,182.8,186.4,187.3,182.4,0,169.0,1.4,17.4
2025-04-11 17:07:40,185.3,176.0,183.3,185.6,184.7,187.5,183.8,187.2,188.5,182.8,0,169.3,2.6,17.5
2025-04-11 17:07:45,186.3,177.6,184.4,186.7,186.3,189.0,184.6,188.5,189.3,184.2,0,170.5,3.0,17.5
2025-04-11 17:07:50,187.2,178.5,185.2,187.5,187.1,189.8,185.5,189.5,190.3,184.6,0,171.0,3.1,17.5
2025-04-11 17:07:55,188.6,180.1,186.9,189.1,188.7,191.1,186.2,190.1,190.9,185.8,0,171.8,3.2,17.5
2025-04-11 17:08:00,189.6,181.4,187.7,189.9,189.6,192.0,188.0,191.7,191.7,186.8,0,172.5,3.3,17.5
2025-04-11 17:08:05,191.3,182.3,189.3,190.7,190.7,193.1,189.2,193.1,193.7,187.9,0,173.5,3.3,17.5
2025-04-11 17:08:10,192.6,183.6,190.6,192.5,191.9,193.8,190.3,193.9,194.9,189.6,0,175.1,3.4,17.4
2025-04-11 17:08:15,194.2,184.5,192.3,194.0,192.7,195.6,191.5,195.1,195.9,190.9,0,175.9,3.4,17.4
2025-04-11 17:08:20,196.2,186.5,192.6,194.7,193.9,197.3,192.9,196.9,197.0,192.6,0,177.9,3.3,17.4
2025-04-11 17:08:25,197.6,187.2,194.3,196.4,195.7,198.9,194.6,199.8,199.2,194.2,0,178.7,4.7,17.4
2025-04-11 17:08:30,199.0,189.6,196.6,199.0,197.9,201.0,196.3,201.3,200.9,195.5,0,179.7,4.4,17.4
2025-04-11 17:08:35,200.7,190.4,198.1,200.4,199.6,202.9,197.8,202.8,203.1,196.4,0,180.8,4.6,17.4
2025-04-11 17:08:40,201.8,192.2,199.8,201.9,201.2,203.7,199.6,204.1,204.5,198.6,0,181.9,3.8,17.4
2025-04-11 17:08:45,203.2,193.5,200.8,203.7,202.0,204.7,200.4,205.2,205.4,199.8,0,182.2,4.0,17.4
2025-04-11 17:08:50,205.0,195.3,202.2,204.7,203.9,206.4,202.4,207.1,206.6,200.3,0,182.9,3.7,17.4
2025-04-11 17:08:55,206.1,196.7,203.3,205.3,204.5,207.0,202.6,208.0,207.6,201.5,0,183.6,3.4,17.4
2025-04-11 17:09:00,206.8,198.2,204.3,206.1,205.7,207.4,203.1,208.1,207.8,202.0,0,183.8,2.8,17.4
2025-04-11 17:09:05,207.5,199.0,205.1,206.9,206.2,208.5,204.6,209.0,208.7,202.5,0,183.9,2.3,17.3
2025-04-11 17:09:10,207.8,199.8,205.1,207.1,206.4,208.9,204.7,209.2,209.0,202.8,0,183.6,2.1,17.3
2025-04-11 17:09:15,207.8,199.7,205.3,207.0,206.2,208.7,204.5,209.1,208.9,202.7,0,183.0,2.2,17.3
2025-04-11 17:09:20,207.5,199.4,205.0,206.7,205.9,208.6,204.1,208.7,208.4,202.2,0,182.4,1.9,17.3
2025-04-11 17:09:25,206.9,198.9,204.1,205.9,205.7,208.3,203.9,208.6,208.4,201.8,0,181.6,2.5,17.3
2025-04-11 17:09:30,206.1,198.5,203.3,204.9,204.4,207.2,202.2,207.2,208.0,201.1,0,180.7,2.4,17.3
2025-04-11 17:09:35,205.4,198.1,202.5,204.5,203.8,206.5,201.4,206.0,207.0,200.3,0,179.3,2.3,17.3
2025-04-11 17:09:40,204.0,197.3,201.4,204.0,202.8,205.7,200.8,205.2,205.6,199.2,0,177.8,2.0,17.3
2025-04-11 17:09:45,203.3,196.5,200.7,202.4,201.4,204.2,200.1,204.2,205.1,198.3,0,177.3,2.0,17.3
2025-04-11 17:09:50,202.5,195.8,199.5,202.1,200.6,203.2,198.5,203.0,202.9,197.0,0,176.7,1.8,17.3
2025-04-11 17:09:55,199.1,194.5,198.7,199.7,199.2,201.4,197.0,201.6,201.9,195.8,0,175.1,2.0,17.3
2025-04-11 17:10:00,198.1,193.8,197.1,199.3,198.3,200.7,196.4,200.7,200.9,194.5,0,174.7,2.3,17.3
2025-04-11 17:10:05,196.4,192.0,195.1,198.2,196.6,198.9,195.8,200.0,200.5,193.8,0,173.1,2.6,17.3
2025-04-11 17:10:10,195.4,191.0,193.9,196.5,195.7,198.1,192.8,197.8,198.1,191.8,0,172.5,2.5,17.3
2025-04-11 17:10:15,194.0,189.3,192.7,195.0,194.0,196.6,191.4,196.1,196.3,191.4,0,171.2,2.7,17.3
2025-04-11 17:10:20,192.6,188.1,191.5,192.9,192.5,195.5,190.8,195.2,195.3,189.4,0,169.6,2.8,17.3
2025-04-11 17:10:25,191.1,187.4,189.9,192.0,191.1,193.1,190.1,194.7,194.7,188.4,0,169.0,2.5,17.3
2025-04-11 17:10:30,189.2,186.3,189.2,191.4,190.6,192.8,188.5,192.2,192.8,186.3,0,167.4,2.9,17.3
2025-04-11 17:10:35,187.6,183.7,186.7,188.4,188.1,190.1,185.9,191.2,190.8,185.1,0,166.3,2.9,17.2
2025-04-11 17:10:40,186.6,182.6,185.4,187.0,186.6,189.7,185.6,188.9,189.7,183.4,0,165.4,2.9,17.2
2025-04-11 17:10:45,185.1,180.9,184.8,186.3,185.7,187.5,183.9,187.7,187.6,181.9,0,164.2,3.0,17.2
2025-04-11 17:10:50,183.0,180.2,183.2,184.6,184.6,186.2,182.6,186.7,186.3,180.8,0,163.1,3.0,17.2
2025-04-11 17:10:55,182.7,178.7,181.6,184.0,183.2,185.0,180.9,185.1,185.0,179.2,0,162.8,3.5,17.2
2025-04-11 17:11:00,180.7,177.7,179.8,182.3,181.4,183.5,179.3,183.9,183.5,177.9,0,161.5,4.1,17.2
2025-04-11 17:11:05,179.5,176.4,179.3,181.3,180.2,182.9,178.8,182.1,183.1,177.1,0,160.8,4.7,17.2
2025-04-11 17:11:10,178.4,175.0,177.9,180.1,179.2,181.9,177.8,182.3,182.5,176.4,0,160.2,4.4,17.2
2025-04-11 17:11:15,178.0,174.3,177.2,178.9,178.0,180.4,176.6,180.3,181.1,175.2,0,159.7,5.3,17.2
2025-04-11 17:11:20,176.9,173.1,176.4,178.2,177.5,179.9,175.8,179.7,180.4,174.7,0,158.8,4.2,17.2
2025-04-11 17:11:25,176.1,172.5,175.1,177.4,176.6,179.0,174.8,178.9,180.0,173.9,0,158.3,3.0,17.2
2025-04-11 17:11:30,175.3,171.6,174.5,176.2,175.9,177.9,173.8,177.7,178.8,173.2,0,157.8,2.6,17.2
2025-04-11 17:11:35,174.4,170.6,173.7,176.1,175.5,177.8,173.8,177.9,178.5,172.5,0,157.2,2.3,17.1
2025-04-11 17:11:40,173.8,169.8,173.0,175.3,174.4,176.5,172.8,176.7,177.7,171.9,0,156.8,2.3,17.1
2025-04-11 17:11:45,173.2,169.0,172.4,174.8,173.8,175.9,172.2,176.1,177.1,171.3,0,156.5,2.8,17.1
2025-04-11 17:11:50,172.3,168.2,171.8,174.0,173.3,175.6,171.8,175.7,176.3,170.7,0,156.3,4.9,17.1
2025-04-11 17:11:55,171.5,167.5,171.2,173.4,172.7,175.0,171.1,175.1,175.8,170.1,0,155.8,4.1,17.1
2025-04-11 17:12:00,170.9,167.2,170.8,172.9,172.1,174.7,170.2,174.5,175.3,169.5,0,155.5,4.1,17.1
2025-04-11 17:12:05,170.3,165.8,169.7,172.1,171.4,174.4,169.6,173.6,174.8,168.9,0,155.1,4.8,17.1
2025-04-11 17:12:10,169.6,165.5,169.5,171.8,170.8,173.4,169.0,173.2,174.4,168.4,0,155.0,3.8,17.1
2025-04-11 17:12:15,169.2,165.2,168.8,171.4,170.2,172.6,168.4,172.8,173.8,167.9,0,154.8,4.8,17.1
2025-04-11 17:12:20,168.7,164.9,168.3,171.0,169.7,172.1,167.9,172.5,173.4,167.5,0,154.8,4.7,17.1
2025-04-11 17:12:25,168.3,164.5,167.7,170.5,169.3,171.7,167.8,172.1,173.0,167.3,0,154.8,4.1,17.1
2025-04-11 17:12:30,168.2,164.0,167.2,169.9,168.9,171.5,167.3,171.6,172.8,167.0,0,154.7,5.3,17.1
2025-04-11 17:12:35,167.9,163.4,166.9,169.6,168.5,171.3,166.9,171.3,172.6,166.8,0,154.6,4.2,17.0
2025-04-11 17:12:40,167.4,163.0,166.5,169.2,168.1,171.0,166.9,171.1,172.3,166.5,0,154.8,4.7,17.0
2025-04-11 17:12:45,167.0,162.4,166.2,168.8,167.9,170.7,166.4,170.5,172.0,166.3,0,154.8,4.2,17.0
2025-04-11 17:12:50,166.7,162.0,166.0,168.5,167.7,170.4,166.2,170.3,171.7,166.1,0,155.0,3.1,17.0
2025-04-11 17:12:55,166.6,161.8,165.8,168.3,167.5,170.2,166.1,170.2,171.5,166.0,0,155.2,2.4,17.0
2025-04-11 17:13:00,166.1,161.5,165.5,168.0,167.3,170.0,166.0,170.1,171.4,165.9,0,155.6,2.1,17.0
2025-04-11 17:13:05,165.9,161.4,165.6,167.8,167.2,170.0,166.0,170.0,171.4,165.9,0,155.9,2.5,17.0
2025-04-11 17:13:10,165.8,160.7,165.3,167.8,167.0,169.8,165.9,170.1,171.3,165.9,0,156.3,2.3,17.0
2025-04-11 17:13:15,165.9,160.6,165.3,167.8,167.2,169.9,165.9,170.1,171.3,166.0,0,156.8,2.1,17.0
2025-04-11 17:13:20,165.9,160.6,165.3,167.8,167.2,170.1,166.1,170.1,171.4,166.1,0,157.3,2.1,17.0
2025-04-11 17:13:25,166.2,160.7,165.6,167.9,167.4,170.3,166.3,170.3,171.6,166.5,0,158.2,1.8,17.0
2025-04-11 17:13:30,166.2,160.8,165.9,168.3,167.8,170.5,166.6,170.6,172.0,167.1,0,158.4,1.9,17.0
2025-04-11 17:13:35,166.6,161.1,166.5,169.0,168.3,171.0,167.2,171.1,172.7,167.6,0,159.7,1.8,17.0
2025-04-11 17:13:40,166.7,161.4,167.0,169.3,168.9,171.6,167.8,171.7,173.3,168.2,0,161.0,2.2,17.0
2025-04-11 17:13:45,167.7,161.7,167.7,170.2,169.7,172.5,168.1,172.1,173.6,168.7,0,162.0,2.4,17.0
2025-04-11 17:13:50,168.4,162.1,168.3,170.8,170.2,173.1,169.4,173.2,174.7,169.7,0,163.1,2.4,17.0
2025-04-11 17:13:55,169.3,162.6,169.4,171.5,171.0,173.8,170.3,173.9,175.4,170.1,0,164.0,3.2,17.0
2025-04-11 17:14:00,170.1,163.0,170.2,172.3,172.0,174.8,170.8,174.6,176.1,171.0,0,165.5,2.9,17.0
2025-04-11 17:14:05,170.8,163.4,170.8,172.9,172.6,175.3,171.8,175.2,176.5,171.5,0,166.6,2.6,17.0
2025-04-11 17:14:10,171.6,163.8,171.2,173.3,172.9,175.8,172.1,175.8,177.1,172.3,0,167.9,4.5,17.0
2025-04-11 17:14:15,172.2,164.1,172.4,174.3,173.9,176.7,173.2,176.7,177.8,173.0,0,168.2,4.2,17.0
2025-04-11 17:14:20,172.8,164.5,173.0,174.9,174.7,177.4,174.0,177.4,178.3,173.6,0,169.6,3.5,17.0
2025-04-11 17:14:25,173.6,164.9,173.4,175.3,175.4,177.9,174.4,178.1,179.4,174.4,0,171.4,4.7,17.0
2025-04-11 17:14:30,174.3,165.4,174.0,176.0,175.8,178.4,174.9,178.7,179.9,175.1,0,172.1,5.5,17.0
2025-04-11 17:14:35,175.0,165.7,175.2,177.0,176.4,178.9,175.7,179.3,180.5,176.0,0,172.7,5.5,17.0
2025-04-11 17:14:40,175.7,166.1,176.2,177.6,177.2,180.0,176.6,180.0,181.2,176.8,0,174.5,3.8,17.0
2025-04-11 17:14:45,176.5,166.7,176.9,178.4,178.1,180.6,177.5,180.7,182.0,177.3,0,175.3,3.5,17.0
2025-04-11 17:14:50,177.6,167.5,177.6,179.3,179.2,181.9,178.7,181.1,183.0,178.6,0,177.2,3.9,17.0
2025-04-11 17:14:55,178.2,168.1,178.3,180.4,179.9,182.4,179.8,182.7,184.5,180.0,0,178.5,3.8,17.0
2025-04-11 17:15:00,179.5,169.0,179.7,181.3,181.0,183.7,180.6,183.8,185.0,180.6,0,179.3,3.8,17.1
2025-04-11 17:15:05,180.2,169.6,180.2,182.3,182.1,184.2,181.7,184.8,186.4,182.3,0,182.0,3.0,17.0
2025-04-11 17:15:10,182.5,170.4,181.6,183.4,183.1,185.4,182.6,186.0,187.3,183.8,0,183.6,2.8,17.0
2025-04-11 17:15:15,182.8,171.4,182.9,185.0,184.8,187.1,184.5,186.9,188.8,185.3,0,184.2,2.6,17.0
2025-04-11 17:15:20,184.9,172.4,184.3,186.4,186.3,188.1,185.9,189.3,190.4,186.7,0,186.8,3.1,17.0
2025-04-11 17:15:25,185.8,173.4,185.7,187.4,187.8,190.1,187.1,189.8,191.8,188.1,0,188.2,3.1,17.0
2025-04-11 17:15:30,187.5,174.7,187.4,189.1,189.4,191.1,189.3,192.0,193.8,189.9,0,190.3,3.2,17.0
2025-04-11 17:15:35,188.4,175.5,189.0,190.2,190.6,192.9,190.1,193.5,194.7,191.6,0,191.4,2.9,17.0
2025-04-11 17:15:40,189.9,176.8,190.2,191.9,191.9,194.8,192.1,194.7,196.3,192.2,0,193.5,2.6,17.0
2025-04-11 17:15:45,191.2,177.9,191.6,193.1,193.9,196.8,193.8,196.2,198.3,194.3,0,195.4,2.4,17.0
2025-04-11 17:15:50,193.1,179.5,193.3,194.9,195.9,198.2,194.9,198.2,199.2,196.0,0,196.8,3.7,17.1
2025-04-11 17:15:55,194.6,181.1,195.9,197.5,198.2,199.1,195.9,200.0,201.3,197.9,0,198.9,3.9,17.1
2025-04-11 17:16:00,196.5,182.6,197.3,199.3,198.5,201.1,198.7,202.1,203.7,199.8,0,200.8,2.9,17.1
2025-04-11 17:16:05,198.1,184.0,199.3,201.0,201.3,203.1,200.5,203.3,205.6,201.7,0,203.0,2.3,17.1
2025-04-11 17:16:10,199.3,184.8,200.2,201.7,202.7,205.4,202.6,204.8,207.5,203.6,0,204.9,2.8,17.1
2025-04-11 17:16:15,201.8,187.0,202.2,203.4,205.0,207.0,204.4,207.3,209.2,205.3,0,206.6,3.2,17.1
2025-04-11 17:16:20,202.9,188.0,203.7,204.9,206.1,208.5,205.7,208.5,211.0,207.2,0,206.4,2.8,17.1
2025-04-11 17:16:25,205.1,189.9,205.9,207.8,208.0,210.5,207.8,211.1,212.8,208.9,0,209.9,3.4,17.1
2025-04-11 17:16:30,207.1,190.9,207.7,209.3,210.0,212.4,209.6,212.3,214.5,210.4,0,210.7,2.8,17.1
2025-04-11 17:16:35,208.2,193.1,209.1,211.3,211.7,214.3,211.3,214.6,216.6,211.3,0,212.7,2.4,17.1
2025-04-11 17:16:40,210.3,194.5,211.6,213.0,213.4,216.3,213.4,216.7,218.1,213.2,0,214.0,5.4,17.1
2025-04-11 17:16:45,212.4,195.4,213.5,214.1,214.9,217.7,215.0,217.6,220.2,214.6,0,215.4,5.2,17.1
2025-04-11 17:16:50,214.1,197.6,215.4,216.4,216.9,218.8,216.4,218.5,221.4,216.4,0,216.7,4.4,17.1
2025-04-11 17:16:55,215.3,199.4,217.0,217.5,218.2,220.8,218.0,220.9,223.2,218.5,0,217.5,3.9,17.1
2025-04-11 17:17:00,216.9,201.3,217.7,218.9,219.1,221.3,218.9,222.3,223.4,219.2,0,218.6,3.6,17.1
2025-04-11 17:17:05,218.5,202.6,219.0,220.3,221.0,223.4,219.9,223.0,225.2,220.3,0,219.9,5.2,17.1
2025-04-11 17:17:10,219.3,203.6,219.7,221.3,221.5,224.4,221.3,224.2,226.2,221.0,0,220.2,5.0,17.1
2025-04-11 17:17:15,219.9,205.1,220.3,221.5,222.3,224.6,221.6,224.7,226.4,221.7,0,220.7,4.5,17.1
2025-04-11 17:17:20,220.4,205.4,221.0,222.1,222.9,225.1,222.0,225.0,227.0,222.2,0,221.1,3.9,17.1
2025-04-11 17:17:25,221.1,205.8,221.2,222.4,223.2,225.4,222.4,225.5,227.4,222.6,0,221.3,3.3,17.1
2025-04-11 17:17:30,221.6,206.7,221.7,222.9,223.5,225.9,222.8,225.7,227.8,223.0,0,221.4,3.9,17.1
2025-04-11 17:17:35,221.7,207.0,221.9,223.2,223.7,226.1,223.0,226.1,228.2,223.1,0,221.6,4.0,17.1
2025-04-11 17:17:40,221.7,207.0,221.9,223.2,223.9,226.4,223.1,226.2,228.2,223.2,0,221.6,3.7,17.1
2025-04-11 17:17:45,221.7,207.0,222.0,223.2,224.0,226.5,223.2,226.1,228.2,223.2,0,221.5,3.9,17.1
2025-04-11 17:17:50,221.7,206.8,222.2,223.2,224.1,226.4,223.2,226.1,228.4,223.2,0,221.4,3.7,17.1
2025-04-11 17:17:55,221.6,206.7,222.3,223.3,223.9,226.3,223.1,226.1,228.4,223.2,0,221.3,2.9,17.1
2025-04-11 17:18:00,221.4,206.5,222.3,223.3,223.9,226.2,222.9,226.0,228.3,223.2,0,221.3,3.4,17.1
2025-04-11 17:18:05,221.3,206.1,222.2,223.1,223.8,226.0,222.9,226.0,228.2,223.1,0,221.2,3.6,17.1
2025-04-11 17:18:10,220.9,205.8,222.0,223.0,223.5,226.2,222.6,225.7,228.2,223.0,0,221.2,3.6,17.1
2025-04-11 17:18:15,220.6,205.3,221.4,222.7,223.3,225.9,222.4,225.4,228.0,222.9,0,221.2,3.4,17.1
2025-04-11 17:18:20,220.0,204.6,220.7,222.1,223.0,225.7,222.1,225.1,227.7,222.5,0,220.7,3.5,17.1
2025-04-11 17:18:25,219.6,204.2,220.2,221.7,222.5,224.9,221.3,224.3,227.1,222.0,0,220.4,4.2,17.1
2025-04-11 17:18:30,218.9,203.9,219.8,221.3,222.1,224.5,220.7,223.8,226.7,221.2,0,219.7,5.4,17.1
2025-04-11 17:18:35,218.2,203.2,218.6,220.1,220.9,223.5,220.1,223.0,225.9,220.5,0,219.1,3.8,17.1
2025-04-11 17:18:40,217.4,202.6,217.8,219.6,220.1,222.9,219.4,222.3,225.2,219.8,0,218.5,3.1,17.1
2025-04-11 17:18:45,216.5,202.1,216.7,218.4,219.6,221.8,218.5,221.5,224.1,218.8,0,217.7,2.8,17.1
2025-04-11 17:18:50,215.7,201.2,216.2,218.0,218.8,220.9,217.7,220.7,223.7,218.1,0,217.3,2.3,17.2
2025-04-11 17:18:55,216.0,200.8,215.8,217.2,218.0,220.3,216.9,220.0,222.9,217.6,0,216.8,2.0,17.2
2025-04-11 17:19:00,215.5,200.8,214.4,216.2,217.1,219.6,215.9,219.4,221.7,216.4,0,215.9,1.6,17.2
2025-04-11 17:19:05,214.7,200.8,213.6,215.6,216.1,218.8,215.3,218.7,221.4,215.6,0,215.3,2.2,17.2
2025-04-11 17:19:10,213.8,200.3,212.3,214.1,215.4,217.7,213.8,218.3,220.8,215.0,0,214.9,4.7,17.2
2025-04-11 17:19:15,213.1,199.8,211.9,214.1,214.7,217.3,213.5,216.9,219.5,213.8,0,214.1,5.6,17.2
2025-04-11 17:19:20,212.2,199.3,211.2,213.2,213.9,216.5,212.9,215.9,218.7,213.4,0,213.4,4.5,17.2
2025-04-11 17:19:25,211.2,198.2,210.1,212.1,212.8,215.8,212.2,215.1,217.9,212.3,0,212.2,5.4,17.2
2025-04-11 17:19:30,210.4,197.7,209.4,211.5,212.0,214.1,211.5,214.2,217.6,211.6,0,211.6,5.2,17.2
2025-04-11 17:19:35,209.2,196.3,208.3,210.1,211.6,213.7,210.1,213.5,216.2,210.5,0,210.6,4.6,17.2
2025-04-11 17:19:40,208.6,195.1,207.5,209.0,209.3,212.9,209.5,212.3,215.7,209.7,0,209.5,4.1,17.2
2025-04-11 17:19:45,207.7,193.6,206.6,208.9,209.5,211.8,208.7,211.3,214.9,208.8,0,208.9,3.9,17.2
2025-04-11 17:19:50,206.3,192.8,206.0,207.2,208.6,210.3,207.0,210.2,213.2,207.4,0,207.2,3.6,17.2
2025-04-11 17:19:55,205.0,190.3,204.3,205.5,206.9,209.2,206.3,209.2,212.0,205.9,0,205.9,3.2,17.2
2025-04-11 17:20:00,204.1,189.2,203.2,204.0,205.4,207.4,203.8,206.5,210.0,203.6,0,203.4,3.5,17.2
2025-04-11 17:20:05,201.7,186.6,200.2,201.5,202.8,205.3,201.7,204.0,207.1,201.2,0,202.6,3.4,17.2
2025-04-11 17:20:10,199.3,183.7,198.5,199.5,200.4,202.6,199.4,200.7,204.6,198.5,0,197.9,5.0,17.2
2025-04-11 17:20:15,196.4,180.5,195.0,196.0,197.3,198.9,198.1,199.6,203.3,196.8,0,196.1,4.7,17.2
2025-04-11 17:20:20,193.8,177.6,191.7,193.7,194.9,196.5,193.4,195.3,199.1,193.9,0,192.9,3.7,17.2
2025-04-11 17:20:25,190.8,175.4,189.6,191.2,191.4,193.4,190.5,192.4,196.1,191.1,0,189.6,3.0,17.1
2025-04-11 17:20:30,187.3,172.6,185.8,187.6,189.6,191.2,187.8,190.5,194.1,187.7,0,186.5,2.7,17.1
2025-04-11 17:20:35,183.8,170.7,183.1,184.3,185.1,188.7,184.8,187.3,190.6,184.4,0,183.7,2.6,17.1
2025-04-11 17:20:40,182.9,168.9,181.2,183.3,183.8,185.8,181.8,184.7,188.3,181.0,0,179.7,3.5,17.2
2025-04-11 17:20:45,178.2,164.8,177.9,179.5,180.0,182.2,178.0,181.5,184.6,178.1,0,176.9,3.1,17.2
2025-04-11 17:20:50,175.3,162.9,174.0,175.6,176.4,179.8,176.3,178.5,182.2,175.6,0,174.7,3.6,17.2
2025-04-11 17:20:55,173.5,160.9,172.9,174.1,174.5,176.5,172.6,175.0,178.2,172.6,0,172.0,3.1,17.2
2025-04-11 17:21:00,169.9,158.4,168.8,171.8,172.4,174.6,170.4,173.7,176.0,169.9,0,169.7,4.1,17.2
2025-04-11 17:21:05,168.7,157.2,167.3,169.7,169.9,171.0,168.0,170.4,173.8,168.8,0,167.3,4.6,17.2
2025-04-11 17:21:10,165.3,153.7,164.9,166.2,166.5,168.4,164.8,167.0,170.5,165.6,0,165.0,5.1,17.1
2025-04-11 17:21:15,163.2,151.7,162.3,163.7,164.2,165.9,162.8,164.8,167.8,162.4,0,162.5,4.9,17.1
2025-04-11 17:21:20,160.5,150.0,159.5,161.0,161.7,163.0,162.0,164.0,167.3,160.9,0,160.5,4.0,17.2
2025-04-11 17:21:25,158.7,147.1,157.0,158.6,159.5,161.1,157.8,159.8,163.4,157.9,0,158.5,3.6,17.2
2025-04-11 17:21:30,156.5,145.5,155.2,157.2,157.5,158.9,156.3,158.3,161.8,156.9,0,156.5,4.1,17.2
2025-04-11 17:21:35,153.7,143.2,154.1,155.6,156.1,157.8,154.1,156.8,160.6,154.4,0,154.3,3.2,17.1
2025-04-11 17:21:40,152.3,141.9,151.8,153.1,152.8,154.9,152.2,155.6,158.3,152.5,0,152.9,2.7,17.2
2025-04-11 17:21:45,150.2,141.0,150.2,151.7,152.0,154.5,150.8,153.2,156.4,150.3,0,150.6,3.5,17.1
2025-04-11 17:21:50,148.3,138.3,147.7,148.8,150.4,151.6,147.9,149.7,154.5,148.7,0,148.8,3.4,17.1
2025-04-11 17:21:55,146.7,137.0,146.4,147.3,147.5,149.6,146.7,149.4,152.8,146.9,0,147.3,3.7,17.1
2025-04-11 17:22:00,145.3,136.2,144.4,145.9,146.4,147.9,144.1,147.5,152.1,145.8,0,146.4,4.2,17.1
2025-04-11 17:22:05,143.4,134.7,142.7,144.1,144.6,146.4,143.2,145.0,149.7,143.4,0,143.8,3.8,17.1
2025-04-11 17:22:10,142.2,133.9,140.9,142.3,143.0,144.3,141.0,143.6,147.1,142.4,0,142.7,3.5,17.1
2025-04-11 17:22:15,139.5,131.9,138.9,140.3,140.9,142.5,140.1,142.5,145.9,140.4,0,140.4,3.0,17.1
2025-04-11 17:22:20,138.2,130.2,137.6,138.8,138.9,140.7,137.3,140.0,143.3,138.9,0,139.5,2.6,17.1
2025-04-11 17:22:25,135.9,128.4,136.6,138.0,138.0,139.6,137.0,139.1,141.9,136.8,0,137.2,2.5,17.1
2025-04-11 17:22:30,134.0,126.3,133.3,134.6,134.9,137.3,134.1,136.4,140.1,135.0,0,135.5,2.5,17.1
2025-04-11 17:22:35,132.5,124.2,131.6,133.1,133.4,135.0,131.8,135.5,138.4,133.2,0,133.8,2.3,17.1
2025-04-11 17:22:40,131.1,122.6,130.7,132.1,132.0,133.8,131.0,132.0,135.9,130.8,0,131.9,2.6,17.1
2025-04-11 17:22:45,128.7,120.5,128.8,129.9,130.8,131.9,128.9,130.2,134.4,129.3,0,130.7,5.1,17.1
2025-04-11 17:22:50,127.7,119.6,126.3,127.9,128.4,130.0,127.1,128.5,132.6,128.3,0,129.9,4.7,17.1
2025-04-11 17:22:55,125.6,118.0,124.7,125.9,126.7,127.7,124.8,127.0,130.5,125.6,0,128.3,3.2,17.1
2025-04-11 17:23:00,123.8,116.2,123.5,124.7,124.7,126.5,123.8,125.5,129.0,124.3,0,125.4,3.6,17.1
2025-04-11 17:23:05,122.3,114.3,121.5,122.4,123.6,124.5,121.7,124.4,128.2,123.3,0,125.0,3.7,17.1
2025-04-11 17:23:10,121.0,113.0,120.8,121.8,122.1,123.3,121.2,122.7,125.6,121.5,0,124.0,3.2,17.1
2025-04-11 17:23:15,119.7,112.1,119.5,120.1,120.9,122.4,119.8,122.4,125.0,120.8,0,123.2,4.6,17.1
2025-04-11 17:23:20,118.4,110.7,118.3,119.0,120.3,121.2,119.4,121.1,124.4,119.9,0,121.7,5.9,17.1
2025-04-11 17:23:25,117.9,109.6,117.6,118.5,119.0,120.6,118.6,119.6,123.1,119.1,0,121.2,5.2,17.1
2025-04-11 17:23:30,117.4,109.1,117.4,118.0,118.3,119.8,117.7,118.8,122.5,118.0,0,120.0,4.4,17.1
2025-04-11 17:23:35,115.9,108.0,116.4,117.0,117.6,118.6,116.4,117.8,121.1,117.3,0,119.0,3.3,17.1
2025-04-11 17:23:40,115.1,107.6,115.9,116.3,116.8,117.4,115.8,117.3,120.6,116.6,0,117.8,2.6,17.1
2025-04-11 17:23:45,114.6,106.0,114.7,115.1,115.9,116.6,114.7,116.5,119.4,115.7,0,117.4,2.3,17.1
2025-04-11 17:23:50,113.8,105.3,113.9,114.4,115.2,115.8,114.0,115.9,118.6,115.1,0,116.8,1.9,17.1
2025-04-11 17:23:55,113.3,104.7,113.5,114.2,114.5,115.1,113.3,115.3,117.8,114.7,0,116.4,2.3,17.1
2025-04-11 17:24:00,112.4,103.7,112.5,112.9,113.8,114.2,112.8,113.9,117.2,114.0,0,115.6,2.9,17.1
2025-04-11 17:24:05,111.9,103.2,111.8,112.3,113.1,113.5,112.3,113.6,116.5,113.1,0,115.0,3.5,17.1
2025-04-11 17:24:10,111.3,102.5,111.2,111.9,112.8,113.3,111.9,113.3,116.0,112.7,0,114.4,4.2,17.1
2025-04-11 17:24:15,110.9,101.8,110.9,111.6,112.1,112.9,110.7,112.4,115.3,112.1,0,113.6,3.9,17.1
2025-04-11 17:24:20,110.2,101.3,110.1,110.7,110.8,112.0,110.4,111.9,114.8,111.5,0,113.0,4.8,17.1
2025-04-11 17:24:25,109.7,100.9,109.5,110.3,110.5,111.2,109.8,111.0,114.0,110.8,0,112.0,4.1,17.1
2025-04-11 17:24:30,109.3,100.2,108.6,109.6,109.7,110.6,109.3,110.4,113.4,110.1,0,111.9,3.3,17.1
2025-04-11 17:24:35,108.6,99.6,108.4,108.8,109.2,110.0,108.8,109.8,112.9,109.5,0,111.2,2.9,17.1
2025-04-11 17:24:40,107.8,98.8,107.6,108.4,108.7,109.4,108.1,109.2,112.1,109.0,0,110.2,2.9,17.1
2025-04-11 17:24:45,107.3,98.2,107.2,107.8,108.3,108.9,107.5,108.8,111.5,108.5,0,109.7,4.4,17.0
2025-04-11 17:24:50,106.7,97.7,106.6,107.1,107.8,108.3,107.0,108.5,111.3,108.2,0,109.4,3.9,17.0
2025-04-11 17:24:55,106.3,97.2,106.1,106.5,107.3,107.7,106.4,107.5,110.2,107.7,0,108.8,6.4,17.0
2025-04-11 17:25:00,105.9,96.9,105.7,106.1,106.9,107.2,105.9,107.1,109.8,107.2,0,108.3,8.0,17.0
2025-04-11 17:25:05,105.4,96.4,105.4,105.5,106.4,106.6,105.5,106.8,109.4,106.6,0,107.7,5.7,17.0
2025-04-11 17:25:10,105.0,96.1,104.9,105.0,105.9,106.2,105.4,106.4,108.9,106.2,0,107.4,4.1,17.0
2025-04-11 17:25:15,104.5,95.8,104.6,104.8,105.7,105.9,105.0,106.4,108.7,105.8,0,106.9,5.0,17.0
2025-04-11 17:25:20,104.1,95.7,104.1,104.5,105.3,105.4,104.5,106.1,108.2,105.4,0,106.4,4.3,17.0
2025-04-11 17:25:25,103.7,95.6,103.8,103.9,104.7,105.2,104.3,105.5,108.0,105.1,0,106.1,3.5,17.0
2025-04-11 17:25:30,103.4,95.5,103.7,103.8,104.4,104.8,103.8,105.1,107.6,104.9,0,105.8,3.4,17.0
2025-04-11 17:25:35,103.2,95.4,103.5,103.8,104.1,104.5,103.5,105.0,107.3,104.4,0,105.4,2.6,17.0
2025-04-11 17:25:40,103.1,95.1,103.1,103.4,104.0,104.3,103.5,104.7,107.1,104.3,0,105.4,2.5,17.0
2025-04-11 17:25:45,103.0,94.8,102.7,103.0,103.7,103.9,103.1,104.5,106.8,103.9,0,104.9,3.1,16.9
2025-04-11 17:25:50,102.8,94.4,102.6,102.8,103.5,104.0,102.9,104.2,106.5,103.8,0,104.6,3.2,17.0
2025-04-11 17:25:55,102.5,94.1,102.3,102.8,103.2,103.7,102.9,104.2,106.4,103.7,0,104.3,3.7,17.0
2025-04-11 17:26:00,102.4,93.9,102.2,102.7,103.1,103.6,102.6,103.9,106.3,103.7,0,104.2,4.5,16.9
2025-04-11 17:26:05,102.3,93.7,102.2,102.8,103.3,103.5,102.8,103.9,106.3,103.7,0,104.0,4.8,16.9
2025-04-11 17:26:10,102.5,93.8,102.4,102.8,103.3,103.5,102.8,104.0,106.3,103.8,0,104.0,4.2,16.9
2025-04-11 17:26:15,102.8,93.8,102.6,102.8,103.5,103.6,102.9,104.1,106.4,104.0,0,104.0,3.8,16.9
2025-04-11 17:26:20,102.9,93.9,102.8,102.9,103.6,104.0,103.0,104.5,106.7,104.3,0,104.0,3.4,16.9
2025-04-11 17:26:25,103.4,94.3,103.4,103.2,103.9,104.4,103.4,104.8,107.1,104.5,0,104.1,3.7,16.9
2025-04-11 17:26:30,103.7,94.6,103.6,103.7,104.2,104.6,103.6,105.0,107.3,104.7,0,104.2,3.5,16.9
2025-04-11 17:26:35,104.0,94.7,103.8,104.0,104.5,105.0,104.1,105.5,107.4,104.9,0,104.1,3.4,16.9
2025-04-11 17:26:40,104.4,95.1,104.0,104.4,104.8,105.2,104.3,105.5,107.7,105.2,0,104.5,3.2,16.9
2025-04-11 17:26:45,104.9,95.3,104.4,104.7,105.1,105.5,104.7,105.8,107.9,105.3,0,104.4,3.0,16.9
2025-04-11 17:26:50,105.2,95.7,104.8,105.1,105.5,105.9,105.0,106.1,108.3,105.7,0,104.4,2.9,16.9
2025-04-11 17:26:55,105.5,96.1,105.2,105.1,105.7,106.2,105.3,106.4,108.6,105.9,0,104.4,2.7,16.9
2025-04-11 17:27:00,106.1,96.8,105.5,105.6,105.9,106.3,105.5,106.6,108.7,106.0,0,104.4,1.9,16.9
2025-04-11 17:27:05,106.5,97.1,105.8,105.9,106.4,106.8,105.9,106.8,109.0,106.2,0,104.5,2.2,16.9
2025-04-11 17:27:10,106.7,97.5,106.3,106.1,106.7,106.9,105.8,107.2,109.2,106.4,0,104.5,2.0,16.8
2025-04-11 17:27:15,107.0,97.8,106.7,106.5,106.9,107.1,106.1,107.5,109.4,106.6,0,104.5,1.7,16.8
2025-04-11 17:27:20,107.4,98.2,106.9,106.8,107.1,107.5,106.3,107.6,109.6,106.7,0,104.3,1.4,16.9
2025-04-11 17:27:25,107.5,98.4,106.9,106.8,107.3,107.8,106.5,107.8,109.6,106.9,0,104.3,1.4,16.9
2025-04-11 17:27:30,107.9,98.7,107.1,107.1,107.5,108.1,106.8,108.0,109.9,107.1,0,104.3,1.2,16.8
2025-04-11 17:27:35,108.2,99.0,107.4,107.4,107.8,108.2,107.0,108.2,109.9,107.2,0,104.1,1.0,16.9
2025-04-11 17:27:40,108.4,99.2,107.7,107.6,108.0,108.5,107.3,108.3,110.1,107.4,0,104.0,1.0,16.9
2025-04-11 17:27:45,108.6,99.3,107.7,107.9,108.1,108.6,107.3,108.4,110.2,107.5,0,103.8,1.0,16.8
2025-04-11 17:27:50,108.9,99.6,107.8,108.2,108.1,108.6,107.4,108.7,110.3,107.5,0,103.6,1.4,16.8
2025-04-11 17:27:55,109.0,100.0,107.8,108.3,108.3,108.7,107.6,108.7,110.3,107.6,0,103.7,1.4,16.8
2025-04-11 17:28:00,109.1,100.3,107.9,108.2,108.3,108.7,107.6,108.6,110.4,107.5,0,103.5,2.0,16.9
2025-04-11 17:28:05,109.1,100.5,107.9,108.2,108.4,108.7,107.5,108.7,110.3,107.5,0,103.1,2.6,16.9
2025-04-11 17:28:10,109.1,100.5,107.8,108.0,108.4,108.7,107.4,108.6,110.3,107.3,0,102.8,1.9,16.8
2025-04-11 17:28:15,109.2,100.4,107.8,108.0,108.2,108.8,107.3,108.6,110.0,107.2,0,102.4,1.6,16.9
2025-04-11 17:28:20,109.0,100.3,107.7,107.8,108.0,108.7,107.2,108.4,110.0,106.9,0,102.2,2.3,16.9
2025-04-11 17:28:25,108.7,100.2,107.4,107.5,107.9,108.4,107.0,108.1,109.7,106.5,0,101.6,1.9,16.9
2025-04-11 17:28:30,108.4,100.1,107.2,107.4,107.9,108.2,106.9,107.9,109.4,106.2,0,101.0,1.6,16.9
2025-04-11 17:28:35,108.1,99.9,106.8,107.1,107.5,107.8,106.5,107.5,108.9,105.9,0,100.5,1.8,16.9
2025-04-11 17:28:40,107.9,99.6,106.5,106.9,107.1,107.5,106.2,107.2,108.7,105.5,0,100.1,2.3,16.9
2025-04-11 17:28:45,107.8,99.5,106.1,106.4,106.7,107.1,105.7,106.9,108.6,105.3,0,99.9,2.8,16.9
2025-04-11 17:28:50,107.2,99.1,105.7,106.0,106.3,106.7,105.3,106.7,108.1,104.7,0,99.2,4.1,16.9
2025-04-11 17:28:55,106.8,98.8,105.3,105.8,106.0,106.5,104.9,106.1,107.7,104.5,0,99.1,3.7,16.9
2025-04-11 17:29:00,106.2,98.6,104.8,105.1,105.5,105.9,104.3,105.6,107.2,103.8,0,98.5,3.5,16.9
2025-04-11 17:29:05,105.7,98.4,104.4,104.9,105.1,105.6,103.9,105.2,106.8,103.4,0,97.8,3.3,16.9
2025-04-11 17:29:10,105.2,98.1,103.9,104.4,104.5,105.0,103.8,104.9,106.6,103.1,0,97.5,3.5,16.9
2025-04-11 17:29:15,104.6,97.7,103.5,103.8,104.1,104.5,103.0,104.4,106.0,102.6,0,96.9,3.8,16.9
2025-04-11 17:29:20,104.0,97.4,102.7,103.2,103.5,103.9,102.4,103.6,105.3,102.1,0,96.4,2.7,16.9
2025-04-11 17:29:25,103.2,96.9,102.0,102.7,102.8,103.6,101.9,103.2,104.9,101.4,0,95.8,2.7,16.9
2025-04-11 17:29:30,102.7,96.7,101.5,102.1,102.3,102.8,101.4,102.6,104.5,100.9,0,95.3,2.9,16.9
2025-04-11 17:29:35,101.8,96.7,101.1,101.9,101.9,102.6,100.7,102.2,104.0,100.2,0,94.7,2.8,16.9
2025-04-11 17:29:40,101.4,96.3,100.1,101.0,101.2,102.0,99.9,101.7,103.2,99.7,0,94.1,3.0,16.9
2025-04-11 17:29:45,100.7,96.1,99.4,100.1,100.5,101.6,99.5,101.2,102.8,99.1,0,93.6,2.4,16.9
2025-04-11 17:29:50,100.3,95.7,98.9,99.7,99.9,100.8,98.9,100.5,102.1,98.3,0,93.3,2.1,16.9
2025-04-11 17:29:55,99.2,95.0,98.4,99.0,99.2,100.3,98.3,99.8,101.3,97.8,0,92.5,2.6,16.9
2025-04-11 17:30:00,98.8,94.7,97.6,98.6,98.7,99.9,97.7,99.2,100.8,97.5,0,92.3,2.6,16.9
2025-04-11 17:30:05,97.8,93.9,96.6,97.9,97.9,98.6,96.8,98.2,100.2,96.6,0,91.6,3.1,16.8
2025-04-11 17:30:10,96.9,93.4,96.1,96.8,96.8,98.4,96.2,97.9,99.4,95.9,0,90.8,3.9,16.9
2025-04-11 17:30:15,96.6,93.1,95.6,96.8,96.7,97.7,95.6,97.1,98.9,95.0,0,89.9,4.0,16.9
2025-04-11 17:30:20,95.8,92.5,94.7,95.8,95.7,96.9,94.5,96.3,98.0,94.2,0,89.7,3.6,16.9
2025-04-11 17:30:25,95.0,91.6,93.8,94.9,94.9,96.0,93.7,95.6,97.7,93.9,0,88.8,3.1,16.9
2025-04-11 17:30:30,93.5,90.6,92.8,94.0,94.3,95.7,93.4,94.9,96.6,92.9,0,87.8,2.6,16.9
2025-04-11 17:30:35,92.9,89.9,92.2,93.1,93.0,94.4,91.9,93.6,95.6,91.8,0,87.4,2.3,16.9
2025-04-11 17:30:40,92.3,88.9,91.5,92.5,92.1,93.7,91.3,93.0,95.0,91.4,0,86.8,2.3,16.8
2025-04-11 17:30:45,91.0,87.9,90.4,91.5,91.7,93.0,90.6,92.2,94.4,90.3,0,85.7,2.3,16.8
2025-04-11 17:30:50,90.3,87.3,89.9,90.8,90.8,92.0,89.5,91.3,93.4,89.5,0,85.0,2.5,16.8
2025-04-11 17:30:55,89.4,86.9,89.1,90.2,89.9,91.1,88.6,90.7,92.6,88.4,0,84.4,3.0,16.8
2025-04-11 17:31:00,88.5,86.1,87.9,88.9,88.7,90.3,87.8,89.3,91.4,87.6,0,83.3,4.0,16.8
2025-04-11 17:31:05,87.6,85.0,87.1,88.4,88.1,89.2,87.0,88.8,90.6,86.8,0,82.5,3.9,16.8
2025-04-11 17:31:10,87.0,84.5,86.0,86.9,86.7,88.2,85.9,87.7,89.7,85.8,0,81.8,3.5,16.8
2025-04-11 17:31:15,85.9,83.7,85.1,86.5,86.2,87.5,84.9,86.9,88.6,84.9,0,81.3,2.9,16.8
2025-04-11 17:31:20,85.3,82.9,84.5,85.6,85.4,86.5,84.3,86.2,87.8,84.5,0,80.5,2.6,16.8
2025-04-11 17:31:25,84.0,81.8,83.1,84.6,84.7,86.1,83.7,85.6,87.3,83.5,0,79.7,2.2,16.8
2025-04-11 17:31:30,83.3,80.6,82.2,83.6,83.6,85.0,82.1,84.0,85.8,82.6,0,79.1,1.7,16.8
2025-04-11 17:31:35,82.4,79.6,81.3,82.9,82.3,83.9,81.9,83.9,85.7,81.7,0,78.1,1.7,16.8
2025-04-11 17:31:40,81.5,79.3,80.4,81.8,81.8,83.0,81.0,82.7,84.6,80.9,0,77.7,3.2,16.8
2025-04-11 17:31:45,80.8,78.3,79.7,81.3,80.8,82.2,79.4,82.1,83.8,80.1,0,77.2,2.9,16.8
2025-04-11 17:31:50,80.1,77.5,79.5,80.7,80.2,81.5,79.5,80.8,82.5,79.2,0,76.4,3.5,16.8
2025-04-11 17:31:55,79.2,76.6,78.5,79.7,79.0,80.9,78.3,79.8,81.8,78.4,0,75.7,3.0,16.8
2025-04-11 17:32:00,78.6,76.5,77.8,79.1,78.8,80.1,77.8,79.3,81.4,77.5,0,74.9,2.2,16.8
2025-04-11 17:32:05,77.8,75.5,77.0,78.1,78.0,78.9,76.7,78.4,80.5,76.8,0,74.1,2.1,16.8
2025-04-11 17:32:10,76.5,74.5,76.0,77.3,77.3,78.1,75.9,77.7,79.6,76.1,0,73.5,2.3,16.8
2025-04-11 17:32:15,76.1,74.0,75.4,76.5,76.4,77.6,75.1,76.8,78.7,75.2,0,73.2,3.5,16.8
2025-04-11 17:32:20,75.1,73.1,74.8,75.9,75.7,76.8,74.4,76.0,77.5,74.5,0,71.8,5.3,16.8
2025-04-11 17:32:25,74.8,72.5,74.1,75.3,75.0,76.2,73.9,75.3,77.5,74.2,0,71.8,5.9,16.8
2025-04-11 17:32:30,74.0,71.6,73.5,74.2,74.1,75.2,73.1,74.8,77.0,73.4,0,71.1,5.3,16.8
2025-04-11 17:32:35,73.2,70.9,72.7,73.5,73.5,74.3,72.3,73.7,76.0,72.4,0,70.2,4.0,16.8
2025-04-11 17:32:40,72.4,70.0,71.9,72.7,72.4,74.0,71.6,73.5,75.7,72.0,0,69.7,3.4,16.8
2025-04-11 17:32:45,71.7,69.4,71.3,72.4,72.0,73.3,70.8,72.5,74.9,71.4,0,69.1,3.4,16.7
2025-04-11 17:32:50,71.2,68.9,70.7,71.7,71.5,72.6,70.3,71.8,74.1,70.9,0,68.5,2.8,16.7
2025-04-11 17:32:55,70.5,68.2,69.9,71.3,71.0,72.1,69.8,71.4,73.7,70.2,0,68.0,2.2,16.7
2025-04-11 17:33:00,69.9,67.6,69.5,70.3,70.0,71.4,68.9,70.7,73.2,69.7,0,67.6,2.4,16.7
2025-04-11 17:33:05,69.1,66.7,69.1,70.1,69.8,71.1,68.7,70.5,72.7,69.1,0,66.8,3.2,16.7
2025-04-11 17:33:10,68.6,66.2,68.3,69.6,69.1,70.5,67.9,69.8,72.0,68.5,0,66.4,4.9,16.7
2025-04-11 17:33:15,68.0,65.7,67.8,68.8,68.6,69.9,67.5,69.4,71.5,68.0,0,65.9,4.8,16.7
2025-04-11 17:33:20,67.4,64.9,67.3,68.1,67.9,69.1,66.8,68.6,70.8,67.4,0,65.2,5.4,16.7
2025-04-11 17:33:25,66.9,64.3,66.3,67.7,67.3,68.6,66.3,68.1,70.2,66.9,0,64.8,4.6,16.7
2025-04-11 17:33:30,66.7,64.1,66.1,67.1,66.8,68.0,65.9,67.3,69.6,66.6,0,64.4,3.9,16.7
2025-04-11 17:33:35,65.9,63.5,65.4,66.3,66.1,67.1,65.4,66.6,68.9,65.8,0,63.7,3.0,16.7
2025-04-11 17:33:40,65.3,63.0,65.0,65.8,65.7,66.6,64.9,66.0,68.3,65.1,0,62.8,3.3,16.7
2025-04-11 17:33:45,64.6,62.4,64.5,65.0,65.0,65.8,64.0,65.7,67.9,64.6,0,62.2,2.7,16.7
2025-04-11 17:33:50,64.0,61.9,64.2,64.4,64.4,65.1,63.4,64.6,66.9,64.1,0,61.6,2.8,16.7
2025-04-11 17:33:55,63.5,61.4,63.5,63.9,63.8,64.7,62.7,64.1,66.2,63.5,0,61.0,2.6,16.7
2025-04-11 17:34:00,62.9,60.7,62.5,63.2,62.9,64.4,62.3,63.6,65.7,62.7,0,60.2,2.0,16.7
2025-04-11 17:34:05,62.2,60.4,61.8,62.9,62.3,63.4,61.5,63.1,65.2,62.2,0,59.6,2.2,16.7
2025-04-11 17:34:10,61.4,59.9,61.4,62.4,62.0,63.1,61.1,62.4,64.5,61.4,0,59.1,3.0,16.7
2025-04-11 17:34:15,60.9,59.1,60.7,61.6,61.2,62.3,60.4,61.7,64.0,60.8,0,58.5,2.5,16.7
2025-04-11 17:34:20,60.3,58.5,59.8,61.2,60.6,61.6,59.7,61.2,63.4,60.2,0,58.0,2.9,16.7
2025-04-11 17:34:25,59.9,58.1,59.4,60.3,59.9,61.0,59.2,60.8,62.8,59.5,0,57.4,2.7,16.7
2025-04-11 17:34:30,59.2,57.5,58.8,59.7,59.4,60.4,58.8,60.0,62.2,59.0,0,57.1,2.2,16.7
2025-04-11 17:34:35,58.8,56.9,58.3,59.0,59.0,59.7,58.1,59.4,61.5,58.7,0,56.8,2.0,16.7
2025-04-11 17:34:40,58.2,56.2,57.9,58.4,58.4,59.1,57.4,58.7,61.1,58.0,0,56.1,4.0,16.7
2025-04-11 17:34:45,57.7,55.7,57.4,58.0,58.0,58.5,56.8,58.2,60.3,57.5,0,55.5,4.2,16.7
2025-04-11 17:34:50,57.2,54.9,56.6,57.6,57.7,58.3,56.5,57.9,59.9,56.8,0,54.9,3.4,16.7
2025-04-11 17:34:55,56.6,54.5,55.9,56.7,56.9,57.8,55.9,57.1,59.2,56.3,0,54.7,3.8,16.7
2025-04-11 17:35:00,56.1,53.9,55.5,56.5,56.1,57.2,55.2,56.5,58.7,55.8,0,54.1,4.2,16.7
2025-04-11 17:35:05,55.7,53.6,55.1,56.1,55.8,56.4,54.8,56.0,58.2,55.3,0,53.6,3.3,16.7
2025-04-11 17:35:10,54.9,52.8,54.7,55.6,55.3,56.0,54.3,55.6,57.8,54.8,0,53.3,3.1,16.7
2025-04-11 17:35:15,54.5,52.5,54.2,54.9,54.8,55.5,53.9,55.2,57.2,54.6,0,52.9,3.0,16.7
2025-04-11 17:35:20,54.0,51.9,53.6,54.2,54.2,54.9,53.6,54.5,56.8,53.8,0,52.4,3.6,16.7
2025-04-11 17:35:25,53.5,51.4,53.2,53.8,53.7,54.3,53.1,53.9,56.3,53.3,0,51.8,2.9,16.6
2025-04-11 17:35:30,53.0,50.7,52.8,53.2,53.2,53.6,52.8,53.7,55.6,53.0,0,51.5,2.3,16.7
2025-04-11 17:35:35,52.3,50.0,52.1,52.6,52.6,53.0,51.9,53.0,55.2,52.4,0,51.0,1.7,16.6
2025-04-11 17:35:40,51.7,49.4,51.5,52.1,52.0,52.5,51.1,52.0,54.3,51.8,0,50.4,1.6,16.7
2025-04-11 17:35:45,51.0,48.7,50.7,51.7,51.6,52.1,50.7,51.7,53.9,51.2,0,49.9,1.5,16.6
2025-04-11 17:35:50,50.5,48.2,50.1,50.9,50.8,51.2,49.8,51.1,53.2,50.6,0,49.4,1.5,16.6
2025-04-11 17:35:55,49.9,47.9,49.8,50.6,50.5,50.9,49.4,50.5,52.6,49.9,0,48.9,2.7,16.6
2025-04-11 17:36:00,49.4,47.2,49.2,49.9,49.8,50.1,48.8,49.8,51.8,49.4,0,48.3,3.0,16.6
2025-04-11 17:36:05,48.8,46.5,48.4,49.3,49.3,49.6,48.2,49.3,51.4,48.9,0,48.1,3.2,16.6
2025-04-11 17:36:10,48.5,46.2,48.0,48.6,48.5,48.9,47.8,48.8,50.7,48.2,0,47.8,3.4,16.6
2025-04-11 17:36:15,47.6,45.7,47.5,48.1,48.1,48.5,47.2,48.1,50.2,47.7,0,47.4,2.5,16.6
2025-04-11 17:36:20,47.5,45.3,47.0,47.4,47.7,48.2,46.7,47.6,49.8,47.5,0,47.2,2.7,16.6
2025-04-11 17:36:25,46.6,44.7,46.3,46.9,47.1,47.4,46.1,47.0,49.5,46.9,0,46.6,2.8,16.6
2025-04-11 17:36:30,46.3,44.3,46.1,46.5,46.7,47.0,45.7,46.8,48.9,46.3,0,46.1,2.8,16.6
2025-04-11 17:36:35,45.7,43.8,45.4,45.9,46.1,46.8,45.5,46.5,48.7,46.0,0,45.8,3.2,16.6
2025-04-11 17:36:40,45.3,43.3,45.2,45.6,45.7,46.3,45.0,46.0,48.2,45.6,0,45.6,3.2,16.6
2025-04-11 17:36:45,45.0,43.0,44.9,45.6,45.5,45.9,44.7,45.4,47.7,45.3,0,45.3,3.4,16.6
2025-04-11 17:36:50,44.4,42.7,44.5,45.5,45.4,45.7,44.5,45.2,47.5,45.0,0,45.0,4.4,16.6
2025-04-11 17:36:55,44.2,42.6,44.3,45.0,44.9,45.1,43.8,45.0,47.1,44.7,0,45.0,5.5,16.6
2025-04-11 17:37:00,44.1,42.5,44.1,44.9,44.7,45.1,43.8,44.8,47.0,44.5,0,44.9,5.4,16.6
2025-04-11 17:37:05,43.8,42.1,43.8,44.5,44.5,44.8,43.6,44.4,46.9,44.3,0,44.9,4.6,16.6
2025-04-11 17:37:10,43.7,41.8,43.6,44.1,44.3,44.5,43.7,44.5,46.5,44.2,0,44.9,4.0,16.6
2025-04-11 17:37:15,43.5,41.6,43.4,44.0,44.1,44.5,43.5,44.3,46.5,44.0,0,44.8,4.1,16.6
2025-04-11 17:37:20,43.3,41.6,43.4,44.0,44.1,44.4,43.4,44.2,46.5,44.0,0,44.6,3.4,16.6
2025-04-11 17:37:25,43.2,41.4,43.3,44.0,44.1,44.3,43.3,44.0,46.4,43.9,0,44.7,3.5,16.5
2025-04-11 17:37:30,43.2,41.4,43.3,44.0,44.0,44.1,43.3,44.2,46.6,44.0,0,44.7,4.7,16.5
2025-04-11 17:37:35,43.2,41.3,43.4,43.8,44.0,44.2,43.3,44.3,46.6,44.0,0,44.8,4.0,16.5
2025-04-11 17:37:40,43.2,41.2,43.4,43.9,44.0,44.3,43.4,44.4,46.7,44.1,0,45.1,3.4,16.5
2025-04-11 17:37:45,43.2,41.2,43.4,43.9,44.0,44.3,43.4,44.4,46.8,44.2,0,45.2,2.3,16.5
2025-04-11 17:37:50,43.3,41.1,43.5,44.1,44.1,44.4,43.5,44.4,46.8,44.3,0,45.2,2.3,16.5
2025-04-11 17:37:55,43.4,41.0,43.5,44.1,44.1,44.8,43.6,44.5,46.9,44.4,0,45.6,3.0,16.5
2025-04-11 17:38:00,43.5,41.1,43.6,44.1,44.2,44.8,43.7,44.5,47.1,44.5,0,45.8,3.3,16.5
2025-04-11 17:38:05,43.6,41.1,43.8,44.3,44.3,45.0,44.0,44.7,47.2,44.7,0,45.8,3.1,16.5
2025-04-11 17:38:10,43.7,41.2,43.9,44.4,44.4,45.1,44.0,44.8,47.3,44.8,0,46.0,4.2,16.5
2025-04-11 17:38:15,43.8,41.4,43.9,44.4,44.6,45.1,44.1,45.1,47.4,44.8,0,46.1,4.5,16.5
2025-04-11 17:38:20,44.0,41.4,44.1,44.7,44.7,45.3,44.3,45.2,47.6,45.0,0,46.1,4.6,16.5
2025-04-11 17:38:25,44.3,41.5,44.2,44.8,44.8,45.4,44.3,45.3,47.7,45.2,0,46.1,3.2,16.5
2025-04-11 17:38:30,44.3,41.7,44.4,45.0,45.0,45.6,44.4,45.3,47.7,45.2,0,46.2,4.5,16.5
2025-04-11 17:38:35,44.4,41.9,44.6,45.3,45.2,45.7,44.7,45.6,48.0,45.4,0,46.3,4.3,16.5
2025-04-11 17:38:40,44.5,42.1,44.9,45.4,45.3,45.8,44.8,45.7,48.1,45.5,0,46.5,4.3,16.5
2025-04-11 17:38:45,44.7,42.5,44.9,45.5,45.4,46.0,44.8,45.9,48.2,45.7,0,46.5,3.6,16.5
2025-04-11 17:38:50,44.8,42.6,45.1,45.6,45.5,46.1,44.9,45.9,48.3,45.8,0,46.6,3.2,16.5
2025-04-11 17:38:55,44.9,42.7,45.1,45.6,45.6,46.2,45.0,45.9,48.5,45.9,0,46.5,3.5,16.4
2025-04-11 17:39:00,45.1,43.0,45.2,45.6,45.7,46.2,45.1,46.1,48.6,45.9,0,46.5,3.0,16.5
2025-04-11 17:39:05,45.1,43.0,45.1,45.7,45.8,46.3,45.2,46.3,48.7,45.9,0,46.4,2.6,16.5
2025-04-11 17:39:10,45.2,43.1,45.2,45.7,45.8,46.3,45.2,46.3,48.7,45.9,0,46.4,2.4,16.4
2025-04-11 17:39:15,45.2,43.0,45.2,45.7,45.8,46.3,45.1,46.1,48.7,45.9,0,46.3,1.8,16.4
2025-04-11 17:39:20,45.1,43.0,45.1,45.8,45.7,46.3,45.2,46.2,48.7,45.8,0,46.3,1.8,16.4
2025-04-11 17:39:25,45.1,43.1,45.1,45.8,45.6,46.4,45.0,46.1,48.6,45.8,0,46.0,2.1,16.4
2025-04-11 17:39:30,45.1,43.2,45.1,45.7,45.5,46.2,45.1,46.0,48.6,45.7,0,45.9,1.8,16.4
2025-04-11 17:39:35,45.0,43.2,45.0,45.6,45.5,46.1,45.1,46.0,48.6,45.5,0,45.7,1.5,16.4
2025-04-11 17:39:40,44.9,43.1,44.8,45.4,45.4,46.1,44.8,45.9,48.6,45.3,0,45.4,1.6,16.4
2025-04-11 17:39:45,44.7,43.1,44.7,45.3,45.1,45.8,44.6,45.8,48.3,45.1,0,45.2,3.0,16.4
2025-04-11 17:39:50,44.6,42.9,44.5,45.1,45.0,45.9,44.5,45.6,48.2,44.8,0,45.0,5.3,16.4
2025-04-11 17:39:55,44.4,42.8,44.2,44.9,45.0,45.7,44.2,45.3,48.0,44.6,0,44.8,4.8,16.4
2025-04-11 17:40:00,44.1,42.7,44.2,44.7,44.6,45.5,44.0,45.0,47.7,44.2,0,44.1,4.6,16.4
2025-04-11 17:40:05,43.7,42.4,43.7,44.4,44.2,45.1,43.5,44.6,47.2,43.9,0,43.7,4.1,16.4
2025-04-11 17:40:10,43.4,42.0,43.3,43.8,43.8,44.7,43.0,44.1,46.8,43.5,0,43.2,3.1,16.4
2025-04-11 17:40:15,43.1,41.9,43.1,43.5,43.3,44.2,42.7,43.7,46.3,43.0,0,42.5,2.8,16.4
2025-04-11 17:40:20,42.7,41.7,42.7,43.2,42.9,43.8,42.2,43.3,45.9,42.6,0,42.0,2.2,16.4
2025-04-11 17:40:25,42.3,41.4,42.2,43.0,42.5,43.4,41.9,42.9,45.4,42.1,0,41.8,2.3,16.4
2025-04-11 17:40:30,41.8,41.1,41.6,42.5,41.9,42.8,41.2,42.5,44.9,41.6,0,41.1,2.4,16.4
2025-04-11 17:40:35,41.1,40.8,40.9,42.0,41.5,42.3,40.7,42.0,44.5,41.1,0,40.3,1.7,16.4
2025-04-11 17:40:40,40.8,40.4,40.6,41.2,40.8,41.6,40.2,41.3,43.8,40.4,0,39.9,1.5,16.4
2025-04-11 17:40:45,40.3,40.1,40.1,40.6,40.4,41.0,39.7,40.6,43.3,39.8,0,39.4,1.2,16.4
2025-04-11 17:40:50,39.7,39.7,39.6,39.9,40.0,40.4,39.2,40.1,42.8,39.5,0,38.7,1.2,16.4
2025-04-11 17:40:55,39.1,39.0,39.0,39.3,39.2,39.8,38.4,39.4,42.2,38.8,0,37.9,4.4,16.4
2025-04-11 17:41:00,38.5,38.5,38.3,38.8,38.6,39.3,37.5,38.9,41.3,37.9,0,37.0,5.5,16.4
2025-04-11 17:41:05,37.8,37.7,37.7,38.1,37.7,38.5,37.4,38.6,41.0,37.5,0,36.4,3.9,16.4
2025-04-11 17:41:10,37.1,37.1,36.4,37.5,36.9,37.9,36.3,37.4,40.5,36.8,0,35.9,2.9,16.4
2025-04-11 17:41:15,36.5,36.5,36.3,36.7,36.5,37.3,35.8,36.8,39.4,36.3,0,35.2,2.3,16.4
2025-04-11 17:41:20,35.7,36.0,35.7,36.2,36.1,36.8,35.5,36.2,39.0,35.4,0,34.5,3.7,16.4
2025-04-11 17:41:25,35.1,35.2,35.0,35.5,35.2,35.9,34.7,35.7,37.9,34.8,0,33.9,4.3,16.4
2025-04-11 17:41:30,34.4,35.1,34.8,35.1,34.7,35.5,33.9,35.0,37.5,34.1,0,33.1,4.1,16.4
2025-04-11 17:41:35,33.7,34.0,33.7,34.0,33.7,34.3,32.9,34.4,36.8,33.4,0,32.4,4.1,16.4
2025-04-11 17:41:40,33.1,33.2,33.0,33.1,33.3,34.0,32.6,33.7,36.2,32.7,0,31.6,2.9,16.3
2025-04-11 17:41:45,32.5,32.9,31.9,32.8,32.2,33.2,31.5,33.3,35.6,32.3,0,31.0,3.3,16.4
2025-04-11 17:41:50,31.9,32.3,31.3,31.9,31.7,32.6,31.2,32.1,34.5,31.2,0,29.9,3.3,16.3
2025-04-11 17:41:55,30.9,31.7,30.9,31.5,31.1,31.8,30.2,31.4,34.0,30.9,0,29.6,3.2,16.3
2025-04-11 17:42:00,30.2,30.9,30.2,30.6,30.4,30.9,29.6,30.7,32.5,29.7,0,28.8,4.2,16.3
2025-04-11 17:42:05,29.4,30.2,29.5,30.0,29.6,30.3,29.0,29.7,32.5,29.4,0,28.1,5.2,16.3
2025-04-11 17:42:10,28.7,29.3,29.2,29.6,29.2,29.7,28.4,29.5,32.0,28.5,0,27.3,5.4,16.3
2025-04-11 17:42:15,28.0,28.8,28.0,28.4,28.1,28.8,27.6,28.7,31.1,27.8,0,26.6,4.7,16.3
2025-04-11 17:42:20,27.4,28.2,27.3,27.8,27.4,28.1,26.9,28.1,30.4,27.2,0,25.9,4.2,16.3
2025-04-11 17:42:25,26.5,27.4,26.9,27.3,27.0,27.6,26.3,27.4,29.5,26.4,0,25.1,3.5,16.3
2025-04-11 17:42:30,26.0,26.8,26.1,26.7,26.4,27.0,25.4,26.7,28.7,25.9,0,24.5,3.6,16.3
2025-04-11 17:42:35,25.7,26.5,25.8,26.0,25.6,26.5,24.7,25.9,28.3,25.1,0,24.3,3.1,16.3
2025-04-11 17:42:40,24.8,25.7,24.8,25.6,24.8,25.6,24.2,25.2,27.6,24.6,0,23.2,2.2,16.3
2025-04-11 17:42:45,24.2,25.3,24.5,24.9,24.2,25.0,23.6,24.5,26.9,24.0,0,22.7,1.8,16.3
2025-04-11 17:42:50,23.7,24.6,23.7,24.2,23.6,24.3,23.0,23.9,26.2,23.7,0,22.3,1.9,16.3
2025-04-11 17:42:55,23.1,24.0,23.1,23.6,23.1,23.7,22.6,23.5,25.7,23.0,0,21.9,2.1,16.3
2025-04-11 17:43:00,22.5,23.6,22.7,23.0,22.5,23.1,22.0,22.9,25.1,22.7,0,21.4,2.7,16.3
2025-04-11 17:43:05,21.9,22.9,22.1,22.4,21.9,22.5,21.5,22.5,24.7,22.1,0,20.8,2.7,16.3
2025-04-11 17:43:10,21.5,22.5,21.7,22.0,21.5,22.1,21.1,21.9,24.3,21.7,0,20.3,2.5,16.3
2025-04-11 17:43:15,21.1,21.8,21.1,21.9,21.3,21.9,20.8,21.7,23.8,21.2,0,19.9,1.8,16.3
2025-04-11 17:43:20,20.6,21.5,20.7,21.1,20.7,21.2,20.4,21.2,23.3,20.8,0,19.4,2.0,16.3
2025-04-11 17:43:25,20.1,21.0,20.3,20.9,20.4,21.0,20.0,20.7,22.9,20.4,0,18.9,1.7,16.3
2025-04-11 17:43:30,19.7,20.8,19.9,20.4,19.8,20.5,19.5,20.2,22.4,19.9,0,18.5,1.5,16.3
2025-04-11 17:43:35,19.2,20.4,19.6,19.9,19.5,20.1,19.2,19.8,22.1,19.5,0,18.1,1.2,16.3
2025-04-11 17:43:40,19.0,20.0,19.2,19.6,19.0,19.6,18.8,19.5,21.7,19.0,0,17.9,1.1,16.3
2025-04-11 17:43:45,18.6,19.5,18.7,19.1,18.8,19.2,18.4,19.0,21.1,18.8,0,17.4,1.0,16.3
2025-04-11 17:43:50,18.2,19.1,18.5,18.7,18.4,18.7,17.9,18.5,20.6,18.2,0,17.0,1.8,16.3
2025-04-11 17:43:55,17.8,18.7,18.2,18.2,17.8,18.3,17.4,18.3,20.5,18.0,0,16.5,3.4,16.3
2025-04-11 17:44:00,17.5,18.3,17.8,17.8,17.4,17.8,17.1,17.7,20.0,17.6,0,16.2,3.0,16.3
2025-04-11 17:44:05,17.0,17.9,17.5,17.3,17.1,17.4,16.8,17.4,19.5,17.2,0,15.7,2.6,16.3
2025-04-11 17:44:10,16.6,17.6,16.9,17.1,16.8,17.1,16.5,17.1,19.1,16.8,0,15.2,2.0,16.3
2025-04-11 17:44:15,16.3,17.3,16.5,16.6,16.5,16.7,16.2,16.6,18.7,16.4,0,14.8,2.0,16.3
2025-04-11 17:44:20,15.9,17.2,16.4,16.3,16.2,16.4,15.7,16.2,18.3,15.9,0,14.5,3.6,16.3
2025-04-11 17:44:25,15.5,16.6,15.8,15.8,15.7,16.0,15.4,15.9,17.9,15.6,0,14.2,2.1,16.3
2025-04-11 17:44:30,15.2,16.2,15.4,15.5,15.3,15.6,14.9,15.5,17.6,15.2,0,13.8,3.0,16.3
2025-04-11 17:44:35,15.0,16.0,15.1,15.2,14.9,15.2,14.5,15.1,17.1,14.8,0,13.6,2.4,16.3
2025-04-11 17:44:40,14.6,15.7,14.9,14.9,14.5,14.8,14.1,14.7,16.8,14.4,0,13.1,2.6,16.3
2025-04-11 17:44:45,14.2,15.3,14.5,14.5,14.2,14.5,13.8,14.4,16.5,14.1,0,12.9,2.9,16.3
2025-04-11 17:44:50,13.8,15.0,14.2,14.2,13.7,14.1,13.4,14.0,16.0,13.7,0,12.4,3.0,16.3
2025-04-11 17:44:55,13.6,14.6,13.9,13.9,13.4,13.8,13.0,13.6,15.7,13.4,0,12.1,2.8,16.3
2025-04-11 17:45:00,13.3,14.4,13.5,13.4,13.0,13.4,12.7,13.4,15.3,13.1,0,12.0,2.6,16.3
2025-04-11 17:45:05,13.0,14.1,13.1,13.2,12.7,13.0,12.5,13.2,15.1,12.9,0,11.6,2.1,16.3
2025-04-11 17:45:10,12.7,13.8,12.9,12.9,12.5,12.8,12.2,12.7,14.7,12.6,0,11.4,1.5,16.3
2025-04-11 17:45:15,12.4,13.5,12.5,12.6,12.3,12.6,12.0,12.5,14.6,12.3,0,11.0,1.2,16.3
2025-04-11 17:45:20,12.2,13.2,12.4,12.4,12.0,12.2,11.7,12.1,14.3,12.1,0,10.9,1.0,16.3
2025-04-11 17:45:25,11.8,13.0,12.0,12.2,11.9,12.2,11.4,12.1,14.1,11.8,0,10.5,0.8,16.3
2025-04-11 17:45:30,11.6,12.9,11.8,11.8,11.5,11.8,11.4,11.8,13.8,11.5,0,10.4,0.8,16.3
2025-04-11 17:45:35,11.4,12.7,11.5,11.7,11.2,11.6,11.1,11.6,13.7,11.3,0,10.2,1.5,16.3
2025-04-11 17:45:40,11.2,12.5,11.4,11.5,11.2,11.5,11.1,11.4,13.4,11.1,0,10.1,2.1,16.3
2025-04-11 17:45:45,11.0,12.2,11.1,11.2,11.1,11.3,11.0,11.2,13.2,10.9,0,9.9,2.9,16.3
2025-04-11 17:45:50,10.8,12.2,11.0,11.1,10.8,11.1,10.7,11.1,13.1,10.7,0,9.8,3.2,16.3
2025-04-11 17:45:55,10.6,12.0,10.9,11.0,10.6,11.0,10.5,10.9,12.8,10.5,0,9.6,3.6,16.2
2025-04-11 17:46:00,10.5,11.8,10.8,10.9,10.5,10.8,10.3,10.6,12.6,10.4,0,9.3,3.3,16.3
2025-04-11 17:46:05,10.4,11.7,10.5,10.6,10.3,10.6,10.0,10.6,12.6,10.3,0,9.3,4.9,16.3
2025-04-11 17:46:10,10.2,11.5,10.4,10.4,10.1,10.4,9.8,10.3,12.4,10.0,0,9.1,3.4,16.3
2025-04-11 17:46:15,10.1,11.4,10.3,10.2,10.0,10.3,9.6,10.2,12.3,10.0,0,9.0,3.1,16.3
2025-04-11 17:46:20,9.9,11.3,10.3,10.1,9.8,10.1,9.4,10.2,12.1,9.7,0,8.8,3.1,16.3
2025-04-11 17:46:25,9.9,11.2,10.2,10.0,9.6,10.1,9.4,9.9,11.9,9.6,0,8.7,3.4,16.3
2025-04-11 17:46:30,9.7,10.9,9.9,9.8,9.6,10.0,9.4,9.8,11.9,9.5,0,8.8,4.8,16.3
2025-04-11 17:46:35,9.6,10.9,9.9,9.7,9.5,9.8,9.2,9.3,11.6,9.3,0,8.7,5.5,16.3
2025-04-11 17:46:40,9.5,10.7,9.9,9.6,9.4,9.7,9.1,9.1,11.5,9.3,0,8.6,4.9,16.3
2025-04-11 17:46:45,9.4,10.6,9.7,9.5,9.2,9.5,9.0,8.9,11.4,9.2,0,8.5,4.5,16.2
2025-04-11 17:46:50,9.3,10.6,9.6,9.4,9.1,9.4,8.9,8.8,11.2,9.1,0,8.4,5.6,16.3
2025-04-11 17:46:55,9.2,10.5,9.6,9.5,9.0,9.3,8.9,8.7,11.2,9.0,0,8.3,4.7,16.2
2025-04-11 17:47:00,9.1,10.4,9.3,9.1,8.8,9.2,8.7,8.6,11.1,8.9,0,8.2,3.6,16.2
2025-04-11 17:47:05,9.0,10.3,9.2,8.9,8.7,9.1,8.6,8.6,11.0,8.9,0,8.2,3.2,16.2
2025-04-11 17:47:10,8.9,10.3,9.1,8.9,8.6,9.1,8.6,8.5,10.9,8.8,0,8.1,2.3,16.2
2025-04-11 17:47:15,8.9,10.2,9.0,8.8,8.6,9.1,8.5,8.3,10.9,8.7,0,8.1,2.1,16.2
2025-04-11 17:47:20,8.8,10.2,9.1,8.7,8.6,9.3,8.5,8.2,10.7,8.7,0,8.1,2.0,16.2
2025-04-11 17:47:25,8.8,10.1,9.0,8.6,8.6,9.1,8.5,8.0,10.6,8.6,0,8.1,3.3,16.2
2025-04-11 17:47:30,8.7,10.1,9.1,8.5,8.5,9.1,8.5,8.0,10.4,8.6,0,8.1,3.5,16.2
2025-04-11 17:47:35,8.6,10.0,9.1,8.5,8.5,9.0,8.3,7.9,10.3,8.6,0,8.2,3.6,16.2
2025-04-11 17:47:40,8.7,10.0,9.1,8.3,8.4,8.9,8.3,7.8,10.2,8.5,0,8.1,3.1,16.2
2025-04-11 17:47:45,8.7,9.9,9.1,8.3,8.5,9.0,8.2,7.7,10.1,8.5,0,8.1,2.8,16.2
2025-04-11 17:47:50,8.5,9.9,9.1,8.2,8.5,8.9,8.3,7.8,10.1,8.5,0,8.0,2.1,16.2
2025-04-11 17:47:55,8.5,9.8,9.0,8.1,8.5,9.0,8.3,7.8,10.0,8.6,0,8.0,2.7,16.2
2025-04-11 17:48:00,8.4,9.8,9.1,8.3,8.4,8.7,8.2,7.8,10.1,8.6,0,8.0,2.5,16.2
2025-04-11 17:48:05,8.5,9.8,9.1,8.3,8.4,8.4,8.4,7.7,10.0,8.7,0,8.2,2.0,16.2
2025-04-11 17:48:10,8.5,9.8,9.1,8.3,8.5,8.0,8.4,7.6,10.0,8.7,0,8.2,2.1,16.2
2025-04-11 17:48:15,8.6,9.8,9.2,8.4,8.6,7.7,8.4,7.5,10.1,8.8,0,8.2,6.1,16.2
2025-04-11 17:48:20,8.6,9.7,9.3,8.5,8.6,7.6,8.6,7.4,10.1,8.9,0,8.3,5.3,16.2
2025-04-11 17:48:25,8.7,9.9,9.5,8.5,8.8,7.5,8.6,7.5,10.2,9.1,0,8.4,4.9,16.2
2025-04-11 17:48:30,8.9,10.1,9.6,8.7,9.0,7.3,8.8,7.4,10.2,9.2,0,8.4,4.1,16.2
2025-04-11 17:48:35,9.0,10.3,9.7,8.8,9.2,7.2,8.9,7.6,10.3,9.3,0,8.5,3.5,16.2
2025-04-11 17:48:40,9.3,10.4,9.9,8.9,9.2,7.2,9.0,7.7,10.5,9.5,0,8.8,2.9,16.2
2025-04-11 17:48:45,9.4,10.6,10.0,9.1,9.5,7.4,9.4,7.9,10.7,9.6,0,9.0,2.6,16.2
2025-04-11 17:48:50,9.6,10.6,10.1,9.1,9.6,7.4,9.5,8.0,11.0,9.7,0,9.3,5.1,16.2
2025-04-11 17:48:55,9.6,10.7,10.6,7.4,9.9,7.6,9.7,8.4,11.3,9.9,0,9.4,5.8,16.1
2025-04-11 17:49:00,10.0,11.0,10.7,6.7,10.0,7.8,9.9,8.4,11.4,10.1,0,9.7,6.1,16.1
2025-04-11 17:49:05,10.2,11.0,11.0,5.2,10.1,7.8,10.1,8.6,11.6,10.3,0,10.7,5.3,16.1
2025-04-11 17:49:10,10.4,11.2,11.1,4.3,10.4,8.0,10.3,8.7,11.8,10.4,0,10.1,4.1,16.1
2025-04-11 17:49:15,10.6,11.4,11.3,3.2,10.6,8.1,10.8,8.7,11.9,10.5,0,10.1,3.9,16.1
2025-04-11 17:49:20,10.6,11.5,11.6,2.7,10.9,8.1,11.3,8.9,11.8,10.8,0,10.2,3.7,16.1
2025-04-11 17:49:25,10.8,11.7,11.8,1.9,10.9,8.3,11.2,9.0,11.9,10.9,0,10.4,4.0,16.1
2025-04-11 17:49:30,11.0,11.9,12.1,1.7,10.3,8.5,11.4,9.1,11.8,11.1,0,10.4,3.4,16.1
2025-04-11 17:49:35,11.2,12.0,12.2,1.5,9.9,8.7,11.6,9.3,11.8,11.3,0,10.3,4.1,16.1
2025-04-11 17:49:40,11.4,12.0,12.3,1.5,9.8,8.9,11.7,9.4,12.0,11.4,0,10.2,4.6,16.1
2025-04-11 17:49:45,11.6,12.1,12.5,1.3,9.4,9.1,11.8,9.7,12.2,11.6,0,10.3,5.2,16.1
2025-04-11 17:49:50,11.7,12.3,12.6,1.1,9.2,9.4,11.9,10.0,12.2,11.8,0,10.4,3.8,16.1
2025-04-11 17:49:55,12.0,12.5,12.9,1.1,9.1,9.5,12.0,10.2,12.2,11.9,0,10.5,3.2,16.1
2025-04-11 17:50:00,12.0,12.6,13.0,1.5,9.1,10.0,12.2,10.2,12.5,12.1,0,10.7,4.4,16.1
2025-04-11 17:50:05,11.8,12.7,13.2,1.5,8.9,10.3,12.6,10.4,12.6,12.3,0,10.9,3.7,16.1
2025-04-11 17:50:10,11.5,13.0,13.5,1.5,8.6,10.4,12.8,10.5,12.7,12.6,0,11.1,4.0,16.1
2025-04-11 17:50:15,11.4,13.2,13.8,1.4,8.3,10.7,13.2,10.8,12.9,12.8,0,11.4,4.3,16.1
2025-04-11 17:50:20,11.3,13.6,13.9,1.6,8.3,10.8,13.3,11.1,13.1,13.0,0,11.5,3.8,16.0
2025-04-11 17:50:25,11.2,13.8,14.3,1.8,8.2,11.1,13.9,11.5,13.6,13.2,0,11.7,5.1,16.0
2025-04-11 17:50:30,11.2,13.9,14.7,2.1,8.1,11.5,14.2,11.7,13.7,13.5,0,12.0,5.7,16.0
2025-04-11 17:50:35,11.3,14.0,15.0,2.3,8.0,11.8,14.4,12.1,14.0,13.8,0,12.3,4.2,16.0
2025-04-11 17:50:40,11.5,14.1,15.3,2.6,8.0,12.0,14.5,12.3,14.2,14.0,0,12.5,4.3,16.0
2025-04-11 17:50:45,11.5,14.3,15.4,2.7,8.0,12.3,14.7,12.6,14.5,14.3,0,12.9,4.3,16.0
2025-04-11 17:50:50,11.9,14.6,15.7,3.3,7.9,12.7,15.0,13.0,15.0,14.6,0,13.1,3.3,16.0
2025-04-11 17:50:55,12.0,14.9,15.9,3.9,8.1,13.0,15.4,13.1,15.2,14.9,0,13.4,3.2,16.0
2025-04-11 17:51:00,12.2,15.0,16.2,4.1,8.2,13.6,15.7,13.7,15.6,15.3,0,14.0,3.2,16.0
2025-04-11 17:51:05,12.8,15.5,16.8,4.4,8.4,13.9,16.0,14.1,15.9,15.6,0,14.5,2.4,16.0
2025-04-11 17:51:10,12.9,15.7,17.1,5.0,8.9,15.0,16.5,14.3,16.2,15.8,0,14.7,2.3,16.0
2025-04-11 17:51:15,13.4,15.3,17.4,5.7,8.9,15.2,17.0,14.7,16.6,16.3,0,15.2,3.0,16.0
2025-04-11 17:51:20,13.8,14.9,17.8,6.1,9.2,15.0,17.4,15.1,17.1,16.6,0,15.2,2.6,16.0
2025-04-11 17:51:25,13.8,14.5,18.3,6.7,9.4,14.9,17.8,16.0,17.2,16.8,0,15.4,2.4,16.0
2025-04-11 17:51:30,13.8,13.9,18.6,7.1,9.4,15.0,18.1,16.1,17.9,17.1,0,14.8,2.3,16.0
2025-04-11 17:51:35,14.0,13.4,19.0,7.6,9.7,15.5,18.6,16.7,18.0,17.2,0,14.6,2.2,16.0
2025-04-11 17:51:40,14.5,12.8,19.2,8.4,10.1,15.7,19.0,17.0,18.1,17.5,0,14.2,2.5,16.0
2025-04-11 17:51:45,14.7,12.6,19.1,9.1,10.3,16.2,19.3,17.2,18.0,17.7,0,14.3,2.4,16.0
2025-04-11 17:51:50,15.0,12.4,19.0,9.3,10.5,16.0,19.3,17.3,18.0,17.9,0,14.1,2.6,16.0
2025-04-11 17:51:55,15.3,12.3,19.1,9.8,10.7,16.1,19.6,16.8,17.8,18.1,0,13.4,2.4,15.9
2025-04-11 17:52:00,15.4,12.2,19.4,10.3,10.9,16.7,19.7,17.3,17.8,18.4,0,13.0,3.9,15.9
2025-04-11 17:52:05,15.7,12.2,20.0,10.1,11.4,17.2,19.5,17.1,17.5,18.6,0,12.8,3.9,15.9
2025-04-11 17:52:10,16.6,12.1,19.9,10.2,11.6,17.2,19.1,17.1,17.5,19.1,0,12.5,3.7,15.9
2025-04-11 17:52:15,16.8,12.3,20.3,10.3,12.5,17.8,18.9,16.9,17.4,19.3,0,12.9,3.4,15.9
2025-04-11 17:52:20,16.8,12.4,20.5,10.5,12.7,17.7,18.8,16.9,17.2,19.8,0,12.7,3.5,15.9
2025-04-11 17:52:25,16.8,12.4,20.7,10.6,12.7,17.6,18.7,16.3,17.4,19.9,0,12.9,3.8,15.9
2025-04-11 17:52:30,17.2,12.5,21.0,10.9,13.4,17.6,18.7,16.5,17.4,20.3,0,13.1,3.8,15.9
2025-04-11 17:52:35,17.3,12.9,21.2,11.2,13.2,17.9,19.0,16.8,17.6,20.6,0,13.0,3.4,15.9
2025-04-11 17:52:40,17.4,13.3,20.8,11.8,14.0,18.0,18.9,16.5,17.9,20.7,0,13.4,3.0,15.9
2025-04-11 17:52:45,17.1,13.4,20.6,12.0,14.5,18.1,18.8,16.8,18.0,20.9,0,13.3,2.9,15.9
2025-04-11 17:52:50,17.3,13.5,20.9,12.1,15.3,18.0,19.2,16.3,18.4,21.0,0,13.1,3.4,15.9
2025-04-11 17:52:55,17.5,13.7,21.1,12.0,15.5,17.8,19.1,16.8,18.7,21.2,0,13.0,3.7,15.9
2025-04-11 17:53:00,17.9,13.9,20.9,12.0,16.0,18.3,18.8,16.3,19.1,21.2,0,12.9,3.9,15.9
2025-04-11 17:53:05,18.0,14.2,20.3,12.8,15.9,18.5,19.0,16.8,19.0,21.2,0,13.0,4.8,15.9
2025-04-11 17:53:10,18.4,13.9,19.9,13.0,15.8,18.7,19.4,16.5,18.9,21.2,0,13.1,4.5,15.9
2025-04-11 17:53:15,19.0,14.0,19.5,13.4,16.1,18.6,19.3,16.3,18.9,21.2,0,13.0,3.8,15.8
2025-04-11 17:53:20,19.0,14.2,19.7,13.4,16.4,18.4,18.2,16.8,18.8,21.2,0,13.1,5.0,15.8
2025-04-11 17:53:25,18.7,14.4,20.2,13.2,16.5,17.8,18.4,16.5,19.2,21.3,0,13.1,4.8,15.8
2025-04-11 17:53:30,18.7,14.5,19.7,13.3,16.1,17.6,18.7,16.3,19.0,21.3,0,12.4,4.0,15.8
2025-04-11 17:53:35,18.9,15.0,19.0,13.6,16.5,17.7,18.5,16.4,19.1,21.3,0,12.0,3.0,15.8
2025-04-11 17:53:40,18.9,15.2,18.5,14.0,16.8,17.6,18.2,16.6,19.2,21.3,0,11.8,3.2,15.8
2025-04-11 17:53:45,19.3,15.5,18.5,14.3,17.1,17.9,18.1,16.7,19.3,21.4,0,11.6,2.7,15.7
2025-04-11 17:53:50,19.0,16.0,18.1,14.3,17.0,18.0,18.1,16.7,19.3,21.4,0,11.9,2.9,15.7
2025-04-11 17:53:55,18.9,16.3,17.7,14.3,17.0,17.8,18.4,17.0,19.3,21.5,0,11.9,2.5,15.7
2025-04-11 17:54:00,19.0,16.1,17.5,14.6,16.9,17.8,18.4,17.0,19.4,21.5,0,12.0,2.2,15.7
2025-04-11 17:54:05,19.4,16.0,17.6,15.1,17.4,17.8,18.4,17.3,19.9,21.6,0,12.6,1.9,15.7
2025-04-11 17:54:10,19.6,15.9,17.6,15.1,17.8,18.5,18.9,17.6,19.8,21.6,0,12.9,2.3,15.7
2025-04-11 17:54:15,19.8,15.8,17.3,15.3,17.9,18.8,19.0,17.9,19.8,21.6,0,13.5,2.4,15.6
2025-04-11 17:54:20,19.8,16.0,17.2,15.4,18.2,18.7,19.0,18.1,20.0,21.7,0,13.7,2.9,15.6
2025-04-11 17:54:25,19.9,15.9,17.1,15.4,18.3,18.7,19.2,18.0,20.2,21.7,0,13.9,3.7,15.6
2025-04-11 17:54:30,20.2,16.1,17.3,15.4,18.8,19.1,19.4,18.0,20.4,21.7,0,14.2,4.1,15.6
2025-04-11 17:54:35,20.6,16.2,17.2,16.0,18.8,19.0,19.4,17.9,20.3,21.8,0,14.2,3.8,15.6
2025-04-11 17:54:40,20.6,16.2,17.2,15.8,18.8,19.1,19.6,18.2,20.5,21.8,0,14.1,3.6,15.5
2025-04-11 17:54:45,20.9,16.5,17.3,16.3,18.8,19.0,19.8,18.4,20.4,21.8,0,14.0,3.8,15.5
2025-04-11 17:54:50,21.1,16.6,17.5,16.6,18.9,19.0,19.9,18.5,20.7,21.9,0,14.5,3.7,15.4
2025-04-11 17:54:55,21.5,16.8,17.8,16.7,19.1,19.4,19.8,18.5,20.7,21.9,0,14.6,4.3,15.4
2025-04-11 17:55:00,21.5,16.9,17.9,16.8,19.2,19.5,19.8,18.5,21.0,22.0,0,15.0,3.4,15.4
2025-04-11 17:55:05,21.6,17.2,18.1,17.2,19.7,19.8,20.0,18.8,21.2,22.0,0,14.9,3.1,15.3
2025-04-11 17:55:10,21.7,17.3,18.3,17.1,20.1,19.9,20.7,19.3,21.1,22.0,0,15.1,3.1,15.3
2025-04-11 17:55:15,21.9,17.6,18.5,17.3,20.3,20.2,20.8,19.1,21.2,22.0,0,15.1,2.6,15.3
2025-04-11 17:55:20,22.3,17.6,19.0,17.0,20.4,20.4,21.1,19.2,21.4,22.0,0,15.3,3.3,15.2
2025-04-11 17:55:25,22.7,17.7,18.8,17.2,20.6,20.7,20.9,19.6,21.5,22.1,0,15.2,3.5,15.2
2025-04-11 17:55:30,22.7,17.8,19.3,17.5,20.6,20.8,20.9,19.9,21.3,22.1,0,15.4,3.2,15.2
2025-04-11 17:55:35,22.7,17.8,19.1,17.7,20.7,21.1,21.3,20.2,21.5,22.0,0,15.7,3.9,15.2
2025-04-11 17:55:40,22.9,17.8,19.1,18.0,20.8,21.3,21.5,20.2,21.4,22.0,0,15.9,4.1,15.2
2025-04-11 17:55:45,23.1,18.2,19.2,18.2,21.0,21.3,21.7,20.1,21.6,22.0,0,16.4,4.0,15.1
2025-04-11 17:55:50,23.2,18.4,19.0,18.4,20.9,21.5,21.8,20.3,21.7,22.0,0,16.3,3.6,15.1
2025-04-11 17:55:55,23.1,18.6,18.8,18.4,21.0,21.5,21.8,20.5,21.7,22.0,0,16.5,5.6,15.1
2025-04-11 17:56:00,23.1,18.8,18.8,18.6,21.3,21.5,21.7,20.6,21.7,21.9,0,16.8,2.1,15.1
2025-04-11 17:56:05,23.0,19.3,18.9,18.7,21.5,21.8,22.0,20.7,21.7,21.9,0,16.9,1.7,15.0
2025-04-11 17:56:10,23.1,19.6,19.2,19.0,21.6,21.8,22.1,20.8,21.9,21.9,0,17.2,1.5,15.0
2025-04-11 17:56:15,23.2,19.7,19.6,19.3,21.6,22.0,22.2,21.0,22.0,22.0,0,17.2,1.7,15.0
2025-04-11 17:56:20,23.0,20.0,19.8,19.2,21.7,22.1,22.4,21.2,22.2,22.0,0,17.5,1.9,15.0
2025-04-11 17:56:25,23.5,20.0,19.9,19.5,22.0,22.3,22.6,21.2,22.4,22.0,0,17.5,2.2,14.9
2025-04-11 17:56:30,23.6,20.1,20.1,20.1,22.1,22.4,22.5,21.2,22.4,22.0,0,17.6,2.2,14.9
2025-04-11 17:56:35,23.9,20.3,20.2,20.3,22.1,22.5,22.8,21.3,22.6,22.1,0,17.9,2.2,14.8
2025-04-11 17:56:40,24.0,20.5,20.4,20.2,22.3,22.6,22.8,21.5,22.7,22.1,0,18.1,1.8,14.8
2025-04-11 17:56:45,24.1,20.5,20.8,20.3,22.5,22.8,22.9,21.4,22.9,22.1,0,18.1,1.7,14.8
2025-04-11 17:56:50,24.5,20.5,20.8,20.1,22.5,22.9,23.1,21.7,23.1,22.1,0,18.4,1.3,14.7
2025-04-11 17:56:55,24.6,20.5,20.8,20.2,22.6,23.1,23.1,21.7,23.0,22.2,0,18.5,1.2,14.7
2025-04-11 17:57:00,24.6,20.7,20.9,20.1,22.6,23.2,22.9,21.8,23.2,22.2,0,18.7,1.8,14.7
2025-04-11 17:57:05,24.5,20.9,21.2,20.2,22.4,23.4,23.0,21.9,23.0,22.2,0,18.6,2.2,14.7
2025-04-11 17:57:10,24.8,21.0,21.3,20.3,22.4,23.7,23.2,22.2,23.1,22.2,0,18.6,2.2,14.6
2025-04-11 17:57:15,25.0,20.9,21.4,20.7,22.5,23.8,23.1,22.5,23.1,22.3,0,18.9,2.0,14.6
2025-04-11 17:57:20,25.0,21.1,21.3,20.8,22.6,24.0,23.3,22.6,23.3,22.3,0,18.8,1.7,14.6
2025-04-11 17:57:25,25.3,21.2,21.3,20.9,22.8,23.9,23.4,22.6,23.3,22.3,0,19.0,1.5,14.6
2025-04-11 17:57:30,25.2,21.3,21.2,20.8,23.0,24.0,23.5,22.8,23.7,22.4,0,19.2,1.4,14.6
2025-04-11 17:57:35,25.1,21.3,21.4,21.1,23.1,24.1,23.6,23.1,23.8,22.4,0,19.3,1.5,14.5
2025-04-11 17:57:40,25.3,21.4,21.3,20.9,23.3,24.2,23.7,22.9,23.9,22.4,0,19.3,1.2,14.5
2025-04-11 17:57:45,25.4,21.3,21.6,21.4,23.6,24.5,23.9,22.8,23.9,22.4,0,19.5,1.3,14.5
2025-04-11 17:57:50,25.3,21.3,21.7,21.6,23.7,24.5,24.0,23.0,23.9,22.4,0,19.7,1.9,14.4
2025-04-11 17:57:55,25.5,21.4,21.8,21.6,23.7,24.4,23.9,23.1,23.9,22.4,0,19.6,2.2,14.4
2025-04-11 17:58:00,25.6,21.5,22.2,21.5,23.9,24.6,23.9,23.1,24.0,22.5,0,19.6,2.0,14.4
2025-04-11 17:58:05,25.7,21.5,22.3,21.5,23.9,24.6,23.7,23.1,23.9,22.5,0,19.5,2.7,14.4
2025-04-11 17:58:10,25.7,21.8,22.4,21.4,23.7,24.4,23.7,23.0,24.1,22.5,0,19.6,3.9,14.4
2025-04-11 17:58:15,26.0,21.9,22.6,21.6,23.6,24.4,23.9,22.9,24.1,22.4,0,19.5,3.9,14.3
2025-04-11 17:58:20,25.9,21.9,22.3,21.6,23.7,24.3,24.0,23.0,24.0,22.4,0,19.4,2.9,14.3
2025-04-11 17:58:25,25.9,22.0,22.1,21.7,23.9,24.3,24.0,23.1,24.0,22.4,0,19.3,3.1,14.3
2025-04-11 17:58:30,26.0,22.0,21.8,21.8,23.8,24.3,24.1,23.0,24.0,22.4,0,19.3,3.0,14.3
2025-04-11 17:58:35,25.9,22.1,22.0,22.0,23.7,24.3,24.0,23.1,24.2,22.4,0,19.5,2.7,14.3
2025-04-11 17:58:40,25.9,22.3,21.8,21.8,23.7,24.3,24.0,23.2,24.0,22.4,0,19.4,2.8,14.3
2025-04-11 17:58:45,25.8,22.2,21.7,21.8,23.8,24.5,24.1,23.3,24.0,22.4,0,19.3,3.5,14.2
2025-04-11 17:58:50,26.0,22.1,21.9,22.2,23.8,24.7,24.2,23.4,24.1,22.4,0,19.4,2.6,14.2
2025-04-11 17:58:55,26.1,22.3,22.2,22.4,23.7,24.7,24.5,23.4,24.2,22.4,0,19.5,3.1,14.2
2025-04-11 17:59:00,26.0,22.3,22.0,22.2,23.6,24.6,24.3,23.7,24.3,22.4,0,19.4,3.1,14.2
2025-04-11 17:59:05,25.9,22.2,22.2,22.2,23.8,24.5,24.4,23.5,24.4,22.5,0,19.4,3.8,14.2
2025-04-11 17:59:10,26.1,22.2,22.0,22.5,23.9,24.6,24.5,23.5,24.5,22.5,0,19.4,4.8,14.1
2025-04-11 17:59:15,26.0,22.3,22.3,22.6,23.9,24.7,24.5,23.6,24.7,22.5,0,19.4,5.2,14.1
2025-04-11 17:59:20,26.0,22.3,22.1,22.6,24.0,24.6,24.6,23.6,24.8,22.5,0,19.5,5.0,14.1
2025-04-11 17:59:25,25.9,22.4,22.1,22.5,23.9,24.8,24.7,23.9,24.9,22.5,0,19.4,3.5,14.1
2025-04-11 17:59:30,26.0,22.5,22.0,22.5,23.9,24.9,24.7,24.1,24.9,22.5,0,19.4,3.0,14.0
2025-04-11 17:59:35,26.1,22.7,22.1,22.6,24.0,25.0,24.8,23.9,24.9,22.5,0,19.4,2.3,14.0
2025-04-11 17:59:40,26.1,22.8,22.2,22.6,24.3,25.1,24.8,23.9,24.9,22.5,0,19.4,3.7,14.0
2025-04-11 17:59:45,25.9,22.9,22.4,22.6,24.3,25.1,24.7,23.9,24.9,22.4,0,19.5,4.0,14.0
2025-04-11 17:59:50,26.1,22.8,22.7,22.7,24.1,25.1,24.8,23.7,24.9,22.4,0,19.5,4.2,14.0
2025-04-11 17:59:55,26.3,22.8,22.6,22.8,24.2,25.0,24.8,23.7,24.9,22.4,0,19.6,3.5,13.9
2025-04-11 18:00:00,26.2,22.8,22.7,22.8,24.3,25.0,24.6,23.9,24.9,22.3,0,19.6,3.3,13.9
2025-04-11 18:00:05,26.2,22.8,22.8,22.8,24.2,25.0,24.5,24.0,24.9,22.3,0,19.6,3.3,13.9
2025-04-11 18:00:10,26.3,22.7,22.9,22.8,24.3,25.0,24.6,24.0,25.0,22.3,0,19.6,3.2,13.9
2025-04-11 18:00:15,26.3,22.7,22.6,22.7,24.4,25.0,24.6,23.8,24.9,22.3,0,19.7,4.6,13.9
2025-04-11 18:00:20,26.3,22.7,22.8,22.8,24.5,25.0,24.8,24.0,24.8,22.3,0,19.7,4.7,13.9
2025-04-11 18:00:25,26.4,22.8,22.9,22.8,24.4,25.0,24.8,23.8,24.7,22.3,0,19.8,5.8,13.9
2025-04-11 18:00:30,26.3,22.7,22.8,22.8,24.6,25.1,24.9,23.7,24.7,22.2,0,19.9,5.5,13.8
2025-04-11 18:00:35,26.2,22.8,22.7,23.0,24.7,24.9,24.8,23.5,24.7,22.2,0,19.9,4.8,13.8
2025-04-11 18:00:40,26.2,22.8,22.5,22.9,24.8,24.8,24.8,23.5,24.7,22.2,0,19.9,4.6,13.8
2025-04-11 18:00:45,26.1,22.8,22.5,22.8,24.4,24.7,24.7,23.5,24.7,22.1,0,19.8,5.5,13.8
2025-04-11 18:00:50,26.1,22.7,22.5,22.7,24.3,24.6,24.7,23.4,24.7,22.1,0,19.7,4.9,13.8
2025-04-11 18:00:55,25.9,22.7,22.4,22.4,24.5,24.5,24.7,23.5,24.6,22.1,0,19.7,4.3,13.8
2025-04-11 18:01:00,26.0,22.6,22.5,22.5,24.6,24.6,24.7,23.5,24.6,22.1,0,19.6,4.2,13.8
2025-04-11 18:01:05,25.9,22.5,22.6,22.6,24.5,24.6,24.7,23.6,24.5,22.0,0,19.6,3.2,13.7
2025-04-11 18:01:10,25.8,22.5,22.5,22.5,24.4,24.5,24.7,23.6,24.5,22.0,0,19.7,3.6,13.7
2025-04-11 18:01:15,25.9,22.4,22.7,22.5,24.4,24.8,24.6,23.6,24.7,22.0,0,19.9,5.1,13.7
2025-04-11 18:01:20,26.1,22.3,22.8,22.8,24.3,24.7,24.7,23.8,24.6,22.0,0,19.9,5.8,13.7
2025-04-11 18:01:25,26.1,22.3,22.9,22.6,24.3,24.6,24.6,24.0,24.6,22.1,0,19.9,4.1,13.6
2025-04-11 18:01:30,26.1,22.4,23.0,22.4,24.4,24.6,24.6,23.9,24.6,22.1,0,19.8,3.8,13.6
2025-04-11 18:01:35,26.2,22.4,23.0,22.3,24.2,24.5,24.5,23.9,24.7,22.1,0,19.7,6.1,13.6
2025-04-11 18:01:40,26.1,22.5,22.9,22.4,24.2,24.5,24.6,24.2,24.5,22.1,0,19.7,5.8,13.6
2025-04-11 18:01:45,26.4,22.6,22.8,22.3,24.2,24.6,24.7,24.1,24.5,22.2,0,19.8,3.9,13.6
2025-04-11 18:01:50,26.4,22.5,22.9,22.4,24.2,24.7,24.8,23.9,24.5,22.2,0,19.8,4.0,13.6
2025-04-11 18:01:55,26.3,22.5,23.0,22.5,24.2,24.7,24.8,23.9,24.6,22.2,0,19.8,4.0,13.6
2025-04-11 18:02:00,26.3,22.5,22.9,22.6,24.2,24.8,24.9,24.1,24.6,22.2,0,19.8,4.6,13.6
2025-04-11 18:02:05,26.3,22.5,22.6,22.6,24.2,24.7,24.8,24.0,24.6,22.2,0,19.9,4.4,13.5
2025-04-11 18:02:10,26.2,22.6,22.6,22.6,24.3,24.7,24.8,24.0,24.6,22.2,0,20.0,3.3,13.5
2025-04-11 18:02:15,26.1,22.6,22.7,22.8,24.3,24.6,25.1,23.9,24.6,22.2,0,20.1,3.8,13.5
2025-04-11 18:02:20,26.0,22.7,22.7,22.6,24.2,24.7,25.0,23.9,24.5,22.2,0,20.1,4.1,13.5
2025-04-11 18:02:25,26.0,22.6,22.6,22.8,24.1,24.7,24.8,23.8,24.4,22.1,0,20.1,3.2,13.5
2025-04-11 18:02:30,26.1,22.7,22.7,22.6,24.1,24.7,24.7,23.9,24.5,22.1,0,20.1,3.1,13.5
2025-04-11 18:02:35,26.1,22.7,22.8,22.7,24.0,24.7,24.5,24.1,24.5,22.1,0,20.1,3.0,13.5
2025-04-11 18:02:40,26.0,22.7,22.8,22.5,23.9,24.6,24.5,23.9,24.4,22.1,0,20.1,3.5,13.4
2025-04-11 18:02:45,26.1,22.7,22.7,22.6,23.8,24.6,24.5,23.8,24.4,22.1,0,19.9,4.7,13.4
2025-04-11 18:02:50,26.0,22.4,22.7,22.6,23.7,24.3,24.6,23.8,24.4,22.1,0,19.8,4.0,13.4
2025-04-11 18:02:55,26.0,22.4,22.7,22.6,23.6,24.3,24.5,23.8,24.5,22.1,0,19.7,3.2,13.4
2025-04-11 18:03:00,25.9,22.4,22.6,22.5,23.7,24.3,24.4,23.9,24.4,22.0,0,19.8,5.0,13.4
2025-04-11 18:03:05,25.8,22.4,22.6,22.6,23.7,24.4,24.6,23.8,24.3,22.0,0,19.7,6.0,13.4
2025-04-11 18:03:10,25.6,22.4,22.7,22.7,23.7,24.2,24.7,23.8,24.3,22.0,0,19.6,6.0,13.4
2025-04-11 18:03:15,25.5,22.4,22.6,22.5,23.7,24.1,24.7,23.8,24.3,21.9,0,19.5,5.7,13.4
2025-04-11 18:03:20,25.6,22.3,22.5,22.3,23.7,24.0,24.6,23.7,24.4,21.9,0,19.4,5.6,13.3
2025-04-11 18:03:25,25.6,22.2,22.5,22.3,23.6,24.0,24.6,23.6,24.3,21.9,0,19.4,5.3,13.3
2025-04-11 18:03:30,25.5,22.2,22.4,22.3,23.4,24.0,24.6,23.6,24.3,21.9,0,19.2,4.5,13.3
2025-04-11 18:03:35,25.4,22.2,22.5,22.2,23.5,24.0,24.5,23.6,24.2,21.8,0,19.2,3.5,13.3
2025-04-11 18:03:40,25.2,22.2,22.5,22.2,23.3,23.9,24.5,23.5,24.2,21.8,0,19.2,3.0,13.3
2025-04-11 18:03:45,25.0,22.3,22.2,22.2,23.4,23.9,24.4,23.6,24.1,21.8,0,19.2,2.4,13.3
2025-04-11 18:03:50,24.5,22.2,21.9,22.2,23.4,23.9,24.2,23.4,24.0,21.8,0,19.3,2.1,13.3
2025-04-11 18:03:55,24.9,22.0,22.1,22.0,23.3,23.9,24.1,23.4,23.9,21.8,0,19.4,2.2,13.3
2025-04-11 18:04:00,24.9,22.1,22.2,22.1,23.3,23.8,24.1,23.3,23.9,21.8,0,19.3,2.8,13.2
2025-04-11 18:04:05,25.0,22.2,22.3,22.1,23.4,23.9,24.0,23.3,23.9,21.8,0,19.4,3.2,13.2
2025-04-11 18:04:10,25.2,22.1,22.3,22.1,23.3,24.0,24.1,23.5,23.9,21.8,0,19.4,3.2,13.2
2025-04-11 18:04:15,25.2,22.0,22.3,22.3,23.3,24.0,24.2,23.5,23.9,21.8,0,19.5,2.8,13.2
2025-04-11 18:04:20,25.1,22.1,22.2,22.3,23.3,24.1,24.2,23.5,23.9,21.8,0,19.5,2.9,13.2
2025-04-11 18:04:25,25.1,22.1,22.3,22.4,23.3,24.1,24.2,23.6,23.9,21.9,0,19.7,3.0,13.2
2025-04-11 18:04:30,25.0,22.0,22.6,22.5,23.4,24.2,24.1,23.6,24.1,21.9,0,19.7,2.3,13.2
2025-04-11 18:04:35,25.2,22.1,22.6,22.6,23.4,24.3,24.3,23.7,24.1,21.9,0,19.8,2.2,13.2
2025-04-11 18:04:40,25.5,22.0,22.6,22.7,23.4,24.4,24.2,23.8,24.2,22.0,0,19.9,2.8,13.2
2025-04-11 18:04:45,25.5,22.0,22.7,22.8,23.5,24.5,24.3,23.9,24.3,22.0,0,20.0,2.2,13.1
2025-04-11 18:04:50,25.6,22.0,22.7,23.0,23.4,24.5,24.4,23.9,24.3,22.1,0,20.1,1.7,13.1
2025-04-11 18:04:55,25.5,21.9,22.7,23.1,23.6,24.6,24.5,24.0,24.5,22.1,0,20.1,2.7,13.1
2025-04-11 18:05:00,25.5,21.9,22.8,23.4,23.6,24.6,24.5,24.0,24.5,22.2,0,20.2,3.4,13.1
2025-04-11 18:05:05,25.6,22.0,23.0,23.3,23.7,24.7,24.5,24.1,24.5,22.2,0,20.3,3.2,13.1
2025-04-11 18:05:10,25.6,22.0,23.1,23.2,23.6,24.6,24.6,24.2,24.6,22.2,0,20.3,2.9,13.1
2025-04-11 18:05:15,25.8,22.2,23.1,23.1,23.7,24.7,24.6,24.2,24.8,22.3,0,20.4,3.0,13.1
2025-04-11 18:05:20,25.8,22.2,23.0,23.1,23.9,24.8,24.5,24.5,24.9,22.3,0,20.4,3.5,13.1
2025-04-11 18:05:25,25.8,22.3,22.9,23.1,23.9,25.0,24.7,24.5,24.9,22.4,0,20.3,3.7,13.1
2025-04-11 18:05:30,25.8,22.4,23.1,23.3,23.9,25.0,24.8,24.6,25.0,22.4,0,20.3,3.2,13.1
2025-04-11 18:05:35,25.9,22.6,23.1,23.4,24.1,25.0,24.9,24.7,25.0,22.5,0,20.4,3.0,13.1
2025-04-11 18:05:40,25.9,22.6,23.0,23.5,24.1,25.0,24.9,24.9,25.1,22.5,0,20.4,4.2,13.1
2025-04-11 18:05:45,26.0,22.7,23.2,23.6,24.1,24.9,24.8,24.8,25.1,22.6,0,20.5,4.8,13.1
2025-04-11 18:05:50,25.9,22.7,23.2,23.5,24.2,24.8,24.9,24.9,25.1,22.6,0,20.5,4.3,13.1
2025-04-11 18:05:55,25.9,22.7,23.1,23.6,24.3,24.8,24.8,24.8,25.3,22.7,0,20.4,4.0,13.1
2025-04-11 18:06:00,26.0,22.8,23.2,23.6,24.2,24.8,24.8,24.8,25.2,22.8,0,20.4,3.7,13.1
2025-04-11 18:06:05,26.1,22.9,23.1,23.5,24.2,24.9,24.8,24.8,25.2,22.8,0,20.4,3.9,13.0
2025-04-11 18:06:10,26.2,22.9,23.1,23.4,24.2,24.9,24.8,24.8,25.3,22.8,0,20.5,3.6,13.0
2025-04-11 18:06:15,26.2,22.9,23.2,23.4,24.2,24.9,24.8,24.6,25.2,22.9,0,20.5,4.0,13.0
2025-04-11 18:06:20,26.1,23.1,23.2,23.5,24.2,25.0,25.0,24.5,25.3,22.9,0,20.5,3.3,13.0
2025-04-11 18:06:25,26.1,23.3,23.2,23.6,24.2,25.0,25.0,24.5,25.4,22.9,0,20.5,4.4,13.0
2025-04-11 18:06:30,26.1,23.3,23.3,23.5,24.0,24.9,24.9,24.4,25.3,22.9,0,20.4,5.6,13.0
2025-04-11 18:06:35,26.1,23.4,23.3,23.5,24.0,24.8,24.8,24.3,25.3,22.9,0,20.5,5.5,13.0
2025-04-11 18:06:40,26.0,23.4,23.2,23.4,23.9,24.8,24.7,24.4,25.3,23.0,0,20.4,5.5,13.0
2025-04-11 18:06:45,26.0,23.4,23.1,23.4,23.9,24.7,24.7,24.5,25.3,22.9,0,20.4,5.1,13.0
2025-04-11 18:06:50,25.9,23.5,23.2,23.4,23.9,24.8,24.7,24.3,25.3,23.0,0,20.4,4.5,13.0
2025-04-11 18:06:55,25.9,23.5,23.1,23.3,24.0,24.7,24.7,24.3,25.3,23.0,0,20.5,4.5,13.0
2025-04-11 18:07:00,25.9,23.7,23.1,23.4,23.9,24.8,24.6,24.3,25.4,23.0,0,20.4,4.3,13.0
2025-04-11 18:07:05,25.8,23.6,23.1,23.5,23.8,24.8,24.7,24.3,25.4,23.0,0,20.5,4.5,13.0
2025-04-11 18:07:10,25.8,23.6,23.2,23.8,23.9,24.9,24.7,24.3,25.4,23.0,0,20.7,4.5,13.0
2025-04-11 18:07:15,25.7,23.6,23.1,23.8,23.9,24.9,24.7,24.2,25.3,22.9,0,20.9,3.8,13.0
2025-04-11 18:07:20,25.8,23.5,23.1,23.6,23.8,24.8,24.6,24.3,25.4,22.9,0,20.9,4.3,13.0
2025-04-11 18:07:25,26.0,23.5,23.1,23.6,23.8,24.8,24.6,24.2,25.3,23.0,0,20.9,4.4,13.0
2025-04-11 18:07:30,25.9,23.3,23.2,23.3,23.9,24.6,24.6,24.2,25.4,22.9,0,20.8,4.5,12.9
2025-04-11 18:07:35,25.8,23.1,23.1,23.2,24.0,24.6,24.6,24.1,25.4,23.0,0,20.9,5.5,12.9
2025-04-11 18:07:40,25.6,22.9,23.2,23.2,23.8,24.7,24.6,24.0,25.4,23.0,0,20.8,4.4,12.9
2025-04-11 18:07:45,25.5,22.9,23.1,23.1,23.7,24.6,24.6,24.1,25.4,23.0,0,20.9,4.0,12.9
2025-04-11 18:07:50,25.5,22.9,23.2,23.1,23.6,24.7,24.6,24.1,25.3,23.0,0,21.0,3.4,12.9
2025-04-11 18:07:55,25.5,22.8,23.2,23.3,23.6,24.7,24.6,24.2,25.2,23.0,0,21.1,3.2,12.9
2025-04-11 18:08:00,25.6,22.7,23.2,23.4,23.6,24.7,24.6,24.3,25.1,23.0,0,21.2,3.6,12.9
2025-04-11 18:08:05,25.5,22.7,23.2,23.4,23.7,24.8,24.6,24.3,25.2,23.0,0,21.3,3.1,12.9
2025-04-11 18:08:10,25.5,22.7,23.3,23.4,23.8,24.8,24.5,24.4,25.2,23.0,0,21.3,3.9,12.9
2025-04-11 18:08:15,25.6,22.7,23.4,23.5,23.8,25.1,24.5,24.4,25.2,23.0,0,21.6,3.3,12.9
2025-04-11 18:08:20,25.6,22.7,23.5,23.4,23.9,25.0,24.6,24.4,25.0,23.0,0,21.6,2.9,12.9
2025-04-11 18:08:25,25.6,22.7,23.6,23.6,24.0,25.0,24.5,24.5,25.0,23.0,0,21.6,2.4,12.9
2025-04-11 18:08:30,25.7,22.7,23.6,23.6,24.0,24.9,24.5,24.6,25.1,23.0,0,21.8,2.4,12.9
2025-04-11 18:08:35,25.7,22.7,23.8,23.6,23.9,24.9,24.8,24.6,25.2,23.0,0,21.8,2.3,12.9
2025-04-11 18:08:40,25.7,22.8,23.8,23.7,24.1,24.9,24.8,24.7,25.3,23.1,0,21.8,2.2,12.9
2025-04-11 18:08:45,25.8,22.9,23.9,23.8,24.1,25.1,24.8,24.7,25.2,23.1,0,22.0,1.9,12.9
2025-04-11 18:08:50,25.9,23.1,23.9,23.9,24.1,25.1,24.8,24.7,25.3,23.2,0,22.2,1.9,12.8
2025-04-11 18:08:55,25.8,23.1,24.1,23.7,24.2,25.2,24.9,24.7,25.4,23.2,0,22.3,1.9,12.8
2025-04-11 18:09:00,26.1,23.2,24.3,23.6,24.4,25.1,25.0,24.8,25.5,23.3,0,22.4,2.0,12.8
2025-04-11 18:09:05,26.2,23.2,24.4,23.6,24.4,25.3,24.9,24.9,25.5,23.3,0,22.5,2.0,12.8
2025-04-11 18:09:10,26.1,23.3,24.4,23.8,24.4,25.2,25.0,24.9,25.5,23.3,0,22.6,1.8,12.8
2025-04-11 18:09:15,26.1,23.3,24.6,23.9,24.5,25.4,24.9,25.1,25.6,23.4,0,22.9,1.8,12.8
2025-04-11 18:09:20,26.1,23.3,24.5,24.1,24.6,25.5,25.1,25.0,25.5,23.5,0,22.9,3.0,12.8
2025-04-11 18:09:25,26.3,23.5,24.6,24.3,24.7,25.6,25.1,25.1,25.4,23.6,0,23.2,3.2,12.8
2025-04-11 18:09:30,26.4,23.5,24.5,24.4,24.7,25.6,25.2,25.1,25.6,23.7,0,23.2,3.3,12.8
2025-04-11 18:09:35,26.5,23.6,24.6,24.6,24.8,25.7,25.2,25.1,25.7,23.8,0,23.5,3.1,12.8
2025-04-11 18:09:40,26.6,23.6,24.7,24.7,24.8,25.7,25.3,25.3,25.9,23.9,0,23.7,3.4,12.9
2025-04-11 18:09:45,26.6,23.6,24.8,24.7,24.8,25.8,25.4,25.5,25.8,24.0,0,23.9,4.5,12.9
2025-04-11 18:09:50,26.7,23.7,25.0,24.7,24.8,26.0,25.7,25.6,25.8,24.1,0,24.1,3.9,12.8
2025-04-11 18:09:55,26.8,23.8,25.2,25.0,24.9,25.9,25.8,25.8,25.8,24.2,0,24.2,3.4,12.8
2025-04-11 18:10:00,26.8,23.9,25.2,25.0,25.0,25.9,25.7,25.8,25.9,24.3,0,24.4,3.0,12.8
2025-04-11 18:10:05,26.8,23.9,25.2,25.1,25.3,26.1,25.6,25.8,26.0,24.5,0,24.6,2.8,12.8
2025-04-11 18:10:10,26.9,23.8,25.4,25.0,25.3,26.3,25.7,26.0,26.2,24.6,0,24.9,3.6,12.8
2025-04-11 18:10:15,27.1,23.9,25.4,25.1,25.3,26.2,25.7,26.1,26.2,24.8,0,25.2,3.1,12.8
2025-04-11 18:10:20,27.4,23.9,25.6,25.4,25.3,26.4,26.0,26.3,26.3,25.0,0,25.4,2.5,12.8
2025-04-11 18:10:25,27.4,23.9,25.7,25.5,25.3,26.6,26.0,26.4,26.6,25.2,0,25.7,2.5,12.8
2025-04-11 18:10:30,27.8,24.0,26.1,25.6,25.7,26.8,26.4,26.6,26.6,25.4,0,26.0,3.1,12.8
2025-04-11 18:10:35,27.8,24.0,26.4,25.9,25.9,27.0,26.5,26.7,26.7,25.6,0,26.2,2.6,12.8
2025-04-11 18:10:40,28.0,24.1,26.5,26.0,26.2,27.3,26.7,26.6,26.8,25.8,0,26.6,2.1,12.8
2025-04-11 18:10:45,28.3,24.3,26.6,26.3,26.3,27.6,26.7,26.8,27.1,26.0,0,27.0,2.0,12.8
2025-04-11 18:10:50,28.4,24.4,26.6,26.7,26.4,27.8,27.1,27.1,27.3,26.2,0,27.2,2.2,12.8
2025-04-11 18:10:55,28.8,24.7,26.8,26.7,26.7,28.0,27.3,27.4,27.7,26.6,0,27.8,2.9,12.8
2025-04-11 18:11:00,28.9,24.7,27.0,26.8,26.8,28.2,27.5,27.7,27.9,26.9,0,28.1,2.9,12.8
2025-04-11 18:11:05,29.2,24.7,27.4,27.2,27.1,28.5,27.9,27.8,28.3,27.1,0,28.4,3.2,12.8
2025-04-11 18:11:10,29.4,24.7,27.6,27.5,27.4,28.7,28.1,28.3,28.5,27.5,0,28.8,3.0,12.8
2025-04-11 18:11:15,29.7,24.9,28.0,27.7,27.7,29.0,28.4,28.7,28.8,27.7,0,29.0,3.0,12.8
2025-04-11 18:11:20,30.1,25.1,28.4,28.2,28.2,29.4,28.7,29.0,29.1,28.1,0,29.7,3.7,12.8
2025-04-11 18:11:25,30.4,25.3,28.7,28.5,28.4,29.6,29.2,29.5,29.5,28.4,0,30.1,3.6,12.8
2025-04-11 18:11:30,30.8,25.5,29.2,28.6,28.7,29.8,29.3,29.7,29.8,28.9,0,30.4,3.5,12.8
2025-04-11 18:11:35,31.2,25.7,29.4,29.2,29.1,30.4,29.9,30.1,30.2,29.2,0,30.7,4.0,12.8
2025-04-11 18:11:40,31.6,26.0,29.8,29.5,29.3,30.9,30.3,30.8,30.5,29.6,0,31.2,4.2,12.8
2025-04-11 18:11:45,31.9,26.3,30.2,29.9,29.6,31.1,30.5,30.9,31.1,30.0,0,31.7,3.7,12.8
2025-04-11 18:11:50,32.4,26.6,30.6,30.0,30.0,31.4,31.0,31.3,31.5,30.4,0,32.1,4.4,12.8
2025-04-11 18:11:55,32.6,26.9,30.9,30.4,30.4,31.9,31.4,31.5,31.9,30.9,0,32.7,4.4,12.7
2025-04-11 18:12:00,33.1,27.2,31.3,30.9,30.9,32.5,32.0,32.1,32.3,31.3,0,33.2,3.3,12.8
2025-04-11 18:12:05,33.4,27.7,31.9,31.2,31.3,32.9,32.3,32.5,32.8,31.8,0,33.9,3.2,12.7
2025-04-11 18:12:10,33.7,27.9,32.2,31.5,31.8,33.5,32.7,33.0,33.5,32.1,0,34.1,2.4,12.7
2025-04-11 18:12:15,34.2,28.2,32.5,32.1,32.2,33.9,33.2,33.4,34.0,32.8,0,34.7,2.6,12.7
2025-04-11 18:12:20,34.8,28.5,32.8,32.5,32.5,34.3,33.7,33.8,34.4,33.0,0,35.1,3.4,12.7
2025-04-11 18:12:25,35.5,29.1,33.4,33.1,33.1,34.8,34.3,34.3,34.7,33.6,0,35.8,4.8,12.7
2025-04-11 18:12:30,35.9,29.6,33.9,33.8,33.7,35.5,34.7,34.9,35.2,34.1,0,36.3,4.1,12.7
2025-04-11 18:12:35,36.4,30.0,34.2,33.9,33.9,35.8,35.3,35.1,35.7,34.6,0,37.0,3.0,12.7
2025-04-11 18:12:40,36.9,30.4,35.1,34.6,34.6,36.4,35.8,35.8,36.4,35.2,0,37.6,2.3,12.7
2025-04-11 18:12:45,37.3,30.7,35.9,35.1,35.2,36.9,36.3,36.2,36.7,35.6,0,38.0,1.9,12.7
2025-04-11 18:12:50,37.6,31.1,36.0,35.6,35.4,37.5,36.7,36.7,37.3,36.2,0,38.7,1.7,12.7
2025-04-11 18:12:55,38.4,31.7,36.8,36.0,35.7,38.1,37.2,37.3,37.8,36.7,0,39.2,4.0,12.7
2025-04-11 18:13:00,38.7,31.8,37.2,36.6,36.2,38.7,37.8,37.8,38.3,37.4,0,39.6,4.4,12.7
2025-04-11 18:13:05,39.3,32.4,38.0,37.3,37.1,39.4,38.4,38.5,38.9,37.7,0,40.3,3.8,12.7
2025-04-11 18:13:10,40.2,32.9,38.4,37.7,37.6,39.8,38.8,38.9,39.4,38.5,0,41.2,3.0,12.7
2025-04-11 18:13:15,40.5,33.7,38.9,38.4,37.8,39.9,39.1,39.1,39.6,38.8,0,41.6,2.4,12.7
2025-04-11 18:13:20,41.1,34.3,39.4,38.7,38.7,40.9,40.1,40.1,40.5,39.7,0,42.2,3.0,12.7
2025-04-11 18:13:25,41.6,34.9,39.7,39.2,39.4,41.4,40.6,40.8,41.0,40.0,0,42.7,4.2,12.7
2025-04-11 18:13:30,42.5,35.7,40.1,39.6,39.9,41.8,41.1,41.1,41.4,40.8,0,43.6,4.2,12.7
2025-04-11 18:13:35,43.1,36.2,40.9,40.8,40.5,42.6,41.6,41.8,42.2,41.4,0,44.2,4.0,12.7
2025-04-11 18:13:40,43.7,36.4,41.2,40.8,41.0,43.1,42.3,42.2,42.5,42.1,0,45.0,3.5,12.7
2025-04-11 18:13:45,44.2,37.3,41.7,41.7,41.8,44.0,43.1,42.9,43.3,42.7,0,45.6,3.0,12.7
2025-04-11 18:13:50,44.7,37.8,42.6,42.7,42.7,44.7,43.7,43.7,43.8,43.3,0,46.2,3.2,12.8
2025-04-11 18:13:55,45.2,38.2,43.2,43.1,43.2,45.6,45.1,44.5,44.7,43.8,0,46.8,3.3,12.7
2025-04-11 18:14:00,45.9,38.9,44.0,43.6,43.9,46.4,45.2,45.2,45.3,44.7,0,47.8,2.5,12.8
2025-04-11 18:14:05,46.4,39.4,44.6,44.2,44.5,46.8,46.0,45.9,45.9,45.0,0,48.2,2.3,12.8
2025-04-11 18:14:10,47.1,40.0,45.3,45.0,45.3,47.6,46.8,46.8,46.8,45.8,0,49.1,1.8,12.8
2025-04-11 18:14:15,47.7,40.6,45.8,46.0,45.9,48.3,47.4,47.3,47.5,46.7,0,50.0,1.5,12.8
2025-04-11 18:14:20,48.6,41.3,46.6,46.7,46.8,48.6,47.7,47.6,48.1,47.3,0,50.6,1.5,12.7
2025-04-11 18:14:25,49.2,41.9,47.3,47.5,47.3,49.9,49.1,48.8,49.2,47.9,0,51.2,1.3,12.7
2025-04-11 18:14:30,49.9,42.5,47.9,48.0,48.0,50.8,49.6,49.5,49.4,48.6,0,51.9,2.0,12.7
2025-04-11 18:14:35,50.7,43.4,49.1,48.4,48.5,51.1,50.1,50.0,50.5,49.4,0,52.7,2.9,12.7
2025-04-11 18:14:40,51.4,44.0,49.7,49.7,49.2,52.0,50.7,50.6,50.8,50.0,0,53.3,3.1,12.7
2025-04-11 18:14:45,51.7,44.3,49.9,49.8,49.7,52.5,51.4,51.3,51.5,50.8,0,54.2,3.0,12.7
2025-04-11 18:14:50,53.0,45.1,50.8,50.6,50.7,53.4,52.3,52.0,52.1,51.4,0,54.7,3.4,12.7
2025-04-11 18:14:55,53.7,45.9,51.6,51.3,51.4,54.0,52.8,52.7,52.8,52.0,0,55.2,3.9,12.7
2025-04-11 18:15:00,54.2,46.4,52.2,52.1,52.0,54.8,53.5,53.3,53.5,52.8,0,55.9,3.4,12.7
2025-04-11 18:15:05,54.8,47.0,53.1,53.1,52.6,55.5,54.1,53.9,54.2,53.4,0,56.2,3.0,12.7
2025-04-11 18:15:10,55.6,48.0,53.6,53.6,53.2,56.2,54.8,54.5,54.9,53.8,0,57.0,2.8,12.8
2025-04-11 18:15:15,56.4,48.3,54.0,54.2,53.6,56.6,55.3,55.1,55.4,54.6,0,57.6,3.5,12.8
2025-04-11 18:15:20,57.0,49.5,55.0,54.6,54.1,57.4,55.8,55.6,56.1,55.2,0,58.2,4.0,12.8
2025-04-11 18:15:25,57.2,49.8,55.6,55.5,54.8,57.9,56.3,56.2,56.7,56.0,0,58.9,4.2,12.7
2025-04-11 18:15:30,58.3,50.9,56.2,55.9,55.3,58.5,57.0,56.9,57.4,56.6,0,59.4,4.7,12.8
2025-04-11 18:15:35,59.0,51.5,56.6,56.5,56.1,59.3,57.6,57.7,58.0,57.3,0,60.0,4.4,12.7
2025-04-11 18:15:40,59.5,51.9,57.0,57.2,56.8,60.4,58.5,58.4,58.8,58.0,0,60.4,3.9,12.7
2025-04-11 18:15:45,60.0,52.9,57.7,58.0,57.4,60.9,59.0,59.1,59.6,58.7,0,61.0,3.3,12.7
2025-04-11 18:15:50,60.5,53.7,58.4,59.0,58.0,61.6,59.6,59.9,60.5,59.0,0,61.6,2.7,12.7
2025-04-11 18:15:55,61.2,54.5,59.1,59.6,58.9,62.5,60.5,60.6,60.9,59.8,0,62.4,2.1,12.7
2025-04-11 18:16:00,61.8,55.2,59.7,60.0,59.4,63.1,61.3,61.7,61.8,60.4,0,62.9,1.7,12.7
2025-04-11 18:16:05,62.7,55.8,60.4,60.8,60.0,63.4,61.6,61.7,62.0,61.2,0,63.8,1.4,12.7
2025-04-11 18:16:10,63.2,56.5,61.0,61.3,61.0,64.5,62.6,62.9,63.0,61.9,0,64.3,1.4,12.7
2025-04-11 18:16:15,63.9,57.1,61.7,62.0,61.5,65.2,63.2,63.5,63.7,62.5,0,64.9,1.2,12.7
2025-04-11 18:16:20,64.6,57.9,62.3,63.0,62.3,65.6,63.7,64.0,64.2,63.3,0,65.5,2.3,12.7
2025-04-11 18:16:25,65.3,58.6,63.0,63.4,63.0,66.5,64.2,64.7,64.8,63.8,0,66.0,3.1,12.7
2025-04-11 18:16:30,65.5,58.7,63.3,63.8,63.2,66.8,64.8,65.0,65.4,64.5,0,66.7,2.9,12.7
2025-04-11 18:16:35,66.3,59.7,64.2,64.6,64.0,67.5,65.6,65.9,66.1,65.1,0,67.2,2.6,12.7
2025-04-11 18:16:40,67.2,60.5,65.0,65.2,64.5,68.2,66.0,66.4,66.7,65.7,0,67.6,2.9,12.7
2025-04-11 18:16:45,67.6,60.8,65.3,65.7,65.0,68.9,66.7,67.0,67.2,66.3,0,68.0,2.7,12.7
2025-04-11 18:16:50,68.1,61.4,65.8,66.4,65.6,69.6,67.3,67.8,67.9,66.6,0,68.5,2.2,12.7
2025-04-11 18:16:55,68.6,61.8,66.3,66.9,66.0,69.9,67.6,68.1,68.3,67.0,0,69.0,2.3,12.7
2025-04-11 18:17:00,69.2,62.5,66.9,67.4,66.5,70.4,68.0,68.5,68.6,67.6,0,69.5,1.9,12.8
2025-04-11 18:17:05,69.5,62.9,67.3,67.9,66.9,70.9,68.5,69.2,69.3,68.2,0,69.9,1.9,12.8
2025-04-11 18:17:10,70.0,63.5,67.6,68.2,67.4,71.2,68.7,69.5,69.5,68.5,0,70.4,1.8,12.8
2025-04-11 18:17:15,70.4,64.0,68.1,68.7,67.7,72.0,69.4,70.1,70.1,68.9,0,70.7,1.7,12.8
2025-04-11 18:17:20,70.9,64.3,68.5,69.2,67.9,72.4,69.7,70.3,70.5,69.3,0,71.1,2.0,12.8
2025-04-11 18:17:25,71.2,64.6,68.8,69.5,68.2,72.7,70.0,70.7,70.6,69.8,0,71.5,3.2,12.7
2025-04-11 18:17:30,71.6,65.1,69.1,70.2,68.5,73.1,70.3,71.1,70.9,70.2,0,71.9,3.6,12.8
2025-04-11 18:17:35,71.8,65.3,69.3,70.4,68.9,73.5,70.6,71.3,71.2,70.6,0,72.4,3.2,12.8
2025-04-11 18:17:40,72.4,65.8,69.8,71.0,69.2,74.1,70.9,71.8,71.8,71.0,0,72.9,2.7,12.8
2025-04-11 18:17:45,72.8,66.5,70.2,71.3,69.3,74.4,71.2,72.1,72.2,71.3,0,73.1,2.3,12.8
2025-04-11 18:17:50,73.0,66.6,70.4,71.7,69.6,74.8,71.6,72.6,72.4,71.6,0,73.4,2.0,12.8
2025-04-11 18:17:55,73.2,67.1,70.8,72.0,70.0,75.3,71.8,73.1,72.9,72.2,0,74.0,1.6,12.8
2025-04-11 18:18:00,73.6,67.5,71.0,72.1,70.3,75.5,72.1,73.3,73.3,72.3,0,74.2,1.5,12.8
2025-04-11 18:18:05,74.2,67.8,71.5,72.6,70.6,76.1,72.5,73.7,73.7,73.0,0,74.7,1.2,12.7
2025-04-11 18:18:10,74.5,68.2,71.9,72.8,70.8,76.4,72.8,73.9,74.0,73.4,0,75.2,1.0,12.7
2025-04-11 18:18:15,75.0,68.6,72.4,73.5,71.4,76.6,73.0,74.3,74.2,73.7,0,75.6,1.2,12.7
2025-04-11 18:18:20,75.4,68.9,72.8,73.7,71.9,77.3,73.6,75.0,74.7,74.3,0,76.2,2.8,12.7
2025-04-11 18:18:25,75.8,69.4,73.2,74.3,72.2,77.8,74.0,75.4,75.2,74.6,0,76.6,3.5,12.7
2025-04-11 18:18:30,76.4,69.9,73.8,74.7,72.4,78.3,74.6,75.6,75.5,75.2,0,77.4,3.3,12.7
2025-04-11 18:18:35,76.9,70.4,74.2,75.3,72.8,78.8,75.0,76.5,76.1,75.7,0,77.9,3.0,12.8
2025-04-11 18:18:40,77.6,70.6,74.4,75.6,73.1,79.2,75.2,76.7,76.5,76.4,0,78.9,2.4,12.8
2025-04-11 18:18:45,78.2,71.6,75.4,76.5,73.9,80.1,76.0,77.5,77.1,77.1,0,79.6,2.3,12.8
2025-04-11 18:18:50,78.8,72.1,76.0,77.4,74.6,80.6,76.5,78.0,77.6,77.8,0,80.6,1.9,12.8
2025-04-11 18:18:55,79.6,72.8,76.7,77.7,75.0,81.5,77.3,78.9,78.4,78.7,0,81.7,1.6,12.8
2025-04-11 18:19:00,80.4,73.4,78.1,79.1,75.6,82.4,77.9,79.5,79.2,79.5,0,82.7,1.4,12.8
2025-04-11 18:19:05,80.9,73.7,78.2,79.3,76.3,83.5,79.0,80.2,80.1,80.7,0,82.9,1.4,12.8
2025-04-11 18:19:10,82.7,75.1,79.5,80.3,77.5,84.6,80.0,81.8,81.4,81.7,0,85.2,1.3,12.8
2025-04-11 18:19:15,82.9,75.3,80.9,82.0,78.3,85.2,81.0,82.7,82.6,83.0,0,86.4,1.1,12.8
2025-04-11 18:19:20,84.5,76.4,82.1,83.0,79.9,87.0,82.5,84.4,83.8,84.7,0,88.2,1.0,12.8
2025-04-11 18:19:25,85.8,77.7,82.8,84.2,80.7,88.7,84.3,85.2,85.2,85.8,0,89.5,0.8,12.8
2025-04-11 18:19:30,87.0,78.8,84.1,85.5,82.0,89.6,84.8,86.9,86.5,86.6,0,90.7,0.9,12.8
2025-04-11 18:19:35,89.0,80.3,86.5,87.6,83.9,91.3,85.9,88.4,87.5,88.7,0,92.5,0.9,12.8
2025-04-11 18:19:40,91.2,81.3,88.1,89.5,85.7,93.0,88.9,91.3,89.4,90.5,0,95.2,0.8,12.8
2025-04-11 18:19:45,93.0,83.6,90.7,91.5,86.4,94.2,90.0,91.9,91.3,92.7,0,96.7,0.9,12.8
2025-04-11 18:19:50,94.8,85.1,92.9,93.1,89.5,97.4,91.7,93.7,93.1,94.8,0,98.9,1.1,12.8
2025-04-11 18:19:55,97.3,86.7,93.7,93.8,90.2,98.4,94.1,96.2,95.7,97.1,0,101.0,1.2,12.8
2025-04-11 18:20:00,100.1,88.1,96.6,96.9,93.2,100.8,96.2,98.7,97.7,99.7,0,103.7,1.3,12.8
2025-04-11 18:20:05,101.1,89.5,98.9,99.3,95.7,103.7,99.6,101.5,100.1,102.3,0,105.5,1.4,12.8
2025-04-11 18:20:10,104.6,92.1,101.0,101.8,98.1,105.9,101.7,104.3,102.5,105.6,0,107.2,1.4,12.8
2025-04-11 18:20:15,107.5,94.2,104.2,105.2,101.3,109.8,105.5,107.8,105.7,108.7,0,112.2,1.7,12.8
2025-04-11 18:20:20,110.1,96.8,107.4,108.2,104.1,112.4,108.1,110.7,108.9,111.4,0,114.0,1.7,12.8
2025-04-11 18:20:25,114.1,99.2,110.6,111.7,108.2,115.9,109.3,111.5,110.5,113.9,0,117.6,2.4,12.8
2025-04-11 18:20:30,117.6,101.5,114.2,115.5,111.3,120.0,114.0,115.9,114.5,117.4,0,121.0,2.6,12.8
2025-04-11 18:20:35,121.2,104.6,117.9,118.4,114.2,123.0,118.7,121.7,120.0,121.0,0,124.3,2.8,12.8
2025-04-11 18:20:40,125.8,108.8,122.8,123.2,119.2,125.5,121.7,124.4,122.6,125.7,0,128.9,2.9,12.8
2025-04-11 18:20:45,129.7,112.1,126.3,127.2,122.8,131.7,127.9,127.9,126.6,130.0,0,132.7,2.5,12.8
2025-04-11 18:20:50,134.9,116.2,128.5,128.8,124.8,133.5,129.6,132.0,130.6,135.0,0.5,137.5,2.4,12.8
2025-04-11 18:20:55,139.9,118.5,134.1,135.0,130.7,139.5,135.3,137.6,135.9,139.9,1.1,141.7,2.3,12.8
2025-04-11 18:21:00,144.5,124.1,140.9,141.6,137.3,144.1,139.9,142.7,140.8,144.7,1.8,146.2,2.5,12.8
2025-04-11 18:21:05,148.1,127.1,144.4,145.1,141.2,149.9,146.0,148.2,146.9,151.2,2.8,151.8,2.0,12.8
2025-04-11 18:21:10,156.2,131.6,150.0,150.9,146.7,155.2,151.2,154.2,151.6,156.6,3.3,156.6,2.0,12.8
2025-04-11 18:21:15,158.7,135.4,154.5,155.6,151.3,160.1,156.4,159.3,156.6,162.7,3.5,158.7,1.8,12.8
2025-04-11 18:21:20,166.0,141.9,161.9,162.5,158.2,167.1,163.4,166.2,163.3,168.5,4.3,164.8,1.5,12.8
2025-04-11 18:21:25,171.4,146.3,166.9,168.0,163.3,172.4,168.7,171.2,168.7,174.1,4.9,169.7,1.7,12.8
2025-04-11 18:21:30,178.9,152.5,174.5,175.8,170.9,175.3,171.4,174.1,171.8,179.0,6.7,176.3,2.2,12.8
2025-04-11 18:21:35,185.8,157.7,181.3,182.3,178.2,186.8,183.5,185.8,182.4,188.8,9.5,182.3,2.0,12.8
2025-04-11 18:21:40,193.8,164.7,188.7,189.7,185.7,194.3,191.6,193.2,185.7,193.0,12.7,188.3,1.7,12.8
2025-04-11 18:21:45,199.5,169.3,194.8,195.5,191.5,200.5,197.4,199.1,195.6,204.0,16.4,193.2,1.7,12.8
2025-04-11 18:21:50,212.6,180.8,203.2,203.8,199.6,208.7,205.6,207.3,203.2,212.2,23.4,203.6,2.7,12.8
2025-04-11 18:21:55,216.3,184.3,210.3,211.7,207.1,215.8,212.8,215.1,209.7,215.1,24.1,206.5,3.1,12.8
2025-04-11 18:22:00,226.2,193.5,219.3,220.7,215.3,224.0,220.6,222.3,217.7,226.8,25.6,214.0,3.5,12.8
2025-04-11 18:22:05,231.3,197.9,224.5,226.1,220.7,230.3,225.9,228.4,223.7,229.5,26.0,218.7,2.9,12.9
2025-04-11 18:22:10,234.1,202.0,226.8,229.5,221.9,232.9,226.3,230.3,225.4,232.8,16.3,221.8,2.8,12.9
2025-04-11 18:22:15,237.9,203.9,231.5,231.0,224.8,235.9,229.6,233.8,229.2,235.6,9.7,224.9,2.9,12.9
2025-04-11 18:22:20,243.4,208.1,237.6,238.9,234.2,240.0,236.4,239.6,235.5,244.3,14.3,229.3,2.7,12.9
2025-04-11 18:22:25,250.3,213.0,244.0,245.5,241.1,250.5,247.7,249.8,245.3,255.9,22.9,234.1,2.8,12.9
2025-04-11 18:22:30,265.3,225.1,258.7,254.0,250.8,259.5,257.9,259.7,253.9,264.1,28.9,245.3,2.2,12.9
2025-04-11 18:22:35,272.0,231.3,264.1,264.9,260.2,269.2,266.3,267.9,261.4,267.6,29.5,249.9,2.6,12.9
2025-04-11 18:22:40,289.9,241.9,274.9,275.4,272.1,280.0,279.5,280.3,273.5,290.1,54.2,261.6,2.9,12.9
2025-04-11 18:22:45,296.4,252.6,287.1,289.4,287.2,295.0,296.3,296.9,288.5,307.4,77.5,274.3,2.5,12.9
2025-04-11 18:22:50,317.8,273.8,306.8,309.8,304.7,304.6,304.5,305.2,295.6,316.8,86.5,283.8,3.9,12.9
2025-04-11 18:22:55,326.4,283.6,315.3,319.9,316.5,324.6,325.3,326.2,314.6,330.7,103.6,290.6,3.3,12.9
2025-04-11 18:23:00,341.5,297.7,329.3,333.9,328.8,330.3,329.4,329.8,317.8,336.5,104.9,301.8,2.5,12.9
2025-04-11 18:23:05,359.6,312.8,339.6,343.3,339.5,344.3,346.6,342.8,329.4,353.7,128.0,313.9,3.4,12.9
2025-04-11 18:23:10,374.2,326.6,357.8,364.2,352.1,357.8,359.0,358.7,343.2,366.9,144.5,324.0,4.4,12.9
2025-04-11 18:23:15,379.0,334.7,362.9,369.1,362.2,368.8,368.7,368.9,354.4,378.9,157.0,332.7,3.8,12.9
2025-04-11 18:23:20,386.6,344.8,368.3,377.7,367.1,376.9,374.1,375.6,358.1,378.2,148.0,335.5,4.2,12.9
2025-04-11 18:23:25,390.8,348.6,374.5,381.9,375.0,381.3,383.6,381.9,366.4,394.5,171.4,337.1,4.6,12.9
2025-04-11 18:23:30,404.1,358.6,385.8,393.7,386.3,394.2,395.7,395.4,372.3,402.2,181.7,345.4,4.5,13.0
2025-04-11 18:23:35,413.1,367.8,396.7,404.4,398.2,404.5,402.5,405.1,386.2,412.3,192.5,352.5,5.6,12.9
2025-04-11 18:23:40,423.9,379.0,403.3,412.1,402.9,410.2,408.8,410.5,391.9,416.6,199.0,358.8,6.1,13.0
2025-04-11 18:23:45,432.2,388.7,411.9,421.2,417.4,415.1,415.6,415.5,397.2,430.5,221.5,364.3,5.6,13.0
2025-04-11 18:23:50,450.3,401.2,425.2,428.6,423.8,427.4,430.0,428.5,408.6,443.6,244.2,374.3,4.7,13.0
2025-04-11 18:23:55,455.0,407.7,431.2,441.7,438.3,441.2,445.7,444.1,420.1,454.4,260.4,378.4,4.3,13.0
2025-04-11 18:24:00,474.2,426.5,443.0,455.5,445.5,450.6,447.6,448.2,424.8,457.2,261.6,389.8,2.5,13.0
2025-04-11 18:24:05,472.8,428.9,442.8,455.6,446.1,452.7,449.4,451.0,427.6,458.2,262.0,390.0,2.7,13.0
2025-04-11 18:24:10,474.4,431.8,445.9,458.8,447.9,454.8,450.4,452.4,429.5,463.4,270.0,390.4,2.6,13.0
2025-04-11 18:24:15,474.6,433.7,445.6,460.5,449.2,457.8,453.4,455.7,430.6,459.8,261.2,390.5,2.5,13.0
2025-04-11 18:24:20,475.6,435.8,447.5,461.1,449.6,456.6,452.3,453.4,428.4,455.3,258.9,392.0,2.4,13.0
2025-04-11 18:24:25,477.1,435.4,447.2,458.9,447.2,452.8,445.5,445.9,421.0,448.3,238.0,389.5,2.9,13.0
2025-04-11 18:24:30,471.7,429.5,438.1,450.1,436.5,442.5,436.3,436.5,414.6,440.1,222.5,382.0,3.0,13.0
2025-04-11 18:24:35,464.6,421.0,435.7,444.8,437.2,441.9,442.3,436.7,416.2,448.8,241.3,375.5,3.6,13.0
2025-04-11 18:24:40,469.5,427.6,440.6,451.1,442.7,448.4,444.9,445.1,422.0,450.8,247.1,379.8,3.0,13.0
2025-04-11 18:24:45,472.9,432.3,441.3,451.9,439.5,446.4,443.7,444.2,421.7,451.5,250.4,380.5,2.9,13.0
2025-04-11 18:24:50,470.5,431.9,441.0,450.9,441.7,448.8,444.2,445.0,420.7,451.8,255.0,379.4,4.2,13.0
2025-04-11 18:24:55,474.0,429.0,448.6,451.0,447.3,449.8,453.2,450.3,425.4,456.9,269.6,381.3,5.0,13.0
2025-04-11 18:25:00,483.0,435.4,452.9,462.5,450.7,455.9,449.7,450.9,421.3,450.7,258.2,385.7,4.7,13.0
2025-04-11 18:25:05,476.0,432.9,439.2,451.3,436.6,445.3,440.0,446.3,420.7,443.3,246.7,377.6,5.2,13.0
2025-04-11 18:25:10,461.3,426.8,431.7,444.7,431.2,439.7,431.5,435.8,411.3,440.0,244.7,367.7,4.7,13.1
2025-04-11 18:25:15,453.1,418.4,426.6,438.2,428.8,436.8,432.6,435.7,412.0,442.5,253.1,364.4,4.8,13.1
2025-04-11 18:25:20,451.1,421.3,424.9,439.6,425.4,437.5,428.5,436.4,410.8,439.8,251.4,365.3,4.5,13.1
2025-04-11 18:25:25,446.1,420.0,418.6,434.7,420.5,431.8,424.2,431.6,406.9,434.2,245.5,360.3,4.0,13.1
2025-04-11 18:25:30,436.3,413.4,411.7,427.3,414.6,428.1,420.5,427.5,404.1,433.0,250.1,354.6,3.7,13.1
2025-04-11 18:25:35,436.6,410.9,415.9,426.7,419.7,430.8,426.9,432.5,407.3,435.0,259.2,354.5,3.3,13.1
2025-04-11 18:25:40,440.6,414.5,415.2,428.5,416.0,428.8,420.7,429.1,403.3,424.5,244.0,352.8,3.6,13.1
2025-04-11 18:25:45,432.0,409.4,407.7,419.6,408.0,421.5,414.4,419.2,393.2,415.2,229.4,348.8,3.5,13.1
2025-04-11 18:25:50,429.8,401.9,403.0,416.8,404.8,413.8,409.0,412.9,389.7,414.6,233.1,342.7,3.0,13.1
2025-04-11 18:25:55,429.6,398.7,403.2,412.7,404.9,411.4,410.1,412.7,388.3,416.4,242.3,342.6,2.8,13.1
2025-04-11 18:26:00,429.2,398.8,407.1,415.5,413.4,417.9,425.3,422.0,396.7,437.7,298.2,347.1,2.4,13.1
2025-04-11 18:26:05,450.3,410.9,429.3,431.8,438.8,438.0,449.9,444.4,411.6,448.0,323.5,356.6,2.7,13.2
2025-04-11 18:26:10,486.7,441.4,455.3,457.4,457.5,457.6,465.3,456.3,418.1,457.1,346.4,378.4,2.4,13.2
2025-04-11 18:26:15,498.1,450.0,461.2,462.1,468.1,463.8,485.2,470.5,432.1,474.3,391.7,382.3,2.1,13.2
2025-04-11 18:26:20,520.1,469.0,471.2,472.7,479.1,476.2,496.4,482.8,442.4,502.7,457.5,401.4,2.0,13.2
2025-04-11 18:26:25,538.3,487.2,499.3,503.6,505.1,503.0,516.6,503.8,457.7,513.8,484.9,414.5,1.7,13.2
2025-04-11 18:26:30,551.6,500.9,510.7,516.1,516.5,509.0,528.2,515.2,468.3,528.5,519.9,423.4,1.5,13.2
2025-04-11 18:26:35,558.4,508.8,514.0,523.0,520.3,520.9,539.5,527.1,477.5,536.2,544.7,430.9,1.5,13.2
2025-04-11 18:26:40,560.3,516.4,520.7,531.0,527.8,528.4,545.5,534.7,483.3,541.7,561.8,436.4,1.4,13.2
2025-04-11 18:26:45,565.9,522.8,523.7,536.1,530.8,532.5,547.3,538.2,485.7,543.0,565.9,438.1,1.4,13.2
2025-04-11 18:26:50,571.2,524.1,525.6,539.0,533.3,535.3,551.3,542.2,489.7,548.0,582.1,439.7,1.6,13.2
2025-04-11 18:26:55,573.0,525.5,526.5,539.6,532.5,535.9,550.7,541.9,490.0,549.1,587.6,440.6,3.1,13.3
2025-04-11 18:27:00,573.5,525.9,527.2,541.2,531.7,536.1,551.2,543.0,491.0,550.9,597.6,440.8,3.1,13.3
2025-04-11 18:27:05,570.0,526.9,526.8,541.2,531.4,536.2,551.0,543.6,491.1,551.1,601.4,432.1,3.1,13.3
2025-04-11 18:27:10,568.7,527.0,525.9,540.9,530.7,536.5,550.5,543.2,491.3,551.6,607.0,432.6,3.1,13.3
2025-04-11 18:27:15,568.4,526.6,525.7,540.3,530.2,536.4,550.3,543.2,490.8,551.6,613.2,432.0,2.7,13.3
2025-04-11 18:27:20,566.5,525.8,524.8,540.0,529.8,536.2,550.2,543.4,490.4,551.1,616.2,431.1,2.6,13.4
2025-04-11 18:27:25,565.5,525.7,524.0,539.7,529.2,536.3,549.0,543.8,489.8,549.5,618.7,430.6,2.5,13.4
2025-04-11 18:27:30,565.8,525.6,523.6,538.8,528.7,536.0,547.6,541.9,488.1,547.4,619.1,428.9,2.9,13.4
2025-04-11 18:27:35,564.1,523.9,521.8,536.4,525.4,534.6,545.8,539.4,485.7,545.0,617.8,426.5,2.5,13.4
2025-04-11 18:27:40,563.2,522.6,519.4,534.5,522.4,533.1,542.6,537.9,484.4,543.7,618.8,425.6,2.3,13.4
2025-04-11 18:27:45,559.9,520.3,517.8,532.5,520.4,534.2,540.4,535.4,481.6,540.7,619.0,423.5,2.2,13.4
2025-04-11 18:27:50,558.2,517.8,515.2,531.6,517.8,535.5,538.9,534.6,479.5,539.5,619.5,419.8,2.6,13.4
2025-04-11 18:27:55,556.4,515.2,513.0,530.0,515.6,533.5,536.4,531.3,478.5,538.0,621.8,418.2,4.2,13.5
2025-04-11 18:28:00,554.2,514.2,512.5,528.1,514.5,532.7,536.3,531.1,477.1,536.2,624.9,417.6,3.8,13.5
2025-04-11 18:28:05,552.0,512.2,510.3,527.0,514.2,531.4,534.2,529.1,475.6,532.4,626.1,415.4,3.8,13.5
2025-04-11 18:28:10,550.5,510.0,508.9,525.2,510.3,528.6,530.8,526.7,472.4,529.4,624.1,413.5,3.4,13.5
2025-04-11 18:28:15,548.4,507.9,506.3,522.8,506.8,525.0,528.3,524.9,470.1,527.4,624.7,409.4,3.3,13.5
2025-04-11 18:28:20,546.1,506.6,503.4,520.5,505.3,524.4,525.2,522.6,467.7,526.7,629.0,406.1,3.5,13.6
2025-04-11 18:28:25,544.0,504.6,502.3,519.6,504.4,523.4,525.0,521.6,467.9,526.2,634.2,397.9,6.2,13.6
2025-04-11 18:28:30,543.2,504.4,502.2,519.0,504.2,522.7,524.4,521.4,487.1,524.6,635.5,397.4,6.0,13.6
2025-04-11 18:28:35,542.4,502.2,501.5,518.2,503.8,521.3,523.0,519.9,488.9,522.7,637.2,395.7,4.1,13.6
2025-04-11 18:28:40,541.7,501.3,499.8,517.2,502.3,519.7,520.8,518.5,488.0,522.1,638.0,393.0,3.4,13.6
2025-04-11 18:28:45,539.0,499.6,497.6,515.2,500.3,517.2,518.9,517.2,487.7,519.6,638.6,392.1,5.0,13.6
2025-04-11 18:28:50,536.8,497.0,495.8,512.3,498.9,516.3,518.0,514.3,485.3,517.8,640.6,389.9,4.7,13.6
2025-04-11 18:28:55,535.9,496.8,493.5,512.3,496.5,514.1,516.4,514.1,484.1,516.7,640.8,388.1,3.6,13.7
2025-04-11 18:29:00,534.5,496.4,493.7,511.8,495.9,514.3,515.5,514.0,483.7,515.6,644.5,388.0,5.7,13.7
2025-04-11 18:29:05,533.9,496.3,492.7,510.0,494.3,513.2,514.9,512.9,482.9,514.3,645.4,385.9,5.9,13.7
2025-04-11 18:29:10,532.4,496.2,492.2,509.9,493.9,511.2,513.8,512.5,481.8,513.5,647.6,383.8,5.0,13.7
2025-04-11 18:29:15,531.2,495.9,491.1,509.2,493.7,511.5,513.9,512.1,481.1,513.3,652.2,383.6,4.4,13.7
2025-04-11 18:29:20,530.7,496.2,490.9,509.0,493.7,511.6,513.6,511.8,481.5,513.4,654.5,383.0,4.4,13.7
2025-04-11 18:29:25,530.4,497.3,490.8,508.7,493.5,510.5,513.2,510.9,481.1,512.2,654.7,382.8,4.1,13.7
2025-04-11 18:29:30,530.0,497.8,489.7,507.2,491.6,508.6,511.5,509.5,478.3,510.3,656.6,380.2,4.0,13.7
2025-04-11 18:29:35,529.1,497.3,488.4,506.9,491.5,508.3,510.3,509.5,478.2,509.9,657.2,379.5,3.8,13.8
2025-04-11 18:29:40,527.4,495.3,485.3,506.0,488.8,505.7,507.7,506.5,476.2,508.0,658.1,377.2,3.2,13.8
2025-04-11 18:29:45,525.5,493.5,484.7,505.0,488.2,505.6,507.7,505.8,474.2,506.6,657.2,376.3,3.2,13.8
2025-04-11 18:29:50,524.1,493.5,483.6,503.2,486.2,504.9,506.4,504.7,473.7,505.4,655.3,375.0,4.8,13.8
2025-04-11 18:29:55,523.0,492.6,481.3,501.4,485.2,501.3,503.8,502.5,470.4,503.4,653.6,374.1,5.1,13.8
2025-04-11 18:30:00,521.9,491.7,480.4,500.7,483.6,500.6,502.9,501.4,470.6,501.7,653.0,372.0,4.6,13.8
2025-04-11 18:30:05,520.7,491.3,480.3,499.3,483.1,499.9,502.3,500.7,468.7,501.0,654.2,371.0,4.7,13.8
2025-04-11 18:30:10,519.6,490.0,478.6,497.3,481.7,498.6,501.4,499.8,468.1,500.6,655.8,370.6,3.8,13.8
2025-04-11 18:30:15,518.1,488.7,478.1,497.3,480.6,498.5,501.0,499.2,466.9,500.3,656.0,369.8,3.6,13.8
2025-04-11 18:30:20,517.5,487.6,476.8,495.9,479.1,497.5,499.2,498.0,466.4,498.4,655.0,368.9,3.0,13.8
2025-04-11 18:30:25,516.8,486.4,476.1,495.8,478.3,496.1,498.8,497.6,465.3,497.7,655.8,367.3,3.1,13.8
2025-04-11 18:30:30,515.6,483.2,474.7,492.7,478.1,494.0,497.8,496.8,464.4,496.0,655.3,364.2,5.7,13.8
2025-04-11 18:30:35,513.4,481.9,473.0,492.2,475.5,493.0,495.1,494.0,462.6,494.7,655.3,364.9,6.3,13.8
2025-04-11 18:30:40,514.1,480.6,472.1,491.7,473.6,491.6,494.2,494.2,461.8,494.1,655.4,364.0,6.1,13.8
2025-04-11 18:30:45,511.0,479.8,471.8,490.2,473.2,490.5,493.7,492.3,459.4,492.5,654.5,361.7,4.4,13.8
2025-04-11 18:30:50,510.1,477.2,469.2,488.5,472.2,488.6,492.3,491.6,458.4,491.3,654.3,360.6,4.0,13.8
2025-04-11 18:30:55,510.1,477.5,469.3,487.3,470.9,488.2,490.7,489.6,456.8,489.2,651.1,360.2,3.4,13.8
2025-04-11 18:31:00,508.5,475.3,468.1,485.5,468.1,486.9,489.0,488.7,455.3,487.6,649.1,357.8,2.9,13.8
2025-04-11 18:31:05,506.8,472.8,466.5,484.5,467.2,486.3,487.5,487.6,453.9,486.5,648.4,357.1,3.3,13.8
2025-04-11 18:31:10,505.5,472.2,465.4,483.6,467.3,485.3,486.9,487.5,453.9,486.4,647.9,354.1,4.8,13.8
2025-04-11 18:31:15,505.8,471.6,465.3,482.9,466.5,485.0,487.2,487.1,454.0,486.6,650.0,353.3,5.5,13.8
2025-04-11 18:31:20,506.5,470.9,465.9,483.0,466.7,484.6,487.2,487.1,454.1,486.6,650.5,355.5,5.3,13.8
2025-04-11 18:31:25,505.6,470.8,465.2,482.5,465.7,483.6,485.6,486.6,454.0,486.2,649.8,354.8,6.2,13.8
2025-04-11 18:31:30,504.6,470.4,464.9,481.4,465.8,483.0,485.8,486.1,454.2,486.4,650.5,354.4,5.9,13.8
2025-04-11 18:31:35,504.6,470.3,464.7,481.7,465.9,482.0,485.7,485.8,453.8,486.5,652.6,353.5,4.8,13.8
2025-04-11 18:31:40,505.0,471.0,465.2,482.0,466.1,482.3,486.4,486.6,453.9,487.1,653.0,353.4,3.7,13.9
2025-04-11 18:31:45,506.6,471.5,465.8,482.3,466.8,482.6,486.6,486.9,453.9,487.0,652.0,353.3,2.7,13.9
2025-04-11 18:31:50,506.5,471.6,466.0,482.3,466.8,482.9,486.4,486.8,453.5,487.1,651.5,353.1,4.0,13.8
2025-04-11 18:31:55,506.3,471.4,465.7,482.4,466.9,482.5,486.3,486.5,453.3,486.9,650.0,352.8,4.7,13.8
2025-04-11 18:32:00,506.6,471.7,465.9,482.3,466.9,482.7,486.1,487.7,453.4,487.3,649.9,353.0,4.4,13.8
2025-04-11 18:32:05,507.0,472.0,466.2,482.6,467.4,483.3,486.8,488.0,454.7,489.1,653.0,353.2,4.1,13.8
2025-04-11 18:32:10,507.8,472.2,467.0,483.5,468.8,484.6,489.0,489.5,456.5,490.4,653.6,353.0,4.6,13.9
2025-04-11 18:32:15,509.3,473.0,468.6,485.4,470.3,485.8,489.3,490.4,457.5,490.9,654.0,353.4,5.4,13.8
2025-04-11 18:32:20,510.4,473.1,469.7,487.2,471.7,487.6,491.2,493.2,459.6,492.1,654.4,354.3,6.0,13.9
2025-04-11 18:32:25,511.4,474.9,471.1,488.5,473.5,489.1,492.8,493.9,460.3,494.2,654.9,355.6,6.0,13.9
2025-04-11 18:32:30,514.7,476.8,473.7,491.5,473.6,490.5,494.0,496.1,463.6,498.4,659.9,356.9,4.9,13.9
2025-04-11 18:32:35,516.5,478.2,475.8,493.2,477.7,492.5,497.3,498.4,465.7,500.4,662.5,358.6,4.2,13.9
2025-04-11 18:32:40,517.5,479.0,476.2,494.6,478.6,494.8,498.9,499.8,466.9,501.4,662.9,359.4,3.6,13.9
2025-04-11 18:32:45,520.4,482.3,478.7,495.5,480.1,496.5,500.7,500.9,466.7,501.4,662.6,359.9,3.7,13.9
2025-04-11 18:32:50,520.4,482.7,478.9,495.8,480.6,496.6,501.3,501.8,466.8,499.5,656.1,360.1,3.4,13.9
2025-04-11 18:32:55,522.5,483.8,479.4,496.2,478.4,492.2,499.3,495.2,463.3,493.2,642.7,360.2,3.8,13.9
2025-04-11 18:33:00,520.0,480.7,478.8,494.5,476.1,487.1,491.6,480.1,442.0,473.6,605.0,355.2,4.8,13.9
2025-04-11 18:33:05,519.3,472.8,477.6,488.4,476.1,484.3,491.4,480.1,444.2,473.8,601.5,355.3,4.7,13.9
2025-04-11 18:33:10,518.7,473.0,481.1,493.8,482.3,494.1,503.9,491.8,457.5,500.0,656.9,356.1,4.9,13.9
2025-04-11 18:33:15,520.0,482.4,481.7,496.6,482.9,497.1,503.3,500.3,464.4,500.6,655.7,359.1,4.1,13.9
2025-04-11 18:33:20,519.7,482.3,481.7,497.4,482.3,496.7,503.9,502.4,466.6,503.4,659.4,359.7,4.1,13.9
2025-04-11 18:33:25,519.5,481.6,481.7,498.0,481.6,497.8,504.0,503.2,467.4,502.5,653.4,360.0,4.6,13.9
2025-04-11 18:33:30,518.5,480.3,480.1,497.5,480.9,496.5,502.6,502.2,465.0,500.3,648.8,359.4,5.1,13.9
2025-04-11 18:33:35,520.4,479.8,481.0,497.0,483.0,496.9,504.5,504.8,467.2,502.1,648.4,359.4,6.3,13.9
2025-04-11 18:33:40,520.3,480.1,484.0,497.6,483.1,497.5,504.0,502.5,466.4,503.4,649.8,360.0,5.4,13.9
2025-04-11 18:33:45,521.9,480.0,485.5,499.0,486.7,502.2,507.6,506.8,471.3,492.3,655.8,361.2,5.1,13.9
2025-04-11 18:33:50,517.8,481.4,476.9,492.6,469.2,484.2,484.0,477.3,442.6,485.4,608.5,360.3,5.2,13.9
2025-04-11 18:33:55,516.8,464.3,481.9,488.6,485.4,494.5,506.7,502.6,463.3,499.8,635.8,352.6,4.4,13.9
2025-04-11 18:34:00,523.1,481.1,484.4,500.4,472.4,492.4,506.0,501.4,463.7,490.3,602.0,360.4,4.6,13.9
2025-04-11 18:34:05,491.7,458.4,444.4,461.8,435.7,451.6,452.6,447.9,423.0,460.1,541.5,331.8,5.4,13.9
2025-04-11 18:34:10,490.0,434.6,464.1,468.7,470.8,478.4,496.3,491.9,458.2,490.0,610.7,337.1,4.2,13.9
2025-04-11 18:34:15,515.4,465.4,481.9,493.0,481.6,494.2,502.3,502.8,464.7,493.8,609.1,357.9,4.1,13.9
2025-04-11 18:34:20,490.2,468.3,451.1,492.9,461.4,484.2,471.9,479.5,446.9,472.6,555.1,348.0,3.8,13.9
2025-04-11 18:34:25,462.6,446.3,420.7,448.2,420.1,446.2,436.8,445.0,417.8,429.1,441.5,332.9,4.0,13.9
2025-04-11 18:34:30,422.2,393.6,370.1,397.8,350.5,386.9,349.2,381.4,363.4,338.0,230.4,279.6,4.8,13.9
2025-04-11 18:34:35,358.6,328.0,317.3,327.9,299.2,316.1,297.5,305.5,297.9,296.1,149.6,243.0,4.4,13.9
2025-04-11 18:34:40,314.1,275.9,284.4,291.5,276.3,286.6,290.8,299.2,289.5,273.2,99.0,234.6,4.2,13.9
2025-04-11 18:34:45,309.7,260.2,290.1,286.8,290.0,288.5,291.7,287.2,269.0,270.3,96.3,228.4,4.4,13.9
2025-04-11 18:34:50,339.3,275.6,307.6,296.5,297.4,292.0,296.6,283.5,269.4,276.3,112.7,235.3,4.3,13.9
2025-04-11 18:34:55,339.7,278.7,313.3,307.6,319.0,314.2,314.2,301.4,286.0,301.3,174.9,239.8,3.8,13.9
2025-04-11 18:35:00,386.0,310.6,359.4,339.3,353.8,323.8,336.2,307.9,283.3,319.1,222.2,259.6,3.2,13.9
2025-04-11 18:35:05,417.7,325.2,378.9,362.9,366.1,356.3,368.9,349.1,311.2,332.7,252.1,280.6,3.2,13.9
2025-04-11 18:35:10,415.9,353.5,382.6,378.6,366.2,363.7,365.0,356.5,340.8,372.6,321.2,281.7,3.5,13.9
2025-04-11 18:35:15,380.4,339.3,326.6,345.7,319.5,345.7,334.8,346.9,324.7,316.1,201.5,255.0,3.8,13.9
2025-04-11 18:35:20,359.7,314.5,339.2,341.0,325.2,325.8,301.4,293.7,300.0,276.5,107.4,261.2,4.3,13.9
2025-04-11 18:35:25,344.8,284.0,300.9,286.6,296.8,280.1,297.3,271.0,254.5,265.9,90.0,234.7,3.6,13.9
2025-04-11 18:35:30,375.6,285.3,340.7,314.8,326.8,305.9,325.7,308.3,290.4,302.6,181.2,246.2,3.4,13.9
2025-04-11 18:35:35,322.7,297.8,295.8,307.9,293.4,318.6,303.1,310.8,288.1,292.9,139.5,244.8,3.7,13.9
2025-04-11 18:35:40,322.0,274.8,286.5,287.8,273.2,292.6,280.5,279.4,260.2,256.7,59.3,232.3,4.1,13.9
2025-04-11 18:35:45,269.1,240.8,269.9,274.8,255.9,265.0,249.8,252.6,242.7,243.6,25.6,210.4,3.5,13.9
2025-04-11 18:35:50,251.2,221.6,237.9,242.3,236.0,246.0,239.9,242.5,236.4,242.5,23.8,202.5,3.0,13.9
2025-04-11 18:35:55,245.6,218.3,235.6,240.8,235.2,243.4,238.5,241.2,235.2,242.3,23.5,200.5,2.5,13.9
2025-04-11 18:36:00,244.0,218.3,233.8,240.0,233.3,243.1,236.3,240.3,234.0,240.1,16.9,199.8,2.4,13.9
2025-04-11 18:36:05,240.2,214.9,231.5,237.1,230.7,239.3,233.7,237.1,232.1,238.4,12.8,198.2,2.7,13.9
2025-04-11 18:36:10,239.5,212.6,230.5,235.1,229.5,238.2,232.8,236.3,231.1,237.6,12.2,197.8,2.9,13.9
2025-04-11 18:36:15,238.7,211.9,229.9,234.5,228.9,237.6,232.6,236.2,230.0,237.2,12.0,197.5,2.8,13.9
2025-04-11 18:36:20,238.5,211.9,229.9,234.5,229.1,237.6,232.7,236.0,229.8,237.3,13.0,197.5,3.6,13.9
2025-04-11 18:36:25,238.7,212.1,230.2,234.7,229.5,237.8,232.7,236.1,229.8,237.4,14.3,197.5,3.3,13.9
2025-04-11 18:36:30,241.5,212.7,232.5,236.1,231.8,239.2,235.6,237.5,230.1,238.7,19.3,197.8,2.7,13.9
2025-04-11 18:36:35,243.1,215.3,234.8,238.2,235.6,242.2,241.8,241.9,235.6,243.6,32.4,199.3,2.6,13.9
2025-04-11 18:36:40,256.0,225.8,248.3,252.7,245.4,256.5,246.5,254.3,244.6,252.9,52.7,206.8,2.7,13.9
2025-04-11 18:36:45,252.0,225.2,242.7,244.9,239.1,247.2,242.4,245.0,238.0,244.1,33.2,203.5,2.5,13.9
2025-04-11 18:36:50,250.1,220.8,236.9,242.8,237.4,244.8,238.2,240.8,233.4,239.9,24.4,201.3,2.2,13.9
2025-04-11 18:36:55,252.2,218.5,238.0,239.9,240.9,243.6,246.8,244.5,236.4,245.5,39.9,202.1,1.8,13.9
2025-04-11 18:37:00,251.1,225.0,236.9,242.1,233.8,247.6,238.2,240.8,232.5,239.5,24.0,203.6,1.5,13.9
2025-04-11 18:37:05,244.1,217.3,233.7,237.5,233.4,240.9,236.4,238.3,231.6,239.5,26.2,199.4,1.6,13.9
2025-04-11 18:37:10,245.3,217.5,235.2,238.7,234.3,241.5,238.2,239.8,233.7,242.3,32.7,199.9,3.5,13.9
2025-04-11 18:37:15,244.6,218.0,235.2,239.8,234.5,242.5,237.7,240.3,233.8,243.3,34.6,200.3,3.3,13.9
2025-04-11 18:37:20,240.5,214.7,232.3,236.3,232.5,241.4,237.4,243.3,237.4,244.3,43.0,199.3,4.8,13.8
2025-04-11 18:37:25,240.2,215.0,230.8,236.0,230.3,239.2,234.1,237.0,232.0,238.7,23.4,198.2,3.4,13.8
2025-04-11 18:37:30,240.1,212.6,231.5,234.6,230.3,239.0,234.2,236.8,232.1,239.2,26.1,198.4,2.9,13.9
2025-04-11 18:37:35,243.9,214.1,232.5,236.5,230.9,240.2,234.7,237.3,231.1,237.7,21.1,199.3,2.5,13.8
2025-04-11 18:37:40,240.6,213.2,230.3,235.2,229.7,238.6,233.2,235.2,229.5,236.5,18.8,198.7,2.3,13.8
2025-04-11 18:37:45,240.3,211.9,230.7,234.7,229.9,238.3,233.4,235.2,229.9,236.8,19.7,198.7,1.9,13.8
2025-04-11 18:37:50,240.2,212.6,231.1,234.7,230.2,238.3,234.1,235.6,232.4,244.9,38.2,199.1,2.9,13.9
2025-04-11 18:37:55,240.5,212.9,234.0,237.9,234.1,243.5,238.5,242.4,235.5,243.2,35.4,201.4,2.9,13.9
2025-04-11 18:38:00,247.3,216.2,237.6,241.0,244.7,249.2,258.7,255.3,250.3,275.3,115.2,206.7,3.1,13.9
2025-04-11 18:38:05,257.1,232.8,258.1,266.0,259.4,273.1,261.3,270.8,256.3,252.3,47.2,216.7,3.2,13.9
2025-04-11 18:38:10,240.7,222.3,231.4,237.3,231.6,257.7,239.3,248.4,241.7,237.2,16.2,203.3,2.6,13.9
2025-04-11 18:38:15,238.3,214.6,229.6,234.7,230.1,238.7,233.4,235.7,231.4,235.8,12.8,200.4,2.2,13.9
2025-04-11 18:38:20,237.4,213.2,229.5,233.4,229.7,238.1,233.3,236.0,229.8,235.5,12.0,200.4,2.6,13.8
2025-04-11 18:38:25,237.2,213.4,229.3,233.1,229.6,237.9,233.4,235.9,230.1,235.5,10.2,200.6,2.7,13.9
2025-04-11 18:38:30,237.0,213.4,229.3,232.8,229.5,237.4,232.4,235.0,229.3,235.0,9.0,200.7,2.7,13.9
2025-04-11 18:38:35,237.2,213.4,229.6,232.5,229.5,237.5,232.4,235.0,229.4,235.2,8.4,200.6,2.9,13.9
2025-04-11 18:38:40,237.9,214.5,230.7,233.1,230.1,237.9,233.0,235.1,229.7,235.4,6.9,200.8,3.1,13.8
2025-04-11 18:38:45,237.7,214.6,230.5,233.2,229.9,237.8,232.3,234.8,229.5,235.2,5.5,201.0,2.8,13.9
2025-04-11 18:38:50,237.5,214.4,230.5,232.8,229.6,237.5,232.0,234.1,229.4,235.1,4.5,201.1,2.7,13.9
2025-04-11 18:38:55,237.3,214.4,230.0,232.6,229.6,237.4,232.0,233.9,229.5,235.1,3.1,201.1,2.2,13.9
2025-04-11 18:39:00,237.2,214.4,229.7,232.8,229.6,237.4,232.0,233.9,229.7,235.2,2.8,201.1,2.0,13.9
2025-04-11 18:39:05,237.1,214.4,229.7,232.7,229.7,237.4,232.1,233.7,229.8,235.1,1.6,201.1,1.7,13.9
2025-04-11 18:39:10,237.2,214.5,229.5,232.9,229.9,237.4,232.4,233.9,229.9,235.2,1.5,201.4,1.4,13.9
2025-04-11 18:39:15,237.7,214.7,229.7,233.2,230.1,237.4,232.4,234.0,230.0,235.5,1.4,201.8,1.6,13.8
2025-04-11 18:39:20,238.1,214.9,230.0,233.6,230.3,237.9,233.1,234.4,230.8,235.9,1.6,202.1,1.5,13.8
2025-04-11 18:39:25,238.6,215.0,230.8,234.2,230.6,238.3,233.6,234.9,231.3,236.3,1.9,202.3,1.5,13.9
2025-04-11 18:39:30,239.2,215.3,231.0,234.9,231.1,238.7,234.1,235.3,231.7,236.9,2.7,202.7,1.7,13.9
2025-04-11 18:39:35,239.6,215.7,231.6,235.3,231.5,239.2,234.4,236.2,232.1,237.4,3.3,203.1,1.4,13.8
2025-04-11 18:39:40,239.9,216.3,232.4,236.6,234.4,240.2,237.4,236.9,232.7,238.2,4.7,205.7,1.2,13.8
2025-04-11 18:39:45,242.3,218.4,234.3,237.9,233.5,241.2,236.4,237.6,233.4,238.9,6.3,204.7,1.3,13.8
2025-04-11 18:39:50,242.3,218.3,233.8,237.9,233.7,241.7,237.1,238.4,235.3,241.6,12.1,204.9,1.9,13.8
2025-04-11 18:39:55,242.7,219.0,235.3,240.1,235.3,244.3,239.0,241.2,236.2,242.0,12.6,206.0,2.5,13.8
2025-04-11 18:40:00,243.6,220.5,235.1,239.5,234.5,242.4,237.7,239.6,235.1,239.9,6.4,205.8,2.3,13.8
2025-04-11 18:40:05,243.5,218.6,235.0,238.5,234.6,242.7,238.2,239.7,235.5,240.7,8.1,205.6,2.0,13.8
2025-04-11 18:40:10,243.5,219.3,235.2,239.1,235.0,243.6,239.0,240.6,236.3,242.1,11.7,205.9,1.8,13.8
2025-04-11 18:40:15,243.7,219.7,235.7,239.3,235.6,244.0,239.3,241.1,236.5,242.2,9.7,205.8,1.7,13.9
2025-04-11 18:40:20,243.7,219.9,236.2,238.9,235.6,243.8,238.9,240.5,235.9,241.0,7.1,205.6,1.4,13.8
2025-04-11 18:40:25,244.1,219.9,236.0,239.2,235.4,243.3,238.7,240.8,236.6,242.2,9.4,205.5,1.1,13.8
2025-04-11 18:40:30,244.0,219.7,236.0,239.6,235.5,243.7,239.0,240.8,236.4,241.5,7.3,205.3,0.9,13.8
2025-04-11 18:40:35,244.1,219.6,236.3,239.6,235.9,243.7,239.4,241.1,236.6,241.7,7.8,205.3,0.8,13.8
2025-04-11 18:40:40,244.7,219.8,236.8,240.2,236.2,244.2,239.8,241.4,237.2,242.4,9.7,205.8,0.7,13.8
2025-04-11 18:40:45,246.0,220.5,237.2,240.9,237.7,244.9,241.3,242.6,237.9,244.1,14.3,206.4,0.6,13.8
2025-04-11 18:40:50,249.7,223.5,240.4,243.3,241.7,248.1,246.7,247.4,241.7,251.2,32.0,208.8,0.6,13.8
2025-04-11 18:40:55,261.8,231.8,248.9,249.9,253.8,258.4,255.9,255.4,244.2,248.8,22.8,215.1,0.7,13.8
2025-04-11 18:41:00,260.0,232.7,248.5,249.8,247.7,253.7,253.0,251.5,246.6,253.8,32.7,212.4,1.0,13.8
2025-04-11 18:41:05,261.4,231.2,251.0,253.9,249.6,257.3,253.9,254.3,249.4,262.7,58.1,213.0,1.4,13.8
2025-04-11 18:41:10,266.0,232.4,263.1,259.5,268.5,268.0,279.9,271.0,261.0,269.1,74.8,213.9,1.6,13.8
2025-04-11 18:41:15,344.2,281.6,316.9,311.5,295.6,301.4,283.3,283.2,262.5,272.0,80.2,244.6,1.7,13.8
2025-04-11 18:41:20,295.9,271.8,269.6,275.8,264.4,272.3,269.9,268.3,261.0,265.7,64.5,228.5,1.6,13.9
2025-04-11 18:41:25,282.4,252.9,272.0,269.4,270.4,275.7,275.7,275.7,262.7,264.8,59.5,224.9,1.8,13.9
2025-04-11 18:41:30,280.5,248.2,274.8,274.4,268.5,274.1,277.6,271.7,264.7,284.7,114.5,223.2,2.0,13.9
2025-04-11 18:41:35,312.1,273.2,302.8,305.2,300.2,307.3,306.5,305.7,284.8,300.5,149.9,239.2,1.8,13.9
2025-04-11 18:41:40,316.5,282.4,304.5,306.8,306.0,307.2,316.8,305.9,290.8,314.9,190.2,240.9,1.8,13.9
2025-04-11 18:41:45,383.3,320.2,355.6,334.1,350.5,342.4,354.8,342.7,311.4,325.3,209.9,267.4,2.4,13.9
2025-04-11 18:41:50,369.5,329.4,328.4,343.9,313.7,331.8,313.5,322.7,304.6,324.0,196.8,243.6,2.4,13.9
2025-04-11 18:41:55,292.8,276.3,282.8,299.8,280.0,305.6,277.2,299.4,283.4,260.7,43.7,236.8,2.4,13.9
2025-04-11 18:42:00,266.4,253.5,253.0,262.8,252.7,263.5,253.9,257.5,253.6,249.0,24.4,217.6,2.6,13.9
2025-04-11 18:42:05,253.5,228.5,243.5,255.3,248.1,257.8,249.5,252.5,248.2,250.3,30.6,207.6,2.5,13.9
2025-04-11 18:42:10,249.1,225.6,239.4,245.8,239.1,247.8,240.5,243.6,241.5,242.4,14.2,204.6,2.4,13.9
2025-04-11 18:42:15,244.0,220.1,234.9,239.8,235.0,242.6,236.8,239.8,234.0,238.1,7.9,200.5,2.5,13.9
2025-04-11 18:42:20,240.0,216.1,231.2,235.8,232.9,240.3,234.4,236.4,231.5,234.6,3.9,198.4,2.1,13.9
2025-04-11 18:42:25,237.0,214.0,228.8,233.5,229.3,237.9,233.0,234.4,229.5,232.5,2.4,197.0,1.9,13.9
2025-04-11 18:42:30,236.0,212.7,227.3,231.9,228.5,235.2,229.8,231.7,227.3,230.0,1.7,196.0,1.8,13.9
2025-04-11 18:42:35,233.1,210.8,224.7,230.3,226.4,233.3,228.3,230.3,225.0,228.4,1.1,193.6,1.6,13.9
2025-04-11 18:42:40,231.9,210.1,223.7,228.9,225.3,231.9,226.9,228.6,224.2,227.3,1.1,191.8,2.2,13.9
2025-04-11 18:42:45,230.0,208.7,222.5,226.6,223.5,230.0,225.0,227.9,223.0,226.4,1.3,191.1,2.7,14.0
2025-04-11 18:42:50,228.8,207.9,221.4,225.8,222.4,229.4,223.6,225.5,221.5,224.7,2.4,190.2,2.5,13.9
2025-04-11 18:42:55,227.7,206.8,221.1,224.7,221.2,228.4,222.7,224.8,220.7,224.4,3.1,189.3,2.5,13.9
2025-04-11 18:43:00,225.9,206.5,219.5,223.1,219.8,227.0,220.7,223.4,219.4,222.2,2.5,187.9,2.1,14.0
2025-04-11 18:43:05,224.8,203.7,217.6,221.0,218.0,225.8,219.6,221.7,218.1,220.7,2.0,185.9,1.7,14.0
2025-04-11 18:43:10,223.1,203.5,216.5,219.5,216.9,224.0,218.7,220.1,216.9,218.8,2.0,184.8,1.7,14.0
2025-04-11 18:43:15,221.1,200.8,214.0,217.8,214.3,221.7,216.6,218.5,215.1,217.7,2.2,184.0,1.5,14.0
2025-04-11 18:43:20,219.6,199.6,213.8,217.0,214.0,220.9,215.0,216.5,213.1,216.3,2.2,183.0,1.2,14.0
2025-04-11 18:43:25,218.7,199.1,212.0,214.8,212.3,218.5,213.8,216.0,212.7,215.3,2.2,182.1,1.3,14.0
2025-04-11 18:43:30,217.3,198.0,210.6,214.3,211.7,218.3,213.2,215.0,210.6,213.2,2.3,180.9,1.3,13.9
2025-04-11 18:43:35,215.9,197.4,209.3,213.2,209.0,215.8,210.6,212.5,209.0,212.0,1.2,179.8,1.2,14.0
2025-04-11 18:43:40,213.7,195.8,207.1,211.6,207.2,214.6,208.5,210.5,207.5,210.1,0.4,178.8,0.9,13.9
2025-04-11 18:43:45,212.2,195.2,205.9,210.2,206.4,213.1,207.9,209.7,206.7,209.0,0.0,178.0,0.8,13.9
2025-04-11 18:43:50,210.7,194.5,205.7,209.3,205.3,212.2,206.7,208.9,205.4,207.7,0,176.9,2.2,14.0
2025-04-11 18:43:55,210.0,194.3,202.7,207.1,203.4,211.2,204.9,207.3,204.7,206.8,0,176.2,2.4,14.0
2025-04-11 18:44:00,208.6,193.7,202.1,206.0,202.0,210.0,203.6,206.0,203.5,205.8,0,175.4,2.1,14.0
2025-04-11 18:44:05,207.4,193.0,201.6,205.7,201.9,208.9,203.2,205.4,202.0,204.7,0,174.6,1.7,14.0
2025-04-11 18:44:10,206.7,191.9,200.4,204.3,200.8,207.7,202.5,204.1,201.6,203.9,0.0,174.3,1.5,14.0
2025-04-11 18:44:15,206.3,190.8,199.9,203.5,200.4,207.2,201.6,203.6,201.0,203.0,0.1,173.9,1.4,14.0
2025-04-11 18:44:20,205.4,189.8,199.0,203.0,199.5,206.3,200.6,202.8,200.2,202.4,0.3,173.3,1.4,14.0
2025-04-11 18:44:25,204.7,188.9,198.3,202.3,198.8,205.8,199.8,202.2,199.6,201.7,0.4,173.1,1.4,14.0
2025-04-11 18:44:30,204.0,187.6,197.6,201.3,197.9,205.3,199.2,201.6,198.9,201.3,0.4,173.1,1.3,14.0
2025-04-11 18:44:35,203.3,186.5,196.6,200.8,197.2,204.7,198.4,201.2,198.6,200.6,0.2,172.9,1.0,14.0
2025-04-11 18:44:40,202.5,186.2,196.0,200.4,196.7,204.2,197.8,200.2,197.9,200.0,0.0,172.9,0.9,14.0
2025-04-11 18:44:45,201.8,185.4,195.4,199.7,196.4,203.9,197.4,199.8,197.3,199.4,0,173.1,0.7,14.0
2025-04-11 18:44:50,201.1,184.7,194.9,199.3,195.5,203.2,197.1,199.2,196.8,199.0,0,173.0,0.9,14.0
2025-04-11 18:44:55,200.4,184.3,194.6,199.1,195.3,203.0,196.7,199.0,196.5,198.5,0,172.9,1.1,14.0
2025-04-11 18:45:00,199.8,183.7,194.2,198.5,194.8,202.6,196.1,198.4,196.0,198.1,0,173.3,1.1,14.0
2025-04-11 18:45:05,199.6,183.5,194.0,198.2,194.5,202.0,195.7,197.9,195.6,197.8,0,173.3,1.1,14.0
2025-04-11 18:45:10,199.2,183.3,193.5,197.8,194.0,201.9,195.4,197.8,195.6,197.7,0.0,173.2,1.1,14.0
2025-04-11 18:45:15,198.9,183.4,193.3,197.6,193.7,201.7,195.3,197.8,195.4,197.6,0.2,173.4,1.4,14.0
2025-04-11 18:45:20,198.7,183.4,193.4,197.5,193.6,201.6,195.6,197.8,195.5,197.8,2.7,173.7,1.8,14.0
2025-04-11 18:45:25,199.2,183.4,194.0,197.7,193.8,202.2,195.7,198.2,195.3,197.5,0.7,174.4,2.2,14.0
2025-04-11 18:45:30,198.7,183.1,193.2,196.6,193.4,201.2,194.8,197.1,194.8,197.1,0.2,174.2,2.5,14.0
2025-04-11 18:45:35,198.6,182.9,193.1,196.6,193.3,201.0,194.6,196.9,194.5,197.0,0.1,174.1,2.6,14.0
2025-04-11 18:45:40,198.3,182.8,192.8,196.6,193.2,201.1,194.3,197.0,194.6,197.0,0.3,174.3,2.6,14.0
2025-04-11 18:45:45,198.2,182.6,192.7,196.5,192.8,201.1,194.5,196.7,194.5,196.9,0,174.7,2.9,14.0
2025-04-11 18:45:50,198.1,182.3,192.7,196.3,192.8,201.1,194.4,196.4,194.5,196.8,0,174.8,3.3,14.1
2025-04-11 18:45:55,198.2,181.8,192.7,196.1,193.0,201.1,194.3,196.6,194.6,196.9,0,174.9,3.4,14.1
2025-04-11 18:46:00,198.3,181.8,192.7,196.1,193.1,200.9,194.3,196.5,194.7,197.0,0,174.8,3.5,14.1
2025-04-11 18:46:05,198.3,181.9,192.5,196.2,193.2,201.0,194.4,196.4,194.5,197.0,0,175.2,3.2,14.1
2025-04-11 18:46:10,198.3,182.0,192.7,196.3,193.3,201.0,194.6,196.7,194.8,197.1,0,175.6,2.8,14.1
2025-04-11 18:46:15,198.4,182.2,192.8,196.5,193.3,201.0,194.9,197.1,194.9,197.3,0,175.9,2.6,14.1
2025-04-11 18:46:20,198.4,182.3,192.8,196.7,193.3,201.0,194.9,197.2,195.0,197.4,0,176.2,2.8,14.1
2025-04-11 18:46:25,198.6,182.4,192.9,197.1,193.4,201.4,194.8,197.3,195.2,197.5,0,176.3,2.3,14.1
2025-04-11 18:46:30,198.6,182.3,193.1,197.2,193.6,201.7,195.0,197.4,195.4,197.9,0,176.7,2.0,14.1
2025-04-11 18:46:35,198.7,182.2,193.4,197.3,193.8,201.8,195.1,197.6,195.6,198.1,0,177.1,1.9,14.0
2025-04-11 18:46:40,199.0,182.1,193.9,197.7,194.1,202.0,195.3,197.6,195.8,198.3,0,177.6,1.9,14.0
2025-04-11 18:46:45,199.3,182.3,194.0,198.1,194.5,202.4,195.9,198.1,196.5,198.6,0,177.8,1.8,14.0
2025-04-11 18:46:50,199.5,182.4,194.4,198.6,194.7,202.8,196.2,198.3,196.8,198.9,0,178.1,1.6,14.1
2025-04-11 18:46:55,199.9,182.7,194.6,199.2,195.1,203.3,196.8,198.6,197.1,199.3,0,178.4,1.5,14.1
2025-04-11 18:47:00,200.3,183.1,195.1,199.6,195.7,203.7,197.4,199.3,197.2,199.6,0,178.8,1.4,14.1
2025-04-11 18:47:05,200.8,183.3,195.4,199.6,196.0,204.1,197.5,199.6,197.5,200.1,0,179.1,1.5,14.1
2025-04-11 18:47:10,201.2,183.9,196.2,200.1,196.4,204.6,197.8,199.9,197.9,200.5,0,179.3,1.4,14.1
2025-04-11 18:47:15,201.5,184.0,196.6,200.4,196.9,205.2,198.5,200.4,198.3,200.8,0,179.7,1.7,14.1
2025-04-11 18:47:20,202.1,184.2,197.0,200.8,197.0,205.3,198.9,200.8,198.8,201.3,0,180.1,1.7,14.0
2025-04-11 18:47:25,202.7,185.1,197.6,201.1,197.4,205.6,199.1,201.4,199.3,201.7,0,180.2,1.4,14.1
2025-04-11 18:47:30,203.0,185.4,197.9,201.5,197.8,205.9,199.7,201.8,199.7,202.2,0,180.5,1.3,14.1
2025-04-11 18:47:35,204.1,186.3,198.3,202.1,198.4,206.4,200.0,202.3,200.5,202.6,0,180.8,1.5,14.0
2025-04-11 18:47:40,204.4,188.0,198.7,202.6,198.9,206.9,200.5,202.8,200.7,202.8,0,180.9,1.5,14.0
2025-04-11 18:47:45,205.1,188.5,199.3,203.2,199.6,207.1,200.6,202.9,201.2,203.4,0,181.0,1.4,14.0
2025-04-11 18:47:50,205.3,189.1,199.7,203.8,199.9,207.8,201.7,203.7,202.0,204.0,0,181.3,1.5,14.0
2025-04-11 18:47:55,205.8,189.8,200.4,204.3,200.4,208.3,202.1,204.2,202.3,204.2,0,181.4,1.5,14.0
2025-04-11 18:48:00,206.0,190.2,200.7,204.6,200.6,208.7,202.3,204.6,202.7,204.8,0,181.8,1.7,14.1
2025-04-11 18:48:05,206.7,190.7,201.0,205.1,201.1,209.0,202.8,205.0,203.1,205.1,0,181.9,1.6,14.0
2025-04-11 18:48:10,206.9,190.7,201.5,205.4,201.6,209.5,203.1,205.5,203.7,205.5,0,182.1,1.6,14.0
2025-04-11 18:48:15,207.5,191.0,201.8,205.9,202.0,210.0,203.5,206.0,204.1,205.8,0,182.2,1.5,14.0
2025-04-11 18:48:20,208.0,191.3,202.2,205.9,202.4,210.4,203.5,206.3,204.4,206.0,0,182.3,1.4,14.0
2025-04-11 18:48:25,208.1,191.5,202.4,206.3,202.8,210.8,203.9,206.5,204.7,206.3,0,182.3,1.4,14.0
2025-04-11 18:48:30,208.2,191.7,202.6,206.5,203.1,211.0,204.1,206.7,204.9,206.4,0,182.3,1.4,14.0
2025-04-11 18:48:35,208.4,191.7,202.8,206.8,203.3,211.1,204.3,207.0,204.9,206.5,0,182.2,1.2,14.0
2025-04-11 18:48:40,208.5,191.6,202.8,207.0,203.3,211.2,204.4,207.0,205.1,206.5,0,182.1,1.0,14.0
2025-04-11 18:48:45,208.5,191.2,202.8,207.0,203.3,211.2,204.6,207.1,205.1,206.4,0,181.9,0.8,14.0
2025-04-11 18:48:50,208.5,190.6,202.7,207.1,203.1,211.4,204.5,207.0,205.1,206.3,0,181.6,0.6,14.0
2025-04-11 18:48:55,208.4,190.0,202.6,206.9,202.9,211.0,204.3,207.0,204.9,206.0,0,181.3,0.6,14.0
2025-04-11 18:49:00,208.0,189.2,202.4,206.7,202.7,210.8,204.2,206.9,204.5,205.8,0,180.9,0.7,14.0
2025-04-11 18:49:05,207.8,188.0,202.0,206.5,202.5,210.2,203.8,206.6,204.3,205.4,0,180.4,0.9,14.0
2025-04-11 18:49:10,207.4,187.4,201.6,206.1,202.1,210.0,203.8,206.3,203.9,205.1,0,179.9,1.0,14.0
2025-04-11 18:49:15,206.9,187.0,201.2,205.3,202.0,209.8,203.5,205.7,203.5,204.6,0,179.5,1.2,14.0
2025-04-11 18:49:20,206.3,187.1,200.9,204.9,201.5,209.3,203.1,204.8,202.9,204.1,0,179.0,1.4,14.0
2025-04-11 18:49:25,206.0,187.5,200.6,204.3,200.9,208.5,202.3,204.2,202.0,203.6,0,178.6,1.3,14.0
2025-04-11 18:49:30,205.3,187.6,200.2,203.8,200.5,208.2,201.8,203.6,201.6,203.0,0,178.0,1.2,14.0
2025-04-11 18:49:35,204.9,187.4,199.5,203.1,199.8,207.6,201.2,203.2,201.1,202.4,0,177.3,1.0,14.1
2025-04-11 18:49:40,204.3,187.2,199.2,202.8,199.1,207.2,200.6,202.6,200.5,201.7,0,176.4,0.8,14.1
2025-04-11 18:49:45,203.7,186.5,198.2,202.2,198.2,206.4,199.9,201.8,199.8,201.0,0,175.8,0.7,14.1
2025-04-11 18:49:50,202.5,185.7,197.1,201.6,197.6,205.6,199.3,201.0,199.2,200.4,0,175.4,0.5,14.1
2025-04-11 18:49:55,202.2,185.4,196.6,200.5,196.9,205.0,198.5,200.1,198.5,199.5,0,175.2,0.4,14.1
2025-04-11 18:50:00,201.2,184.6,195.8,199.9,196.1,203.7,197.5,199.1,197.8,198.8,0,174.2,1.5,14.1
2025-04-11 18:50:05,200.8,183.7,195.2,198.7,195.3,203.6,197.1,198.5,197.1,197.9,0,173.5,1.7,14.1
2025-04-11 18:50:10,199.5,183.1,193.9,198.3,194.5,202.2,196.2,197.2,195.8,197.4,0,172.6,2.0,14.1
2025-04-11 18:50:15,199.0,182.5,193.5,197.7,193.8,201.3,195.6,196.7,195.6,196.3,0,172.0,2.1,14.1
2025-04-11 18:50:20,198.1,181.8,192.4,196.7,192.6,200.5,195.1,196.6,195.1,195.8,0,171.6,2.1,14.1
2025-04-11 18:50:25,197.3,181.3,191.7,195.8,192.2,199.7,193.6,195.1,194.0,194.7,0,171.0,2.2,14.1
2025-04-11 18:50:30,196.6,180.7,190.9,194.7,191.6,199.2,192.8,194.4,193.3,194.3,0,170.3,2.2,14.1
2025-04-11 18:50:35,195.2,179.5,189.8,194.1,191.0,198.4,192.0,193.9,192.8,193.3,0,169.4,2.3,14.1
2025-04-11 18:50:40,194.8,178.1,189.0,193.5,189.7,197.9,191.4,192.9,192.2,192.6,0,168.9,1.9,14.1
2025-04-11 18:50:45,194.3,177.9,188.5,193.2,189.4,197.3,190.9,192.2,191.2,191.7,0,168.2,1.7,14.1
2025-04-11 18:50:50,193.0,176.6,187.2,192.2,188.3,196.2,190.0,190.8,189.9,190.9,0,167.6,1.3,14.1
2025-04-11 18:50:55,192.2,175.5,186.5,191.0,187.9,195.8,189.3,190.7,189.5,190.2,0,167.0,1.2,14.1
2025-04-11 18:51:00,191.6,175.0,186.0,190.5,187.0,194.8,188.2,190.0,188.5,189.6,0,166.7,0.9,14.1
2025-04-11 18:51:05,190.5,174.4,185.4,189.9,186.0,194.3,187.5,189.4,187.8,188.5,0,165.7,0.8,14.1
2025-04-11 18:51:10,190.0,173.4,184.6,189.4,185.3,193.5,186.8,188.6,187.0,188.2,0,165.3,0.8,14.1
2025-04-11 18:51:15,189.2,172.4,183.3,188.4,184.4,192.7,185.9,188.0,186.5,187.3,0,164.8,0.9,14.1
2025-04-11 18:51:20,188.6,172.1,182.9,187.9,183.8,192.3,185.3,187.0,185.9,186.3,0,164.1,0.8,14.1
2025-04-11 18:51:25,187.4,171.7,182.2,186.6,183.5,191.4,185.0,186.7,185.4,185.7,0,163.8,0.6,14.1
2025-04-11 18:51:30,186.9,172.0,181.9,185.9,182.2,190.4,184.0,185.0,184.1,185.0,0,162.9,0.7,14.1
2025-04-11 18:51:35,186.4,171.9,181.2,184.8,181.7,189.8,183.1,184.4,183.8,184.3,0,161.9,0.8,14.1
2025-04-11 18:51:40,185.6,171.5,179.8,184.5,180.8,189.4,182.8,183.9,183.0,183.4,0,160.9,0.7,14.1
2025-04-11 18:51:45,184.9,171.0,179.3,183.7,180.2,188.4,181.9,183.2,182.0,182.6,0,160.3,0.6,14.1
2025-04-11 18:51:50,184.4,170.6,178.5,183.3,179.1,187.2,181.1,182.4,180.7,181.6,0,159.6,0.6,14.1
2025-04-11 18:51:55,182.9,169.8,177.4,182.1,178.1,186.4,179.7,181.1,180.1,180.8,0,159.1,0.6,14.1
2025-04-11 18:52:00,182.3,169.2,176.7,181.3,177.3,186.0,179.3,180.8,179.3,180.0,0,158.3,1.3,14.1
2025-04-11 18:52:05,181.7,168.8,175.7,179.8,176.3,185.0,178.0,179.8,178.3,179.0,0,157.9,2.0,14.2
2025-04-11 18:52:10,180.9,168.2,175.0,179.6,175.9,183.9,177.5,178.8,177.4,178.4,0,156.8,2.9,14.2
2025-04-11 18:52:15,180.0,167.6,174.3,178.8,175.2,182.8,176.5,178.2,176.7,178.0,0,156.6,2.8,14.2
2025-04-11 18:52:20,178.6,166.7,173.0,177.3,174.3,182.3,175.8,176.9,176.1,177.1,0,155.9,2.2,14.2
2025-04-11 18:52:25,178.1,166.0,172.2,177.0,173.4,181.9,175.5,176.5,175.1,176.4,0,155.3,2.1,14.2
2025-04-11 18:52:30,177.3,165.7,171.9,176.6,173.1,181.4,174.8,175.9,175.0,175.6,0,154.7,2.1,14.2
2025-04-11 18:52:35,176.6,165.3,171.2,175.8,171.7,180.5,174.3,175.5,173.9,175.0,0.0,154.3,2.0,14.2
2025-04-11 18:52:40,175.8,164.7,170.8,175.2,171.9,180.2,174.0,175.0,173.7,175.0,3.2,154.0,1.9,14.2
2025-04-11 18:52:45,176.2,164.3,171.3,176.0,171.5,180.4,173.6,174.8,172.7,174.1,1.2,154.3,1.9,14.2
2025-04-11 18:52:50,175.1,163.6,169.6,174.2,169.9,178.3,172.7,173.7,172.0,173.6,0.7,153.8,2.3,14.2
2025-04-11 18:52:55,174.2,162.3,168.7,173.1,169.3,177.7,171.8,173.1,171.1,172.6,0,153.0,2.8,14.2
2025-04-11 18:53:00,173.2,161.6,167.7,172.4,168.3,177.2,170.8,172.6,170.7,171.9,0,152.5,2.8,14.2
2025-04-11 18:53:05,172.6,161.1,167.1,171.4,167.7,176.5,169.8,171.4,169.7,171.2,0,152.0,2.4,14.2
2025-04-11 18:53:10,171.8,160.4,166.0,171.0,166.8,176.2,169.7,171.1,169.6,170.5,0,151.4,1.9,14.2
2025-04-11 18:53:15,171.0,159.9,165.3,170.4,166.3,174.6,168.9,170.1,168.8,169.8,0,151.0,2.3,14.2
2025-04-11 18:53:20,170.4,159.7,164.9,169.7,165.6,174.2,167.9,169.8,168.1,169.3,0,150.6,2.4,14.2
2025-04-11 18:53:25,169.6,159.2,164.5,169.1,165.3,174.1,167.6,169.2,167.4,168.6,0,150.3,2.3,14.2
2025-04-11 18:53:30,168.6,158.6,163.7,168.5,164.7,173.3,166.9,168.7,167.0,168.1,0,150.1,2.0,14.2
2025-04-11 18:53:35,168.6,158.4,163.6,168.0,164.2,172.9,166.4,168.0,166.8,167.5,0,150.0,1.8,14.1
2025-04-11 18:53:40,167.8,157.7,162.7,167.4,163.4,172.1,165.7,167.3,166.2,167.0,0,149.9,2.2,14.2
2025-04-11 18:53:45,167.0,156.9,161.9,167.0,162.9,171.6,165.2,166.6,165.2,166.5,0,149.4,2.5,14.2
2025-04-11 18:53:50,166.5,156.3,161.6,166.3,162.1,171.0,164.2,165.9,164.8,166.2,0,149.3,2.8,14.2
2025-04-11 18:53:55,166.1,155.7,161.0,165.7,161.6,170.0,163.8,165.4,164.2,165.4,0,148.8,2.6,14.2
2025-04-11 18:54:00,165.4,154.9,160.3,165.2,160.8,169.7,163.2,165.1,163.3,165.2,0,148.5,2.5,14.2
2025-04-11 18:54:05,165.0,154.4,159.8,164.6,160.2,169.0,162.8,164.7,163.0,164.6,0,148.4,2.1,14.2
2025-04-11 18:54:10,164.4,153.9,159.3,163.9,159.7,168.7,162.2,164.0,162.5,164.3,0,148.3,2.4,14.2
2025-04-11 18:54:15,163.8,153.5,158.7,163.4,159.5,168.5,162.0,163.8,162.1,163.9,0,148.0,2.2,14.2
2025-04-11 18:54:20,163.4,153.2,158.5,163.1,158.9,167.9,161.5,163.4,161.5,163.6,0,147.8,2.0,14.2
2025-04-11 18:54:25,163.2,152.7,158.2,162.6,158.5,167.3,161.0,162.8,161.1,163.3,0,147.6,1.8,14.2
2025-04-11 18:54:30,162.9,152.1,158.0,162.3,158.3,167.0,160.9,162.6,160.8,163.0,0,147.5,1.5,14.2
2025-04-11 18:54:35,162.6,150.7,158.1,161.9,158.1,166.7,160.8,162.2,160.6,162.8,0,147.5,1.3,14.2
2025-04-11 18:54:40,162.6,150.3,157.9,161.8,157.9,166.4,160.5,162.2,160.2,162.7,0,147.6,1.2,14.2
2025-04-11 18:54:45,162.0,149.2,157.6,161.5,157.8,166.1,160.2,162.1,160.1,162.6,0,147.8,0.9,14.2
2025-04-11 18:54:50,162.0,148.8,157.6,161.6,157.6,166.1,160.2,162.0,160.1,162.6,0,147.8,0.7,14.2
2025-04-11 18:54:55,161.9,148.5,157.5,161.6,157.7,166.0,160.1,161.9,160.0,162.6,0,148.0,0.6,14.2
2025-04-11 18:55:00,162.0,148.6,157.5,161.6,157.7,165.9,160.2,162.1,160.1,162.8,0,148.4,0.5,14.2
2025-04-11 18:55:05,162.1,148.6,157.5,161.8,157.6,165.9,160.3,162.2,160.2,162.8,0,148.5,0.4,14.2
2025-04-11 18:55:10,162.2,148.4,157.6,161.8,157.8,166.0,160.4,162.4,160.3,163.0,0,149.1,0.2,14.2
2025-04-11 18:55:15,162.5,148.3,157.8,161.9,158.0,166.1,160.7,162.6,160.8,163.4,0,149.3,0.1,14.2
2025-04-11 18:55:20,162.8,148.0,158.1,162.3,158.1,166.3,160.8,162.9,160.9,163.6,0,150.0,0.0,14.2
2025-04-11 18:55:25,163.1,148.0,158.4,162.5,158.5,167.1,161.3,163.5,161.4,164.2,0,150.4,0.0,14.2
2025-04-11 18:55:30,163.4,148.1,158.9,163.0,159.0,167.7,161.7,163.8,162.1,164.4,0,151.0,0.0,14.2
2025-04-11 18:55:35,163.8,148.1,159.6,163.5,159.4,168.0,162.1,164.2,162.4,164.9,0,151.9,0.1,14.2
2025-04-11 18:55:40,164.1,148.2,160.3,163.9,159.7,168.4,162.6,164.7,162.7,165.3,0,152.3,0.5,14.2
2025-04-11 18:55:45,164.4,148.2,160.5,164.2,160.4,168.8,163.2,165.2,163.1,165.9,0,152.9,0.5,14.2
2025-04-11 18:55:50,165.3,148.3,161.0,164.8,161.0,169.3,163.4,165.8,163.6,166.3,0,153.3,0.6,14.2
2025-04-11 18:55:55,165.8,148.7,161.4,165.1,161.2,169.8,163.7,166.3,163.9,166.8,0,153.6,1.2,14.3
2025-04-11 18:56:00,166.1,149.0,161.9,165.9,161.7,170.4,164.2,166.6,164.1,167.4,0,154.0,1.8,14.3
2025-04-11 18:56:05,166.5,149.5,162.6,166.4,162.0,170.8,164.8,167.2,165.1,167.9,0,154.7,2.5,14.3
2025-04-11 18:56:10,166.9,150.1,163.4,166.9,162.4,171.4,165.2,167.8,165.6,168.2,0,155.0,2.5,14.3
2025-04-11 18:56:15,167.8,150.7,164.0,167.5,162.9,172.0,165.8,168.6,166.0,168.9,0,155.6,2.2,14.3
2025-04-11 18:56:20,168.3,151.2,164.5,168.1,163.3,172.3,166.2,168.6,166.4,169.3,0,156.1,1.9,14.4
2025-04-11 18:56:25,169.0,151.7,164.8,168.6,163.5,172.5,166.4,169.3,166.9,170.0,0,156.6,1.8,14.4
2025-04-11 18:56:30,169.1,152.0,165.1,169.2,164.3,173.5,167.3,170.1,167.5,170.4,0,157.1,1.7,14.4
2025-04-11 18:56:35,169.6,152.2,165.6,169.5,164.8,174.0,167.7,170.3,168.0,171.0,0,157.4,1.5,14.4
2025-04-11 18:56:40,170.1,152.6,166.2,170.1,165.1,174.4,168.0,170.8,168.6,171.5,0,158.1,1.7,14.4
2025-04-11 18:56:45,170.5,152.9,166.7,170.4,165.5,174.8,168.3,171.5,169.2,172.0,0,158.5,1.4,14.4
2025-04-11 18:56:50,170.8,153.1,167.0,170.9,166.1,175.4,168.8,171.9,169.7,172.6,0,159.0,1.2,14.4
2025-04-11 18:56:55,171.5,153.8,167.9,171.5,166.6,175.8,169.1,172.5,170.3,173.0,0,159.4,1.0,14.4
2025-04-11 18:57:00,171.9,154.3,168.3,172.2,167.1,176.3,169.6,173.0,170.8,173.4,0,159.5,1.0,14.4
2025-04-11 18:57:05,172.3,154.6,168.7,172.5,167.5,176.7,170.0,173.5,171.4,173.8,0,159.8,0.9,14.4
2025-04-11 18:57:10,172.8,155.1,168.9,172.7,167.9,177.0,170.2,173.7,171.7,174.0,0,160.0,0.7,14.5
2025-04-11 18:57:15,172.9,155.6,169.3,173.0,168.1,177.5,170.5,174.2,172.0,174.2,0,160.0,0.7,14.5
2025-04-11 18:57:20,173.2,156.2,169.7,173.3,168.4,177.8,170.9,174.6,172.3,174.6,0,160.2,0.5,14.5
2025-04-11 18:57:25,173.5,156.5,169.9,173.6,168.7,178.0,171.4,174.8,172.5,174.8,0,160.2,0.5,14.5
2025-04-11 18:57:30,173.7,156.7,170.1,173.8,169.0,178.2,171.6,175.0,172.7,175.0,0,160.1,0.6,14.5
2025-04-11 18:57:35,173.9,156.5,170.1,173.9,169.1,178.3,171.9,175.3,172.8,175.1,0,160.2,0.8,14.5
2025-04-11 18:57:40,174.1,156.0,170.1,174.0,169.3,178.5,171.9,175.3,172.9,175.1,0,160.2,1.3,14.5
2025-04-11 18:57:45,174.2,155.7,170.7,174.1,169.6,178.6,172.0,175.3,173.1,175.2,0,160.3,1.6,14.5
2025-04-11 18:57:50,174.3,155.5,170.9,174.1,169.6,178.7,171.9,175.2,173.0,175.2,0,160.1,2.0,14.5
2025-04-11 18:57:55,174.3,155.6,170.8,174.2,169.4,178.8,172.0,175.2,173.0,175.2,0,159.9,2.0,14.6
2025-04-11 18:58:00,174.2,156.1,170.8,174.3,169.3,178.6,171.8,175.1,173.1,175.1,0,159.7,1.6,14.6
2025-04-11 18:58:05,174.2,156.5,170.9,174.2,169.1,178.5,171.6,175.2,172.9,175.0,0,159.5,1.3,14.6
2025-04-11 18:58:10,174.1,157.0,170.7,174.0,169.0,178.4,171.5,175.0,172.9,174.8,0,159.1,1.5,14.6
2025-04-11 18:58:15,174.0,157.2,170.5,174.0,168.7,178.1,171.2,174.9,172.7,174.6,0,158.8,1.3,14.6
2025-04-11 18:58:20,174.1,157.3,170.2,173.8,168.6,177.9,171.0,174.6,172.5,174.2,0,158.3,1.8,14.6
2025-04-11 18:58:25,173.6,157.6,169.7,173.7,168.1,177.5,170.4,174.1,172.0,173.8,0,157.7,1.7,14.6
2025-04-11 18:58:30,173.0,157.4,169.2,173.3,167.8,177.2,169.9,173.6,171.8,173.5,0,157.2,1.4,14.6
2025-04-11 18:58:35,172.6,157.3,168.7,172.7,167.2,176.7,169.5,173.3,171.4,173.2,0,156.9,1.4,14.6
2025-04-11 18:58:40,172.2,157.2,168.4,172.3,166.7,176.4,169.4,172.9,170.9,172.6,0,156.2,1.0,14.6
2025-04-11 18:58:45,171.7,156.7,167.9,172.0,166.4,176.0,169.0,172.5,170.6,172.4,0,156.0,0.9,14.6
2025-04-11 18:58:50,171.2,156.1,167.4,171.3,166.0,175.3,168.3,172.0,170.2,171.9,0,155.4,0.8,14.6
2025-04-11 18:58:55,170.7,155.7,167.0,170.8,165.5,174.9,167.8,171.3,169.3,171.3,0,154.8,1.0,14.6
2025-04-11 18:59:00,170.0,155.6,166.9,170.6,165.3,174.6,167.5,171.0,169.2,170.7,0,154.1,0.9,14.7
2025-04-11 18:59:05,169.4,154.9,166.0,169.6,164.8,173.8,166.8,170.3,168.5,170.1,0,153.5,0.9,14.7
2025-04-11 18:59:10,168.8,154.4,165.4,168.9,164.0,173.2,166.2,169.8,168.0,169.6,0,152.9,1.2,14.7
2025-04-11 18:59:15,168.3,154.1,165.2,168.5,163.5,172.4,165.4,169.0,167.3,168.9,0,152.5,1.5,14.7
2025-04-11 18:59:20,167.6,153.7,164.8,168.0,162.8,172.0,164.6,168.6,166.8,168.4,0,151.6,1.2,14.7
2025-04-11 18:59:25,167.0,153.2,164.0,167.1,162.3,171.5,164.1,168.0,166.3,167.8,0,151.4,1.2,14.7
2025-04-11 18:59:30,166.4,152.8,163.5,166.6,161.5,170.8,163.4,167.4,165.7,167.3,0,150.4,0.8,14.7
2025-04-11 18:59:35,165.7,152.3,162.9,166.1,161.0,170.4,162.9,166.8,165.1,166.8,0,149.8,0.7,14.7
2025-04-11 18:59:40,165.5,151.6,162.3,165.7,160.4,169.7,162.7,166.8,164.8,166.5,0,149.3,0.6,14.7
2025-04-11 18:59:45,164.9,151.1,162.0,165.4,160.0,169.4,162.2,165.9,164.0,165.9,0,148.9,0.5,14.7
2025-04-11 18:59:50,164.6,150.8,161.6,165.1,159.5,169.2,161.8,165.7,163.6,165.7,0,148.3,0.4,14.7
2025-04-11 18:59:55,164.2,150.2,161.3,164.8,159.1,168.9,161.5,165.5,163.3,165.3,0,147.6,0.3,14.8
2025-04-11 19:00:00,163.9,149.5,161.0,164.6,158.9,168.7,161.4,165.1,163.0,165.0,0,147.1,0.3,14.8
2025-04-11 19:00:05,163.8,149.3,160.9,164.4,158.6,168.3,161.0,165.0,162.6,164.8,0.1,146.8,0.3,14.8
2025-04-11 19:00:10,163.6,149.1,160.6,163.9,158.1,168.3,160.9,164.5,162.4,164.5,0.5,146.5,0.4,14.8
2025-04-11 19:00:15,163.4,149.2,160.5,163.8,158.0,168.0,160.6,164.4,162.1,164.4,0.7,146.1,0.3,14.8
2025-04-11 19:00:20,163.2,149.4,160.5,163.7,158.0,167.8,160.5,164.2,162.1,164.2,1.3,145.6,0.6,14.8
2025-04-11 19:00:25,163.3,149.6,160.5,163.6,157.7,167.8,160.4,164.0,162.1,164.2,1.6,145.3,0.4,14.8
2025-04-11 19:00:30,163.3,149.7,160.6,163.7,157.5,167.6,160.3,164.0,162.1,164.1,1.8,145.0,0.4,14.8
2025-04-11 19:00:35,163.3,149.8,160.6,163.6,157.3,167.6,160.3,163.8,161.8,163.8,1.6,144.6,0.3,14.8
2025-04-11 19:00:40,163.2,150.0,160.3,163.3,156.9,167.3,160.0,163.5,161.4,163.5,1.2,144.0,0.2,14.8
2025-04-11 19:00:45,163.2,149.9,160.2,163.0,156.4,166.9,159.6,163.0,161.0,163.0,0.7,143.7,0.1,14.8
2025-04-11 19:00:50,162.6,149.6,159.8,162.8,156.0,166.5,159.1,162.6,160.5,162.5,0.4,142.7,0.7,14.9
2025-04-11 19:00:55,162.4,149.5,159.5,162.3,155.6,166.0,158.8,162.5,160.1,162.1,0.1,142.3,0.8,14.9
2025-04-11 19:01:00,162.1,149.4,159.0,161.9,155.1,165.6,158.1,161.8,159.7,161.6,0,141.7,0.8,14.9
2025-04-11 19:01:05,161.8,149.4,158.6,161.5,154.8,165.2,157.7,161.3,159.2,161.3,0,141.6,0.8,14.9
2025-04-11 19:01:10,161.6,149.1,158.1,161.0,154.6,164.8,157.3,161.1,159.0,161.1,0,141.3,0.7,14.9
2025-04-11 19:01:15,161.2,148.8,157.9,160.8,154.4,164.5,157.0,160.7,158.7,160.8,0,140.9,0.7,14.9
2025-04-11 19:01:20,161.0,148.6,157.7,160.6,154.2,164.4,157.0,160.5,158.6,160.7,0,140.7,0.8,14.9
2025-04-11 19:01:25,161.0,148.3,157.6,160.6,154.2,164.3,157.1,160.4,158.5,160.6,0,140.5,0.9,15.0
2025-04-11 19:01:30,160.9,148.2,157.5,160.3,154.2,164.2,156.9,160.5,158.5,160.5,0,140.4,1.2,15.0
2025-04-11 19:01:35,160.8,148.0,157.5,160.3,154.1,164.1,157.0,160.6,158.5,160.5,0,140.3,1.3,15.0
2025-04-11 19:01:40,160.9,147.9,157.5,160.4,154.1,164.2,156.9,160.8,158.5,160.6,0,140.1,1.3,15.0
2025-04-11 19:01:45,161.0,148.0,157.6,160.5,154.3,164.3,156.9,161.0,158.5,160.7,0,140.2,1.4,15.0
2025-04-11 19:01:50,161.4,148.5,157.8,160.4,154.3,164.6,157.1,161.1,158.8,160.9,0,140.3,1.3,15.0
2025-04-11 19:01:55,161.7,149.0,158.2,160.8,155.0,164.9,157.4,161.3,159.0,161.1,0,140.4,1.3,15.0
2025-04-11 19:02:00,161.9,149.2,158.4,161.1,155.6,165.1,157.9,161.7,159.1,161.5,0,140.5,1.4,15.0
2025-04-11 19:02:05,162.0,149.4,158.6,161.4,155.9,165.4,158.2,161.9,159.7,162.0,0,140.8,1.4,15.1
2025-04-11 19:02:10,162.4,149.5,159.1,162.2,156.4,165.8,158.8,162.4,160.2,162.5,0,140.9,1.4,15.1
2025-04-11 19:02:15,162.9,149.7,159.5,162.7,156.7,166.3,159.5,162.9,160.7,162.8,0.1,141.1,1.3,15.1
2025-04-11 19:02:20,163.9,150.1,160.4,163.7,157.5,167.4,160.1,163.8,161.4,163.6,0.7,141.4,1.3,15.1
2025-04-11 19:02:25,164.7,150.8,161.4,165.2,158.5,168.1,161.0,164.8,162.1,164.6,1.2,141.8,1.1,15.1
2025-04-11 19:02:30,165.6,152.0,162.1,165.3,158.8,168.9,160.9,165.0,162.5,165.0,1.3,142.2,1.1,15.1
2025-04-11 19:02:35,166.0,152.3,162.7,165.9,159.2,169.5,162.0,165.9,163.5,165.9,1.2,142.2,1.1,15.1
2025-04-11 19:02:40,166.5,152.8,163.3,166.3,159.5,170.0,162.4,166.4,164.1,166.1,1.0,142.3,1.3,15.1
2025-04-11 19:02:45,167.2,153.6,163.9,166.7,159.9,170.7,162.7,166.7,164.5,166.5,0.7,142.4,1.3,15.1
2025-04-11 19:02:50,167.6,154.1,164.3,167.1,160.1,170.9,163.1,167.3,165.0,166.8,0.4,142.5,1.2,15.1
2025-04-11 19:02:55,168.0,154.4,164.8,167.3,160.3,171.1,163.2,167.5,165.0,167.1,0.2,142.6,1.2,15.1
2025-04-11 19:03:00,168.0,154.7,164.9,167.8,160.5,171.6,163.7,168.0,165.4,167.4,0.1,142.6,1.4,15.2
2025-04-11 19:03:05,168.3,154.9,165.2,168.1,160.5,172.1,163.9,168.1,165.9,167.7,0.0,142.7,1.5,15.2
2025-04-11 19:03:10,168.7,155.0,165.5,168.2,160.5,172.3,163.9,168.3,165.9,167.8,0.0,142.6,1.8,15.2
2025-04-11 19:03:15,168.8,154.9,165.5,168.3,160.6,172.2,163.9,168.5,165.7,167.9,0.0,142.4,1.9,15.2
2025-04-11 19:03:20,168.9,155.0,165.5,168.3,160.7,172.2,163.8,168.5,165.7,168.0,0.1,142.3,1.6,15.2
2025-04-11 19:03:25,169.0,155.0,165.5,168.5,160.7,172.4,163.8,168.6,166.0,168.1,0.1,142.2,1.5,15.2
2025-04-11 19:03:30,169.0,155.2,165.7,168.8,160.7,172.4,163.9,168.9,166.1,168.3,0.1,142.1,1.4,15.2
2025-04-11 19:03:35,169.0,155.3,165.7,168.9,160.8,172.5,164.0,169.0,166.3,168.5,0.0,141.9,1.4,15.2
2025-04-11 19:03:40,169.1,155.4,165.7,169.1,160.8,172.4,164.2,169.1,166.4,168.5,0.0,141.7,1.4,15.2
2025-04-11 19:03:45,169.1,155.4,165.6,169.2,160.9,172.5,164.0,169.2,166.4,168.6,0.1,141.6,1.4,15.3
2025-04-11 19:03:50,169.1,155.5,165.7,169.3,160.8,172.7,164.1,169.2,166.4,168.6,0.1,141.4,1.3,15.3
2025-04-11 19:03:55,169.1,155.8,165.6,169.2,160.8,172.8,164.1,169.2,166.3,168.5,0.1,141.0,1.3,15.3
2025-04-11 19:04:00,169.0,155.9,165.4,169.1,160.6,172.9,164.1,169.1,166.3,168.5,0.2,140.8,1.3,15.3
2025-04-11 19:04:05,169.0,156.0,165.3,169.0,160.6,172.8,163.9,169.0,166.2,168.4,0.4,140.5,1.3,15.3
2025-04-11 19:04:10,168.8,155.8,165.3,169.0,160.5,172.7,163.8,169.0,166.2,168.4,0.5,140.3,1.3,15.3
2025-04-11 19:04:15,168.5,155.9,165.3,168.7,160.3,172.5,163.7,168.8,166.0,168.2,0.7,139.8,1.4,15.3
2025-04-11 19:04:20,168.5,155.8,165.1,168.5,160.2,172.3,163.5,168.6,165.8,168.0,0.8,139.5,1.4,15.3
2025-04-11 19:04:25,168.0,155.6,164.6,167.9,160.0,172.1,163.3,168.3,165.5,167.5,0.8,138.9,1.3,15.3
2025-04-11 19:04:30,167.6,155.2,164.3,167.6,159.2,171.4,162.4,167.6,164.8,167.1,0.8,138.3,1.2,15.3
2025-04-11 19:04:35,167.1,154.6,163.9,167.2,158.7,170.7,161.9,167.2,164.5,166.6,0.8,137.8,1.1,15.3
2025-04-11 19:04:40,166.8,154.2,163.5,166.8,158.5,170.4,161.3,166.8,164.1,166.0,1.2,137.2,0.9,15.3
2025-04-11 19:04:45,166.0,153.8,162.9,166.4,158.2,169.9,161.0,166.4,163.6,165.6,1.6,136.6,0.9,15.3
2025-04-11 19:04:50,165.8,153.9,162.7,165.8,157.7,169.4,160.7,166.0,163.2,165.2,2.4,135.9,0.8,15.4
2025-04-11 19:04:55,165.4,154.4,162.3,165.5,157.3,169.1,160.4,165.8,162.8,165.0,3.2,135.4,0.8,15.4
2025-04-11 19:05:00,165.3,154.6,162.1,165.5,157.1,168.9,160.2,165.7,162.5,164.9,4.1,134.9,0.7,15.4
2025-04-11 19:05:05,165.1,154.6,161.9,165.0,156.7,168.4,159.8,165.1,162.4,164.7,4.8,134.5,0.6,15.4
2025-04-11 19:05:10,164.7,154.2,161.6,164.7,156.1,167.9,159.3,164.9,161.6,164.2,6.1,133.5,0.5,15.4
2025-04-11 19:05:15,164.1,153.9,161.1,164.1,155.4,167.4,159.0,164.5,161.2,164.0,6.4,133.2,0.4,15.4
2025-04-11 19:05:20,163.9,153.4,161.1,164.0,155.2,167.4,159.1,164.6,161.0,163.6,7.1,132.4,0.4,15.4
2025-04-11 19:05:25,163.8,153.7,160.8,164.0,154.6,167.0,157.9,163.9,160.3,162.9,6.9,132.2,0.3,15.4
2025-04-11 19:05:30,161.9,151.7,159.4,162.6,154.3,166.4,157.5,163.4,159.9,162.3,5.3,131.2,0.3,15.4
2025-04-11 19:05:35,161.7,151.5,158.9,162.1,153.1,165.3,156.4,162.6,159.1,161.8,5.1,130.6,0.2,15.4
2025-04-11 19:05:40,161.1,151.4,158.4,162.1,152.6,165.0,156.2,162.4,158.8,161.7,5.4,130.1,0.2,15.5
2025-04-11 19:05:45,160.9,151.5,158.4,162.0,152.7,165.1,157.7,162.4,158.8,162.2,9.6,129.7,0.1,15.4
2025-04-11 19:05:50,166.0,152.4,163.7,165.0,154.8,166.4,159.5,163.4,159.0,162.4,10.9,130.0,0.1,15.5
2025-04-11 19:05:55,171.8,156.9,163.7,164.3,158.1,168.3,160.3,164.8,159.4,161.8,8.5,131.0,0.0,15.5
2025-04-11 19:06:00,164.4,152.9,159.2,162.3,152.3,165.7,156.7,162.1,158.2,161.2,8.0,129.7,0.0,15.5
2025-04-11 19:06:05,161.7,152.1,158.6,161.5,151.8,164.9,156.2,161.8,157.8,160.9,8.2,128.5,0.0,15.5
2025-04-11 19:06:10,161.3,151.5,158.7,161.8,151.4,164.4,155.9,161.6,157.5,161.0,10.1,128.2,0.0,15.5
2025-04-11 19:06:15,164.3,151.4,160.6,161.8,154.4,164.9,162.0,164.0,160.2,173.7,49.9,128.4,0.0,15.5
2025-04-11 19:06:20,174.9,157.2,178.9,173.9,166.1,178.4,167.8,178.0,167.7,169.4,54.2,132.1,0.0,15.5
2025-04-11 19:06:25,171.9,163.4,172.3,172.0,166.0,176.1,172.2,173.4,166.1,171.3,43.6,131.9,0.0,15.5
2025-04-11 19:06:30,183.4,170.4,179.9,179.6,165.1,178.0,164.8,170.2,162.0,163.2,16.2,134.5,0.0,15.5
2025-04-11 19:06:35,170.7,161.3,164.8,167.9,154.2,167.8,160.8,166.1,159.8,161.5,10.7,130.2,0.0,15.6
2025-04-11 19:06:40,163.2,154.7,159.8,163.1,151.9,165.4,155.8,162.1,158.1,160.6,8.2,128.1,0.0,15.6
2025-04-11 19:06:45,161.4,152.9,158.2,162.2,150.8,164.3,155.1,161.3,157.2,160.1,7.4,126.9,0.1,15.6
2025-04-11 19:06:50,160.5,152.7,158.2,161.6,150.4,164.1,154.9,161.2,156.9,159.9,7.2,126.5,0.2,15.6
2025-04-11 19:06:55,160.4,152.4,158.6,161.5,150.2,163.8,155.1,161.1,156.6,160.2,8.8,126.3,0.2,15.6
2025-04-11 19:07:00,167.3,152.4,160.3,161.8,152.9,164.5,157.1,161.9,157.0,165.1,26.0,127.0,0.2,15.6
2025-04-11 19:07:05,169.7,154.8,170.4,166.3,180.8,178.3,205.7,190.3,177.7,204.4,149.1,136.4,0.3,15.6
2025-04-11 19:07:10,251.2,218.7,244.5,222.7,232.5,225.1,253.9,237.1,217.1,251.4,293.6,158.3,0.5,15.6
2025-04-11 19:07:15,279.7,259.2,296.8,279.1,278.3,279.8,271.7,255.9,230.2,288.6,402.7,173.0,0.5,15.7
2025-04-11 19:07:20,300.2,293.6,316.4,308.6,291.0,305.0,308.8,310.5,277.3,300.2,443.5,185.9,0.6,15.7
2025-04-11 19:07:25,306.2,305.2,319.9,314.3,292.9,307.1,310.0,309.0,277.6,300.9,430.5,189.1,0.7,15.7
2025-04-11 19:07:30,307.8,307.1,321.1,316.5,294.2,310.3,310.9,313.3,283.7,310.4,450.0,189.8,0.6,15.7
2025-04-11 19:07:35,308.1,308.1,321.2,317.1,294.6,311.5,311.3,315.5,286.2,311.1,448.4,190.1,0.7,15.7
2025-04-11 19:07:40,307.7,308.2,321.0,317.0,294.2,311.1,310.7,314.5,286.6,312.5,449.1,190.0,0.6,15.7
2025-04-11 19:07:45,305.2,305.9,318.7,315.6,293.7,310.4,311.2,316.5,288.9,314.5,452.6,189.3,0.5,15.7
2025-04-11 19:07:50,305.9,307.6,321.4,318.3,296.1,313.6,313.9,318.1,290.4,315.5,453.8,190.2,0.5,15.7
2025-04-11 19:07:55,309.7,310.1,322.8,320.0,297.6,314.5,315.2,319.6,291.5,316.8,454.6,191.2,0.5,15.7
2025-04-11 19:08:00,311.3,311.8,325.2,321.2,298.5,315.6,316.4,320.8,292.2,317.9,454.8,191.8,0.4,15.8
2025-04-11 19:08:05,311.3,312.2,324.9,321.6,298.6,316.0,316.5,321.8,293.4,319.8,455.8,192.3,0.4,15.8
2025-04-11 19:08:10,311.3,312.5,325.6,322.3,300.1,317.8,318.9,323.5,295.5,320.8,455.5,192.8,0.6,15.8
2025-04-11 19:08:15,312.9,314.2,327.3,324.6,299.0,318.4,314.3,324.2,295.9,321.1,448.8,193.3,0.6,15.8
2025-04-11 19:08:20,304.2,306.4,319.5,320.5,284.9,311.4,315.2,323.6,295.6,309.8,408.0,191.7,0.6,15.8
2025-04-11 19:08:25,290.3,291.7,309.3,306.1,297.2,313.6,319.3,326.8,297.8,322.4,453.0,185.6,0.6,15.8
2025-04-11 19:08:30,311.7,313.5,324.7,326.0,296.3,319.1,317.7,325.2,297.9,322.7,447.2,194.1,0.9,15.8
2025-04-11 19:08:35,304.7,312.6,321.8,325.2,297.2,321.6,316.3,326.3,297.1,317.1,422.9,193.3,1.2,15.9
2025-04-11 19:08:40,306.9,308.9,321.3,320.4,300.9,317.6,316.3,321.6,295.6,323.5,445.5,191.8,1.4,15.9
2025-04-11 19:08:45,312.0,309.4,330.1,326.8,305.1,323.4,323.7,327.4,297.9,321.4,434.1,196.0,2.0,15.9
2025-04-11 19:08:50,320.5,318.2,331.7,329.3,305.3,322.6,320.4,323.9,292.6,297.0,355.0,195.8,2.1,15.9
2025-04-11 19:08:55,311.0,302.0,303.8,300.5,285.0,302.4,290.8,291.8,274.2,309.8,394.7,186.9,1.9,15.9
2025-04-11 19:09:00,295.9,286.2,302.4,304.3,284.7,306.5,306.0,303.1,287.3,317.7,416.6,185.9,1.9,15.9
2025-04-11 19:09:05,287.4,293.7,303.3,306.6,282.9,305.2,303.2,309.0,285.8,316.8,411.7,186.0,2.0,16.0
2025-04-11 19:09:10,294.8,291.4,318.6,310.2,297.2,311.0,319.3,320.8,294.1,321.7,428.0,187.4,1.7,16.0
2025-04-11 19:09:15,311.1,305.4,327.6,322.3,299.6,316.8,307.4,312.5,272.6,292.6,343.9,193.2,1.3,16.0
2025-04-11 19:09:20,308.5,304.2,310.4,306.2,284.3,289.3,306.4,296.9,268.8,308.1,384.7,188.7,1.2,16.0
2025-04-11 19:09:25,300.7,286.8,309.2,296.0,293.5,296.9,313.3,302.2,276.7,290.6,324.0,188.1,1.3,16.0
2025-04-11 19:09:30,300.3,282.5,299.8,297.2,265.4,280.2,259.5,287.3,266.5,243.3,170.9,186.0,1.1,16.0
2025-04-11 19:09:35,260.5,252.3,251.4,257.7,242.8,247.3,265.5,244.1,238.3,247.0,188.8,170.9,1.0,16.0
2025-04-11 19:09:40,265.5,253.9,263.8,256.2,247.2,254.2,248.0,244.7,225.1,229.4,130.4,171.6,0.9,16.1
2025-04-11 19:09:45,258.5,229.6,250.4,244.3,225.5,241.9,233.2,235.9,239.9,290.6,309.1,166.2,1.1,16.1
2025-04-11 19:09:50,249.4,228.9,241.0,244.7,252.3,279.9,283.2,310.1,274.2,321.1,394.1,184.3,1.2,16.1
2025-04-11 19:09:55,295.9,298.8,296.2,308.7,274.1,311.2,315.2,326.9,299.3,331.2,429.4,192.6,1.3,16.1
2025-04-11 19:10:00,298.8,309.2,330.5,327.6,304.7,326.2,328.1,334.2,303.9,332.4,428.6,200.9,1.3,16.1
2025-04-11 19:10:05,323.7,322.4,339.4,334.5,305.7,329.5,330.8,335.1,304.2,331.3,422.1,203.1,1.2,16.1
2025-04-11 19:10:10,326.6,323.2,340.9,334.5,302.5,328.6,330.1,331.4,302.8,323.5,397.6,203.2,1.3,16.2
2025-04-11 19:10:15,327.0,321.3,338.8,331.1,297.1,325.7,323.4,326.8,296.1,318.6,377.4,203.2,1.4,16.2
2025-04-11 19:10:20,325.0,318.4,331.4,329.6,292.1,325.2,329.1,327.5,300.0,326.9,403.0,202.8,1.6,16.2
2025-04-11 19:10:25,322.5,319.7,337.0,331.4,289.5,326.3,328.5,331.6,303.5,329.7,404.8,203.9,1.7,16.2
2025-04-11 19:10:30,326.0,318.4,337.3,331.3,284.7,327.5,330.3,333.3,304.9,335.4,417.9,205.6,2.1,16.2
2025-04-11 19:10:35,330.5,325.9,343.5,339.1,281.9,335.7,336.0,341.2,312.8,341.1,432.6,208.0,1.7,16.2
2025-04-11 19:10:40,331.5,330.3,349.1,344.3,277.1,338.9,339.4,344.6,313.2,319.2,360.5,210.5,1.5,16.2
2025-04-11 19:10:45,331.9,323.7,342.8,338.6,259.7,320.0,315.4,307.4,277.9,281.0,246.6,205.2,1.4,16.3
2025-04-11 19:10:50,323.4,312.1,332.3,322.0,244.9,303.8,297.2,287.7,263.6,296.6,295.8,199.9,1.2,16.3
2025-04-11 19:10:55,315.2,292.1,327.2,311.1,251.6,312.3,315.2,318.7,291.8,340.6,416.0,199.2,1.2,16.3
2025-04-11 19:11:00,311.8,307.5,335.2,329.5,254.2,332.7,332.7,339.4,308.4,339.7,395.5,206.0,1.3,16.3
2025-04-11 19:11:05,323.5,322.2,342.8,335.4,252.2,337.6,343.8,347.3,316.6,342.7,413.2,210.0,1.2,16.3
2025-04-11 19:11:10,340.6,336.6,354.8,348.1,250.9,342.6,343.6,347.6,315.8,344.3,417.2,215.5,1.5,16.3
2025-04-11 19:11:15,339.2,336.6,352.7,348.3,244.6,346.9,351.5,352.5,323.0,352.7,440.5,215.6,1.4,16.3
2025-04-11 19:11:20,342.7,341.9,358.4,355.4,236.2,347.3,316.1,340.5,301.8,324.9,342.7,218.4,1.2,16.3
2025-04-11 19:11:25,285.5,338.5,264.4,321.5,223.7,296.8,262.3,279.5,261.3,255.4,122.5,194.2,1.1,16.4
2025-04-11 19:11:30,243.5,234.1,246.0,253.6,215.0,250.6,242.0,251.9,244.4,256.6,130.5,179.1,1.0,16.4
2025-04-11 19:11:35,238.6,228.2,247.3,246.7,215.1,255.2,267.9,268.2,254.1,265.5,156.6,178.9,1.2,16.4
2025-04-11 19:11:40,270.4,257.1,265.9,270.2,214.0,260.7,247.5,258.1,246.0,251.1,106.1,184.9,1.3,16.4
2025-04-11 19:11:45,246.7,230.1,245.3,247.8,213.2,247.9,238.9,246.1,231.9,235.6,57.5,180.0,1.5,16.4
2025-04-11 19:11:50,243.9,224.7,248.1,241.2,212.9,248.1,275.7,261.6,255.0,268.0,165.5,179.1,1.3,16.4
2025-04-11 19:11:55,283.3,253.8,308.3,292.5,214.3,303.2,304.3,310.3,275.7,279.9,195.1,204.1,1.2,16.5
2025-04-11 19:12:00,307.9,296.4,304.7,298.5,214.7,288.0,299.6,289.0,267.8,283.9,212.0,202.9,1.2,16.5
2025-04-11 19:12:05,312.6,291.1,285.9,290.6,214.9,266.4,267.1,275.2,248.1,240.2,63.6,202.0,1.4,16.5
2025-04-11 19:12:10,253.0,237.2,242.0,243.7,214.8,239.3,232.7,234.8,228.6,229.4,31.8,182.2,1.4,16.5
2025-04-11 19:12:15,251.7,221.2,239.2,237.8,214.7,236.6,238.4,236.2,225.6,233.4,44.3,181.1,1.2,16.5
2025-04-11 19:12:20,256.0,227.3,246.3,243.3,214.7,240.5,242.3,245.0,236.4,245.8,79.9,182.0,1.9,16.5
2025-04-11 19:12:25,243.8,226.5,239.7,240.3,214.7,243.9,236.6,241.6,229.6,235.5,47.7,181.9,2.2,16.6
2025-04-11 19:12:30,239.0,220.6,229.9,233.9,214.6,232.1,223.5,230.3,227.0,230.5,30.5,179.4,2.2,16.6
2025-04-11 19:12:35,225.6,209.9,222.1,226.0,214.4,226.3,221.6,226.3,219.2,225.3,18.1,175.1,2.2,16.6
2025-04-11 19:12:40,224.3,206.9,221.3,224.0,214.1,225.8,220.2,225.7,218.0,224.9,17.5,174.5,2.1,16.6
2025-04-11 19:12:45,223.8,205.6,220.2,223.6,213.3,225.3,220.2,225.9,218.5,225.7,23.4,174.3,1.9,16.6
2025-04-11 19:12:50,223.6,205.3,220.5,223.4,212.8,225.4,219.7,225.9,218.2,224.4,20.7,174.4,1.8,16.6
2025-04-11 19:12:55,224.1,204.6,220.3,223.2,212.4,224.9,219.6,225.3,217.2,224.7,26.3,174.2,1.8,16.7
2025-04-11 19:13:00,225.9,205.8,223.5,225.2,211.2,226.5,221.6,226.8,218.2,225.7,29.5,175.2,1.8,16.7
2025-04-11 19:13:05,225.8,207.0,221.3,224.6,210.3,225.9,218.3,226.6,217.9,224.4,25.7,175.1,1.5,16.7
2025-04-11 19:13:10,223.0,206.2,217.8,221.9,209.9,222.7,216.1,223.0,214.5,220.3,15.6,174.0,1.1,16.7
2025-04-11 19:13:15,219.5,202.8,215.1,219.1,209.3,220.9,215.0,221.7,213.4,219.3,15.1,173.0,0.9,16.7
2025-04-11 19:13:20,218.6,202.1,213.5,218.9,208.7,219.9,213.6,220.4,212.6,218.0,13.4,173.0,0.8,16.7
2025-04-11 19:13:25,217.0,200.0,213.0,217.6,207.7,219.4,212.9,219.6,211.8,217.2,13.1,172.1,0.8,16.7
2025-04-11 19:13:30,216.5,198.9,212.6,216.6,206.9,218.7,212.9,219.2,210.3,216.4,13.2,172.1,1.1,16.7
2025-04-11 19:13:35,216.1,199.0,211.9,215.0,206.2,217.1,210.9,218.9,210.3,215.8,12.9,171.8,1.5,16.7
2025-04-11 19:13:40,214.0,197.3,210.9,214.5,205.7,216.9,209.8,217.5,209.2,215.1,12.5,171.2,1.5,16.7
2025-04-11 19:13:45,213.4,196.0,209.8,213.8,205.0,216.0,209.3,216.8,208.5,214.4,12.1,171.0,1.7,16.7
2025-04-11 19:13:50,211.9,194.9,208.5,212.8,204.0,215.5,208.0,215.8,208.1,213.6,12.0,170.7,1.5,16.7
2025-04-11 19:13:55,211.6,194.1,208.4,212.5,203.7,215.1,208.0,215.0,207.4,213.2,12.9,170.4,2.1,16.8
2025-04-11 19:14:00,214.3,193.9,209.7,212.9,203.3,215.3,208.8,215.1,207.1,212.9,15.0,170.7,2.9,16.8
2025-04-11 19:14:05,217.2,194.9,214.8,214.9,202.3,215.2,209.6,215.1,207.1,212.8,17.2,171.1,3.1,16.8
2025-04-11 19:14:10,212.9,197.1,211.2,214.4,201.3,214.3,207.9,214.8,207.9,219.1,41.0,170.7,3.2,16.8
2025-04-11 19:14:15,213.0,194.3,217.6,216.5,200.8,223.1,222.6,227.3,218.7,241.8,117.6,174.4,3.2,16.8
2025-04-11 19:14:20,227.3,208.1,222.4,225.2,199.9,232.4,226.3,242.7,231.6,238.5,98.8,176.1,2.5,16.8
2025-04-11 19:14:25,222.8,212.9,220.6,227.7,198.8,226.3,218.7,229.8,222.2,223.8,82.8,175.7,2.2,16.8
2025-04-11 19:14:30,218.3,202.3,219.3,222.2,197.2,224.3,217.1,225.6,216.8,224.0,64.4,173.2,1.8,16.8
2025-04-11 19:14:35,217.8,202.0,218.5,220.8,196.0,223.6,216.0,223.3,215.6,221.5,60.2,172.4,1.4,16.8
2025-04-11 19:14:40,216.0,199.9,215.2,219.4,195.0,221.7,216.4,223.9,214.5,217.3,50.8,171.3,1.2,16.8
2025-04-11 19:14:45,211.5,197.2,209.2,212.8,193.4,216.9,207.6,216.1,208.0,215.0,48.4,169.2,1.2,16.8
2025-04-11 19:14:50,212.0,193.1,208.2,210.6,192.0,211.1,200.5,213.2,204.1,205.7,20.3,168.1,1.0,16.8
2025-04-11 19:14:55,211.8,190.3,206.2,205.9,190.9,206.1,199.3,205.6,198.4,203.3,21.8,165.5,1.1,16.8
2025-04-11 19:15:00,216.7,187.5,208.0,205.5,189.6,208.4,213.0,211.3,200.8,209.9,47.8,166.8,1.1,16.8
2025-04-11 19:15:05,236.4,201.1,234.3,222.6,188.2,219.7,214.8,216.8,203.1,210.7,51.2,171.3,1.2,16.8
2025-04-11 19:15:10,225.7,202.9,222.0,215.1,187.1,216.3,236.2,223.1,216.1,224.5,105.2,168.7,2.0,16.8
2025-04-11 19:15:15,252.0,212.9,277.0,251.4,186.3,268.2,299.0,291.0,270.5,306.3,354.4,179.4,2.0,16.8
2025-04-11 19:15:20,300.5,291.0,313.3,287.0,186.1,298.3,301.7,309.9,275.5,281.7,286.5,201.1,1.5,16.8
2025-04-11 19:15:25,281.8,277.6,282.8,292.6,185.3,280.1,274.8,279.7,263.6,295.2,336.4,192.2,1.9,16.8
2025-04-11 19:15:30,272.9,265.9,295.6,286.8,184.2,300.3,299.2,303.0,285.5,320.1,420.2,192.7,1.8,16.8
2025-04-11 19:15:35,291.6,286.6,321.6,310.0,183.7,314.1,315.2,323.2,295.1,316.1,408.6,204.3,1.7,16.8
2025-04-11 19:15:40,307.3,302.3,321.1,314.0,183.1,311.3,306.2,314.7,285.7,304.1,374.3,203.1,1.5,16.8
2025-04-11 19:15:45,305.4,298.2,316.5,305.4,182.1,302.3,304.7,308.2,284.0,304.5,380.8,201.2,1.5,16.8
2025-04-11 19:15:50,308.1,296.5,327.4,312.7,180.8,313.5,316.8,321.3,288.5,318.0,429.3,202.3,1.3,16.8
2025-04-11 19:15:55,311.1,306.7,329.1,317.6,180.2,317.3,316.4,324.2,293.0,311.1,408.3,203.9,1.1,16.8
2025-04-11 19:16:00,311.0,307.3,325.1,316.0,179.2,308.6,298.6,319.9,286.3,292.6,351.6,203.6,1.1,16.8
2025-04-11 19:16:05,301.4,295.6,307.9,297.1,178.2,293.2,304.7,304.9,284.9,312.0,417.8,197.3,1.3,16.8
2025-04-11 19:16:10,300.3,287.7,321.3,308.2,177.0,310.2,311.6,318.5,286.8,315.4,431.7,198.0,1.3,16.8
2025-04-11 19:16:15,305.5,299.9,324.1,312.9,176.1,308.3,299.9,304.9,271.2,285.5,343.9,199.9,1.3,16.8
2025-04-11 19:16:20,305.8,291.4,319.2,303.7,174.8,298.4,300.4,297.3,268.6,287.8,353.8,196.4,1.4,16.8
2025-04-11 19:16:25,306.6,293.6,319.7,303.8,173.9,295.8,298.9,297.8,269.0,294.8,379.7,196.2,1.6,16.8
2025-04-11 19:16:30,304.0,294.6,318.5,303.4,172.7,297.6,299.2,299.6,271.7,301.7,408.8,195.7,1.5,16.8
2025-04-11 19:16:35,304.4,291.9,322.0,305.6,172.2,305.7,310.3,313.6,282.5,310.6,437.4,197.6,1.5,16.9
2025-04-11 19:16:40,306.6,302.4,324.2,310.5,171.0,307.3,308.9,314.2,282.3,303.5,415.1,197.3,1.7,16.9
2025-04-11 19:16:45,299.7,295.4,310.5,296.2,170.0,291.6,295.1,303.9,277.9,305.2,417.6,193.2,1.9,16.9
2025-04-11 19:16:50,281.2,274.8,298.5,293.3,169.0,291.8,284.8,299.6,273.9,299.9,404.4,190.1,1.8,16.9
2025-04-11 19:16:55,261.3,268.1,271.7,273.0,168.0,270.6,254.1,285.1,261.8,273.1,314.2,183.6,1.6,16.9
2025-04-11 19:17:00,237.8,239.4,245.0,251.1,166.9,253.2,225.1,260.1,249.1,245.7,227.3,174.9,1.4,16.9
2025-04-11 19:17:05,226.5,232.1,233.3,242.7,166.8,249.1,218.7,255.2,248.3,272.8,316.4,170.5,1.4,16.9
2025-04-11 19:17:10,220.0,229.0,241.8,247.6,166.2,253.7,243.9,264.5,250.7,271.9,314.0,171.6,1.2,16.9
2025-04-11 19:17:15,228.3,232.3,244.3,248.8,166.0,253.3,246.8,266.3,251.3,272.7,317.2,172.4,1.0,16.9
2025-04-11 19:17:20,240.8,239.8,251.7,252.6,165.9,258.9,259.4,270.9,252.8,276.7,338.1,174.9,1.1,16.9
2025-04-11 19:17:25,262.7,256.0,280.7,266.3,166.0,269.8,271.0,278.5,258.0,285.7,369.9,180.7,1.3,16.9
2025-04-11 19:17:30,270.9,261.2,291.2,278.3,165.9,282.1,286.7,293.3,268.3,293.4,396.8,182.7,1.3,16.9
2025-04-11 19:17:35,288.7,280.5,306.4,294.2,165.6,293.4,288.3,297.2,273.0,298.7,413.1,188.4,1.2,16.9
2025-04-11 19:17:40,292.5,285.5,304.1,294.5,165.1,295.9,297.5,303.6,275.8,304.1,437.5,188.6,1.5,16.9
2025-04-11 19:17:45,293.4,287.0,311.2,298.5,164.8,297.2,298.6,305.1,278.2,305.1,442.1,189.5,1.9,16.9
2025-04-11 19:17:50,293.9,287.9,312.3,300.2,164.5,298.4,296.7,305.4,277.6,302.4,434.4,189.8,1.8,16.9
2025-04-11 19:17:55,292.2,287.3,307.5,296.2,163.9,292.3,290.1,300.4,272.1,295.5,415.1,188.2,2.4,16.9
2025-04-11 19:18:00,287.4,280.4,304.1,292.4,163.4,290.3,290.8,297.1,271.4,298.3,430.3,186.2,2.9,16.9
2025-04-11 19:18:05,290.0,280.6,306.5,293.4,162.5,293.3,293.2,299.9,272.3,298.8,431.9,186.3,2.7,17.0
2025-04-11 19:18:10,291.0,284.0,307.7,295.4,162.0,293.4,293.0,300.0,272.2,298.5,433.7,186.1,2.5,17.0
2025-04-11 19:18:15,289.9,283.6,307.3,294.9,161.3,292.7,292.8,299.3,272.3,298.9,438.0,185.8,3.1,17.0
2025-04-11 19:18:20,289.9,283.8,307.3,294.9,160.6,292.7,293.4,299.5,271.9,298.4,437.7,185.6,3.3,17.0
2025-04-11 19:18:25,289.8,285.0,307.5,295.0,159.8,292.4,293.2,299.4,271.8,297.9,437.9,185.1,3.4,17.0
2025-04-11 19:18:30,289.1,284.3,307.0,294.0,159.2,291.5,290.9,298.7,270.9,295.9,434.0,184.4,3.7,17.0
2025-04-11 19:18:35,288.3,283.9,305.9,292.2,158.5,289.3,289.5,295.6,268.2,294.4,431.1,183.8,3.3,17.0
2025-04-11 19:18:40,286.5,281.5,303.9,290.6,157.8,288.4,289.2,295.4,268.0,293.7,431.7,182.4,3.2,17.0
2025-04-11 19:18:45,285.4,280.9,303.2,290.3,157.0,287.6,288.7,294.4,266.3,292.9,432.1,182.1,3.2,17.0
2025-04-11 19:18:50,284.8,280.8,303.0,289.7,156.7,287.4,287.7,293.4,265.6,291.7,431.7,180.5,3.0,17.0
2025-04-11 19:18:55,283.5,279.6,301.3,288.0,155.4,285.6,285.7,291.4,264.1,290.1,429.8,180.0,3.4,17.0
2025-04-11 19:19:00,282.0,278.3,299.3,286.9,154.4,283.8,284.5,290.7,262.7,288.8,429.0,178.3,3.8,17.0
2025-04-11 19:19:05,280.0,277.4,297.9,285.5,153.7,282.2,281.4,288.0,259.5,283.4,415.9,177.1,3.6,17.0
2025-04-11 19:19:10,278.9,275.7,295.9,282.4,152.8,278.3,279.9,282.9,256.3,281.6,416.9,174.5,3.7,17.0
2025-04-11 19:19:15,278.4,272.5,295.2,281.2,151.7,278.5,279.3,284.4,256.0,281.1,417.5,174.5,3.9,17.0
2025-04-11 19:19:20,276.5,273.1,292.7,280.4,150.9,276.6,276.4,282.7,255.4,280.6,418.2,172.6,3.3,17.0
2025-04-11 19:19:25,265.1,271.0,287.0,276.9,149.9,274.1,270.3,280.8,253.3,277.4,408.8,170.5,2.9,17.0
2025-04-11 19:19:30,253.0,259.4,267.8,264.1,149.1,262.9,254.4,269.2,246.4,267.1,390.0,166.4,2.7,17.0
2025-04-11 19:19:35,236.1,244.8,250.7,250.2,148.2,250.9,241.9,257.8,238.5,257.7,344.3,160.9,2.3,17.0
2025-04-11 19:19:40,221.3,229.7,235.5,236.8,147.2,238.4,231.1,246.4,230.1,253.3,329.8,156.2,3.1,17.0
2025-04-11 19:19:45,208.0,219.4,227.4,228.5,146.5,233.0,231.1,244.2,230.5,258.1,353.1,151.3,3.6,17.0
2025-04-11 19:19:50,216.8,218.5,244.7,237.2,145.8,247.0,253.0,255.9,238.0,268.3,392.5,153.8,3.2,17.0
2025-04-11 19:19:55,227.8,228.9,255.6,246.8,145.6,253.6,257.4,265.4,243.1,271.2,404.9,159.9,3.0,17.0
2025-04-11 19:20:00,249.0,253.3,270.8,260.8,145.1,260.5,261.6,267.9,243.4,270.8,408.3,162.2,2.8,17.0
2025-04-11 19:20:05,254.4,256.1,277.2,264.4,144.9,263.5,264.3,271.2,245.6,272.3,414.0,162.6,2.4,17.0
2025-04-11 19:20:10,257.8,259.5,275.6,264.7,144.1,261.8,254.8,264.8,245.3,265.4,389.2,162.6,2.3,17.0
2025-04-11 19:20:15,247.2,251.0,260.9,252.3,143.5,251.4,251.7,257.6,237.3,264.8,392.2,157.7,2.1,17.0
2025-04-11 19:20:20,246.6,243.2,267.2,253.2,143.1,256.8,261.3,266.8,242.1,267.8,405.0,157.7,2.1,17.0
2025-04-11 19:20:25,259.6,255.5,278.1,265.8,143.2,263.1,262.8,268.7,242.8,271.4,415.8,161.3,2.5,17.0
2025-04-11 19:20:30,257.7,258.5,273.4,264.4,143.8,262.7,260.8,269.3,243.9,271.7,420.2,160.9,2.3,17.0
2025-04-11 19:20:35,244.9,257.3,268.7,261.7,144.2,260.5,258.9,268.7,244.3,270.7,417.2,157.9,2.3,17.0
2025-04-11 19:20:40,243.5,246.7,264.9,256.9,146.0,258.4,261.3,267.1,243.3,270.1,417.6,157.2,2.3,17.0
2025-04-11 19:20:45,253.7,253.1,275.9,263.3,147.4,261.2,262.8,268.3,243.2,268.7,414.1,158.9,2.1,17.0
2025-04-11 19:20:50,260.6,258.6,278.0,265.0,149.7,262.5,262.2,267.0,241.9,267.8,412.4,161.3,1.9,17.0
2025-04-11 19:20:55,260.6,259.1,277.2,264.5,151.9,262.1,261.9,267.0,241.6,267.3,411.1,161.1,1.8,17.0
2025-04-11 19:21:00,260.7,258.8,277.3,264.6,154.3,261.8,261.2,266.2,240.9,266.8,409.1,161.0,1.6,17.0
2025-04-11 19:21:05,260.3,258.7,275.4,263.4,157.3,259.6,259.1,264.5,238.3,264.3,402.0,160.4,1.6,17.0
2025-04-11 19:21:10,259.1,256.8,273.3,261.0,160.0,256.8,255.7,262.1,238.1,263.1,397.0,159.6,1.9,17.0
2025-04-11 19:21:15,251.8,250.5,264.3,253.9,160.7,248.8,252.7,258.5,233.3,250.4,355.2,156.5,2.2,17.0
2025-04-11 19:21:20,232.2,234.1,234.8,232.7,158.4,225.4,225.3,237.1,215.5,224.4,261.4,150.1,2.3,17.0
2025-04-11 19:21:25,195.0,198.1,191.1,195.4,148.1,207.7,188.0,202.5,188.1,190.3,142.5,136.5,2.2,17.0
2025-04-11 19:21:30,167.8,173.0,173.4,176.1,143.8,173.6,163.6,172.4,166.6,170.1,78.2,125.2,1.7,17.0
2025-04-11 19:21:35,162.3,151.0,162.9,163.0,142.7,163.4,154.6,161.8,153.5,156.5,37.8,121.9,1.7,17.0
2025-04-11 19:21:40,163.5,149.2,160.8,159.7,142.8,158.0,152.1,157.3,148.8,159.8,53.4,121.3,1.6,17.0
2025-04-11 19:21:45,162.5,148.8,164.2,159.9,142.7,162.6,164.9,166.0,154.7,177.7,118.0,120.8,1.7,17.0
2025-04-11 19:21:50,170.7,158.8,176.1,172.4,146.4,173.5,180.6,183.6,173.1,193.5,174.7,124.7,2.2,17.0
2025-04-11 19:21:55,172.9,168.6,181.8,182.4,151.4,182.2,182.9,187.8,169.7,157.7,46.6,128.1,2.1,17.0
2025-04-11 19:22:00,160.8,162.1,153.2,159.6,138.7,166.5,147.3,157.7,147.8,156.2,38.3,120.9,1.9,16.9
2025-04-11 19:22:05,148.6,141.3,144.8,148.3,136.9,150.9,142.1,152.9,147.9,158.4,48.0,116.2,1.5,16.9
2025-04-11 19:22:10,146.0,137.0,143.9,148.3,136.6,150.6,143.1,154.7,148.9,160.8,54.9,116.0,1.5,17.0
2025-04-11 19:22:15,145.5,136.8,144.7,148.7,136.3,150.7,145.7,155.4,153.9,182.4,132.9,115.8,1.6,17.0
2025-04-11 19:22:20,148.4,137.5,151.8,154.3,140.2,163.1,173.1,180.9,178.3,202.3,201.8,116.4,1.7,17.0
2025-04-11 19:22:25,168.7,162.0,194.0,189.2,164.3,206.0,222.2,228.4,215.7,246.7,362.6,128.1,2.8,17.0
2025-04-11 19:22:30,205.4,203.3,233.0,225.7,184.9,234.6,238.0,247.2,225.9,252.2,381.0,144.4,3.3,17.0
2025-04-11 19:22:35,222.2,226.6,241.0,235.4,185.7,235.7,235.5,246.3,224.1,248.4,368.5,145.3,3.1,17.0
2025-04-11 19:22:40,225.1,225.9,246.6,237.0,187.5,239.9,242.1,244.3,225.8,254.0,392.2,145.1,2.8,17.0
2025-04-11 19:22:45,234.1,234.7,254.4,244.2,192.0,245.3,248.1,253.1,231.9,258.2,409.7,147.8,2.4,17.0
2025-04-11 19:22:50,241.4,243.5,263.1,252.5,193.0,250.6,250.2,255.8,232.6,259.4,413.3,149.4,1.9,16.9
2025-04-11 19:22:55,245.9,247.7,266.3,254.4,193.3,252.8,251.2,257.1,233.3,259.0,411.4,150.4,1.8,17.0
2025-04-11 19:23:00,247.9,249.4,267.9,255.2,192.1,253.9,251.7,257.3,233.2,257.0,404.5,151.1,1.5,17.0
2025-04-11 19:23:05,251.7,252.5,268.4,256.1,189.1,253.3,249.3,256.1,232.0,256.2,401.8,150.8,1.4,17.0
2025-04-11 19:23:10,251.2,251.7,264.8,254.5,186.7,251.9,249.4,255.6,231.8,256.2,401.6,150.3,1.3,16.9
2025-04-11 19:23:15,249.9,251.7,265.7,254.4,184.5,252.1,248.9,255.7,232.0,256.8,404.7,149.7,1.3,16.9
2025-04-11 19:23:20,250.1,252.1,265.4,254.6,182.6,252.1,250.1,255.8,232.3,256.6,403.2,149.2,1.2,17.0
2025-04-11 19:23:25,250.3,252.1,267.1,255.0,179.8,252.3,249.8,255.2,230.7,255.0,398.2,149.1,1.1,16.9
2025-04-11 19:23:30,247.8,250.7,263.8,252.7,174.4,248.7,245.3,252.2,227.9,251.0,385.4,148.0,1.0,16.9
2025-04-11 19:23:35,248.3,248.3,261.4,250.4,170.1,246.9,244.6,250.7,227.7,251.0,388.6,147.2,1.0,17.0
2025-04-11 19:23:40,246.4,247.3,261.3,250.4,169.6,247.7,244.9,250.6,227.4,250.8,390.1,146.1,1.3,16.9
2025-04-11 19:23:45,247.9,248.8,262.3,250.6,162.9,247.4,245.4,250.3,226.6,250.7,391.5,145.9,1.5,16.9
2025-04-11 19:23:50,247.6,247.9,261.9,248.8,159.3,246.0,244.4,248.6,226.0,248.9,388.7,145.3,1.6,16.9
2025-04-11 19:23:55,247.2,246.6,261.4,248.4,156.3,245.0,241.8,246.3,221.9,241.9,366.9,144.7,1.8,16.9
2025-04-11 19:24:00,243.7,243.8,254.8,242.8,149.9,240.4,237.9,238.9,218.5,236.0,352.5,143.6,1.6,16.9
2025-04-11 19:24:05,241.2,240.4,253.1,239.4,148.5,238.0,229.7,238.2,211.7,225.7,332.3,141.4,1.6,16.9
2025-04-11 19:24:10,230.4,234.3,228.2,226.7,143.2,217.2,201.4,207.5,176.3,158.5,73.9,133.1,1.5,16.9
2025-04-11 19:24:15,204.7,204.1,202.9,197.6,135.8,178.6,159.3,158.7,150.6,161.2,84.9,129.0,1.4,16.9
2025-04-11 19:24:20,177.8,154.1,165.4,158.1,131.8,162.9,156.0,158.0,153.3,168.6,114.8,114.9,1.3,16.9
2025-04-11 19:24:25,171.4,154.5,178.6,173.4,131.5,172.0,169.5,172.9,155.8,148.1,39.0,117.5,1.5,16.9
2025-04-11 19:24:30,178.6,164.2,180.1,172.6,131.4,168.8,142.9,152.7,140.1,143.6,18.5,119.0,1.5,16.9
2025-04-11 19:24:35,161.3,154.4,145.6,149.1,131.0,149.3,137.2,147.4,140.4,144.6,19.0,112.5,1.2,16.9
2025-04-11 19:24:40,145.7,141.8,144.4,150.2,131.5,146.6,136.5,146.6,138.5,157.5,58.7,112.2,1.4,16.9
2025-04-11 19:24:45,146.3,143.2,142.2,146.1,132.0,146.8,151.9,153.9,156.6,179.5,134.2,111.5,1.7,16.9
2025-04-11 19:24:50,151.3,137.3,180.6,153.7,133.2,172.3,170.8,176.7,175.8,213.7,267.3,119.3,2.2,16.9
2025-04-11 19:24:55,177.8,159.6,184.4,175.5,133.7,191.3,208.3,207.9,188.3,230.9,321.2,125.2,2.4,16.9
2025-04-11 19:25:00,200.4,177.2,219.9,206.6,134.0,206.5,226.7,228.9,201.8,239.7,356.7,131.8,3.4,16.9
2025-04-11 19:25:05,210.7,188.7,237.1,220.2,134.0,231.1,235.6,239.8,218.1,243.1,371.8,138.0,3.2,16.9
2025-04-11 19:25:10,231.6,225.1,252.4,238.2,133.8,237.9,237.0,241.6,219.0,243.1,372.9,140.1,3.1,16.9
2025-04-11 19:25:15,239.1,233.6,253.5,241.1,133.3,237.7,234.8,241.6,218.8,238.1,358.8,140.4,3.1,16.9
2025-04-11 19:25:20,238.3,233.5,249.3,238.4,131.9,234.0,230.6,237.9,215.3,236.2,355.6,140.3,2.9,16.9
2025-04-11 19:25:25,230.9,232.8,245.6,235.4,131.2,231.9,228.1,235.2,213.9,236.6,364.9,137.3,2.1,16.9
2025-04-11 19:25:30,229.8,227.1,243.4,233.4,129.7,231.7,229.1,235.0,214.0,235.9,366.9,137.2,2.6,16.9
2025-04-11 19:25:35,229.7,227.1,244.2,233.9,128.0,231.3,229.2,234.6,213.4,235.7,369.5,136.6,2.6,16.9
2025-04-11 19:25:40,230.5,226.5,245.2,234.3,127.0,231.7,229.9,234.8,213.0,233.4,369.8,136.5,2.6,16.9
2025-04-11 19:25:45,231.1,226.8,245.8,234.2,126.5,231.4,227.7,232.4,208.1,229.6,352.3,136.4,2.4,16.9
2025-04-11 19:25:50,231.8,226.4,244.1,233.7,126.1,226.9,226.0,221.5,207.4,233.5,368.9,136.1,2.5,16.9
2025-04-11 19:25:55,230.1,222.5,236.7,221.6,125.8,222.1,227.8,228.4,209.9,234.8,375.3,133.2,2.6,16.9
2025-04-11 19:26:00,223.6,203.0,237.4,224.8,125.6,227.2,229.7,232.3,210.9,234.6,375.5,132.9,2.1,16.9
2025-04-11 19:26:05,223.7,214.9,240.4,226.6,125.6,228.8,229.6,233.0,211.5,235.3,380.3,134.3,2.1,16.9
2025-04-11 19:26:10,230.4,222.8,244.9,232.9,125.5,230.3,230.2,233.7,211.6,235.1,380.2,134.9,2.8,16.9
2025-04-11 19:26:15,231.4,223.4,244.7,233.2,125.0,230.5,229.8,233.0,211.2,234.8,380.5,134.9,2.6,16.9
2025-04-11 19:26:20,231.2,223.6,244.1,233.1,124.7,229.9,229.5,232.4,210.7,234.5,380.6,134.5,2.6,16.9
2025-04-11 19:26:25,230.9,222.8,243.6,232.3,124.4,229.1,229.5,232.3,210.4,234.4,372.9,133.7,2.4,16.9
2025-04-11 19:26:30,230.6,221.2,243.9,232.0,124.2,229.1,222.7,232.0,206.5,217.7,326.3,133.6,2.4,16.9
2025-04-11 19:26:35,230.6,220.5,219.3,228.0,123.6,191.2,158.9,187.9,173.0,192.5,221.0,132.8,2.0,16.9
2025-04-11 19:26:40,167.1,188.8,171.9,193.2,123.6,194.5,205.5,216.6,205.7,233.2,380.0,118.3,1.6,16.8
2025-04-11 19:26:45,185.1,197.2,233.5,226.9,123.8,212.5,221.7,229.4,206.8,229.9,371.1,128.7,1.3,16.8
2025-04-11 19:26:50,225.6,218.0,239.1,230.4,123.7,227.0,221.8,227.7,205.3,216.5,326.0,131.9,1.0,16.8
2025-04-11 19:26:55,225.9,216.6,235.7,228.3,123.1,220.4,197.3,212.6,194.5,222.9,341.7,131.0,0.9,16.8
2025-04-11 19:27:00,221.7,215.1,212.8,218.7,122.9,214.3,214.2,224.5,204.1,224.0,364.7,128.4,0.8,16.8
2025-04-11 19:27:05,219.1,210.6,234.0,225.5,122.6,222.8,204.5,223.9,199.8,224.5,353.0,130.1,0.6,16.8
2025-04-11 19:27:10,222.7,210.7,221.2,225.0,122.3,217.5,214.2,222.0,201.8,225.8,360.4,128.4,0.6,16.8
2025-04-11 19:27:15,213.8,207.2,232.2,222.8,121.9,220.1,218.3,222.5,200.7,225.4,359.3,128.9,0.5,16.8
2025-04-11 19:27:20,221.5,206.3,232.9,222.7,121.8,218.8,219.4,222.1,201.0,224.3,356.0,128.7,0.5,16.8
2025-04-11 19:27:25,221.3,203.1,233.0,222.0,121.8,218.8,219.4,221.9,200.3,224.7,359.1,128.5,0.5,16.8
2025-04-11 19:27:30,221.3,202.4,232.3,220.9,121.9,218.9,218.6,222.0,196.6,208.6,306.3,127.9,0.4,16.8
2025-04-11 19:27:35,221.6,201.8,232.7,222.2,121.7,212.2,206.1,197.6,171.4,194.7,250.2,127.8,0.3,16.8
2025-04-11 19:27:40,211.3,186.2,203.2,185.9,121.3,175.6,193.8,177.1,160.5,169.2,159.9,119.1,0.2,16.8
2025-04-11 19:27:45,187.6,152.1,187.1,169.8,121.0,167.9,154.2,157.7,135.2,139.2,45.3,113.3,0.2,16.8
2025-04-11 19:27:50,172.8,148.0,181.9,168.7,121.0,158.5,134.8,139.7,129.5,134.4,24.6,107.4,0.2,16.8
2025-04-11 19:27:55,138.6,122.9,135.2,134.4,121.0,133.8,127.0,133.3,126.8,131.9,13.1,101.3,0.2,16.9
2025-04-11 19:28:00,133.8,120.7,130.8,131.8,121.4,132.5,125.1,131.7,124.6,133.2,18.2,100.9,0.3,16.9
2025-04-11 19:28:05,130.4,119.7,129.4,130.9,121.7,131.6,127.6,140.5,134.5,144.4,59.1,100.1,0.4,16.9
2025-04-11 19:28:10,136.3,120.5,135.9,142.0,122.2,146.0,133.5,147.1,135.0,137.3,33.1,104.6,0.6,16.8
2025-04-11 19:28:15,139.3,141.2,139.0,145.1,122.7,142.2,128.8,138.3,128.5,134.3,19.6,103.8,0.6,16.9
2025-04-11 19:28:20,137.9,128.7,131.6,135.5,123.2,134.1,128.9,135.5,128.1,135.0,21.8,101.7,0.6,16.9
2025-04-11 19:28:25,132.8,123.0,132.6,134.6,123.6,135.3,129.9,137.7,134.2,146.6,47.4,101.9,0.8,16.8
2025-04-11 19:28:30,134.4,129.4,139.0,140.8,123.9,137.6,138.3,146.5,139.4,133.1,12.0,102.7,0.9,16.9
2025-04-11 19:28:35,145.2,139.4,136.4,146.6,124.5,135.2,128.7,134.0,129.3,138.7,28.2,105.2,1.2,16.9
2025-04-11 19:28:40,132.2,125.5,130.9,132.9,124.6,138.1,134.4,144.6,135.7,137.8,30.8,102.1,1.3,16.9
2025-04-11 19:28:45,138.7,124.0,138.8,143.1,124.7,142.1,130.9,138.2,130.4,140.3,33.4,104.3,1.3,16.9
2025-04-11 19:28:50,135.5,127.1,133.0,137.8,124.9,138.1,133.9,145.2,148.3,178.5,182.3,103.1,1.1,16.9
2025-04-11 19:28:55,133.2,129.1,140.7,145.1,125.0,161.5,167.2,179.3,160.7,170.3,145.0,103.2,1.1,16.9
2025-04-11 19:29:00,163.2,156.5,172.1,175.9,125.0,161.6,163.4,166.9,173.8,208.0,296.7,113.7,1.0,16.9
2025-04-11 19:29:05,153.4,146.3,166.1,161.0,125.0,184.6,195.5,204.9,190.5,218.7,341.5,108.9,0.8,16.9
2025-04-11 19:29:10,183.6,166.3,209.6,203.6,125.0,209.8,212.3,212.5,194.5,219.0,342.6,119.9,0.9,16.9
2025-04-11 19:29:15,206.4,180.9,222.9,213.5,124.8,213.0,212.2,217.0,196.4,218.0,336.9,123.5,0.9,17.0
2025-04-11 19:29:20,210.7,182.5,220.7,214.5,124.8,211.5,209.4,215.5,195.5,215.6,328.9,123.5,1.0,16.9
2025-04-11 19:29:25,205.8,177.6,218.3,210.0,124.5,208.6,209.8,213.7,195.3,219.6,347.1,122.4,1.2,16.9
2025-04-11 19:29:30,206.1,177.7,221.4,210.7,124.3,211.4,213.8,217.4,198.4,220.6,353.1,122.5,1.2,16.9
2025-04-11 19:29:35,210.6,178.6,224.3,214.6,123.9,213.8,214.1,218.9,198.2,217.6,343.7,123.1,1.2,17.0
2025-04-11 19:29:40,209.3,179.5,224.7,216.2,123.4,213.6,208.5,214.7,192.5,208.9,311.0,122.6,0.9,17.0
2025-04-11 19:29:45,207.1,176.1,218.0,210.8,122.9,205.7,200.4,207.0,191.0,205.4,304.9,120.2,0.8,17.0
2025-04-11 19:29:50,199.1,168.6,209.0,205.1,122.2,202.1,193.3,196.1,179.9,200.9,287.0,119.0,0.8,17.0
2025-04-11 19:29:55,193.4,166.0,201.6,190.6,121.5,191.7,176.9,186.1,159.7,167.7,159.7,115.8,0.9,17.0
2025-04-11 19:30:00,188.4,153.9,185.9,182.4,121.1,169.0,163.0,169.8,160.4,174.8,189.9,113.0,1.4,17.0
2025-04-11 19:30:05,165.0,140.3,172.2,167.7,120.8,173.2,160.9,174.2,161.4,180.0,216.6,109.9,1.9,17.0
2025-04-11 19:30:10,166.1,147.1,177.1,172.7,120.3,178.2,158.3,178.1,162.8,191.7,254.4,110.7,2.1,17.0
2025-04-11 19:30:15,166.8,146.8,167.0,170.3,120.0,172.3,173.0,189.8,176.4,190.0,282.3,110.2,2.0,17.0
2025-04-11 19:30:20,165.3,147.7,179.3,181.7,119.8,177.4,160.3,177.4,165.3,176.6,214.1,111.4,2.0,17.0
2025-04-11 19:30:25,153.3,140.7,156.5,162.1,119.3,161.6,148.0,163.9,154.0,156.4,118.3,105.2,2.0,17.0
2025-04-11 19:30:30,135.9,128.7,137.8,143.4,118.9,143.3,131.9,155.7,145.5,149.5,88.3,102.6,2.0,17.0
2025-04-11 19:30:35,126.5,120.1,127.5,131.7,118.4,134.6,129.9,141.1,139.3,154.6,113.2,99.5,1.8,17.0
2025-04-11 19:30:40,124.3,116.6,127.4,130.8,118.0,137.0,133.4,145.2,141.9,157.1,123.0,98.7,2.1,17.0
2025-04-11 19:30:45,124.4,117.3,130.3,132.8,117.7,138.3,127.5,141.5,135.7,139.3,56.3,99.0,2.2,17.0
2025-04-11 19:30:50,124.7,115.8,126.5,128.3,117.4,130.0,121.6,130.6,125.4,130.6,28.2,98.2,2.1,17.0
2025-04-11 19:30:55,123.3,114.6,123.7,125.0,117.1,125.9,120.5,126.2,120.7,126.0,15.5,97.5,2.1,17.0
2025-04-11 19:31:00,121.8,113.5,122.7,123.5,116.9,125.3,119.7,126.3,119.7,125.9,14.6,96.9,1.9,17.0
2025-04-11 19:31:05,124.1,113.4,124.9,125.4,116.5,126.0,119.3,126.1,118.5,125.1,12.0,97.1,1.7,17.0
2025-04-11 19:31:10,123.8,113.8,123.4,123.7,116.4,125.3,119.0,125.2,118.6,128.4,27.3,96.9,1.5,17.0
2025-04-11 19:31:15,123.7,113.4,125.7,125.9,115.8,127.8,118.9,128.4,120.7,127.6,23.4,97.2,1.4,17.0
2025-04-11 19:31:20,124.9,114.6,125.2,126.1,115.6,127.0,118.7,126.3,119.0,126.2,17.2,97.8,1.6,17.0
2025-04-11 19:31:25,123.0,113.8,123.8,124.5,115.4,125.4,118.7,126.2,119.3,127.8,26.9,97.2,2.1,17.0
2025-04-11 19:31:30,122.7,113.1,123.6,124.2,115.0,126.4,118.7,127.1,120.4,128.3,28.3,97.2,2.1,17.0
2025-04-11 19:31:35,122.8,113.2,123.8,124.5,114.9,126.5,118.4,127.7,121.9,130.1,32.6,97.4,2.1,17.0
2025-04-11 19:31:40,122.1,113.3,123.8,124.9,114.8,127.4,118.2,127.0,119.3,124.9,14.8,97.7,2.3,17.0
2025-04-11 19:31:45,120.8,112.1,121.3,121.8,114.7,123.7,118.0,124.1,118.5,124.8,14.8,97.3,1.9,17.0
2025-04-11 19:31:50,120.7,112.2,121.3,122.1,115.0,124.2,118.2,124.8,118.5,124.9,14.3,97.5,1.6,17.0
2025-04-11 19:31:55,122.4,112.4,122.0,122.5,115.3,124.2,118.4,125.0,118.4,124.9,12.9,97.9,1.2,16.9
2025-04-11 19:32:00,122.3,112.5,121.6,122.4,115.7,124.4,118.8,125.0,118.7,125.0,12.7,98.1,1.0,17.0
2025-04-11 19:32:05,121.4,112.3,121.6,122.1,116.1,124.5,119.1,125.0,119.0,125.4,12.4,98.8,1.2,16.9
2025-04-11 19:32:10,121.4,112.2,121.9,122.6,116.5,125.0,119.4,125.4,119.4,126.3,14.7,99.7,1.3,16.9
2025-04-11 19:32:15,121.9,112.3,122.4,123.4,117.1,125.4,119.6,125.7,119.8,126.9,14.6,100.2,1.3,16.9
2025-04-11 19:32:20,122.1,112.6,122.6,123.7,117.6,125.5,119.9,126.0,120.1,126.3,11.3,100.4,1.1,16.9
2025-04-11 19:32:25,122.3,113.1,122.7,123.6,118.0,125.6,120.2,126.1,120.2,126.4,10.4,100.6,0.9,16.9
2025-04-11 19:32:30,122.8,113.6,123.0,124.0,118.3,125.8,120.7,126.4,120.8,126.9,10.2,101.1,1.0,16.9
2025-04-11 19:32:35,123.3,114.1,123.5,124.3,119.1,126.5,121.5,126.8,121.6,127.5,10.4,101.9,1.2,16.9
2025-04-11 19:32:40,124.1,115.6,124.4,124.6,119.4,127.0,121.9,128.5,122.2,128.5,10.9,102.7,1.4,16.9
2025-04-11 19:32:45,124.7,116.1,125.2,126.0,120.5,128.7,123.2,129.2,122.8,129.5,11.6,103.2,2.3,16.9
2025-04-11 19:32:50,125.8,116.5,126.1,126.2,120.8,129.2,124.1,129.8,124.2,132.3,20.1,104.1,3.8,16.9
2025-04-11 19:32:55,127.9,116.8,127.4,127.9,121.5,132.2,124.5,134.6,129.4,143.9,61.0,104.8,4.1,16.9
2025-04-11 19:33:00,132.1,118.9,133.8,132.4,122.1,136.5,125.1,141.7,137.2,150.3,83.6,106.6,3.6,16.9
2025-04-11 19:33:05,131.7,119.0,133.6,136.5,122.8,140.6,125.6,143.5,136.9,146.0,64.9,106.6,3.5,16.9
2025-04-11 19:33:10,130.8,119.5,130.0,132.6,123.2,133.9,126.0,134.1,129.5,135.0,19.1,106.8,2.7,16.9
2025-04-11 19:33:15,129.8,118.9,130.0,131.2,123.4,134.2,126.2,135.4,130.0,135.7,23.9,106.1,2.3,16.9
2025-04-11 19:33:20,131.3,119.3,130.6,132.0,123.5,134.9,126.5,136.0,129.8,135.2,17.9,106.3,2.2,16.9
2025-04-11 19:33:25,131.9,120.2,131.7,133.3,124.0,135.0,126.7,135.8,129.3,136.6,25.2,106.4,3.3,16.9
2025-04-11 19:33:30,131.7,120.4,133.6,133.4,124.1,138.6,126.9,138.9,133.8,145.0,59.8,106.4,3.3,16.8
2025-04-11 19:33:35,137.8,121.7,139.7,139.1,124.0,143.4,126.9,143.9,136.2,143.0,49.2,107.5,2.8,16.8
2025-04-11 19:33:40,136.6,122.3,137.7,138.6,124.0,141.3,126.9,142.0,135.7,145.3,63.2,107.5,3.2,16.8
2025-04-11 19:33:45,141.4,122.2,140.6,139.0,124.1,144.2,126.8,147.5,137.5,140.1,41.8,107.7,2.9,16.8
2025-04-11 19:33:50,145.0,122.6,147.2,146.3,123.9,146.2,126.7,141.8,134.3,142.2,51.3,107.7,2.9,16.8
2025-04-11 19:33:55,141.9,122.6,142.6,142.0,123.8,143.5,126.5,143.3,135.7,143.0,52.1,106.7,2.9,16.8
2025-04-11 19:34:00,140.1,122.0,139.5,140.0,123.2,141.3,126.0,138.9,131.7,138.1,33.9,106.4,2.8,16.8
2025-04-11 19:34:05,134.6,120.6,132.9,134.7,122.6,136.2,125.7,137.8,132.2,143.4,43.9,104.4,2.2,16.8
2025-04-11 19:34:10,131.3,119.7,131.6,133.3,122.0,136.5,125.1,139.2,135.6,145.3,64.8,103.5,2.0,16.8
2025-04-11 19:34:15,130.7,118.9,131.3,133.3,121.5,137.3,124.7,141.1,135.8,142.3,54.9,103.2,1.5,16.8
2025-04-11 19:34:20,130.6,118.5,131.8,133.4,120.9,135.7,123.6,134.6,131.1,134.4,25.8,103.2,1.4,16.8
2025-04-11 19:34:25,130.5,118.0,131.1,131.9,120.6,133.8,123.3,133.6,128.5,132.7,21.6,102.1,1.2,16.7
2025-04-11 19:34:30,128.9,117.3,128.7,130.1,119.9,132.2,122.5,132.4,127.3,133.3,27.9,101.6,1.7,16.7
2025-04-11 19:34:35,128.9,117.0,129.5,130.3,119.5,133.3,122.2,133.1,127.8,135.7,38.3,101.2,2.2,16.7
2025-04-11 19:34:40,129.5,116.7,131.1,131.5,119.1,134.1,121.6,135.1,129.2,138.5,51.0,101.3,2.4,16.7
2025-04-11 19:34:45,130.2,116.5,131.1,131.8,118.8,134.9,121.0,137.1,130.4,136.9,44.7,101.1,2.4,16.7
2025-04-11 19:34:50,130.7,116.2,132.2,132.9,118.4,135.5,120.4,134.6,127.1,129.7,18.4,101.0,2.3,16.7
2025-04-11 19:34:55,127.8,115.4,126.3,128.8,117.5,130.0,119.5,129.1,124.1,128.7,15.1,99.8,2.2,16.7
2025-04-11 19:35:00,126.1,114.3,124.5,126.8,117.0,128.8,118.9,128.2,123.0,128.6,19.5,98.6,1.9,16.7
2025-04-11 19:35:05,125.0,113.8,124.6,126.6,116.8,128.5,118.6,128.5,123.2,129.4,22.5,98.3,2.1,16.7
2025-04-11 19:35:10,125.7,113.6,125.6,126.9,116.1,129.0,118.0,129.0,123.1,128.1,18.8,98.1,2.1,16.7
2025-04-11 19:35:15,125.9,113.5,124.7,126.7,115.7,127.4,117.7,127.6,122.6,128.1,20.3,98.0,1.9,16.7
2025-04-11 19:35:20,124.8,112.9,125.5,126.0,115.3,127.7,117.3,128.9,124.1,130.8,33.2,97.4,1.6,16.7
2025-04-11 19:35:25,128.6,112.9,128.9,129.2,114.6,130.2,116.6,130.4,124.0,130.4,31.5,97.6,1.5,16.7
2025-04-11 19:35:30,129.0,112.9,127.9,128.7,114.4,129.8,116.4,129.5,123.1,128.7,26.9,97.3,1.4,16.7
2025-04-11 19:35:35,126.0,111.9,125.7,127.0,113.6,127.9,115.7,128.7,122.8,133.5,50.2,96.8,1.2,16.7
2025-04-11 19:35:40,129.0,111.3,134.8,132.1,113.1,136.8,115.3,135.4,129.0,146.5,105.5,97.1,1.0,16.6
2025-04-11 19:35:45,137.9,111.3,145.7,140.9,112.9,146.5,114.9,153.3,144.1,165.5,188.2,100.3,0.9,16.6
2025-04-11 19:35:50,159.7,112.2,173.9,165.6,112.5,162.2,114.7,167.8,152.2,170.8,211.9,103.6,1.1,16.6
2025-04-11 19:35:55,169.3,113.1,179.6,173.3,112.4,172.8,114.5,173.3,156.7,177.1,219.8,104.6,1.3,16.6
2025-04-11 19:36:00,166.2,113.6,173.6,171.8,112.1,170.6,114.1,174.3,161.4,182.2,256.8,104.6,1.3,16.6
2025-04-11 19:36:05,161.0,112.9,171.5,169.3,111.9,171.7,114.0,177.4,164.4,184.3,266.5,104.1,1.3,16.6
2025-04-11 19:36:10,161.0,112.3,171.3,170.1,111.6,173.9,113.6,181.0,165.5,189.1,286.7,103.9,1.2,16.6
2025-04-11 19:36:15,164.0,112.0,177.4,174.8,111.3,178.6,113.4,183.4,168.1,180.1,247.0,104.2,1.0,16.6
2025-04-11 19:36:20,165.6,111.9,170.4,173.9,111.0,170.0,112.9,170.7,158.7,174.2,221.6,104.0,1.6,16.6
2025-04-11 19:36:25,148.7,111.2,151.9,155.5,110.4,156.2,112.3,159.3,153.2,165.8,186.9,100.3,1.5,16.6
2025-04-11 19:36:30,141.2,110.1,145.4,148.4,110.1,152.1,112.0,159.3,152.1,168.3,200.5,98.5,1.3,16.6
2025-04-11 19:36:35,143.1,109.7,153.3,151.8,109.7,153.1,111.8,160.2,152.9,172.3,220.3,98.3,1.2,16.6
2025-04-11 19:36:40,154.4,110.0,163.1,159.3,109.7,163.6,111.6,167.1,156.5,171.2,217.7,99.3,1.0,16.5
2025-04-11 19:36:45,163.6,110.9,164.8,163.9,109.6,159.9,111.6,163.8,148.9,155.9,153.6,100.7,0.9,16.5
2025-04-11 19:36:50,161.5,111.2,161.6,157.6,109.6,155.9,111.6,158.1,147.0,168.9,214.1,99.8,0.7,16.6
2025-04-11 19:36:55,169.1,111.0,177.4,169.2,109.4,164.6,111.5,170.6,156.3,174.2,237.3,100.4,0.6,16.5
2025-04-11 19:37:00,175.3,111.2,182.0,175.1,109.2,174.6,111.3,173.5,156.5,179.7,261.3,101.6,0.5,16.5
2025-04-11 19:37:05,181.1,111.3,183.5,175.6,108.5,175.4,110.8,180.3,165.4,191.2,314.4,101.4,0.4,16.5
2025-04-11 19:37:10,184.0,110.9,192.4,185.0,107.8,185.4,110.0,189.2,170.8,190.4,320.8,101.6,0.4,16.5
2025-04-11 19:37:15,181.8,110.5,184.2,184.4,106.9,180.2,109.0,181.8,169.3,184.3,288.0,101.7,0.5,16.5
2025-04-11 19:37:20,172.0,108.6,178.1,175.6,105.4,174.1,106.9,173.6,157.7,174.4,251.3,98.7,0.5,16.5
2025-04-11 19:37:25,168.6,107.9,169.4,168.4,104.2,164.7,106.0,164.1,150.5,166.2,222.0,96.9,0.6,16.5
2025-04-11 19:37:30,152.9,105.2,153.7,153.6,102.8,156.1,105.1,156.7,146.1,159.7,202.9,92.6,0.7,16.5
2025-04-11 19:37:35,151.5,103.6,155.0,151.9,101.7,152.0,103.4,154.9,144.4,166.2,239.9,91.4,0.9,16.5
2025-04-11 19:37:40,160.4,102.6,158.5,153.0,100.5,155.8,101.1,164.2,153.5,180.6,317.3,91.2,1.0,16.6
2025-04-11 19:37:45,169.5,101.8,181.1,172.9,98.1,174.0,99.2,177.5,158.3,177.1,307.9,92.7,1.7,16.5
2025-04-11 19:37:50,176.1,100.9,181.7,177.4,96.4,172.7,97.4,175.0,156.4,173.6,301.4,92.0,3.1,16.6
2025-04-11 19:37:55,175.6,99.8,180.4,175.0,94.6,170.3,95.3,171.3,153.5,172.3,301.1,90.2,3.1,16.6
2025-04-11 19:38:00,172.6,97.9,174.8,170.2,93.6,166.2,93.9,167.2,150.1,165.0,282.6,87.9,3.1,16.6
2025-04-11 19:38:05,165.7,96.1,167.4,164.6,92.1,160.8,91.5,159.7,142.2,155.6,244.8,87.4,3.0,16.6
2025-04-11 19:38:10,152.0,94.0,148.7,149.1,90.4,143.4,90.4,138.6,125.4,135.2,162.5,83.7,2.7,16.6
2025-04-11 19:38:15,136.7,91.8,132.6,133.6,89.4,128.7,88.9,124.4,115.5,122.6,115.2,79.6,2.7,16.6
2025-04-11 19:38:20,126.0,88.5,124.7,127.4,88.9,123.9,88.7,122.7,113.1,120.0,113.3,77.2,2.4,16.6
2025-04-11 19:38:25,125.7,87.4,124.7,122.2,87.5,121.8,87.1,121.1,109.5,116.6,102.0,76.1,2.2,16.5
2025-04-11 19:38:30,123.8,86.5,122.7,117.5,85.5,114.5,85.9,110.5,103.1,114.8,103.0,75.0,1.9,16.6
2025-04-11 19:38:35,120.5,85.4,117.1,110.4,84.6,109.0,84.8,108.0,99.5,106.0,71.1,73.0,1.6,16.5
2025-04-11 19:38:40,110.0,82.7,107.2,100.3,83.0,103.3,83.4,101.1,93.1,95.7,28.9,70.3,1.8,16.5
2025-04-11 19:38:45,104.9,82.6,102.1,96.9,82.0,97.0,82.7,93.9,88.3,90.4,12.2,68.7,1.6,16.5
2025-04-11 19:38:50,94.8,80.3,90.4,92.3,81.1,91.4,81.2,89.4,85.1,88.9,10.4,67.0,1.5,16.6
2025-04-11 19:38:55,89.4,79.5,85.4,89.1,79.8,89.8,80.0,88.1,83.7,87.8,8.1,66.4,1.8,16.5
2025-04-11 19:39:00,88.0,78.8,84.2,87.1,79.0,87.8,79.6,87.5,83.3,87.1,7.7,66.0,1.9,16.6
2025-04-11 19:39:05,86.0,78.1,81.9,85.5,78.5,86.5,79.1,85.9,81.9,85.7,6.3,64.9,1.8,16.6
2025-04-11 19:39:10,85.1,77.6,82.1,85.1,77.9,86.1,78.7,85.5,80.8,85.3,6.0,64.6,1.8,16.5
2025-04-11 19:39:15,83.8,76.7,80.9,83.8,77.2,84.7,77.9,84.4,79.9,84.3,5.5,64.0,1.7,16.5
2025-04-11 19:39:20,83.2,75.8,80.0,82.9,76.8,83.8,77.5,83.3,80.0,83.7,5.2,63.6,2.1,16.5
2025-04-11 19:39:25,82.1,75.3,79.6,82.5,76.5,83.2,77.2,82.8,79.3,82.8,5.0,63.0,2.2,16.5
2025-04-11 19:39:30,81.1,74.1,78.2,81.6,75.9,82.4,76.5,82.0,78.4,82.2,5.0,62.8,2.4,16.5
2025-04-11 19:39:35,80.7,73.6,77.2,80.8,75.3,81.7,75.9,81.3,77.9,81.7,5.1,62.4,2.3,16.5
2025-04-11 19:39:40,80.3,73.2,77.0,80.3,74.9,81.1,75.5,80.6,77.2,80.9,5.3,61.8,2.5,16.5
2025-04-11 19:39:45,79.4,72.5,76.1,79.4,74.4,80.5,74.9,80.1,76.8,80.2,5.4,61.4,2.6,16.5
2025-04-11 19:39:50,79.0,72.1,75.7,78.8,73.8,79.8,74.4,79.4,76.1,79.3,5.6,61.1,2.6,16.5
2025-04-11 19:39:55,78.2,71.3,74.9,77.9,73.0,79.0,73.8,78.5,75.5,78.6,6.0,60.5,2.5,16.5
2025-04-11 19:40:00,77.4,70.3,74.4,77.2,72.4,78.6,73.1,78.2,75.3,78.0,6.0,60.2,2.5,16.5
2025-04-11 19:40:05,76.7,69.8,73.7,76.6,71.9,78.1,72.5,77.5,75.0,77.6,6.0,60.2,2.0,16.5
2025-04-11 19:40:10,76.0,69.4,73.2,76.2,71.4,77.6,72.1,77.2,74.3,76.9,5.7,60.0,1.7,16.5
2025-04-11 19:40:15,75.7,68.6,72.8,75.7,71.0,77.2,71.7,76.7,73.8,76.6,5.4,59.8,2.0,16.5
2025-04-11 19:40:20,75.1,68.0,72.3,75.1,70.7,76.7,71.5,76.1,73.3,76.1,4.8,59.4,2.3,16.5
2025-04-11 19:40:25,74.7,67.9,72.0,74.8,70.7,76.2,71.3,75.9,73.1,75.7,4.4,59.1,2.3,16.5
2025-04-11 19:40:30,74.3,67.6,71.8,74.6,70.7,76.0,71.3,75.5,72.9,75.5,4.9,59.0,2.1,16.4
2025-04-11 19:40:35,74.1,67.6,71.6,73.9,70.7,75.5,71.0,75.2,72.6,75.2,4.3,58.6,2.1,16.4
2025-04-11 19:40:40,73.7,67.4,71.3,73.6,70.5,75.1,70.8,74.8,72.3,74.8,4.1,58.5,2.2,16.4
2025-04-11 19:40:45,73.4,67.3,71.3,73.5,70.4,74.9,70.7,74.5,72.0,74.5,4.5,58.3,2.0,16.4
2025-04-11 19:40:50,73.3,67.2,71.1,73.2,70.2,74.5,70.7,74.2,71.8,74.4,5.5,58.1,1.7,16.4
2025-04-11 19:40:55,72.9,66.9,71.0,73.1,70.1,74.4,70.3,74.1,71.7,74.1,5.6,57.9,1.4,16.4
2025-04-11 19:41:00,72.4,66.6,70.6,72.7,69.8,74.0,70.1,73.6,71.4,73.7,5.1,57.6,1.4,16.4
2025-04-11 19:41:05,72.1,66.5,70.3,72.3,69.6,73.8,70.0,73.5,71.2,73.7,5.8,57.7,1.4,16.4
2025-04-11 19:41:10,72.2,66.4,70.6,72.2,69.5,73.9,69.9,73.6,71.1,73.6,6.1,57.6,1.2,16.4
2025-04-11 19:41:15,72.8,66.4,71.2,72.7,69.7,74.1,69.8,73.7,71.2,73.7,6.0,57.6,1.4,16.4
2025-04-11 19:41:20,72.7,66.4,71.2,72.7,69.8,74.2,70.0,73.9,71.3,73.8,5.9,57.6,1.6,16.4
2025-04-11 19:41:25,72.7,66.5,71.3,73.0,70.1,74.5,70.1,74.2,71.7,74.1,5.8,57.8,2.0,16.4
2025-04-11 19:41:30,73.0,66.5,71.5,73.2,70.3,74.6,70.4,74.2,71.7,74.2,6.3,58.1,2.1,16.3
2025-04-11 19:41:35,73.3,66.7,71.8,73.5,70.6,75.0,70.5,74.8,72.2,74.4,6.1,58.4,2.2,16.3
2025-04-11 19:41:40,73.5,66.8,72.1,73.8,70.7,75.3,70.8,74.8,72.2,74.6,6.3,58.4,2.3,16.3
2025-04-11 19:41:45,73.6,66.9,72.1,73.8,71.0,75.5,71.0,74.9,72.6,74.9,7.1,58.6,2.4,16.3
2025-04-11 19:41:50,74.2,66.8,72.6,73.8,71.0,75.8,71.1,75.3,72.8,75.0,6.9,58.9,2.7,16.3
2025-04-11 19:41:55,74.5,67.0,72.6,74.3,71.2,75.9,71.3,75.5,72.9,75.4,8.3,58.8,3.3,16.3
2025-04-11 19:42:00,74.2,67.0,72.5,74.3,71.3,75.8,71.5,75.5,73.0,75.2,7.6,58.4,3.4,16.3
2025-04-11 19:42:05,74.2,67.1,72.6,74.2,71.3,75.8,71.5,75.3,72.8,74.9,7.0,58.3,3.4,16.3
2025-04-11 19:42:10,74.3,67.5,72.6,74.2,71.2,75.6,71.4,75.1,72.6,74.8,7.0,58.0,3.0,16.2
2025-04-11 19:42:15,74.3,67.5,72.9,74.0,71.2,75.4,71.2,75.0,72.4,74.6,7.2,58.0,2.9,16.2
2025-04-11 19:42:20,74.1,67.4,73.0,73.9,70.9,75.2,71.1,74.8,72.3,74.4,7.2,57.7,2.7,16.2
2025-04-11 19:42:25,74.0,67.4,73.0,73.8,70.8,75.2,71.0,74.6,72.3,74.3,7.2,57.6,2.3,16.2
2025-04-11 19:42:30,73.9,67.0,72.9,73.8,70.7,75.1,70.6,74.5,72.1,74.4,9.5,57.6,1.7,16.2
2025-04-11 19:42:35,74.4,66.9,73.3,73.8,70.5,75.2,70.2,74.9,72.6,75.4,15.2,57.5,1.5,16.2
2025-04-11 19:42:40,74.5,66.8,73.3,74.4,70.1,75.5,70.1,75.3,72.9,75.6,19.5,57.2,1.4,16.2
2025-04-11 19:42:45,74.0,66.6,73.3,74.2,69.9,75.8,69.5,75.8,73.3,75.7,21.5,56.9,1.1,16.2
2025-04-11 19:42:50,75.5,66.4,74.5,75.6,69.2,76.6,68.8,75.0,72.8,74.1,16.4,56.8,1.4,16.2
2025-04-11 19:42:55,73.3,66.0,70.8,74.2,68.8,74.3,68.5,72.8,70.2,71.9,9.7,56.2,1.5,16.2
2025-04-11 19:43:00,71.9,65.5,70.5,71.2,68.0,72.8,67.9,72.3,70.1,71.6,13.1,55.9,2.2,16.2
2025-04-11 19:43:05,71.7,65.4,70.7,71.7,67.8,73.2,67.4,72.6,70.0,70.5,10.3,55.7,2.2,16.1
2025-04-11 19:43:10,71.7,65.1,69.8,71.4,67.1,71.7,66.6,70.5,68.0,70.0,8.1,55.4,2.4,16.1
2025-04-11 19:43:15,68.8,64.6,67.2,69.1,66.7,70.5,66.3,68.9,67.1,68.2,2.6,54.8,2.2,16.1
2025-04-11 19:43:20,68.0,64.3,66.0,68.3,66.3,69.0,65.8,68.3,66.7,67.4,1.1,54.7,2.5,16.1
2025-04-11 19:43:25,67.4,64.0,65.7,67.4,65.9,68.6,65.7,67.6,66.0,66.9,0.4,54.3,2.2,16.1
2025-04-11 19:43:30,66.6,63.8,65.1,66.6,65.7,67.9,65.5,67.0,65.6,66.8,0.2,54.2,2.0,16.1
2025-04-11 19:43:35,65.8,63.6,64.6,66.1,65.4,67.4,65.2,66.7,65.3,66.3,0,54.1,1.5,16.1
2025-04-11 19:43:40,65.5,63.4,64.2,65.9,65.3,67.2,64.9,66.2,65.0,65.9,0,54.3,1.3,16.1
2025-04-11 19:43:45,65.1,63.1,64.0,65.7,65.3,67.0,64.9,66.1,65.0,65.8,0,54.4,1.1,16.1
2025-04-11 19:43:50,64.9,62.8,63.7,65.3,65.1,66.8,64.7,66.1,64.9,65.7,0,54.5,1.0,16.1
2025-04-11 19:43:55,64.8,62.6,63.7,65.1,65.0,66.6,64.8,65.9,64.7,65.7,0,54.6,1.0,16.1
2025-04-11 19:44:00,64.6,62.5,63.7,65.1,65.0,66.6,64.9,65.8,64.7,65.7,0,54.8,1.1,16.1
2025-04-11 19:44:05,64.6,62.4,63.7,65.3,65.1,66.5,64.9,66.0,64.7,65.7,0,55.1,0.8,16.1
2025-04-11 19:44:10,64.7,62.4,63.7,65.3,65.1,66.6,64.9,66.1,64.8,65.9,0,55.3,0.7,16.1
2025-04-11 19:44:15,64.8,62.4,63.9,65.5,65.3,66.8,65.1,66.3,65.0,66.0,0,55.6,0.6,16.1
2025-04-11 19:44:20,64.9,62.4,64.1,65.6,65.5,66.9,65.4,66.4,65.4,66.2,0,55.9,0.6,16.1
2025-04-11 19:44:25,65.1,62.5,64.2,65.7,65.7,67.1,65.6,66.7,65.7,66.5,0,56.3,0.6,16.1
2025-04-11 19:44:30,65.3,62.6,64.5,66.0,65.8,67.3,65.8,67.0,65.8,66.7,0,56.6,1.3,16.0
2025-04-11 19:44:35,65.3,62.7,64.7,66.1,66.1,67.4,66.1,67.3,66.0,66.9,0,56.7,1.4,16.0
2025-04-11 19:44:40,65.6,63.0,64.9,66.2,66.2,67.7,66.3,67.3,66.3,66.9,0,57.2,1.3,16.1
2025-04-11 19:44:45,65.7,62.9,65.1,66.2,66.4,67.8,66.3,67.2,66.1,66.9,0,57.3,1.1,16.0
2025-04-11 19:44:50,65.7,62.7,65.1,66.3,66.5,67.9,66.3,67.0,66.0,66.9,0,57.5,1.2,16.1
2025-04-11 19:44:55,65.7,62.4,65.2,66.2,66.5,67.8,66.3,67.0,66.2,66.8,0,57.5,1.7,16.0
2025-04-11 19:45:00,65.7,62.2,65.3,66.1,66.5,67.7,66.3,66.9,66.1,66.8,0,57.6,1.7,16.0
2025-04-11 19:45:05,65.6,61.8,65.4,66.2,66.5,67.7,66.3,67.0,66.1,66.8,0,57.7,2.1,16.0
2025-04-11 19:45:10,65.6,61.6,65.4,66.2,66.5,67.6,66.3,66.9,66.2,66.8,0,57.9,1.8,16.0
2025-04-11 19:45:15,65.6,61.5,65.3,66.1,66.5,67.6,66.2,66.9,66.1,66.7,0,57.8,1.5,16.0
2025-04-11 19:45:20,65.5,61.4,65.2,66.0,66.3,67.5,66.2,66.7,66.2,66.6,0,57.8,1.2,16.0
2025-04-11 19:45:25,65.4,61.3,65.1,66.0,66.3,67.5,66.2,66.5,66.0,66.4,0,57.8,1.2,16.0
2025-04-11 19:45:30,65.4,61.1,64.7,65.9,66.2,67.4,66.1,66.4,66.1,66.3,0,58.0,1.9,16.0
2025-04-11 19:45:35,65.2,61.1,64.7,65.8,66.1,67.3,66.0,66.6,65.9,66.1,0,57.7,2.1,16.0
2025-04-11 19:45:40,65.1,60.9,64.6,65.6,65.9,67.1,65.7,66.4,65.6,65.9,0,57.6,2.1,16.0
2025-04-11 19:45:45,64.9,60.7,64.4,65.3,65.7,66.9,65.4,66.1,65.6,65.7,0,57.6,1.8,16.0
2025-04-11 19:45:50,64.7,60.5,64.4,65.1,65.5,66.8,65.2,66.0,65.5,65.6,0,57.6,1.8,16.0
2025-04-11 19:45:55,64.5,60.2,64.3,64.7,65.2,66.5,65.0,65.7,65.3,65.3,0,57.7,1.5,16.0
2025-04-11 19:46:00,64.2,60.2,64.0,64.7,64.9,66.3,64.8,65.5,65.1,65.2,0,57.6,1.3,16.0
2025-04-11 19:46:05,64.3,59.8,63.7,64.3,64.8,66.0,64.6,65.3,64.9,65.0,0,57.4,1.1,16.0
2025-04-11 19:46:10,64.0,59.6,63.4,64.1,64.5,65.7,64.4,65.2,64.8,64.8,0,57.3,1.4,15.9
2025-04-11 19:46:15,63.7,59.5,63.2,63.9,64.3,65.5,64.1,64.9,64.6,64.7,0,57.1,2.1,15.9
2025-04-11 19:46:20,63.5,59.5,63.0,63.8,64.2,65.5,64.2,64.9,64.4,64.5,0,57.1,2.5,15.9
2025-04-11 19:46:25,63.4,59.3,62.9,63.8,64.2,65.3,64.1,64.7,64.3,64.4,0,57.1,2.4,15.9
2025-04-11 19:46:30,63.3,59.1,62.8,63.5,64.1,65.2,63.9,64.5,64.2,64.2,0,57.0,2.1,15.9
2025-04-11 19:46:35,63.1,58.8,62.7,63.4,64.0,65.1,63.9,64.5,64.2,64.0,0,56.9,1.7,15.9
2025-04-11 19:46:40,62.9,58.6,62.6,63.3,63.8,64.9,63.7,64.5,64.0,63.8,0,56.8,1.3,15.9
2025-04-11 19:46:45,62.8,58.3,62.5,63.1,63.7,64.7,63.5,64.1,63.7,63.5,0,56.7,1.3,15.9
2025-04-11 19:46:50,62.6,58.0,62.1,62.9,63.4,64.3,63.2,63.7,63.3,63.1,0,56.6,1.3,15.9
2025-04-11 19:46:55,62.0,57.8,61.7,62.6,63.1,64.3,63.0,63.1,63.0,62.7,0,56.4,1.6,15.9
2025-04-11 19:47:00,61.9,57.6,61.4,62.1,62.7,63.7,62.7,62.7,62.7,62.5,0,56.1,2.0,15.9
2025-04-11 19:47:05,61.5,57.4,61.0,61.9,62.3,63.4,62.3,62.6,62.3,62.1,0,55.7,2.2,15.9
2025-04-11 19:47:10,61.3,57.3,60.8,61.8,62.0,63.2,62.1,62.2,61.9,61.9,0,55.4,2.1,15.9
2025-04-11 19:47:15,61.2,57.3,60.6,61.5,61.7,62.9,62.0,61.9,61.7,61.5,0,55.3,2.7,15.9
2025-04-11 19:47:20,61.1,57.1,60.3,61.4,61.5,62.7,61.6,61.6,61.4,61.3,0,55.0,2.3,15.9
2025-04-11 19:47:25,60.8,56.9,60.0,61.2,61.4,62.5,61.5,61.5,61.2,61.0,0,54.7,2.5,15.9
2025-04-11 19:47:30,60.7,56.6,59.7,60.9,61.0,62.2,61.1,61.1,60.8,60.8,0,54.5,2.6,15.9
2025-04-11 19:47:35,60.6,56.5,59.4,60.6,60.6,61.7,60.5,60.8,60.4,60.4,0,54.2,2.5,15.9
2025-04-11 19:47:40,60.3,56.2,59.1,60.4,60.4,61.5,60.3,60.5,60.2,60.0,0,53.9,2.8,15.9
2025-04-11 19:47:45,60.0,55.9,58.8,59.9,60.1,61.2,59.9,60.0,59.6,59.7,0,53.3,2.7,15.9
2025-04-11 19:47:50,59.8,55.8,58.5,59.8,59.8,60.9,59.7,59.9,59.5,59.5,0,53.3,2.4,15.8
2025-04-11 19:47:55,59.5,55.4,58.3,59.4,59.6,60.7,59.5,59.6,59.3,59.4,0,53.0,1.9,15.9
2025-04-11 19:48:00,59.3,55.3,58.1,59.3,59.4,60.6,59.1,59.5,59.1,59.1,0,52.9,1.6,15.9
2025-04-11 19:48:05,59.2,55.1,57.8,59.0,59.2,60.4,59.2,59.3,58.9,59.0,0,52.7,1.6,15.9
2025-04-11 19:48:10,59.0,54.7,57.6,58.8,59.0,60.3,58.9,59.1,58.6,58.7,0,52.6,1.8,15.8
2025-04-11 19:48:15,58.8,54.5,57.5,58.7,58.8,60.2,58.7,59.0,58.5,58.7,0,52.4,1.8,15.8
2025-04-11 19:48:20,58.7,54.1,57.4,58.5,58.6,60.0,58.6,59.0,58.4,58.5,0,52.3,1.7,15.8
2025-04-11 19:48:25,58.6,53.9,57.3,58.4,58.6,59.8,58.5,58.8,58.2,58.2,0,52.2,1.7,15.8
2025-04-11 19:48:30,58.5,53.6,57.0,58.5,58.5,59.8,58.5,58.7,58.1,58.1,0,52.0,1.8,15.8
2025-04-11 19:48:35,58.4,53.5,56.9,58.3,58.3,59.8,58.2,58.6,57.9,57.9,0,52.1,1.9,15.8
2025-04-11 19:48:40,58.2,53.4,56.8,58.2,58.1,59.6,58.2,58.4,57.6,57.8,0,51.9,1.7,15.8
2025-04-11 19:48:45,58.0,53.2,56.7,58.0,58.0,59.4,57.9,58.5,57.5,57.4,0,51.5,2.1,15.8
2025-04-11 19:48:50,58.0,53.0,56.5,58.0,57.7,59.1,57.7,58.1,57.2,57.2,0,51.3,2.2,15.8
2025-04-11 19:48:55,57.7,52.9,56.4,57.8,57.6,58.9,57.6,57.8,56.9,56.8,0,51.2,2.7,15.8
2025-04-11 19:49:00,57.3,52.6,55.9,57.3,57.3,58.7,57.2,57.4,56.5,56.4,0,50.8,2.9,15.8
2025-04-11 19:49:05,57.1,52.3,55.7,57.0,56.9,58.1,56.8,57.2,56.2,56.1,0,50.5,2.7,15.8
2025-04-11 19:49:10,57.0,52.1,55.3,56.7,56.7,58.0,56.5,56.8,55.8,55.7,0,50.2,3.3,15.8
2025-04-11 19:49:15,56.6,52.0,54.9,56.6,56.4,57.8,56.2,56.5,55.6,55.4,0,50.0,3.5,15.8
2025-04-11 19:49:20,56.6,51.9,54.8,56.3,56.2,57.5,56.0,56.4,55.3,55.1,0,49.8,3.2,15.8
2025-04-11 19:49:25,56.1,51.6,54.5,55.9,55.9,57.2,55.7,56.1,55.1,54.9,0,49.4,2.2,15.8
2025-04-11 19:49:30,55.9,51.4,54.1,55.8,55.7,56.9,55.4,56.1,54.7,54.7,0,49.2,1.9,15.8
2025-04-11 19:49:35,55.7,51.2,54.0,55.4,55.5,56.6,55.2,55.7,54.5,54.3,0,49.1,1.7,15.8
2025-04-11 19:49:40,55.5,51.0,53.7,55.2,55.2,56.4,54.8,55.3,54.1,54.0,0,48.7,3.0,15.8
2025-04-11 19:49:45,55.0,50.8,53.3,54.6,54.7,55.9,54.4,55.0,53.8,53.8,0,48.6,2.9,15.8
2025-04-11 19:49:50,54.7,50.5,52.8,54.3,54.2,55.4,54.0,54.7,53.3,53.4,0,48.3,2.2,15.8
2025-04-11 19:49:55,54.3,50.3,52.5,53.8,54.0,55.1,53.7,54.2,53.0,52.9,0,48.0,1.7,15.8
2025-04-11 19:50:00,53.8,50.1,52.2,53.3,53.5,54.7,53.4,54.2,52.8,52.6,0,47.6,1.4,15.8
2025-04-11 19:50:05,53.4,49.8,51.7,52.9,53.2,54.2,53.2,53.5,52.3,52.1,0,47.3,1.3,15.7
2025-04-11 19:50:10,53.0,49.6,51.2,52.6,52.9,53.8,52.6,53.3,51.9,52.0,0,47.2,1.3,15.7
2025-04-11 19:50:15,52.5,49.4,50.9,52.1,52.4,53.5,52.3,52.8,51.8,51.6,0,46.9,1.2,15.8
2025-04-11 19:50:20,52.1,49.2,50.7,51.8,52.2,53.2,52.1,52.5,51.5,51.3,0,46.6,1.0,15.8
2025-04-11 19:50:25,51.8,49.0,50.3,51.6,52.0,53.1,51.9,52.4,51.2,51.0,0,46.4,1.1,15.8
2025-04-11 19:50:30,51.4,48.8,50.1,51.3,51.5,52.5,51.4,52.0,51.0,50.7,0,46.3,1.2,15.7
2025-04-11 19:50:35,51.2,48.6,49.8,51.0,51.4,52.3,51.2,51.7,50.6,50.5,0,46.2,1.1,15.7
2025-04-11 19:50:40,50.8,48.2,49.3,50.6,51.2,52.1,51.0,51.3,50.3,50.1,0,45.9,1.6,15.7
2025-04-11 19:50:45,50.4,47.9,49.1,50.2,50.8,51.6,50.8,51.1,50.1,49.8,0,45.6,1.9,15.7
2025-04-11 19:50:50,50.1,47.9,48.8,50.0,50.5,51.3,50.2,50.8,49.8,49.5,0,45.5,1.7,15.7
2025-04-11 19:50:55,49.8,47.3,48.5,49.8,50.1,51.1,49.9,50.3,49.3,49.2,0,45.3,1.4,15.7
2025-04-11 19:51:00,49.4,46.9,48.2,49.7,49.8,50.9,49.7,50.2,49.1,49.0,0,45.1,1.6,15.7
2025-04-11 19:51:05,49.3,46.7,47.9,49.4,49.5,50.5,49.3,49.8,48.9,48.7,0,44.9,2.4,15.7
2025-04-11 19:51:10,49.0,46.5,47.6,49.1,49.3,50.4,49.2,49.7,48.8,48.6,0,44.8,2.9,15.7
2025-04-11 19:51:15,48.9,46.4,47.5,48.9,49.2,50.2,49.1,49.7,48.7,48.4,0,44.6,3.1,15.7
2025-04-11 19:51:20,48.7,46.2,47.4,48.7,49.0,50.0,49.0,49.3,48.6,48.2,0,44.5,2.5,15.7
2025-04-11 19:51:25,48.5,46.1,47.1,48.6,49.0,49.7,48.9,49.1,48.4,48.0,0,44.2,3.0,15.7
2025-04-11 19:51:30,48.2,45.9,46.9,48.3,48.8,49.5,48.7,49.2,48.3,48.0,0,44.2,3.1,15.7
2025-04-11 19:51:35,48.1,45.6,46.7,48.1,48.6,49.5,48.5,48.8,48.0,47.7,0,43.9,2.7,15.7
2025-04-11 19:51:40,48.0,45.3,46.6,48.1,48.4,49.2,48.3,48.6,47.9,47.6,0,43.7,2.7,15.7
2025-04-11 19:51:45,47.7,45.0,46.3,47.9,48.2,48.8,48.2,48.5,47.7,47.4,0,43.5,2.0,15.7
2025-04-11 19:51:50,47.5,44.8,46.1,47.7,48.0,48.6,47.9,48.2,47.4,47.1,0,43.3,1.8,15.7
2025-04-11 19:51:55,47.3,44.4,45.8,47.6,47.8,48.5,47.8,47.9,47.2,46.9,0,43.0,1.6,15.7
2025-04-11 19:52:00,47.0,44.2,45.6,47.1,47.4,48.1,47.5,47.5,46.9,46.7,0,42.7,1.6,15.7
2025-04-11 19:52:05,46.7,44.0,45.4,46.7,47.2,47.9,47.2,47.2,46.7,46.5,0,42.5,2.2,15.7
2025-04-11 19:52:10,46.5,43.5,45.0,46.3,47.0,47.6,47.0,47.1,46.5,46.2,0,42.2,2.3,15.7
2025-04-11 19:52:15,46.3,43.4,44.8,46.2,46.5,47.4,46.6,46.8,46.2,46.0,0,42.1,2.0,15.7
2025-04-11 19:52:20,45.9,43.3,44.7,46.1,46.4,47.3,46.5,46.6,46.0,45.8,0,41.7,1.9,15.7
2025-04-11 19:52:25,45.7,43.0,44.2,45.7,46.2,46.9,46.2,46.3,45.8,45.5,0,41.4,1.7,15.7
2025-04-11 19:52:30,45.5,42.8,44.1,45.5,45.8,46.6,45.8,46.1,45.6,45.3,0,41.3,1.5,15.7
2025-04-11 19:52:35,45.1,42.5,43.8,45.2,45.6,46.4,45.6,45.7,45.1,45.0,0,41.0,1.5,15.6
2025-04-11 19:52:40,44.9,42.4,43.5,45.0,45.4,46.2,45.3,45.4,44.9,44.7,0,40.7,1.3,15.7
2025-04-11 19:52:45,44.7,42.2,43.3,44.8,45.1,45.9,45.1,45.2,44.7,44.4,0,40.4,1.8,15.6
2025-04-11 19:52:50,44.3,41.9,43.0,44.4,44.8,45.7,44.7,44.8,44.3,44.2,0,40.1,2.7,15.6
2025-04-11 19:52:55,44.0,41.6,42.7,44.1,44.6,45.4,44.4,44.4,44.1,43.9,0,40.0,2.3,15.6
2025-04-11 19:53:00,43.8,41.2,42.5,43.8,44.3,45.0,44.2,44.2,43.8,43.8,0,39.8,2.6,15.6
2025-04-11 19:53:05,43.4,40.9,42.1,43.5,44.0,44.8,43.9,44.0,43.5,43.4,0,39.5,2.3,15.6
2025-04-11 19:53:10,43.3,40.8,41.9,43.4,43.8,44.5,43.6,43.7,43.3,43.1,0,39.4,2.5,15.6
2025-04-11 19:53:15,42.9,40.5,41.6,43.1,43.4,44.2,43.2,43.3,43.0,42.8,0,39.1,2.5,15.6
2025-04-11 19:53:20,42.8,40.3,41.4,42.8,43.2,44.0,43.0,43.1,42.8,42.5,0,38.8,2.0,15.6
2025-04-11 19:53:25,42.4,39.9,41.0,42.4,42.8,43.8,42.9,43.0,42.6,42.3,0,38.9,1.6,15.6
2025-04-11 19:53:30,42.1,39.6,40.7,42.1,42.5,43.6,42.5,42.4,42.2,41.9,0,38.5,1.4,15.6
2025-04-11 19:53:35,41.9,39.4,40.4,41.9,42.3,43.3,42.1,42.1,42.0,41.7,0,38.3,1.4,15.6
2025-04-11 19:53:40,41.5,39.0,40.2,41.7,41.9,43.1,42.0,42.0,41.7,41.4,0,38.0,1.4,15.6
2025-04-11 19:53:45,41.2,38.7,40.0,41.3,41.7,42.9,41.7,41.8,41.5,41.2,0,37.9,1.3,15.6
2025-04-11 19:53:50,41.1,38.6,39.8,41.1,41.6,42.6,41.5,41.4,41.3,40.9,0,37.6,1.3,15.6
2025-04-11 19:53:55,40.7,38.3,39.3,40.6,41.2,42.3,41.2,41.1,41.0,40.6,0,37.4,1.2,15.6
2025-04-11 19:54:00,40.4,37.9,39.1,40.5,40.9,41.9,40.7,40.7,40.8,40.4,0,37.1,1.1,15.6
2025-04-11 19:54:05,40.2,37.8,38.9,40.2,40.7,41.7,40.5,40.4,40.3,40.1,0,37.0,1.9,15.6
2025-04-11 19:54:10,39.8,37.4,38.5,39.9,40.3,41.4,40.2,40.2,39.9,39.8,0,36.7,2.7,15.6
2025-04-11 19:54:15,39.7,37.2,38.4,39.6,40.1,41.1,39.9,39.7,39.7,39.4,0,36.5,2.5,15.6
2025-04-11 19:54:20,39.2,36.6,37.9,39.1,39.7,40.6,39.6,39.3,39.4,39.1,0,36.0,1.8,15.6
2025-04-11 19:54:25,38.8,36.5,37.7,39.0,39.4,40.3,39.2,39.0,39.1,38.8,0,35.6,1.9,15.5
2025-04-11 19:54:30,38.5,36.2,37.2,38.5,39.0,39.8,38.7,38.6,38.7,38.5,0,35.6,1.6,15.5
2025-04-11 19:54:35,38.2,35.8,36.8,38.1,38.8,39.5,38.4,38.1,38.4,38.0,0,35.2,1.5,15.5
2025-04-11 19:54:40,37.7,35.6,36.4,37.6,38.3,39.1,38.0,37.8,38.0,37.8,0,34.9,1.8,15.5
2025-04-11 19:54:45,37.3,35.3,36.2,37.2,37.9,38.7,37.5,37.5,37.7,37.4,0,34.7,2.2,15.5
2025-04-11 19:54:50,36.9,34.9,36.1,36.8,37.6,38.3,37.3,37.1,37.3,37.0,0,34.2,2.8,15.5
2025-04-11 19:54:55,36.5,34.8,35.9,36.6,37.5,38.2,36.9,36.8,37.0,36.6,0,33.9,2.7,15.5
2025-04-11 19:55:00,36.2,34.3,35.4,36.2,36.9,37.7,36.5,36.4,36.7,36.3,0,33.6,2.1,15.5
2025-04-11 19:55:05,35.8,33.9,34.9,35.6,36.6,37.2,36.2,36.0,36.2,36.0,0,33.3,2.3,15.5
2025-04-11 19:55:10,35.7,33.7,34.6,35.4,36.1,36.9,35.8,35.6,35.9,35.6,0,33.1,2.2,15.5
2025-04-11 19:55:15,35.3,33.4,34.3,34.9,35.7,36.5,35.5,35.3,35.4,35.3,0,32.9,2.1,15.5
2025-04-11 19:55:20,35.0,33.2,34.0,34.7,35.4,36.2,35.1,34.8,35.2,35.2,0,32.8,1.7,15.5
2025-04-11 19:55:25,34.6,32.9,33.6,34.5,35.0,35.8,34.7,34.5,34.7,34.7,0,32.5,1.3,15.5
2025-04-11 19:55:30,34.3,32.8,33.3,34.1,34.7,35.4,34.4,34.3,34.4,34.6,0,32.2,1.1,15.5
2025-04-11 19:55:35,34.0,32.5,33.0,33.8,34.6,35.3,34.2,34.0,34.4,34.2,0,32.0,0.9,15.5
2025-04-11 19:55:40,33.6,32.2,32.7,33.6,33.9,34.8,33.7,33.7,34.0,34.0,0,31.8,0.8,15.5
2025-04-11 19:55:45,33.4,31.9,32.3,33.3,33.7,34.5,33.3,33.2,33.7,33.7,0,31.5,0.7,15.5
2025-04-11 19:55:50,33.1,31.8,32.1,33.2,33.4,34.3,33.1,33.0,33.5,33.3,0,31.3,0.6,15.4
2025-04-11 19:55:55,32.7,31.3,31.9,33.0,33.1,34.0,32.8,32.9,33.2,33.1,0,31.1,0.6,15.5
2025-04-11 19:56:00,32.6,31.1,31.6,32.6,32.8,33.7,32.6,32.7,33.0,32.8,0,31.0,0.7,15.4
2025-04-11 19:56:05,32.2,30.8,31.3,32.3,32.5,33.4,32.4,32.5,32.7,32.5,0,30.9,0.6,15.4
2025-04-11 19:56:10,31.8,30.5,31.2,32.1,32.3,33.4,32.0,32.2,32.5,32.3,0,30.7,0.5,15.4
2025-04-11 19:56:15,31.6,30.2,30.9,31.8,32.0,33.1,31.8,32.1,32.4,32.2,0,30.6,0.5,15.4
2025-04-11 19:56:20,31.4,30.0,30.8,31.5,31.8,32.9,31.6,31.8,32.1,31.9,0,30.5,1.8,15.4
2025-04-11 19:56:25,31.2,29.8,30.6,31.3,31.6,32.7,31.4,31.5,31.9,31.7,0,30.4,1.9,15.4
2025-04-11 19:56:30,30.9,29.6,30.4,31.0,31.4,32.4,31.2,31.2,31.7,31.4,0,30.3,1.9,15.4
2025-04-11 19:56:35,30.8,29.3,30.2,30.8,31.3,32.2,31.0,31.1,31.5,31.2,0,30.1,2.7,15.4
2025-04-11 19:56:40,30.6,29.1,30.1,30.7,31.1,32.1,30.9,31.0,31.5,31.0,0,29.9,3.2,15.4
2025-04-11 19:56:45,30.5,28.9,29.9,30.4,30.8,31.7,30.5,30.7,31.2,30.9,0,29.7,2.6,15.4
2025-04-11 19:56:50,30.4,28.8,29.8,30.4,30.6,31.7,30.4,30.5,31.1,30.7,0,29.8,2.1,15.4
2025-04-11 19:56:55,30.2,28.6,29.6,30.3,30.6,31.5,30.2,30.5,31.0,30.5,0,29.6,1.6,15.4
2025-04-11 19:57:00,30.1,28.5,29.4,30.1,30.4,31.4,30.1,30.2,30.8,30.4,0,29.6,1.8,15.4
2025-04-11 19:57:05,29.9,28.5,29.5,30.0,30.3,31.3,29.9,30.2,30.8,30.3,0,29.4,1.8,15.4
2025-04-11 19:57:10,29.8,28.3,29.2,29.8,30.1,31.2,29.8,30.0,30.6,30.2,0,29.4,1.8,15.4
2025-04-11 19:57:15,29.7,28.1,29.2,29.6,30.0,31.1,29.7,29.9,30.4,30.1,0,29.4,1.5,15.4
2025-04-11 19:57:20,29.7,28.1,29.1,29.6,30.0,31.0,29.5,29.8,30.4,30.0,0,29.4,1.7,15.4
2025-04-11 19:57:25,29.6,27.9,29.1,29.5,29.9,30.8,29.4,29.8,30.3,29.9,0,29.3,2.3,15.4
2025-04-11 19:57:30,29.6,27.9,29.0,29.4,29.9,30.8,29.5,29.7,30.3,29.8,0,29.2,2.2,15.4
2025-04-11 19:57:35,29.5,27.8,28.9,29.4,29.8,30.6,29.3,29.5,30.1,29.8,0,29.1,2.0,15.4
2025-04-11 19:57:40,29.5,27.7,28.9,29.4,29.8,30.6,29.3,29.6,30.1,29.7,0,29.1,1.9,15.4
2025-04-11 19:57:45,29.4,27.8,29.0,29.3,29.8,30.5,29.3,29.5,30.1,29.7,0,29.1,2.0,15.3
2025-04-11 19:57:50,29.4,27.6,28.9,29.3,29.7,30.5,29.2,29.4,30.1,29.6,0,29.1,1.6,15.3
2025-04-11 19:57:55,29.4,27.6,28.9,29.2,29.7,30.5,29.2,29.4,30.1,29.5,0,29.1,1.4,15.3
2025-04-11 19:58:00,29.3,27.5,28.8,29.2,29.7,30.4,29.1,29.5,30.1,29.5,0,29.0,1.2,15.3
2025-04-11 19:58:05,29.3,27.5,28.7,29.2,29.6,30.4,29.2,29.5,30.2,29.4,0,29.0,1.3,15.3
2025-04-11 19:58:10,29.3,27.5,28.6,29.3,29.6,30.3,29.1,29.4,30.2,29.4,0,29.0,1.3,15.3
2025-04-11 19:58:15,29.3,27.4,28.8,29.1,29.5,30.3,29.1,29.4,30.1,29.3,0,29.0,1.2,15.3
2025-04-11 19:58:20,29.2,27.3,28.6,29.1,29.6,30.3,29.0,29.5,30.1,29.3,0,29.0,1.0,15.3
2025-04-11 19:58:25,29.2,27.2,28.6,29.1,29.7,30.3,29.1,29.4,30.0,29.2,0,28.9,1.0,15.3
2025-04-11 19:58:30,29.2,27.2,28.7,29.0,29.6,30.3,29.0,29.3,30.1,29.2,0,28.9,1.4,15.3
2025-04-11 19:58:35,29.1,27.2,28.7,28.9,29.6,30.3,29.0,29.3,30.1,29.1,0,29.0,1.7,15.3
2025-04-11 19:58:40,29.0,27.1,28.6,29.0,29.6,30.2,28.9,29.2,29.9,29.1,0,29.0,1.6,15.3
2025-04-11 19:58:45,29.0,27.1,28.6,28.9,29.6,30.2,29.0,29.4,29.9,29.0,0,28.9,1.5,15.3
2025-04-11 19:58:50,28.9,27.1,28.5,28.9,29.6,30.2,28.9,29.3,29.9,29.0,0,28.8,1.4,15.3
2025-04-11 19:58:55,29.0,27.1,28.6,28.9,29.5,30.3,28.9,29.3,30.0,28.9,0,28.8,1.3,15.3
2025-04-11 19:59:00,28.9,27.1,28.5,28.9,29.5,30.2,29.0,29.4,30.0,28.9,0,28.9,1.2,15.3
2025-04-11 19:59:05,29.0,27.1,28.5,29.0,29.6,30.4,28.9,29.2,29.9,28.9,0,28.9,1.4,15.3
2025-04-11 19:59:10,29.0,27.0,28.5,28.9,29.5,30.3,28.9,29.2,29.9,28.9,0,29.0,1.7,15.3
2025-04-11 19:59:15,28.9,27.0,28.6,28.9,29.5,30.3,29.0,29.2,29.8,28.8,0,29.0,1.6,15.3
2025-04-11 19:59:20,29.0,27.0,28.6,28.9,29.6,30.3,28.9,29.2,29.8,28.8,0,29.0,1.7,15.3
2025-04-11 19:59:25,29.0,27.0,28.6,29.0,29.6,30.3,29.0,29.3,29.9,28.8,0,29.1,1.8,15.3
2025-04-11 19:59:30,29.0,27.2,28.5,29.1,29.6,30.4,29.1,29.4,29.9,28.9,0,29.0,1.7,15.3
2025-04-11 19:59:35,29.1,27.2,28.7,29.0,29.6,30.6,29.1,29.5,30.0,28.9,0,29.1,2.1,15.3
2025-04-11 19:59:40,29.0,27.2,28.6,29.2,29.8,30.5,29.3,29.5,30.0,28.9,0,29.2,2.3,15.3
2025-04-11 19:59:45,29.1,27.2,28.7,29.3,29.8,30.6,29.3,29.5,30.0,29.0,0,29.2,2.1,15.3
2025-04-11 19:59:50,29.2,27.2,28.8,29.4,29.8,30.6,29.4,29.6,30.1,29.0,0,29.2,2.2,15.3
2025-04-11 19:59:55,29.2,27.3,28.9,29.4,29.9,30.7,29.4,29.7,30.1,29.0,0,29.3,2.3,15.3
2025-04-11 20:00:00,29.4,27.3,28.9,29.5,29.9,30.7,29.4,29.7,30.2,29.0,0,29.2,1.8,15.3
2025-04-11 20:00:05,29.4,27.4,29.0,29.4,29.9,30.7,29.5,29.7,30.2,29.1,0,29.3,1.6,15.3
2025-04-11 20:00:10,29.4,27.4,28.9,29.5,30.0,30.7,29.6,29.8,30.2,29.1,0,29.3,1.6,15.3
2025-04-11 20:00:15,29.4,27.4,29.0,29.6,30.1,30.9,29.7,29.9,30.2,29.2,0,29.4,1.4,15.3
2025-04-11 20:00:20,29.5,27.6,29.2,29.7,30.1,30.8,29.7,30.0,30.3,29.2,0,29.3,1.2,15.2
2025-04-11 20:00:25,29.6,27.5,29.2,29.7,30.3,31.0,29.8,30.0,30.3,29.2,0,29.4,1.2,15.2
2025-04-11 20:00:30,29.6,27.6,29.2,29.8,30.2,31.0,29.8,30.1,30.3,29.3,0,29.4,1.1,15.2
2025-04-11 20:00:35,29.6,27.7,29.3,29.9,30.3,31.1,29.9,30.1,30.3,29.3,0,29.4,1.4,15.3
2025-04-11 20:00:40,29.7,27.7,29.4,30.0,30.4,31.2,30.0,30.2,30.3,29.4,0,29.4,1.4,15.2
2025-04-11 20:00:45,29.8,27.9,29.4,30.1,30.4,31.3,30.0,30.4,30.4,29.4,0,29.5,1.3,15.2
2025-04-11 20:00:50,29.8,27.8,29.5,30.0,30.5,31.3,30.0,30.4,30.5,29.5,0,29.5,1.6,15.2
2025-04-11 20:00:55,29.9,28.0,29.4,30.3,30.5,31.3,30.1,30.4,30.4,29.5,0,29.6,1.4,15.2
2025-04-11 20:01:00,29.9,28.1,29.6,30.2,30.5,31.3,30.1,30.5,30.5,29.5,0,29.6,1.3,15.2
2025-04-11 20:01:05,30.0,28.2,29.6,30.3,30.6,31.4,30.2,30.5,30.6,29.6,0,29.6,1.4,15.2
2025-04-11 20:01:10,30.1,28.2,29.6,30.2,30.7,31.3,30.2,30.5,30.6,29.6,0,29.5,1.4,15.2
2025-04-11 20:01:15,30.2,28.2,29.6,30.3,30.7,31.5,30.3,30.6,30.5,29.6,0,29.5,1.2,15.2
2025-04-11 20:01:20,30.3,28.2,29.6,30.2,30.7,31.4,30.3,30.6,30.7,29.6,0,29.5,1.4,15.2
2025-04-11 20:01:25,30.3,28.2,29.7,30.3,30.7,31.5,30.3,30.8,30.6,29.6,0,29.5,1.3,15.2
2025-04-11 20:01:30,30.2,28.1,29.6,30.2,30.7,31.5,30.3,30.7,30.6,29.6,0,29.4,1.2,15.2
2025-04-11 20:01:35,30.2,28.1,29.6,30.2,30.6,31.5,30.3,30.7,30.6,29.5,0,29.5,1.1,15.2
2025-04-11 20:01:40,30.1,28.0,29.6,30.2,30.7,31.4,30.1,30.5,30.4,29.5,0,29.4,1.6,15.2
2025-04-11 20:01:45,30.0,28.0,29.6,30.1,30.6,31.4,30.2,30.4,30.5,29.4,0,29.3,1.7,15.2
2025-04-11 20:01:50,30.0,28.0,29.6,29.9,30.5,31.3,30.1,30.4,30.4,29.3,0,29.2,1.7,15.2
2025-04-11 20:01:55,29.8,27.9,29.5,29.9,30.4,31.2,30.0,30.3,30.3,29.2,0,29.1,2.0,15.2
2025-04-11 20:02:00,29.8,27.8,29.4,29.7,30.3,31.1,29.8,30.1,30.1,29.2,0,29.1,1.9,15.2
2025-04-11 20:02:05,29.6,27.5,29.2,29.7,30.1,30.9,29.8,30.0,30.1,29.1,0,29.0,1.6,15.2
2025-04-11 20:02:10,29.5,27.4,29.0,29.6,30.0,31.0,29.7,29.9,29.9,28.9,0,28.9,1.7,15.2
2025-04-11 20:02:15,29.4,27.2,28.9,29.3,29.9,30.9,29.5,29.8,29.9,28.8,0,28.7,2.0,15.2
2025-04-11 20:02:20,29.3,27.0,28.8,29.4,29.7,30.8,29.4,29.7,29.8,28.7,0,28.7,2.2,15.2
2025-04-11 20:02:25,29.2,27.0,28.7,29.3,29.6,30.6,29.3,29.7,29.7,28.6,0,28.6,2.3,15.2
2025-04-11 20:02:30,29.0,26.8,28.6,29.1,29.6,30.7,29.3,29.6,29.7,28.5,0,28.5,2.4,15.2
2025-04-11 20:02:35,28.9,26.6,28.4,29.0,29.5,30.5,29.0,29.5,29.6,28.4,0,28.4,2.5,15.2
2025-04-11 20:02:40,28.7,26.5,28.3,29.0,29.4,30.4,29.0,29.4,29.6,28.2,0,28.3,2.6,15.2
2025-04-11 20:02:45,28.6,26.4,28.2,28.7,29.3,30.3,28.8,29.3,29.5,28.1,0,28.1,2.6,15.2
2025-04-11 20:02:50,28.4,26.3,28.1,28.6,29.2,30.1,28.7,29.1,29.4,28.0,0,28.1,3.0,15.2
2025-04-11 20:02:55,28.3,26.2,28.0,28.5,29.1,30.0,28.7,28.8,29.1,27.8,0,28.0,2.7,15.2
2025-04-11 20:03:00,28.1,26.1,27.9,28.4,28.9,29.9,28.5,28.9,29.1,27.7,0,27.9,2.4,15.2
2025-04-11 20:03:05,28.1,26.1,27.8,28.4,28.8,29.8,28.3,28.8,29.0,27.5,0,27.7,2.0,15.2
2025-04-11 20:03:10,27.8,26.0,27.6,28.2,28.6,29.6,28.2,28.7,28.9,27.4,0,27.7,2.1,15.2
2025-04-11 20:03:15,27.7,25.9,27.4,28.0,28.6,29.6,28.0,28.6,28.8,27.3,0,27.4,2.5,15.2
2025-04-11 20:03:20,27.6,25.9,27.4,27.9,28.5,29.5,27.9,28.4,28.6,27.2,0,27.3,2.9,15.2
2025-04-11 20:03:25,27.5,25.8,27.4,27.8,28.4,29.2,27.9,28.4,28.5,27.1,0,27.2,3.0,15.1
2025-04-11 20:03:30,27.4,25.8,27.2,27.6,28.2,29.1,27.8,28.2,28.4,27.0,0,27.2,2.8,15.2
2025-04-11 20:03:35,27.2,25.6,27.1,27.5,28.0,29.0,27.6,28.2,28.3,26.8,0,27.0,3.0,15.1
2025-04-11 20:03:40,27.1,25.5,26.9,27.3,27.9,29.1,27.5,27.9,28.2,26.7,0,26.9,3.0,15.1
2025-04-11 20:03:45,27.1,25.3,26.8,27.4,27.8,28.9,27.3,27.9,28.2,26.6,0,26.8,2.7,15.1
2025-04-11 20:03:50,26.9,25.2,26.7,27.1,27.7,28.7,27.3,27.8,28.1,26.5,0,26.7,3.0,15.2
2025-04-11 20:03:55,26.8,25.2,26.7,27.2,27.6,28.6,27.3,27.7,28.1,26.4,0,26.8,3.0,15.1
2025-04-11 20:04:00,26.7,25.1,26.5,27.0,27.6,28.5,27.2,27.6,27.9,26.3,0,26.5,3.3,15.1
2025-04-11 20:04:05,26.6,25.0,26.5,26.9,27.4,28.3,27.1,27.4,27.8,26.2,0,26.5,3.1,15.1
2025-04-11 20:04:10,26.5,25.0,26.3,26.9,27.4,28.3,27.0,27.3,27.7,26.1,0,26.4,2.4,15.1
2025-04-11 20:04:15,26.4,24.8,26.1,26.7,27.3,28.1,26.8,27.2,27.5,26.0,0,26.3,2.3,15.1
2025-04-11 20:04:20,26.4,24.7,26.1,26.7,27.1,28.0,26.8,27.2,27.4,25.9,0,26.2,1.9,15.1
2025-04-11 20:04:25,26.3,24.6,26.0,26.6,27.0,27.9,26.6,27.1,27.4,25.8,0,26.2,1.6,15.1
2025-04-11 20:04:30,26.1,24.6,25.9,26.5,26.9,27.8,26.6,27.0,27.2,25.8,0,26.1,1.8,15.1
2025-04-11 20:04:35,26.1,24.5,25.9,26.5,26.8,27.7,26.5,26.9,27.1,25.7,0,26.1,1.8,15.1
2025-04-11 20:04:40,26.0,24.5,25.9,26.4,26.8,27.6,26.5,26.7,27.1,25.6,0,26.0,2.1,15.1
2025-04-11 20:04:45,25.9,24.3,25.7,26.3,26.8,27.7,26.4,26.7,27.0,25.5,0,25.9,2.7,15.1
2025-04-11 20:04:50,25.9,24.2,25.6,26.3,26.6,27.6,26.3,26.6,26.9,25.4,0,25.9,3.0,15.1
2025-04-11 20:04:55,25.7,24.2,25.5,26.0,26.5,27.5,26.2,26.5,26.8,25.3,0,25.9,3.3,15.1
2025-04-11 20:05:00,25.7,24.0,25.5,26.0,26.5,27.3,26.0,26.5,26.7,25.3,0,25.8,3.4,15.1
2025-04-11 20:05:05,25.6,23.8,25.3,25.8,26.4,27.3,26.1,26.3,26.7,25.2,0,25.7,3.1,15.1
2025-04-11 20:05:10,25.5,23.8,25.3,25.7,26.3,27.1,26.0,26.3,26.5,25.0,0,25.6,2.9,15.1
2025-04-11 20:05:15,25.4,23.7,25.2,25.7,26.2,27.1,26.0,26.2,26.5,25.0,0,25.6,2.9,15.1
2025-04-11 20:05:20,25.3,23.5,25.1,25.5,26.1,27.0,25.8,26.2,26.4,24.9,0,25.4,3.1,15.1
2025-04-11 20:05:25,25.4,23.4,25.0,25.4,26.0,27.0,25.8,26.0,26.3,24.8,0,25.5,2.8,15.1
2025-04-11 20:05:30,25.2,23.1,25.0,25.4,26.0,26.9,25.8,26.1,26.3,24.8,0,25.3,2.7,15.1
2025-04-11 20:05:35,25.2,22.9,24.9,25.3,26.0,26.9,25.6,25.9,26.1,24.7,0,25.3,2.7,15.1
2025-04-11 20:05:40,25.0,22.8,24.8,25.2,25.9,26.8,25.6,25.9,26.1,24.6,0,25.2,2.7,15.1
2025-04-11 20:05:45,24.9,22.7,24.7,25.1,25.9,26.7,25.5,25.8,25.9,24.5,0,25.1,2.3,15.1
2025-04-11 20:05:50,24.8,22.6,24.7,25.1,25.7,26.5,25.4,25.8,25.8,24.5,0,25.0,2.0,15.1
2025-04-11 20:05:55,24.7,22.4,24.6,25.0,25.6,26.5,25.3,25.6,25.7,24.4,0,24.8,1.5,15.1
2025-04-11 20:06:00,24.6,22.3,24.6,24.9,25.6,26.4,25.3,25.5,25.7,24.2,0,24.7,1.3,15.1
2025-04-11 20:06:05,24.5,22.2,24.5,24.7,25.5,26.3,25.2,25.5,25.6,24.2,0,24.7,1.2,15.1
2025-04-11 20:06:10,24.4,22.1,24.3,24.6,25.4,26.2,25.2,25.4,25.6,24.1,0,24.5,1.0,15.1
2025-04-11 20:06:15,24.3,22.1,24.3,24.6,25.2,25.9,25.0,25.4,25.5,24.0,0,24.4,1.1,15.1
2025-04-11 20:06:20,24.3,22.0,24.2,24.5,25.2,25.9,25.1,25.2,25.4,23.9,0,24.3,1.6,15.1
2025-04-11 20:06:25,24.2,22.0,24.0,24.5,25.0,25.8,24.9,25.1,25.3,23.9,0,24.2,2.0,15.1
2025-04-11 20:06:30,24.2,21.9,24.0,24.4,25.0,25.8,24.9,25.1,25.3,23.7,0,24.1,2.1,15.1
2025-04-11 20:06:35,24.1,21.9,23.9,24.2,24.8,25.6,24.7,25.0,25.3,23.7,0,23.9,2.7,15.1
2025-04-11 20:06:40,24.1,21.8,23.7,24.0,24.8,25.7,24.6,24.9,25.1,23.6,0,23.8,2.8,15.1
2025-04-11 20:06:45,24.1,21.8,23.8,24.1,24.7,25.5,24.6,24.9,25.0,23.5,0,23.8,2.4,15.1
2025-04-11 20:06:50,23.9,21.9,23.6,24.1,24.5,25.4,24.5,24.8,24.8,23.4,0,23.7,2.3,15.1
2025-04-11 20:06:55,23.9,21.8,23.5,24.0,24.5,25.4,24.4,24.7,24.8,23.3,0,23.6,2.5,15.1
2025-04-11 20:07:00,23.8,21.8,23.4,24.0,24.3,25.4,24.2,24.8,24.7,23.2,0,23.4,2.4,15.1
2025-04-11 20:07:05,23.9,21.9,23.3,24.0,24.3,25.4,24.2,24.6,24.7,23.1,0,23.3,2.3,15.1
2025-04-11 20:07:10,23.7,21.7,23.4,23.8,24.2,25.2,24.1,24.5,24.6,23.0,0,23.2,2.7,15.1
2025-04-11 20:07:15,23.7,21.7,23.2,23.6,24.2,25.1,24.0,24.5,24.6,22.9,0,23.0,2.5,15.1
2025-04-11 20:07:20,23.6,21.7,23.2,23.5,24.1,25.0,23.9,24.3,24.5,22.8,0,22.9,2.6,15.1
2025-04-11 20:07:25,23.6,21.8,23.1,23.4,23.9,25.0,23.9,24.3,24.3,22.8,0,22.9,2.7,15.1
2025-04-11 20:07:30,23.6,21.8,23.0,23.4,23.9,25.0,23.8,24.1,24.4,22.7,0,22.7,2.5,15.1
2025-04-11 20:07:35,23.5,21.6,23.0,23.4,23.9,24.9,23.8,24.1,24.3,22.6,0,22.6,2.5,15.1
2025-04-11 20:07:40,23.5,21.7,22.9,23.2,23.8,24.8,23.6,24.1,24.2,22.6,0,22.4,2.4,15.1
2025-04-11 20:07:45,23.5,21.5,22.8,23.3,23.8,24.7,23.6,24.0,24.1,22.5,0,22.4,2.3,15.0
2025-04-11 20:07:50,23.5,21.5,22.8,23.2,23.6,24.7,23.6,23.8,24.1,22.4,0,22.3,2.1,15.1
2025-04-11 20:07:55,23.5,21.4,22.6,23.1,23.5,24.6,23.4,23.7,24.0,22.3,0,22.2,1.7,15.1
2025-04-11 20:08:00,23.4,21.3,22.6,23.0,23.6,24.6,23.4,23.7,23.9,22.3,0,22.2,1.6,15.1
2025-04-11 20:08:05,23.3,21.2,22.5,22.9,23.5,24.5,23.3,23.6,23.9,22.2,0,22.1,1.5,15.1
2025-04-11 20:08:10,23.3,21.1,22.6,23.0,23.5,24.4,23.2,23.6,23.8,22.2,0,22.1,1.7,15.1
2025-04-11 20:08:15,23.2,21.0,22.5,22.9,23.4,24.4,23.2,23.5,23.7,22.1,0,22.0,1.6,15.0
2025-04-11 20:08:20,23.1,20.9,22.4,22.9,23.3,24.3,23.1,23.5,23.7,22.0,0,22.0,2.0,15.1
2025-04-11 20:08:25,23.0,20.9,22.4,22.8,23.3,24.3,23.1,23.5,23.7,22.0,0,21.8,1.7,15.0
2025-04-11 20:08:30,23.0,20.8,22.3,22.7,23.2,24.2,23.1,23.4,23.7,22.0,0,21.7,1.6,15.0
2025-04-11 20:08:35,23.0,20.7,22.3,22.7,23.2,24.1,23.0,23.2,23.7,21.9,0,21.7,1.7,15.0
2025-04-11 20:08:40,22.9,20.6,22.3,22.5,23.1,24.1,22.9,23.2,23.6,21.9,0,21.6,1.9,15.0
2025-04-11 20:08:45,22.9,20.5,22.3,22.6,23.0,24.0,22.8,23.1,23.7,21.8,0,21.6,1.7,15.0
2025-04-11 20:08:50,22.8,20.5,22.1,22.5,23.0,24.0,22.8,23.2,23.7,21.8,0,21.5,1.5,15.0
2025-04-11 20:08:55,22.8,20.5,22.1,22.4,23.0,23.9,22.8,23.2,23.7,21.7,0,21.4,1.6,15.0
2025-04-11 20:09:00,22.7,20.5,22.1,22.5,22.8,23.8,22.7,23.2,23.6,21.7,0,21.3,1.6,15.0
2025-04-11 20:09:05,22.8,20.5,22.1,22.3,22.8,23.8,22.6,23.1,23.6,21.6,0,21.2,1.5,15.0
2025-04-11 20:09:10,22.7,20.5,21.9,22.3,22.8,23.8,22.6,23.1,23.5,21.6,0,21.1,1.5,15.0
2025-04-11 20:09:15,22.6,20.4,21.9,22.2,22.8,23.8,22.6,23.2,23.5,21.5,0,21.1,1.5,15.0
2025-04-11 20:09:20,22.6,20.5,22.0,22.2,22.7,23.6,22.5,23.1,23.5,21.5,0,21.0,1.4,15.0
2025-04-11 20:09:25,22.6,20.4,21.9,22.1,22.8,23.7,22.6,23.0,23.4,21.4,0,20.9,1.3,15.0
2025-04-11 20:09:30,22.4,20.4,21.8,22.1,22.7,23.6,22.4,23.0,23.3,21.4,0,20.8,1.6,15.0
2025-04-11 20:09:35,22.4,20.5,21.7,22.0,22.6,23.6,22.5,22.9,23.4,21.3,0,20.7,1.6,15.0
2025-04-11 20:09:40,22.4,20.5,21.6,22.1,22.6,23.6,22.5,22.9,23.4,21.3,0,20.7,1.9,15.0
2025-04-11 20:09:45,22.4,20.6,21.7,22.1,22.5,23.5,22.4,22.8,23.4,21.3,0,20.6,2.1,15.0
2025-04-11 20:09:50,22.4,20.5,21.5,22.1,22.4,23.5,22.4,22.7,23.4,21.2,0,20.6,2.6,15.0
2025-04-11 20:09:55,22.3,20.5,21.5,22.1,22.4,23.4,22.3,22.8,23.3,21.2,0,20.6,3.1,15.0
2025-04-11 20:10:00,22.3,20.5,21.5,22.1,22.4,23.4,22.3,22.7,23.3,21.2,0,20.6,3.1,15.0
2025-04-11 20:10:05,22.3,20.4,21.5,22.0,22.3,23.3,22.2,22.7,23.2,21.1,0,20.4,2.6,15.0
2025-04-11 20:10:10,22.3,20.3,21.4,22.0,22.2,23.3,22.3,22.6,23.2,21.1,0,20.4,2.3,15.0
2025-04-11 20:10:15,22.3,20.3,21.4,21.8,22.2,23.2,22.2,22.6,23.1,21.0,0,20.4,2.4,15.0
2025-04-11 20:10:20,22.3,20.3,21.3,21.9,22.2,23.1,22.2,22.7,23.1,21.0,0,20.3,2.4,15.0
2025-04-11 20:10:25,22.2,20.2,21.4,21.9,22.2,23.3,22.2,22.6,23.2,21.0,0,20.3,2.5,15.0
2025-04-11 20:10:30,22.3,20.1,21.3,22.0,22.2,23.3,22.2,22.6,23.1,21.0,0,20.1,2.5,15.0
2025-04-11 20:10:35,22.2,20.2,21.3,22.0,22.2,23.3,22.1,22.6,23.1,21.0,0,20.2,2.2,15.0
2025-04-11 20:10:40,22.2,20.2,21.3,21.8,22.2,23.2,22.1,22.6,23.1,20.9,0,20.1,2.3,15.0
2025-04-11 20:10:45,22.2,20.2,21.2,21.9,22.2,23.2,22.1,22.5,23.1,20.9,0,20.1,2.3,15.0
2025-04-11 20:10:50,22.2,20.1,21.2,21.9,22.2,23.1,22.1,22.5,23.2,20.9,0,20.0,2.5,15.0
2025-04-11 20:10:55,22.1,20.1,21.3,21.9,22.2,23.1,22.1,22.6,23.2,20.9,0,20.0,2.5,15.0
2025-04-11 20:11:00,22.1,20.1,21.3,21.9,22.2,23.2,22.2,22.6,23.2,20.9,0,20.0,2.4,15.0
2025-04-11 20:11:05,22.2,20.2,21.3,22.0,22.2,23.3,22.2,22.7,23.2,20.9,0,20.0,2.3,15.0
2025-04-11 20:11:10,22.2,20.1,21.2,22.0,22.2,23.3,22.3,22.7,23.2,21.0,0,20.0,2.3,15.0
2025-04-11 20:11:15,22.3,20.2,21.3,22.1,22.3,23.2,22.3,22.6,23.2,21.0,0,19.9,2.6,15.0
2025-04-11 20:11:20,22.2,20.1,21.3,22.2,22.3,23.4,22.2,22.7,23.2,21.0,0,20.0,3.0,15.0
2025-04-11 20:11:25,22.3,20.2,21.4,22.3,22.4,23.4,22.3,22.6,23.3,21.0,0,19.9,2.9,15.0
2025-04-11 20:11:30,22.3,20.3,21.4,22.2,22.4,23.4,22.3,22.7,23.3,21.1,0,20.0,2.4,15.0
2025-04-11 20:11:35,22.3,20.3,21.5,22.3,22.5,23.5,22.3,22.7,23.4,21.1,0,19.9,2.3,15.0
2025-04-11 20:11:40,22.4,20.5,21.5,22.3,22.6,23.5,22.4,22.8,23.4,21.1,0,20.0,2.6,15.0
2025-04-11 20:11:45,22.4,20.6,21.6,22.3,22.6,23.5,22.6,22.9,23.4,21.2,0,19.9,2.2,15.0
2025-04-11 20:11:50,22.4,20.5,21.6,22.3,22.7,23.5,22.6,22.9,23.4,21.2,0,19.9,2.3,15.0
2025-04-11 20:11:55,22.5,20.6,21.6,22.4,22.8,23.6,22.6,23.0,23.4,21.2,0,19.9,2.2,15.0
2025-04-11 20:12:00,22.5,20.7,21.7,22.4,22.8,23.7,22.7,23.0,23.5,21.3,0,19.9,2.2,15.0
2025-04-11 20:12:05,22.7,20.8,21.7,22.4,22.9,23.7,22.7,23.0,23.6,21.3,0,19.9,2.2,15.0
2025-04-11 20:12:10,22.6,20.9,21.8,22.3,22.9,23.8,22.7,23.1,23.7,21.4,0,19.8,2.3,15.0
2025-04-11 20:12:15,22.7,21.0,21.8,22.5,23.0,23.8,22.8,23.2,23.7,21.4,0,20.0,2.4,15.0
2025-04-11 20:12:20,22.8,20.9,21.9,22.6,23.1,23.8,22.9,23.2,23.8,21.5,0,20.0,2.0,15.0
2025-04-11 20:12:25,22.9,21.0,22.0,22.6,23.1,23.8,23.0,23.3,23.9,21.5,0,20.0,1.9,15.0
2025-04-11 20:12:30,22.9,21.1,22.0,22.7,23.1,23.9,23.1,23.4,23.9,21.6,0,20.0,2.3,15.0
2025-04-11 20:12:35,23.0,21.2,22.0,22.7,23.2,23.9,23.1,23.5,23.9,21.6,0,20.0,2.3,15.0
2025-04-11 20:12:40,23.0,21.3,22.2,22.7,23.3,23.9,23.1,23.4,24.0,21.7,0,20.0,2.2,15.0
2025-04-11 20:12:45,23.1,21.3,22.1,22.9,23.3,24.0,23.3,23.5,24.0,21.8,0,20.0,2.1,15.0
2025-04-11 20:12:50,23.2,21.4,22.2,22.8,23.4,24.0,23.3,23.5,24.2,21.8,0,20.1,2.1,15.0
2025-04-11 20:12:55,23.3,21.5,22.3,22.9,23.5,24.1,23.4,23.6,24.1,21.9,0,20.1,1.9,15.0
2025-04-11 20:13:00,23.4,21.6,22.4,23.0,23.5,24.1,23.3,23.6,24.2,22.0,0,20.1,1.8,15.0
2025-04-11 20:13:05,23.4,21.6,22.4,23.1,23.6,24.2,23.4,23.6,24.2,22.1,0,20.2,1.7,15.0
2025-04-11 20:13:10,23.6,21.7,22.5,23.3,23.7,24.3,23.4,23.8,24.3,22.1,0,20.3,1.7,15.0
2025-04-11 20:13:15,23.6,21.7,22.6,23.3,23.7,24.3,23.5,23.8,24.3,22.2,0,20.3,2.0,15.0
2025-04-11 20:13:20,23.6,21.8,22.6,23.2,23.8,24.4,23.5,24.0,24.3,22.3,0,20.4,2.1,15.0
2025-04-11 20:13:25,23.8,21.8,22.7,23.3,23.8,24.4,23.6,24.0,24.4,22.3,0,20.5,2.3,15.0
2025-04-11 20:13:30,23.9,21.9,22.8,23.4,23.8,24.5,23.7,24.0,24.4,22.4,0,20.5,2.3,15.0
2025-04-11 20:13:35,23.9,21.9,22.9,23.6,23.9,24.6,23.7,24.2,24.5,22.5,0,20.6,2.2,15.0
2025-04-11 20:13:40,24.0,22.0,23.0,23.6,23.9,24.7,23.8,24.2,24.6,22.6,0,20.7,1.8,15.0
2025-04-11 20:13:45,24.1,22.1,23.0,23.7,24.0,24.8,23.9,24.3,24.6,22.6,0,20.8,1.5,15.0
2025-04-11 20:13:50,24.1,22.1,23.1,23.7,24.0,24.9,23.9,24.4,24.7,22.7,0,20.8,1.5,14.9
2025-04-11 20:13:55,24.2,22.1,23.2,23.7,24.1,24.9,24.0,24.4,24.8,22.8,0,20.9,1.3,15.0
2025-04-11 20:14:00,24.2,22.2,23.2,23.8,24.1,24.9,23.9,24.5,24.8,22.8,0,21.0,1.8,14.9
2025-04-11 20:14:05,24.4,22.2,23.3,23.9,24.2,25.0,24.0,24.6,24.9,22.9,0,21.1,1.7,14.9
2025-04-11 20:14:10,24.3,22.2,23.2,23.9,24.2,25.0,24.0,24.8,24.8,23.0,0,21.2,1.7,14.9
2025-04-11 20:14:15,24.4,22.2,23.3,23.9,24.2,25.1,24.1,24.8,25.0,23.0,0,21.2,2.0,15.0
2025-04-11 20:14:20,24.4,22.2,23.3,23.9,24.3,25.2,24.1,24.8,25.0,23.1,0,21.2,1.9,15.0
2025-04-11 20:14:25,24.5,22.1,23.4,24.1,24.4,25.3,24.2,24.9,25.0,23.1,0,21.3,1.6,14.9
2025-04-11 20:14:30,24.4,22.2,23.4,24.1,24.5,25.4,24.3,24.8,25.0,23.2,0,21.3,1.3,14.9
2025-04-11 20:14:35,24.4,22.1,23.4,24.1,24.5,25.3,24.2,24.9,25.1,23.2,0,21.4,1.2,14.9
2025-04-11 20:14:40,24.5,22.2,23.5,24.1,24.6,25.4,24.3,25.0,25.0,23.3,0,21.4,1.3,14.9
2025-04-11 20:14:45,24.5,22.1,23.5,24.1,24.7,25.4,24.3,24.9,25.0,23.3,0,21.5,1.5,14.9
2025-04-11 20:14:50,24.6,22.1,23.5,24.1,24.6,25.4,24.4,25.0,25.0,23.3,0,21.5,1.8,15.0
2025-04-11 20:14:55,24.6,22.1,23.5,24.3,24.7,25.5,24.5,24.9,25.1,23.3,0,21.6,1.6,14.9
2025-04-11 20:15:00,24.6,22.2,23.6,24.2,24.7,25.4,24.4,25.0,25.1,23.3,0,21.7,1.6,14.9
2025-04-11 20:15:05,24.6,22.2,23.7,24.3,24.6,25.5,24.5,25.0,25.0,23.4,0,21.7,1.6,14.9
2025-04-11 20:15:10,24.6,22.2,23.6,24.2,24.7,25.5,24.6,25.2,25.1,23.4,0,21.6,1.8,14.9
2025-04-11 20:15:15,24.5,22.2,23.7,24.2,24.7,25.5,24.6,25.1,25.1,23.4,0,21.7,2.0,14.9
2025-04-11 20:15:20,24.6,22.1,23.7,24.2,24.7,25.5,24.6,25.2,25.2,23.4,0,21.8,1.6,14.9
2025-04-11 20:15:25,24.5,22.2,23.7,24.1,24.7,25.6,24.6,25.2,25.1,23.5,0,21.7,1.5,14.9
2025-04-11 20:15:30,24.6,22.3,23.7,24.2,24.8,25.6,24.6,25.2,25.1,23.5,0,21.8,1.5,14.9
2025-04-11 20:15:35,24.6,22.3,23.7,24.2,24.8,25.7,24.7,25.2,25.1,23.5,0,21.7,1.5,14.9
2025-04-11 20:15:40,24.6,22.4,23.8,24.2,24.9,25.7,24.6,25.1,25.2,23.5,0,21.9,1.5,14.9
2025-04-11 20:15:45,24.7,22.4,23.8,24.2,24.9,25.7,24.8,25.2,25.1,23.6,0,21.9,1.4,14.9
2025-04-11 20:15:50,24.6,22.5,23.7,24.2,24.9,25.7,24.7,25.3,25.1,23.6,0,21.9,1.8,14.9
2025-04-11 20:15:55,24.7,22.6,23.8,24.3,24.9,25.7,24.8,25.2,25.1,23.6,0,22.0,2.1,14.9
2025-04-11 20:16:00,24.7,22.7,23.9,24.3,24.9,25.8,24.9,25.3,25.1,23.7,0,22.0,2.0,14.9
2025-04-11 20:16:05,24.8,22.7,23.9,24.3,25.0,25.8,24.9,25.2,25.1,23.7,0,22.0,1.9,14.9
2025-04-11 20:16:10,24.8,22.7,23.9,24.4,25.0,25.9,24.8,25.4,25.2,23.7,0,22.1,1.9,14.9
2025-04-11 20:16:15,24.9,22.8,23.9,24.4,25.0,25.9,24.8,25.4,25.2,23.7,0,22.1,2.3,14.9
2025-04-11 20:16:20,24.9,22.9,24.0,24.5,25.1,26.0,24.9,25.4,25.3,23.8,0,22.1,2.9,14.9
2025-04-11 20:16:25,24.9,22.9,24.1,24.6,25.1,26.0,25.0,25.4,25.3,23.8,0,22.1,2.6,14.9
2025-04-11 20:16:30,24.9,22.9,24.1,24.5,25.2,26.0,25.0,25.5,25.3,23.8,0,22.1,2.0,14.9
2025-04-11 20:16:35,24.9,23.0,24.2,24.6,25.2,26.1,25.1,25.5,25.3,23.9,0,22.2,1.9,14.9
2025-04-11 20:16:40,25.0,23.1,24.3,24.6,25.2,26.2,25.1,25.5,25.4,23.9,0,22.3,1.6,14.9
2025-04-11 20:16:45,25.0,23.2,24.3,24.7,25.2,26.1,25.2,25.5,25.4,24.0,0,22.3,1.6,14.9
2025-04-11 20:16:50,25.1,23.2,24.4,24.8,25.2,26.1,25.2,25.5,25.4,24.0,0,22.2,1.5,14.9
2025-04-11 20:16:55,25.1,23.1,24.4,24.9,25.3,26.2,25.2,25.6,25.4,24.0,0,22.3,1.4,14.9
2025-04-11 20:17:00,25.1,23.2,24.5,24.9,25.3,26.2,25.3,25.6,25.5,24.1,0,22.3,2.2,14.9
2025-04-11 20:17:05,25.1,23.2,24.5,24.9,25.3,26.2,25.2,25.6,25.5,24.1,0,22.3,2.8,14.9
2025-04-11 20:17:10,25.2,23.1,24.6,24.9,25.3,26.2,25.3,25.7,25.5,24.1,0,22.3,2.9,14.9
2025-04-11 20:17:15,25.1,23.1,24.6,24.9,25.4,26.2,25.3,25.6,25.6,24.2,0,22.3,2.6,14.9
2025-04-11 20:17:20,25.2,23.3,24.6,24.9,25.4,26.2,25.3,25.6,25.6,24.2,0,22.3,2.4,14.9
2025-04-11 20:17:25,25.3,23.2,24.6,25.0,25.5,26.2,25.3,25.7,25.7,24.2,0,22.3,1.8,14.9
2025-04-11 20:17:30,25.2,23.1,24.6,25.0,25.5,26.2,25.3,25.7,25.7,24.2,0,22.3,1.5,14.9
2025-04-11 20:17:35,25.3,23.1,24.6,25.0,25.5,26.3,25.3,25.7,25.7,24.3,0,22.3,1.2,14.9
2025-04-11 20:17:40,25.4,23.1,24.7,25.1,25.5,26.2,25.4,25.8,25.8,24.3,0,22.3,1.3,14.9
2025-04-11 20:17:45,25.4,23.0,24.7,25.1,25.5,26.3,25.4,25.8,25.8,24.3,0,22.3,1.4,14.9
2025-04-11 20:17:50,25.4,23.0,24.8,25.2,25.5,26.3,25.5,25.8,25.9,24.4,0,22.3,1.3,14.9
2025-04-11 20:17:55,25.5,23.2,24.8,25.2,25.6,26.3,25.5,26.0,25.9,24.4,0,22.3,1.3,14.9
2025-04-11 20:18:00,25.5,23.2,24.8,25.2,25.7,26.4,25.5,25.9,25.9,24.5,0,22.2,1.5,14.9
2025-04-11 20:18:05,25.5,23.3,24.8,25.2,25.6,26.3,25.5,26.1,26.0,24.5,0,22.2,1.5,14.9
2025-04-11 20:18:10,25.6,23.3,24.9,25.3,25.7,26.5,25.6,26.1,26.0,24.6,0,22.3,1.5,14.9
2025-04-11 20:18:15,25.7,23.2,24.9,25.3,25.8,26.5,25.6,26.2,26.1,24.6,0,22.3,1.3,14.9
2025-04-11 20:18:20,25.7,23.2,25.0,25.4,25.8,26.6,25.6,26.1,26.2,24.7,0,22.3,1.2,14.9
2025-04-11 20:18:25,25.8,23.3,24.9,25.3,25.9,26.6,25.7,26.2,26.2,24.7,0,22.4,1.3,14.9
2025-04-11 20:18:30,25.8,23.3,25.0,25.4,25.9,26.6,25.8,26.3,26.1,24.8,0,22.4,1.7,14.9
2025-04-11 20:18:35,25.7,23.2,25.0,25.5,25.9,26.6,25.9,26.3,26.1,24.8,0,22.3,2.0,14.9
2025-04-11 20:18:40,25.7,23.3,25.0,25.4,25.9,26.6,25.8,26.3,26.2,24.8,0,22.4,2.2,14.9
2025-04-11 20:18:45,25.8,23.4,25.1,25.5,25.9,26.7,25.9,26.4,26.3,24.8,0,22.4,2.3,14.9
2025-04-11 20:18:50,25.8,23.5,25.1,25.5,25.9,26.7,25.9,26.4,26.3,24.9,0,22.3,2.2,14.9
2025-04-11 20:18:55,25.8,23.6,25.1,25.5,26.0,26.7,25.9,26.4,26.3,24.9,0,22.3,2.1,14.9
2025-04-11 20:19:00,25.8,23.7,25.1,25.5,26.1,26.8,25.9,26.5,26.3,24.9,0,22.3,2.3,14.9
2025-04-11 20:19:05,25.8,23.9,25.1,25.5,26.0,26.7,25.9,26.5,26.3,24.9,0,22.3,2.1,14.9
2025-04-11 20:19:10,25.8,24.0,25.2,25.5,26.1,26.7,25.9,26.5,26.3,24.9,0,22.2,1.9,14.9
2025-04-11 20:19:15,25.7,24.1,25.1,25.6,26.1,26.7,26.0,26.5,26.3,24.9,0,22.2,1.6,14.9
2025-04-11 20:19:20,25.7,24.1,25.1,25.7,26.1,26.7,26.0,26.5,26.3,24.9,0,22.1,1.6,14.9
2025-04-11 20:19:25,25.7,24.3,25.1,25.6,26.1,26.7,26.0,26.5,26.2,24.8,0,22.1,2.0,14.9
2025-04-11 20:19:30,25.7,24.3,25.1,25.5,26.0,26.6,26.0,26.4,26.2,24.8,0,22.1,1.8,14.9
2025-04-11 20:19:35,25.6,24.3,25.0,25.4,25.9,26.6,25.9,26.4,26.2,24.8,0,21.9,1.7,14.9
2025-04-11 20:19:40,25.6,24.3,25.0,25.3,25.9,26.5,25.8,26.4,26.1,24.7,0,21.8,1.5,14.9
2025-04-11 20:19:45,25.6,24.3,25.0,25.3,25.9,26.4,25.9,26.3,26.0,24.6,0,21.7,1.6,14.9
2025-04-11 20:19:50,25.5,24.2,25.0,25.2,25.8,26.3,25.8,26.1,25.9,24.6,0,21.7,2.0,14.9
2025-04-11 20:19:55,25.5,24.2,24.8,25.1,25.7,26.2,25.7,26.0,25.7,24.5,0,21.6,2.2,14.9
2025-04-11 20:20:00,25.5,24.1,24.8,25.0,25.6,26.1,25.5,25.9,25.6,24.4,0,21.4,2.4,14.9
2025-04-11 20:20:05,25.5,24.0,24.7,25.0,25.6,26.0,25.4,25.9,25.6,24.3,0,21.4,2.7,14.9
2025-04-11 20:20:10,25.4,23.9,24.6,24.8,25.4,25.9,25.2,25.8,25.4,24.2,0,21.3,2.8,14.9
2025-04-11 20:20:15,25.3,23.9,24.4,24.8,25.3,25.9,25.1,25.6,25.4,24.1,0,21.1,2.4,14.9
2025-04-11 20:20:20,25.2,23.8,24.4,24.7,25.1,25.7,25.0,25.5,25.3,24.1,0,21.0,2.3,14.9
2025-04-11 20:20:25,25.1,23.5,24.2,24.6,24.9,25.8,24.8,25.4,25.0,23.9,0,21.0,2.3,14.9
2025-04-11 20:20:30,25.0,23.5,24.1,24.4,24.8,25.6,24.7,25.2,25.1,23.8,0,20.9,2.2,14.9
2025-04-11 20:20:35,24.9,23.3,24.0,24.2,24.6,25.4,24.5,25.1,24.9,23.6,0,20.7,2.1,14.9
2025-04-11 20:20:40,24.8,23.1,23.9,24.2,24.4,25.3,24.5,24.8,24.8,23.5,0,20.5,2.0,14.9
2025-04-11 20:20:45,24.7,23.0,23.8,23.9,24.3,25.1,24.2,24.7,24.6,23.4,0,20.5,1.9,14.9
2025-04-11 20:20:50,24.4,22.8,23.6,23.8,24.3,25.0,24.1,24.6,24.4,23.2,0,20.4,1.9,14.9
2025-04-11 20:20:55,24.2,22.5,23.4,23.6,24.1,24.7,24.0,24.4,24.3,23.1,0,20.2,1.8,14.9
2025-04-11 20:21:00,24.0,22.1,23.1,23.3,23.9,24.5,23.9,24.1,24.2,22.9,0,20.0,1.7,14.9
2025-04-11 20:21:05,23.9,21.9,22.9,23.2,23.7,24.3,23.6,23.9,23.9,22.7,0,19.9,1.4,14.9
2025-04-11 20:21:10,23.6,21.6,22.8,23.1,23.5,24.2,23.5,23.9,23.8,22.5,0,19.7,1.3,14.9
2025-04-11 20:21:15,23.4,21.3,22.5,22.8,23.2,23.9,23.1,23.6,23.5,22.3,0,19.5,1.3,14.9
2025-04-11 20:21:20,23.2,21.0,22.3,22.6,22.9,23.8,23.1,23.5,23.3,22.2,0,19.3,1.2,14.9
2025-04-11 20:21:25,23.0,20.9,22.1,22.5,22.8,23.6,22.8,23.2,23.1,22.0,0,19.2,1.0,14.9
2025-04-11 20:21:30,22.7,20.5,21.9,22.3,22.6,23.4,22.6,22.9,22.9,21.7,0,18.8,0.8,14.9
2025-04-11 20:21:35,22.6,20.5,21.7,21.9,22.4,23.1,22.4,22.7,22.6,21.5,0,18.8,0.7,14.9
2025-04-11 20:21:40,22.3,20.2,21.4,21.8,22.2,22.9,22.1,22.5,22.4,21.3,0,18.4,1.3,14.8
2025-04-11 20:21:45,22.2,20.1,21.2,21.6,22.0,22.6,21.9,22.3,22.1,21.1,0,18.2,1.2,14.9
2025-04-11 20:21:50,21.8,19.8,20.8,21.2,21.7,22.4,21.9,22.0,22.0,20.9,0,18.2,1.1,14.9
2025-04-11 20:21:55,21.5,19.6,20.7,21.1,21.4,22.3,21.4,21.8,21.6,20.6,0,18.0,1.0,14.9
2025-04-11 20:22:00,21.3,19.4,20.4,20.8,21.2,22.0,21.2,21.6,21.5,20.5,0,17.8,0.9,14.9
2025-04-11 20:22:05,21.1,19.2,20.1,20.6,21.0,21.8,21.0,21.4,21.3,20.2,0,17.6,0.7,14.9
2025-04-11 20:22:10,20.9,19.0,19.9,20.4,20.8,21.6,20.8,21.3,21.1,20.1,0,17.4,0.7,14.9
2025-04-11 20:22:15,20.7,18.8,19.7,20.1,20.6,21.4,20.7,21.1,20.9,19.9,0,17.1,1.1,14.9
2025-04-11 20:22:20,20.5,18.7,19.5,20.0,20.5,21.2,20.4,20.9,20.7,19.6,0,17.1,1.2,14.8
2025-04-11 20:22:25,20.3,18.5,19.3,19.8,20.3,20.9,20.1,20.7,20.5,19.5,0,16.9,1.4,14.8
2025-04-11 20:22:30,20.1,18.3,19.0,19.6,20.0,20.7,20.1,20.5,20.3,19.3,0,16.7,1.4,14.9
2025-04-11 20:22:35,19.9,18.2,18.9,19.3,19.8,20.5,19.8,20.3,20.2,19.1,0,16.5,1.4,14.8
2025-04-11 20:22:40,19.7,18.0,18.7,19.3,19.8,20.4,19.6,20.1,19.9,18.9,0,16.3,1.2,14.8
2025-04-11 20:22:45,19.5,17.9,18.5,18.9,19.4,20.2,19.4,19.8,19.6,18.7,0,16.1,1.0,14.8
2025-04-11 20:22:50,19.3,17.6,18.3,18.7,19.2,19.8,19.1,19.5,19.4,18.5,0,16.0,1.0,14.9
2025-04-11 20:22:55,19.1,17.5,18.0,18.5,19.0,19.7,19.0,19.4,19.2,18.3,0,15.8,0.9,14.8
2025-04-11 20:23:00,18.9,17.4,17.9,18.3,18.8,19.6,18.8,19.3,19.1,18.2,0,15.7,0.8,14.8
2025-04-11 20:23:05,18.7,17.1,17.8,18.3,18.6,19.4,18.6,19.1,19.0,18.0,0,15.5,2.0,14.9
2025-04-11 20:23:10,18.5,17.0,17.3,18.0,18.5,19.2,18.3,18.8,18.7,17.8,0,15.4,2.3,14.8
2025-04-11 20:23:15,18.2,16.8,17.2,17.7,18.3,19.0,18.3,18.5,18.6,17.6,0,15.2,2.4,14.8
2025-04-11 20:23:20,18.0,16.6,17.1,17.5,18.1,18.8,17.9,18.5,18.4,17.4,0,15.0,2.4,14.8
2025-04-11 20:23:25,17.8,16.4,16.8,17.4,17.9,18.6,17.8,18.3,18.1,17.2,0,14.8,2.2,14.8
2025-04-11 20:23:30,17.7,16.4,16.7,17.2,17.7,18.5,17.7,17.9,18.0,17.0,0,14.8,2.2,14.8
2025-04-11 20:23:35,17.3,16.2,16.5,16.9,17.5,18.2,17.4,17.8,17.8,16.8,0,14.5,3.0,14.8
2025-04-11 20:23:40,17.1,16.0,16.3,16.7,17.4,18.1,17.2,17.6,17.6,16.6,0,14.5,2.8,14.8
2025-04-11 20:23:45,16.9,15.7,16.1,16.4,17.1,17.7,17.0,17.5,17.4,16.4,0,14.3,2.4,14.8
2025-04-11 20:23:50,16.6,15.5,15.9,16.2,16.9,17.6,16.9,17.2,17.2,16.2,0,14.2,2.4,14.8
2025-04-11 20:23:55,16.5,15.4,15.6,16.1,16.6,17.3,16.6,16.9,16.9,16.0,0,14.1,2.1,14.8
2025-04-11 20:24:00,16.2,15.2,15.5,15.8,16.4,17.1,16.4,16.7,16.7,15.8,0,13.9,1.9,14.8
2025-04-11 20:24:05,16.0,15.0,15.3,15.6,16.2,16.9,16.2,16.5,16.5,15.6,0,13.8,1.7,14.8
2025-04-11 20:24:10,15.8,14.7,15.1,15.4,16.1,16.7,15.9,16.2,16.2,15.3,0,13.6,2.0,14.8
2025-04-11 20:24:15,15.5,14.5,14.8,15.2,15.8,16.5,15.7,16.1,15.9,15.2,0,13.5,2.3,14.8
2025-04-11 20:24:20,15.4,14.3,14.6,15.1,15.6,16.3,15.5,15.9,15.8,15.1,0,13.3,2.2,14.8
2025-04-11 20:24:25,15.2,14.1,14.4,14.7,15.3,16.0,15.2,15.8,15.7,14.8,0,13.0,2.1,14.8
2025-04-11 20:24:30,14.9,13.9,14.1,14.6,15.2,15.8,15.1,15.5,15.5,14.6,0,13.0,2.0,14.8
2025-04-11 20:24:35,14.7,13.7,13.9,14.5,15.1,15.7,15.0,15.4,15.2,14.4,0,12.7,1.6,14.8
2025-04-11 20:24:40,14.6,13.4,13.7,14.1,14.8,15.4,14.8,15.1,15.0,14.2,0,12.6,1.8,14.8
2025-04-11 20:24:45,14.4,13.3,13.5,13.9,14.6,15.2,14.6,14.9,14.8,14.0,0,12.4,1.6,14.8
2025-04-11 20:24:50,14.3,13.1,13.4,13.8,14.4,15.0,14.4,14.7,14.6,13.8,0,12.3,1.3,14.8
2025-04-11 20:24:55,14.1,12.9,13.2,13.5,14.3,14.8,14.2,14.4,14.5,13.7,0,12.2,1.5,14.8
2025-04-11 20:25:00,14.0,12.7,13.0,13.4,14.1,14.7,14.0,14.3,14.3,13.5,0,12.0,1.8,14.8
2025-04-11 20:25:05,13.8,12.5,12.9,13.1,13.8,14.5,13.8,14.1,14.1,13.3,0,11.9,1.7,14.8
2025-04-11 20:25:10,13.6,12.3,12.7,12.9,13.6,14.3,13.7,14.0,14.0,13.2,0,11.6,1.5,14.8
2025-04-11 20:25:15,13.5,12.1,12.6,12.8,13.5,14.1,13.6,13.9,13.9,13.0,0,11.5,1.5,14.8
2025-04-11 20:25:20,13.4,12.0,12.3,12.7,13.3,14.0,13.4,13.6,13.7,12.8,0,11.4,1.7,14.8
2025-04-11 20:25:25,13.2,11.8,12.1,12.5,13.2,13.7,13.2,13.6,13.5,12.7,0,11.3,1.7,14.8
2025-04-11 20:25:30,13.0,11.7,12.1,12.3,13.0,13.6,13.1,13.5,13.4,12.5,0,11.1,2.0,14.8
2025-04-11 20:25:35,12.9,11.5,11.8,12.2,12.9,13.4,12.9,13.3,13.3,12.3,0,11.0,2.1,14.8
2025-04-11 20:25:40,12.8,11.4,11.8,12.1,12.8,13.3,12.9,13.1,13.2,12.2,0,10.8,2.2,14.8
2025-04-11 20:25:45,12.6,11.2,11.6,11.9,12.7,13.1,12.7,12.9,13.1,12.0,0,10.7,2.1,14.8
2025-04-11 20:25:50,12.5,11.0,11.5,11.7,12.5,13.0,12.5,12.8,12.9,11.9,0,10.6,1.7,14.8
2025-04-11 20:25:55,12.3,10.9,11.3,11.7,12.4,13.0,12.4,12.5,12.8,11.7,0,10.5,1.5,14.8
2025-04-11 20:26:00,12.2,10.8,11.1,11.5,12.2,12.8,12.3,12.5,12.6,11.6,0,10.4,1.7,14.7
2025-04-11 20:26:05,12.1,10.8,11.1,11.5,12.2,12.7,12.2,12.4,12.6,11.5,0,10.3,1.9,14.8
2025-04-11 20:26:10,12.0,10.6,11.0,11.3,12.1,12.5,12.0,12.2,12.3,11.4,0,10.2,2.2,14.8
2025-04-11 20:26:15,11.9,10.5,10.8,11.2,11.9,12.4,11.9,12.0,12.3,11.3,0,10.1,2.1,14.8
2025-04-11 20:26:20,11.8,10.4,10.8,11.1,11.8,12.3,11.8,12.0,12.1,11.1,0,10.1,2.0,14.8
2025-04-11 20:26:25,11.6,10.3,10.6,11.0,11.8,12.3,11.7,11.9,12.0,11.1,0,9.9,1.7,14.8
2025-04-11 20:26:30,11.6,10.3,10.6,11.0,11.7,12.2,11.6,11.8,11.8,10.9,0,9.9,1.7,14.8
2025-04-11 20:26:35,11.5,10.1,10.5,10.7,11.5,12.1,11.5,11.6,11.7,10.9,0,9.8,1.5,14.7
2025-04-11 20:26:40,11.4,10.0,10.4,10.8,11.5,11.9,11.3,11.5,11.7,10.8,0,9.7,1.2,14.8
2025-04-11 20:26:45,11.3,10.0,10.2,10.6,11.4,11.9,11.2,11.5,11.6,10.7,0,9.6,1.1,14.7
2025-04-11 20:26:50,11.3,9.9,10.2,10.6,11.3,11.8,11.2,11.3,11.4,10.6,0,9.5,1.3,14.8
2025-04-11 20:26:55,11.3,9.8,10.1,10.5,11.3,11.8,11.1,11.2,11.3,10.5,0,9.5,1.5,14.7
2025-04-11 20:27:00,11.2,9.7,10.0,10.4,11.1,11.7,11.0,11.2,11.4,10.4,0,9.4,1.4,14.7
2025-04-11 20:27:05,11.1,9.7,9.9,10.4,11.1,11.7,10.9,11.1,11.2,10.3,0,9.3,1.7,14.7
2025-04-11 20:27:10,11.0,9.6,9.9,10.2,11.0,11.6,10.9,11.1,11.3,10.3,0,9.4,1.8,14.7
2025-04-11 20:27:15,11.0,9.6,9.8,10.2,11.0,11.5,10.7,10.9,11.1,10.2,0,9.2,2.0,14.7
2025-04-11 20:27:20,10.9,9.5,9.8,10.1,10.9,11.6,10.6,10.8,11.1,10.1,0,9.2,2.2,14.7
2025-04-11 20:27:25,10.8,9.4,9.6,10.0,10.8,11.5,10.6,10.7,11.0,10.1,0,9.2,2.4,14.7
2025-04-11 20:27:30,10.7,9.4,9.6,10.0,10.8,11.4,10.5,10.6,10.9,10.0,0,9.1,2.5,14.7
2025-04-11 20:27:35,10.6,9.3,9.6,9.9,10.7,11.4,10.4,10.5,10.8,9.9,0,9.1,2.2,14.7
2025-04-11 20:27:40,10.5,9.2,9.5,9.9,10.6,11.3,10.3,10.6,10.8,9.9,0,9.1,1.9,14.7
2025-04-11 20:27:45,10.4,9.3,9.4,9.8,10.5,11.2,10.3,10.6,10.9,9.8,0,9.0,1.7,14.7
2025-04-11 20:27:50,10.3,9.2,9.4,9.8,10.5,11.0,10.2,10.5,10.8,9.8,0,9.0,1.6,14.7
2025-04-11 20:27:55,10.3,9.2,9.4,9.8,10.4,11.0,10.2,10.4,10.8,9.7,0,9.0,1.7,14.7
2025-04-11 20:28:00,10.2,9.2,9.4,9.8,10.5,10.9,10.1,10.4,10.7,9.7,0,8.9,2.0,14.7
2025-04-11 20:28:05,10.1,9.1,9.3,9.7,10.4,10.8,10.1,10.3,10.8,9.6,0,8.8,2.1,14.7
2025-04-11 20:28:10,10.1,9.1,9.4,9.8,10.3,10.8,10.0,10.4,10.7,9.6,0,8.9,2.0,14.7
2025-04-11 20:28:15,10.1,9.0,9.3,9.6,10.2,10.6,9.9,10.3,10.7,9.5,0,8.8,1.9,14.7
2025-04-11 20:28:20,10.0,9.0,9.3,9.6,10.3,10.6,9.9,10.3,10.6,9.5,0,8.8,1.8,14.7
2025-04-11 20:28:25,10.0,8.9,9.2,9.6,10.2,10.6,9.8,10.3,10.6,9.4,0,8.8,1.8,14.7
2025-04-11 20:28:30,9.9,8.9,9.2,9.5,10.1,10.5,9.7,10.2,10.5,9.4,0,8.7,1.6,14.7
2025-04-11 20:28:35,9.8,8.8,9.1,9.5,10.1,10.4,9.7,10.1,10.5,9.3,0,8.8,1.4,14.7
2025-04-11 20:28:40,9.7,8.8,9.2,9.5,10.0,10.4,9.6,10.0,10.5,9.3,0,8.8,1.5,14.7
2025-04-11 20:28:45,9.7,8.7,9.1,9.4,9.9,10.3,9.6,10.0,10.4,9.2,0,8.7,1.6,14.7
2025-04-11 20:28:50,9.7,8.7,9.1,9.3,9.9,10.3,9.5,9.9,10.3,9.2,0,8.7,1.5,14.7
2025-04-11 20:28:55,9.6,8.7,9.0,9.3,9.8,10.2,9.5,9.8,10.2,9.1,0,8.4,1.3,14.7
2025-04-11 20:29:00,9.5,8.7,8.9,9.3,9.7,10.1,9.4,9.9,10.2,9.1,0,8.5,1.1,14.7
2025-04-11 20:29:05,9.5,8.6,8.9,9.3,9.7,10.1,9.3,9.7,10.0,9.0,0,8.4,1.0,14.7
2025-04-11 20:29:10,9.4,8.5,8.9,9.2,9.6,10.1,9.3,9.7,10.0,8.9,0,8.4,1.0,14.7
2025-04-11 20:29:15,9.4,8.5,8.8,9.1,9.6,10.0,9.2,9.7,10.0,8.9,0,8.4,1.0,14.7
2025-04-11 20:29:20,9.3,8.4,8.8,9.0,9.6,10.0,9.3,9.6,9.9,8.8,0,8.2,1.6,14.7
2025-04-11 20:29:25,9.2,8.3,8.7,9.0,9.5,10.1,9.2,9.5,10.0,8.8,0,8.1,2.1,14.7
2025-04-11 20:29:30,9.2,8.3,8.7,9.0,9.5,9.9,9.2,9.4,9.9,8.7,0,8.1,2.0,14.7
2025-04-11 20:29:35,9.1,8.2,8.7,8.9,9.4,9.9,9.1,9.4,9.8,8.7,0,8.0,1.7,14.7
2025-04-11 20:29:40,9.1,8.2,8.6,8.8,9.4,10.0,9.0,9.5,9.8,8.6,0,8.1,2.2,14.7
2025-04-11 20:29:45,9.1,8.0,8.6,8.9,9.3,9.9,9.0,9.4,9.8,8.5,0,8.0,2.9,14.7
2025-04-11 20:29:50,9.0,8.0,8.6,8.9,9.2,9.9,8.9,9.4,9.7,8.5,0,8.0,3.2,14.7
2025-04-11 20:29:55,9.0,8.0,8.5,8.7,9.2,9.8,8.8,9.2,9.7,8.5,0,7.9,3.1,14.7
2025-04-11 20:30:00,8.9,8.0,8.5,8.7,9.2,9.8,8.7,9.2,9.6,8.4,0,7.9,2.5,14.7
2025-04-11 20:30:05,8.9,7.9,8.4,8.7,9.2,9.8,8.7,9.3,9.5,8.3,0,7.8,2.0,14.7
2025-04-11 20:30:10,8.8,8.0,8.4,8.6,9.1,9.7,8.8,9.2,9.5,8.3,0,7.7,1.6,14.7
2025-04-11 20:30:15,8.8,7.9,8.4,8.6,9.1,9.7,8.8,9.1,9.5,8.2,0,7.7,1.8,14.7
2025-04-11 20:30:20,8.8,7.9,8.3,8.6,9.1,9.6,8.7,9.1,9.4,8.1,0,7.7,1.8,14.7
2025-04-11 20:30:25,8.7,7.8,8.3,8.4,9.0,9.6,8.8,9.1,9.4,8.1,0,7.7,1.9,14.7
2025-04-11 20:30:30,8.7,7.8,8.2,8.4,8.9,9.5,8.7,9.1,9.3,8.0,0,7.6,2.1,14.7
2025-04-11 20:30:35,8.7,7.7,8.2,8.3,8.9,9.4,8.7,9.1,9.3,8.0,0,7.6,2.0,14.7
2025-04-11 20:30:40,8.7,7.7,8.2,8.2,8.8,9.4,8.6,9.0,9.3,7.9,0,7.5,1.9,14.7
2025-04-11 20:30:45,8.7,7.7,8.0,8.2,8.9,9.4,8.6,9.1,9.2,7.9,0,7.5,2.0,14.7
2025-04-11 20:30:50,8.5,7.6,8.1,8.1,8.8,9.4,8.6,9.0,9.3,7.9,0,7.5,1.9,14.7
2025-04-11 20:30:55,8.6,7.5,8.1,8.2,8.8,9.3,8.6,8.9,9.3,7.8,0,7.4,1.9,14.7
2025-04-11 20:31:00,8.5,7.5,8.1,8.1,8.8,9.4,8.6,8.9,9.1,7.8,0,7.4,2.4,14.7
2025-04-11 20:31:05,8.4,7.4,8.1,8.2,8.8,9.4,8.5,8.8,9.1,7.8,0,7.3,2.7,14.7
2025-04-11 20:31:10,8.4,7.4,8.1,8.2,8.7,9.4,8.5,8.9,9.1,7.8,0,7.4,2.4,14.7
2025-04-11 20:31:15,8.4,7.4,8.0,8.2,8.7,9.4,8.5,8.8,9.0,7.8,0,7.4,2.3,14.7
2025-04-11 20:31:20,8.4,7.4,8.0,8.2,8.7,9.4,8.4,8.7,9.0,7.8,0,7.4,2.5,14.7
2025-04-11 20:31:25,8.4,7.3,8.0,8.2,8.7,9.4,8.5,8.7,9.0,7.8,0,7.4,2.5,14.7
2025-04-11 20:31:30,8.4,7.3,8.0,8.3,8.7,9.4,8.4,8.7,9.0,7.7,0,7.4,2.7,14.7
2025-04-11 20:31:35,8.4,7.3,7.9,8.3,8.7,9.4,8.5,8.8,9.0,7.8,0,7.5,2.7,14.7
2025-04-11 20:31:40,8.4,7.4,8.0,8.2,8.7,9.4,8.5,8.8,8.9,7.7,0,7.4,2.8,14.7
2025-04-11 20:31:45,8.4,7.4,7.9,8.2,8.7,9.4,8.4,8.8,9.0,7.8,0,7.4,2.7,14.7
2025-04-11 20:31:50,8.4,7.4,8.0,8.3,8.8,9.4,8.4,8.7,9.0,7.7,0,7.4,2.7,14.7
2025-04-11 20:31:55,8.4,7.4,8.0,8.2,8.8,9.4,8.5,8.8,8.9,7.7,0,7.4,2.5,14.7
2025-04-11 20:32:00,8.4,7.5,8.0,8.2,8.8,9.3,8.5,8.8,8.9,7.7,0,7.5,2.3,14.7
2025-04-11 20:32:05,8.3,7.5,8.0,8.2,8.8,9.3,8.4,8.8,9.0,7.7,0,7.5,2.3,14.7
2025-04-11 20:32:10,8.5,7.5,8.1,8.3,8.8,9.3,8.5,8.8,9.0,7.7,0,7.5,2.4,14.7
2025-04-11 20:32:15,8.3,7.6,8.0,8.3,8.8,9.3,8.5,8.8,9.0,7.7,0,7.4,2.2,14.7
2025-04-11 20:32:20,8.4,7.6,8.0,8.2,8.8,9.4,8.4,8.8,8.9,7.8,0,7.5,2.2,14.7
2025-04-11 20:32:25,8.3,7.6,8.0,8.3,8.8,9.3,8.5,8.8,8.9,7.7,0,7.5,2.2,14.7
2025-04-11 20:32:30,8.4,7.7,8.0,8.3,8.8,9.4,8.5,8.8,9.0,7.7,0,7.5,2.0,14.7
2025-04-11 20:32:35,8.4,7.7,8.1,8.3,8.8,9.4,8.4,8.8,9.0,7.7,0,7.4,1.7,14.7
2025-04-11 20:32:40,8.4,7.7,8.0,8.3,8.8,9.4,8.5,8.7,9.0,7.7,0,7.5,1.6,14.7
2025-04-11 20:32:45,8.4,7.7,8.0,8.3,8.8,9.5,8.4,8.8,8.9,7.7,0,7.5,1.3,14.8
2025-04-11 20:32:50,8.5,7.7,8.0,8.3,8.8,9.4,8.5,8.8,9.0,7.7,0,7.5,1.1,14.7
2025-04-11 20:32:55,8.5,7.6,8.0,8.3,8.8,9.4,8.5,8.7,9.0,7.7,0,7.5,0.9,14.7
2025-04-11 20:33:00,8.6,7.7,8.0,8.2,8.8,9.4,8.5,8.8,9.0,7.7,0,7.5,0.7,14.7
2025-04-11 20:33:05,8.6,7.7,8.0,8.3,8.8,9.4,8.5,8.8,9.0,7.6,0,7.5,0.8,14.7
2025-04-11 20:33:10,8.6,7.6,8.0,8.2,8.8,9.4,8.5,8.6,9.0,7.6,0,7.5,2.8,14.7
2025-04-11 20:33:15,8.6,7.6,8.0,8.2,8.8,9.4,8.5,8.6,9.0,7.6,0,7.5,2.4,14.7
2025-04-11 20:33:20,8.6,7.7,8.0,8.1,8.7,9.4,8.4,8.6,9.0,7.5,0,7.4,2.6,14.7
2025-04-11 20:33:25,8.5,7.7,7.9,8.2,8.7,9.4,8.4,8.7,9.0,7.5,0,7.5,2.4,14.7
2025-04-11 20:33:30,8.5,7.6,7.9,8.2,8.7,9.4,8.4,8.6,8.9,7.5,0,7.4,2.5,14.7
2025-04-11 20:33:35,8.4,7.6,8.0,8.2,8.7,9.3,8.3,8.7,8.9,7.4,0,7.4,2.9,14.7
2025-04-11 20:33:40,8.4,7.6,8.0,8.2,8.7,9.4,8.4,8.6,8.8,7.4,0,7.3,2.3,14.7
2025-04-11 20:33:45,8.4,7.6,7.9,8.1,8.7,9.3,8.2,8.5,8.7,7.4,0,7.4,2.3,14.7
2025-04-11 20:33:50,8.4,7.5,7.9,8.0,8.7,9.2,8.2,8.5,8.7,7.3,0,7.3,2.2,14.7
2025-04-11 20:33:55,8.4,7.5,7.9,7.9,8.7,9.2,8.2,8.4,8.6,7.3,0,7.3,2.1,14.7
2025-04-11 20:34:00,8.3,7.4,7.8,8.0,8.6,9.1,8.2,8.3,8.6,7.2,0,7.2,1.8,14.7
2025-04-11 20:34:05,8.4,7.4,7.7,7.9,8.5,9.0,8.1,8.3,8.6,7.2,0,7.2,2.2,14.7
2025-04-11 20:34:10,8.3,7.4,7.7,7.9,8.5,8.9,8.1,8.2,8.6,7.1,0,7.2,2.1,14.7
2025-04-11 20:34:15,8.2,7.3,7.6,7.9,8.4,8.9,7.9,8.2,8.5,7.0,0,7.1,1.8,14.7
2025-04-11 20:34:20,8.2,7.2,7.5,7.9,8.3,8.8,7.8,8.2,8.4,7.0,0,7.1,1.7,14.7
2025-04-11 20:34:25,8.1,7.2,7.5,7.7,8.2,8.7,7.9,8.1,8.4,6.9,0,7.0,1.6,14.7
2025-04-11 20:34:30,8.1,7.2,7.5,7.7,8.2,8.6,7.8,8.0,8.3,6.9,0,6.9,1.5,14.7
2025-04-11 20:34:35,8.0,7.1,7.4,7.7,8.1,8.5,7.7,7.9,8.3,6.8,0,6.9,1.5,14.7
2025-04-11 20:34:40,8.0,7.1,7.2,7.7,8.1,8.5,7.7,7.9,8.3,6.8,0,6.8,1.9,14.7
2025-04-11 20:34:45,7.9,7.0,7.3,7.5,8.1,8.5,7.7,7.8,8.2,6.7,0,6.8,1.8,14.7
2025-04-11 20:34:50,7.8,7.0,7.3,7.4,8.0,8.3,7.6,7.8,8.1,6.7,0,6.7,1.6,14.7
2025-04-11 20:34:55,7.8,7.0,7.2,7.3,7.9,8.2,7.6,7.7,8.1,6.6,0,6.6,1.4,14.7
2025-04-11 20:35:00,7.7,6.9,7.1,7.3,7.8,8.2,7.5,7.7,8.1,6.5,0,6.6,1.2,14.7
2025-04-11 20:35:05,7.7,6.8,6.9,7.3,7.7,8.1,7.4,7.6,8.0,6.5,0,6.5,1.0,14.7
2025-04-11 20:35:10,7.6,6.8,6.9,7.2,7.7,8.1,7.4,7.4,8.0,6.4,0,6.4,1.0,14.7
2025-04-11 20:35:15,7.5,6.7,6.7,7.1,7.6,7.9,7.3,7.4,8.0,6.4,0,6.3,1.2,14.7
2025-04-11 20:35:20,7.5,6.7,6.8,7.0,7.5,7.9,7.2,7.4,7.9,6.3,0,6.2,1.3,14.7
2025-04-11 20:35:25,7.4,6.7,6.6,6.9,7.4,7.9,7.2,7.3,7.9,6.2,0,6.2,1.3,14.7
2025-04-11 20:35:30,7.3,6.6,6.6,6.8,7.3,7.8,7.2,7.3,7.8,6.2,0,6.1,1.1,14.7
2025-04-11 20:35:35,7.3,6.6,6.4,6.9,7.3,7.8,7.1,7.3,7.8,6.1,0,6.1,0.9,14.7
2025-04-11 20:35:40,7.3,6.4,6.5,6.8,7.2,7.6,7.0,7.1,7.7,6.0,0,6.0,0.7,14.7
2025-04-11 20:35:45,7.2,6.4,6.3,6.7,7.2,7.6,6.9,7.0,7.6,6.0,0,5.9,1.0,14.7
2025-04-11 20:35:50,7.2,6.3,6.3,6.6,7.1,7.6,6.9,7.1,7.6,5.9,0,5.9,0.9,14.7
2025-04-11 20:35:55,7.1,6.3,6.2,6.6,7.1,7.5,6.9,7.0,7.5,5.8,0,5.9,1.4,14.7
2025-04-11 20:36:00,7.0,6.2,6.2,6.5,7.0,7.5,6.8,6.9,7.4,5.8,0,5.8,1.8,14.7
2025-04-11 20:36:05,6.9,6.1,6.1,6.3,6.8,7.3,6.8,6.9,7.4,5.7,0,5.7,1.7,14.7
2025-04-11 20:36:10,6.8,6.0,6.0,6.4,6.9,7.4,6.7,6.9,7.4,5.6,0,5.7,2.8,14.7
2025-04-11 20:36:15,6.8,6.0,6.0,6.4,6.8,7.4,6.6,6.8,7.3,5.6,0,5.6,2.7,14.7
2025-04-11 20:36:20,6.7,5.9,5.9,6.3,6.9,7.3,6.5,6.7,7.3,5.5,0,5.6,3.0,14.7
2025-04-11 20:36:25,6.7,5.9,5.9,6.2,6.8,7.2,6.4,6.6,7.2,5.4,0,5.5,3.4,14.7
2025-04-11 20:36:30,6.6,5.8,5.8,6.2,6.6,7.1,6.5,6.6,7.2,5.4,0,5.4,3.0,14.7
2025-04-11 20:36:35,6.6,5.8,5.8,6.0,6.6,7.2,6.4,6.5,7.1,5.3,0,5.5,2.5,14.7
2025-04-11 20:36:40,6.5,5.7,5.7,6.0,6.6,7.1,6.3,6.4,7.0,5.3,0,5.4,2.3,14.7
2025-04-11 20:36:45,6.4,5.6,5.6,5.9,6.5,7.0,6.2,6.3,7.0,5.2,0,5.3,2.4,14.7
2025-04-11 20:36:50,6.4,5.5,5.5,5.8,6.5,6.9,6.2,6.3,6.9,5.1,0,5.3,2.2,14.7
2025-04-11 20:36:55,6.3,5.4,5.5,5.8,6.5,6.9,6.1,6.2,6.7,5.0,0,5.2,1.8,14.7
2025-04-11 20:37:00,6.2,5.4,5.4,5.7,6.3,6.8,6.0,6.1,6.7,5.0,0,5.1,1.6,14.7
2025-04-11 20:37:05,6.1,5.3,5.3,5.7,6.2,6.6,5.9,6.0,6.6,4.9,0,5.0,1.6,14.7
2025-04-11 20:37:10,6.1,5.2,5.3,5.5,6.1,6.7,5.8,6.0,6.5,4.8,0,5.0,2.0,14.7
2025-04-11 20:37:15,6.0,5.2,5.2,5.5,6.0,6.5,5.8,5.8,6.3,4.7,0,5.0,2.2,14.7
2025-04-11 20:37:20,6.0,5.1,5.2,5.4,6.0,6.5,5.7,5.8,6.3,4.7,0,4.9,1.9,14.7
2025-04-11 20:37:25,5.8,5.0,5.2,5.3,5.9,6.4,5.5,5.7,6.2,4.6,0,4.9,2.7,14.7
2025-04-11 20:37:30,5.8,4.9,5.0,5.3,5.9,6.3,5.6,5.7,6.3,4.5,0,4.8,2.8,14.7
2025-04-11 20:37:35,5.8,4.8,5.0,5.2,5.9,6.3,5.4,5.7,6.1,4.5,0,4.7,2.9,14.7
2025-04-11 20:37:40,5.6,4.8,4.9,5.3,5.8,6.2,5.4,5.6,6.1,4.4,0,4.7,2.7,14.7
2025-04-11 20:37:45,5.6,4.7,4.9,5.2,5.7,6.1,5.4,5.6,6.1,4.3,0,4.6,2.6,14.7
2025-04-11 20:37:50,5.5,4.7,4.8,5.1,5.5,6.1,5.3,5.5,5.9,4.2,0,4.5,2.7,14.7
2025-04-11 20:37:55,5.4,4.7,4.8,5.1,5.5,6.0,5.2,5.4,5.8,4.2,0,4.5,2.5,14.7
2025-04-11 20:38:00,5.4,4.6,4.6,5.0,5.4,5.9,5.1,5.4,5.7,4.1,0,4.5,2.5,14.7
2025-04-11 20:38:05,5.3,4.5,4.6,5.0,5.5,5.8,5.1,5.2,5.8,4.0,0,4.3,2.0,14.7
2025-04-11 20:38:10,5.2,4.5,4.6,4.9,5.4,5.8,5.0,5.2,5.7,4.0,0,4.4,1.9,14.7
2025-04-11 20:38:15,5.2,4.4,4.4,4.7,5.3,5.6,5.0,5.2,5.6,3.9,0,4.2,1.7,14.7
2025-04-11 20:38:20,5.1,4.4,4.4,4.8,5.3,5.7,4.8,5.1,5.5,3.8,0,4.2,2.1,14.7
2025-04-11 20:38:25,5.1,4.3,4.3,4.6,5.1,5.6,4.8,5.0,5.5,3.8,0,4.1,2.4,14.7
2025-04-11 20:38:30,5.0,4.2,4.3,4.6,5.1,5.4,4.7,4.9,5.4,3.7,0,4.1,2.5,14.7
2025-04-11 20:38:35,4.9,4.1,4.3,4.6,5.0,5.4,4.7,4.8,5.3,3.6,0,4.0,2.4,14.7
2025-04-11 20:38:40,4.9,4.1,4.1,4.5,4.9,5.4,4.7,4.8,5.1,3.5,0,3.9,2.9,14.7
2025-04-11 20:38:45,4.8,4.1,4.0,4.4,4.8,5.3,4.6,4.8,5.2,3.5,0,3.8,2.7,14.7
2025-04-11 20:38:50,4.7,3.9,4.0,4.4,4.7,5.2,4.5,4.7,5.2,3.4,0,3.8,2.6,14.7
2025-04-11 20:38:55,4.7,3.9,3.8,4.3,4.7,5.2,4.4,4.8,5.0,3.3,0,3.8,2.2,14.7
2025-04-11 20:39:00,4.7,3.8,3.9,4.2,4.7,5.1,4.3,4.6,5.0,3.3,0,3.7,1.7,14.7
2025-04-11 20:39:05,4.6,3.8,3.8,4.2,4.5,5.1,4.3,4.5,4.9,3.2,0,3.7,1.8,14.7
2025-04-11 20:39:10,4.6,3.7,3.7,4.0,4.5,5.0,4.3,4.5,4.9,3.1,0,3.6,1.8,14.7
2025-04-11 20:39:15,4.6,3.7,3.7,4.0,4.4,5.0,4.1,4.5,4.9,3.1,0,3.6,1.6,14.7
2025-04-11 20:39:20,4.5,3.7,3.6,4.0,4.3,4.9,4.1,4.4,4.7,3.0,0,3.5,1.3,14.7
2025-04-11 20:39:25,4.5,3.7,3.6,4.0,4.2,4.9,4.0,4.4,4.7,3.0,0,3.5,1.4,14.7
2025-04-11 20:39:30,4.4,3.6,3.6,3.9,4.3,4.8,4.0,4.3,4.7,2.9,0,3.4,1.3,14.7
2025-04-11 20:39:35,4.4,3.5,3.5,3.7,4.2,4.8,4.0,4.2,4.6,2.9,0,3.4,1.3,14.7
2025-04-11 20:39:40,4.3,3.5,3.5,3.7,4.2,4.7,4.0,4.3,4.6,2.8,0,3.4,1.1,14.7
2025-04-11 20:39:45,4.3,3.4,3.4,3.6,4.1,4.6,3.9,4.3,4.5,2.8,0,3.3,1.1,14.7
2025-04-11 20:39:50,4.2,3.4,3.4,3.6,4.1,4.6,3.8,4.2,4.5,2.7,0,3.2,1.0,14.7
2025-04-11 20:39:55,4.3,3.4,3.3,3.5,4.1,4.5,3.8,4.1,4.5,2.7,0,3.2,1.1,14.7
2025-04-11 20:40:00,4.2,3.2,3.4,3.6,4.1,4.5,3.8,4.0,4.5,2.6,0,3.1,1.2,14.7
2025-04-11 20:40:05,4.2,3.2,3.3,3.5,4.1,4.4,3.8,4.1,4.4,2.6,0,3.1,1.7,14.7
2025-04-11 20:40:10,4.1,3.2,3.2,3.5,4.0,4.3,3.8,4.0,4.3,2.5,0,3.0,1.9,14.7
2025-04-11 20:40:15,4.1,3.2,3.2,3.4,4.0,4.3,3.8,3.9,4.3,2.5,0,3.0,2.0,14.7
2025-04-11 20:40:20,4.0,3.2,3.2,3.3,3.9,4.2,3.7,3.9,4.3,2.4,0,2.9,1.6,14.7
2025-04-11 20:40:25,4.0,3.2,3.2,3.3,3.8,4.3,3.7,3.9,4.3,2.4,0,3.0,1.4,14.7
2025-04-11 20:40:30,4.0,3.2,3.1,3.3,3.8,4.3,3.7,3.9,4.3,2.3,0,2.9,2.0,14.7
2025-04-11 20:40:35,3.9,3.1,3.0,3.2,3.7,4.2,3.6,3.8,4.3,2.3,0,2.8,2.0,14.7
2025-04-11 20:40:40,3.8,3.0,3.1,3.3,3.7,4.2,3.6,3.8,4.2,2.2,0,2.8,2.5,14.7
2025-04-11 20:40:45,3.8,3.0,3.0,3.1,3.7,4.1,3.5,3.7,4.2,2.2,0,2.8,2.2,14.7
2025-04-11 20:40:50,3.8,3.0,2.9,3.1,3.6,4.1,3.5,3.7,4.2,2.2,0,2.7,2.0,14.7
2025-04-11 20:40:55,3.8,3.0,2.9,3.1,3.6,4.2,3.5,3.7,4.2,2.1,0,2.8,1.8,14.7
2025-04-11 20:41:00,3.7,2.9,2.9,3.0,3.6,4.1,3.4,3.6,4.1,2.1,0,2.7,1.7,14.7
2025-04-11 20:41:05,3.7,2.9,2.9,3.0,3.6,4.0,3.4,3.5,4.0,2.1,0,2.7,1.7,14.7
2025-04-11 20:41:10,3.7,2.8,2.8,3.0,3.5,4.0,3.5,3.4,4.0,2.0,0,2.6,1.8,14.7
2025-04-11 20:41:15,3.6,2.8,2.8,3.0,3.4,4.0,3.4,3.4,4.0,2.0,0,2.6,1.6,14.7
2025-04-11 20:41:20,3.7,2.8,2.8,2.9,3.4,3.9,3.3,3.3,4.0,2.0,0,2.6,1.6,14.7
2025-04-11 20:41:25,3.6,2.8,2.8,2.9,3.3,3.9,3.3,3.4,3.9,1.9,0,2.5,1.4,14.7
2025-04-11 20:41:30,3.5,2.7,2.7,2.8,3.3,3.9,3.3,3.3,3.9,1.9,0,2.6,1.2,14.7
2025-04-11 20:41:35,3.6,2.6,2.6,2.7,3.3,3.8,3.2,3.3,3.9,1.9,0,2.5,1.1,14.7
2025-04-11 20:41:40,3.5,2.6,2.6,2.7,3.2,3.9,3.2,3.3,3.9,1.8,0,2.5,0.9,14.7
2025-04-11 20:41:45,3.5,2.5,2.6,2.6,3.2,3.9,3.2,3.3,3.9,1.8,0,2.4,0.8,14.7
2025-04-11 20:41:50,3.4,2.4,2.6,2.6,3.2,3.8,3.1,3.2,3.9,1.8,0,2.4,1.0,14.7
2025-04-11 20:41:55,3.4,2.4,2.6,2.6,3.1,3.8,3.1,3.3,3.9,1.7,0,2.4,1.1,14.7
2025-04-11 20:42:00,3.3,2.4,2.6,2.5,3.1,3.8,3.1,3.2,3.9,1.7,0,2.4,1.1,14.7
2025-04-11 20:42:05,3.2,2.3,2.5,2.6,3.1,3.7,3.1,3.1,3.8,1.7,0,2.4,1.1,14.7
2025-04-11 20:42:10,3.3,2.2,2.5,2.5,3.1,3.6,3.1,3.2,3.9,1.6,0,2.3,1.3,14.7
2025-04-11 20:42:15,3.2,2.3,2.4,2.5,3.1,3.7,3.1,3.1,3.9,1.6,0,2.3,1.6,14.7
2025-04-11 20:42:20,3.2,2.2,2.4,2.5,3.1,3.7,3.0,3.0,3.8,1.6,0,2.2,1.5,14.7
2025-04-11 20:42:25,3.1,2.2,2.5,2.5,3.1,3.7,3.0,3.1,3.8,1.5,0,2.3,2.4,14.7
2025-04-11 20:42:30,3.1,2.2,2.4,2.4,3.0,3.6,3.0,3.1,3.8,1.5,0,2.3,2.5,14.7
2025-04-11 20:42:35,3.1,2.1,2.3,2.4,3.0,3.5,2.9,2.9,3.8,1.5,0,2.3,2.1,14.7
2025-04-11 20:42:40,3.0,2.1,2.4,2.4,3.0,3.5,2.9,2.9,3.7,1.5,0,2.2,1.9,14.7
2025-04-11 20:42:45,3.0,2.0,2.4,2.4,3.0,3.4,2.8,2.9,3.7,1.4,0,2.3,1.9,14.7
2025-04-11 20:42:50,3.0,2.0,2.4,2.4,2.9,3.5,2.8,3.0,3.7,1.4,0,2.2,1.6,14.8
2025-04-11 20:42:55,2.9,1.9,2.3,2.4,2.9,3.4,2.8,2.8,3.6,1.4,0,2.1,1.3,14.7
2025-04-11 20:43:00,2.9,2.0,2.3,2.3,2.9,3.4,2.7,2.9,3.7,1.4,0,2.2,1.1,14.8
2025-04-11 20:43:05,2.8,1.9,2.2,2.3,2.9,3.4,2.6,2.8,3.6,1.3,0,2.1,1.0,14.7
2025-04-11 20:43:10,2.8,1.8,2.2,2.2,2.8,3.3,2.7,2.9,3.6,1.3,0,2.1,0.8,14.8
2025-04-11 20:43:15,2.7,1.9,2.2,2.2,2.9,3.4,2.7,2.8,3.6,1.3,0,2.0,1.5,14.8
2025-04-11 20:43:20,2.7,1.8,2.1,2.2,2.8,3.3,2.7,2.9,3.6,1.3,0,2.1,1.8,14.8
2025-04-11 20:43:25,2.6,1.7,2.1,2.1,2.8,3.3,2.6,2.7,3.5,1.2,0,2.0,1.8,14.7
2025-04-11 20:43:30,2.6,1.7,2.0,2.2,2.8,3.3,2.6,2.8,3.6,1.2,0,2.0,1.8,14.8
2025-04-11 20:43:35,2.6,1.6,2.1,2.1,2.7,3.3,2.6,2.8,3.5,1.2,0,2.0,1.9,14.8
2025-04-11 20:43:40,2.5,1.6,2.0,2.1,2.7,3.3,2.6,2.7,3.4,1.2,0,2.0,1.9,14.8
2025-04-11 20:43:45,2.5,1.6,1.9,2.1,2.7,3.3,2.6,2.5,3.5,1.1,0,2.0,2.4,14.8
2025-04-11 20:43:50,2.5,1.6,2.0,2.0,2.7,3.2,2.5,2.6,3.4,1.1,0,2.0,2.4,14.8
2025-04-11 20:43:55,2.5,1.6,1.9,2.1,2.7,3.1,2.4,2.5,3.4,1.1,0,2.0,2.3,14.7
2025-04-11 20:44:00,2.5,1.6,1.9,2.0,2.7,3.2,2.5,2.5,3.4,1.1,0,2.0,2.1,14.8
2025-04-11 20:44:05,2.4,1.6,1.9,2.0,2.7,3.1,2.4,2.5,3.4,1.1,0,1.9,2.1,14.8
2025-04-11 20:44:10,2.4,1.6,1.9,2.0,2.6,3.2,2.4,2.5,3.3,1.0,0,1.9,2.0,14.8
2025-04-11 20:44:15,2.4,1.5,1.9,1.9,2.7,3.1,2.4,2.4,3.3,1.0,0,1.8,1.8,14.8
2025-04-11 20:44:20,2.4,1.6,1.8,2.0,2.7,3.1,2.3,2.5,3.3,1.0,0,1.9,1.7,14.8
2025-04-11 20:44:25,2.3,1.6,1.9,1.9,2.6,3.1,2.4,2.5,3.2,1.0,0,1.9,1.6,14.8
2025-04-11 20:44:30,2.3,1.6,1.9,1.9,2.6,3.1,2.4,2.4,3.3,1.0,0,1.8,1.6,14.8
2025-04-11 20:44:35,2.3,1.5,1.8,1.9,2.5,3.0,2.3,2.4,3.3,0.9,0,1.7,1.2,14.8
2025-04-11 20:44:40,2.3,1.5,1.8,1.8,2.5,3.1,2.3,2.4,3.3,0.9,0,1.8,1.6,14.8
2025-04-11 20:44:45,2.2,1.5,1.8,1.8,2.4,3.0,2.2,2.3,3.2,0.9,0,1.7,1.6,14.8
2025-04-11 20:44:50,2.2,1.5,1.7,1.8,2.4,3.0,2.2,2.3,3.2,0.9,0,1.7,1.3,14.8
2025-04-11 20:44:55,2.2,1.5,1.8,1.8,2.4,2.9,2.2,2.3,3.2,0.9,0,1.7,1.3,14.8
2025-04-11 20:45:00,2.2,1.5,1.8,1.8,2.4,2.9,2.3,2.3,3.3,0.9,0,1.7,1.0,14.8
2025-04-11 20:45:05,2.2,1.4,1.7,1.7,2.4,2.9,2.2,2.3,3.2,0.8,0,1.7,0.9,14.8
2025-04-11 20:45:10,2.1,1.4,1.7,1.7,2.3,2.9,2.2,2.2,3.3,0.8,0,1.7,0.8,14.8
2025-04-11 20:45:15,2.1,1.4,1.6,1.7,2.3,2.9,2.2,2.3,3.2,0.8,0,1.7,0.7,14.8
2025-04-11 20:45:20,2.0,1.3,1.7,1.6,2.4,2.8,2.3,2.2,3.2,0.8,0,1.7,0.6,14.8
2025-04-11 20:45:25,2.0,1.4,1.6,1.7,2.3,2.7,2.2,2.2,3.2,0.8,0,1.6,0.4,14.8
2025-04-11 20:45:30,2.1,1.4,1.6,1.7,2.3,2.8,2.2,2.2,3.1,0.8,0,1.6,0.3,14.8
2025-04-11 20:45:35,2.0,1.4,1.7,1.6,2.3,2.8,2.1,2.2,3.1,0.7,0,1.5,0.3,14.8
2025-04-11 20:45:40,2.0,1.3,1.6,1.6,2.2,2.7,2.1,2.1,3.2,0.7,0,1.5,0.2,14.8
2025-04-11 20:45:45,2.0,1.3,1.6,1.5,2.3,2.7,2.1,2.1,3.1,0.7,0,1.4,0.2,14.8
2025-04-11 20:45:50,2.0,1.3,1.6,1.4,2.1,2.6,2.1,2.1,3.1,0.7,0,1.5,0.3,14.8
2025-04-11 20:45:55,1.9,1.2,1.5,1.4,2.1,2.6,2.0,2.0,3.1,0.7,0,1.5,0.4,14.8
2025-04-11 20:46:00,1.9,1.2,1.4,1.5,2.1,2.6,1.9,2.0,3.1,0.7,0,1.4,0.4,14.8
2025-04-11 20:46:05,1.9,1.3,1.5,1.4,2.1,2.5,1.9,2.0,3.1,0.6,0,1.3,0.6,14.8
2025-04-11 20:46:10,1.8,1.2,1.5,1.4,2.1,2.5,1.9,2.0,3.1,0.6,0,1.3,0.6,14.8
2025-04-11 20:46:15,1.8,1.2,1.4,1.4,2.1,2.5,1.8,2.1,3.0,0.6,0,1.3,0.7,14.8
2025-04-11 20:46:20,1.8,1.1,1.4,1.4,2.0,2.4,1.9,2.0,3.0,0.6,0,1.2,0.6,14.8
2025-04-11 20:46:25,1.8,1.2,1.5,1.3,1.9,2.4,1.8,2.0,3.0,0.6,0,1.2,0.6,14.8
2025-04-11 20:46:30,1.8,1.1,1.4,1.4,1.9,2.4,1.8,1.9,3.0,0.6,0,1.2,0.8,14.8
2025-04-11 20:46:35,1.7,1.1,1.4,1.3,2.0,2.5,1.7,2.0,3.0,0.6,0,1.2,0.9,14.8
2025-04-11 20:46:40,1.8,1.0,1.3,1.3,1.9,2.4,1.7,1.8,2.9,0.5,0,1.1,1.0,14.8
2025-04-11 20:46:45,1.8,1.0,1.3,1.3,1.9,2.4,1.7,1.9,2.8,0.5,0,1.1,1.3,14.8
2025-04-11 20:46:50,1.7,1.0,1.3,1.3,1.9,2.3,1.7,1.8,2.9,0.5,0,1.1,1.4,14.8
2025-04-11 20:46:55,1.7,1.0,1.2,1.3,1.9,2.3,1.7,1.9,2.9,0.5,0,1.0,1.6,14.8
2025-04-11 20:47:00,1.7,1.0,1.2,1.3,1.9,2.2,1.8,2.0,2.8,0.5,0,1.0,1.4,14.8
2025-04-11 20:47:05,1.7,0.9,1.2,1.3,1.8,2.3,1.7,1.9,2.9,0.5,0,1.0,1.2,14.8
2025-04-11 20:47:10,1.7,0.9,1.2,1.3,1.8,2.3,1.6,1.9,3.0,0.5,0,1.0,1.4,14.8
2025-04-11 20:47:15,1.7,1.0,1.1,1.4,1.9,2.3,1.7,1.8,3.1,0.5,0,1.1,1.4,14.8
2025-04-11 20:47:20,1.6,1.0,1.1,1.3,1.9,2.3,1.6,1.8,3.0,0.5,0,1.0,1.7,14.8
2025-04-11 20:47:25,1.7,0.9,1.1,1.2,1.9,2.3,1.7,1.9,3.0,0.4,0,1.1,1.7,14.8
2025-04-11 20:47:30,1.7,0.9,1.1,1.2,1.9,2.3,1.7,1.9,3.0,0.4,0,1.0,1.5,14.8
2025-04-11 20:47:35,1.6,0.9,1.1,1.1,1.9,2.3,1.8,1.8,3.0,0.4,0,0.9,1.5,14.8
2025-04-11 20:47:40,1.7,0.9,1.0,1.2,1.9,2.3,1.7,1.8,2.9,0.4,0,0.9,1.6,14.8
2025-04-11 20:47:45,1.6,0.9,1.1,1.1,1.9,2.4,1.6,1.8,2.9,0.4,0,0.9,1.9,14.8
2025-04-11 20:47:50,1.7,0.9,1.1,1.1,1.9,2.3,1.7,1.7,3.0,0.4,0,1.0,1.9,14.8
2025-04-11 20:47:55,1.6,0.9,1.1,1.1,1.9,2.4,1.7,1.8,2.9,0.3,0,1.0,2.0,14.8
2025-04-11 20:48:00,1.6,0.8,1.0,1.1,1.9,2.3,1.7,1.7,2.9,0.3,0,0.9,2.0,14.8
2025-04-11 20:48:05,1.6,0.8,1.1,1.1,1.8,2.3,1.6,1.7,2.9,0.3,0,0.9,2.0,14.8
2025-04-11 20:48:10,1.6,0.8,1.0,1.0,1.8,2.3,1.6,1.7,2.9,0.3,0,0.8,1.8,14.8
2025-04-11 20:48:15,1.5,0.8,1.1,1.0,1.8,2.2,1.6,1.7,2.9,0.3,0,0.9,1.9,14.8
2025-04-11 20:48:20,1.5,0.8,1.0,0.9,1.8,2.2,1.6,1.6,2.8,0.3,0,0.8,2.2,14.8
2025-04-11 20:48:25,1.5,0.8,1.0,1.0,1.8,2.2,1.5,1.7,2.9,0.3,0,0.7,2.1,14.8
2025-04-11 20:48:30,1.5,0.8,1.0,0.9,1.8,2.2,1.5,1.7,2.8,0.2,0,0.7,2.0,14.8
2025-04-11 20:48:35,1.5,0.8,1.0,0.9,1.7,2.1,1.4,1.7,2.8,0.2,0,0.7,1.9,14.8
2025-04-11 20:48:40,1.4,0.7,1.0,0.9,1.7,2.1,1.5,1.6,2.8,0.2,0,0.7,2.0,14.8
2025-04-11 20:48:45,1.4,0.6,1.0,0.8,1.7,2.1,1.4,1.5,2.7,0.2,0,0.7,1.9,14.8
2025-04-11 20:48:50,1.4,0.7,1.0,0.9,1.7,2.1,1.4,1.5,2.8,0.2,0,0.7,1.9,14.8
2025-04-11 20:48:55,1.5,0.7,0.9,0.8,1.7,2.0,1.4,1.6,2.7,0.2,0,0.7,1.6,14.8
2025-04-11 20:49:00,1.5,0.7,0.9,0.8,1.7,2.0,1.4,1.6,2.7,0.2,0,0.6,1.5,14.8
2025-04-11 20:49:05,1.4,0.6,0.8,0.8,1.6,2.0,1.3,1.5,2.6,0.2,0,0.6,1.4,14.8
2025-04-11 20:49:10,1.4,0.6,0.9,0.7,1.6,2.0,1.3,1.4,2.6,0.1,0,0.6,1.3,14.8
2025-04-11 20:49:15,1.4,0.6,0.9,0.7,1.5,2.0,1.3,1.3,2.5,0.1,0,0.6,1.1,14.8
2025-04-11 20:49:20,1.4,0.6,0.9,0.8,1.6,1.9,1.3,1.4,2.5,0.1,0,0.6,1.1,14.8
2025-04-11 20:49:25,1.4,0.5,0.8,0.7,1.5,1.9,1.3,1.3,2.5,0.1,0,0.6,1.1,14.8
2025-04-11 20:49:30,1.3,0.4,0.8,0.6,1.4,1.8,1.3,1.2,2.4,0.1,0,0.5,1.1,14.8
2025-04-11 20:49:35,1.3,0.5,0.8,0.7,1.4,1.9,1.1,1.2,2.5,0.1,0,0.5,1.0,14.8
2025-04-11 20:49:40,1.3,0.5,0.8,0.7,1.3,1.8,1.1,1.3,2.4,0.1,0,0.5,1.0,14.8
2025-04-11 20:49:45,1.3,0.5,0.6,0.6,1.4,1.8,1.1,1.3,2.5,0.0,0,0.4,1.1,14.8
2025-04-11 20:49:50,1.3,0.4,0.6,0.6,1.3,1.8,1.1,1.3,2.5,0.0,0,0.4,1.1,14.8
2025-04-11 20:49:55,1.2,0.4,0.6,0.5,1.3,1.7,1.1,1.2,2.4,0.0,0,0.5,1.4,14.8
2025-04-11 20:50:00,1.2,0.4,0.6,0.5,1.3,1.6,1.2,1.3,2.4,0.0,0,0.4,1.4,14.8
2025-04-11 20:50:05,1.2,0.4,0.5,0.5,1.4,1.7,1.2,1.2,2.4,0.0,0,0.4,1.7,14.8
2025-04-11 20:50:10,1.2,0.4,0.6,0.5,1.3,1.6,1.1,1.2,2.3,0.0,0,0.4,1.7,14.8
2025-04-11 20:50:15,1.1,0.4,0.5,0.4,1.4,1.7,1.1,1.2,2.4,0.0,0,0.4,1.6,14.8
2025-04-11 20:50:20,1.1,0.4,0.6,0.5,1.4,1.7,1.1,1.2,2.4,0,0,0.4,1.4,14.8
2025-04-11 20:50:25,1.1,0.4,0.5,0.4,1.4,1.6,1.2,1.1,2.4,0,0,0.4,1.5,14.8
2025-04-11 20:50:30,1.1,0.3,0.5,0.4,1.4,1.6,1.1,1.1,2.3,0,0,0.4,1.9,14.8
2025-04-11 20:50:35,1.1,0.3,0.5,0.5,1.3,1.6,1.2,1.1,2.2,0,0,0.3,1.8,14.8
2025-04-11 20:50:40,1.0,0.3,0.5,0.4,1.3,1.7,1.1,1.1,2.3,0,0,0.3,1.5,14.8
2025-04-11 20:50:45,1.1,0.3,0.5,0.4,1.3,1.7,1.0,1.0,2.2,0,0,0.3,1.3,14.8
2025-04-11 20:50:50,1.1,0.3,0.5,0.4,1.3,1.7,1.0,0.9,2.2,0,0,0.3,1.0,14.8
2025-04-11 20:50:55,1.1,0.3,0.5,0.3,1.3,1.6,1.0,1.0,2.1,0,0,0.3,0.8,14.8
2025-04-11 20:51:00,1.1,0.2,0.4,0.2,1.3,1.6,1.0,1.0,2.0,0,0,0.3,0.7,14.8
2025-04-11 20:51:05,1.1,0.2,0.5,0.3,1.2,1.6,0.9,0.9,2.1,0,0,0.3,0.5,14.8
2025-04-11 20:51:10,1.1,0.2,0.5,0.2,1.2,1.4,1.0,0.8,2.0,0,0,0.3,0.4,14.8
2025-04-11 20:51:15,1.1,0.1,0.4,0.2,1.2,1.5,0.9,0.9,1.9,0,0,0.3,0.3,14.8
2025-04-11 20:51:20,1.0,0.2,0.4,0.2,1.1,1.4,0.9,0.9,1.9,0,0,0.2,0.2,14.8
2025-04-11 20:51:25,1.0,0.1,0.3,0.1,1.1,1.4,0.9,0.8,1.8,0,0,0.2,0.2,14.8
2025-04-11 20:51:30,0.9,0.1,0.3,0.2,1.0,1.3,0.7,0.9,1.9,0,0,0.2,0.3,14.8
2025-04-11 20:51:35,1.0,0.1,0.3,0.1,1.0,1.3,0.8,0.8,1.7,0,0,0.2,0.4,14.8
2025-04-11 20:51:40,1.0,0.0,0.3,0.2,0.9,1.3,0.8,0.7,1.7,0,0,0.1,0.5,14.8
2025-04-11 20:51:45,0.9,0.0,0.2,0.1,0.9,1.3,0.7,0.8,1.7,0,0,0.1,0.7,14.8
2025-04-11 20:51:50,1.0,0.0,0.2,0.1,0.9,1.3,0.7,0.7,1.6,0,0,0.0,0.8,14.8
2025-04-11 20:51:55,0.9,0.0,0.3,0.1,0.9,1.3,0.6,0.7,1.6,0,0,0.1,1.0,14.8
2025-04-11 20:52:00,0.9,0.0,0.3,0.1,0.9,1.2,0.6,0.8,1.6,0,0,0.1,1.0,14.8
2025-04-11 20:52:05,0.9,0.0,0.2,0.0,0.9,1.2,0.6,0.7,1.6,0,0,0.0,0.9,14.8
2025-04-11 20:52:10,0.9,0.0,0.2,0.0,0.9,1.2,0.5,0.7,1.5,0,0,0.1,0.7,14.8
2025-04-11 20:52:15,0.9,0,0.2,0.0,0.9,1.2,0.6,0.7,1.5,0,0,0.1,0.6,14.8
2025-04-11 20:52:20,0.8,0.0,0.2,0.0,0.9,1.2,0.6,0.7,1.5,0,0,0.1,0.5,14.8
2025-04-11 20:52:25,0.8,0,0.2,0.0,0.9,1.2,0.6,0.7,1.6,0,0,0.0,0.7,14.8
2025-04-11 20:52:30,0.8,0,0.1,0,0.8,1.1,0.4,0.6,1.5,0,0,0.1,0.8,14.8
2025-04-11 20:52:35,0.8,0,0.1,0.0,0.8,1.1,0.5,0.6,1.5,0,0,0.1,0.9,14.8
2025-04-11 20:52:40,0.8,0,0.2,0.0,0.9,1.1,0.4,0.5,1.4,0,0,0.1,0.8,14.8
2025-04-11 20:52:45,0.8,0,0.1,0.0,0.8,1.1,0.4,0.6,1.5,0,0,0.0,0.8,14.8
2025-04-11 20:52:50,0.8,0,0.0,0,0.8,1.1,0.4,0.6,1.4,0,0,0.1,0.9,14.8
2025-04-11 20:52:55,0.8,0,0.1,0.0,0.8,1.1,0.5,0.5,1.4,0,0,0.0,0.9,14.8
2025-04-11 20:53:00,0.8,0,0.1,0.0,0.8,1.0,0.3,0.6,1.4,0,0,0.0,0.9,14.8
2025-04-11 20:53:05,0.8,0,0.1,0.0,0.7,1.1,0.4,0.6,1.4,0,0,0.0,0.8,14.8
2025-04-11 20:53:10,0.8,0,0.1,0.0,0.8,1.1,0.4,0.6,1.4,0,0,0.0,0.8,14.8
2025-04-11 20:53:15,0.8,0,0.1,0,0.8,1.1,0.4,0.7,1.3,0,0,0.0,0.7,14.8
2025-04-11 20:53:20,0.8,0,0.1,0,0.7,1.1,0.4,0.6,1.4,0,0,0.0,0.8,14.8
2025-04-11 20:53:25,0.7,0,0.0,0,0.8,1.0,0.5,0.6,1.3,0,0,0.0,0.8,14.8
2025-04-11 20:53:30,0.7,0,0.1,0,0.7,1.0,0.4,0.6,1.3,0,0,0.0,0.7,14.8
2025-04-11 20:53:35,0.7,0,0.0,0,0.8,1.0,0.4,0.5,1.3,0,0,0,0.6,14.8
2025-04-11 20:53:40,0.7,0,0.0,0,0.8,1.0,0.4,0.5,1.3,0,0,0,0.6,14.8
2025-04-11 20:53:45,0.7,0,0,0,0.8,1.0,0.4,0.4,1.2,0,0,0,0.6,14.8
2025-04-11 20:53:50,0.6,0,0.0,0,0.7,0.9,0.4,0.4,1.3,0,0,0.0,0.6,14.8
2025-04-11 20:53:55,0.6,0,0.0,0,0.8,0.9,0.4,0.5,1.3,0,0,0.0,0.7,14.8
2025-04-11 20:54:00,0.6,0,0.0,0,0.7,0.9,0.5,0.4,1.2,0,0,0.0,0.7,14.8
2025-04-11 20:54:05,0.6,0,0.0,0,0.7,0.9,0.4,0.5,1.2,0,0,0,1.0,14.8
2025-04-11 20:54:10,0.7,0,0.0,0,0.7,0.9,0.4,0.4,1.2,0,0,0.0,1.4,14.8
2025-04-11 20:54:15,0.6,0,0,0,0.6,0.9,0.3,0.4,1.3,0,0,0.0,1.4,14.8
2025-04-11 20:54:20,0.6,0,0,0,0.6,0.9,0.3,0.5,1.3,0,0,0,1.4,14.8
2025-04-11 20:54:25,0.7,0,0.0,0,0.6,0.9,0.3,0.5,1.2,0,0,0,1.4,14.8
2025-04-11 20:54:30,0.6,0,0.0,0,0.6,0.8,0.3,0.5,1.2,0,0,0,1.2,14.8
2025-04-11 20:54:35,0.6,0,0,0,0.6,0.8,0.3,0.4,1.2,0,0,0,0.9,14.8
2025-04-11 20:54:40,0.6,0,0.0,0,0.6,0.9,0.3,0.4,1.2,0,0,0,0.8,14.8
2025-04-11 20:54:45,0.6,0,0,0,0.6,0.9,0.2,0.4,1.2,0,0,0,0.8,14.8
2025-04-11 20:54:50,0.6,0,0,0,0.6,0.8,0.3,0.4,1.3,0,0,0,0.8,14.8
2025-04-11 20:54:55,0.6,0,0,0,0.6,0.9,0.2,0.3,1.2,0,0,0,0.7,14.8
2025-04-11 20:55:00,0.6,0,0,0,0.6,0.8,0.3,0.3,1.2,0,0,0,0.6,14.8
2025-04-11 20:55:05,0.5,0,0,0,0.5,0.8,0.3,0.2,1.3,0,0,0,0.6,14.8
2025-04-11 20:55:10,0.6,0,0,0,0.6,0.8,0.3,0.2,1.3,0,0,0,0.7,14.8
2025-04-11 20:55:15,0.6,0,0,0,0.6,0.8,0.3,0.3,1.3,0,0,0,0.6,14.8
2025-04-11 20:55:20,0.6,0,0,0,0.5,0.7,0.3,0.2,1.2,0,0,0,0.4,14.8
2025-04-11 20:55:25,0.6,0,0,0,0.5,0.7,0.3,0.2,1.2,0,0,0,0.4,14.8
2025-04-11 20:55:30,0.6,0,0,0,0.5,0.7,0.2,0.2,1.2,0,0,0,0.4,14.8
2025-04-11 20:55:35,0.6,0,0,0,0.5,0.8,0.2,0.1,1.2,0,0,0,0.5,14.8
2025-04-11 20:55:40,0.6,0,0,0,0.5,0.7,0.2,0.1,1.2,0,0,0,0.5,14.8
2025-04-11 20:55:45,0.7,0,0,0,0.5,0.8,0.2,0.1,1.2,0,0,0,0.6,14.8
2025-04-11 20:55:50,0.6,0,0,0,0.4,0.7,0.3,0.1,1.1,0,0,0,0.6,14.8
2025-04-11 20:55:55,0.6,0,0,0,0.4,0.7,0.2,0.1,1.2,0,0,0,0.7,14.8
2025-04-11 20:56:00,0.5,0,0,0,0.5,0.8,0.3,0.0,1.1,0,0,0,0.7,14.8
2025-04-11 20:56:05,0.6,0,0,0,0.4,0.7,0.2,0.1,1.1,0,0,0,0.6,14.8
2025-04-11 20:56:10,0.5,0,0,0,0.4,0.8,0.1,0.1,1.2,0,0,0,0.6,14.8
2025-04-11 20:56:15,0.5,0,0,0,0.5,0.8,0.2,0.1,1.1,0,0,0,0.6,14.8
2025-04-11 20:56:20,0.4,0,0,0,0.4,0.8,0.3,0.1,1.2,0,0,0,0.6,14.8
2025-04-11 20:56:25,0.4,0,0,0,0.4,0.7,0.2,0.0,1.2,0,0,0,0.7,14.8
2025-04-11 20:56:30,0.5,0,0,0,0.4,0.6,0.2,0.0,1.2,0,0,0,0.9,14.8
2025-04-11 20:56:35,0.5,0,0,0,0.5,0.6,0.2,0.0,1.1,0,0,0,0.9,14.8
2025-04-11 20:56:40,0.4,0,0,0,0.4,0.6,0.1,0.1,1.2,0,0,0,1.1,14.8
2025-04-11 20:56:45,0.4,0,0,0,0.5,0.6,0.1,0.0,1.1,0,0,0,1.5,14.8
2025-04-11 20:56:50,0.4,0,0,0,0.4,0.6,0.2,0.0,1.1,0,0,0,1.7,14.8
2025-04-11 20:56:55,0.4,0,0,0,0.4,0.6,0.1,0.0,1.1,0,0,0,2.1,14.8
2025-04-11 20:57:00,0.5,0,0,0,0.4,0.6,0.1,0.1,1.1,0,0,0,2.3,14.8
2025-04-11 20:57:05,0.4,0,0,0,0.4,0.5,0.1,0.1,1.0,0,0,0,2.1,14.8
2025-04-11 20:57:10,0.5,0,0,0,0.4,0.6,0.2,0.1,1.1,0,0,0,1.9,14.8
2025-04-11 20:57:15,0.4,0,0,0,0.4,0.5,0.1,0.1,1.0,0,0,0,1.7,14.8
2025-04-11 20:57:20,0.4,0,0,0,0.4,0.5,0.1,0.0,1.1,0,0,0,1.7,14.8
2025-04-11 20:57:25,0.4,0,0,0,0.4,0.6,0.2,0.0,1.1,0,0,0,1.8,14.8
2025-04-11 20:57:30,0.4,0,0,0,0.4,0.6,0.1,0.0,1.1,0,0,0,1.5,14.8
2025-04-11 20:57:35,0.4,0,0,0,0.4,0.5,0.1,0,1.1,0,0,0,1.3,14.8
2025-04-11 20:57:40,0.4,0,0,0,0.4,0.5,0.1,0.0,1.2,0,0,0,1.3,14.8
2025-04-11 20:57:45,0.3,0,0,0,0.4,0.6,0.1,0.0,1.1,0,0,0,1.5,14.8
2025-04-11 20:57:50,0.4,0,0,0,0.4,0.6,0.2,0.0,1.1,0,0,0,1.8,14.8
2025-04-11 20:57:55,0.4,0,0,0,0.4,0.6,0.1,0.0,1.1,0,0,0,1.7,14.8
2025-04-11 20:58:00,0.3,0,0,0,0.4,0.6,0.1,0,1.2,0,0,0,1.6,14.8
2025-04-11 20:58:05,0.3,0,0,0,0.4,0.6,0.1,0,1.2,0,0,0,1.8,14.8
2025-04-11 20:58:10,0.4,0,0,0,0.3,0.6,0.1,0,1.2,0,0,0,1.7,14.8
2025-04-11 20:58:15,0.4,0,0,0,0.4,0.6,0.1,0.0,1.1,0,0,0,1.4,14.8
2025-04-11 20:58:20,0.3,0,0,0,0.3,0.6,0.1,0,1.1,0,0,0,1.1,14.8
2025-04-11 20:58:25,0.4,0,0,0,0.3,0.6,0.1,0,1.1,0,0,0,1.1,14.8
2025-04-11 20:58:30,0.4,0,0,0,0.3,0.6,0.1,0,1.1,0,0,0,1.3,14.8
2025-04-11 20:58:35,0.4,0,0,0,0.4,0.6,0.1,0,1.1,0,0,0,1.6,14.8
2025-04-11 20:58:40,0.4,0,0,0,0.3,0.5,0.1,0,1.1,0,0,0,1.5,14.8
2025-04-11 20:58:45,0.3,0,0,0,0.4,0.6,0.1,0,1.2,0,0,0,1.5,14.8
2025-04-11 20:58:50,0.4,0,0,0,0.4,0.6,0.1,0,1.1,0,0,0,1.5,14.8
2025-04-11 20:58:55,0.4,0,0,0,0.3,0.6,0.2,0,1.1,0,0,0,1.7,14.8
2025-04-11 20:59:00,0.3,0,0,0,0.4,0.6,0.2,0,1.1,0,0,0,1.8,14.8
2025-04-11 20:59:05,0.3,0,0,0,0.4,0.6,0.1,0,1.1,0,0,0,1.9,14.8
2025-04-11 20:59:10,0.2,0,0,0,0.3,0.6,0.1,0,1.2,0,0,0,2.1,14.8
2025-04-11 20:59:15,0.2,0,0,0,0.4,0.6,0.1,0,1.2,0,0,0,1.9,14.8
2025-04-11 20:59:20,0.2,0,0,0,0.4,0.6,0.1,0,1.2,0,0,0,1.7,14.8
2025-04-11 20:59:25,0.3,0,0,0,0.4,0.7,0.1,0,1.3,0,0,0,1.7,14.8
2025-04-11 20:59:30,0.2,0,0,0,0.4,0.6,0.2,0,1.3,0,0,0,1.5,14.8
2025-04-11 20:59:35,0.3,0,0,0,0.5,0.6,0.2,0,1.2,0,0,0,1.3,14.8
2025-04-11 20:59:40,0.2,0,0,0,0.5,0.6,0.2,0,1.1,0,0,0,1.3,14.8
2025-04-11 20:59:45,0.2,0,0,0,0.5,0.6,0.2,0,1.1,0,0,0,1.2,14.8
2025-04-11 20:59:50,0.3,0,0,0,0.4,0.7,0.1,0,1.1,0,0,0,1.3,14.8
2025-04-11 20:59:55,0.2,0,0,0,0.5,0.6,0.2,0,1.1,0,0,0,1.1,14.8
2025-04-11 21:00:00,0.2,0,0,0,0.4,0.7,0.2,0,1.2,0,0,0,1.1,14.8
2025-04-11 21:00:05,0.2,0,0,0,0.4,0.7,0.2,0,1.2,0,0,0,1.5,14.8
2025-04-11 21:00:10,0.2,0,0,0,0.4,0.7,0.1,0,1.0,0,0,0,1.7,14.8
2025-04-11 21:00:15,0.1,0,0,0,0.4,0.6,0.1,0,1.0,0,0,0,1.7,14.8
2025-04-11 21:00:20,0.2,0,0,0,0.5,0.7,0.2,0,1.1,0,0,0,1.8,14.8
2025-04-11 21:00:25,0.2,0,0,0,0.4,0.7,0.1,0,1.0,0,0,0,1.8,14.8
2025-04-11 21:00:30,0.2,0,0,0,0.4,0.7,0.1,0,1.1,0,0,0,1.9,14.8
2025-04-11 21:00:35,0.2,0,0,0,0.4,0.7,0.1,0,1.0,0,0,0,1.9,14.8
2025-04-11 21:00:40,0.2,0,0,0,0.4,0.6,0.2,0,1.1,0,0,0,1.7,14.8
2025-04-11 21:00:45,0.2,0,0,0,0.3,0.6,0.1,0,1.1,0,0,0,1.7,14.8
2025-04-11 21:00:50,0.2,0,0,0,0.3,0.6,0.1,0,1.1,0,0,0,1.5,14.8
2025-04-11 21:00:55,0.2,0,0,0,0.4,0.6,0.1,0,1.1,0,0,0,1.5,14.8
2025-04-11 21:01:00,0.3,0,0,0,0.3,0.7,0.1,0,1.1,0,0,0,1.5,14.8
2025-04-11 21:01:05,0.2,0,0,0,0.3,0.7,0.0,0,1.1,0,0,0,1.4,14.8
2025-04-11 21:01:10,0.2,0,0,0,0.3,0.6,0.0,0,1.1,0,0,0,1.6,14.8
2025-04-11 21:01:15,0.2,0,0,0,0.3,0.7,0.0,0,1.1,0,0,0,2.0,14.8
2025-04-11 21:01:20,0.2,0,0,0,0.3,0.6,0.0,0,1.1,0,0,0,2.0,14.8
2025-04-11 21:01:25,0.2,0,0,0,0.3,0.6,0.0,0,1.1,0,0,0,1.8,14.8
2025-04-11 21:01:30,0.2,0,0,0,0.3,0.6,0.0,0,1.1,0,0,0,1.8,14.8
2025-04-11 21:01:35,0.2,0,0,0,0.3,0.6,0.0,0,1.1,0,0,0,1.6,14.8
2025-04-11 21:01:40,0.2,0,0,0,0.3,0.6,0.0,0,1.0,0,0,0,1.5,14.8
2025-04-11 21:01:45,0.2,0,0,0,0.1,0.6,0.0,0,1.0,0,0,0,1.5,14.8
2025-04-11 21:01:50,0.2,0,0,0,0.2,0.5,0,0,1.1,0,0,0,1.3,14.8
2025-04-11 21:01:55,0.2,0,0,0,0.2,0.6,0.0,0,1.0,0,0,0,1.2,14.8
2025-04-11 21:02:00,0.2,0,0,0,0.2,0.6,0.0,0,1.0,0,0,0,1.1,14.8
2025-04-11 21:02:05,0.2,0,0,0,0.1,0.5,0.0,0,1.0,0,0,0,1.1,14.8
2025-04-11 21:02:10,0.2,0,0,0,0.2,0.5,0.0,0,1.0,0,0,0,1.0,14.8
2025-04-11 21:02:15,0.2,0,0,0,0.2,0.5,0.0,0,1.0,0,0,0,0.9,14.8
2025-04-11 21:02:20,0.2,0,0,0,0.1,0.4,0.1,0,1.0,0,0,0,0.9,14.8
2025-04-11 21:02:25,0.2,0,0,0,0.2,0.5,0.0,0,0.9,0,0,0,0.9,14.8
2025-04-11 21:02:30,0.2,0,0,0,0.2,0.4,0.0,0,1.0,0,0,0,1.0,14.8
2025-04-11 21:02:35,0.2,0,0,0,0.1,0.4,0.0,0,1.0,0,0,0,1.1,14.8
2025-04-11 21:02:40,0.2,0,0,0,0.2,0.3,0,0,1.0,0,0,0,1.0,14.8
2025-04-11 21:02:45,0.2,0,0,0,0.1,0.4,0.0,0,1.1,0,0,0,1.0,14.8
2025-04-11 21:02:50,0.2,0,0,0,0.1,0.4,0.0,0,1.0,0,0,0,1.0,14.8
2025-04-11 21:02:55,0.1,0,0,0,0.1,0.3,0.0,0,1.0,0,0,0,0.9,14.8
2025-04-11 21:03:00,0.2,0,0,0,0.1,0.4,0.0,0,0.9,0,0,0,0.9,14.8
2025-04-11 21:03:05,0.1,0,0,0,0.0,0.4,0.0,0,1.1,0,0,0,0.9,14.8
2025-04-11 21:03:10,0.1,0,0,0,0.0,0.3,0.0,0,1.0,0,0,0,1.0,14.8
2025-04-11 21:03:15,0.2,0,0,0,0.0,0.3,0.0,0,0.9,0,0,0,1.2,14.8
2025-04-11 21:03:20,0.1,0,0,0,0.0,0.4,0.0,0,1.0,0,0,0,1.7,14.8
2025-04-11 21:03:25,0.1,0,0,0,0.0,0.4,0.0,0,1.0,0,0,0,1.8,14.8
2025-04-11 21:03:30,0.1,0,0,0,0,0.4,0.0,0,1.0,0,0,0,1.6,14.8
2025-04-11 21:03:35,0.1,0,0,0,0.0,0.4,0.0,0,1.0,0,0,0,1.8,14.8
2025-04-11 21:03:40,0.1,0,0,0,0,0.3,0,0,0.9,0,0,0,2.2,14.8
2025-04-11 21:03:45,0.0,0,0,0,0.0,0.3,0,0,1.0,0,0,0,2.2,14.8
2025-04-11 21:03:50,0.1,0,0,0,0,0.4,0,0,1.0,0,0,0,2.2,14.8
2025-04-11 21:03:55,0.1,0,0,0,0.0,0.4,0,0,1.1,0,0,0,2.6,14.8
2025-04-11 21:04:00,0.1,0,0,0,0,0.4,0,0,1.0,0,0,0,2.4,14.8
2025-04-11 21:04:05,0.1,0,0,0,0,0.4,0,0,1.1,0,0,0,2.1,14.8
2025-04-11 21:04:10,0.1,0,0,0,0,0.3,0,0,1.0,0,0,0,2.0,14.8
2025-04-11 21:04:15,0.1,0,0,0,0,0.3,0,0,0.9,0,0,0,1.9,14.8
2025-04-11 21:04:20,0.1,0,0,0,0,0.3,0,0,0.9,0,0,0,1.8,14.8
2025-04-11 21:04:25,0.1,0,0,0,0,0.4,0,0,0.9,0,0,0,1.7,14.8
2025-04-11 21:04:30,0.2,0,0,0,0.0,0.4,0,0,0.9,0,0,0,1.6,14.8
2025-04-11 21:04:35,0.2,0,0,0,0,0.4,0,0,0.9,0,0,0,1.6,14.8
2025-04-11 21:04:40,0.1,0,0,0,0.0,0.3,0,0,0.9,0,0,0,1.4,14.8
2025-04-11 21:04:45,0.1,0,0,0,0,0.4,0,0,0.9,0,0,0,1.4,14.8
2025-04-11 21:04:50,0.1,0,0,0,0,0.5,0,0,0.9,0,0,0,1.2,14.8
2025-04-11 21:04:55,0.1,0,0,0,0,0.4,0,0,0.9,0,0,0,1.6,14.8
2025-04-11 21:05:00,0.1,0,0,0,0,0.3,0,0,0.9,0,0,0,1.9,14.8
2025-04-11 21:05:05,0.1,0,0,0,0,0.4,0,0,0.9,0,0,0,2.3,14.8
2025-04-11 21:05:10,0.1,0,0,0,0,0.3,0,0,0.9,0,0,0,2.5,14.8
2025-04-11 21:05:15,0.1,0,0,0,0,0.3,0,0,0.8,0,0,0,2.1,14.8
2025-04-11 21:05:20,0.1,0,0,0,0,0.2,0,0,0.8,0,0,0,2.0,14.8
2025-04-11 21:05:25,0.0,0,0,0,0,0.2,0,0,0.8,0,0,0,2.0,14.8
2025-04-11 21:05:30,0.0,0,0,0,0,0.3,0,0,0.8,0,0,0,2.3,14.8
2025-04-11 21:05:35,0.1,0,0,0,0,0.2,0,0,0.7,0,0,0,2.4,14.8
2025-04-11 21:05:40,0.1,0,0,0,0,0.2,0,0,0.7,0,0,0,2.3,14.8
2025-04-11 21:05:45,0.0,0,0,0,0,0.1,0,0,0.7,0,0,0,2.2,14.8
2025-04-11 21:05:50,0.1,0,0,0,0,0.2,0,0,0.7,0,0,0,2.2,14.8
2025-04-11 21:05:55,0.1,0,0,0,0,0.2,0,0,0.7,0,0,0,2.0,14.8
2025-04-11 21:06:00,0.1,0,0,0,0,0.2,0,0,0.7,0,0,0,2.1,14.8
2025-04-11 21:06:05,0.1,0,0,0,0,0.2,0,0,0.6,0,0,0,1.8,14.8
2025-04-11 21:06:10,0.0,0,0,0,0,0.2,0,0,0.8,0,0,0,1.5,14.8
2025-04-11 21:06:15,0.0,0,0,0,0,0.1,0,0,0.7,0,0,0,1.8,14.8
2025-04-11 21:06:20,0.1,0,0,0,0,0.2,0,0,0.7,0,0,0,2.0,14.8
2025-04-11 21:06:25,0.1,0,0,0,0,0.1,0,0,0.7,0,0,0,2.2,14.8
2025-04-11 21:06:30,0.1,0,0,0,0,0.1,0,0,0.8,0,0,0,2.1,14.8
2025-04-11 21:06:35,0.1,0,0,0,0,0.1,0,0,0.8,0,0,0,2.3,14.8
2025-04-11 21:06:40,0.1,0,0,0,0,0.1,0,0,0.8,0,0,0,2.5,14.8
2025-04-11 21:06:45,0.1,0,0,0,0,0.1,0,0,0.8,0,0,0,2.6,14.8
2025-04-11 21:06:50,0.0,0,0,0,0,0.1,0,0,0.7,0,0,0,2.6,14.8
2025-04-11 21:06:55,0.1,0,0,0,0,0.1,0,0,0.8,0,0,0,2.6,14.8
2025-04-11 21:07:00,0.0,0,0,0,0,0.0,0,0,0.7,0,0,0,2.5,14.8
2025-04-11 21:07:05,0.1,0,0,0,0.0,0.1,0,0,0.7,0,0,0,2.5,14.8
2025-04-11 21:07:10,0.1,0,0,0,0,0.1,0,0,0.7,0,0,0,2.1,14.8
2025-04-11 21:07:15,0.1,0,0,0,0,0.1,0,0,0.7,0,0,0,2.0,14.8
2025-04-11 21:07:20,0.1,0,0,0,0,0.0,0,0,0.6,0,0,0,2.2,14.8
2025-04-11 21:07:25,0.1,0,0,0,0,0.0,0,0,0.7,0,0,0,2.1,14.8
2025-04-11 21:07:30,0.1,0,0,0,0,0.1,0,0,0.6,0,0,0,2.1,14.8
2025-04-11 21:07:35,0.1,0,0,0,0,0.1,0,0,0.7,0,0,0,2.1,14.8
2025-04-11 21:07:40,0.1,0,0,0,0,0.1,0,0,0.7,0,0,0,2.0,14.8
2025-04-11 21:07:45,0.1,0,0,0,0,0.2,0,0,0.7,0,0,0,1.9,14.8
2025-04-11 21:07:50,0.0,0,0,0,0,0.0,0,0,0.7,0,0,0,1.9,14.8
2025-04-11 21:07:55,0.1,0,0,0,0,0.1,0,0,0.7,0,0,0,2.0,14.8
2025-04-11 21:08:00,0.0,0,0,0,0,0.1,0,0,0.7,0,0,0,2.0,14.8
2025-04-11 21:08:05,0.0,0,0,0,0,0.2,0,0,0.6,0,0,0,2.4,14.8
2025-04-11 21:08:10,0.0,0,0,0,0,0.2,0,0,0.7,0,0,0,3.0,14.8
2025-04-11 21:08:15,0.0,0,0,0,0,0.1,0,0,0.6,0,0,0,2.9,14.8
2025-04-11 21:08:20,0.0,0,0,0,0,0.2,0,0,0.6,0,0,0,3.0,14.8
2025-04-11 21:08:25,0.0,0,0,0,0,0.2,0,0,0.6,0,0,0,2.5,14.8
2025-04-11 21:08:30,0.1,0,0,0,0,0.2,0,0,0.6,0,0,0,2.7,14.8
2025-04-11 21:08:35,0.1,0,0,0,0,0.1,0,0,0.6,0,0,0,2.7,14.8
2025-04-11 21:08:40,0.1,0,0,0,0,0.1,0,0,0.6,0,0,0,2.7,14.8
2025-04-11 21:08:45,0.0,0,0,0,0,0.1,0,0,0.6,0,0,0,2.6,14.8
2025-04-11 21:08:50,0.0,0,0,0,0,0.1,0,0,0.6,0,0,0,2.8,14.8
2025-04-11 21:08:55,0.0,0,0,0,0,0.1,0,0,0.6,0,0,0,2.5,14.8
2025-04-11 21:09:00,0.0,0,0,0,0,0.1,0,0,0.6,0,0,0,2.8,14.8
2025-04-11 21:09:05,0.0,0,0,0,0,0.1,0,0,0.5,0,0,0,3.1,14.8
2025-04-11 21:09:10,0.0,0,0,0,0,0.1,0,0,0.6,0,0,0,3.2,14.8
2025-04-11 21:09:15,0.0,0,0,0,0,0.1,0,0,0.6,0,0,0,3.0,14.8
2025-04-11 21:09:20,0.0,0,0,0,0,0.1,0,0,0.6,0,0,0,3.0,14.8
2025-04-11 21:09:25,0.0,0,0,0,0,0.1,0,0,0.5,0,0,0,3.0,14.8
2025-04-11 21:09:30,0.0,0,0,0,0,0.2,0,0,0.6,0,0,0,3.3,14.8
2025-04-11 21:09:35,0.0,0,0,0,0,0.0,0,0,0.5,0,0,0,3.2,14.8
2025-04-11 21:09:40,0.0,0,0,0,0,0.1,0,0,0.5,0,0,0,2.8,14.8
2025-04-11 21:09:45,0.0,0,0,0,0,0.1,0,0,0.5,0,0,0,3.2,14.8
2025-04-11 21:09:50,0.0,0,0,0,0,0.0,0,0,0.6,0,0,0,3.4,14.8
2025-04-11 21:09:55,0.0,0,0,0,0,0.1,0,0,0.6,0,0,0,3.6,14.8
2025-04-11 21:10:00,0.0,0,0,0,0,0.1,0,0,0.6,0,0,0,3.1,14.8
2025-04-11 21:10:05,0,0,0,0,0,0.1,0,0,0.6,0,0,0,2.6,14.8
2025-04-11 21:10:10,0,0,0,0,0,0.0,0,0,0.5,0,0,0,2.4,14.8
2025-04-11 21:10:15,0.0,0,0,0,0,0.1,0,0,0.6,0,0,0,2.3,14.8
2025-04-11 21:10:20,0,0,0,0,0,0,0,0,0.6,0,0,0,2.3,14.8
2025-04-11 21:10:25,0.0,0,0,0,0,0.0,0,0,0.6,0,0,0,2.6,14.8
2025-04-11 21:10:30,0.0,0,0,0,0,0.0,0,0,0.5,0,0,0,3.0,14.8
2025-04-11 21:10:35,0,0,0,0,0,0.0,0,0,0.5,0,0,0,2.8,14.8
2025-04-11 21:10:40,0.0,0,0,0,0,0.0,0,0,0.5,0,0,0,2.7,14.8
2025-04-11 21:10:45,0.0,0,0,0,0,0.0,0,0,0.5,0,0,0,2.3,14.8
2025-04-11 21:10:50,0.0,0,0,0,0,0.0,0,0,0.5,0,0,0,2.0,14.8
2025-04-11 21:10:55,0,0,0,0,0,0.0,0,0,0.5,0,0,0,2.0,14.8
2025-04-11 21:11:00,0.0,0,0,0,0,0.0,0,0,0.4,0,0,0,1.9,14.7
2025-04-11 21:11:05,0,0,0,0,0,0.0,0,0,0.5,0,0,0,1.6,14.7
2025-04-11 21:11:10,0.0,0,0,0,0,0.1,0,0,0.5,0,0,0,1.7,14.7
2025-04-11 21:11:15,0.0,0,0,0,0,0.0,0,0,0.4,0,0,0,1.6,14.7
2025-04-11 21:11:20,0.0,0,0,0,0,0.0,0,0,0.5,0,0,0,1.8,14.7
2025-04-11 21:11:25,0,0,0,0,0,0.1,0,0,0.4,0,0,0,1.8,14.8
2025-04-11 21:11:30,0.0,0,0,0,0,0.1,0,0,0.5,0,0,0,1.8,14.7
2025-04-11 21:11:35,0.0,0,0,0,0,0.0,0,0,0.5,0,0,0,1.6,14.8
2025-04-11 21:11:40,0,0,0,0,0,0.0,0,0,0.4,0,0,0,1.8,14.7
2025-04-11 21:11:45,0.0,0,0,0,0,0.1,0,0,0.4,0,0,0,2.0,14.7
2025-04-11 21:11:50,0.0,0,0,0,0,0.1,0,0,0.4,0,0,0,2.3,14.8
2025-04-11 21:11:55,0,0,0,0,0,0.0,0,0,0.5,0,0,0,2.2,14.7
2025-04-11 21:12:00,0.0,0,0,0,0,0.0,0,0,0.4,0,0,0,2.1,14.7
2025-04-11 21:12:05,0.0,0,0,0,0,0.0,0,0,0.5,0,0,0,2.1,14.7
2025-04-11 21:12:10,0.0,0,0,0,0,0.0,0,0,0.5,0,0,0,2.1,14.7
2025-04-11 21:12:15,0.0,0,0,0,0,0.0,0,0,0.5,0,0,0,2.3,14.7
2025-04-11 21:12:20,0,0,0,0,0,0.0,0,0,0.4,0,0,0,2.2,14.8
2025-04-11 21:12:25,0.0,0,0,0,0,0.0,0,0,0.5,0,0,0,2.6,14.7
2025-04-11 21:12:30,0,0,0,0,0,0.0,0,0,0.5,0,0,0,2.6,14.7
2025-04-11 21:12:35,0.0,0,0,0,0,0.0,0,0,0.5,0,0,0,2.6,14.7
2025-04-11 21:12:40,0,0,0,0,0,0.1,0,0,0.4,0,0,0,2.5,14.7
2025-04-11 21:12:45,0,0,0,0,0,0.1,0,0,0.5,0,0,0,2.7,14.7
2025-04-11 21:12:50,0,0,0,0,0,0.1,0,0,0.4,0,0,0,2.6,14.7
2025-04-11 21:12:55,0.0,0,0,0,0,0.1,0,0,0.4,0,0,0,2.4,14.7
2025-04-11 21:13:00,0.0,0,0,0,0,0.1,0,0,0.5,0,0,0,2.2,14.7
2025-04-11 21:13:05,0,0,0,0,0,0.1,0,0,0.5,0,0,0,1.9,14.7
2025-04-11 21:13:10,0.0,0,0,0,0,0.0,0,0,0.5,0,0,0,2.0,14.7
2025-04-11 21:13:15,0,0,0,0,0,0.1,0,0,0.5,0,0,0,1.9,14.7
2025-04-11 21:13:20,0,0,0,0,0,0.1,0,0,0.5,0,0,0,1.7,14.7
2025-04-11 21:13:25,0,0,0,0,0,0.1,0,0,0.5,0,0,0,1.6,14.7
2025-04-11 21:13:30,0,0,0,0,0,0.1,0,0,0.5,0,0,0,1.7,14.7
2025-04-11 21:13:35,0,0,0,0,0,0.1,0,0,0.5,0,0,0,1.6,14.7
2025-04-11 21:13:40,0,0,0,0,0,0,0,0,0.5,0,0,0,1.8,14.7
2025-04-11 21:13:45,0,0,0,0,0,0.0,0,0,0.4,0,0,0,2.0,14.7
2025-04-11 21:13:50,0,0,0,0,0,0.0,0,0,0.4,0,0,0,2.0,14.7
2025-04-11 21:13:55,0,0,0,0,0,0.1,0,0,0.5,0,0,0,1.9,14.7
2025-04-11 21:14:00,0,0,0,0,0,0.0,0,0,0.4,0,0,0,1.8,14.7
2025-04-11 21:14:05,0,0,0,0,0,0.0,0,0,0.4,0,0,0,1.7,14.7
2025-04-11 21:14:10,0,0,0,0,0,0.1,0,0,0.5,0,0,0,1.6,14.7
2025-04-11 21:14:15,0,0,0,0,0,0.0,0,0,0.5,0,0,0,1.5,14.7
2025-04-11 21:14:20,0,0,0,0,0,0.0,0,0,0.5,0,0,0,1.6,14.7
2025-04-11 21:14:25,0,0,0,0,0,0.1,0,0,0.4,0,0,0,1.5,14.7
2025-04-11 21:14:30,0,0,0,0,0,0.1,0,0,0.5,0,0,0,1.5,14.7
2025-04-11 21:14:35,0,0,0,0,0,0.1,0,0,0.5,0,0,0,1.4,14.7
2025-04-11 21:14:40,0,0,0,0,0,0.1,0,0,0.4,0,0,0,1.4,14.7
2025-04-11 21:14:45,0,0,0,0,0,0.0,0,0,0.4,0,0,0,1.2,14.7
2025-04-11 21:14:50,0,0,0,0,0,0,0,0,0.5,0,0,0,1.2,14.7
2025-04-11 21:14:55,0,0,0,0,0,0,0,0,0.4,0,0,0,1.1,14.7
2025-04-11 21:15:00,0,0,0,0,0,0.0,0,0,0.4,0,0,0,0.9,14.7
2025-04-11 21:15:05,0,0,0,0,0,0.0,0,0,0.4,0,0,0,0.9,14.7
2025-04-11 21:15:10,0,0,0,0,0,0,0,0,0.4,0,0,0,0.8,14.7
2025-04-11 21:15:15,0,0,0,0,0,0,0,0,0.4,0,0,0,0.8,14.7
2025-04-11 21:15:20,0,0,0,0,0,0,0,0,0.4,0,0,0,0.8,14.7
2025-04-11 21:15:25,0,0,0,0,0,0,0,0,0.3,0,0,0,0.9,14.7
2025-04-11 21:15:30,0,0,0,0,0,0.0,0,0,0.3,0,0,0,1.0,14.7
2025-04-11 21:15:35,0,0,0,0,0,0.0,0,0,0.3,0,0,0,1.0,14.7
2025-04-11 21:15:40,0,0,0,0,0,0,0,0,0.2,0,0,0,1.0,14.7
2025-04-11 21:15:45,0,0,0,0,0,0.0,0,0,0.3,0,0,0,1.2,14.7
2025-04-11 21:15:50,0,0,0,0,0,0,0,0,0.3,0,0,0,1.3,14.7
2025-04-11 21:15:55,0,0,0,0,0,0,0,0,0.3,0,0,0,1.1,14.7
2025-04-11 21:16:00,0,0,0,0,0,0,0,0,0.3,0,0,0,0.9,14.7
2025-04-11 21:16:05,0,0,0,0,0,0,0,0,0.2,0,0,0,0.8,14.7
2025-04-11 21:16:10,0,0,0,0,0,0,0,0,0.2,0,0,0,0.7,14.7
2025-04-11 21:16:15,0,0,0,0,0,0,0,0,0.3,0,0,0,0.7,14.7
2025-04-11 21:16:20,0,0,0,0,0,0,0,0,0.3,0,0,0,0.8,14.7
2025-04-11 21:16:25,0,0,0,0,0,0,0,0,0.3,0,0,0,0.9,14.7
2025-04-11 21:16:30,0,0,0,0,0,0,0,0,0.3,0,0,0,0.9,14.7
2025-04-11 21:16:35,0,0,0,0,0,0,0,0,0.2,0,0,0,1.1,14.7
2025-04-11 21:16:40,0,0,0,0,0,0,0,0,0.3,0,0,0,1.1,14.7
2025-04-11 21:16:45,0,0,0,0,0,0,0,0,0.2,0,0,0,1.1,14.7
2025-04-11 21:16:50,0,0,0,0,0,0,0,0,0.2,0,0,0,1.3,14.7
2025-04-11 21:16:55,0,0,0,0,0,0,0,0,0.2,0,0,0,1.4,14.7
2025-04-11 21:17:00,0,0,0,0,0,0,0,0,0.2,0,0,0,1.4,14.7
2025-04-11 21:17:05,0,0,0,0,0,0.0,0,0,0.3,0,0,0,1.4,14.7
2025-04-11 21:17:10,0,0,0,0,0,0,0,0,0.3,0,0,0,1.2,14.7
2025-04-11 21:17:15,0,0,0,0,0,0,0,0,0.3,0,0,0,1.2,14.7
2025-04-11 21:17:20,0,0,0,0,0,0,0,0,0.3,0,0,0,1.2,14.7
2025-04-11 21:17:25,0,0,0,0,0,0,0,0,0.3,0,0,0,1.1,14.7
2025-04-11 21:17:30,0,0,0,0,0,0,0,0,0.3,0,0,0,1.1,14.7
2025-04-11 21:17:35,0,0,0,0,0,0,0,0,0.3,0,0,0,1.1,14.7
2025-04-11 21:17:40,0,0,0,0,0,0,0,0,0.3,0,0,0,1.0,14.7
2025-04-11 21:17:45,0,0,0,0,0,0,0,0,0.2,0,0,0,0.8,14.7
2025-04-11 21:17:50,0,0,0,0,0,0,0,0,0.3,0,0,0,0.8,14.7
2025-04-11 21:17:55,0,0,0,0,0,0,0,0,0.2,0,0,0,0.7,14.7
2025-04-11 21:18:00,0,0,0,0,0,0,0,0,0.2,0,0,0,1.3,14.7
2025-04-11 21:18:05,0,0,0,0,0,0,0,0,0.3,0,0,0,1.4,14.7
2025-04-11 21:18:10,0,0,0,0,0,0,0,0,0.2,0,0,0,1.8,14.7
2025-04-11 21:18:15,0,0,0,0,0,0,0,0,0.3,0,0,0,1.8,14.7
2025-04-11 21:18:20,0,0,0,0,0,0,0,0,0.1,0,0,0,1.5,14.7
2025-04-11 21:18:25,0,0,0,0,0,0,0,0,0.1,0,0,0,1.8,14.7
2025-04-11 21:18:30,0,0,0,0,0,0,0,0,0.2,0,0,0,1.7,14.7
2025-04-11 21:18:35,0,0,0,0,0,0,0,0,0.2,0,0,0,1.7,14.7
2025-04-11 21:18:40,0,0,0,0,0,0,0,0,0.1,0,0,0,1.7,14.7
2025-04-11 21:18:45,0,0,0,0,0,0,0,0,0.1,0,0,0,1.5,14.7
2025-04-11 21:18:50,0,0,0,0,0,0,0,0,0.2,0,0,0,1.5,14.7
2025-04-11 21:18:55,0,0,0,0,0,0,0,0,0.1,0,0,0,1.5,14.7
2025-04-11 21:19:00,0,0,0,0,0,0,0,0,0.1,0,0,0,1.4,14.7
2025-04-11 21:19:05,0,0,0,0,0,0,0,0,0.2,0,0,0,1.7,14.7
2025-04-11 21:19:10,0,0,0,0,0,0,0,0,0.0,0,0,0,1.6,14.7
2025-04-11 21:19:15,0,0,0,0,0,0,0,0,0.1,0,0,0,1.9,14.7
2025-04-11 21:19:20,0,0,0,0,0,0,0,0,0.0,0,0,0,1.9,14.7
2025-04-11 21:19:25,0,0,0,0,0,0,0,0,0.0,0,0,0,1.6,14.7
2025-04-11 21:19:30,0,0,0,0,0,0,0,0,0,0,0,0,1.5,14.7
2025-04-11 21:19:35,0,0,0,0,0,0,0,0,0.0,0,0,0,1.2,14.7
2025-04-11 21:19:40,0,0,0,0,0,0,0,0,0.0,0,0,0,1.2,14.7
2025-04-11 21:19:45,0,0,0,0,0,0,0,0,0.0,0,0,0,1.2,14.7
2025-04-11 21:19:50,0,0,0,0,0,0,0,0,0.0,0,0,0,1.1,14.7
2025-04-11 21:19:55,0,0,0,0,0,0,0,0,0.0,0,0,0,1.2,14.7
2025-04-11 21:20:00,0,0,0,0,0,0,0,0,0,0,0,0,1.3,14.7
2025-04-11 21:20:05,0,0,0,0,0,0,0,0,0.0,0,0,0,2.0,14.7
2025-04-11 21:20:10,0,0,0,0,0,0,0,0,0.0,0,0,0,2.0,14.7
2025-04-11 21:20:15,0,0,0,0,0,0,0,0,0,0,0,0,1.9,14.7
2025-04-11 21:20:20,0,0,0,0,0,0,0,0,0,0,0,0,1.7,14.7
2025-04-11 21:20:25,0,0,0,0,0,0,0,0,0,0,0,0,1.7,14.7
2025-04-11 21:20:30,0,0,0,0,0,0,0,0,0,0,0,0,1.6,14.7
2025-04-11 21:20:35,0,0,0,0,0,0,0,0,0,0,0,0,1.6,14.7
2025-04-11 21:20:40,0,0,0,0,0,0,0,0,0,0,0,0,1.6,14.7
2025-04-11 21:20:45,0,0,0,0,0,0,0,0,0,0,0,0,1.5,14.7
2025-04-11 21:20:50,0,0,0,0,0,0,0,0,0,0,0,0,1.6,14.7
2025-04-11 21:20:55,0,0,0,0,0,0,0,0,0,0,0,0,1.6,14.7
2025-04-11 21:21:00,0,0,0,0,0,0,0,0,0,0,0,0,1.5,14.6
2025-04-11 21:21:05,0,0,0,0,0,0,0,0,0,0,0,0,1.8,14.7
2025-04-11 21:21:10,0,0,0,0,0,0,0,0,0,0,0,0,1.9,14.7
2025-04-11 21:21:15,0,0,0,0,0,0,0,0,0,0,0,0,2.0,14.7
2025-04-11 21:21:20,0,0,0,0,0,0,0,0,0,0,0,0,1.9,14.7
2025-04-11 21:21:25,0,0,0,0,0,0,0,0,0,0,0,0,1.8,14.6
2025-04-11 21:21:30,0,0,0,0,0,0,0,0,0,0,0,0,1.7,14.7
2025-04-11 21:21:35,0,0,0,0,0,0,0,0,0,0,0,0,1.6,14.7
2025-04-11 21:21:40,0,0,0,0,0,0,0,0,0,0,0,0,1.8,14.7
2025-04-11 21:21:45,0,0,0,0,0,0,0,0,0,0,0,0,1.6,14.7
2025-04-11 21:21:50,0,0,0,0,0,0,0,0,0,0,0,0,1.6,14.7
2025-04-11 21:21:55,0,0,0,0,0,0,0,0,0,0,0,0,1.5,14.7
2025-04-11 21:22:00,0,0,0,0,0,0,0,0,0,0,0,0,1.7,14.7
2025-04-11 21:22:05,0,0,0,0,0,0,0,0,0,0,0,0,1.6,14.6
2025-04-11 21:22:10,0,0,0,0,0,0,0,0,0,0,0,0,1.6,14.6
2025-04-11 21:22:15,0,0,0,0,0,0,0,0,0,0,0,0,1.6,14.6
2025-04-11 21:22:20,0,0,0,0,0,0,0,0,0,0,0,0,1.6,14.6
2025-04-11 21:22:25,0,0,0,0,0,0,0,0,0,0,0,0,1.8,14.6
2025-04-11 21:22:30,0,0,0,0,0,0,0,0,0,0,0,0,1.9,14.7
2025-04-11 21:22:35,0,0,0,0,0,0,0,0,0,0,0,0,1.7,14.6
2025-04-11 21:22:40,0,0,0,0,0,0,0,0,0,0,0,0,1.6,14.6
2025-04-11 21:22:45,0,0,0,0,0,0,0,0,0,0,0,0,1.9,14.6
2025-04-11 21:22:50,0,0,0,0,0,0,0,0,0,0,0,0,2.1,14.7
2025-04-11 21:22:55,0,0,0,0,0,0,0,0,0,0,0,0,2.2,14.7
2025-04-11 21:23:00,0,0,0,0,0,0,0,0,0,0,0,0,2.0,14.7
2025-04-11 21:23:05,0,0,0,0,0,0,0,0,0,0,0,0,2.1,14.6
2025-04-11 21:23:10,0,0,0,0,0,0,0,0,0,0,0,0,2.2,14.6
2025-04-11 21:23:15,0,0,0,0,0,0,0,0,0,0,0,0,2.3,14.6
2025-04-11 21:23:20,0,0,0,0,0,0,0,0,0,0,0,0,2.3,14.6
2025-04-11 21:23:25,0,0,0,0,0,0,0,0,0,0,0,0,2.4,14.6
2025-04-11 21:23:30,0,0,0,0,0,0,0,0,0,0,0,0,2.1,14.6
2025-04-11 21:23:35,0,0,0,0,0,0,0,0,0,0,0,0,1.9,14.7
2025-04-11 21:23:40,0,0,0,0,0,0,0,0,0,0,0,0,1.8,14.6
2025-04-11 21:23:45,0,0,0,0,0,0,0,0,0,0,0,0,1.9,14.6
2025-04-11 21:23:50,0,0,0,0,0,0,0,0,0,0,0,0,1.8,14.6
2025-04-11 21:23:55,0,0,0,0,0,0,0,0,0,0,0,0,1.7,14.6
2025-04-11 21:24:00,0,0,0,0,0,0,0,0,0,0,0,0,2.0,14.6
2025-04-11 21:24:05,0,0,0,0,0,0,0,0,0,0,0,0,1.8,14.6
2025-04-11 21:24:10,0,0,0,0,0,0,0,0,0,0,0,0,1.5,14.6
2025-04-11 21:24:15,0,0,0,0,0,0,0,0,0,0,0,0,1.3,14.6
2025-04-11 21:24:20,0,0,0,0,0,0,0,0,0,0,0,0,1.2,14.6
2025-04-11 21:24:25,0,0,0,0,0,0,0,0,0,0,0,0,1.2,14.6
2025-04-11 21:24:30,0,0,0,0,0,0,0,0,0,0,0,0,1.2,14.6
2025-04-11 21:24:35,0,0,0,0,0,0,0,0,0,0,0,0,1.0,14.6
2025-04-11 21:24:40,0,0,0,0,0,0,0,0,0,0,0,0,0.9,14.6
2025-04-11 21:24:45,0,0,0,0,0,0,0,0,0,0,0,0,0.9,14.6
2025-04-11 21:24:50,0,0,0,0,0,0,0,0,0,0,0,0,1.0,14.6
2025-04-11 21:24:55,0,0,0,0,0,0,0,0,0,0,0,0,1.2,14.6
2025-04-11 21:25:00,0,0,0,0,0,0,0,0,0,0,0,0,1.3,14.6
2025-04-11 21:25:05,0,0,0,0,0,0,0,0,0,0,0,0,1.2,14.6
2025-04-11 21:25:10,0,0,0,0,0,0,0,0,0,0,0,0,1.1,14.6
2025-04-11 21:25:15,0,0,0,0,0,0,0,0,0,0,0,0,1.1,14.6
2025-04-11 21:25:20,0,0,0,0,0,0,0,0,0,0,0,0,1.0,14.6
2025-04-11 21:25:25,0,0,0,0,0,0,0,0,0,0,0,0,1.1,14.6
2025-04-11 21:25:30,0,0,0,0,0,0,0,0,0,0,0,0,1.1,14.6
2025-04-11 21:25:35,0,0,0,0,0,0,0,0,0,0,0,0,1.1,14.6
2025-04-11 21:25:40,0,0,0,0,0,0,0,0,0,0,0,0,0.9,14.6
2025-04-11 21:25:45,0,0,0,0,0,0,0,0,0,0,0,0,1.0,14.6
2025-04-11 21:25:50,0,0,0,0,0,0,0,0,0,0,0,0,1.1,14.6
2025-04-11 21:25:55,0,0,0,0,0,0,0,0,0,0,0,0,1.1,14.6
2025-04-11 21:26:00,0,0,0,0,0,0,0,0,0,0,0,0,1.2,14.6
2025-04-11 21:26:05,0,0,0,0,0,0,0,0,0,0,0,0,1.4,14.6
2025-04-11 21:26:10,0,0,0,0,0,0,0,0,0,0,0,0,1.3,14.6
2025-04-11 21:26:15,0,0,0,0,0,0,0,0,0,0,0,0,1.1,14.6
2025-04-11 21:26:20,0,0,0,0,0,0,0,0,0,0,0,0,1.0,14.6
2025-04-11 21:26:25,0,0,0,0,0,0,0,0,0,0,0,0,1.1,14.6
2025-04-11 21:26:30,0,0,0,0,0,0,0,0,0,0,0,0,1.1,14.6
2025-04-11 21:26:35,0,0,0,0,0,0,0,0,0,0,0,0,1.0,14.6
2025-04-11 21:26:40,0,0,0,0,0,0,0,0,0,0,0,0,1.0,14.6
2025-04-11 21:26:45,0,0,0,0,0,0,0,0,0,0,0,0,1.0,14.6
2025-04-11 21:26:50,0,0,0,0,0,0,0,0,0,0,0,0,1.1,14.6
2025-04-11 21:26:55,0,0,0,0,0,0,0,0,0,0,0,0,1.3,14.6
2025-04-11 21:27:00,0,0,0,0,0,0,0,0,0,0,0,0,1.2,14.5
2025-04-11 21:27:05,0,0,0,0,0,0,0,0,0,0,0,0,1.2,14.5
2025-04-11 21:27:10,0,0,0,0,0,0,0,0,0,0,0,0,1.2,14.5
2025-04-11 21:27:15,0,0,0,0,0,0,0,0,0,0,0,0,1.0,14.5
2025-04-11 21:27:20,0,0,0,0,0,0,0,0,0,0,0,0,1.1,14.5
2025-04-11 21:27:25,0,0,0,0,0,0,0,0,0,0,0,0,1.2,14.5
2025-04-11 21:27:30,0,0,0,0,0,0,0,0,0,0,0,0,1.3,14.5
2025-04-11 21:27:35,0,0,0,0,0,0,0,0,0,0,0,0,1.3,14.5
2025-04-11 21:27:40,0,0,0,0,0,0,0,0,0,0,0,0,1.2,14.5
2025-04-11 21:27:45,0,0,0,0,0,0,0,0,0,0,0,0,1.2,14.5
2025-04-11 21:27:50,0,0,0,0,0,0,0,0,0,0,0,0,1.0,14.5
2025-04-11 21:27:55,0,0,0,0,0,0,0,0,0,0,0,0,1.0,14.5
2025-04-11 21:28:00,0,0,0,0,0,0,0,0,0,0,0,0,0.9,14.5
2025-04-11 21:28:05,0,0,0,0,0,0,0,0,0,0,0,0,0.9,14.5
2025-04-11 21:28:10,0,0,0,0,0,0,0,0,0,0,0,0,1.2,14.5
2025-04-11 21:28:15,0,0,0,0,0,0,0,0,0,0,0,0,1.2,14.5
2025-04-11 21:28:20,0,0,0,0,0,0,0,0,0,0,0,0,1.1,14.5
2025-04-11 21:28:25,0,0,0,0,0,0,0,0,0,0,0,0,1.1,14.5
2025-04-11 21:28:30,0,0,0,0,0,0,0,0,0,0,0,0,0.9,14.5
2025-04-11 21:28:35,0,0,0,0,0,0,0,0,0,0,0,0,0.9,14.5
2025-04-11 21:28:40,0,0,0,0,0,0,0,0,0,0,0,0,0.8,14.5
2025-04-11 21:28:45,0,0,0,0,0,0,0,0,0,0,0,0,0.7,14.5
2025-04-11 21:28:50,0,0,0,0,0,0,0,0,0,0,0,0,0.7,14.5
2025-04-11 21:28:55,0,0,0,0,0,0,0,0,0,0,0,0,0.9,14.5
2025-04-11 21:29:00,0,0,0,0,0,0,0,0,0,0,0,0,1.0,14.5
2025-04-11 21:29:05,0,0,0,0,0,0,0,0,0,0,0,0,1.0,14.5
2025-04-11 21:29:10,0,0,0,0,0,0,0,0,0,0,0,0,0.9,14.5
2025-04-11 21:29:15,0,0,0,0,0,0,0,0,0,0,0,0,0.9,14.5
2025-04-11 21:29:20,0,0,0,0,0,0,0,0,0,0,0,0,1.0,14.5
2025-04-11 21:29:25,0,0,0,0,0,0,0,0,0,0,0,0,0.9,14.5
2025-04-11 21:29:30,0,0,0,0,0,0,0,0,0,0,0,0,0.9,14.5
2025-04-11 21:29:35,0,0,0,0,0,0,0,0,0,0,0,0,1.0,14.5
2025-04-11 21:29:40,0,0,0,0,0,0,0,0,0,0,0,0,1.2,14.4
2025-04-11 21:29:45,0,0,0,0,0,0,0,0,0,0,0,0,1.5,14.5
2025-04-11 21:29:50,0,0,0,0,0,0,0,0,0,0,0,0,1.7,14.5
2025-04-11 21:29:55,0,0,0,0,0,0,0,0,0,0,0,0,1.6,14.5
2025-04-11 21:30:00,0,0,0,0,0,0,0,0,0,0,0,0,1.5,14.5
2025-04-11 21:30:05,0,0,0,0,0,0,0,0,0,0,0,0,1.4,14.4
2025-04-11 21:30:10,0,0,0,0,0,0,0,0,0,0,0,0,1.6,14.4
2025-04-11 21:30:15,0,0,0,0,0,0,0,0,0,0,0,0,1.7,14.4
2025-04-11 21:30:20,0,0,0,0,0,0,0,0,0,0,0,0,1.8,14.4
2025-04-11 21:30:25,0,0,0,0,0,0,0,0,0,0,0,0,2.0,14.4
2025-04-11 21:30:30,0,0,0,0,0,0,0,0,0,0,0,0,2.1,14.4
2025-04-11 21:30:35,0,0,0,0,0,0,0,0,0,0,0,0,2.3,14.4
2025-04-11 21:30:40,0,0,0,0,0,0,0,0,0,0,0,0,2.1,14.4
2025-04-11 21:30:45,0,0,0,0,0,0,0,0,0,0,0,0,2.2,14.4
2025-04-11 21:30:50,0,0,0,0,0,0,0,0,0,0,0,0,2.4,14.4
2025-04-11 21:30:55,0,0,0,0,0,0,0,0,0,0,0,0,2.5,14.4
2025-04-11 21:31:00,0,0,0,0,0,0,0,0,0,0,0,0,2.5,14.4
2025-04-11 21:31:05,0,0,0,0,0,0,0,0,0,0,0,0,2.4,14.4
2025-04-11 21:31:10,0,0,0,0,0,0,0,0,0,0,0,0,2.4,14.4
2025-04-11 21:31:15,0,0,0,0,0,0,0,0,0,0,0,0,2.2,14.4
2025-04-11 21:31:20,0,0,0,0,0,0,0,0,0,0,0,0,2.1,14.4
2025-04-11 21:31:25,0,0,0,0,0,0,0,0,0,0,0,0,1.9,14.4
2025-04-11 21:31:30,0,0,0,0,0,0,0,0,0,0,0,0,2.1,14.4
2025-04-11 21:31:35,0,0,0,0,0,0,0,0,0,0,0,0,1.9,14.4
2025-04-11 21:31:40,0,0,0,0,0,0,0,0,0,0,0,0,1.9,14.4
2025-04-11 21:31:45,0,0,0,0,0,0,0,0,0,0,0,0,2.0,14.4
2025-04-11 21:31:50,0,0,0,0,0,0,0,0,0,0,0,0,1.9,14.4
2025-04-11 21:31:55,0,0,0,0,0,0,0,0,0,0,0,0,1.8,14.4
2025-04-11 21:32:00,0,0,0,0,0,0,0,0,0,0,0,0,1.9,14.4
2025-04-11 21:32:05,0,0,0,0,0,0,0,0,0,0,0,0,1.9,14.4
2025-04-11 21:32:10,0,0,0,0,0,0,0,0,0,0,0,0,1.9,14.4
2025-04-11 21:32:15,0,0,0,0,0,0,0,0,0,0,0,0,2.2,14.4
2025-04-11 21:32:20,0,0,0,0,0,0,0,0,0,0,0,0,2.1,14.4
2025-04-11 21:32:25,0,0,0,0,0,0,0,0,0,0,0,0,2.0,14.4
2025-04-11 21:32:30,0,0,0,0,0,0,0,0,0,0,0,0,1.7,14.4
2025-04-11 21:32:35,0,0,0,0,0,0,0,0,0,0,0,0,1.6,14.4
2025-04-11 21:32:40,0,0,0,0,0,0,0,0,0,0,0,0,1.4,14.4
2025-04-11 21:32:45,0,0,0,0,0,0,0,0,0,0,0,0,1.2,14.4
2025-04-11 21:32:50,0,0,0,0,0,0,0,0,0,0,0,0,1.3,14.4
2025-04-11 21:32:55,0,0,0,0,0,0,0,0,0,0,0,0,1.4,14.4
2025-04-11 21:33:00,0,0,0,0,0,0,0,0,0,0,0,0,1.5,14.4
2025-04-11 21:33:05,0,0,0,0,0,0,0,0,0,0,0,0,1.3,14.3
2025-04-11 21:33:10,0,0,0,0,0,0,0,0,0,0,0,0,1.2,14.4
2025-04-11 21:33:15,0,0,0,0,0,0,0,0,0,0,0,0,1.4,14.4
2025-04-11 21:33:20,0,0,0,0,0,0,0,0,0,0,0,0,1.4,14.4
2025-04-11 21:33:25,0,0,0,0,0,0,0,0,0,0,0,0,1.5,14.4
2025-04-11 21:33:30,0,0,0,0,0,0,0,0,0,0,0,0,1.6,14.4
2025-04-11 21:33:35,0,0,0,0,0,0,0,0,0,0,0,0,1.7,14.4
2025-04-11 21:33:40,0,0,0,0,0,0,0,0,0,0,0,0,1.6,14.4
2025-04-11 21:33:45,0,0,0,0,0,0,0,0,0,0,0,0,1.6,14.4
2025-04-11 21:33:50,0,0,0,0,0,0,0,0,0,0,0,0,1.6,14.4
2025-04-11 21:33:55,0,0,0,0,0,0,0,0,0,0,0,0,1.5,14.3
2025-04-11 21:34:00,0,0,0,0,0,0,0,0,0,0,0,0,1.5,14.4
2025-04-11 21:34:05,0,0,0,0,0,0,0,0,0,0,0,0,1.7,14.4
2025-04-11 21:34:10,0,0,0,0,0,0,0,0,0,0,0,0,1.7,14.4
2025-04-11 21:34:15,0,0,0,0,0,0,0,0,0,0,0,0,1.6,14.4
2025-04-11 21:34:20,0,0,0,0,0,0,0,0,0,0,0,0,1.4,14.4
2025-04-11 21:34:25,0,0,0,0,0,0,0,0,0,0,0,0,1.2,14.4
2025-04-11 21:34:30,0,0,0,0,0,0,0,0,0,0,0,0,1.2,14.4
2025-04-11 21:34:35,0,0,0,0,0,0,0,0,0,0,0,0,1.2,14.3
2025-04-11 21:34:40,0,0,0,0,0,0,0,0,0,0,0,0,1.6,14.3
2025-04-11 21:34:45,0,0,0,0,0,0,0,0,0,0,0,0,1.9,14.4
2025-04-11 21:34:50,0,0,0,0,0,0,0,0,0,0,0,0,1.8,14.4
2025-04-11 21:34:55,0,0,0,0,0,0,0,0,0,0,0,0,1.6,14.3
2025-04-11 21:35:00,0,0,0,0,0,0,0,0,0,0,0,0,1.9,14.3
2025-04-11 21:35:05,0,0,0,0,0,0,0,0,0,0,0,0,1.8,14.4
2025-04-11 21:35:10,0,0,0,0,0,0,0,0,0,0,0,0,1.9,14.3
2025-04-11 21:35:15,0,0,0,0,0,0,0,0,0,0,0,0,2.0,14.3
2025-04-11 21:35:20,0,0,0,0,0,0,0,0,0,0,0,0,1.9,14.3
2025-04-11 21:35:25,0,0,0,0,0,0,0,0,0,0,0,0,2.0,14.3
2025-04-11 21:35:30,0,0,0,0,0,0,0,0,0,0,0,0,2.0,14.3
2025-04-11 21:35:35,0,0,0,0,0,0,0,0,0,0,0,0,1.9,14.3
2025-04-11 21:35:40,0,0,0,0,0,0,0,0,0,0,0,0,1.8,14.3
2025-04-11 21:35:45,0,0,0,0,0,0,0,0,0,0,0,0,1.8,14.3
2025-04-11 21:35:50,0,0,0,0,0,0,0,0,0,0,0,0,1.8,14.3
2025-04-11 21:35:55,0,0,0,0,0,0,0,0,0,0,0,0,1.8,14.3
2025-04-11 21:36:00,0,0,0,0,0,0,0,0,0,0,0,0,1.9,14.3
2025-04-11 21:36:05,0,0,0,0,0,0,0,0,0,0,0,0,1.9,14.3
2025-04-11 21:36:10,0,0,0,0,0,0,0,0,0,0,0,0,1.9,14.3
2025-04-11 21:36:15,0,0,0,0,0,0,0,0,0,0,0,0,1.7,14.3
2025-04-11 21:36:20,0,0,0,0,0,0,0,0,0,0,0,0,2.0,14.3
2025-04-11 21:36:25,0,0,0,0,0,0,0,0,0,0,0,0,2.0,14.3
2025-04-11 21:36:30,0,0,0,0,0,0,0,0,0,0,0,0,2.1,14.3
2025-04-11 21:36:35,0,0,0,0,0,0,0,0,0,0,0,0,2.2,14.3
2025-04-11 21:36:40,0,0,0,0,0,0,0,0,0,0,0,0,1.9,14.3
2025-04-11 21:36:45,0,0,0,0,0,0,0,0,0,0,0,0,2.0,14.3
2025-04-11 21:36:50,0,0,0,0,0,0,0,0,0,0,0,0,2.1,14.3
2025-04-11 21:36:55,0,0,0,0,0,0,0,0,0,0,0,0,2.3,14.3
2025-04-11 21:37:00,0,0,0,0,0,0,0,0,0,0,0,0,2.2,14.3
2025-04-11 21:37:05,0,0,0,0,0,0,0,0,0,0,0,0,2.5,14.3
2025-04-11 21:37:10,0,0,0,0,0,0,0,0,0,0,0,0,2.3,14.3
2025-04-11 21:37:15,0,0,0,0,0,0,0,0,0,0,0,0,1.9,14.3
2025-04-11 21:37:20,0,0,0,0,0,0,0,0,0,0,0,0,1.6,14.3
2025-04-11 21:37:25,0,0,0,0,0,0,0,0,0,0,0,0,1.6,14.3
2025-04-11 21:37:30,0,0,0,0,0,0,0,0,0,0,0,0,2.1,14.3
2025-04-11 21:37:35,0,0,0,0,0,0,0,0,0,0,0,0,2.6,14.3
2025-04-11 21:37:40,0,0,0,0,0,0,0,0,0,0,0,0,2.8,14.3
2025-04-11 21:37:45,0,0,0,0,0,0,0,0,0,0,0,0,2.3,14.3
2025-04-11 21:37:50,0,0,0,0,0,0,0,0,0,0,0,0,2.0,14.3
2025-04-11 21:37:55,0,0,0,0,0,0,0,0,0,0,0,0,1.8,14.3
2025-04-11 21:38:00,0,0,0,0,0,0,0,0,0,0,0,0,1.8,14.3
2025-04-11 21:38:05,0,0,0,0,0,0,0,0,0,0,0,0,1.8,14.3
2025-04-11 21:38:10,0,0,0,0,0,0,0,0,0,0,0,0,2.0,14.3
2025-04-11 21:38:15,0,0,0,0,0,0,0,0,0,0,0,0,2.4,14.3
2025-04-11 21:38:20,0,0,0,0,0,0,0,0,0,0,0,0,2.4,14.3
2025-04-11 21:38:25,0,0,0,0,0,0,0,0,0,0,0,0,2.4,14.3
2025-04-11 21:38:30,0,0,0,0,0,0,0,0,0,0,0,0,2.5,14.3
2025-04-11 21:38:35,0,0,0,0,0,0,0,0,0,0,0,0,2.3,14.3
2025-04-11 21:38:40,0,0,0,0,0,0,0,0,0,0,0,0,2.2,14.3
2025-04-11 21:38:45,0,0,0,0,0,0,0,0,0,0,0,0,2.1,14.3
2025-04-11 21:38:50,0,0,0,0,0,0,0,0,0,0,0,0,2.0,14.3
2025-04-11 21:38:55,0,0,0,0,0,0,0,0,0,0,0,0,2.1,14.3
2025-04-11 21:39:00,0,0,0,0,0,0,0,0,0,0,0,0,2.4,14.3
2025-04-11 21:39:05,0,0,0,0,0,0,0,0,0,0,0,0,2.2,14.3
2025-04-11 21:39:10,0,0,0,0,0,0,0,0,0,0,0,0,1.9,14.3
2025-04-11 21:39:15,0,0,0,0,0,0,0,0,0,0,0,0,1.8,14.3
2025-04-11 21:39:20,0,0,0,0,0,0,0,0,0,0,0,0,2.0,14.3
2025-04-11 21:39:25,0,0,0,0,0,0,0,0,0,0,0,0,2.2,14.3
2025-04-11 21:39:30,0,0,0,0,0,0,0,0,0,0,0,0,2.2,14.3
2025-04-11 21:39:35,0,0,0,0,0,0,0,0,0,0,0,0,2.1,14.3
2025-04-11 21:39:40,0,0,0,0,0,0,0,0,0,0,0,0,1.8,14.3
2025-04-11 21:39:45,0,0,0,0,0,0,0,0,0,0,0,0,1.8,14.3
2025-04-11 21:39:50,0,0,0,0,0,0,0,0,0,0,0,0,1.6,14.3
2025-04-11 21:39:55,0,0,0,0,0,0,0,0,0,0,0,0,1.6,14.3
2025-04-11 21:40:00,0,0,0,0,0,0,0,0,0,0,0,0,1.4,14.3
2025-04-11 21:40:05,0,0,0,0,0,0,0,0,0,0,0,0,1.2,14.3
2025-04-11 21:40:10,0,0,0,0,0,0,0,0,0,0,0,0,1.1,14.3
2025-04-11 21:40:15,0,0,0,0,0,0,0,0,0,0,0,0,1.0,14.3
2025-04-11 21:40:20,0,0,0,0,0,0,0,0,0,0,0,0,1.2,14.3
2025-04-11 21:40:25,0,0,0,0,0,0,0,0,0,0,0,0,1.7,14.3
2025-04-11 21:40:30,0,0,0,0,0,0,0,0,0,0,0,0,1.9,14.2
2025-04-11 21:40:35,0,0,0,0,0,0,0,0,0,0,0,0,2.1,14.3
2025-04-11 21:40:40,0,0,0,0,0,0,0,0,0,0,0,0,2.3,14.3
2025-04-11 21:40:45,0,0,0,0,0,0,0,0,0,0,0,0,2.2,14.3
2025-04-11 21:40:50,0,0,0,0,0,0,0,0,0,0,0,0,2.3,14.2
2025-04-11 21:40:55,0,0,0,0,0,0,0,0,0,0,0,0,2.3,14.2
2025-04-11 21:41:00,0,0,0,0,0,0,0,0,0,0,0,0,2.6,14.2
2025-04-11 21:41:05,0,0,0,0,0,0,0,0,0,0,0,0,2.8,14.2
2025-04-11 21:41:10,0,0,0,0,0,0,0,0,0,0,0,0,2.5,14.2
2025-04-11 21:41:15,0,0,0,0,0,0,0,0,0,0,0,0,2.4,14.2
2025-04-11 21:41:20,0,0,0,0,0,0,0,0,0,0,0,0,2.1,14.2
2025-04-11 21:41:25,0,0,0,0,0,0,0,0,0,0,0,0,1.9,14.3
2025-04-11 21:41:30,0,0,0,0,0,0,0,0,0,0,0,0,1.8,14.3
2025-04-11 21:41:35,0,0,0,0,0,0,0,0,0,0,0,0,1.8,14.2
2025-04-11 21:41:40,0,0,0,0,0,0,0,0,0,0,0,0,1.6,14.2
2025-04-11 21:41:45,0,0,0,0,0,0,0,0,0,0,0,0,1.4,14.2
2025-04-11 21:41:50,0,0,0,0,0,0,0,0,0,0,0,0,1.3,14.2
2025-04-11 21:41:55,0,0,0,0,0,0,0,0,0,0,0,0,1.2,14.2
2025-04-11 21:42:00,0,0,0,0,0,0,0,0,0,0,0,0,1.4,14.2
2025-04-11 21:42:05,0,0,0,0,0,0,0,0,0,0,0,0,1.6,14.2
2025-04-11 21:42:10,0,0,0,0,0,0,0,0,0,0,0,0,1.8,14.2
2025-04-11 21:42:15,0,0,0,0,0,0,0,0,0,0,0,0,1.9,14.2
2025-04-11 21:42:20,0,0,0,0,0,0,0,0,0,0,0,0,1.8,14.2
2025-04-11 21:42:25,0,0,0,0,0,0,0,0,0,0,0,0,1.8,14.2
2025-04-11 21:42:30,0,0,0,0,0,0,0,0,0,0,0,0,1.8,14.2
2025-04-11 21:42:35,0,0,0,0,0,0,0,0,0,0,0,0,1.7,14.2
2025-04-11 21:42:40,0,0,0,0,0,0,0,0,0,0,0,0,1.7,14.2
2025-04-11 21:42:45,0,0,0,0,0,0,0,0,0,0,0,0,1.7,14.2
2025-04-11 21:42:50,0,0,0,0,0,0,0,0,0,0,0,0,1.6,14.2
2025-04-11 21:42:55,0,0,0,0,0,0,0,0,0,0,0,0,1.5,14.2
2025-04-11 21:43:00,0,0,0,0,0,0,0,0,0,0,0,0,1.4,14.2
2025-04-11 21:43:05,0,0,0,0,0,0,0,0,0,0,0,0,1.4,14.2
2025-04-11 21:43:10,0,0,0,0,0,0,0,0,0,0,0,0,1.4,14.2
2025-04-11 21:43:15,0,0,0,0,0,0,0,0,0,0,0,0,1.2,14.2
2025-04-11 21:43:20,0,0,0,0,0,0,0,0,0,0,0,0,1.3,14.2
2025-04-11 21:43:25,0,0,0,0,0,0,0,0,0,0,0,0,1.5,14.2
2025-04-11 21:43:30,0,0,0,0,0,0,0,0,0,0,0,0,1.6,14.2
2025-04-11 21:43:35,0,0,0,0,0,0,0,0,0,0,0,0,1.7,14.2
2025-04-11 21:43:40,0,0,0,0,0,0,0,0,0,0,0,0,1.6,14.2
2025-04-11 21:43:45,0,0,0,0,0,0,0,0,0,0,0,0,1.5,14.2
2025-04-11 21:43:50,0,0,0,0,0,0,0,0,0,0,0,0,1.6,14.2
2025-04-11 21:43:55,0,0,0,0,0,0,0,0,0,0,0,0,1.6,14.2
2025-04-11 21:44:00,0,0,0,0,0,0,0,0,0,0,0,0,1.5,14.2
2025-04-11 21:44:05,0,0,0,0,0,0,0,0,0,0,0,0,1.4,14.2
2025-04-11 21:44:10,0,0,0,0,0,0,0,0,0,0,0,0,1.4,14.2
2025-04-11 21:44:15,0,0,0,0,0,0,0,0,0,0,0,0,1.5,14.2
2025-04-11 21:44:20,0,0,0,0,0,0,0,0,0,0,0,0,1.6,14.2
2025-04-11 21:44:25,0,0,0,0,0,0,0,0,0,0,0,0,2.0,14.2
2025-04-11 21:44:30,0,0,0,0,0,0,0,0,0,0,0,0,1.9,14.2
2025-04-11 21:44:35,0,0,0,0,0,0,0,0,0,0,0,0,2.1,14.2
2025-04-11 21:44:40,0,0,0,0,0,0,0,0,0,0,0,0,2.5,14.2
2025-04-11 21:44:45,0,0,0,0,0,0,0,0,0,0,0,0,2.6,14.2
2025-04-11 21:44:50,0,0,0,0,0,0,0,0,0,0,0,0,2.5,14.2
2025-04-11 21:44:55,0,0,0,0,0,0,0,0,0,0,0,0,2.5,14.2
2025-04-11 21:45:00,0,0,0,0,0,0,0,0,0,0,0,0,2.5,14.2
2025-04-11 21:45:05,0,0,0,0,0,0,0,0,0,0,0,0,2.6,14.2
2025-04-11 21:45:10,0,0,0,0,0,0,0,0,0,0,0,0,2.5,14.2
2025-04-11 21:45:15,0,0,0,0,0,0,0,0,0,0,0,0,2.5,14.2
2025-04-11 21:45:20,0,0,0,0,0,0,0,0,0,0,0,0,2.1,14.2
2025-04-11 21:45:25,0,0,0,0,0,0,0,0,0,0,0,0,2.0,14.2
2025-04-11 21:45:30,0,0,0,0,0,0,0,0,0,0,0,0,2.0,14.2
2025-04-11 21:45:35,0,0,0,0,0,0,0,0,0,0,0,0,2.0,14.2
2025-04-11 21:45:40,0,0,0,0,0,0,0,0,0,0,0,0,1.8,14.2
2025-04-11 21:45:45,0,0,0,0,0,0,0,0,0,0,0,0,1.6,14.2
2025-04-11 21:45:50,0,0,0,0,0,0,0,0,0,0,0,0,1.6,14.2
2025-04-11 21:45:55,0,0,0,0,0,0,0,0,0,0,0,0,1.6,14.2
2025-04-11 21:46:00,0,0,0,0,0,0,0,0,0,0,0,0,1.6,14.2
2025-04-11 21:46:05,0,0,0,0,0,0,0,0,0,0,0,0,1.8,14.2
2025-04-11 21:46:10,0,0,0,0,0,0,0,0,0,0,0,0,2.0,14.2
2025-04-11 21:46:15,0,0,0,0,0,0,0,0,0,0,0,0,2.0,14.2
2025-04-11 21:46:20,0,0,0,0,0,0,0,0,0,0,0,0,2.2,14.2
2025-04-11 21:46:25,0,0,0,0,0,0,0,0,0,0,0,0,2.4,14.2
2025-04-11 21:46:30,0,0,0,0,0,0,0,0,0,0,0,0,2.2,14.2
2025-04-11 21:46:35,0,0,0,0,0,0,0,0,0,0,0,0,1.9,14.2
2025-04-11 21:46:40,0,0,0,0,0,0,0,0,0,0,0,0,1.7,14.2
2025-04-11 21:46:45,0,0,0,0,0,0,0,0,0,0,0,0,1.5,14.2
2025-04-11 21:46:50,0,0,0,0,0,0,0,0,0,0,0,0,1.9,14.2
2025-04-11 21:46:55,0,0,0,0,0,0,0,0,0,0,0,0,2.0,14.2
2025-04-11 21:47:00,0,0,0,0,0,0,0,0,0,0,0,0,1.9,14.2
2025-04-11 21:47:05,0,0,0,0,0,0,0,0,0,0,0,0,1.9,14.2
2025-04-11 21:47:10,0,0,0,0,0,0,0,0,0,0,0,0,2.0,14.2
2025-04-11 21:47:15,0,0,0,0,0,0,0,0,0,0,0,0,2.0,14.2
2025-04-11 21:47:20,0,0,0,0,0,0,0,0,0,0,0,0,2.2,14.2
2025-04-11 21:47:25,0,0,0,0,0,0,0,0,0,0,0,0,1.8,14.2
2025-04-11 21:47:30,0,0,0,0,0,0,0,0,0,0,0,0,1.6,14.2
2025-04-11 21:47:35,0,0,0,0,0,0,0,0,0,0,0,0,1.6,14.2
2025-04-11 21:47:40,0,0,0,0,0,0,0,0,0,0,0,0,1.8,14.2
2025-04-11 21:47:45,0,0,0,0,0,0,0,0,0,0,0,0,1.8,14.2
2025-04-11 21:47:50,0,0,0,0,0,0,0,0,0,0,0,0,1.4,14.2
2025-04-11 21:47:55,0,0,0,0,0,0,0,0,0,0,0,0,1.3,14.2
2025-04-11 21:48:00,0,0,0,0,0,0,0,0,0,0,0,0,1.4,14.2
2025-04-11 21:48:05,0,0,0,0,0,0,0,0,0,0,0,0,1.9,14.2
2025-04-11 21:48:10,0,0,0,0,0,0,0,0,0,0,0,0,2.1,14.2
2025-04-11 21:48:15,0,0,0,0,0,0,0,0,0,0,0,0,2.1,14.2
2025-04-11 21:48:20,0,0,0,0,0,0,0,0,0,0,0,0,1.9,14.2
2025-04-11 21:48:25,0,0,0,0,0,0,0,0,0,0,0,0,1.7,14.2
2025-04-11 21:48:30,0,0,0,0,0,0,0,0,0,0,0,0,1.6,14.2
2025-04-11 21:48:35,0,0,0,0,0,0,0,0,0,0,0,0,1.3,14.2
2025-04-11 21:48:40,0,0,0,0,0,0,0,0,0,0,0,0,1.2,14.1
2025-04-11 21:48:45,0,0,0,0,0,0,0,0,0,0,0,0,1.1,14.2
2025-04-11 21:48:50,0,0,0,0,0,0,0,0,0,0,0,0,1.0,14.2
2025-04-11 21:48:55,0,0,0,0,0,0,0,0,0,0,0,0,1.1,14.1
2025-04-11 21:49:00,0,0,0,0,0,0,0,0,0,0,0,0,1.0,14.2
2025-04-11 21:49:05,0,0,0,0,0,0,0,0,0,0,0,0,1.0,14.2
2025-04-11 21:49:10,0,0,0,0,0,0,0,0,0,0,0,0,0.9,14.2
2025-04-11 21:49:15,0,0,0,0,0,0,0,0,0,0,0,0,0.8,14.1
2025-04-11 21:49:20,0,0,0,0,0,0,0,0,0,0,0,0,0.7,14.2
2025-04-11 21:49:25,0,0,0,0,0,0,0,0,0,0,0,0,0.7,14.1
2025-04-11 21:49:30,0,0,0,0,0,0,0,0,0,0,0,0,0.6,14.1
2025-04-11 21:49:35,0,0,0,0,0,0,0,0,0,0,0,0,0.6,14.1
2025-04-11 21:49:40,0,0,0,0,0,0,0,0,0,0,0,0,0.6,14.1
2025-04-11 21:49:45,0,0,0,0,0,0,0,0,0,0,0,0,0.6,14.1
2025-04-11 21:49:50,0,0,0,0,0,0,0,0,0,0,0,0,0.8,14.1
2025-04-11 21:49:55,0,0,0,0,0,0,0,0,0,0,0,0,1.0,14.1
2025-04-11 21:50:00,0,0,0,0,0,0,0,0,0,0,0,0,1.1,14.1
2025-04-11 21:50:05,0,0,0,0,0,0,0,0,0,0,0,0,1.0,14.1
2025-04-11 21:50:10,0,0,0,0,0,0,0,0,0,0,0,0,1.0,14.1
2025-04-11 21:50:15,0,0,0,0,0,0,0,0,0,0,0,0,1.0,14.1
2025-04-11 21:50:20,0,0,0,0,0,0,0,0,0,0,0,0,1.1,14.1
2025-04-11 21:50:25,0,0,0,0,0,0,0,0,0,0,0,0,1.1,14.1
2025-04-11 21:50:30,0,0,0,0,0,0,0,0,0,0,0,0,1.0,14.1
2025-04-11 21:50:35,0,0,0,0,0,0,0,0,0,0,0,0,0.9,14.1
2025-04-11 21:50:40,0,0,0,0,0,0,0,0,0,0,0,0,0.8,14.1
2025-04-11 21:50:45,0,0,0,0,0,0,0,0,0,0,0,0,0.7,14.1
2025-04-11 21:50:50,0,0,0,0,0,0,0,0,0,0,0,0,0.7,14.1
2025-04-11 21:50:55,0,0,0,0,0,0,0,0,0,0,0,0,0.7,14.1
2025-04-11 21:51:00,0,0,0,0,0,0,0,0,0,0,0,0,0.7,14.1
2025-04-11 21:51:05,0,0,0,0,0,0,0,0,0,0,0,0,0.7,14.1
2025-04-11 21:51:10,0,0,0,0,0,0,0,0,0,0,0,0,0.7,14.1
2025-04-11 21:51:15,0,0,0,0,0,0,0,0,0,0,0,0,0.7,14.1
2025-04-11 21:51:20,0,0,0,0,0,0,0,0,0,0,0,0,0.8,14.1
2025-04-11 21:51:25,0,0,0,0,0,0,0,0,0,0,0,0,1.0,14.1
2025-04-11 21:51:30,0,0,0,0,0,0,0,0,0,0,0,0,1.0,14.1
2025-04-11 21:51:35,0,0,0,0,0,0,0,0,0,0,0,0,1.0,14.1
2025-04-11 21:51:40,0,0,0,0,0,0,0,0,0,0,0,0,1.2,14.1
2025-04-11 21:51:45,0,0,0,0,0,0,0,0,0,0,0,0,1.3,14.1
2025-04-11 21:51:50,0,0,0,0,0,0,0,0,0,0,0,0,1.4,14.1
2025-04-11 21:51:55,0,0,0,0,0,0,0,0,0,0,0,0,1.4,14.1
2025-04-11 21:52:00,0,0,0,0,0,0,0,0,0,0,0,0,1.3,14.1
2025-04-11 21:52:05,0,0,0,0,0,0,0,0,0,0,0,0,1.2,14.1
2025-04-11 21:52:10,0,0,0,0,0,0,0,0,0,0,0,0,1.0,14.1
2025-04-11 21:52:15,0,0,0,0,0,0,0,0,0,0,0,0,0.9,14.1
2025-04-11 21:52:20,0,0,0,0,0,0,0,0,0,0,0,0,0.9,14.1
2025-04-11 21:52:25,0,0,0,0,0,0,0,0,0,0,0,0,0.9,14.1
2025-04-11 21:52:30,0,0,0,0,0,0,0,0,0,0,0,0,1.2,14.1
2025-04-11 21:52:35,0,0,0,0,0,0,0,0,0,0,0,0,1.4,14.1
2025-04-11 21:52:40,0,0,0,0,0,0,0,0,0,0,0,0,1.6,14.1
2025-04-11 21:52:45,0,0,0,0,0,0,0,0,0,0,0,0,1.7,14.1
2025-04-11 21:52:50,0,0,0,0,0,0,0,0,0,0,0,0,1.7,14.1
2025-04-11 21:52:55,0,0,0,0,0,0,0,0,0,0,0,0,1.6,14.1
2025-04-11 21:53:00,0,0,0,0,0,0,0,0,0,0,0,0,1.5,14.1
2025-04-11 21:53:05,0,0,0,0,0,0,0,0,0,0,0,0,1.3,14.1
2025-04-11 21:53:10,0,0,0,0,0,0,0,0,0,0,0,0,1.2,14.1
2025-04-11 21:53:15,0,0,0,0,0,0,0,0,0,0,0,0,1.2,14.1
2025-04-11 21:53:20,0,0,0,0,0,0,0,0,0,0,0,0,1.1,14.1
2025-04-11 21:53:25,0,0,0,0,0,0,0,0,0,0,0,0,1.2,14.1
2025-04-11 21:53:30,0,0,0,0,0,0,0,0,0,0,0,0,1.2,14.1
2025-04-11 21:53:35,0,0,0,0,0,0,0,0,0,0,0,0,1.3,14.1
2025-04-11 21:53:40,0,0,0,0,0,0,0,0,0,0,0,0,1.3,14.1
2025-04-11 21:53:45,0,0,0,0,0,0,0,0,0,0,0,0,1.3,14.1
2025-04-11 21:53:50,0,0,0,0,0,0,0,0,0,0,0,0,1.9,14.1
2025-04-11 21:53:55,0,0,0,0,0,0,0,0,0,0,0,0,1.9,14.1
2025-04-11 21:54:00,0,0,0,0,0,0,0,0,0,0,0,0,2.2,14.1
2025-04-11 21:54:05,0,0,0,0,0,0,0,0,0,0,0,0,2.2,14.1
2025-04-11 21:54:10,0,0,0,0,0,0,0,0,0,0,0,0,2.1,14.1
2025-04-11 21:54:15,0,0,0,0,0,0,0,0,0,0,0,0,1.8,14.1
2025-04-11 21:54:20,0,0,0,0,0,0,0,0,0,0,0,0,1.8,14.1
2025-04-11 21:54:25,0,0,0,0,0,0,0,0,0,0,0,0,1.6,14.1
2025-04-11 21:54:30,0,0,0,0,0,0,0,0,0,0,0,0,1.4,14.1
2025-04-11 21:54:35,0,0,0,0,0,0,0,0,0,0,0,0,1.2,14.1
2025-04-11 21:54:40,0,0,0,0,0,0,0,0,0,0,0,0,1.4,14.1
2025-04-11 21:54:45,0,0,0,0,0,0,0,0,0,0,0,0,1.6,14.1
2025-04-11 21:54:50,0,0,0,0,0,0,0,0,0,0,0,0,2.1,14.1
2025-04-11 21:54:55,0,0,0,0,0,0,0,0,0,0,0,0,1.9,14.1
2025-04-11 21:55:00,0,0,0,0,0,0,0,0,0,0,0,0,2.0,14.1
2025-04-11 21:55:05,0,0,0,0,0,0,0,0,0,0,0,0,1.8,14.1
2025-04-11 21:55:10,0,0,0,0,0,0,0,0,0,0,0,0,1.8,14.1
2025-04-11 21:55:15,0,0,0,0,0,0,0,0,0,0,0,0,1.7,14.1
2025-04-11 21:55:20,0,0,0,0,0,0,0,0,0,0,0,0,1.6,14.1
2025-04-11 21:55:25,0,0,0,0,0,0,0,0,0,0,0,0,1.6,14.1
2025-04-11 21:55:30,0,0,0,0,0,0,0,0,0,0,0,0,1.6,14.1
2025-04-11 21:55:35,0,0,0,0,0,0,0,0,0,0,0,0,1.7,14.1
2025-04-11 21:55:40,0,0,0,0,0,0,0,0,0,0,0,0,1.9,14.1
2025-04-11 21:55:45,0,0,0,0,0,0,0,0,0,0,0,0,2.0,14.1
2025-04-11 21:55:50,0,0,0,0,0,0,0,0,0,0,0,0,2.1,14.1
2025-04-11 21:55:55,0,0,0,0,0,0,0,0,0,0,0,0,2.4,14.1
2025-04-11 21:56:00,0,0,0,0,0,0,0,0,0,0,0,0,2.2,14.1
2025-04-11 21:56:05,0,0,0,0,0,0,0,0,0,0,0,0,2.4,14.1
2025-04-11 21:56:10,0,0,0,0,0,0,0,0,0,0,0,0,2.2,14.1
2025-04-11 21:56:15,0,0,0,0,0,0,0,0,0,0,0,0,1.8,14.1
2025-04-11 21:56:20,0,0,0,0,0,0,0,0,0,0,0,0,2.0,14.1
2025-04-11 21:56:25,0,0,0,0,0,0,0,0,0,0,0,0,2.1,14.1
2025-04-11 21:56:30,0,0,0,0,0,0,0,0,0,0,0,0,2.4,14.1
2025-04-11 21:56:35,0,0,0,0,0,0,0,0,0,0,0,0,2.4,14.1
2025-04-11 21:56:40,0,0,0,0,0,0,0,0,0,0,0,0,2.3,14.1
2025-04-11 21:56:45,0,0,0,0,0,0,0,0,0,0,0,0,2.0,14.1
2025-04-11 21:56:50,0,0,0,0,0,0,0,0,0,0,0,0,1.8,14.1
2025-04-11 21:56:55,0,0,0,0,0,0,0,0,0,0,0,0,1.8,14.1
2025-04-11 21:57:00,0,0,0,0,0,0,0,0,0,0,0,0,1.8,14.1
2025-04-11 21:57:05,0,0,0,0,0,0,0,0,0,0,0,0,2.0,14.1
2025-04-11 21:57:10,0,0,0,0,0,0,0,0,0,0,0,0,2.3,14.1
2025-04-11 21:57:15,0,0,0,0,0,0,0,0,0,0,0,0,2.6,14.1
2025-04-11 21:57:20,0,0,0,0,0,0,0,0,0,0,0,0,2.7,14.1
2025-04-11 21:57:25,0,0,0,0,0,0,0,0,0,0,0,0,2.8,14.1
2025-04-11 21:57:30,0,0,0,0,0,0,0,0,0,0,0,0,2.7,14.1
2025-04-11 21:57:35,0,0,0,0,0,0,0,0,0,0,0,0,2.7,14.1
2025-04-11 21:57:40,0,0,0,0,0,0,0,0,0,0,0,0,2.8,14.1
2025-04-11 21:57:45,0,0,0,0,0,0,0,0,0,0,0,0,2.8,14.1
2025-04-11 21:57:50,0,0,0,0,0,0,0,0,0,0,0,0,2.6,14.1
2025-04-11 21:57:55,0,0,0,0,0,0,0,0,0,0,0,0,2.5,14.1
2025-04-11 21:58:00,0,0,0,0,0,0,0,0,0,0,0,0,2.4,14.1
2025-04-11 21:58:05,0,0,0,0,0,0,0,0,0,0,0,0,2.5,14.1
2025-04-11 21:58:10,0,0,0,0,0,0,0,0,0,0,0,0,2.1,14.1
2025-04-11 21:58:15,0,0,0,0,0,0,0,0,0,0,0,0,2.1,14.1
2025-04-11 21:58:20,0,0,0,0,0,0,0,0,0,0,0,0,2.1,14.1
2025-04-11 21:58:25,0,0,0,0,0,0,0,0,0,0,0,0,2.0,14.1
2025-04-11 21:58:30,0,0,0,0,0,0,0,0,0,0,0,0,2.0,14.1
2025-04-11 21:58:35,0,0,0,0,0,0,0,0,0,0,0,0,2.2,14.1
2025-04-11 21:58:40,0,0,0,0,0,0,0,0,0,0,0,0,2.4,14.1
2025-04-11 21:58:45,0,0,0,0,0,0,0,0,0,0,0,0,2.3,14.1
2025-04-11 21:58:50,0,0,0,0,0,0,0,0,0,0,0,0,2.3,14.1
2025-04-11 21:58:55,0,0,0,0,0,0,0,0,0,0,0,0,2.3,14.1
2025-04-11 21:59:00,0,0,0,0,0,0,0,0,0,0,0,0,2.0,14.2
2025-04-11 21:59:05,0,0,0,0,0,0,0,0,0,0,0,0,1.7,14.1
2025-04-11 21:59:10,0,0,0,0,0,0,0,0,0,0,0,0,1.5,14.1
2025-04-11 21:59:15,0,0,0,0,0,0,0,0,0,0,0,0,1.8,14.2
2025-04-11 21:59:20,0,0,0,0,0,0,0,0,0,0,0,0,1.9,14.2
2025-04-11 21:59:25,0,0,0,0,0,0,0,0,0,0,0,0,1.8,14.1
2025-04-11 21:59:30,0,0,0,0,0,0,0,0,0,0,0,0,1.9,14.2
2025-04-11 21:59:35,0,0,0,0,0,0,0,0,0,0,0,0,2.2,14.2
2025-04-11 21:59:40,0,0,0,0,0,0,0,0,0,0,0,0,2.2,14.1
2025-04-11 21:59:45,0,0,0,0,0,0,0,0,0,0,0,0,2.0,14.2
2025-04-11 21:59:50,0,0,0,0,0,0,0,0,0,0,0,0,1.8,14.2
2025-04-11 21:59:55,0,0,0,0,0,0,0,0,0,0,0,0,2.0,14.1
