timestamp,P1,P2,P3,P4,P5,P6,P7,P8,P9,P0,PH,Pinc,ws,temp
2025-04-09 12:38:00,657.7,629.9,656.9,658.1,662.2,666.8,654.9,663.3,660.2,667.8,551.2,804.4,0.8,23.3
2025-04-09 12:38:05,658.3,626.7,657.3,656.8,661.6,665.6,653.8,661.2,657.8,663.4,546.7,803.6,0.8,23.3
2025-04-09 12:38:10,663.2,624.7,659.0,655.0,659.5,663.1,649.2,657.9,653.0,655.8,536.8,802.3,0.7,23.3
2025-04-09 12:38:15,663.0,623.3,655.2,652.4,652.0,658.2,640.5,651.3,644.9,640.7,529.5,799.5,0.6,23.3
2025-04-09 12:38:20,654.5,618.0,643.2,643.8,638.6,647.2,625.9,637.9,631.5,626.9,500.7,782.9,0.5,23.3
2025-04-09 12:38:25,642.4,610.7,631.2,633.6,627.7,635.6,616.3,624.9,618.8,623.4,495.9,776.0,0.4,23.3
2025-04-09 12:38:30,625.3,595.9,616.6,618.6,622.5,629.3,612.3,619.9,614.8,620.7,492.9,756.5,0.4,23.3
2025-04-09 12:38:35,615.8,585.5,610.1,611.1,614.1,619.2,609.4,616.0,613.8,622.1,493.4,746.8,0.7,23.3
2025-04-09 12:38:40,612.2,579.6,609.0,609.5,614.6,619.0,608.9,615.7,613.1,619.6,491.3,743.7,0.9,23.3
2025-04-09 12:38:45,612.6,578.9,609.3,609.9,613.1,618.2,605.9,613.1,608.1,608.8,478.4,744.8,1.6,23.4
2025-04-09 12:38:50,611.6,577.3,607.6,608.5,607.3,612.6,595.9,605.5,598.8,595.5,461.8,740.2,1.6,23.4
2025-04-09 12:38:55,607.7,574.8,597.4,602.0,594.3,603.6,583.1,594.4,588.2,586.3,449.6,725.7,1.4,23.4
2025-04-09 12:39:00,592.9,565.3,582.4,587.6,582.0,589.2,574.5,583.6,580.9,589.6,452.1,710.4,1.8,23.4
2025-04-09 12:39:05,581.0,551.3,574.0,576.6,577.1,582.8,574.9,584.0,586.1,601.2,465.5,702.3,2.0,23.4
2025-04-09 12:39:10,575.0,542.8,573.6,573.7,584.9,587.0,588.3,594.8,590.5,611.7,478.1,699.8,2.1,23.4
2025-04-09 12:39:15,577.6,542.8,583.3,582.0,598.5,600.4,595.6,601.6,607.0,626.6,497.2,708.3,2.9,23.4
2025-04-09 12:39:20,587.5,552.9,597.4,596.3,610.4,614.3,613.6,622.0,624.7,637.4,511.2,724.9,2.8,23.4
2025-04-09 12:39:25,595.4,569.8,603.6,611.4,615.2,623.6,617.2,629.6,630.2,640.7,514.8,742.4,3.1,23.4
2025-04-09 12:39:30,598.3,580.3,604.3,614.8,618.4,630.0,618.4,633.2,631.7,639.1,512.7,747.6,2.7,23.4
2025-04-09 12:39:35,599.7,582.2,606.8,617.1,618.7,630.2,617.9,632.0,630.7,638.2,512.1,750.0,2.5,23.4
2025-04-09 12:39:40,604.7,583.9,610.6,617.6,621.4,630.4,621.2,631.4,632.7,644.8,515.6,750.4,2.3,23.4
2025-04-09 12:39:45,610.4,584.2,615.5,619.4,627.0,632.8,627.4,636.6,637.8,650.0,526.7,756.1,2.3,23.4
2025-04-09 12:39:50,619.5,588.0,624.8,626.0,630.4,635.6,630.7,638.9,639.7,652.5,531.3,761.4,2.2,23.4
2025-04-09 12:39:55,627.0,595.4,631.5,633.9,642.3,646.8,638.7,646.5,643.2,654.9,533.6,770.9,2.1,23.4
2025-04-09 12:40:00,631.3,602.2,635.1,637.8,644.0,649.2,640.2,649.1,647.0,657.1,536.2,778.1,2.1,23.4
2025-04-09 12:40:05,632.7,605.7,636.1,638.9,645.0,650.8,641.8,650.9,649.4,665.1,545.1,779.9,1.8,23.4
2025-04-09 12:40:10,638.6,607.1,642.5,642.9,649.9,653.6,648.7,655.9,656.7,675.2,557.2,783.1,1.6,23.4
2025-04-09 12:40:15,640.0,609.0,645.1,645.6,656.2,660.7,656.1,664.2,665.4,683.1,566.1,786.0,1.6,23.4
2025-04-09 12:40:20,644.0,616.5,649.3,654.7,661.7,670.9,658.6,673.1,672.2,679.2,561.0,799.7,1.2,23.3
2025-04-09 12:40:25,644.4,626.0,646.7,659.2,657.8,672.9,654.7,671.6,668.8,674.6,555.9,800.5,1.0,23.3
2025-04-09 12:40:30,641.7,625.4,644.1,655.9,655.7,668.3,653.6,668.5,666.8,673.1,554.6,797.6,0.8,23.3
2025-04-09 12:40:35,642.3,622.6,646.9,653.5,656.9,666.7,655.4,665.8,664.1,673.4,555.2,795.7,0.7,23.3
2025-04-09 12:40:40,650.5,621.8,654.5,653.7,664.0,666.9,661.4,665.5,663.9,675.5,558.1,797.2,0.6,23.3
2025-04-09 12:40:45,664.1,622.4,668.1,659.4,675.7,672.9,670.8,668.5,666.6,683.4,569.3,805.7,0.5,23.3
2025-04-09 12:40:50,677.0,628.3,680.1,667.1,685.9,678.6,680.7,674.8,671.8,691.0,579.9,814.9,0.4,23.3
2025-04-09 12:40:55,691.7,632.6,685.6,673.0,690.2,682.2,685.1,684.3,680.1,703.6,594.0,830.8,0.5,23.2
2025-04-09 12:41:00,699.0,648.4,696.7,687.1,697.5,693.0,692.2,695.7,692.3,712.0,602.0,839.9,0.8,23.2
2025-04-09 12:41:05,704.3,655.1,701.1,692.6,702.2,700.1,695.4,702.9,700.9,713.4,603.4,845.9,0.9,23.2
2025-04-09 12:41:10,707.5,659.0,703.6,694.9,704.5,704.3,698.4,705.6,702.2,714.1,604.5,848.3,0.9,23.2
2025-04-09 12:41:15,715.1,662.7,708.1,698.3,708.9,707.1,703.0,707.9,703.0,716.4,608.7,855.3,1.5,23.2
2025-04-09 12:41:20,718.6,665.9,714.4,703.0,716.2,711.5,708.1,711.1,705.3,717.4,610.7,858.4,2.2,23.2
2025-04-09 12:41:25,729.0,672.1,727.7,710.0,726.7,717.0,717.4,716.2,708.9,723.1,618.5,868.1,3.9,23.2
2025-04-09 12:41:30,740.3,679.0,736.4,718.5,734.1,723.9,720.6,719.7,710.5,721.0,620.3,877.3,3.8,23.1
2025-04-09 12:41:35,747.0,689.5,737.7,725.7,733.5,726.6,719.1,720.2,710.2,714.9,609.4,885.6,3.3,23.1
2025-04-09 12:41:40,742.7,693.0,730.0,720.9,721.5,720.7,705.5,709.5,697.1,704.6,597.3,881.3,3.0,23.1
2025-04-09 12:41:45,733.0,686.8,721.9,713.0,714.5,712.2,699.9,700.0,692.5,700.6,591.8,871.3,3.1,23.0
2025-04-09 12:41:50,726.8,681.2,718.6,707.8,713.4,707.8,701.3,699.2,691.7,709.8,601.6,859.9,2.6,23.0
2025-04-09 12:41:55,727.1,671.5,719.5,704.4,714.2,708.9,704.6,704.6,698.2,714.0,605.6,861.1,2.1,22.9
2025-04-09 12:42:00,727.2,672.7,717.2,707.0,715.0,712.9,704.9,708.3,701.4,715.7,606.1,862.0,1.9,22.9
2025-04-09 12:42:05,721.6,674.3,714.3,708.0,714.0,715.1,705.1,709.2,704.0,718.8,611.6,863.3,2.1,22.9
2025-04-09 12:42:10,720.3,674.3,714.8,707.7,717.6,717.5,710.7,712.4,706.2,722.4,617.0,862.7,2.1,22.9
2025-04-09 12:42:15,721.2,674.4,719.8,712.2,724.0,722.0,716.2,714.2,706.8,725.7,620.8,867.5,2.5,22.9
2025-04-09 12:42:20,727.3,680.1,726.5,717.2,728.7,726.9,718.3,720.3,711.9,729.1,624.5,875.2,3.1,22.9
2025-04-09 12:42:25,731.7,684.8,730.6,722.2,730.3,729.6,720.1,723.3,715.3,730.0,625.2,880.1,3.1,22.9
2025-04-09 12:42:30,734.6,688.9,732.4,723.9,730.9,730.5,721.4,723.8,717.1,732.6,627.3,882.2,3.5,22.9
2025-04-09 12:42:35,735.1,689.7,730.2,724.1,728.3,731.5,719.8,725.5,719.3,732.1,625.3,882.8,3.3,22.9
2025-04-09 12:42:40,734.7,690.4,727.3,724.1,725.2,731.4,714.7,724.2,719.6,729.8,621.8,878.7,2.8,22.8
2025-04-09 12:42:45,726.6,690.3,721.5,718.7,720.2,727.2,712.4,721.4,717.6,728.7,620.7,872.0,2.3,22.8
2025-04-09 12:42:50,726.4,685.0,720.9,716.1,720.7,725.1,712.7,721.5,717.8,729.4,622.1,870.0,2.0,22.8
2025-04-09 12:42:55,727.8,682.8,723.4,715.7,723.6,725.9,714.5,722.1,717.8,730.9,624.3,870.3,2.0,22.8
2025-04-09 12:43:00,727.7,683.5,722.2,717.4,722.4,728.0,714.3,724.1,719.7,731.7,624.6,872.4,2.0,22.8
2025-04-09 12:43:05,722.7,685.0,717.2,717.4,718.6,728.5,708.6,723.5,717.2,727.2,618.5,873.4,2.8,22.8
2025-04-09 12:43:10,713.8,684.8,710.4,713.6,715.7,725.8,706.1,720.0,715.8,724.5,614.4,867.9,3.2,22.7
2025-04-09 12:43:15,707.3,680.1,707.3,709.2,710.8,722.0,705.5,718.2,714.2,723.8,614.1,861.4,2.9,22.7
2025-04-09 12:43:20,705.7,678.0,706.7,708.6,710.4,720.0,704.8,716.4,713.2,722.6,612.7,858.2,2.7,22.7
2025-04-09 12:43:25,704.7,675.1,707.1,707.0,710.5,718.6,704.0,715.9,711.7,723.0,613.6,857.4,2.5,22.6
2025-04-09 12:43:30,706.9,674.2,708.5,706.9,712.0,718.4,705.4,715.8,712.0,727.3,618.2,857.9,2.4,22.6
2025-04-09 12:43:35,707.5,673.8,708.6,708.4,714.3,720.5,709.7,720.1,717.3,730.6,622.6,860.3,2.2,22.6
2025-04-09 12:43:40,709.7,674.5,713.2,711.4,719.1,725.0,715.3,724.3,722.7,740.0,633.3,867.1,1.7,22.6
2025-04-09 12:43:45,712.9,678.8,717.4,716.0,723.6,729.4,720.1,730.2,727.0,742.2,636.3,869.6,1.4,22.5
2025-04-09 12:43:50,718.7,685.0,725.1,722.3,731.9,736.1,728.3,737.8,733.4,749.7,645.3,876.9,1.7,22.5
2025-04-09 12:43:55,725.1,688.9,732.8,727.9,737.3,741.8,731.5,741.4,735.9,750.0,646.6,884.4,2.4,22.6
2025-04-09 12:44:00,733.7,696.9,736.5,731.6,738.6,744.0,732.1,742.1,736.0,748.1,644.5,892.5,3.2,22.6
2025-04-09 12:44:05,736.5,700.1,736.4,734.4,739.0,744.9,731.2,741.4,733.4,744.5,640.7,892.8,3.2,22.5
2025-04-09 12:44:10,737.8,699.6,737.3,733.9,738.5,743.1,729.6,739.6,730.1,742.1,637.6,892.4,3.0,22.5
2025-04-09 12:44:15,738.5,699.3,736.8,732.5,737.0,741.1,727.5,735.8,727.2,739.7,634.7,890.3,2.4,22.5
2025-04-09 12:44:20,735.0,697.0,731.3,729.2,733.6,738.7,724.4,733.6,725.9,736.5,629.8,887.3,2.1,22.5
2025-04-09 12:44:25,732.6,695.9,729.4,727.3,729.0,736.3,719.4,729.7,722.7,732.0,623.8,884.6,2.1,22.5
2025-04-09 12:44:30,728.2,691.9,725.8,721.3,726.0,731.2,718.0,725.3,718.7,732.5,626.0,877.1,1.8,22.5
2025-04-09 12:44:35,728.5,687.8,727.4,719.2,729.6,730.4,722.9,725.2,719.9,739.1,635.5,875.2,1.7,22.5
2025-04-09 12:44:40,736.2,687.0,738.2,724.1,740.8,735.7,727.8,727.9,722.9,746.3,644.2,880.6,1.8,22.5
2025-04-09 12:44:45,746.2,692.3,748.9,731.3,750.0,743.3,742.5,741.0,733.7,752.6,652.3,890.4,2.3,22.5
2025-04-09 12:44:50,755.3,701.1,755.2,741.6,753.6,751.2,742.7,746.6,736.8,753.3,652.7,902.5,2.2,22.4
2025-04-09 12:44:55,758.4,708.0,754.7,745.9,752.1,752.3,739.2,745.9,736.3,748.7,645.6,906.7,2.1,22.4
2025-04-09 12:45:00,752.1,711.5,745.4,742.4,745.7,750.7,734.1,742.2,733.3,746.2,642.3,902.7,2.0,22.4
2025-04-09 12:45:05,747.6,710.8,741.0,738.3,740.1,745.5,730.5,739.1,732.1,745.9,641.8,898.3,2.2,22.4
2025-04-09 12:45:10,738.8,702.6,734.9,733.8,737.0,743.5,730.1,738.8,732.8,748.4,643.8,892.2,2.3,22.4
2025-04-09 12:45:15,733.7,699.3,732.1,732.3,734.5,742.9,727.9,739.4,735.2,747.6,642.8,889.6,2.3,22.4
2025-04-09 12:45:20,728.0,697.8,730.9,730.5,732.0,741.7,725.8,739.3,732.9,739.5,633.3,885.4,2.5,22.4
2025-04-09 12:45:25,726.2,693.7,728.6,725.6,730.3,737.2,722.3,733.8,726.3,732.9,626.2,882.4,2.2,22.4
2025-04-09 12:45:30,726.5,691.0,728.3,724.2,728.3,733.7,719.8,729.1,720.0,728.4,621.9,881.8,1.8,22.4
2025-04-09 12:45:35,726.3,690.6,725.5,723.8,725.3,731.7,715.0,724.2,713.9,722.1,614.4,878.4,1.7,22.4
2025-04-09 12:45:40,719.1,689.4,720.2,721.7,719.7,727.2,708.3,718.7,708.6,716.4,606.4,873.5,1.5,22.4
2025-04-09 12:45:45,715.7,685.9,713.0,715.0,712.6,720.5,702.5,712.4,702.4,713.2,602.8,868.6,1.3,22.4
2025-04-09 12:45:50,710.5,678.1,711.4,707.8,710.6,714.2,702.2,707.1,699.0,714.3,601.4,859.6,1.3,22.4
2025-04-09 12:45:55,710.8,673.0,711.5,705.7,711.8,714.3,703.7,708.8,702.6,719.2,609.6,857.3,1.3,22.4
2025-04-09 12:46:00,712.0,673.5,712.2,708.7,712.4,717.2,704.6,711.3,704.5,719.4,609.6,860.9,1.6,22.4
2025-04-09 12:46:05,710.5,674.9,709.0,708.0,710.4,716.6,702.8,712.3,705.2,717.6,606.9,859.6,1.8,22.4
2025-04-09 12:46:10,708.6,673.6,708.6,705.2,710.2,714.7,702.7,710.1,704.7,721.7,612.7,856.7,1.8,22.4
2025-04-09 12:46:15,709.9,672.7,709.8,706.0,714.5,717.4,710.3,715.8,710.6,726.7,619.6,858.4,1.4,22.4
2025-04-09 12:46:20,715.6,673.4,716.6,711.4,721.0,722.7,714.3,719.8,713.4,727.9,621.2,865.5,1.3,22.4
2025-04-09 12:46:25,719.0,679.3,722.9,717.7,724.4,726.6,715.7,722.3,713.0,725.0,618.5,869.2,1.2,22.4
2025-04-09 12:46:30,724.3,685.2,724.5,720.7,723.9,727.5,714.1,720.6,710.2,722.9,615.9,873.1,1.4,22.4
2025-04-09 12:46:35,723.8,686.7,721.8,719.3,719.9,726.2,708.4,719.0,708.1,716.9,612.6,873.2,1.3,22.5
2025-04-09 12:46:40,719.8,684.0,715.1,714.7,712.1,719.3,705.0,715.8,706.1,710.1,599.2,866.8,1.2,22.5
2025-04-09 12:46:45,714.0,677.9,708.8,707.6,704.7,710.8,692.4,702.3,696.3,702.5,589.8,857.7,1.0,22.5
2025-04-09 12:46:50,709.8,671.0,703.9,700.9,699.6,705.3,689.6,697.4,690.1,701.4,588.6,850.5,1.0,22.5
2025-04-09 12:46:55,702.7,664.2,696.9,695.3,696.5,702.5,687.0,696.9,689.5,701.3,587.8,843.1,1.0,22.5
2025-04-09 12:47:00,696.9,660.0,694.7,693.1,692.6,699.6,684.9,694.4,688.9,701.7,588.3,837.0,1.7,22.5
2025-04-09 12:47:05,695.5,658.6,692.5,689.7,692.4,696.9,686.5,694.4,689.0,705.7,593.7,834.1,1.9,22.6
2025-04-09 12:47:10,694.6,654.0,695.2,688.8,697.5,699.6,691.2,698.4,692.4,706.3,594.5,834.7,1.7,22.6
2025-04-09 12:47:15,701.3,659.2,700.2,694.0,700.8,703.2,692.4,701.0,693.9,705.6,593.6,844.2,1.5,22.6
2025-04-09 12:47:20,704.1,662.0,701.9,697.5,700.1,704.4,689.3,699.9,693.9,704.4,591.4,846.6,1.7,22.6
2025-04-09 12:47:25,706.3,664.2,702.2,696.5,699.1,702.7,688.9,697.8,691.5,702.0,588.9,845.4,1.8,22.6
2025-04-09 12:47:30,706.8,663.0,702.5,694.0,698.9,700.9,688.9,696.4,691.2,702.3,589.4,844.1,1.5,22.7
2025-04-09 12:47:35,707.0,660.7,701.1,693.6,697.4,701.1,688.9,697.1,691.6,705.9,592.6,843.7,1.4,22.7
2025-04-09 12:47:40,703.1,660.8,698.5,692.3,697.2,701.3,689.5,699.3,696.5,711.6,598.5,842.2,1.2,22.7
2025-04-09 12:47:45,700.8,659.4,698.0,692.6,699.3,701.6,691.0,700.8,698.6,714.2,602.4,842.2,1.0,22.7
2025-04-09 12:47:50,703.6,660.4,705.4,694.1,708.2,705.6,699.9,706.1,703.9,721.0,612.1,844.9,0.7,22.7
2025-04-09 12:47:55,711.3,664.0,713.9,702.8,716.0,716.0,710.1,712.2,709.8,728.6,620.8,854.6,0.7,22.7
2025-04-09 12:48:00,717.6,673.6,717.6,709.6,718.5,721.3,712.9,720.7,718.0,734.0,627.5,866.4,0.8,22.7
2025-04-09 12:48:05,716.5,679.7,719.2,715.9,721.3,725.4,716.0,725.4,720.0,734.4,628.4,870.7,1.0,22.7
2025-04-09 12:48:10,716.5,681.2,720.5,717.0,723.0,727.7,716.1,726.5,719.8,728.8,622.5,872.7,1.0,22.7
2025-04-09 12:48:15,718.8,684.1,722.9,718.4,723.6,728.0,714.8,722.4,714.4,726.6,620.7,872.8,1.2,22.7
2025-04-09 12:48:20,724.1,684.2,724.4,718.4,723.7,727.1,714.4,720.7,713.2,726.0,620.0,872.8,1.3,22.7
2025-04-09 12:48:25,724.4,684.1,724.4,718.1,721.7,725.5,713.4,720.8,713.0,726.0,619.5,873.3,1.3,22.7
2025-04-09 12:48:30,723.6,683.4,722.1,715.8,720.1,724.0,712.1,719.6,712.8,727.0,620.3,869.7,1.2,22.7
2025-04-09 12:48:35,721.2,680.2,720.6,714.4,719.6,723.5,712.5,719.9,713.6,728.0,622.0,869.2,1.0,22.7
2025-04-09 12:48:40,720.5,678.5,722.7,714.8,721.5,724.5,714.9,721.7,715.6,731.0,625.5,868.8,0.9,22.7
2025-04-09 12:48:45,722.3,678.5,725.0,717.0,723.3,727.0,715.4,723.9,717.8,731.8,626.2,870.4,0.9,22.8
2025-04-09 12:48:50,725.3,680.4,725.9,718.0,723.8,728.9,715.3,725.0,719.2,731.3,624.8,872.0,1.5,22.8
2025-04-09 12:48:55,726.5,682.8,725.4,719.6,721.3,728.4,712.8,724.9,718.8,729.9,623.2,871.4,1.6,22.8
2025-04-09 12:49:00,726.3,682.8,723.2,718.4,719.3,726.5,710.9,723.4,718.6,729.5,622.7,869.7,1.5,22.8
2025-04-09 12:49:05,724.9,682.2,722.7,717.2,719.9,726.0,714.3,723.5,720.9,735.9,631.3,868.2,1.5,22.8
2025-04-09 12:49:10,728.4,680.8,726.7,716.7,725.2,728.5,718.9,728.7,724.8,738.1,634.8,872.2,1.8,22.8
2025-04-09 12:49:15,732.2,681.9,734.7,721.3,731.2,732.7,722.6,731.3,726.1,740.1,635.7,874.8,2.2,22.8
2025-04-09 12:49:20,739.1,687.7,737.6,726.7,732.1,736.9,722.6,733.3,728.6,740.7,637.0,884.6,3.0,22.8
2025-04-09 12:49:25,739.1,691.7,736.5,728.0,731.2,737.4,721.8,733.4,729.3,741.1,637.2,884.0,2.5,22.8
2025-04-09 12:49:30,736.5,691.4,734.5,727.6,730.9,736.8,722.0,733.4,729.3,741.6,639.2,883.4,2.1,22.8
2025-04-09 12:49:35,736.2,690.9,733.8,728.0,731.1,737.3,723.1,735.6,729.9,742.3,640.3,883.1,2.2,22.8
2025-04-09 12:49:40,730.8,690.3,730.1,727.9,728.4,737.1,721.9,734.9,730.1,742.5,640.1,882.6,1.7,22.7
2025-04-09 12:49:45,725.5,690.0,727.9,724.8,728.9,736.3,722.6,734.8,731.4,746.9,645.1,878.0,1.5,22.7
2025-04-09 12:49:50,726.3,688.7,732.2,727.0,732.9,740.5,727.5,738.4,734.7,750.6,649.7,879.2,2.5,22.8
2025-04-09 12:49:55,731.1,688.8,733.7,729.0,733.5,741.8,729.3,742.5,737.7,749.8,649.4,885.5,2.4,22.7
2025-04-09 12:50:00,730.7,694.1,732.5,732.6,733.5,743.1,726.9,742.1,735.8,747.5,646.4,887.1,1.9,22.7
2025-04-09 12:50:05,728.1,693.7,729.3,732.4,732.5,742.5,726.9,739.6,733.7,747.9,646.6,886.0,1.9,22.7
2025-04-09 12:50:10,726.4,692.5,729.0,732.2,732.2,742.0,728.2,739.9,735.2,753.2,653.6,885.1,1.7,22.7
2025-04-09 12:50:15,726.0,692.2,731.0,732.7,737.5,744.3,735.4,744.4,741.0,763.7,666.7,887.8,1.7,22.7
2025-04-09 12:50:20,730.5,692.8,738.7,736.9,746.3,749.9,745.2,752.1,749.2,767.9,671.6,891.6,2.2,22.8
2025-04-09 12:50:25,742.7,702.5,751.2,747.0,757.1,761.4,753.1,761.6,756.7,776.2,679.6,905.1,2.3,22.8
2025-04-09 12:50:30,751.9,712.1,758.0,754.9,761.6,766.9,756.3,764.3,758.6,777.2,683.6,915.1,2.1,22.8
2025-04-09 12:50:35,757.7,718.5,761.6,760.9,763.4,769.0,757.4,767.3,762.3,779.8,687.3,922.0,2.5,22.8
2025-04-09 12:50:40,760.8,720.4,765.3,763.1,767.7,774.8,760.6,770.3,763.9,782.8,691.1,926.1,2.5,22.8
2025-04-09 12:50:45,764.5,722.8,768.3,766.3,771.0,776.3,765.9,775.4,767.5,786.9,696.2,930.0,2.1,22.8
2025-04-09 12:50:50,766.4,725.0,770.4,769.0,773.2,778.2,767.1,778.9,773.0,792.9,702.7,934.5,2.1,22.8
2025-04-09 12:50:55,769.8,727.0,772.2,772.4,775.5,782.0,768.8,783.2,777.9,796.0,704.8,936.0,2.1,22.8
2025-04-09 12:51:00,770.0,729.4,771.8,774.3,775.2,785.0,769.6,785.5,780.7,797.8,708.0,937.9,2.2,22.9
2025-04-09 12:51:05,766.0,731.3,768.2,774.9,773.9,786.0,770.0,787.0,782.2,798.1,708.3,938.5,2.4,22.9
2025-04-09 12:51:10,763.1,731.5,767.9,774.3,774.4,786.7,771.0,787.3,782.1,798.0,709.6,937.7,2.2,22.9
2025-04-09 12:51:15,766.3,730.6,773.0,774.4,775.8,787.1,772.9,787.2,781.6,798.2,710.3,939.0,2.2,22.9
2025-04-09 12:51:20,772.9,732.2,779.3,778.8,781.9,789.9,774.8,788.8,781.8,797.1,709.1,944.7,1.9,22.9
2025-04-09 12:51:25,776.2,735.7,778.7,781.5,778.2,791.5,768.8,787.4,778.5,792.4,702.2,946.2,1.7,22.9
2025-04-09 12:51:30,771.6,735.5,774.0,780.8,772.1,788.0,763.5,783.4,775.6,788.9,698.6,940.5,1.7,22.9
2025-04-09 12:51:35,765.0,729.0,765.3,769.8,768.6,782.0,763.2,780.2,775.2,793.1,704.2,932.1,3.0,22.9
2025-04-09 12:51:40,763.2,724.5,766.8,769.1,772.7,781.3,771.5,783.7,779.7,807.3,721.7,933.7,3.0,23.0
2025-04-09 12:51:45,768.2,722.6,774.4,776.7,781.6,792.3,779.3,795.9,791.1,811.0,725.1,945.0,3.7,23.0
2025-04-09 12:51:50,765.0,734.0,768.4,783.4,779.7,797.6,776.0,799.0,794.0,808.3,720.3,947.5,3.4,23.0
2025-04-09 12:51:55,758.4,735.5,761.6,781.1,769.6,793.3,766.8,797.8,793.4,804.3,714.3,944.3,3.4,23.0
2025-04-09 12:52:00,750.1,729.9,755.7,773.6,765.7,787.8,764.7,789.5,787.1,796.5,707.9,931.0,2.9,23.0
2025-04-09 12:52:05,749.4,722.8,759.4,768.9,769.2,783.6,768.0,786.9,783.1,795.7,707.7,929.2,2.6,23.0
2025-04-09 12:52:10,762.1,720.3,771.5,771.4,777.8,786.2,771.2,786.7,781.7,795.3,709.1,935.0,2.0,23.0
2025-04-09 12:52:15,772.1,724.9,775.5,777.2,776.0,788.2,770.7,787.8,781.6,791.1,702.6,942.0,2.0,23.0
2025-04-09 12:52:20,773.5,726.8,774.0,776.5,770.9,786.9,760.5,784.0,775.7,778.9,688.0,936.4,1.9,23.0
2025-04-09 12:52:25,764.2,721.1,762.7,768.1,759.6,776.2,750.2,773.2,766.6,770.6,678.3,925.1,1.8,23.0
2025-04-09 12:52:30,759.9,716.4,753.7,760.2,749.4,768.5,740.1,764.7,758.5,757.4,662.2,913.2,1.4,23.0
2025-04-09 12:52:35,747.8,704.3,738.5,745.8,733.9,754.3,723.4,748.8,751.7,746.5,649.0,903.1,1.2,23.0
2025-04-09 12:52:40,737.0,694.3,730.3,733.8,726.9,740.9,721.3,736.2,731.4,743.2,648.1,880.2,1.0,23.0
2025-04-09 12:52:45,735.8,679.2,732.3,723.9,734.3,735.1,730.0,736.1,733.4,748.7,655.5,876.2,0.9,23.0
2025-04-09 12:52:50,740.9,675.0,739.2,732.1,739.9,744.4,731.4,741.7,739.4,753.9,660.8,886.5,1.1,23.0
2025-04-09 12:52:55,739.9,682.4,734.4,736.8,731.4,745.5,727.1,744.9,739.9,746.2,649.5,891.8,1.0,23.0
2025-04-09 12:53:00,726.1,684.5,728.1,735.3,724.5,741.4,714.8,736.3,733.0,737.1,638.6,878.4,1.2,23.0
2025-04-09 12:53:05,718.7,671.3,714.9,719.4,714.1,727.9,709.0,728.3,727.9,735.7,637.7,868.0,1.6,23.1
2025-04-09 12:53:10,717.7,663.0,715.5,715.1,715.6,727.0,709.9,727.3,726.7,734.6,638.1,864.1,1.7,23.1
2025-04-09 12:53:15,720.4,660.9,719.7,715.1,720.6,726.9,716.5,726.5,722.9,735.7,642.9,864.7,1.5,23.1
2025-04-09 12:53:20,731.4,661.3,733.0,718.9,730.9,730.0,724.2,727.8,722.8,736.3,644.5,869.0,1.4,23.1
2025-04-09 12:53:25,748.0,664.7,744.1,725.7,737.5,733.0,727.4,728.1,721.0,738.0,648.1,879.4,1.5,23.1
2025-04-09 12:53:30,756.2,669.5,745.8,731.5,736.6,736.8,728.0,730.8,724.8,745.1,655.2,887.5,1.3,23.1
2025-04-09 12:53:35,755.4,672.2,745.6,731.7,742.5,737.9,741.4,738.1,737.7,762.6,676.1,886.2,1.1,23.1
2025-04-09 12:53:40,764.3,671.6,765.7,738.7,768.5,754.9,753.7,746.7,748.7,798.6,719.5,896.5,1.5,23.1
2025-04-09 12:53:45,785.4,680.4,790.1,759.3,793.9,779.5,795.6,777.6,780.9,823.8,751.2,922.4,1.6,23.1
2025-04-09 12:53:50,805.6,701.8,810.9,787.0,814.0,806.3,812.2,814.3,804.0,836.1,766.4,955.9,1.6,23.1
2025-04-09 12:53:55,819.8,728.7,825.3,802.8,821.7,819.5,818.3,822.1,815.8,842.1,774.1,982.9,1.3,23.2
2025-04-09 12:54:00,827.0,744.5,830.6,821.2,830.7,830.3,823.9,827.9,819.3,843.8,777.0,996.5,1.0,23.2
2025-04-09 12:54:05,828.4,749.0,831.6,825.5,831.4,836.0,824.9,831.8,821.1,844.9,778.1,1004.8,1.1,23.2
2025-04-09 12:54:10,828.6,755.4,830.7,828.3,830.6,836.9,824.3,832.5,822.2,842.1,774.7,1004.0,1.1,23.2
2025-04-09 12:54:15,826.0,755.5,826.8,827.4,827.2,836.2,820.4,830.9,821.3,839.7,771.9,1001.4,0.9,23.2
2025-04-09 12:54:20,824.3,753.4,824.3,823.8,823.8,831.6,816.2,827.5,820.0,838.3,770.3,998.1,1.5,23.2
2025-04-09 12:54:25,823.7,749.6,823.2,821.0,822.5,828.7,815.4,827.3,820.0,838.4,770.1,994.5,1.5,23.2
2025-04-09 12:54:30,823.9,746.7,823.6,819.1,824.8,828.4,816.2,827.6,819.9,838.7,771.2,993.1,1.6,23.2
2025-04-09 12:54:35,829.4,744.6,830.8,821.4,830.2,828.8,819.3,828.2,819.8,838.7,773.4,995.6,2.2,23.2
2025-04-09 12:54:40,833.5,745.5,833.1,824.4,832.7,832.4,824.2,829.8,820.0,841.6,779.0,999.9,2.5,23.3
2025-04-09 12:54:45,835.5,747.9,835.2,829.1,833.7,834.0,825.7,832.3,822.6,846.3,783.1,1004.2,2.6,23.3
2025-04-09 12:54:50,839.1,749.1,838.8,831.5,840.2,839.9,830.8,835.4,826.5,849.4,787.0,1007.2,2.4,23.3
2025-04-09 12:54:55,842.2,750.6,841.7,834.7,842.5,842.5,833.1,839.5,828.5,850.5,788.8,1012.0,2.2,23.3
2025-04-09 12:55:00,843.9,752.5,842.7,836.7,842.5,843.5,834.2,841.4,830.7,851.7,790.2,1013.6,2.4,23.3
2025-04-09 12:55:05,845.1,753.9,842.7,838.0,841.9,845.2,833.2,842.5,832.6,849.6,788.3,1015.4,2.2,23.3
2025-04-09 12:55:10,845.1,754.4,842.0,838.0,840.5,844.5,830.2,840.3,829.6,844.5,786.3,1015.0,2.2,23.3
2025-04-09 12:55:15,843.5,751.7,839.6,835.3,837.2,841.0,826.4,835.6,824.3,842.8,780.4,1012.2,1.7,23.3
2025-04-09 12:55:20,843.5,748.3,839.2,831.6,837.3,837.9,827.0,833.3,822.3,843.3,781.8,1008.4,1.4,23.4
2025-04-09 12:55:25,844.0,743.9,840.8,831.4,837.5,837.6,827.3,833.4,822.8,844.6,783.5,1009.0,1.2,23.4
2025-04-09 12:55:30,845.4,743.5,841.2,832.4,837.7,839.0,829.1,834.8,824.4,845.7,784.8,1009.8,1.1,23.4
2025-04-09 12:55:35,844.5,743.8,840.0,833.6,834.7,839.3,824.6,835.5,825.1,843.8,781.8,1010.6,1.1,23.4
2025-04-09 12:55:40,841.5,741.8,837.2,831.6,831.8,836.6,822.4,833.5,823.9,841.4,779.0,1005.0,1.6,23.4
2025-04-09 12:55:45,837.3,736.9,831.4,827.0,828.4,834.2,818.5,831.3,823.1,837.2,774.0,1001.6,1.7,23.4
2025-04-09 12:55:50,835.0,734.2,828.8,826.6,825.3,832.1,814.7,829.8,820.0,829.0,764.5,997.7,1.7,23.4
2025-04-09 12:55:55,824.5,730.2,822.1,822.7,818.8,826.3,806.8,823.3,811.9,821.9,757.4,991.7,1.5,23.4
2025-04-09 12:56:00,821.1,724.9,815.5,817.7,812.1,821.4,800.9,816.7,805.6,818.7,753.4,984.4,1.5,23.4
2025-04-09 12:56:05,811.6,716.5,806.4,809.4,806.1,812.9,798.0,810.7,803.7,818.4,753.0,977.7,1.6,23.4
2025-04-09 12:56:10,806.8,708.6,803.9,804.6,805.8,810.3,798.3,810.3,803.7,823.7,759.6,970.7,1.6,23.4
2025-04-09 12:56:15,804.5,703.1,804.0,803.6,807.1,810.3,801.0,811.8,806.9,825.6,762.3,970.3,1.5,23.4
2025-04-09 12:56:20,804.9,701.2,806.3,803.4,809.5,813.7,803.3,813.6,809.0,827.8,765.3,972.0,1.2,23.4
2025-04-09 12:56:25,806.9,700.6,807.9,805.6,811.0,814.8,806.4,816.4,810.2,829.6,767.5,974.3,1.3,23.4
2025-04-09 12:56:30,808.3,699.7,808.6,806.8,811.6,815.5,807.1,817.7,811.5,831.5,770.8,976.9,1.4,23.4
2025-04-09 12:56:35,812.0,699.6,813.7,808.3,814.6,818.9,810.1,820.3,812.9,834.2,774.5,978.2,1.2,23.4
2025-04-09 12:56:40,815.5,699.6,816.4,810.4,819.4,821.2,814.9,822.7,815.2,838.1,779.5,983.1,1.1,23.4
2025-04-09 12:56:45,819.9,701.6,822.8,815.9,824.3,826.0,818.9,824.1,817.5,839.9,783.2,987.2,1.0,23.4
2025-04-09 12:56:50,825.4,704.1,826.6,819.3,827.7,829.5,822.0,829.2,821.1,844.2,788.8,993.8,1.2,23.4
2025-04-09 12:56:55,830.0,704.9,830.0,823.3,832.5,833.5,826.3,832.2,824.3,847.2,791.9,996.2,1.2,23.4
2025-04-09 12:57:00,834.3,706.5,833.5,828.2,836.1,838.1,829.3,837.8,829.1,854.3,801.6,1003.2,1.9,23.4
2025-04-09 12:57:05,836.3,709.0,836.1,830.7,839.0,840.8,832.4,841.0,832.9,856.9,802.8,1005.2,1.8,23.4
2025-04-09 12:57:10,838.6,712.2,839.2,834.4,842.4,842.5,834.5,843.2,833.9,858.2,806.1,1011.8,1.5,23.4
2025-04-09 12:57:15,840.9,713.7,841.2,836.4,843.9,845.1,836.7,847.1,836.5,859.9,808.9,1013.6,1.8,23.5
2025-04-09 12:57:20,842.5,713.8,841.6,838.2,845.7,847.2,838.1,848.6,840.4,861.4,810.2,1015.8,1.7,23.5
2025-04-09 12:57:25,843.8,714.2,843.2,839.7,846.2,848.6,837.9,850.0,841.2,860.7,809.1,1018.0,1.7,23.4
2025-04-09 12:57:30,845.8,714.2,843.4,840.6,845.1,849.6,836.8,849.8,840.6,859.4,807.4,1019.2,1.8,23.5
2025-04-09 12:57:35,846.1,713.9,843.1,840.7,844.1,847.9,835.4,847.9,839.8,858.4,806.6,1018.0,1.9,23.5
2025-04-09 12:57:40,845.9,709.9,841.6,837.7,843.3,845.9,835.9,847.1,839.4,860.7,809.9,1015.0,1.9,23.5
2025-04-09 12:57:45,845.5,707.5,841.9,838.9,844.5,846.1,839.4,848.3,840.9,864.3,814.9,1016.2,1.6,23.5
2025-04-09 12:57:50,846.3,706.5,846.3,841.2,849.4,851.8,844.3,852.0,843.1,865.7,817.4,1021.2,1.3,23.5
2025-04-09 12:57:55,850.4,707.1,849.1,845.6,852.0,855.3,844.5,854.3,845.8,866.4,818.4,1024.4,1.6,23.5
2025-04-09 12:58:00,851.1,707.8,849.8,848.2,852.5,857.4,844.9,855.3,847.5,866.8,819.0,1025.4,2.1,23.5
2025-04-09 12:58:05,852.3,708.8,851.2,849.4,854.1,856.5,845.5,855.9,848.8,868.7,822.4,1026.4,2.0,23.5
2025-04-09 12:58:10,854.0,707.3,853.8,849.4,856.6,856.3,848.6,857.5,849.4,870.0,823.7,1026.8,2.9,23.5
2025-04-09 12:58:15,857.8,705.7,857.3,851.1,859.9,858.6,852.9,859.3,850.6,873.5,829.0,1029.8,2.8,23.5
2025-04-09 12:58:20,861.6,705.2,860.9,854.3,863.9,862.6,856.0,863.2,855.4,877.3,833.3,1034.2,3.0,23.5
2025-04-09 12:58:25,864.2,705.4,863.1,857.6,865.6,865.2,858.0,866.4,857.4,879.1,836.5,1037.0,3.0,23.5
2025-04-09 12:58:30,864.9,706.3,864.1,859.7,866.7,866.5,858.3,867.1,859.1,880.8,837.8,1040.4,2.5,23.5
2025-04-09 12:58:35,865.5,706.0,863.8,860.8,866.7,867.4,858.0,868.6,860.2,881.3,838.6,1040.4,2.8,23.5
2025-04-09 12:58:40,865.4,705.7,863.6,860.5,866.3,868.0,857.5,869.0,860.6,881.6,838.6,1039.6,2.6,23.5
2025-04-09 12:58:45,864.9,701.6,863.0,859.4,865.5,869.1,857.1,869.6,860.7,881.4,838.5,1039.2,2.3,23.5
2025-04-09 12:58:50,864.5,699.3,862.9,859.0,865.3,869.0,857.0,869.6,860.2,881.1,838.5,1038.6,2.4,23.5
2025-04-09 12:58:55,864.7,697.1,863.1,859.2,865.4,868.7,857.6,869.3,860.1,881.1,838.9,1038.6,2.6,23.5
2025-04-09 12:59:00,865.8,695.1,863.7,859.3,866.0,868.1,858.3,869.3,860.0,881.4,839.8,1039.0,2.7,23.4
2025-04-09 12:59:05,866.4,693.8,865.0,859.4,866.8,868.5,860.0,869.1,860.5,881.6,840.9,1040.0,2.7,23.4
2025-04-09 12:59:10,867.8,692.2,866.2,860.3,868.3,869.5,860.9,869.4,860.9,882.6,842.6,1041.0,2.6,23.4
2025-04-09 12:59:15,869.0,690.6,867.5,861.7,868.8,870.3,862.3,871.1,861.3,883.4,843.8,1042.0,2.7,23.4
2025-04-09 12:59:20,869.6,688.9,867.6,862.3,869.1,871.5,862.3,871.4,861.9,883.9,844.5,1043.2,2.3,23.4
2025-04-09 12:59:25,869.6,686.7,867.8,863.1,869.3,872.0,862.1,871.5,861.6,883.1,843.6,1043.8,2.5,23.4
2025-04-09 12:59:30,868.9,683.4,867.4,863.2,868.5,870.7,858.9,869.5,860.2,881.4,842.2,1043.6,2.4,23.3
2025-04-09 12:59:35,868.2,680.5,866.8,862.3,867.4,869.1,858.6,868.8,858.9,880.5,841.3,1042.2,2.2,23.3
2025-04-09 12:59:40,867.4,675.8,865.3,860.3,866.4,867.4,858.4,867.2,858.4,881.5,843.2,1040.6,1.9,23.4
2025-04-09 12:59:45,867.2,674.1,865.5,859.6,866.5,867.4,859.0,867.1,858.9,884.1,846.3,1040.8,1.9,23.4
2025-04-09 12:59:50,867.0,670.6,866.1,859.9,868.3,869.8,862.1,869.5,861.6,887.1,849.8,1041.2,1.6,23.3
2025-04-09 12:59:55,868.7,669.0,867.5,861.2,870.7,871.5,865.0,871.7,864.2,889.8,852.8,1044.2,1.3,23.3
2025-04-09 13:00:00,870.3,667.4,869.7,864.4,872.8,873.9,866.5,875.9,867.7,892.2,856.0,1048.0,1.1,23.3
2025-04-09 13:00:05,873.0,666.9,872.0,866.8,874.2,876.4,867.3,876.7,869.0,892.9,857.6,1050.0,1.0,23.3
2025-04-09 13:00:10,874.5,665.3,872.7,867.9,875.1,877.5,868.0,879.1,870.7,893.5,858.6,1051.6,0.7,23.3
2025-04-09 13:00:15,875.4,665.1,873.7,869.8,875.5,878.0,869.0,879.3,870.9,893.8,859.0,1052.2,0.7,23.3
2025-04-09 13:00:20,878.1,662.7,876.3,870.7,876.8,879.6,870.2,879.5,871.0,894.4,860.2,1054.6,0.5,23.2
2025-04-09 13:00:25,879.2,661.5,877.4,871.2,878.6,879.9,871.6,879.9,871.3,896.6,861.4,1054.8,0.5,23.2
2025-04-09 13:00:30,880.7,659.1,878.9,873.0,880.3,882.4,873.0,881.2,873.3,898.0,865.1,1058.2,0.4,23.2
2025-04-09 13:00:35,881.2,658.2,880.4,873.3,881.7,883.5,873.4,883.2,873.9,899.2,867.1,1059.4,0.4,23.2
2025-04-09 13:00:40,882.2,657.2,881.4,875.3,882.8,884.4,874.1,883.7,875.4,899.7,867.5,1059.4,0.2,23.2
2025-04-09 13:00:45,882.7,655.3,882.1,876.3,883.1,884.3,875.5,884.7,875.9,901.3,869.5,1060.6,0.1,23.2
2025-04-09 13:00:50,883.4,654.7,882.3,876.6,884.4,885.4,876.6,886.6,877.9,902.2,870.8,1062.2,0.1,23.2
2025-04-09 13:00:55,883.9,653.8,882.7,877.7,886.2,886.4,877.5,888.5,878.4,902.3,871.5,1063.0,0.3,23.2
2025-04-09 13:01:00,885.6,651.3,884.0,878.8,886.2,887.2,878.7,889.0,879.3,902.7,872.0,1064.8,0.8,23.2
2025-04-09 13:01:05,885.6,650.4,884.9,879.1,887.0,889.1,879.7,889.5,879.5,903.3,873.7,1065.4,1.0,23.2
2025-04-09 13:01:10,887.4,647.4,886.2,880.6,887.4,890.6,880.5,890.6,880.2,903.8,874.3,1067.4,1.8,23.2
2025-04-09 13:01:15,887.7,646.3,886.3,881.6,888.0,889.8,880.6,890.9,880.1,903.7,874.2,1067.8,2.2,23.3
2025-04-09 13:01:20,887.9,644.2,886.4,881.4,888.6,890.7,878.0,890.3,880.0,902.8,873.5,1068.2,2.3,23.2
2025-04-09 13:01:25,887.6,642.3,886.2,881.0,888.0,890.2,878.2,889.4,879.7,902.4,873.0,1067.8,1.9,23.3
2025-04-09 13:01:30,887.3,640.1,885.6,879.8,886.5,889.2,877.9,888.1,879.2,902.1,873.1,1066.4,1.8,23.2
2025-04-09 13:01:35,887.1,635.9,885.3,879.0,886.8,888.2,880.3,888.5,879.4,904.3,876.8,1065.4,1.5,23.3
2025-04-09 13:01:40,887.9,633.3,887.3,880.3,889.5,891.1,882.6,891.2,880.7,905.5,879.2,1066.4,1.2,23.3
2025-04-09 13:01:45,890.7,633.5,889.6,883.4,891.3,891.7,882.6,892.0,882.7,907.4,881.5,1069.6,1.2,23.3
2025-04-09 13:01:50,891.2,633.4,889.9,885.7,891.1,895.2,883.8,895.1,884.8,908.3,882.2,1071.2,1.3,23.3
2025-04-09 13:01:55,891.2,633.7,889.9,886.2,890.7,895.7,883.2,895.0,885.4,908.3,882.2,1072.0,1.1,23.3
2025-04-09 13:02:00,891.3,632.5,889.5,886.0,890.6,895.0,883.0,894.7,885.1,908.0,882.0,1072.6,1.5,23.3
2025-04-09 13:02:05,890.4,629.9,888.7,885.7,890.2,895.0,882.6,894.5,885.1,907.1,881.8,1072.6,1.4,23.3
2025-04-09 13:02:10,889.7,628.9,888.0,885.1,889.7,894.2,881.8,894.1,884.9,906.8,880.6,1071.2,1.2,23.3
2025-04-09 13:02:15,888.2,624.3,887.2,883.4,889.1,892.3,881.6,893.6,884.5,906.9,881.8,1069.8,1.1,23.3
2025-04-09 13:02:20,888.2,623.4,887.0,883.0,888.8,892.0,881.5,893.1,884.0,906.5,881.4,1069.4,1.1,23.3
2025-04-09 13:02:25,888.1,621.9,886.5,882.9,888.6,891.3,881.6,892.9,883.6,906.8,881.2,1069.6,1.1,23.3
2025-04-09 13:02:30,888.3,620.3,886.7,882.7,888.5,891.9,881.8,892.3,883.1,907.0,882.8,1069.6,1.3,23.3
2025-04-09 13:02:35,889.8,617.9,887.7,882.7,889.3,892.0,882.8,892.4,883.6,907.5,884.0,1069.4,1.3,23.3
2025-04-09 13:02:40,892.4,615.1,890.9,884.0,891.9,892.4,885.6,893.1,884.1,909.4,886.4,1071.0,1.3,23.3
2025-04-09 13:02:45,895.2,613.4,893.0,886.5,893.8,894.7,887.4,894.8,885.4,911.2,889.5,1073.4,1.5,23.3
2025-04-09 13:02:50,897.5,613.1,895.5,888.6,894.4,895.6,888.9,896.4,886.7,913.5,892.3,1076.2,1.5,23.3
2025-04-09 13:02:55,897.5,612.4,895.5,889.5,895.0,899.0,888.6,899.8,888.6,914.7,892.6,1078.0,1.5,23.4
2025-04-09 13:03:00,897.0,611.4,894.7,889.8,894.8,899.5,888.3,899.8,889.6,914.3,892.8,1078.8,1.4,23.4
2025-04-09 13:03:05,895.3,609.2,893.6,890.1,894.6,899.3,887.9,899.6,889.7,914.3,892.8,1077.8,1.2,23.4
2025-04-09 13:03:10,895.3,604.9,893.3,889.9,893.8,898.6,887.3,899.5,890.2,913.5,892.6,1077.8,1.1,23.4
2025-04-09 13:03:15,895.5,604.9,893.2,889.9,893.5,898.7,887.3,899.5,889.0,911.6,889.9,1077.8,0.9,23.4
2025-04-09 13:03:20,892.5,600.1,891.2,888.0,891.7,897.7,884.8,898.1,888.2,910.1,888.7,1077.0,0.8,23.4
2025-04-09 13:03:25,891.3,596.1,888.8,886.2,890.6,895.5,883.6,895.4,885.8,908.4,887.7,1075.0,1.4,23.4
2025-04-09 13:03:30,890.4,594.7,888.1,885.9,889.4,894.7,883.3,894.4,884.8,907.8,887.0,1073.0,1.9,23.4
2025-04-09 13:03:35,889.9,590.3,887.4,885.1,888.9,892.8,881.8,893.8,884.0,906.7,885.9,1072.4,2.4,23.5
2025-04-09 13:03:40,889.7,588.5,887.3,883.7,888.1,892.7,881.7,893.3,883.1,906.4,886.0,1071.0,2.4,23.5
2025-04-09 13:03:45,889.6,586.8,887.3,883.2,887.5,892.4,881.7,893.0,882.5,905.8,885.6,1069.2,2.3,23.5
2025-04-09 13:03:50,891.6,585.1,888.4,883.6,888.2,891.8,882.5,893.0,882.8,905.5,887.8,1071.4,2.7,23.5
2025-04-09 13:03:55,892.0,584.7,890.3,883.8,889.5,892.4,883.6,892.9,882.8,906.7,887.9,1071.8,2.7,23.6
2025-04-09 13:04:00,892.8,583.3,891.3,885.9,890.7,893.5,884.2,894.1,883.6,907.4,888.9,1073.4,2.8,23.6
2025-04-09 13:04:05,894.1,582.1,893.4,886.6,891.1,894.2,885.7,894.9,883.6,907.8,889.7,1074.4,2.9,23.6
2025-04-09 13:04:10,895.8,580.7,893.9,886.7,892.5,895.7,885.7,895.3,884.0,907.8,889.9,1075.4,2.4,23.6
2025-04-09 13:04:15,895.4,579.3,894.2,887.2,892.3,896.6,886.2,894.9,883.9,907.6,889.6,1075.6,2.0,23.6
2025-04-09 13:04:20,894.1,576.8,894.0,887.3,892.1,896.0,885.3,894.7,883.6,906.0,889.1,1076.4,2.0,23.6
2025-04-09 13:04:25,891.6,573.6,889.6,887.1,889.7,894.9,882.0,894.9,882.8,905.6,888.2,1075.2,2.0,23.6
2025-04-09 13:04:30,888.5,570.9,887.2,885.5,888.0,892.9,880.2,893.9,882.3,904.4,886.8,1073.2,1.8,23.6
2025-04-09 13:04:35,886.5,568.9,884.9,883.4,886.8,891.4,878.7,892.2,881.0,903.5,885.8,1070.2,1.7,23.6
2025-04-09 13:04:40,882.4,563.2,881.8,882.4,883.0,889.5,876.6,891.8,879.4,899.9,881.6,1066.4,1.5,23.6
2025-04-09 13:04:45,881.6,560.9,880.2,878.9,880.5,887.2,872.3,886.8,876.7,897.9,880.2,1063.8,1.9,23.6
2025-04-09 13:04:50,879.6,554.7,879.1,874.9,879.3,884.1,871.8,885.1,874.1,894.5,877.1,1059.6,1.7,23.6
2025-04-09 13:04:55,879.8,550.5,879.2,873.4,879.5,882.1,872.6,883.1,873.2,894.6,876.8,1059.6,1.4,23.6
2025-04-09 13:05:00,881.8,546.9,879.5,874.0,879.6,882.9,872.4,883.8,873.2,895.5,876.9,1060.2,1.3,23.6
2025-04-09 13:05:05,881.9,544.5,879.4,874.5,877.6,883.8,869.9,883.7,873.9,893.0,873.9,1060.0,1.5,23.6
2025-04-09 13:05:10,881.0,541.9,876.9,872.8,876.9,882.0,868.0,882.0,871.2,890.3,872.3,1059.0,1.7,23.6
2025-04-09 13:05:15,880.7,536.9,876.7,871.6,875.3,880.1,866.2,880.4,870.3,889.3,869.7,1055.2,1.5,23.6
2025-04-09 13:05:20,880.3,533.7,876.2,868.6,872.6,876.9,864.6,877.0,867.3,886.9,867.6,1054.6,1.6,23.6
2025-04-09 13:05:25,879.2,531.2,874.4,868.5,870.3,875.3,862.8,876.0,866.3,887.1,868.8,1050.2,1.6,23.6
2025-04-09 13:05:30,874.2,525.5,869.4,866.4,870.6,873.1,862.0,875.1,866.7,888.1,869.7,1047.8,1.5,23.6
2025-04-09 13:05:35,871.7,521.8,868.9,864.7,869.0,872.8,862.5,875.5,866.8,887.6,869.5,1047.0,1.4,23.6
2025-04-09 13:05:40,871.4,518.7,867.0,864.5,867.5,873.2,861.1,875.7,866.5,887.6,869.1,1046.8,1.3,23.6
2025-04-09 13:05:45,870.8,516.3,868.1,864.3,868.5,872.0,862.3,874.8,866.1,884.9,867.1,1045.4,1.2,23.6
2025-04-09 13:05:50,874.4,512.6,872.7,863.9,869.7,872.4,862.8,873.6,863.2,884.3,866.8,1046.6,1.0,23.6
2025-04-09 13:05:55,876.0,510.0,873.0,865.7,870.1,872.6,862.9,873.6,862.3,884.2,867.4,1048.8,0.8,23.6
2025-04-09 13:06:00,875.7,508.0,873.2,866.2,870.3,873.5,863.4,873.5,862.3,884.7,868.8,1050.2,0.6,23.6
2025-04-09 13:06:05,871.8,507.4,870.9,866.6,870.2,873.8,863.5,873.6,862.8,886.4,869.5,1050.6,0.5,23.6
2025-04-09 13:06:10,868.4,501.6,866.0,864.5,866.5,873.2,860.3,874.4,863.5,885.8,868.5,1047.8,0.4,23.6
2025-04-09 13:06:15,866.3,497.3,864.2,860.9,865.5,869.6,859.6,872.7,863.6,884.4,866.8,1044.8,0.8,23.6
2025-04-09 13:06:20,866.5,494.7,865.7,860.3,867.2,869.6,861.5,872.2,863.0,884.8,869.5,1044.2,0.7,23.6
2025-04-09 13:06:25,871.0,491.0,869.3,860.3,870.3,869.9,864.3,872.6,863.3,887.7,873.9,1047.2,0.9,23.6
2025-04-09 13:06:30,872.4,488.5,871.8,863.3,873.9,872.5,867.9,876.9,866.0,889.4,875.1,1050.2,0.9,23.6
2025-04-09 13:06:35,873.0,486.2,873.6,868.2,872.8,876.9,867.4,878.6,867.1,888.0,873.9,1054.4,0.8,23.6
2025-04-09 13:06:40,873.1,484.8,873.3,869.2,871.8,876.7,865.5,878.3,866.6,886.7,872.8,1054.2,0.8,23.6
2025-04-09 13:06:45,873.5,479.9,873.4,868.3,871.7,875.6,865.2,877.4,866.1,886.4,872.6,1051.6,0.9,23.6
2025-04-09 13:06:50,873.6,476.7,873.2,867.0,872.0,875.2,867.7,876.1,867.1,890.9,877.7,1051.4,0.8,23.6
2025-04-09 13:06:55,874.0,472.3,875.7,867.3,874.4,877.6,872.4,880.8,872.7,897.1,884.3,1052.6,0.8,23.6
2025-04-09 13:07:00,875.4,469.1,878.1,871.5,881.2,881.1,874.8,883.4,876.8,902.4,891.4,1057.6,0.7,23.6
2025-04-09 13:07:05,879.2,468.0,882.3,873.7,882.5,883.6,878.8,889.0,881.6,906.2,895.2,1061.8,0.7,23.6
2025-04-09 13:07:10,883.1,467.6,884.3,877.1,886.7,888.8,883.1,893.3,885.2,909.4,900.2,1067.6,0.6,23.6
2025-04-09 13:07:15,888.3,464.6,889.5,882.8,890.9,893.0,885.1,896.9,887.2,911.3,902.8,1072.2,0.8,23.6
2025-04-09 13:07:20,891.6,463.1,892.6,888.0,892.2,896.1,887.3,899.7,888.9,911.9,903.5,1076.4,1.2,23.6
2025-04-09 13:07:25,892.7,461.4,892.9,889.5,892.7,898.6,886.9,899.8,889.3,911.5,903.6,1078.2,1.2,23.6
2025-04-09 13:07:30,893.7,458.6,893.8,889.8,892.9,899.1,887.3,899.6,888.9,911.2,903.2,1078.6,1.4,23.6
2025-04-09 13:07:35,894.4,454.8,894.9,889.7,892.9,898.9,887.0,899.3,888.9,911.5,903.9,1078.8,1.5,23.6
2025-04-09 13:07:40,894.4,451.7,895.1,889.1,893.2,898.5,887.3,899.7,888.7,912.5,904.2,1077.6,1.4,23.7
2025-04-09 13:07:45,894.8,448.2,895.0,888.9,893.1,898.6,887.7,899.1,889.5,912.4,905.2,1078.0,1.4,23.7
2025-04-09 13:07:50,894.8,444.4,895.3,888.6,893.1,898.2,887.5,899.0,889.4,912.4,905.3,1077.2,1.1,23.6
2025-04-09 13:07:55,895.1,440.9,894.9,888.8,892.9,898.3,887.8,898.8,889.3,912.2,904.9,1077.0,1.0,23.7
2025-04-09 13:08:00,894.8,437.8,894.8,888.4,892.4,898.5,886.9,898.3,889.0,911.2,904.7,1076.2,1.0,23.7
2025-04-09 13:08:05,893.9,433.0,894.5,888.1,892.2,898.5,886.5,897.9,888.3,910.4,903.5,1075.4,0.9,23.7
2025-04-09 13:08:10,893.6,428.8,894.0,888.0,892.0,897.9,885.9,897.1,887.6,910.2,903.4,1073.4,0.8,23.7
2025-04-09 13:08:15,892.2,427.1,893.7,887.4,891.7,897.5,885.6,896.8,887.3,909.6,903.0,1072.0,0.8,23.7
2025-04-09 13:08:20,891.3,420.3,892.7,885.7,890.8,896.1,885.2,895.7,887.0,909.3,902.9,1070.8,0.9,23.7
2025-04-09 13:08:25,891.2,416.7,892.2,885.4,890.9,895.0,884.8,895.1,886.5,909.4,903.3,1070.6,0.9,23.7
2025-04-09 13:08:30,891.4,414.0,892.2,885.2,890.3,894.8,884.5,895.2,884.1,908.9,903.7,1070.2,0.8,23.7
2025-04-09 13:08:35,891.3,408.9,891.9,884.8,889.1,894.5,883.5,894.7,884.4,908.4,903.3,1070.0,0.9,23.7
2025-04-09 13:08:40,891.1,406.5,891.8,884.4,888.7,893.0,882.8,894.1,883.4,907.2,902.4,1069.6,1.1,23.6
2025-04-09 13:08:45,890.2,402.5,891.3,883.4,887.7,892.5,881.8,892.8,882.2,906.9,901.8,1069.2,1.5,23.6
2025-04-09 13:08:50,888.8,399.1,890.9,882.7,887.3,891.5,881.2,892.2,882.1,906.6,900.9,1068.8,1.5,23.6
2025-04-09 13:08:55,888.5,395.7,890.1,881.8,887.2,891.1,880.9,892.1,882.4,905.9,900.7,1068.8,1.5,23.6
2025-04-09 13:09:00,888.3,393.6,889.5,881.6,886.5,891.9,880.4,892.0,881.9,905.2,900.2,1068.2,1.4,23.6
2025-04-09 13:09:05,887.6,390.4,888.1,881.3,885.9,891.4,879.7,891.5,881.7,905.2,899.9,1067.8,1.3,23.5
2025-04-09 13:09:10,887.0,386.6,888.2,880.8,885.4,891.2,879.6,891.6,881.8,904.7,900.0,1067.0,1.1,23.5
2025-04-09 13:09:15,887.0,384.0,887.6,880.7,885.0,891.6,879.5,891.1,881.6,904.3,899.5,1066.0,1.0,23.5
2025-04-09 13:09:20,886.4,383.0,887.4,880.9,884.2,891.5,879.4,890.7,880.8,903.2,898.2,1064.6,0.9,23.5
2025-04-09 13:09:25,885.7,377.9,885.4,879.1,884.0,890.6,877.7,890.0,879.8,902.3,897.7,1064.2,0.8,23.6
2025-04-09 13:09:30,885.0,374.5,884.7,878.5,883.1,889.5,877.2,889.1,878.9,900.8,896.7,1063.2,0.6,23.5
2025-04-09 13:09:35,884.4,371.6,883.6,877.9,880.2,888.2,876.0,887.9,877.6,900.7,896.2,1062.0,0.5,23.5
2025-04-09 13:09:40,882.9,368.2,882.8,877.3,880.9,887.1,875.5,887.3,876.2,900.6,896.1,1059.2,0.4,23.5
2025-04-09 13:09:45,882.4,366.1,882.6,876.5,879.9,887.1,875.6,887.0,877.1,901.3,896.2,1058.8,0.4,23.5
2025-04-09 13:09:50,882.3,362.4,882.6,877.0,880.0,887.2,876.5,888.0,877.6,901.6,897.9,1058.6,0.3,23.6
2025-04-09 13:09:55,882.5,359.7,883.0,878.1,880.9,887.9,877.2,889.6,878.0,902.2,898.5,1059.2,0.2,23.6
2025-04-09 13:10:00,882.9,355.8,883.7,877.8,882.5,888.0,877.5,889.3,878.8,903.1,899.8,1061.4,0.1,23.6
2025-04-09 13:10:05,883.8,353.8,884.2,878.8,883.5,888.9,878.4,890.2,879.2,903.7,900.4,1062.2,0.1,23.6
2025-04-09 13:10:10,884.4,350.4,884.5,880.0,883.7,889.9,878.9,890.8,880.3,904.0,901.0,1062.2,0.1,23.7
2025-04-09 13:10:15,885.4,347.7,884.9,880.2,883.9,891.6,879.0,891.2,880.0,903.8,901.5,1063.0,0.2,23.7
2025-04-09 13:10:20,885.9,343.7,885.1,879.9,883.9,891.1,878.9,891.4,879.5,903.3,900.7,1062.6,0.3,23.7
2025-04-09 13:10:25,885.7,342.2,885.3,879.6,884.1,890.6,878.4,891.0,878.8,902.8,900.4,1062.8,0.3,23.7
2025-04-09 13:10:30,885.2,338.1,885.2,879.3,884.2,889.7,878.2,890.7,879.0,903.1,900.6,1062.0,0.4,23.7
2025-04-09 13:10:35,884.6,334.7,884.8,879.3,884.6,889.8,878.3,891.0,879.5,903.2,900.9,1062.0,0.4,23.7
2025-04-09 13:10:40,883.5,331.2,884.8,879.4,884.9,889.9,878.6,890.5,879.8,903.6,902.0,1061.8,0.3,23.8
2025-04-09 13:10:45,883.5,328.9,885.0,880.0,884.9,891.0,878.4,890.9,881.1,904.2,902.9,1062.2,0.2,23.8
2025-04-09 13:10:50,884.0,325.0,885.8,880.2,884.8,891.0,879.0,891.4,881.5,904.5,903.3,1062.6,0.2,23.8
2025-04-09 13:10:55,884.4,322.1,887.3,880.2,885.3,891.8,879.3,891.6,881.8,905.0,904.1,1063.4,0.3,23.8
2025-04-09 13:11:00,884.8,319.0,887.9,880.4,885.4,892.1,879.2,892.2,882.3,906.4,904.9,1063.8,0.4,23.9
2025-04-09 13:11:05,885.2,317.3,888.1,880.7,885.5,892.5,879.5,892.8,882.4,906.0,905.7,1064.8,0.5,23.9
2025-04-09 13:11:10,885.2,312.3,888.3,881.2,885.0,892.9,879.6,893.1,883.0,906.5,906.0,1065.2,0.5,23.9
2025-04-09 13:11:15,885.1,309.5,888.0,882.1,884.7,893.0,879.5,893.0,882.8,906.1,905.4,1065.0,0.6,23.9
2025-04-09 13:11:20,885.3,307.6,888.0,882.1,884.2,893.3,878.7,892.8,882.6,905.1,904.4,1064.8,0.6,23.9
2025-04-09 13:11:25,885.2,304.4,887.7,881.5,883.2,892.7,877.3,892.0,882.2,904.7,902.6,1063.8,0.7,23.9
2025-04-09 13:11:30,884.4,301.4,886.2,880.7,882.4,891.6,877.1,891.4,881.7,903.8,902.5,1062.2,0.8,23.9
2025-04-09 13:11:35,883.2,298.4,885.7,879.9,882.6,891.2,876.9,891.1,881.1,904.2,902.5,1061.4,1.0,23.9
2025-04-09 13:11:40,883.7,296.1,885.4,879.6,882.8,890.9,877.4,891.2,880.9,905.0,903.9,1061.0,0.9,24.0
2025-04-09 13:11:45,884.1,292.8,886.0,880.3,883.8,891.3,877.7,891.0,880.7,904.4,904.0,1061.6,0.8,24.0
2025-04-09 13:11:50,885.3,291.4,886.3,880.7,883.2,891.3,877.2,891.0,879.9,902.6,903.1,1062.4,0.8,24.0
2025-04-09 13:11:55,884.9,288.9,886.0,880.3,882.9,891.2,876.7,890.4,879.5,902.2,902.3,1062.4,0.8,24.0
2025-04-09 13:12:00,884.2,285.4,884.9,879.8,882.6,890.3,876.0,888.7,878.7,901.4,901.5,1061.2,0.7,24.1
2025-04-09 13:12:05,883.4,281.3,884.6,879.0,881.5,888.9,874.8,888.9,878.8,900.5,900.8,1060.2,0.7,24.1
2025-04-09 13:12:10,882.4,277.4,883.9,878.7,880.6,888.8,874.7,887.9,878.3,900.9,901.0,1059.6,0.8,24.1
2025-04-09 13:12:15,881.7,275.0,883.5,877.5,880.2,888.1,874.2,888.1,878.3,901.6,901.3,1058.8,1.1,24.1
2025-04-09 13:12:20,881.9,272.0,883.1,877.7,879.9,888.3,874.5,888.4,878.7,901.7,901.6,1058.6,1.1,24.1
2025-04-09 13:12:25,881.9,268.8,882.7,877.7,879.0,888.2,874.5,888.6,878.8,901.6,901.6,1059.0,1.0,24.1
2025-04-09 13:12:30,881.7,265.2,882.7,877.2,879.6,888.3,874.5,888.4,878.8,900.9,901.8,1059.4,0.9,24.1
2025-04-09 13:12:35,882.1,263.7,882.5,877.5,879.7,888.5,874.2,888.5,878.5,900.2,901.1,1060.2,0.9,24.1
2025-04-09 13:12:40,882.0,260.4,882.4,877.4,879.1,888.1,873.2,888.2,877.7,899.9,900.4,1059.2,0.8,24.2
2025-04-09 13:12:45,881.4,256.3,882.3,877.3,878.8,887.5,872.8,887.5,877.5,900.5,900.6,1059.6,0.8,24.2
2025-04-09 13:12:50,881.2,254.1,882.0,877.0,878.7,887.6,873.1,887.9,877.7,900.7,901.3,1059.6,0.7,24.2
2025-04-09 13:12:55,881.0,252.0,882.2,877.4,879.1,887.9,872.8,887.9,877.8,900.4,901.1,1059.8,0.6,24.2
2025-04-09 13:13:00,880.5,249.0,882.0,877.8,878.9,887.3,872.0,887.9,877.5,900.3,900.7,1059.8,0.5,24.2
2025-04-09 13:13:05,880.4,244.9,881.6,877.6,878.5,887.2,872.1,887.3,877.1,900.0,901.1,1059.4,0.4,24.2
2025-04-09 13:13:10,880.5,243.1,881.9,877.4,878.8,887.2,872.2,887.6,877.2,900.8,902.3,1058.8,0.3,24.2
2025-04-09 13:13:15,881.1,240.4,882.7,877.4,879.2,887.7,873.6,887.9,877.3,900.8,902.2,1059.4,0.2,24.3
2025-04-09 13:13:20,881.3,237.9,883.5,878.0,879.6,888.8,874.2,888.4,877.1,901.4,902.0,1060.4,0.2,24.3
2025-04-09 13:13:25,882.0,235.2,883.7,878.4,879.6,888.7,874.0,888.4,877.3,900.9,901.7,1060.6,0.2,24.3
2025-04-09 13:13:30,882.0,232.5,883.0,878.1,878.6,888.6,873.6,887.6,877.3,899.5,900.7,1059.4,0.2,24.3
2025-04-09 13:13:35,881.5,229.6,881.7,878.1,877.3,887.7,871.0,887.2,876.4,898.8,899.8,1057.6,0.2,24.3
2025-04-09 13:13:40,881.3,228.8,881.5,877.8,877.0,886.2,871.1,885.3,876.0,897.8,899.2,1057.0,0.2,24.3
2025-04-09 13:13:45,879.4,223.4,879.7,876.4,876.1,885.5,870.3,884.9,875.7,898.5,899.4,1056.0,0.4,24.3
2025-04-09 13:13:50,878.9,221.9,879.3,875.3,875.8,885.4,870.6,884.6,876.2,898.5,899.7,1055.4,0.5,24.3
2025-04-09 13:13:55,878.5,219.3,878.5,875.3,873.1,885.3,869.8,885.1,875.9,897.5,898.7,1055.6,0.6,24.3
2025-04-09 13:14:00,877.3,217.5,877.7,874.5,873.5,885.1,868.9,884.7,875.7,897.2,898.1,1054.8,0.6,24.4
2025-04-09 13:14:05,876.7,215.4,876.9,873.5,873.2,884.2,869.0,884.2,875.4,896.9,898.6,1054.2,0.6,24.3
2025-04-09 13:14:10,875.6,212.5,875.8,873.1,873.0,884.1,869.1,884.6,875.6,898.0,898.5,1053.8,0.5,24.4
2025-04-09 13:14:15,873.7,210.5,875.9,872.7,873.5,884.6,869.1,884.4,875.9,898.1,899.0,1053.2,0.4,24.4
2025-04-09 13:14:20,874.3,207.9,875.9,872.7,873.5,884.9,868.9,884.2,875.8,898.0,899.6,1053.0,0.4,24.4
2025-04-09 13:14:25,874.2,206.7,876.3,872.8,873.8,884.2,869.7,884.1,875.6,897.6,899.7,1052.8,0.3,24.4
2025-04-09 13:14:30,874.9,205.4,877.3,872.6,874.5,883.9,870.1,884.1,875.5,897.3,899.4,1052.8,0.2,24.4
2025-04-09 13:14:35,876.5,202.8,877.7,872.9,874.7,883.6,870.3,884.1,873.8,896.6,898.9,1052.4,0.1,24.4
2025-04-09 13:14:40,875.9,200.4,877.6,873.0,874.4,882.9,870.3,883.7,873.3,896.6,897.9,1051.8,0.1,24.4
2025-04-09 13:14:45,875.7,199.5,877.5,872.5,874.0,882.3,870.2,883.4,873.1,896.2,898.6,1050.6,0.1,24.5
2025-04-09 13:14:50,874.8,196.0,878.0,872.8,874.6,882.8,870.3,883.6,874.1,897.1,899.7,1050.8,0.3,24.4
2025-04-09 13:14:55,876.3,194.8,881.3,872.7,876.3,883.6,871.9,884.9,875.8,899.5,902.4,1052.4,0.4,24.5
2025-04-09 13:15:00,878.6,193.4,882.3,874.9,878.7,886.3,873.2,887.1,877.1,900.8,904.9,1056.0,0.3,24.5
2025-04-09 13:15:05,880.9,192.3,883.7,876.2,880.1,887.2,874.8,887.2,878.1,901.5,904.5,1056.6,0.2,24.5
2025-04-09 13:15:10,881.4,190.3,884.5,877.6,880.4,888.2,875.2,887.7,879.1,901.6,905.0,1057.2,0.1,24.5
2025-04-09 13:15:15,881.9,188.3,884.5,877.3,880.4,888.2,875.1,887.4,878.5,900.5,904.4,1057.8,0.0,24.5
2025-04-09 13:15:20,881.4,186.5,884.2,877.2,880.0,887.1,874.2,886.9,877.6,899.8,902.4,1057.4,0.0,24.6
2025-04-09 13:15:25,881.3,185.8,884.1,876.7,879.2,886.2,873.3,885.8,876.7,898.7,901.8,1057.0,0.0,24.6
2025-04-09 13:15:30,880.0,184.5,883.9,875.7,878.0,884.3,872.5,885.1,876.8,897.7,901.4,1055.6,0.0,24.6
2025-04-09 13:15:35,879.4,183.5,883.3,874.8,877.3,883.6,871.6,884.0,875.7,897.2,900.3,1055.2,0.0,24.6
2025-04-09 13:15:40,879.0,181.6,882.1,873.4,877.0,884.3,871.1,883.4,876.3,898.1,901.5,1053.0,0.0,24.6
2025-04-09 13:15:45,879.0,180.1,882.1,872.5,877.6,883.8,872.7,884.2,877.4,900.1,904.4,1053.0,0.2,24.6
2025-04-09 13:15:50,878.7,178.8,883.9,874.7,880.4,884.4,874.3,886.6,879.0,900.9,904.9,1053.6,0.5,24.6
2025-04-09 13:15:55,880.9,178.4,885.4,877.3,881.0,887.2,876.1,888.6,880.8,901.9,905.8,1057.6,1.3,24.7
2025-04-09 13:16:00,881.8,178.2,887.4,878.2,882.0,887.3,875.5,888.4,880.7,902.0,905.8,1058.8,1.7,24.7
2025-04-09 13:16:05,882.9,177.7,887.8,878.0,882.0,887.4,875.5,888.8,881.1,902.5,906.7,1059.4,2.1,24.7
2025-04-09 13:16:10,883.8,177.3,888.8,878.4,882.7,887.5,876.4,889.5,881.7,903.4,907.6,1059.8,2.4,24.7
2025-04-09 13:16:15,884.7,177.6,888.4,878.4,883.1,888.2,877.9,890.2,881.7,903.9,908.4,1060.2,2.2,24.7
2025-04-09 13:16:20,885.4,177.9,889.4,878.7,883.5,888.6,877.9,890.5,881.8,905.2,910.1,1060.2,2.7,24.6
2025-04-09 13:16:25,885.9,177.4,889.5,879.8,884.4,889.5,878.6,890.8,882.7,905.9,910.7,1060.6,3.1,24.6
2025-04-09 13:16:30,886.2,177.2,890.3,880.0,885.2,890.5,879.0,891.6,883.3,906.2,911.0,1062.4,2.8,24.5
2025-04-09 13:16:35,886.7,176.2,891.6,880.6,885.7,891.0,879.1,892.0,884.2,906.3,910.9,1062.4,2.8,24.5
2025-04-09 13:16:40,887.2,173.9,892.4,880.7,885.5,891.0,879.7,892.0,884.3,906.5,911.1,1062.6,2.7,24.4
2025-04-09 13:16:45,887.1,173.5,892.5,880.9,885.4,891.6,880.7,893.0,884.3,906.8,911.6,1064.0,2.4,24.4
2025-04-09 13:16:50,887.2,173.2,892.9,881.2,885.9,892.6,880.4,893.3,884.6,907.5,912.1,1064.6,2.1,24.4
2025-04-09 13:16:55,887.9,171.8,892.8,881.9,886.5,892.2,880.6,893.7,885.3,907.6,911.9,1065.0,1.9,24.3
2025-04-09 13:17:00,888.3,171.4,892.8,882.5,886.4,892.9,880.4,893.8,885.0,907.7,911.8,1065.6,2.0,24.3
2025-04-09 13:17:05,888.1,170.0,892.8,882.5,886.2,892.2,880.6,893.5,885.0,907.6,912.3,1065.2,2.4,24.3
2025-04-09 13:17:10,888.5,168.4,893.0,882.6,886.2,891.9,880.8,893.2,884.7,907.6,912.6,1065.4,2.4,24.3
2025-04-09 13:17:15,888.9,166.7,893.5,882.9,886.6,892.1,882.8,893.5,885.0,908.0,913.1,1065.4,2.2,24.3
2025-04-09 13:17:20,888.7,165.5,893.8,883.7,886.8,892.5,882.9,894.1,885.1,908.1,912.8,1065.8,2.2,24.3
2025-04-09 13:17:25,888.7,164.4,893.8,883.7,886.4,892.8,882.3,894.0,884.9,907.2,911.2,1065.8,2.0,24.2
2025-04-09 13:17:30,888.2,162.8,893.9,882.3,886.2,892.2,880.0,892.6,884.2,906.3,910.5,1065.2,2.0,24.2
2025-04-09 13:17:35,887.7,162.4,893.8,882.1,886.5,890.9,880.2,892.1,882.6,905.8,910.2,1064.8,2.1,24.2
2025-04-09 13:17:40,888.2,159.6,893.8,880.3,886.5,889.4,879.0,890.7,882.0,905.7,909.6,1063.8,2.0,24.2
2025-04-09 13:17:45,888.3,158.7,893.5,879.2,885.6,888.7,878.4,890.7,882.0,905.3,909.2,1062.2,1.9,24.2
2025-04-09 13:17:50,887.7,157.8,892.5,878.7,885.0,888.0,877.7,890.2,881.6,905.2,909.0,1061.0,1.8,24.1
2025-04-09 13:17:55,886.8,155.9,891.9,878.1,884.3,887.9,877.8,890.6,881.5,905.3,909.2,1060.2,2.5,24.1
2025-04-09 13:18:00,886.7,155.4,891.2,877.4,883.9,888.5,878.0,890.4,881.6,905.8,909.2,1059.6,2.5,24.1
2025-04-09 13:18:05,885.8,153.5,890.3,877.5,883.9,889.7,878.7,890.7,881.9,905.7,909.8,1060.6,2.3,24.1
2025-04-09 13:18:10,885.2,153.4,890.8,878.3,884.7,890.2,878.9,891.1,882.6,905.9,910.2,1061.0,2.2,24.0
2025-04-09 13:18:15,885.2,152.6,891.7,879.0,885.5,890.5,879.3,891.2,883.0,906.9,910.7,1062.0,2.4,24.0
2025-04-09 13:18:20,886.0,152.0,891.5,879.7,885.8,890.5,879.1,891.9,883.2,907.2,910.8,1062.0,2.2,24.0
2025-04-09 13:18:25,886.4,150.1,891.4,879.9,885.7,890.6,879.2,892.4,883.5,906.9,910.9,1061.8,1.8,24.0
2025-04-09 13:18:30,886.5,148.3,891.1,879.8,885.5,890.5,879.3,892.4,883.9,906.9,910.5,1062.2,1.7,24.0
2025-04-09 13:18:35,886.2,146.7,891.1,879.8,885.1,890.2,879.6,891.8,883.8,906.8,910.6,1062.2,1.6,24.0
2025-04-09 13:18:40,886.1,146.5,891.0,879.7,884.8,889.3,879.6,892.0,883.6,906.7,910.7,1061.6,1.4,24.0
2025-04-09 13:18:45,885.2,144.5,890.6,879.8,884.5,889.5,879.6,892.1,883.4,906.8,910.5,1061.6,1.2,24.0
2025-04-09 13:18:50,884.7,143.4,890.4,879.7,884.3,889.7,879.0,891.5,883.4,907.0,910.7,1061.8,1.0,24.0
2025-04-09 13:18:55,884.6,142.6,890.3,879.3,884.4,890.1,879.2,891.6,883.6,907.8,910.7,1061.6,0.9,24.0
2025-04-09 13:19:00,884.9,141.3,891.0,879.3,885.5,890.4,880.0,892.2,883.9,908.3,912.5,1062.4,0.7,24.0
2025-04-09 13:19:05,886.4,140.5,892.0,879.7,886.0,890.7,880.6,892.2,884.4,908.4,911.9,1063.4,0.6,24.0
2025-04-09 13:19:10,887.0,138.5,893.3,881.0,886.5,891.2,880.9,892.8,884.7,909.0,913.7,1066.0,0.9,24.0
2025-04-09 13:19:15,887.2,137.1,894.0,881.2,887.1,891.2,881.1,893.4,884.4,909.1,913.6,1067.0,0.8,24.1
2025-04-09 13:19:20,887.8,135.9,895.0,881.6,887.5,891.6,881.3,893.4,885.2,909.6,914.0,1067.8,0.8,24.1
2025-04-09 13:19:25,888.7,135.4,895.2,882.1,887.7,891.7,881.8,894.6,885.7,910.3,914.4,1068.0,0.8,24.1
2025-04-09 13:19:30,890.1,134.0,895.6,882.7,887.7,892.3,881.6,894.4,886.3,910.7,915.0,1067.6,0.7,24.1
2025-04-09 13:19:35,890.0,132.6,895.3,883.1,887.6,892.4,882.2,894.5,886.7,911.1,915.9,1067.2,0.6,24.1
2025-04-09 13:19:40,889.6,132.1,895.5,882.5,888.1,893.0,883.2,894.8,887.4,911.7,916.3,1067.0,0.5,24.1
2025-04-09 13:19:45,890.0,131.4,895.6,882.8,888.3,893.3,883.3,895.4,887.8,912.7,917.2,1068.6,0.5,24.1
2025-04-09 13:19:50,890.8,129.6,895.3,883.2,888.5,893.0,883.9,895.8,888.0,912.5,917.5,1068.4,0.3,24.1
2025-04-09 13:19:55,890.8,127.7,895.6,883.2,888.3,893.3,884.4,895.8,888.2,912.5,917.5,1068.8,0.2,24.1
2025-04-09 13:20:00,890.9,126.9,895.7,882.8,888.3,893.4,885.0,895.8,888.5,912.9,918.0,1067.6,0.2,24.1
2025-04-09 13:20:05,890.9,126.3,896.2,883.4,888.9,894.2,885.1,896.2,888.8,913.5,918.1,1068.4,0.1,24.1
2025-04-09 13:20:10,890.6,124.8,896.7,883.8,889.8,894.7,885.8,896.9,889.0,914.1,919.2,1068.8,0.1,24.1
2025-04-09 13:20:15,890.9,122.9,897.2,883.9,890.4,895.5,886.4,897.9,889.1,913.8,918.7,1069.4,0.3,24.1
2025-04-09 13:20:20,891.4,121.8,897.5,884.4,890.4,895.5,886.1,897.8,889.4,913.9,918.6,1070.2,0.5,24.2
2025-04-09 13:20:25,891.8,120.8,897.5,884.6,891.2,895.5,885.9,897.7,889.7,914.0,919.1,1070.4,0.7,24.2
2025-04-09 13:20:30,891.5,120.1,898.0,884.3,891.6,895.6,886.6,898.3,889.8,914.1,918.9,1070.6,1.1,24.2
2025-04-09 13:20:35,891.0,119.5,897.6,884.5,891.7,895.9,886.6,898.5,889.9,913.7,918.7,1070.8,1.1,24.2
2025-04-09 13:20:40,891.5,118.6,897.8,885.0,891.7,895.7,886.4,898.6,889.4,913.6,918.9,1071.6,1.4,24.2
2025-04-09 13:20:45,891.5,117.9,898.2,884.9,891.7,896.2,886.2,898.2,889.2,913.0,918.2,1071.8,1.5,24.3
2025-04-09 13:20:50,891.7,117.7,898.4,884.8,891.2,896.4,885.8,897.8,889.1,912.2,917.8,1071.8,1.4,24.3
2025-04-09 13:20:55,892.1,116.3,898.8,884.9,891.3,896.3,885.9,897.7,887.5,912.7,917.8,1071.4,1.2,24.3
2025-04-09 13:21:00,892.5,115.5,899.1,885.2,891.6,896.2,885.8,896.6,887.5,912.8,918.0,1071.4,1.2,24.3
2025-04-09 13:21:05,892.8,114.8,899.1,885.2,891.0,895.5,885.3,896.5,887.1,912.6,917.8,1071.2,1.0,24.3
2025-04-09 13:21:10,892.7,114.3,899.0,885.1,890.9,895.3,886.4,895.9,887.3,913.7,918.3,1070.2,0.8,24.3
2025-04-09 13:21:15,892.9,113.9,899.0,885.0,891.4,895.0,886.5,896.1,887.5,913.8,918.5,1070.6,0.9,24.3
2025-04-09 13:21:20,892.6,114.0,898.7,885.1,891.5,895.0,885.7,896.4,887.6,913.3,918.5,1070.4,1.2,24.3
2025-04-09 13:21:25,893.1,113.6,898.9,884.9,891.1,894.3,885.5,895.7,886.5,912.6,917.3,1070.2,1.2,24.3
2025-04-09 13:21:30,893.2,112.6,898.9,885.1,890.7,894.0,885.7,895.8,886.1,912.1,916.9,1069.8,0.9,24.3
2025-04-09 13:21:35,893.4,111.6,897.6,883.2,888.7,893.2,883.5,894.4,885.8,911.2,916.1,1069.8,0.8,24.3
2025-04-09 13:21:40,891.3,110.9,896.5,882.3,887.9,891.9,883.0,893.6,885.2,911.0,915.6,1068.8,0.7,24.3
2025-04-09 13:21:45,889.9,109.7,895.1,881.6,887.2,890.5,882.8,893.3,885.5,912.2,916.9,1067.0,0.6,24.3
2025-04-09 13:21:50,889.6,109.1,894.5,880.2,886.9,889.9,882.9,893.7,886.0,913.5,918.4,1067.4,0.5,24.4
2025-04-09 13:21:55,889.8,108.7,894.7,880.3,888.1,891.1,884.9,895.1,887.9,914.3,919.5,1067.4,0.5,24.4
2025-04-09 13:22:00,890.6,109.3,896.2,881.9,889.6,892.3,885.9,896.8,887.8,915.4,920.8,1069.8,0.4,24.4
2025-04-09 13:22:05,892.4,108.9,897.3,883.2,890.3,894.1,886.5,896.7,888.9,915.6,921.2,1071.4,0.4,24.4
2025-04-09 13:22:10,892.7,108.3,897.8,884.4,891.2,894.5,887.1,897.8,888.9,915.4,921.4,1071.6,0.4,24.4
2025-04-09 13:22:15,892.9,107.5,897.8,884.7,891.5,895.2,887.0,897.5,888.8,915.5,921.1,1072.8,0.7,24.5
2025-04-09 13:22:20,893.1,106.9,898.0,885.5,891.7,894.9,886.6,897.9,889.0,915.6,920.6,1072.8,0.9,24.5
2025-04-09 13:22:25,893.4,106.5,898.0,885.3,891.7,895.2,886.5,898.3,889.2,915.9,921.4,1072.8,0.9,24.5
2025-04-09 13:22:30,893.5,106.3,898.2,885.3,892.0,896.0,886.4,898.5,889.7,915.8,921.9,1073.4,0.8,24.5
2025-04-09 13:22:35,893.8,106.1,898.8,885.2,892.0,896.8,886.5,898.5,889.8,915.8,922.0,1074.0,0.6,24.5
2025-04-09 13:22:40,894.3,105.2,899.4,886.1,893.0,896.8,886.8,899.1,889.7,916.1,922.5,1073.6,0.6,24.5
2025-04-09 13:22:45,895.1,104.9,900.2,886.7,893.9,897.1,887.5,899.4,889.9,916.9,923.9,1074.6,0.7,24.5
2025-04-09 13:22:50,895.6,105.1,900.6,887.2,894.1,897.2,888.2,900.0,890.7,916.9,923.9,1075.0,0.7,24.5
2025-04-09 13:22:55,896.0,105.1,900.9,888.0,894.5,897.9,888.3,900.5,891.2,917.3,923.9,1075.2,0.6,24.5
2025-04-09 13:23:00,896.2,105.0,901.8,887.5,894.8,898.2,889.5,900.6,891.4,917.5,924.4,1075.4,0.7,24.6
2025-04-09 13:23:05,895.9,104.8,901.9,888.2,894.8,899.2,890.0,901.4,891.8,917.4,924.6,1075.0,1.1,24.6
2025-04-09 13:23:10,896.2,104.6,902.5,888.4,895.2,899.0,890.5,901.8,892.1,917.8,924.2,1075.4,1.1,24.6
2025-04-09 13:23:15,897.1,104.3,902.6,889.0,895.6,899.1,889.9,901.6,891.8,917.6,924.4,1075.8,1.1,24.6
2025-04-09 13:23:20,897.1,104.3,902.2,889.2,896.4,899.1,889.5,901.2,891.5,917.8,924.3,1075.6,1.1,24.6
2025-04-09 13:23:25,896.8,104.2,902.6,889.3,896.2,899.4,889.5,901.1,891.1,917.5,923.9,1074.8,1.3,24.6
2025-04-09 13:23:30,896.6,104.3,902.9,889.2,895.7,898.5,889.8,901.7,891.4,917.7,924.1,1074.8,1.3,24.6
2025-04-09 13:23:35,898.6,104.3,903.0,888.4,895.7,898.7,890.1,901.7,892.4,918.2,924.5,1074.8,1.4,24.6
2025-04-09 13:23:40,898.8,104.5,903.0,888.5,895.7,898.7,890.8,903.5,892.7,917.8,924.8,1074.8,1.4,24.6
2025-04-09 13:23:45,898.7,104.6,903.7,889.2,896.3,900.4,891.5,903.7,893.0,918.3,924.1,1075.4,1.3,24.6
2025-04-09 13:23:50,898.5,104.7,904.0,889.4,896.6,900.3,891.4,903.9,892.8,918.4,924.2,1075.2,1.5,24.6
2025-04-09 13:23:55,898.2,104.9,904.1,890.6,897.1,899.8,891.3,902.4,893.0,918.0,923.8,1074.0,2.1,24.6
2025-04-09 13:24:00,898.7,105.0,904.4,890.5,897.5,899.2,890.8,902.2,892.7,918.4,923.6,1073.6,2.2,24.6
2025-04-09 13:24:05,898.4,105.0,905.0,891.2,897.0,900.9,890.7,903.1,892.7,918.5,924.2,1073.4,2.0,24.6
2025-04-09 13:24:10,898.4,105.7,904.6,893.9,897.2,901.6,890.5,904.2,892.9,918.2,923.9,1075.2,2.3,24.6
2025-04-09 13:24:15,899.4,105.8,904.1,893.0,896.3,901.1,890.5,903.9,892.6,917.6,923.1,1075.4,2.4,24.6
2025-04-09 13:24:20,899.1,106.1,901.7,892.3,896.1,900.5,890.5,903.0,892.6,917.7,923.0,1075.0,2.9,24.6
2025-04-09 13:24:25,898.0,106.3,902.3,891.6,896.8,900.4,890.5,902.4,892.3,917.8,923.3,1074.6,2.9,24.6
2025-04-09 13:24:30,898.2,106.4,902.9,891.5,897.4,900.0,891.7,902.6,892.2,918.2,923.5,1075.0,2.5,24.6
2025-04-09 13:24:35,898.7,105.9,903.6,891.8,897.7,900.1,891.9,902.8,892.4,918.5,924.3,1075.8,2.9,24.6
2025-04-09 13:24:40,898.7,106.0,904.1,891.7,898.3,900.7,892.6,902.8,892.7,919.0,924.3,1076.6,3.3,24.7
2025-04-09 13:24:45,899.5,106.0,904.0,892.0,898.6,900.1,893.0,902.9,893.2,919.4,925.3,1076.6,3.2,24.7
2025-04-09 13:24:50,899.6,105.9,905.0,892.0,899.5,900.2,892.9,903.2,893.2,919.7,924.7,1077.4,3.5,24.7
2025-04-09 13:24:55,899.8,106.8,904.9,893.7,899.5,900.7,893.3,904.6,893.3,919.4,925.1,1077.6,3.4,24.7
2025-04-09 13:25:00,899.7,106.8,904.9,893.0,898.7,900.4,893.3,905.0,893.4,919.4,924.4,1077.8,3.1,24.7
2025-04-09 13:25:05,899.8,106.7,905.1,892.9,898.7,900.4,893.8,905.0,893.2,919.2,924.6,1077.8,2.5,24.7
2025-04-09 13:25:10,899.7,106.6,905.2,892.5,898.8,900.4,893.5,905.7,893.4,918.8,924.0,1078.0,2.3,24.7
2025-04-09 13:25:15,900.7,106.6,904.3,892.8,898.7,899.8,893.1,906.1,893.0,918.4,923.3,1077.8,2.2,24.7
2025-04-09 13:25:20,900.8,105.9,904.4,892.6,898.8,898.8,893.0,905.0,892.6,918.2,922.5,1077.8,2.1,24.7
2025-04-09 13:25:25,901.1,105.3,904.5,892.4,898.9,898.8,893.4,904.6,892.8,918.5,922.9,1077.4,2.4,24.7
2025-04-09 13:25:30,901.0,105.1,905.1,892.3,899.1,899.2,894.4,903.8,893.3,919.3,923.5,1076.8,2.4,24.7
2025-04-09 13:25:35,901.3,104.8,905.7,892.7,899.4,899.6,894.6,903.9,893.2,918.8,923.5,1077.4,2.7,24.7
2025-04-09 13:25:40,901.5,104.5,905.3,892.4,900.2,899.8,894.9,903.6,893.0,919.4,923.9,1078.2,2.6,24.7
2025-04-09 13:25:45,901.1,104.1,905.1,892.9,900.1,900.4,895.3,904.6,893.5,920.1,924.3,1078.8,2.6,24.7
2025-04-09 13:25:50,901.1,104.1,905.0,892.6,900.2,900.7,895.4,905.0,893.6,919.8,923.9,1079.4,2.4,24.7
2025-04-09 13:25:55,902.0,103.8,905.5,892.4,900.2,900.5,895.6,906.4,893.3,920.1,923.9,1079.4,2.4,24.7
2025-04-09 13:26:00,902.2,103.5,905.8,892.5,900.4,900.8,895.9,905.8,893.9,920.4,924.4,1079.6,2.4,24.7
2025-04-09 13:26:05,902.5,103.5,905.8,894.4,900.8,902.3,896.2,906.0,894.5,920.4,924.4,1080.2,2.3,24.7
2025-04-09 13:26:10,902.3,103.8,905.5,894.2,900.6,902.9,895.9,905.7,893.0,919.3,923.4,1079.2,2.0,24.7
2025-04-09 13:26:15,902.9,103.7,906.0,893.8,900.1,902.9,893.7,905.2,892.9,918.7,921.9,1078.2,2.0,24.7
2025-04-09 13:26:20,902.8,103.9,904.8,893.1,899.9,900.9,893.9,903.6,891.9,917.2,919.9,1077.0,1.8,24.7
2025-04-09 13:26:25,902.3,103.7,904.1,891.5,899.3,898.3,892.9,902.7,890.9,916.9,919.9,1077.2,1.7,24.7
2025-04-09 13:26:30,900.0,103.2,903.3,890.5,897.9,897.5,892.3,902.4,890.9,916.8,919.6,1075.0,1.7,24.7
2025-04-09 13:26:35,899.7,103.1,902.9,890.4,897.7,897.9,892.1,902.5,890.4,916.6,919.4,1074.6,1.6,24.7
2025-04-09 13:26:40,899.1,102.9,902.7,889.8,897.2,898.1,891.8,901.3,890.0,916.5,918.9,1074.6,1.4,24.7
2025-04-09 13:26:45,898.8,103.3,903.2,889.9,897.8,898.4,892.3,901.9,889.3,915.8,917.9,1074.6,1.6,24.7
2025-04-09 13:26:50,898.3,103.4,902.9,889.4,897.7,896.7,891.9,900.8,888.8,915.1,915.1,1074.4,1.5,24.7
2025-04-09 13:26:55,896.6,103.3,902.0,888.9,895.9,896.9,889.2,899.1,887.3,913.0,913.3,1072.0,1.7,24.7
2025-04-09 13:27:00,895.7,103.0,899.0,887.1,893.9,894.7,888.5,897.1,886.8,911.5,912.5,1070.6,1.4,24.7
2025-04-09 13:27:05,894.8,103.1,898.8,885.6,893.5,891.9,888.5,896.3,885.0,911.8,912.9,1069.8,1.2,24.7
2025-04-09 13:27:10,895.1,103.3,898.8,885.3,893.2,892.0,888.7,898.1,885.6,912.4,913.8,1069.8,1.0,24.7
2025-04-09 13:27:15,895.1,103.3,898.4,885.6,893.3,891.9,887.7,898.4,885.9,910.7,911.1,1069.8,0.8,24.7
2025-04-09 13:27:20,894.6,102.7,897.3,883.8,892.5,890.9,885.4,896.8,884.0,909.8,910.0,1068.8,0.8,24.7
2025-04-09 13:27:25,893.9,102.1,896.2,883.5,890.8,889.3,884.7,894.3,882.1,907.1,907.2,1067.4,0.6,24.7
2025-04-09 13:27:30,892.6,102.1,895.2,882.5,888.2,888.6,883.4,892.5,881.5,906.0,906.1,1064.6,0.5,24.6
2025-04-09 13:27:35,890.7,102.1,893.9,880.4,886.8,887.7,883.0,891.7,880.0,904.4,903.4,1062.2,0.4,24.7
2025-04-09 13:27:40,890.4,102.3,892.9,879.6,886.3,885.5,881.7,889.8,878.3,903.6,902.3,1061.6,0.5,24.7
2025-04-09 13:27:45,888.4,102.4,891.3,878.4,885.8,885.1,880.6,888.5,877.0,903.4,901.9,1059.4,0.5,24.6
2025-04-09 13:27:50,887.5,102.3,889.7,878.2,884.8,884.5,879.0,888.4,877.5,902.5,899.9,1059.2,0.5,24.6
2025-04-09 13:27:55,885.1,102.4,888.4,877.6,883.4,884.0,878.3,887.6,875.8,900.7,898.6,1057.6,0.8,24.6
2025-04-09 13:28:00,884.4,102.4,887.7,876.2,882.7,882.0,878.0,885.6,874.3,900.8,898.5,1056.2,0.9,24.6
2025-04-09 13:28:05,884.3,102.5,887.1,874.7,883.1,881.5,878.5,885.3,874.5,902.3,900.1,1054.6,1.1,24.6
2025-04-09 13:28:10,884.5,102.7,887.9,874.8,883.7,881.8,878.8,886.4,876.0,903.7,900.9,1055.4,1.2,24.6
2025-04-09 13:28:15,884.3,103.0,887.6,875.0,883.5,882.9,878.7,887.1,876.7,902.6,899.9,1055.6,1.2,24.6
2025-04-09 13:28:20,884.2,103.5,887.4,874.9,883.0,882.6,878.5,886.6,875.8,902.3,899.4,1055.4,1.2,24.6
2025-04-09 13:28:25,884.4,103.7,887.3,874.7,882.8,881.9,877.8,885.5,875.4,902.9,898.9,1054.8,1.2,24.6
2025-04-09 13:28:30,883.7,104.1,886.4,873.6,881.1,880.2,875.8,885.3,874.7,900.8,897.2,1054.2,1.1,24.6
2025-04-09 13:28:35,882.7,103.9,885.8,873.3,879.6,878.7,875.2,883.0,871.8,898.2,892.5,1052.2,1.1,24.6
2025-04-09 13:28:40,882.9,104.0,886.0,872.8,879.9,878.2,875.0,881.0,869.8,896.9,892.5,1049.4,1.1,24.6
2025-04-09 13:28:45,882.8,104.2,885.7,871.8,878.7,875.6,874.1,880.8,868.7,896.9,892.3,1049.0,1.0,24.6
2025-04-09 13:28:50,882.1,104.2,885.2,871.4,878.1,875.7,873.6,880.6,868.8,897.7,892.3,1047.8,0.9,24.6
2025-04-09 13:28:55,880.0,104.2,883.4,871.1,876.8,875.9,871.8,881.5,869.9,899.2,894.1,1047.2,0.6,24.6
2025-04-09 13:29:00,878.9,104.0,882.5,870.8,876.4,876.4,872.5,882.2,871.4,900.6,895.0,1046.6,0.5,24.6
2025-04-09 13:29:05,877.7,104.2,881.9,870.1,876.5,877.3,872.9,882.8,872.2,900.5,896.2,1046.0,0.4,24.5
2025-04-09 13:29:10,878.6,104.3,882.8,871.0,877.4,878.4,874.3,883.7,872.5,901.3,896.5,1046.6,0.4,24.5
2025-04-09 13:29:15,878.9,103.8,883.1,872.9,878.6,878.9,875.8,884.9,873.6,902.4,897.4,1048.6,0.3,24.6
2025-04-09 13:29:20,879.8,103.4,883.6,873.1,880.0,880.5,877.1,884.9,873.8,903.2,898.7,1050.6,0.3,24.5
2025-04-09 13:29:25,880.8,103.7,885.0,875.1,881.0,881.0,877.7,886.5,875.1,903.5,899.0,1052.4,0.2,24.5
2025-04-09 13:29:30,881.2,103.8,885.7,876.3,881.5,881.4,877.7,887.0,875.7,903.5,898.6,1052.8,0.2,24.5
2025-04-09 13:29:35,882.0,103.8,886.7,876.9,882.1,881.0,877.5,887.2,875.1,903.7,899.2,1054.0,0.2,24.5
2025-04-09 13:29:40,882.3,103.9,887.3,877.4,882.6,881.7,877.4,886.9,874.9,903.5,897.9,1054.4,0.2,24.5
2025-04-09 13:29:45,882.5,103.7,887.2,877.2,882.2,881.4,877.3,886.5,873.8,899.5,894.7,1053.8,0.2,24.5
2025-04-09 13:29:50,882.2,103.7,884.6,873.9,878.9,879.9,874.8,882.7,870.0,896.6,890.6,1052.2,0.1,24.5
2025-04-09 13:29:55,880.2,103.5,883.7,872.3,876.7,877.3,871.9,879.8,867.1,892.4,885.4,1048.2,0.2,24.6
2025-04-09 13:30:00,878.0,103.3,880.9,869.5,873.5,872.9,866.2,874.9,865.0,889.4,882.1,1046.8,0.3,24.6
2025-04-09 13:30:05,876.7,103.3,879.0,865.3,872.2,868.9,864.9,872.5,861.6,887.6,880.2,1041.0,0.4,24.6
2025-04-09 13:30:10,875.6,103.0,876.5,863.3,869.8,868.5,862.8,872.3,860.5,887.2,878.5,1040.4,0.3,24.6
2025-04-09 13:30:15,873.5,102.5,873.8,862.8,867.3,867.5,860.5,869.9,859.5,881.1,872.3,1037.8,0.3,24.6
2025-04-09 13:30:20,871.8,102.1,870.7,858.8,861.8,862.4,856.1,866.7,855.3,877.7,868.7,1033.2,0.3,24.6
2025-04-09 13:30:25,869.7,101.9,869.2,857.7,859.6,861.3,852.4,863.3,852.2,874.8,863.8,1029.0,0.2,24.6
2025-04-09 13:30:30,861.5,101.8,860.3,853.1,854.6,857.6,848.8,860.1,849.5,871.5,860.0,1023.4,0.1,24.6
2025-04-09 13:30:35,857.0,101.5,857.2,849.4,851.8,854.2,846.5,858.4,846.3,870.0,858.8,1019.0,0.1,24.7
2025-04-09 13:30:40,854.0,101.2,854.4,846.9,850.2,852.3,846.3,857.2,846.6,872.7,859.5,1017.2,0.3,24.7
2025-04-09 13:30:45,850.6,101.5,853.9,846.3,849.9,852.6,847.3,857.6,847.6,874.4,861.1,1017.0,0.3,24.7
2025-04-09 13:30:50,850.5,101.4,853.5,845.8,849.7,853.3,847.2,858.2,849.5,875.6,863.0,1016.4,0.3,24.7
2025-04-09 13:30:55,846.8,100.8,849.9,845.3,848.7,853.3,847.4,859.6,851.9,880.8,866.8,1016.0,0.6,24.7
2025-04-09 13:31:00,846.6,100.5,850.2,844.9,850.0,855.2,849.7,863.0,856.4,882.5,869.0,1015.4,0.6,24.7
2025-04-09 13:31:05,846.8,100.5,850.7,845.2,851.5,855.5,850.7,864.3,858.0,884.4,872.8,1018.6,0.6,24.7
2025-04-09 13:31:10,852.1,100.7,856.3,848.9,857.8,858.5,856.4,867.1,861.3,890.1,878.9,1023.6,0.4,24.8
2025-04-09 13:31:15,854.9,101.0,860.5,854.2,861.9,864.0,859.7,873.1,864.8,893.8,883.7,1029.6,0.3,24.8
2025-04-09 13:31:20,855.3,101.2,861.7,858.0,866.5,868.0,865.6,874.6,866.2,896.5,886.2,1030.8,0.2,24.8
2025-04-09 13:31:25,861.1,101.1,869.7,862.3,872.6,873.1,869.7,881.1,871.4,898.6,889.5,1039.0,0.2,24.8
2025-04-09 13:31:30,868.8,101.2,875.9,868.0,875.7,876.5,872.1,881.6,872.1,898.9,889.7,1042.2,0.1,24.8
2025-04-09 13:31:35,875.3,101.0,879.7,871.1,877.1,877.3,871.7,882.6,872.2,898.5,889.2,1046.6,0.2,24.8
2025-04-09 13:31:40,876.2,101.0,878.4,871.4,873.2,875.8,869.2,882.5,870.5,892.2,880.8,1046.0,0.3,24.8
2025-04-09 13:31:45,873.0,100.8,875.6,870.6,870.1,874.5,861.0,876.5,864.3,877.3,863.3,1039.2,0.3,24.8
2025-04-09 13:31:50,864.7,100.9,862.8,861.1,859.2,862.8,850.7,863.1,851.8,873.1,858.8,1027.4,0.3,24.9
2025-04-09 13:31:55,858.9,100.9,860.3,850.5,856.1,855.1,851.7,859.5,850.7,878.5,866.0,1020.4,0.3,24.9
2025-04-09 13:32:00,858.0,101.0,860.4,851.7,860.4,858.8,855.8,864.2,856.1,882.0,869.8,1025.2,0.2,24.9
2025-04-09 13:32:05,857.9,101.1,862.1,855.4,861.0,863.1,855.8,866.2,855.1,878.0,864.3,1027.0,0.7,24.9
2025-04-09 13:32:10,857.5,101.2,861.5,854.9,857.9,862.4,851.4,862.5,850.6,874.7,861.0,1027.0,1.2,24.9
2025-04-09 13:32:15,854.8,101.7,858.9,851.5,856.6,858.1,851.1,859.2,848.8,876.6,861.9,1021.4,1.9,24.9
2025-04-09 13:32:20,854.8,101.9,859.1,850.6,856.8,858.5,851.9,863.0,851.9,877.8,863.2,1020.8,1.8,24.9
2025-04-09 13:32:25,855.1,102.4,858.2,851.5,856.7,859.2,850.8,862.6,851.4,870.7,855.9,1021.8,1.7,24.8
2025-04-09 13:32:30,852.4,102.2,854.8,850.0,848.9,855.7,844.6,856.8,845.0,865.6,849.0,1017.0,1.6,24.8
2025-04-09 13:32:35,849.7,101.7,853.7,842.9,847.3,848.9,841.0,850.7,841.1,862.9,847.5,1011.2,1.6,24.8
2025-04-09 13:32:40,849.3,101.6,852.2,841.1,845.6,847.5,836.6,850.2,837.7,856.4,843.5,1010.4,1.6,24.8
2025-04-09 13:32:45,845.6,101.4,846.6,838.6,838.4,842.4,829.1,843.0,832.2,846.8,828.0,1006.4,1.4,24.7
2025-04-09 13:32:50,840.6,101.4,840.3,830.9,833.0,834.2,824.2,834.5,825.0,843.5,824.4,997.4,1.3,24.7
2025-04-09 13:32:55,838.3,101.5,837.8,824.2,830.2,829.5,822.7,832.7,822.4,843.5,824.6,990.3,1.1,24.7
2025-04-09 13:33:00,834.8,101.8,836.1,823.1,828.8,828.7,820.6,831.3,820.8,841.5,820.9,986.8,1.0,24.7
2025-04-09 13:33:05,831.3,102.0,833.0,822.0,827.0,827.7,819.3,829.7,820.3,837.3,816.7,984.5,1.1,24.7
2025-04-09 13:33:10,829.3,101.8,832.4,819.2,824.5,823.5,816.7,824.7,813.6,834.4,813.9,982.8,1.2,24.7
2025-04-09 13:33:15,827.6,101.5,831.8,818.3,824.0,823.2,815.8,823.9,813.3,834.4,814.0,982.6,1.6,24.7
2025-04-09 13:33:20,823.5,101.1,828.3,817.7,821.0,822.9,814.4,823.3,813.3,836.3,814.2,980.3,2.0,24.7
2025-04-09 13:33:25,820.7,100.8,824.0,814.2,820.3,820.9,814.9,823.0,814.9,839.5,818.1,977.4,1.9,24.7
2025-04-09 13:33:30,818.9,100.7,823.8,814.8,819.7,822.3,813.8,825.9,816.8,833.3,811.5,978.0,2.1,24.7
2025-04-09 13:33:35,819.8,100.9,823.5,814.6,818.0,820.6,811.2,820.6,811.0,830.8,808.8,975.0,2.2,24.6
2025-04-09 13:33:40,822.7,100.9,827.0,813.0,818.5,818.0,813.0,820.2,810.3,831.6,810.0,975.3,2.2,24.6
2025-04-09 13:33:45,824.1,101.0,827.3,813.8,820.3,819.9,811.5,820.5,810.2,829.9,807.6,977.4,2.2,24.6
2025-04-09 13:33:50,820.7,101.3,819.6,813.7,810.7,815.8,800.4,814.2,802.2,816.7,790.7,977.1,2.0,24.6
2025-04-09 13:33:55,807.0,101.3,807.9,802.7,799.9,804.8,794.5,804.8,795.3,815.6,789.7,963.9,2.6,24.5
2025-04-09 13:34:00,804.7,100.8,808.9,795.6,804.4,803.6,799.6,805.8,797.4,827.6,802.8,953.4,2.3,24.5
2025-04-09 13:34:05,806.7,100.5,812.9,801.8,806.7,809.6,803.3,814.8,804.6,829.8,804.8,960.2,2.0,24.5
2025-04-09 13:34:10,805.6,102.4,812.3,804.7,806.0,810.8,802.6,814.6,806.3,829.1,804.2,962.3,2.0,24.5
2025-04-09 13:34:15,805.0,102.4,813.5,804.3,813.9,813.1,814.3,816.1,808.6,837.0,815.0,961.9,1.8,24.5
2025-04-09 13:34:20,813.3,102.0,823.0,815.8,820.2,819.1,818.0,826.1,816.4,843.0,821.7,975.1,1.4,24.5
2025-04-09 13:34:25,816.8,101.9,823.6,818.4,819.0,825.0,814.8,828.7,819.8,841.4,817.0,979.7,1.2,24.5
2025-04-09 13:34:30,818.4,102.1,823.3,816.7,817.2,822.8,811.1,825.3,813.5,826.6,802.4,975.2,1.1,24.5
2025-04-09 13:34:35,818.1,101.9,822.2,812.5,814.0,816.0,809.3,814.4,804.5,830.3,799.0,973.8,1.2,24.5
2025-04-09 13:34:40,823.8,101.7,829.5,809.5,824.0,813.9,821.5,819.8,813.5,851.5,828.3,978.4,1.4,24.5
2025-04-09 13:34:45,829.3,101.6,831.4,820.0,826.0,827.9,824.2,836.5,822.7,857.8,834.1,984.6,1.3,24.5
2025-04-09 13:34:50,829.8,101.6,833.9,824.9,828.2,831.3,828.1,840.4,836.3,870.3,848.5,988.8,1.4,24.5
2025-04-09 13:34:55,832.9,101.7,839.7,831.3,843.2,845.1,848.3,858.3,855.4,884.5,863.6,996.0,1.7,24.5
2025-04-09 13:35:00,840.5,101.5,853.3,843.7,856.6,860.1,860.4,871.8,860.1,888.7,871.2,1009.8,1.8,24.5
2025-04-09 13:35:05,850.2,101.3,859.0,853.4,861.6,865.7,861.4,871.7,860.9,886.2,868.8,1027.4,1.6,24.5
2025-04-09 13:35:10,856.0,103.0,863.8,859.2,861.6,866.0,860.2,871.1,859.4,882.0,863.3,1030.8,1.5,24.6
2025-04-09 13:35:15,857.9,103.3,863.6,858.7,858.0,862.6,855.0,865.3,855.8,879.9,861.9,1029.8,1.4,24.5
2025-04-09 13:35:20,856.4,103.3,860.9,853.4,856.8,858.7,854.8,863.2,855.3,882.9,864.0,1023.8,1.0,24.6
2025-04-09 13:35:25,858.7,103.1,863.3,853.1,860.3,860.0,859.9,865.9,859.5,889.0,870.5,1024.4,1.3,24.6
2025-04-09 13:35:30,862.0,102.2,865.7,858.1,862.6,864.9,861.3,870.8,861.9,889.0,870.2,1029.8,2.1,24.6
2025-04-09 13:35:35,862.7,101.6,865.9,859.7,860.8,866.0,858.1,870.6,862.0,884.9,866.0,1031.4,1.8,24.6
2025-04-09 13:35:40,862.3,101.8,864.7,858.0,860.4,862.9,858.1,867.1,857.9,882.6,863.6,1029.8,1.8,24.6
2025-04-09 13:35:45,862.0,101.8,864.6,857.2,860.2,862.3,856.9,866.0,856.8,881.1,861.6,1028.8,1.6,24.6
2025-04-09 13:35:50,859.8,101.4,863.5,855.8,858.3,861.6,855.8,863.7,856.6,882.2,862.2,1027.4,1.4,24.6
2025-04-09 13:35:55,857.7,101.4,863.3,854.5,857.9,860.9,856.1,865.3,856.9,880.3,860.4,1027.8,2.2,24.6
2025-04-09 13:36:00,857.9,101.4,861.6,855.4,856.5,861.6,853.4,865.1,853.9,877.2,857.2,1026.4,2.6,24.7
2025-04-09 13:36:05,855.0,101.7,859.9,851.3,855.7,858.3,854.2,862.5,852.0,879.2,860.0,1025.0,2.3,24.7
2025-04-09 13:36:10,855.9,101.8,863.4,852.7,860.6,860.2,860.4,865.5,856.1,883.5,864.7,1025.2,2.2,24.7
2025-04-09 13:36:15,862.1,102.3,870.6,856.7,865.8,863.2,865.9,868.7,858.4,888.2,871.1,1028.8,3.0,24.7
2025-04-09 13:36:20,869.1,102.2,875.6,860.7,870.1,867.8,866.2,872.5,862.3,889.1,871.2,1034.6,3.4,24.7
2025-04-09 13:36:25,870.2,102.4,874.9,864.1,867.0,870.8,866.0,873.3,863.3,888.6,869.6,1036.4,3.0,24.7
2025-04-09 13:36:30,866.0,102.3,870.6,862.7,864.3,866.9,862.2,872.6,862.2,886.5,867.4,1035.6,2.9,24.7
2025-04-09 13:36:35,862.6,102.2,869.2,861.0,861.9,865.2,860.1,871.0,860.0,882.3,861.7,1032.4,2.4,24.7
2025-04-09 13:36:40,859.5,102.0,862.3,857.1,856.9,861.9,855.5,866.2,856.2,880.3,859.8,1026.8,2.2,24.7
2025-04-09 13:36:45,856.1,101.3,859.9,854.4,857.7,858.7,855.4,864.3,855.9,880.5,859.8,1024.2,2.3,24.7
2025-04-09 13:36:50,856.3,101.2,860.8,852.9,856.9,857.7,855.2,864.4,855.6,880.7,859.1,1025.0,2.1,24.7
2025-04-09 13:36:55,853.5,101.1,857.4,851.5,853.5,855.9,851.5,860.7,851.9,875.6,854.5,1023.4,2.2,24.7
2025-04-09 13:37:00,853.6,101.3,858.8,847.7,857.2,853.8,857.5,860.2,851.2,877.8,858.7,1019.4,2.0,24.7
2025-04-09 13:37:05,866.6,102.3,873.8,849.3,864.0,857.6,863.0,864.8,853.1,882.5,864.7,1028.4,2.1,24.7
2025-04-09 13:37:10,873.6,102.6,876.4,862.0,868.1,865.7,863.0,868.7,854.8,881.0,862.4,1037.0,2.0,24.7
2025-04-09 13:37:15,873.2,102.5,875.5,862.5,867.9,864.2,862.1,868.0,854.3,883.0,863.7,1036.0,1.8,24.7
2025-04-09 13:37:20,871.9,102.1,872.3,861.1,866.7,863.2,861.1,868.3,857.5,884.1,864.3,1035.0,1.6,24.7
2025-04-09 13:37:25,870.4,102.0,871.4,861.4,865.4,863.4,860.3,869.3,857.1,883.0,863.4,1034.6,1.4,24.6
2025-04-09 13:37:30,869.6,102.0,871.6,860.5,865.4,863.8,861.2,868.7,855.3,882.3,863.4,1033.8,1.9,24.7
2025-04-09 13:37:35,868.5,102.7,871.5,859.6,864.3,864.0,860.2,868.3,856.0,882.8,863.1,1033.6,2.5,24.6
2025-04-09 13:37:40,865.7,102.6,867.0,858.3,860.2,862.8,856.9,867.2,856.1,882.6,861.7,1031.8,2.0,24.6
2025-04-09 13:37:45,861.2,102.0,865.5,854.7,860.2,859.0,857.1,865.9,856.3,883.6,863.2,1025.4,1.7,24.6
2025-04-09 13:37:50,860.7,102.0,864.9,854.9,860.4,859.9,857.4,867.8,857.4,882.4,861.1,1026.0,2.3,24.6
2025-04-09 13:37:55,859.2,101.8,861.6,855.7,857.5,860.7,855.1,867.3,856.9,881.5,859.7,1025.8,2.5,24.6
2025-04-09 13:38:00,858.9,101.8,862.3,853.7,860.3,859.2,859.0,867.2,856.4,884.9,864.7,1022.6,2.5,24.6
2025-04-09 13:38:05,861.7,101.7,867.3,855.0,866.0,863.7,861.6,872.1,860.4,891.5,872.7,1025.8,2.0,24.6
2025-04-09 13:38:10,864.5,101.6,871.1,860.7,869.9,867.6,869.0,877.4,867.2,900.4,882.2,1035.0,1.7,24.6
2025-04-09 13:38:15,872.4,101.5,878.9,869.5,875.1,874.0,875.1,883.1,873.1,904.9,887.2,1042.4,1.5,24.6
2025-04-09 13:38:20,875.5,101.7,882.5,872.5,880.9,879.6,878.7,888.3,877.1,906.5,889.6,1049.4,1.8,24.5
2025-04-09 13:38:25,883.5,101.8,887.1,878.6,884.5,884.0,880.2,890.5,877.9,906.6,890.2,1053.6,2.3,24.5
2025-04-09 13:38:30,885.1,102.4,888.0,880.7,885.1,884.1,880.9,890.2,878.5,906.4,890.3,1054.4,2.5,24.5
2025-04-09 13:38:35,887.1,103.3,889.3,880.5,885.3,884.2,880.7,889.8,878.6,906.5,889.6,1054.6,2.5,24.5
2025-04-09 13:38:40,887.9,102.8,890.1,879.5,884.0,883.8,879.5,889.1,876.8,904.7,887.3,1055.0,2.5,24.5
2025-04-09 13:38:45,887.8,103.2,889.6,878.5,883.7,882.1,879.5,887.8,876.6,905.2,887.9,1053.2,2.3,24.5
2025-04-09 13:38:50,886.6,103.1,889.0,876.5,884.1,882.4,880.1,888.7,878.6,909.8,893.1,1052.4,2.1,24.5
2025-04-09 13:38:55,886.6,102.8,889.3,876.9,886.8,883.5,883.4,892.0,881.6,912.2,896.2,1053.4,1.9,24.4
2025-04-09 13:39:00,888.4,102.5,893.0,879.6,889.3,886.6,886.0,895.2,884.0,913.8,898.1,1058.8,1.8,24.4
2025-04-09 13:39:05,892.1,102.2,894.9,882.2,890.0,888.0,887.0,896.6,884.2,908.1,891.8,1060.8,1.5,24.4
2025-04-09 13:39:10,892.0,102.2,893.2,884.0,887.7,888.1,881.5,892.7,878.2,901.3,884.7,1060.0,1.3,24.4
2025-04-09 13:39:15,890.2,102.2,890.0,879.4,883.0,881.9,876.8,885.3,871.6,899.3,882.0,1056.6,1.2,24.4
2025-04-09 13:39:20,887.2,102.1,887.5,874.6,880.4,877.9,875.9,883.7,871.4,899.5,882.4,1050.8,1.0,24.4
2025-04-09 13:39:25,883.8,102.6,884.8,874.3,879.9,878.4,876.6,886.8,874.7,903.5,887.0,1048.4,1.1,24.4
2025-04-09 13:39:30,881.1,102.9,885.3,874.4,884.3,881.2,881.4,890.0,878.0,908.8,892.3,1048.4,1.2,24.4
2025-04-09 13:39:35,883.3,102.9,890.5,879.1,887.1,885.8,883.6,895.3,881.4,911.0,894.5,1053.4,1.2,24.3
2025-04-09 13:39:40,886.8,102.9,891.9,880.9,887.2,886.5,883.1,895.7,882.1,911.2,895.3,1056.6,1.4,24.3
2025-04-09 13:39:45,887.8,102.9,891.6,882.4,887.9,887.2,884.8,895.5,882.0,911.9,896.3,1056.6,1.7,24.3
2025-04-09 13:39:50,888.9,102.8,892.6,883.9,889.4,888.8,885.3,896.3,882.6,910.9,895.2,1057.6,1.9,24.3
2025-04-09 13:39:55,888.8,102.8,893.1,884.4,889.1,888.2,884.7,893.9,881.3,907.9,892.2,1058.2,2.1,24.3
2025-04-09 13:40:00,889.0,102.6,892.4,883.0,886.9,886.2,882.9,892.7,880.1,908.2,892.3,1056.4,2.1,24.3
2025-04-09 13:40:05,888.0,102.8,890.5,881.6,886.9,885.5,883.3,893.2,880.0,908.3,892.2,1054.6,1.8,24.3
2025-04-09 13:40:10,886.2,102.5,890.3,880.7,886.9,884.5,883.8,892.7,878.2,907.3,891.8,1054.2,1.4,24.3
2025-04-09 13:40:15,889.4,102.1,892.6,881.7,888.2,884.7,884.9,891.7,875.5,905.5,890.0,1054.8,1.2,24.3
2025-04-09 13:40:20,893.1,102.1,896.5,882.4,891.3,884.3,884.5,891.2,874.8,905.2,890.1,1056.2,1.6,24.3
2025-04-09 13:40:25,897.3,101.9,898.1,882.1,894.4,883.9,887.8,890.6,875.2,907.9,894.0,1057.6,2.7,24.3
2025-04-09 13:40:30,898.8,101.8,901.6,884.9,895.8,886.7,889.4,892.0,877.9,908.8,895.0,1059.8,2.5,24.3
2025-04-09 13:40:35,900.5,101.8,901.8,885.5,895.8,887.2,889.4,892.5,877.4,904.4,891.6,1060.6,2.6,24.3
2025-04-09 13:40:40,899.9,102.0,900.7,884.7,891.1,884.6,881.9,890.2,873.6,895.7,881.5,1060.4,2.5,24.3
2025-04-09 13:40:45,896.8,102.2,898.0,882.6,888.4,881.8,878.7,884.6,865.1,886.5,871.1,1052.4,2.7,24.2
2025-04-09 13:40:50,889.2,102.8,887.7,871.9,880.6,872.3,871.9,873.3,857.2,882.6,865.0,1044.4,2.4,24.2
2025-04-09 13:40:55,885.0,102.5,880.7,866.5,874.3,866.8,865.1,869.2,854.6,878.3,859.8,1037.4,2.4,24.2
2025-04-09 13:41:00,879.9,102.2,875.3,861.3,865.2,859.7,857.9,866.6,852.0,876.5,857.4,1030.6,2.5,24.2
2025-04-09 13:41:05,871.2,102.1,868.7,855.7,861.7,857.0,857.0,862.9,852.4,878.7,858.9,1020.4,2.0,24.2
2025-04-09 13:41:10,867.8,102.5,865.8,853.5,860.2,856.5,855.1,863.6,852.3,877.7,856.6,1019.4,1.9,24.2
2025-04-09 13:41:15,858.0,102.4,856.8,851.7,852.3,853.8,846.7,861.0,849.2,871.1,851.3,1017.8,1.9,24.2
2025-04-09 13:41:20,851.6,102.1,853.5,847.2,851.6,850.9,846.1,857.4,847.5,870.6,850.8,1008.8,2.0,24.2
2025-04-09 13:41:25,854.2,101.9,857.0,844.1,852.2,849.5,847.6,855.9,846.5,875.9,856.3,1008.0,1.9,24.1
2025-04-09 13:41:30,857.2,101.5,860.7,848.3,859.0,854.6,857.0,863.9,855.6,884.6,864.7,1012.8,1.8,24.1
2025-04-09 13:41:35,858.5,101.3,862.4,853.3,863.0,860.5,861.3,869.6,859.7,889.0,870.0,1018.6,1.8,24.1
2025-04-09 13:41:40,860.2,100.9,866.6,858.7,865.5,863.1,865.3,872.5,861.7,893.7,875.9,1024.8,1.5,24.1
2025-04-09 13:41:45,864.6,100.7,872.2,861.2,873.5,867.6,873.0,875.4,864.8,899.1,882.3,1027.6,1.3,24.1
2025-04-09 13:41:50,868.1,100.5,876.1,864.1,876.8,869.9,876.6,881.0,871.0,906.3,890.2,1035.8,1.1,24.1
2025-04-09 13:41:55,880.7,100.6,888.4,871.3,884.8,877.5,883.9,887.9,877.5,911.3,896.8,1044.4,1.0,24.1
2025-04-09 13:42:00,887.4,100.5,894.0,878.4,890.4,884.2,889.2,893.5,880.7,914.6,901.6,1052.6,0.9,24.1
2025-04-09 13:42:05,888.9,100.4,893.1,884.7,891.2,890.1,889.1,898.3,884.3,916.9,902.3,1056.6,0.8,24.1
2025-04-09 13:42:10,886.4,100.6,888.9,886.6,887.9,891.5,884.1,899.0,885.1,911.7,895.4,1058.0,0.6,24.1
2025-04-09 13:42:15,878.9,100.7,881.0,886.2,878.8,890.6,872.1,895.0,882.2,906.0,887.5,1056.0,0.5,24.1
2025-04-09 13:42:20,866.4,100.9,864.9,876.0,859.4,878.1,853.0,881.2,869.6,880.4,863.2,1042.2,0.4,24.0
2025-04-09 13:42:25,854.7,100.8,854.7,860.1,851.2,862.1,849.5,866.3,856.6,876.6,855.3,1024.8,0.4,24.0
2025-04-09 13:42:30,855.7,101.0,862.4,852.6,853.2,855.7,852.0,862.7,852.9,881.1,863.8,1010.4,1.0,24.0
2025-04-09 13:42:35,870.5,100.9,876.9,852.9,874.4,860.1,867.9,863.9,853.5,891.4,878.1,1018.4,1.3,24.0
2025-04-09 13:42:40,881.7,100.7,882.7,858.3,879.1,865.4,877.4,873.7,859.4,898.4,885.4,1033.4,1.3,24.0
2025-04-09 13:42:45,886.5,100.4,891.4,872.1,886.3,875.7,882.9,882.9,865.9,902.5,889.4,1041.4,1.2,24.0
2025-04-09 13:42:50,890.9,100.7,893.7,877.8,889.7,880.8,886.5,889.4,872.0,911.4,899.8,1049.2,1.5,24.0
2025-04-09 13:42:55,892.2,101.1,895.0,882.9,892.5,885.7,888.6,895.1,878.5,912.9,901.0,1051.8,1.4,24.0
2025-04-09 13:43:00,893.1,102.4,895.9,887.9,892.9,891.0,887.2,897.0,880.4,910.6,897.8,1057.0,1.4,24.0
2025-04-09 13:43:05,893.2,103.0,894.9,887.9,890.8,890.2,884.6,895.3,880.3,909.4,896.4,1056.8,1.4,24.0
2025-04-09 13:43:10,891.3,103.3,893.7,886.6,889.8,888.7,883.5,894.1,879.5,908.3,895.2,1055.0,1.7,24.0
2025-04-09 13:43:15,890.2,103.2,892.0,882.7,888.8,886.6,883.1,892.7,879.8,908.4,895.3,1053.0,1.7,24.0
2025-04-09 13:43:20,889.3,103.1,891.6,882.2,888.3,885.8,883.4,892.4,880.2,907.3,894.8,1051.4,2.0,24.0
2025-04-09 13:43:25,888.3,102.6,890.5,881.4,888.0,885.2,883.2,891.9,879.6,907.6,894.9,1051.4,2.3,24.0
2025-04-09 13:43:30,888.2,102.2,890.7,881.1,887.7,884.8,883.4,892.1,879.7,908.5,896.3,1050.6,1.9,24.0
2025-04-09 13:43:35,888.4,101.7,891.7,881.6,887.5,885.0,883.8,892.3,880.0,908.4,895.4,1050.6,1.9,24.0
2025-04-09 13:43:40,888.6,100.6,891.0,882.3,887.2,885.0,883.2,892.3,880.4,907.5,894.7,1050.0,1.3,24.0
2025-04-09 13:43:45,887.1,100.5,889.9,881.7,886.6,884.0,882.3,891.4,879.7,905.9,893.2,1048.4,1.0,24.0
2025-04-09 13:43:50,887.4,100.4,889.8,881.1,886.8,883.2,881.5,890.0,878.5,905.1,892.2,1047.0,0.9,24.0
2025-04-09 13:43:55,887.6,100.5,889.2,879.2,886.7,881.4,880.5,888.2,876.0,903.6,891.0,1046.2,0.8,24.0
2025-04-09 13:44:00,887.9,100.6,888.9,878.9,886.1,880.7,880.1,887.9,876.1,903.8,891.0,1046.4,0.7,24.0
2025-04-09 13:44:05,887.1,100.3,889.1,878.0,886.6,880.3,880.8,887.4,875.0,905.1,892.9,1045.6,0.7,24.0
2025-04-09 13:44:10,886.4,99.9,888.6,878.2,886.7,880.7,881.9,888.0,875.6,906.4,894.0,1046.8,0.6,24.1
2025-04-09 13:44:15,886.1,99.9,888.9,878.7,886.6,881.7,881.8,888.6,876.9,905.6,894.0,1047.6,0.7,24.1
2025-04-09 13:44:20,885.9,100.1,888.6,879.3,885.3,883.1,879.7,889.4,877.7,904.0,891.3,1046.6,0.6,24.1
2025-04-09 13:44:25,885.9,99.8,887.3,877.9,883.6,882.3,878.3,887.5,876.4,902.9,889.6,1046.2,0.6,24.1
2025-04-09 13:44:30,885.0,100.3,886.8,875.6,882.7,879.9,877.1,886.5,875.7,902.5,889.9,1044.8,0.6,24.1
2025-04-09 13:44:35,884.3,100.3,885.9,875.1,882.3,880.0,877.0,886.2,875.5,902.9,891.1,1043.2,0.5,24.1
2025-04-09 13:44:40,883.6,100.1,886.0,874.7,882.4,880.5,877.5,886.7,875.5,904.1,892.0,1043.4,0.4,24.1
2025-04-09 13:44:45,884.1,99.8,888.0,875.8,884.9,881.2,878.8,887.4,875.4,903.8,892.7,1044.0,0.3,24.1
2025-04-09 13:44:50,885.2,99.5,889.0,876.4,886.0,881.4,879.2,887.0,872.5,902.0,891.1,1047.8,0.2,24.1
2025-04-09 13:44:55,886.7,99.6,889.5,876.7,885.8,880.8,879.2,886.2,871.5,899.6,888.5,1046.8,0.1,24.1
2025-04-09 13:45:00,886.0,99.5,888.1,875.4,884.6,877.5,877.2,881.8,868.2,897.4,885.0,1045.4,0.1,24.1
2025-04-09 13:45:05,885.7,99.6,887.1,874.7,881.7,877.7,875.0,881.7,866.8,895.1,882.5,1043.6,0.0,24.2
2025-04-09 13:45:10,885.1,99.6,884.6,871.9,878.1,874.2,869.6,879.2,866.4,894.0,881.1,1041.6,0.1,24.2
2025-04-09 13:45:15,879.9,99.5,879.7,869.7,872.5,873.4,865.8,878.9,864.3,890.5,876.8,1039.0,0.5,24.2
2025-04-09 13:45:20,874.8,99.5,874.8,866.2,869.5,869.5,862.6,876.4,862.0,888.3,874.9,1033.4,0.7,24.2
2025-04-09 13:45:25,869.7,99.7,871.3,862.6,865.0,865.3,860.6,873.0,860.7,886.9,872.4,1028.6,1.0,24.2
2025-04-09 13:45:30,867.2,100.0,868.1,860.1,862.4,864.3,859.0,872.4,861.2,886.5,873.4,1024.6,1.1,24.2
2025-04-09 13:45:35,863.4,100.3,864.5,860.2,862.7,863.9,857.4,872.6,861.8,881.9,866.5,1023.2,1.0,24.2
2025-04-09 13:45:40,859.2,101.1,860.7,857.7,855.7,859.0,851.1,867.3,855.5,875.8,860.6,1020.8,1.3,24.2
2025-04-09 13:45:45,857.8,101.2,859.5,853.0,856.1,854.4,852.1,861.7,851.0,878.8,863.8,1015.2,2.0,24.2
2025-04-09 13:45:50,857.6,101.3,861.7,852.5,859.4,855.7,856.4,864.5,856.4,886.9,872.8,1015.4,2.1,24.2
2025-04-09 13:45:55,861.7,100.8,864.2,855.5,862.6,861.4,860.1,870.6,860.7,887.5,874.1,1022.0,2.3,24.3
2025-04-09 13:46:00,861.9,100.7,866.7,860.1,863.8,863.8,859.7,871.6,860.8,885.6,873.9,1024.2,2.6,24.3
2025-04-09 13:46:05,862.6,101.0,868.0,860.8,864.8,864.3,859.3,871.3,857.7,880.4,867.6,1024.2,2.6,24.3
2025-04-09 13:46:10,863.5,101.1,868.9,860.2,864.2,862.6,858.4,868.3,855.3,879.3,867.1,1024.2,2.5,24.3
2025-04-09 13:46:15,865.2,101.4,869.6,858.7,864.0,860.5,857.9,866.5,852.9,878.3,865.0,1022.8,2.5,24.3
2025-04-09 13:46:20,865.5,101.1,866.4,857.3,861.6,859.1,854.9,864.1,851.8,879.2,865.2,1021.2,2.3,24.3
2025-04-09 13:46:25,863.6,100.9,866.2,855.5,861.2,858.8,858.3,864.7,852.2,883.5,871.4,1018.0,1.9,24.3
2025-04-09 13:46:30,864.4,100.5,868.2,855.6,865.4,859.7,862.3,868.6,857.6,888.2,877.2,1020.6,1.7,24.3
2025-04-09 13:46:35,870.5,100.3,875.7,862.6,870.2,864.3,865.2,872.1,861.1,891.3,879.8,1026.2,1.8,24.3
2025-04-09 13:46:40,873.5,100.3,877.2,864.1,873.6,867.3,867.9,875.0,864.0,896.1,884.9,1030.6,1.8,24.3
2025-04-09 13:46:45,877.5,99.9,879.0,867.2,874.6,870.2,870.2,878.0,867.5,899.2,887.5,1032.6,1.5,24.3
2025-04-09 13:46:50,878.3,99.9,882.0,870.4,879.8,872.3,874.3,881.3,870.9,903.6,893.9,1033.8,1.4,24.3
2025-04-09 13:46:55,880.9,99.9,885.9,872.3,883.6,877.5,881.9,887.1,876.8,910.2,901.1,1040.4,1.3,24.3
2025-04-09 13:47:00,886.8,100.3,891.5,878.3,888.3,883.5,885.9,892.5,881.9,913.4,904.8,1047.4,1.2,24.3
2025-04-09 13:47:05,891.7,100.4,895.4,883.2,891.3,888.5,888.2,895.8,886.3,915.1,905.8,1050.6,1.1,24.3
2025-04-09 13:47:10,894.2,100.6,897.3,887.3,893.6,891.1,889.6,898.6,888.1,916.0,907.7,1054.6,1.0,24.3
2025-04-09 13:47:15,894.7,100.9,899.5,889.7,894.1,892.8,890.1,899.6,889.0,917.0,909.1,1056.2,0.9,24.3
2025-04-09 13:47:20,895.7,101.3,900.5,889.4,894.4,893.0,890.5,900.5,889.1,917.2,909.5,1057.6,0.9,24.2
2025-04-09 13:47:25,896.2,101.1,901.2,890.2,894.4,894.7,891.4,900.7,889.1,917.0,909.4,1057.8,1.4,24.2
2025-04-09 13:47:30,896.2,100.9,901.2,890.2,894.7,894.8,891.6,900.8,889.1,917.1,909.5,1058.4,1.5,24.2
2025-04-09 13:47:35,896.7,100.9,900.8,890.6,894.2,894.4,891.6,900.7,889.0,916.8,909.2,1059.0,1.5,24.2
2025-04-09 13:47:40,896.9,101.1,900.4,890.8,894.8,894.2,891.7,901.2,889.0,917.3,909.7,1058.6,1.4,24.2
2025-04-09 13:47:45,897.1,101.2,900.3,890.8,895.6,894.0,892.0,901.5,889.4,916.6,908.8,1058.2,1.9,24.2
2025-04-09 13:47:50,898.1,101.2,900.6,891.2,895.2,894.0,891.1,901.0,889.8,915.9,907.9,1057.8,1.9,24.2
2025-04-09 13:47:55,898.0,101.4,901.4,891.4,895.2,894.0,890.4,899.9,889.2,915.6,908.1,1057.0,1.9,24.2
2025-04-09 13:48:00,897.8,101.6,901.8,890.4,895.2,892.8,891.0,898.8,888.1,914.6,907.4,1056.2,1.8,24.2
2025-04-09 13:48:05,897.6,101.7,901.8,889.7,894.3,892.1,890.4,898.2,887.7,913.3,905.9,1056.0,1.6,24.1
2025-04-09 13:48:10,897.1,102.0,900.8,889.0,893.1,891.4,887.7,897.0,885.2,911.6,903.4,1055.6,2.0,24.1
2025-04-09 13:48:15,895.5,102.7,898.7,886.3,890.8,888.8,886.2,895.3,883.3,907.7,899.2,1053.6,2.8,24.1
2025-04-09 13:48:20,893.6,103.5,896.3,885.5,889.9,888.6,882.5,892.3,879.5,904.5,895.1,1051.0,2.8,24.1
2025-04-09 13:48:25,892.5,103.6,893.3,882.4,885.2,885.3,879.0,888.9,877.0,901.3,891.6,1046.8,2.7,24.1
2025-04-09 13:48:30,885.6,103.3,887.9,878.9,880.9,881.5,874.8,885.0,874.5,899.1,888.5,1042.4,2.6,24.1
2025-04-09 13:48:35,881.9,103.0,881.7,874.5,876.2,878.5,872.4,883.6,872.6,898.6,888.5,1039.6,2.3,24.0
2025-04-09 13:48:40,879.9,102.6,880.4,873.1,875.4,877.2,872.5,882.9,872.9,899.4,888.9,1037.2,1.8,24.0
2025-04-09 13:48:45,877.6,102.2,880.2,871.8,875.7,877.4,875.6,885.3,875.0,903.8,894.4,1033.8,1.5,24.0
2025-04-09 13:48:50,877.3,101.6,882.6,873.8,879.6,879.1,877.3,887.5,876.5,903.6,894.8,1035.6,1.4,23.9
2025-04-09 13:48:55,880.5,101.9,885.9,877.4,880.3,880.0,875.6,886.0,872.8,898.5,890.6,1039.8,1.4,24.0
2025-04-09 13:49:00,882.1,101.8,885.2,877.7,877.5,878.2,872.5,882.2,871.0,896.8,886.7,1039.0,1.2,24.0
2025-04-09 13:49:05,880.0,101.4,882.6,873.0,876.1,875.0,872.3,882.0,870.3,898.0,888.3,1036.4,1.5,24.0
2025-04-09 13:49:10,880.2,101.9,883.3,873.1,878.2,875.4,875.8,882.4,872.8,902.4,891.4,1035.4,1.9,24.0
2025-04-09 13:49:15,880.0,102.0,884.6,876.1,881.3,879.3,878.1,887.1,875.3,906.4,896.6,1037.6,1.6,24.0
2025-04-09 13:49:20,881.4,101.6,886.5,877.1,882.4,880.6,879.2,889.6,878.5,906.9,898.5,1040.0,1.5,24.0
2025-04-09 13:49:25,882.6,101.3,888.2,880.7,883.0,883.4,879.9,889.3,878.3,906.5,897.5,1043.0,1.7,24.0
2025-04-09 13:49:30,883.7,101.1,888.3,881.5,882.7,883.5,879.2,889.0,877.5,906.0,897.8,1043.2,1.8,24.0
2025-04-09 13:49:35,885.8,100.3,888.3,880.7,882.8,883.1,878.5,888.9,877.7,906.4,897.9,1042.8,1.4,24.0
2025-04-09 13:49:40,885.4,100.1,888.7,880.3,882.3,883.1,878.6,888.9,878.0,907.0,898.5,1042.6,1.4,24.0
2025-04-09 13:49:45,885.0,99.8,888.6,880.0,882.3,882.7,879.1,889.2,878.3,907.0,898.5,1042.8,1.3,24.0
2025-04-09 13:49:50,885.7,99.7,889.9,880.7,883.0,883.3,880.8,890.7,880.3,908.3,900.3,1043.6,1.1,24.0
2025-04-09 13:49:55,885.5,99.5,890.1,881.5,884.2,885.0,881.4,891.7,881.1,908.8,900.7,1044.6,1.0,24.0
2025-04-09 13:50:00,885.9,99.5,890.5,882.2,884.3,886.1,881.9,893.5,882.5,909.8,902.2,1045.8,0.7,24.0
2025-04-09 13:50:05,886.4,99.6,890.2,882.9,884.6,886.4,881.9,893.3,882.5,909.2,901.7,1046.6,0.7,24.0
2025-04-09 13:50:10,886.6,99.7,890.6,882.9,884.9,886.4,882.0,893.2,881.6,908.9,900.9,1047.4,0.6,24.0
2025-04-09 13:50:15,886.9,99.8,890.4,883.1,884.7,886.1,882.3,892.3,881.6,908.3,900.7,1047.2,0.6,24.0
2025-04-09 13:50:20,889.2,99.6,890.3,882.6,884.8,885.3,882.3,891.5,880.4,908.5,900.4,1045.6,0.5,24.0
2025-04-09 13:50:25,866.3,99.6,890.2,882.1,885.3,885.6,882.2,891.7,881.2,908.9,901.1,1045.8,0.6,24.0
2025-04-09 13:50:30,877.3,99.6,889.8,882.5,885.6,886.1,882.6,891.8,881.5,909.2,901.9,1045.8,0.7,24.0
2025-04-09 13:50:35,877.4,99.6,890.7,882.8,886.8,886.2,883.3,892.6,882.0,910.1,902.6,1046.6,0.7,24.0
2025-04-09 13:50:40,878.4,99.2,892.4,884.2,887.9,886.5,883.5,893.4,882.2,910.2,902.7,1047.2,1.3,24.1
2025-04-09 13:50:45,884.1,99.8,893.8,885.0,887.7,886.4,883.3,893.7,882.5,910.9,903.4,1047.4,1.3,24.1
2025-04-09 13:50:50,886.8,99.9,894.4,885.3,887.5,887.3,883.8,894.3,882.4,911.3,903.8,1047.4,1.4,24.1
2025-04-09 13:50:55,887.9,99.9,894.2,885.0,887.6,887.9,884.0,894.1,882.6,911.9,904.8,1047.4,1.3,24.1
2025-04-09 13:51:00,889.3,99.7,893.6,884.9,887.8,888.1,884.6,894.8,883.3,913.0,906.2,1047.6,1.3,24.1
2025-04-09 13:51:05,890.2,99.2,894.3,885.5,888.6,888.9,885.1,897.1,884.4,913.8,907.0,1049.4,1.6,24.1
2025-04-09 13:51:10,890.5,99.1,894.3,886.6,889.3,890.1,886.0,897.2,884.8,914.2,907.1,1051.0,1.6,24.1
2025-04-09 13:51:15,890.8,98.6,895.4,887.0,889.6,889.7,886.2,897.3,885.0,914.9,907.7,1051.4,1.2,24.1
2025-04-09 13:51:20,891.2,98.6,895.3,887.2,889.5,890.3,885.7,896.8,885.3,914.7,907.9,1051.4,1.2,24.1
2025-04-09 13:51:25,890.7,98.4,894.4,886.7,888.1,889.5,885.0,896.9,885.6,914.5,907.7,1051.6,1.2,24.1
2025-04-09 13:51:30,891.0,98.7,893.9,886.5,887.8,889.6,884.6,896.8,885.5,914.5,907.7,1051.2,1.1,24.1
2025-04-09 13:51:35,890.4,99.1,892.9,885.9,887.9,889.1,884.3,896.8,885.7,914.8,908.3,1050.0,1.0,24.1
2025-04-09 13:51:40,890.2,99.3,892.8,885.8,888.0,889.1,884.7,896.6,885.2,914.5,907.9,1049.6,0.8,24.2
2025-04-09 13:51:45,889.2,99.3,893.0,886.0,888.2,888.9,884.9,896.6,885.2,914.5,908.1,1049.4,0.7,24.2
2025-04-09 13:51:50,890.4,99.2,894.0,886.4,889.2,889.3,885.3,896.1,885.3,914.5,908.3,1050.0,0.6,24.2
2025-04-09 13:51:55,893.3,99.1,895.0,887.0,889.0,889.4,885.2,896.5,885.7,915.0,908.7,1050.8,0.6,24.2
2025-04-09 13:52:00,879.9,99.2,895.2,887.2,889.4,889.7,885.5,896.7,886.1,916.0,910.0,1050.6,0.5,24.3
2025-04-09 13:52:05,891.1,99.5,895.5,887.1,889.4,890.1,886.0,897.3,886.9,916.9,910.1,1050.8,0.5,24.2
2025-04-09 13:52:10,886.8,100.2,897.5,887.3,890.1,890.0,886.8,898.0,887.0,917.4,911.7,1051.6,0.5,24.3
2025-04-09 13:52:15,888.8,100.6,897.4,889.1,890.7,891.2,888.0,899.5,888.1,918.2,912.8,1053.0,0.5,24.3
2025-04-09 13:52:20,893.6,100.9,898.2,888.8,891.5,891.4,887.6,899.5,888.2,919.3,913.4,1053.8,0.5,24.3
2025-04-09 13:52:25,894.5,101.5,899.0,889.1,891.6,891.6,888.2,900.3,888.8,918.3,913.5,1054.4,0.4,24.3
2025-04-09 13:52:30,894.3,101.9,899.5,889.6,892.4,891.6,888.6,900.5,888.3,918.2,912.5,1056.2,0.3,24.4
2025-04-09 13:52:35,895.0,102.2,900.0,889.5,891.9,891.6,888.4,900.2,888.1,917.6,912.3,1056.2,0.4,24.4
2025-04-09 13:52:40,895.8,102.6,899.5,889.2,891.0,889.9,886.9,899.5,886.8,917.2,911.4,1055.8,0.4,24.4
2025-04-09 13:52:45,896.5,102.9,898.9,888.4,890.4,888.9,886.4,898.7,886.6,917.0,911.5,1054.8,0.4,24.4
2025-04-09 13:52:50,897.4,103.6,898.9,887.9,890.8,889.2,886.9,898.9,886.9,917.3,911.9,1055.0,0.5,24.4
2025-04-09 13:52:55,897.8,104.8,899.6,888.3,891.1,890.0,887.1,899.4,887.3,917.2,912.1,1054.8,0.5,24.4
2025-04-09 13:53:00,897.4,105.5,899.2,888.7,891.6,890.7,887.7,899.5,887.6,917.5,912.5,1055.8,0.4,24.4
2025-04-09 13:53:05,897.5,106.7,899.6,888.6,891.5,891.5,887.8,900.9,888.5,918.4,913.1,1056.8,0.4,24.5
2025-04-09 13:53:10,897.2,107.3,899.7,889.1,891.5,891.5,888.1,900.7,889.1,918.7,913.2,1056.6,0.3,24.5
2025-04-09 13:53:15,897.0,108.4,899.9,888.8,891.9,891.9,888.4,900.6,889.1,919.3,914.3,1057.8,0.2,24.5
2025-04-09 13:53:20,896.8,109.1,900.3,888.4,892.0,892.0,889.0,900.5,889.4,919.9,914.5,1058.4,0.1,24.5
2025-04-09 13:53:25,896.6,111.2,900.1,888.7,892.2,892.3,889.5,900.8,889.6,920.1,915.3,1058.6,0.0,24.5
2025-04-09 13:53:30,896.6,111.8,900.3,888.9,893.0,893.0,889.8,902.7,889.6,919.8,915.3,1058.4,0.0,24.5
2025-04-09 13:53:35,896.9,112.5,900.6,890.8,893.4,894.5,890.1,903.6,890.3,919.6,915.0,1059.0,0.0,24.6
2025-04-09 13:53:40,897.1,112.6,900.5,892.2,893.2,894.8,889.9,904.1,890.1,919.4,914.6,1059.8,0.3,24.6
2025-04-09 13:53:45,896.1,113.0,899.4,891.8,892.7,895.1,889.2,903.1,889.9,919.3,914.6,1060.0,0.6,24.6
2025-04-09 13:53:50,894.8,113.3,898.3,890.7,891.8,894.4,888.9,901.0,889.2,918.2,913.5,1059.6,0.7,24.6
2025-04-09 13:53:55,894.8,114.7,898.2,889.3,891.4,893.0,889.4,901.1,888.4,917.5,912.4,1057.6,1.0,24.6
2025-04-09 13:54:00,894.9,115.1,899.4,889.0,892.0,892.6,889.2,901.0,888.5,918.0,912.5,1058.2,1.2,24.6
2025-04-09 13:54:05,894.9,116.9,900.3,890.0,893.3,893.8,890.2,901.0,888.7,918.7,913.9,1058.6,1.6,24.6
2025-04-09 13:54:10,895.6,116.9,900.7,891.8,893.5,894.4,891.3,901.4,890.1,920.0,915.5,1059.0,1.6,24.6
2025-04-09 13:54:15,895.8,117.4,900.7,891.7,893.8,894.0,891.6,902.9,891.1,920.6,916.7,1059.8,1.5,24.6
2025-04-09 13:54:20,896.3,118.6,900.7,891.7,894.5,895.0,892.3,903.6,892.2,920.7,916.7,1060.0,1.7,24.7
2025-04-09 13:54:25,897.8,119.3,901.9,892.0,895.5,895.4,892.6,904.4,892.7,921.6,916.8,1060.0,2.0,24.7
2025-04-09 13:54:30,898.1,120.0,903.0,892.3,895.8,895.9,892.9,904.8,893.4,923.2,919.2,1060.6,2.6,24.7
2025-04-09 13:54:35,899.8,120.5,905.3,893.7,896.6,897.1,895.4,904.7,893.6,923.6,919.7,1061.2,2.7,24.7
2025-04-09 13:54:40,900.4,122.1,904.9,893.4,897.2,897.0,894.9,904.7,893.5,923.5,919.8,1061.8,2.8,24.7
2025-04-09 13:54:45,900.4,122.9,904.9,893.8,897.9,896.7,895.2,905.1,894.0,923.1,919.3,1061.2,2.6,24.7
2025-04-09 13:54:50,900.0,123.8,903.8,894.0,897.4,896.2,894.5,903.8,892.4,921.5,918.6,1060.2,2.4,24.7
2025-04-09 13:54:55,899.6,124.1,903.3,893.9,896.0,895.0,892.8,902.5,891.3,920.1,916.8,1059.0,2.2,24.7
2025-04-09 13:55:00,897.7,124.7,900.9,891.3,894.5,894.5,892.3,901.4,890.6,919.5,916.0,1057.8,1.6,24.7
2025-04-09 13:55:05,897.7,124.0,900.9,890.7,894.4,894.0,892.1,900.3,889.7,919.7,915.8,1058.2,1.4,24.7
2025-04-09 13:55:10,897.0,123.9,900.9,890.4,894.5,894.2,892.4,903.0,890.2,919.7,915.7,1058.0,1.7,24.7
2025-04-09 13:55:15,896.6,124.2,901.1,892.6,894.1,894.1,891.8,901.3,888.2,918.3,913.0,1058.0,1.8,24.7
2025-04-09 13:55:20,897.0,125.4,900.6,892.0,892.5,892.2,889.3,899.5,887.1,916.1,911.6,1056.4,2.2,24.7
2025-04-09 13:55:25,896.9,125.6,898.6,889.2,890.8,890.4,887.9,897.2,885.0,912.6,907.4,1055.2,2.4,24.7
2025-04-09 13:55:30,895.2,126.3,896.2,889.0,888.5,887.9,883.8,894.0,883.0,908.9,904.0,1053.8,2.6,24.8
2025-04-09 13:55:35,892.7,127.8,893.0,885.4,887.5,885.2,883.3,893.9,881.5,908.3,902.3,1050.4,3.0,24.8
2025-04-09 13:55:40,891.7,128.0,893.1,883.8,887.2,884.6,883.8,893.5,880.9,909.6,903.9,1048.8,2.7,24.8
2025-04-09 13:55:45,891.9,129.3,893.3,883.8,886.7,885.4,883.7,894.2,880.7,907.6,901.1,1049.2,2.2,24.8
2025-04-09 13:55:50,890.9,129.7,892.7,885.2,884.8,885.1,881.6,892.1,878.1,902.6,896.9,1047.0,3.3,24.8
2025-04-09 13:55:55,887.0,130.4,889.6,882.3,881.8,881.6,877.1,887.1,874.0,898.0,890.6,1044.4,3.1,24.8
2025-04-09 13:56:00,885.2,130.6,886.4,880.0,878.0,878.3,873.1,882.6,869.0,892.0,884.4,1039.6,3.4,24.8
2025-04-09 13:56:05,879.6,132.3,880.4,873.6,871.5,872.4,867.1,879.8,865.7,889.9,881.3,1035.8,3.9,24.8
2025-04-09 13:56:10,874.3,133.3,875.3,867.5,869.7,868.6,866.5,875.9,864.1,890.0,882.1,1028.8,3.3,24.8
2025-04-09 13:56:15,872.4,133.8,875.5,866.1,870.2,867.6,866.9,875.4,864.7,892.4,884.2,1027.4,4.2,24.8
2025-04-09 13:56:20,873.2,134.6,879.4,868.8,874.5,870.8,870.5,878.7,866.8,896.5,889.8,1030.4,4.8,24.8
2025-04-09 13:56:25,876.5,136.4,881.9,872.2,877.7,875.3,877.1,883.7,871.7,899.5,893.8,1033.0,4.1,24.8
2025-04-09 13:56:30,878.6,136.4,884.3,874.2,879.6,875.9,878.2,886.2,874.1,902.7,897.8,1037.2,4.1,24.8
2025-04-09 13:56:35,881.6,138.5,887.3,877.3,883.0,878.4,882.5,889.0,876.5,904.4,899.0,1041.0,4.5,24.8
2025-04-09 13:56:40,884.3,139.8,888.6,879.1,884.6,880.9,882.7,889.5,877.5,904.6,898.9,1044.6,3.9,24.7
2025-04-09 13:56:45,884.5,142.2,889.1,879.8,885.1,881.5,882.7,890.0,876.6,904.4,897.8,1044.8,3.6,24.7
2025-04-09 13:56:50,883.9,143.3,887.4,879.7,882.5,881.2,880.8,888.7,875.8,903.5,895.4,1042.6,3.5,24.7
2025-04-09 13:56:55,882.6,143.5,884.6,876.7,880.4,877.6,877.7,887.2,875.6,902.5,894.4,1040.4,2.8,24.7
2025-04-09 13:57:00,881.8,144.0,883.5,875.0,879.1,874.4,875.7,884.7,871.3,899.1,891.3,1036.6,2.3,24.7
2025-04-09 13:57:05,880.6,144.6,882.0,874.9,878.0,874.4,875.1,884.2,870.3,898.7,890.7,1037.0,2.7,24.7
2025-04-09 13:57:10,878.0,146.5,880.2,873.8,876.2,873.7,874.3,883.7,869.6,898.7,890.0,1036.8,2.5,24.6
2025-04-09 13:57:15,877.3,147.0,880.6,873.2,877.7,872.9,875.8,883.5,869.7,899.4,892.2,1035.4,3.3,24.6
2025-04-09 13:57:20,878.6,149.1,882.9,873.4,878.9,873.5,877.0,883.6,869.6,899.6,893.6,1037.0,3.7,24.6
2025-04-09 13:57:25,880.1,149.1,883.4,876.0,880.1,875.4,876.6,884.9,870.1,898.9,892.4,1039.8,3.8,24.6
2025-04-09 13:57:30,880.5,150.3,883.6,874.6,879.0,875.4,874.3,882.6,867.8,895.8,888.2,1039.4,3.6,24.6
2025-04-09 13:57:35,878.5,150.7,881.4,873.0,876.5,872.7,872.3,880.5,863.7,891.0,882.2,1036.0,3.3,24.6
2025-04-09 13:57:40,875.6,152.2,876.1,867.3,871.2,867.2,868.4,876.4,861.0,888.2,880.0,1031.4,3.0,24.6
2025-04-09 13:57:45,873.8,153.3,875.1,865.6,869.2,864.8,865.3,874.0,859.8,888.9,878.9,1024.8,2.8,24.6
2025-04-09 13:57:50,869.0,154.7,870.5,861.8,866.7,862.5,864.9,872.5,860.3,891.4,881.3,1021.2,2.0,24.6
2025-04-09 13:57:55,868.3,155.8,870.2,861.4,866.9,863.0,866.3,873.3,863.3,894.2,884.6,1021.6,1.7,24.5
2025-04-09 13:58:00,868.8,157.2,872.5,863.7,870.8,867.5,870.1,877.2,866.1,894.8,885.9,1024.0,1.8,24.5
2025-04-09 13:58:05,872.4,159.6,876.6,868.1,872.8,869.8,870.9,878.9,866.8,897.9,889.0,1030.2,2.1,24.5
2025-04-09 13:58:10,875.3,160.7,878.5,870.1,874.8,871.3,873.3,880.7,868.6,898.7,890.1,1031.2,1.9,24.5
2025-04-09 13:58:15,877.5,162.7,880.6,873.0,877.3,873.0,877.1,882.7,869.9,901.5,892.2,1034.2,2.2,24.5
2025-04-09 13:58:20,877.2,164.9,881.6,873.4,878.4,874.2,877.3,883.3,872.0,902.7,893.9,1035.2,2.3,24.5
2025-04-09 13:58:25,877.8,167.7,881.5,873.4,878.3,874.7,877.4,883.9,872.1,904.6,895.9,1035.0,2.2,24.4
2025-04-09 13:58:30,878.3,169.5,881.9,873.1,878.2,874.7,876.7,885.0,874.6,905.0,895.8,1034.8,2.4,24.4
2025-04-09 13:58:35,878.5,171.3,882.3,873.9,878.5,874.8,876.0,884.4,874.1,901.8,892.4,1035.6,2.2,24.4
2025-04-09 13:58:40,878.1,172.6,882.3,874.1,877.6,873.9,875.3,884.1,872.4,899.6,889.6,1035.2,2.0,24.4
2025-04-09 13:58:45,876.3,175.1,879.1,872.0,876.4,872.8,873.5,882.1,870.5,898.9,889.5,1033.2,1.8,24.4
2025-04-09 13:58:50,876.2,176.6,878.2,869.8,873.5,871.1,871.8,880.7,869.2,896.7,888.9,1031.2,1.7,24.4
2025-04-09 13:58:55,878.6,178.5,878.9,869.2,873.3,869.0,870.0,877.9,867.1,891.7,882.9,1030.6,1.3,24.4
2025-04-09 13:59:00,878.4,181.2,879.9,869.6,873.4,869.0,870.1,877.4,863.4,893.4,882.5,1031.0,1.3,24.4
2025-04-09 13:59:05,878.4,184.5,878.6,870.0,872.8,869.6,869.9,877.2,864.0,893.8,884.2,1031.8,1.1,24.4
2025-04-09 13:59:10,878.8,186.4,878.5,869.0,872.5,870.0,869.3,877.4,864.3,895.4,884.6,1031.0,0.9,24.3
2025-04-09 13:59:15,878.5,187.9,879.3,870.0,875.4,871.5,871.9,878.4,865.1,896.1,886.6,1032.0,0.8,24.3
2025-04-09 13:59:20,878.8,192.3,881.8,874.1,876.8,874.4,873.8,881.0,866.1,898.9,890.1,1036.2,0.6,24.3
2025-04-09 13:59:25,879.2,194.2,881.8,874.1,876.6,875.3,874.7,882.2,868.6,902.4,894.0,1035.8,0.5,24.3
2025-04-09 13:59:30,879.9,197.4,883.0,873.8,878.3,875.1,875.3,883.1,870.8,903.7,894.8,1035.0,0.6,24.3
2025-04-09 13:59:35,875.1,199.3,883.8,876.0,879.5,876.0,878.8,885.6,870.6,903.5,895.6,1036.2,0.6,24.3
2025-04-09 13:59:40,873.5,204.2,881.3,876.9,879.9,879.6,878.1,888.2,873.2,905.5,897.1,1036.6,0.8,24.3
2025-04-09 13:59:45,872.2,205.4,878.2,874.5,875.2,877.2,873.2,887.7,873.9,901.0,890.8,1035.2,0.8,24.3
2025-04-09 13:59:50,868.8,207.6,871.0,870.4,867.1,872.0,864.7,881.2,869.2,892.0,879.4,1025.2,0.8,24.3
2025-04-09 13:59:55,871.9,208.5,871.8,863.5,864.8,862.3,860.5,872.6,859.5,885.2,871.8,1020.6,0.8,24.3
2025-04-09 14:00:00,875.0,211.3,875.0,864.0,865.4,860.4,861.5,867.1,851.9,878.7,869.7,1023.8,1.1,24.3
2025-04-09 14:00:05,868.4,213.8,871.4,865.6,866.4,860.7,863.4,868.5,852.8,885.2,876.1,1023.0,1.2,24.3
2025-04-09 14:00:10,867.3,215.4,870.4,864.5,866.8,862.2,864.6,872.2,858.1,890.3,880.2,1022.0,1.3,24.3
2025-04-09 14:00:15,870.7,217.3,870.4,862.5,865.6,861.9,863.8,871.8,858.7,889.7,877.9,1020.2,1.5,24.3
2025-04-09 14:00:20,871.7,218.1,871.4,862.4,867.5,861.1,865.8,870.1,858.4,888.4,878.8,1023.2,1.8,24.3
2025-04-09 14:00:25,871.0,222.7,870.8,864.7,867.6,863.9,864.9,872.9,859.0,889.1,879.9,1023.4,1.6,24.3
2025-04-09 14:00:30,871.0,225.7,872.5,863.9,866.5,863.3,864.2,871.8,858.2,887.1,878.3,1022.4,1.8,24.4
2025-04-09 14:00:35,870.8,228.1,872.0,863.9,866.1,862.5,863.7,870.7,856.9,886.2,876.8,1022.2,1.8,24.4
2025-04-09 14:00:40,868.8,230.3,870.5,862.2,865.0,862.4,863.6,871.1,857.1,889.2,879.0,1021.8,1.8,24.4
2025-04-09 14:00:45,870.6,232.7,871.4,862.4,866.6,862.5,865.5,872.4,859.9,890.7,881.7,1022.0,2.3,24.4
2025-04-09 14:00:50,873.0,235.2,874.5,863.2,868.2,863.0,868.9,874.8,861.4,893.8,885.8,1026.0,2.4,24.4
2025-04-09 14:00:55,878.0,241.1,877.9,868.2,873.6,868.2,873.8,878.4,865.5,898.0,890.3,1029.6,2.6,24.4
2025-04-09 14:01:00,879.8,243.7,881.9,873.3,877.2,872.7,876.0,882.3,868.9,899.0,891.4,1033.4,2.4,24.5
2025-04-09 14:01:05,882.6,246.5,884.1,875.2,878.2,875.1,875.7,883.4,868.7,898.9,891.0,1035.2,2.2,24.5
2025-04-09 14:01:10,884.5,248.8,884.0,874.5,879.6,874.8,877.5,883.5,870.4,902.8,894.9,1035.4,1.9,24.5
2025-04-09 14:01:15,884.2,250.8,885.1,876.7,882.1,876.6,881.0,886.7,872.9,904.5,898.3,1036.4,1.8,24.5
2025-04-09 14:01:20,885.5,254.0,888.6,879.0,885.0,880.2,884.5,890.1,875.9,907.4,901.2,1041.4,1.8,24.5
2025-04-09 14:01:25,888.3,257.6,890.0,882.2,885.7,881.8,884.9,892.1,876.0,906.6,900.7,1043.2,1.8,24.5
2025-04-09 14:01:30,889.7,261.6,891.8,883.5,886.1,882.3,884.8,892.2,876.3,904.4,898.0,1044.2,2.0,24.5
2025-04-09 14:01:35,891.0,264.4,891.5,883.0,884.4,879.7,882.4,888.5,873.2,902.7,895.7,1044.2,1.6,24.5
2025-04-09 14:01:40,888.8,267.7,887.6,879.5,883.3,879.1,882.3,888.0,872.7,904.0,897.4,1041.2,2.0,24.5
2025-04-09 14:01:45,887.3,269.2,888.4,878.7,884.1,879.0,885.0,889.0,876.6,910.1,903.7,1041.0,1.9,24.6
2025-04-09 14:01:50,888.3,272.6,891.7,882.7,887.5,882.6,887.6,892.6,880.3,914.1,908.3,1043.0,1.8,24.6
2025-04-09 14:01:55,890.5,274.3,892.7,884.3,890.5,886.6,891.2,896.6,883.3,915.5,909.0,1045.6,1.8,24.6
2025-04-09 14:02:00,895.4,279.8,897.2,888.4,892.9,888.2,891.4,899.7,884.7,915.9,910.6,1051.6,2.1,24.6
2025-04-09 14:02:05,895.8,284.9,897.6,889.0,892.7,888.8,891.4,899.3,884.8,917.0,911.3,1051.8,2.0,24.6
2025-04-09 14:02:10,896.1,289.0,897.8,889.0,894.2,889.4,894.3,900.1,886.6,919.4,914.7,1052.0,1.9,24.6
2025-04-09 14:02:15,898.0,293.2,900.9,891.3,897.3,892.3,896.8,903.4,888.1,922.1,916.0,1053.6,1.8,24.6
2025-04-09 14:02:20,900.1,298.3,903.8,894.4,899.0,893.6,898.1,905.8,891.0,923.5,918.6,1056.4,1.6,24.6
2025-04-09 14:02:25,901.7,304.0,903.8,897.0,899.8,894.6,898.8,906.2,891.4,924.7,920.0,1058.0,1.3,24.6
2025-04-09 14:02:30,901.6,308.1,903.8,897.1,899.6,895.2,899.3,905.9,891.6,925.1,920.8,1058.6,1.1,24.5
2025-04-09 14:02:35,896.8,310.5,902.3,896.8,898.2,894.9,898.4,906.5,891.7,924.3,919.2,1057.4,0.9,24.5
2025-04-09 14:02:40,895.2,316.5,895.4,893.4,892.3,892.0,890.2,904.7,890.0,918.3,910.4,1053.2,0.7,24.5
2025-04-09 14:02:45,898.3,319.1,895.3,888.7,889.3,884.9,888.2,896.4,883.2,913.5,906.8,1047.4,0.6,24.5
2025-04-09 14:02:50,901.3,321.4,901.6,888.8,895.2,885.3,891.9,897.4,882.7,914.4,909.5,1049.0,0.6,24.5
2025-04-09 14:02:55,903.6,326.1,903.0,892.8,895.8,888.8,894.5,899.5,882.3,916.9,912.0,1054.2,0.6,24.5
2025-04-09 14:03:00,903.7,330.7,903.5,894.2,898.2,891.6,897.7,902.9,886.2,920.9,917.8,1055.2,0.6,24.5
2025-04-09 14:03:05,901.7,334.4,902.2,895.3,897.6,893.5,897.1,905.7,891.4,923.3,920.4,1056.2,0.7,24.5
2025-04-09 14:03:10,904.6,337.5,905.3,894.9,899.8,894.1,897.9,904.5,889.4,922.2,917.5,1056.0,0.8,24.5
2025-04-09 14:03:15,905.1,342.5,905.7,897.9,899.8,893.6,899.4,904.2,889.8,923.3,919.3,1059.6,0.8,24.5
2025-04-09 14:03:20,902.7,346.5,902.7,897.9,897.6,894.6,896.1,904.8,890.2,921.4,916.0,1058.0,0.8,24.5
2025-04-09 14:03:25,898.2,349.3,895.5,894.5,889.6,891.2,886.7,899.1,887.6,915.0,908.7,1053.8,0.8,24.5
2025-04-09 14:03:30,895.3,351.0,890.3,888.7,884.3,884.3,882.7,892.7,879.0,905.4,899.0,1041.0,0.7,24.5
2025-04-09 14:03:35,892.4,351.9,892.1,883.0,887.1,881.6,886.4,891.5,878.2,911.8,905.8,1042.2,0.6,24.5
2025-04-09 14:03:40,892.4,355.7,891.8,885.0,885.2,883.0,883.9,893.6,879.9,911.0,903.8,1042.6,0.5,24.5
2025-04-09 14:03:45,898.3,359.4,900.7,885.8,895.0,884.5,894.6,896.7,884.2,915.9,913.8,1043.4,0.4,24.5
2025-04-09 14:03:50,900.7,366.1,902.3,895.1,897.4,892.7,896.9,904.0,888.6,922.9,919.6,1054.8,0.2,24.5
2025-04-09 14:03:55,901.2,371.2,902.2,895.4,897.8,893.9,898.2,906.0,891.8,925.4,921.1,1056.0,0.2,24.5
2025-04-09 14:04:00,901.9,375.4,902.3,895.8,898.5,894.8,898.6,906.0,893.3,925.5,921.3,1055.8,0.3,24.6
2025-04-09 14:04:05,903.6,378.5,904.2,895.9,899.1,894.9,899.6,906.8,892.3,923.9,920.0,1056.0,0.7,24.6
2025-04-09 14:04:10,906.6,380.4,908.2,896.8,902.6,896.2,902.7,908.0,892.6,927.7,923.0,1058.2,1.1,24.5
2025-04-09 14:04:15,908.2,387.0,909.1,900.9,903.8,899.1,903.1,910.9,895.6,929.9,927.2,1063.6,1.2,24.6
2025-04-09 14:04:20,908.5,388.2,909.6,901.8,904.2,900.1,905.0,911.0,896.6,929.9,927.5,1065.6,1.4,24.6
2025-04-09 14:04:25,909.1,392.4,909.4,902.6,904.2,901.1,904.0,911.1,896.5,927.8,924.9,1065.2,1.3,24.6
2025-04-09 14:04:30,907.6,395.6,908.2,901.5,902.1,898.4,902.1,909.2,893.8,924.4,921.5,1061.4,1.7,24.7
2025-04-09 14:04:35,907.6,397.8,910.0,899.7,903.7,897.6,904.4,907.9,892.4,925.8,923.9,1060.6,2.4,24.7
2025-04-09 14:04:40,909.2,401.4,910.9,901.8,905.0,899.9,904.9,912.1,896.3,929.6,927.6,1063.4,2.8,24.7
2025-04-09 14:04:45,909.5,405.9,911.1,902.9,904.7,900.6,904.3,912.2,897.0,929.2,926.4,1063.6,2.6,24.7
2025-04-09 14:04:50,909.4,410.5,910.3,901.6,904.0,900.3,903.9,911.4,897.7,928.1,925.7,1064.2,2.4,24.7
2025-04-09 14:04:55,909.9,413.8,910.4,901.8,904.0,900.0,903.5,910.0,896.7,926.9,924.6,1063.8,2.4,24.7
2025-04-09 14:05:00,909.9,414.9,911.0,902.1,904.7,899.7,904.1,909.9,896.2,929.3,928.4,1063.4,2.2,24.8
2025-04-09 14:05:05,910.1,422.6,911.1,902.5,905.8,900.8,904.6,911.6,897.0,929.6,927.9,1063.8,1.8,24.8
2025-04-09 14:05:10,909.8,426.5,910.9,901.9,905.4,900.8,905.0,911.4,897.7,929.2,927.5,1064.2,1.6,24.7
2025-04-09 14:05:15,909.3,429.0,910.5,901.6,905.0,900.4,904.4,910.8,897.3,928.9,927.1,1064.2,1.5,24.7
2025-04-09 14:05:20,908.0,431.4,910.1,900.8,904.4,899.8,903.3,910.5,895.9,928.2,925.8,1063.2,1.5,24.7
2025-04-09 14:05:25,907.8,435.1,910.0,900.6,903.3,899.6,902.5,910.4,896.2,928.0,925.7,1062.2,1.7,24.7
2025-04-09 14:05:30,908.1,439.3,909.2,900.5,903.3,899.6,902.9,910.7,897.1,928.4,926.6,1061.6,1.7,24.7
2025-04-09 14:05:35,908.0,443.1,909.4,900.4,903.5,900.1,903.3,911.1,897.3,928.3,927.2,1061.6,1.6,24.7
2025-04-09 14:05:40,908.0,447.7,909.6,900.8,903.6,900.4,903.4,911.5,897.8,928.8,927.8,1062.4,1.6,24.7
2025-04-09 14:05:45,907.6,451.6,909.5,901.0,903.2,900.6,903.5,911.6,897.7,928.9,927.5,1062.6,1.7,24.7
2025-04-09 14:05:50,907.5,454.4,909.2,901.6,903.2,900.7,903.5,911.7,897.8,928.8,928.0,1062.8,2.4,24.7
2025-04-09 14:05:55,907.6,456.7,909.6,902.7,903.9,900.7,903.5,912.0,898.2,928.9,928.3,1063.6,2.8,24.7
2025-04-09 14:06:00,908.1,461.3,909.6,902.9,903.8,901.0,903.9,912.2,898.3,928.9,929.1,1063.6,2.5,24.7
2025-04-09 14:06:05,908.6,463.8,909.5,902.6,904.2,901.8,904.3,912.7,899.0,929.7,929.8,1063.8,2.5,24.7
2025-04-09 14:06:10,908.3,468.0,910.0,902.6,904.6,902.9,905.0,913.1,898.8,930.2,930.3,1065.2,2.9,24.7
2025-04-09 14:06:15,908.0,471.2,910.2,904.0,904.6,902.7,904.7,913.2,899.2,930.8,931.1,1065.8,2.9,24.7
2025-04-09 14:06:20,907.8,471.3,911.5,903.9,905.8,903.5,905.0,914.2,899.5,931.6,931.7,1065.8,2.8,24.7
2025-04-09 14:06:25,907.7,472.5,912.5,904.0,906.5,903.6,905.9,914.5,900.5,931.6,932.2,1066.4,2.8,24.7
2025-04-09 14:06:30,909.0,474.9,913.3,904.5,906.6,903.5,907.0,914.4,901.6,931.9,932.4,1066.0,3.0,24.8
2025-04-09 14:06:35,909.6,478.1,913.2,904.7,907.7,903.7,907.6,914.9,901.7,932.6,933.4,1066.4,3.0,24.7
2025-04-09 14:06:40,910.3,480.8,913.7,904.8,908.2,904.3,907.6,915.0,901.6,933.4,934.2,1066.4,2.8,24.8
2025-04-09 14:06:45,910.6,485.1,913.8,904.3,908.3,903.9,907.9,915.4,901.1,933.5,934.9,1066.6,2.4,24.7
2025-04-09 14:06:50,910.4,488.5,913.4,903.7,908.4,902.9,908.4,914.8,900.5,933.5,935.0,1065.2,2.2,24.7
2025-04-09 14:06:55,910.2,492.4,912.7,903.3,908.2,903.1,908.5,914.7,900.8,933.5,934.9,1064.6,1.8,24.7
2025-04-09 14:07:00,910.0,495.7,912.7,903.5,908.2,903.0,907.6,914.7,900.8,933.3,934.6,1065.2,1.5,24.7
2025-04-09 14:07:05,909.7,497.7,912.6,904.3,907.8,903.1,906.8,914.3,900.7,933.0,934.2,1065.6,1.3,24.7
2025-04-09 14:07:10,909.9,499.7,912.9,904.5,907.8,902.9,906.5,914.5,901.0,933.0,934.1,1065.8,1.2,24.7
2025-04-09 14:07:15,910.5,503.6,913.1,904.8,907.2,903.3,906.4,914.7,901.0,932.0,933.2,1065.8,1.0,24.7
2025-04-09 14:07:20,910.1,507.0,912.9,904.9,905.7,903.2,904.7,913.6,899.3,930.7,931.6,1065.4,0.9,24.7
2025-04-09 14:07:25,909.7,509.8,911.9,904.0,905.2,901.5,902.8,911.8,896.9,928.8,929.8,1062.6,0.8,24.7
2025-04-09 14:07:30,909.3,512.7,910.9,901.7,903.7,900.5,902.4,910.0,895.8,927.4,928.1,1061.0,0.8,24.7
2025-04-09 14:07:35,907.7,514.6,910.6,901.1,902.2,899.9,899.4,909.5,894.7,926.8,927.2,1059.6,0.8,24.7
2025-04-09 14:07:40,905.9,517.7,908.2,898.9,899.9,896.9,898.8,907.8,893.9,924.8,925.0,1058.2,0.6,24.7
2025-04-09 14:07:45,904.8,520.7,906.7,897.0,899.1,895.4,897.8,906.3,893.1,924.0,924.2,1056.4,0.7,24.7
2025-04-09 14:07:50,902.5,523.1,905.5,895.4,898.6,894.3,897.4,905.4,891.8,923.9,924.4,1054.0,0.8,24.7
2025-04-09 14:07:55,902.3,525.8,905.5,895.7,898.3,894.2,897.3,905.4,891.8,924.2,925.0,1053.6,0.9,24.7
2025-04-09 14:08:00,902.5,528.6,904.9,895.8,898.3,894.3,898.4,905.7,892.0,924.2,924.6,1053.2,0.7,24.7
2025-04-09 14:08:05,902.7,531.4,904.5,896.0,896.6,894.1,897.1,905.2,889.7,918.6,917.8,1054.4,0.7,24.8
2025-04-09 14:08:10,901.8,536.7,901.4,895.4,893.5,890.0,893.1,899.9,886.0,916.7,916.0,1051.2,0.7,24.7
2025-04-09 14:08:15,900.5,537.3,899.4,891.0,891.4,887.3,892.1,898.5,885.7,919.4,918.6,1046.2,1.0,24.7
2025-04-09 14:08:20,897.6,538.5,897.1,888.8,891.3,886.9,893.0,899.2,887.1,920.3,919.7,1046.4,1.0,24.8
2025-04-09 14:08:25,896.8,544.3,898.3,889.1,892.3,888.2,894.5,900.8,888.2,923.3,922.5,1047.4,1.0,24.8
2025-04-09 14:08:30,897.0,546.8,900.9,890.5,896.9,890.9,898.5,904.1,889.9,924.5,924.2,1048.8,1.2,24.8
2025-04-09 14:08:35,900.4,551.2,904.7,893.8,899.2,893.4,898.9,905.8,892.8,925.7,926.1,1054.2,1.4,24.8
2025-04-09 14:08:40,902.5,557.1,904.6,895.5,899.3,894.9,898.9,906.0,892.8,925.4,925.9,1055.4,1.4,24.8
2025-04-09 14:08:45,902.5,562.7,905.0,895.9,898.9,894.7,898.4,906.4,892.5,924.9,925.1,1055.2,1.1,24.9
2025-04-09 14:08:50,902.6,566.8,905.5,895.7,898.5,894.4,897.7,906.2,892.3,924.9,924.8,1055.2,1.0,24.8
2025-04-09 14:08:55,902.4,571.3,905.4,895.7,898.2,894.3,897.9,906.4,892.6,924.5,924.7,1054.4,0.8,24.9
2025-04-09 14:09:00,902.6,575.8,905.2,894.9,897.3,893.4,897.8,906.5,892.7,924.4,924.3,1054.6,0.8,24.9
2025-04-09 14:09:05,902.6,579.7,904.7,894.6,896.8,892.9,896.5,906.0,892.2,923.7,923.8,1054.4,0.7,24.9
2025-04-09 14:09:10,901.8,583.2,903.4,894.4,895.5,893.1,895.6,905.8,891.5,923.2,923.2,1052.2,0.8,24.9
2025-04-09 14:09:15,901.6,587.0,902.7,894.0,896.0,892.4,895.9,905.2,891.8,923.5,923.6,1051.8,0.8,24.9
2025-04-09 14:09:20,900.9,588.8,902.8,894.2,895.4,892.7,896.0,905.6,891.9,923.4,923.6,1051.6,0.7,24.9
2025-04-09 14:09:25,900.8,594.0,902.7,894.5,894.9,892.9,895.4,905.5,891.0,923.4,923.4,1052.0,0.6,24.9
2025-04-09 14:09:30,900.2,596.9,902.7,894.9,894.4,892.5,895.4,905.0,891.0,922.9,923.2,1052.2,0.5,24.9
2025-04-09 14:09:35,900.4,600.7,901.5,894.5,894.0,891.9,894.8,903.6,889.9,922.5,922.4,1052.0,0.3,24.9
2025-04-09 14:09:40,900.0,603.6,901.4,893.8,893.5,891.7,894.3,903.6,889.9,921.9,921.8,1050.8,0.2,25.0
2025-04-09 14:09:45,899.4,605.5,901.1,893.6,893.0,891.5,894.0,904.2,889.6,922.1,921.5,1050.8,0.2,24.9
2025-04-09 14:09:50,899.2,610.4,900.9,893.4,893.2,892.0,894.2,904.6,890.3,922.3,922.6,1051.6,0.2,25.0
2025-04-09 14:09:55,899.4,612.7,901.3,893.8,893.6,892.8,894.3,905.1,892.0,922.8,922.9,1052.6,0.7,25.0
2025-04-09 14:10:00,899.5,615.0,901.6,894.2,894.0,893.0,894.4,905.3,892.0,923.0,923.1,1052.6,1.0,25.0
2025-04-09 14:10:05,899.7,619.2,903.1,894.5,893.7,892.7,894.0,905.7,891.6,922.6,923.1,1052.2,1.2,25.0
2025-04-09 14:10:10,899.5,624.9,902.0,894.9,893.4,891.8,893.6,906.0,891.2,921.4,922.1,1051.4,1.3,25.1
2025-04-09 14:10:15,899.6,626.7,901.4,895.3,892.5,891.0,893.0,905.8,890.8,920.3,920.2,1049.4,1.3,25.1
2025-04-09 14:10:20,899.3,628.9,901.0,894.0,891.9,889.5,891.9,904.1,889.6,919.5,919.4,1049.6,1.8,25.1
2025-04-09 14:10:25,898.0,631.6,899.0,892.5,891.1,889.5,891.7,903.8,889.6,919.2,919.3,1049.6,2.2,25.2
2025-04-09 14:10:30,897.0,634.0,899.3,891.6,890.9,889.9,891.3,903.5,889.0,918.6,918.6,1049.0,3.2,25.1
2025-04-09 14:10:35,897.0,635.7,897.2,891.3,891.0,889.4,889.5,902.4,888.7,917.2,916.2,1048.8,2.8,25.2
2025-04-09 14:10:40,894.3,636.6,897.5,891.0,889.7,889.1,889.3,900.8,887.8,916.2,916.0,1045.0,2.2,25.2
2025-04-09 14:10:45,894.3,638.5,896.7,888.6,891.0,888.1,891.3,900.6,887.9,918.0,918.7,1044.4,2.3,25.2
2025-04-09 14:10:50,895.3,641.9,899.1,890.4,892.1,889.0,892.3,902.1,889.2,919.4,920.2,1046.4,1.8,25.2
2025-04-09 14:10:55,896.6,645.8,902.0,891.2,892.7,890.1,892.9,902.8,889.9,920.6,921.1,1048.6,1.8,25.2
2025-04-09 14:11:00,897.3,649.4,902.6,892.8,893.6,890.4,892.8,903.7,890.4,921.3,921.6,1049.2,2.0,25.2
2025-04-09 14:11:05,897.9,650.8,903.8,892.6,894.0,892.2,892.5,904.3,890.6,921.2,922.0,1049.0,2.9,25.2
2025-04-09 14:11:10,897.8,654.9,903.9,893.5,894.1,892.6,893.0,904.3,890.1,921.4,921.6,1051.0,3.3,25.2
2025-04-09 14:11:15,899.3,657.6,903.5,893.6,893.6,891.9,893.1,904.2,890.3,921.9,922.0,1050.0,3.3,25.1
2025-04-09 14:11:20,900.2,662.0,902.9,893.5,894.6,891.7,894.2,904.1,890.4,921.7,922.2,1049.8,4.2,25.2
2025-04-09 14:11:25,900.3,664.6,902.8,893.8,894.0,891.7,893.5,903.2,889.1,920.4,920.1,1050.0,3.4,25.1
2025-04-09 14:11:30,899.5,667.7,900.8,892.8,892.2,889.8,891.1,900.8,887.1,919.2,918.6,1047.8,3.0,25.1
2025-04-09 14:11:35,895.8,669.9,898.4,890.2,889.3,887.5,889.5,898.9,886.1,917.0,916.1,1046.2,2.7,25.1
2025-04-09 14:11:40,895.1,672.1,896.6,889.2,889.1,885.5,888.8,897.8,885.4,916.8,916.1,1044.0,2.9,25.1
2025-04-09 14:11:45,894.6,675.4,897.0,889.2,889.2,885.9,889.3,899.3,885.6,919.2,918.9,1042.4,2.4,25.1
2025-04-09 14:11:50,896.1,678.7,899.2,889.7,893.6,888.5,894.0,904.1,888.0,922.5,921.8,1045.0,1.9,25.1
2025-04-09 14:11:55,898.5,683.6,901.3,893.2,894.2,892.5,894.7,905.9,891.3,924.5,923.7,1047.8,1.6,25.1
2025-04-09 14:12:00,900.1,686.5,902.9,894.2,895.1,894.3,895.4,906.5,892.6,924.7,919.6,1051.2,1.4,25.1
2025-04-09 14:12:05,900.5,691.3,903.6,894.9,896.3,894.0,896.0,906.0,893.0,924.8,923.3,1052.0,1.4,25.1
2025-04-09 14:12:10,901.1,694.5,903.9,895.4,896.9,894.4,896.4,906.3,893.4,925.1,923.8,1052.8,1.2,25.1
2025-04-09 14:12:15,901.8,699.6,905.9,895.4,897.1,894.5,896.4,906.2,892.7,925.0,923.9,1052.2,1.2,25.1
2025-04-09 14:12:20,902.3,701.5,905.3,895.5,897.0,894.4,896.8,906.2,891.9,924.5,923.9,1052.0,1.1,25.1
2025-04-09 14:12:25,902.2,704.3,904.6,895.5,896.2,894.9,898.3,906.2,891.6,924.7,924.3,1051.4,1.0,25.1
2025-04-09 14:12:30,902.4,707.2,904.6,895.6,896.6,895.0,897.8,906.2,892.4,924.8,924.6,1051.8,0.8,25.1
2025-04-09 14:12:35,902.5,710.8,904.6,895.9,897.1,894.8,897.9,906.0,892.0,924.7,924.4,1051.6,0.6,25.1
2025-04-09 14:12:40,902.7,714.7,904.7,896.1,896.9,894.8,897.7,906.3,892.0,924.4,924.4,1053.0,0.4,25.1
2025-04-09 14:12:45,902.9,718.4,904.9,896.0,897.0,895.0,897.6,906.7,892.2,924.3,924.1,1053.2,0.3,25.1
2025-04-09 14:12:50,903.0,720.6,904.5,896.0,897.1,894.8,897.6,906.7,892.0,924.2,924.1,1052.4,0.2,25.1
2025-04-09 14:12:55,902.9,724.9,904.4,895.7,896.8,894.6,897.4,906.4,892.2,924.5,924.2,1051.8,0.3,25.1
2025-04-09 14:13:00,902.3,728.3,904.0,896.1,896.8,895.1,897.4,906.3,891.9,924.3,924.2,1051.6,0.4,25.2
2025-04-09 14:13:05,901.8,730.6,903.9,896.3,896.7,895.3,897.3,906.1,892.2,925.4,924.7,1052.6,0.8,25.1
2025-04-09 14:13:10,901.9,733.1,904.1,896.3,897.6,895.6,897.8,906.2,892.5,925.3,924.5,1053.0,1.2,25.2
2025-04-09 14:13:15,902.4,737.3,904.2,896.6,897.3,895.5,897.8,906.0,892.1,925.0,924.4,1052.8,1.7,25.2
2025-04-09 14:13:20,902.2,740.4,904.7,896.2,896.9,894.9,897.3,904.9,891.3,924.6,923.6,1051.6,2.2,25.3
2025-04-09 14:13:25,902.2,743.3,903.9,896.4,896.0,894.6,896.5,904.8,891.2,924.0,923.2,1051.2,2.4,25.3
2025-04-09 14:13:30,902.0,746.3,903.5,896.6,895.5,894.8,896.2,904.7,891.2,924.1,923.4,1051.2,2.8,25.3
2025-04-09 14:13:35,902.1,749.2,903.5,896.7,895.9,894.5,896.2,905.0,891.6,924.2,923.3,1052.8,2.5,25.3
2025-04-09 14:13:40,903.3,751.2,904.1,896.5,896.4,894.1,896.8,906.7,892.4,924.3,923.5,1052.4,2.1,25.3
2025-04-09 14:13:45,902.8,753.8,904.4,896.2,896.1,894.7,896.6,907.4,892.7,925.1,923.9,1051.6,1.6,25.2
2025-04-09 14:13:50,902.8,755.2,905.2,896.3,895.8,895.0,896.6,907.7,892.1,924.8,923.7,1051.8,1.5,25.3
2025-04-09 14:13:55,902.8,755.8,905.2,896.3,896.0,895.2,896.6,907.8,891.8,924.6,923.2,1052.2,1.6,25.3
2025-04-09 14:14:00,902.2,758.1,904.0,897.4,896.2,895.1,897.2,906.1,889.4,923.7,922.9,1051.8,1.4,25.3
2025-04-09 14:14:05,902.1,760.0,903.7,896.7,896.5,894.4,898.4,905.2,889.0,922.8,921.9,1051.2,1.5,25.3
2025-04-09 14:14:10,902.0,760.7,903.6,896.2,896.7,893.2,897.9,904.7,889.2,922.1,921.1,1050.8,1.9,25.3
2025-04-09 14:14:15,902.1,761.1,903.8,895.0,896.7,892.9,898.2,905.2,889.2,922.0,921.2,1051.0,2.3,25.4
2025-04-09 14:14:20,902.6,761.6,904.2,895.2,896.7,893.2,898.0,904.4,889.4,922.3,921.2,1050.6,2.2,25.4
2025-04-09 14:14:25,903.2,761.9,904.6,895.2,896.8,893.0,897.9,904.0,889.2,921.8,920.8,1050.6,1.9,25.4
2025-04-09 14:14:30,903.2,762.8,903.9,894.0,895.7,892.7,897.1,904.2,888.8,921.0,920.0,1050.6,1.5,25.4
2025-04-09 14:14:35,902.4,763.4,902.5,893.2,895.3,891.4,896.9,903.4,888.7,920.4,919.1,1050.0,1.4,25.5
2025-04-09 14:14:40,900.8,765.0,902.6,893.1,894.8,890.5,896.7,902.7,888.3,920.8,919.4,1048.6,1.7,25.5
2025-04-09 14:14:45,899.9,766.5,902.2,892.8,895.0,890.2,896.3,902.9,887.9,921.1,919.8,1048.6,1.9,25.5
2025-04-09 14:14:50,899.4,766.6,901.8,892.3,894.8,889.7,895.8,902.6,887.3,921.0,919.9,1047.8,2.0,25.5
2025-04-09 14:14:55,898.6,767.7,901.5,891.7,894.6,889.4,896.0,902.0,886.5,920.6,919.0,1046.6,2.0,25.5
2025-04-09 14:15:00,898.7,770.6,900.9,891.1,893.5,888.7,895.4,901.3,886.1,920.2,918.8,1046.0,1.7,25.5
2025-04-09 14:15:05,898.5,774.4,900.7,891.0,893.2,888.4,894.3,901.4,885.9,919.8,918.2,1044.4,1.4,25.5
2025-04-09 14:15:10,898.3,776.0,900.4,891.4,893.0,888.7,893.9,901.6,886.0,919.6,918.3,1045.4,1.1,25.5
2025-04-09 14:15:15,898.0,776.8,900.0,891.3,892.4,888.7,893.3,901.8,885.9,920.1,917.6,1045.4,0.9,25.5
2025-04-09 14:15:20,897.1,779.4,899.6,891.1,891.9,888.8,892.7,901.4,885.5,919.5,917.3,1046.4,1.1,25.5
2025-04-09 14:15:25,897.0,781.9,899.3,891.1,890.7,888.6,891.7,899.7,884.5,917.3,915.6,1046.6,1.0,25.5
2025-04-09 14:15:30,895.5,782.7,897.5,889.5,889.5,886.8,890.7,899.0,883.8,917.3,914.7,1046.2,0.8,25.5
2025-04-09 14:15:35,895.4,784.2,897.7,888.6,889.0,886.8,890.5,898.3,883.6,917.4,915.0,1044.0,0.8,25.5
2025-04-09 14:15:40,895.2,785.8,897.0,888.5,888.5,887.0,890.4,899.0,883.4,917.1,914.6,1044.2,0.8,25.5
2025-04-09 14:15:45,894.8,788.5,896.3,888.5,888.6,886.9,890.1,899.1,883.8,917.2,914.8,1043.8,0.7,25.6
2025-04-09 14:15:50,893.8,790.2,896.2,888.4,888.4,887.4,890.0,899.5,884.7,918.4,915.0,1044.0,0.7,25.5
2025-04-09 14:15:55,893.8,793.4,896.4,888.4,888.2,888.0,890.7,899.6,885.0,918.3,916.1,1046.2,0.6,25.5
2025-04-09 14:16:00,894.7,794.9,897.0,888.7,889.4,889.0,891.3,900.0,884.7,918.6,916.5,1046.2,0.5,25.5
2025-04-09 14:16:05,895.3,797.0,898.0,888.7,890.4,888.9,891.1,900.6,884.6,918.4,915.8,1045.6,0.5,25.5
2025-04-09 14:16:10,895.5,797.7,898.3,889.0,890.3,888.7,891.2,900.2,884.9,918.3,916.2,1045.0,0.4,25.5
2025-04-09 14:16:15,895.7,798.9,898.5,889.2,890.2,889.0,892.1,900.8,885.4,919.2,916.6,1044.4,0.5,25.5
2025-04-09 14:16:20,896.3,801.2,900.0,890.7,890.3,889.6,892.4,901.5,885.5,919.5,917.3,1044.2,0.6,25.5
2025-04-09 14:16:25,897.3,803.4,899.7,891.0,890.7,890.0,893.3,901.1,885.8,919.2,917.5,1046.0,0.6,25.5
2025-04-09 14:16:30,897.5,806.5,900.1,891.1,890.6,890.3,892.9,901.3,885.4,919.0,917.2,1045.8,0.6,25.5
2025-04-09 14:16:35,896.8,807.9,898.4,891.2,890.2,890.1,892.9,901.4,885.4,918.7,917.0,1045.4,0.6,25.6
2025-04-09 14:16:40,896.5,809.1,898.8,890.8,890.0,889.5,892.2,900.3,885.0,918.3,916.5,1044.8,0.6,25.6
2025-04-09 14:16:45,896.3,810.4,898.1,890.3,889.6,889.5,892.1,900.6,884.2,918.3,916.3,1044.4,1.1,25.6
2025-04-09 14:16:50,896.0,812.9,897.5,889.8,889.4,889.1,892.2,900.2,884.0,917.5,915.7,1043.6,1.9,25.5
2025-04-09 14:16:55,895.9,814.9,897.3,890.0,888.9,889.3,892.3,899.3,884.0,917.4,915.5,1043.2,2.1,25.5
2025-04-09 14:17:00,895.3,816.0,897.4,890.2,889.0,889.2,892.3,899.3,884.2,917.7,915.3,1042.2,1.8,25.6
2025-04-09 14:17:05,895.3,818.4,897.6,889.8,888.9,889.3,891.9,899.5,884.3,917.6,915.6,1042.2,1.8,25.6
2025-04-09 14:17:10,895.4,820.6,897.7,889.4,888.9,889.8,891.5,899.4,884.3,917.7,915.9,1043.0,1.5,25.5
2025-04-09 14:17:15,895.4,823.1,897.6,889.1,889.5,889.8,891.1,898.0,884.7,917.8,915.8,1043.6,1.4,25.5
2025-04-09 14:17:20,895.4,823.7,897.9,889.5,889.3,889.7,891.1,898.3,884.4,917.6,915.8,1043.2,1.3,25.5
2025-04-09 14:17:25,895.3,824.5,897.8,889.5,889.1,889.9,890.9,898.0,883.9,918.0,915.9,1043.2,1.3,25.5
2025-04-09 14:17:30,894.8,828.0,898.4,889.8,889.1,889.1,891.0,898.3,884.2,917.9,915.8,1043.0,1.2,25.4
2025-04-09 14:17:35,894.7,830.8,898.5,889.9,888.9,888.7,891.2,898.3,885.2,918.1,916.3,1042.4,1.0,25.4
2025-04-09 14:17:40,895.4,832.6,898.9,890.1,889.0,888.3,891.8,899.0,885.2,918.4,917.0,1041.6,0.9,25.4
2025-04-09 14:17:45,895.8,833.1,898.6,890.6,888.9,888.2,892.2,899.6,885.7,919.3,916.8,1042.4,0.7,25.4
2025-04-09 14:17:50,896.5,834.3,898.7,890.6,889.2,888.7,892.4,900.2,885.4,919.2,917.1,1042.0,0.7,25.4
2025-04-09 14:17:55,896.0,836.7,898.8,890.9,889.4,888.6,892.5,900.8,885.4,919.1,917.1,1041.8,0.7,25.4
2025-04-09 14:18:00,895.9,838.2,898.9,890.9,889.1,888.7,891.9,899.7,885.2,919.3,916.5,1041.0,0.6,25.4
2025-04-09 14:18:05,895.7,840.1,898.1,891.2,888.8,888.5,891.7,900.2,884.8,919.3,917.3,1040.6,0.5,25.5
2025-04-09 14:18:10,895.3,841.7,898.1,891.5,889.2,888.9,892.0,899.5,885.7,919.3,917.5,1041.2,0.4,25.5
2025-04-09 14:18:15,895.6,842.0,899.0,892.4,889.4,889.4,892.2,899.7,885.8,919.6,917.4,1042.0,0.4,25.5
2025-04-09 14:18:20,895.8,842.6,898.9,892.5,889.4,889.0,892.4,899.8,884.7,919.0,917.0,1043.6,0.3,25.5
2025-04-09 14:18:25,895.7,845.5,898.4,893.0,889.4,888.6,892.0,899.7,884.5,918.2,916.4,1043.4,0.3,25.5
2025-04-09 14:18:30,895.6,846.1,898.3,892.7,888.9,888.5,891.9,899.7,883.6,918.9,916.4,1044.4,0.2,25.5
2025-04-09 14:18:35,895.5,847.8,898.7,890.4,889.0,889.0,891.2,899.3,883.5,919.2,916.3,1045.4,1.1,25.6
2025-04-09 14:18:40,895.7,848.7,898.6,891.0,888.9,888.7,891.1,899.6,883.5,918.6,916.5,1044.8,1.9,25.5
2025-04-09 14:18:45,895.1,849.7,898.6,891.0,888.9,888.8,891.1,899.5,883.7,918.5,915.9,1044.4,2.8,25.6
2025-04-09 14:18:50,895.3,849.7,899.5,891.8,889.6,888.9,890.5,899.9,884.9,918.9,916.1,1044.8,2.6,25.6
2025-04-09 14:18:55,895.9,851.6,899.3,891.4,890.0,889.6,890.9,900.7,885.6,919.8,916.5,1045.8,2.2,25.7
2025-04-09 14:19:00,898.1,853.8,900.0,891.8,890.0,890.8,891.3,901.6,886.5,920.6,918.2,1045.6,1.9,25.7
2025-04-09 14:19:05,897.6,854.5,900.1,892.6,889.9,891.1,890.9,901.6,887.0,920.3,918.2,1046.0,1.8,25.7
2025-04-09 14:19:10,897.5,856.5,899.7,893.2,890.3,891.6,891.4,902.3,887.0,920.4,917.8,1045.0,1.6,25.7
2025-04-09 14:19:15,897.8,857.2,899.5,894.1,890.2,891.3,891.8,902.3,887.3,919.9,918.0,1045.0,1.6,25.7
2025-04-09 14:19:20,897.7,859.0,899.4,894.3,889.8,891.7,892.0,903.5,887.2,919.8,918.1,1045.6,1.9,25.7
2025-04-09 14:19:25,898.2,861.4,900.0,894.3,890.1,891.4,892.0,903.1,887.5,920.0,918.1,1046.2,2.7,25.7
2025-04-09 14:19:30,897.5,861.7,900.2,893.8,890.7,892.1,892.3,903.1,887.2,919.1,918.0,1046.6,3.3,25.7
2025-04-09 14:19:35,897.7,862.1,900.2,893.6,890.4,891.8,891.7,902.9,886.5,919.1,917.5,1046.0,3.5,25.7
2025-04-09 14:19:40,897.4,862.0,900.4,893.4,890.7,891.0,892.4,903.0,886.2,918.1,916.1,1045.6,2.9,25.7
2025-04-09 14:19:45,897.3,862.0,900.3,893.9,891.3,890.8,892.4,902.4,885.9,918.3,916.3,1044.8,2.6,25.7
2025-04-09 14:19:50,898.0,861.8,900.4,893.7,891.5,891.2,893.2,903.7,885.7,918.6,916.1,1045.4,2.9,25.7
2025-04-09 14:19:55,898.1,862.3,900.3,893.2,892.5,890.9,893.9,903.5,885.2,919.2,916.7,1045.8,2.8,25.8
2025-04-09 14:20:00,898.2,863.0,900.5,892.9,892.3,891.5,895.2,903.1,885.5,919.9,917.9,1046.4,2.8,25.8
2025-04-09 14:20:05,898.8,863.7,900.4,893.0,892.5,892.0,894.3,904.5,886.0,920.3,917.9,1046.8,2.6,25.8
2025-04-09 14:20:10,899.0,866.3,900.7,894.3,892.3,891.7,894.6,904.7,885.7,920.1,918.2,1046.8,2.9,25.8
2025-04-09 14:20:15,898.7,866.4,901.0,893.9,892.5,891.8,894.8,904.2,886.6,921.4,919.3,1046.8,3.0,25.8
2025-04-09 14:20:20,898.7,867.3,901.9,895.0,893.0,892.2,895.2,905.0,887.1,922.0,920.2,1047.4,2.7,25.8
2025-04-09 14:20:25,899.2,867.9,902.3,896.3,893.2,892.3,895.6,905.0,887.7,922.1,920.3,1048.0,2.3,25.7
2025-04-09 14:20:30,899.9,869.1,901.5,895.9,893.6,892.2,895.7,904.9,887.7,921.8,920.1,1048.6,2.1,25.7
2025-04-09 14:20:35,900.3,869.4,902.0,895.2,893.7,892.4,895.9,904.9,887.6,922.0,920.5,1048.4,2.1,25.7
2025-04-09 14:20:40,900.2,869.5,902.6,895.0,893.8,892.5,896.4,904.9,887.4,922.6,920.3,1048.4,1.9,25.7
2025-04-09 14:20:45,899.8,870.3,902.3,894.6,893.7,892.6,896.3,904.7,887.4,923.0,920.9,1048.6,1.8,25.7
2025-04-09 14:20:50,899.6,870.7,902.4,894.1,893.7,892.7,896.9,904.9,887.5,923.4,921.1,1048.6,1.7,25.7
2025-04-09 14:20:55,899.8,871.1,902.4,894.3,893.7,892.6,896.5,905.1,887.5,923.3,921.4,1048.0,1.5,25.7
2025-04-09 14:21:00,900.9,871.8,902.4,894.5,893.2,892.8,896.3,905.0,887.5,922.9,920.9,1047.6,1.2,25.7
2025-04-09 14:21:05,900.0,872.4,902.3,894.3,892.6,892.4,896.6,904.6,886.9,921.9,919.8,1047.0,1.1,25.7
2025-04-09 14:21:10,899.7,872.8,901.9,893.9,891.8,891.7,895.9,903.7,886.4,921.5,919.1,1046.0,0.9,25.7
2025-04-09 14:21:15,899.2,872.9,901.2,893.4,891.5,891.0,895.0,903.3,885.5,921.1,918.5,1044.4,0.9,25.6
2025-04-09 14:21:20,898.8,872.2,900.6,892.0,891.0,890.5,894.0,902.7,885.1,920.9,918.3,1043.8,0.9,25.6
2025-04-09 14:21:25,898.2,872.3,901.1,892.1,890.9,889.7,893.6,902.2,884.7,921.2,918.5,1043.0,0.9,25.6
2025-04-09 14:21:30,898.7,872.7,901.4,892.3,891.5,890.1,894.2,902.9,885.1,921.5,918.8,1043.2,0.8,25.6
2025-04-09 14:21:35,898.5,872.9,901.0,892.6,890.7,890.1,894.2,902.7,885.3,921.1,918.4,1043.2,0.6,25.6
2025-04-09 14:21:40,897.1,872.9,899.6,891.9,890.0,889.8,891.9,901.5,885.3,920.3,917.4,1041.8,0.7,25.6
2025-04-09 14:21:45,897.3,872.2,900.1,891.1,889.9,887.5,891.8,900.3,883.8,918.6,915.4,1041.0,0.7,25.6
2025-04-09 14:21:50,896.7,871.9,899.6,890.8,889.9,887.6,891.6,900.1,882.8,916.1,912.0,1040.4,0.5,25.6
2025-04-09 14:21:55,894.5,872.0,896.8,890.6,888.2,887.7,890.5,898.7,881.8,915.7,912.0,1039.6,0.4,25.6
2025-04-09 14:22:00,893.0,872.0,895.3,888.8,886.0,886.2,889.0,898.1,880.7,915.5,911.6,1038.6,0.4,25.6
2025-04-09 14:22:05,888.9,869.7,893.1,887.3,884.7,885.6,888.7,896.8,880.7,916.0,911.9,1034.6,0.3,25.6
2025-04-09 14:22:10,888.8,868.0,891.8,886.3,884.5,885.0,887.3,897.0,881.0,914.7,909.3,1034.2,0.2,25.6
2025-04-09 14:22:15,889.1,866.7,892.2,885.8,883.4,884.0,887.1,897.0,879.7,912.8,908.0,1034.2,0.3,25.6
2025-04-09 14:22:20,889.4,867.3,892.9,885.4,883.2,883.8,886.2,895.1,878.0,912.3,907.4,1034.2,0.7,25.6
2025-04-09 14:22:25,890.9,866.8,894.4,886.1,885.4,885.5,888.2,894.6,878.0,912.8,907.8,1034.4,1.0,25.6
2025-04-09 14:22:30,894.4,867.3,897.9,888.9,888.2,887.1,890.4,896.2,879.1,916.0,911.3,1038.8,2.0,25.6
2025-04-09 14:22:35,896.2,871.6,899.9,892.7,889.1,888.9,891.7,898.9,882.1,918.0,914.3,1043.0,3.5,25.6
2025-04-09 14:22:40,896.2,873.0,900.5,893.8,890.1,888.7,892.1,900.5,883.3,919.2,915.0,1044.2,5.2,25.7
2025-04-09 14:22:45,898.1,873.9,901.3,893.8,890.4,889.3,892.9,901.6,884.1,919.3,915.5,1045.4,5.4,25.7
2025-04-09 14:22:50,900.3,873.4,902.2,893.8,890.9,889.5,894.0,902.0,885.2,920.5,916.8,1046.0,4.3,25.7
2025-04-09 14:22:55,900.1,873.4,904.2,894.0,891.3,891.0,895.8,902.8,885.6,922.5,918.2,1046.6,4.0,25.7
2025-04-09 14:23:00,901.2,875.3,904.1,895.6,893.1,892.4,896.7,906.6,887.1,922.9,919.1,1048.0,2.9,25.7
2025-04-09 14:23:05,901.4,876.6,904.0,895.8,893.5,894.3,897.2,906.8,889.9,922.9,919.5,1049.0,2.4,25.7
2025-04-09 14:23:10,902.0,877.1,904.0,896.3,895.5,894.6,897.0,907.8,888.9,923.9,919.8,1050.0,1.8,25.8
2025-04-09 14:23:15,901.4,876.4,904.3,896.1,894.8,895.6,897.4,906.8,889.1,924.0,919.7,1050.6,1.7,25.7
2025-04-09 14:23:20,901.9,876.6,905.2,896.4,895.2,895.7,898.6,907.1,889.4,924.6,920.4,1050.0,2.2,25.8
2025-04-09 14:23:25,901.9,876.4,904.7,898.2,896.1,897.3,900.0,907.7,891.0,925.2,921.2,1049.8,3.2,25.7
2025-04-09 14:23:30,901.7,877.0,906.2,898.7,895.8,897.4,899.8,909.1,891.7,925.6,922.0,1051.2,3.2,25.8
2025-04-09 14:23:35,903.5,877.4,907.6,899.4,895.8,897.2,899.7,908.9,893.0,926.6,923.0,1051.4,4.4,25.7
2025-04-09 14:23:40,903.9,878.3,907.4,900.6,896.9,898.0,899.9,910.8,892.6,926.6,922.8,1051.4,4.1,25.7
2025-04-09 14:23:45,904.0,878.5,907.6,900.7,898.4,897.7,901.2,910.0,893.0,926.7,922.7,1052.4,4.1,25.7
2025-04-09 14:23:50,905.0,879.5,907.7,901.3,898.7,897.5,902.6,909.9,894.2,926.8,922.4,1052.4,3.4,25.7
2025-04-09 14:23:55,905.3,879.4,907.1,900.8,898.6,897.7,902.4,909.9,893.7,926.2,922.3,1052.0,3.1,25.7
2025-04-09 14:24:00,902.8,879.8,906.0,900.5,897.3,897.7,899.4,910.4,893.3,926.0,922.0,1052.2,3.2,25.7
2025-04-09 14:24:05,899.4,879.9,901.2,898.3,893.4,896.4,896.3,909.1,891.7,923.6,917.6,1050.2,3.8,25.7
2025-04-09 14:24:10,898.1,876.6,900.3,895.2,890.4,891.9,894.2,906.1,888.5,921.5,914.5,1045.0,3.8,25.7
2025-04-09 14:24:15,900.6,872.1,902.1,893.0,892.7,890.4,896.7,902.9,884.5,917.4,912.0,1043.4,4.0,25.7
2025-04-09 14:24:20,903.0,872.8,906.0,895.9,896.2,891.2,899.1,902.9,884.4,919.3,915.3,1046.4,4.1,25.7
2025-04-09 14:24:25,903.4,875.2,907.4,899.8,897.5,892.4,900.4,906.1,886.6,923.4,918.8,1050.2,3.4,25.6
2025-04-09 14:24:30,903.3,877.5,907.0,899.8,898.1,895.2,902.5,909.1,889.8,924.7,920.3,1052.4,3.6,25.6
2025-04-09 14:24:35,901.6,877.5,905.5,899.3,898.2,896.0,902.1,909.6,890.2,925.3,920.5,1051.4,3.3,25.6
2025-04-09 14:24:40,901.6,877.2,904.9,898.4,897.3,895.9,900.6,908.4,890.5,923.4,918.1,1050.4,2.9,25.6
2025-04-09 14:24:45,898.8,876.0,903.4,897.8,894.8,894.8,898.3,907.9,888.2,920.6,914.5,1047.2,2.5,25.6
2025-04-09 14:24:50,890.5,875.4,894.4,895.6,887.4,892.4,891.9,905.4,886.3,915.4,912.1,1046.0,3.1,25.6
2025-04-09 14:24:55,874.1,868.4,876.3,883.3,869.4,881.8,874.3,893.8,877.9,909.1,897.5,1031.6,3.6,25.6
2025-04-09 14:25:00,879.2,852.1,877.7,868.5,867.6,865.9,871.1,877.9,864.7,891.1,880.6,1015.4,3.2,25.6
2025-04-09 14:25:05,891.6,845.0,890.6,870.4,878.5,863.0,872.3,875.1,860.1,891.8,883.4,1019.8,3.0,25.6
2025-04-09 14:25:10,898.0,857.7,899.0,883.2,888.0,877.8,887.1,883.2,862.3,903.6,897.3,1033.6,2.4,25.5
2025-04-09 14:25:15,901.2,866.8,902.0,891.4,892.0,886.0,895.4,897.6,871.6,913.5,907.5,1042.2,2.3,25.5
2025-04-09 14:25:20,901.8,870.6,903.0,893.6,893.0,889.5,897.1,902.4,881.3,918.8,910.5,1045.2,2.1,25.5
2025-04-09 14:25:25,902.0,872.4,902.9,894.8,894.2,890.9,898.1,905.3,883.9,920.4,912.6,1047.4,2.0,25.5
2025-04-09 14:25:30,901.7,872.5,902.9,895.8,894.2,892.4,898.1,904.8,885.5,921.4,913.7,1046.8,2.0,25.5
2025-04-09 14:25:35,901.9,872.9,902.9,896.3,894.0,894.6,896.4,905.3,886.6,921.7,913.5,1048.0,1.7,25.5
2025-04-09 14:25:40,901.4,873.6,902.4,895.7,893.7,894.9,897.0,905.0,886.3,922.5,913.8,1047.4,2.0,25.5
2025-04-09 14:25:45,900.8,873.6,902.4,895.5,893.9,894.7,897.2,905.2,886.5,922.5,913.4,1047.4,2.0,25.5
2025-04-09 14:25:50,901.0,874.4,903.7,896.0,893.9,894.1,897.8,905.9,886.4,921.8,913.2,1047.6,2.3,25.5
2025-04-09 14:25:55,902.0,874.6,904.0,895.8,894.7,893.7,897.8,906.6,887.2,922.6,913.6,1048.2,2.3,25.4
2025-04-09 14:26:00,901.9,874.2,904.4,896.2,895.0,893.8,897.9,906.4,887.2,922.6,913.4,1048.0,1.9,25.5
2025-04-09 14:26:05,901.7,874.4,904.2,896.3,895.3,893.2,897.7,904.8,886.7,922.6,913.3,1047.4,1.8,25.4
2025-04-09 14:26:10,902.0,874.3,903.8,896.1,894.7,892.8,896.8,904.2,886.0,921.5,911.5,1047.6,2.2,25.4
2025-04-09 14:26:15,901.8,873.2,902.6,895.3,894.4,891.6,896.8,903.7,885.3,920.6,910.4,1047.6,2.5,25.4
2025-04-09 14:26:20,900.7,874.2,902.4,894.9,893.8,890.9,897.2,903.4,885.6,920.0,910.2,1046.2,2.7,25.4
2025-04-09 14:26:25,900.8,875.8,902.0,894.8,893.3,892.3,896.9,903.3,885.6,919.9,909.9,1045.6,3.2,25.4
2025-04-09 14:26:30,900.3,874.7,901.6,894.6,892.6,892.4,896.2,903.3,885.1,919.8,909.2,1044.4,3.8,25.4
2025-04-09 14:26:35,899.8,874.3,901.4,894.9,892.3,892.0,895.8,903.6,885.0,919.7,909.1,1044.6,3.9,25.4
2025-04-09 14:26:40,899.8,874.1,901.5,893.8,892.4,890.8,896.2,904.0,884.9,918.8,908.8,1043.6,3.4,25.3
2025-04-09 14:26:45,900.2,873.6,902.1,893.8,892.2,890.5,894.7,903.7,885.1,918.4,907.1,1044.0,2.8,25.3
2025-04-09 14:26:50,900.0,872.7,900.3,892.3,891.7,888.9,894.2,902.5,883.9,918.1,906.9,1043.2,2.4,25.3
2025-04-09 14:26:55,899.6,871.8,900.0,890.7,890.8,886.9,894.2,901.0,882.9,917.0,905.9,1041.6,1.9,25.3
2025-04-09 14:27:00,899.3,869.8,898.0,890.9,888.6,886.2,894.2,899.3,882.0,916.9,905.5,1041.6,1.6,25.3
2025-04-09 14:27:05,898.8,868.9,898.8,890.0,888.9,886.8,894.0,899.6,881.7,917.9,906.4,1041.6,1.3,25.3
2025-04-09 14:27:10,899.1,868.7,898.9,890.1,889.4,887.4,894.8,900.9,882.6,919.0,908.1,1042.2,1.1,25.2
2025-04-09 14:27:15,899.5,870.0,899.8,891.2,890.0,887.4,895.9,900.9,884.0,919.8,908.4,1043.2,1.0,25.2
2025-04-09 14:27:20,898.9,871.5,900.0,891.5,890.9,888.6,896.4,902.3,885.2,920.7,908.9,1042.8,0.9,25.2
2025-04-09 14:27:25,898.7,873.1,901.4,892.6,891.6,889.1,896.4,902.7,884.9,921.8,908.9,1044.4,0.8,25.2
2025-04-09 14:27:30,899.2,873.0,901.0,892.9,891.4,888.9,896.5,902.6,885.3,921.3,909.1,1045.4,1.4,25.2
2025-04-09 14:27:35,899.8,873.0,900.1,892.9,891.4,888.3,895.8,901.6,885.4,920.5,908.3,1043.8,1.6,25.2
2025-04-09 14:27:40,899.5,872.6,899.8,892.9,890.7,888.1,895.9,901.5,885.2,921.3,907.9,1044.0,1.7,25.2
2025-04-09 14:27:45,899.5,872.6,900.8,892.4,891.8,889.5,896.4,903.0,885.8,922.0,910.2,1045.0,1.8,25.2
2025-04-09 14:27:50,899.6,874.1,900.9,894.6,892.7,891.9,897.9,904.0,887.1,923.4,910.9,1046.8,2.2,25.2
2025-04-09 14:27:55,900.1,875.8,901.5,896.5,893.4,893.5,898.0,905.0,888.7,924.8,911.7,1046.4,2.6,25.2
2025-04-09 14:28:00,901.6,876.3,903.9,896.9,894.7,893.3,899.0,906.4,888.6,925.3,912.4,1048.2,2.4,25.3
2025-04-09 14:28:05,902.2,876.9,904.6,898.0,894.8,893.1,900.4,907.3,890.1,925.1,913.0,1049.2,2.0,25.2
2025-04-09 14:28:10,901.5,877.1,904.6,899.0,895.4,895.0,900.7,908.2,889.7,926.1,913.3,1051.6,2.3,25.2
2025-04-09 14:28:15,897.7,877.9,900.6,897.6,894.2,894.6,900.5,908.6,891.4,925.9,912.8,1050.6,2.1,25.3
2025-04-09 14:28:20,895.3,876.5,898.1,894.4,889.9,894.4,895.5,907.1,891.0,923.1,909.4,1044.8,2.2,25.3
2025-04-09 14:28:25,884.6,868.6,887.7,890.1,882.9,888.3,888.1,902.6,886.4,917.6,901.4,1037.6,2.3,25.3
2025-04-09 14:28:30,879.0,862.9,882.4,884.3,876.4,881.8,881.6,895.9,880.3,907.2,892.1,1029.4,1.8,25.3
2025-04-09 14:28:35,875.2,858.1,879.0,876.7,870.2,873.2,875.8,887.1,871.8,899.5,884.3,1024.8,1.8,25.3
2025-04-09 14:28:40,873.3,853.1,876.5,870.4,866.0,868.0,870.8,882.5,866.3,896.9,869.3,1018.2,2.2,25.3
2025-04-09 14:28:45,869.9,849.2,873.1,867.7,863.4,863.5,869.3,878.9,861.2,892.1,873.7,1014.4,2.8,25.3
2025-04-09 14:28:50,864.3,847.5,865.7,864.1,857.7,862.5,863.5,875.2,859.4,888.9,868.8,1010.4,2.9,25.3
2025-04-09 14:28:55,864.7,842.8,866.1,858.1,856.9,856.5,861.2,868.8,856.1,884.1,864.4,1004.8,3.1,25.3
2025-04-09 14:29:00,870.5,840.0,871.4,858.8,860.7,854.9,861.8,866.6,851.1,880.4,861.4,1004.2,3.2,25.2
2025-04-09 14:29:05,874.4,842.9,877.0,862.1,864.4,857.6,869.4,870.5,851.8,886.7,869.3,1012.0,3.8,25.2
2025-04-09 14:29:10,873.2,848.2,875.4,869.1,866.0,864.1,870.7,876.6,858.8,890.2,872.1,1016.8,4.3,25.2
2025-04-09 14:29:15,871.7,849.8,873.0,868.6,863.2,865.1,867.7,877.3,859.7,886.9,868.0,1012.2,4.2,25.2
2025-04-09 14:29:20,874.2,847.8,875.2,866.0,863.3,861.5,867.9,873.5,855.9,884.4,865.9,1010.4,3.9,25.2
2025-04-09 14:29:25,880.9,846.9,880.6,866.7,869.4,862.0,873.7,873.5,855.4,890.3,868.2,1013.2,3.3,25.2
2025-04-09 14:29:30,886.9,852.2,887.5,875.5,875.4,870.3,880.0,881.0,863.2,898.7,879.3,1021.8,3.0,25.1
2025-04-09 14:29:35,888.1,858.1,890.1,877.4,879.4,874.8,883.3,887.0,869.0,903.9,888.7,1025.2,2.7,25.1
2025-04-09 14:29:40,892.4,859.3,891.1,879.0,880.5,875.6,885.8,889.0,871.0,907.7,891.9,1027.6,2.3,25.1
2025-04-09 14:29:45,894.9,862.8,896.3,886.4,885.6,881.7,890.1,895.8,877.5,911.6,895.3,1032.6,2.3,25.1
2025-04-09 14:29:50,895.0,865.8,896.8,888.6,886.0,886.2,891.3,899.4,881.1,913.5,896.7,1034.6,2.9,25.0
2025-04-09 14:29:55,895.3,867.2,897.0,890.0,886.7,885.3,891.6,899.2,881.5,914.9,898.2,1035.6,2.9,25.0
2025-04-09 14:30:00,896.7,868.2,898.3,890.6,888.7,886.7,892.7,900.6,882.2,915.6,899.0,1037.8,2.3,25.0
2025-04-09 14:30:05,897.4,869.5,901.0,891.7,890.7,888.6,896.9,901.8,884.1,919.0,901.0,1038.2,2.2,25.0
2025-04-09 14:30:10,900.6,871.1,902.6,893.6,893.0,891.0,898.7,904.1,886.0,920.4,904.3,1041.2,2.1,25.0
2025-04-09 14:30:15,901.0,873.6,903.3,895.1,894.4,893.2,899.8,906.3,888.9,922.0,905.7,1043.2,1.7,25.0
2025-04-09 14:30:20,901.0,875.0,903.6,897.6,894.1,894.2,899.4,906.8,888.7,923.1,906.7,1044.0,1.6,25.0
2025-04-09 14:30:25,900.5,875.3,903.4,897.1,893.0,894.8,898.4,907.2,889.4,922.8,905.6,1044.2,2.5,25.0
2025-04-09 14:30:30,900.3,875.1,903.0,895.9,892.5,893.6,897.8,906.8,889.0,921.9,904.9,1044.4,4.2,25.0
2025-04-09 14:30:35,900.2,874.8,902.7,895.5,892.6,893.2,897.7,906.5,888.9,921.2,903.8,1044.2,4.4,25.0
2025-04-09 14:30:40,900.9,874.7,903.4,896.4,894.3,893.6,899.1,906.7,888.9,921.4,904.6,1043.2,4.5,25.0
2025-04-09 14:30:45,902.0,875.0,904.9,896.8,894.7,894.9,900.6,907.1,889.4,922.1,904.9,1042.8,4.5,25.0
2025-04-09 14:30:50,903.3,876.1,905.5,897.2,895.1,895.2,900.4,907.9,889.7,923.1,905.3,1044.2,4.0,24.9
2025-04-09 14:30:55,903.1,876.5,905.8,899.0,895.1,895.1,901.1,908.3,890.0,924.7,906.6,1044.2,3.3,25.0
2025-04-09 14:31:00,902.8,877.4,906.1,899.4,895.5,896.5,901.5,909.4,890.4,924.7,907.2,1045.2,4.0,25.0
2025-04-09 14:31:05,902.7,877.8,906.2,899.1,896.0,896.8,902.4,911.1,891.3,925.4,908.4,1046.2,4.4,25.0
2025-04-09 14:31:10,902.2,877.3,906.0,899.0,896.4,896.5,902.7,910.5,891.8,925.9,908.0,1045.6,4.6,25.0
2025-04-09 14:31:15,902.3,876.7,905.5,898.2,896.8,896.4,902.9,911.2,891.9,925.6,907.2,1044.6,4.2,24.9
2025-04-09 14:31:20,903.7,877.2,906.0,898.6,897.1,896.3,902.2,910.2,892.7,924.8,906.1,1045.0,4.3,24.9
2025-04-09 14:31:25,904.1,877.5,906.5,898.8,897.0,897.0,902.0,910.4,892.5,924.4,905.8,1045.2,4.0,24.9
2025-04-09 14:31:30,905.0,879.4,907.5,899.6,897.6,897.1,902.9,909.8,891.6,924.9,906.3,1046.0,4.3,24.9
2025-04-09 14:31:35,905.9,879.9,907.9,901.2,898.2,896.9,903.4,910.1,892.1,924.9,906.5,1046.0,4.4,24.9
2025-04-09 14:31:40,905.7,881.2,908.2,901.0,898.3,897.1,903.2,912.1,892.8,926.0,907.1,1045.8,4.3,24.9
2025-04-09 14:31:45,905.3,881.0,908.0,901.3,897.3,898.2,902.8,912.0,893.1,926.0,906.6,1045.6,3.8,24.9
2025-04-09 14:31:50,904.6,879.6,906.9,900.2,897.0,898.2,902.7,911.7,893.1,925.9,906.4,1045.8,4.0,24.8
2025-04-09 14:31:55,904.6,879.4,906.7,900.2,896.7,898.5,903.1,912.0,892.7,926.5,906.5,1045.6,3.9,24.8
2025-04-09 14:32:00,905.3,880.0,907.7,900.2,896.8,898.6,903.3,911.5,891.9,926.5,906.5,1045.2,3.5,24.8
2025-04-09 14:32:05,905.1,879.2,908.1,900.5,898.2,898.7,903.6,911.1,892.0,926.8,906.9,1045.0,3.3,24.8
2025-04-09 14:32:10,902.1,879.2,906.1,901.7,897.4,898.6,902.3,911.5,893.2,927.3,907.3,1046.2,2.8,24.8
2025-04-09 14:32:15,898.7,878.0,901.2,899.5,892.2,895.3,899.2,909.9,892.5,925.4,903.9,1042.8,2.3,24.7
2025-04-09 14:32:20,896.9,873.3,899.6,895.2,891.0,890.7,897.0,907.0,889.7,920.9,898.6,1038.6,2.0,24.7
2025-04-09 14:32:25,896.7,871.2,899.8,893.5,890.9,890.0,896.8,904.7,888.2,919.5,897.4,1036.8,2.2,24.7
2025-04-09 14:32:30,897.0,869.9,900.1,892.4,890.7,890.7,897.5,905.7,887.4,920.1,898.4,1038.8,2.8,24.7
2025-04-09 14:32:35,897.9,870.2,900.2,893.4,890.2,892.6,897.2,907.2,888.3,919.7,896.9,1039.0,2.8,24.7
2025-04-09 14:32:40,896.8,871.7,900.3,893.2,890.8,892.0,896.9,906.0,887.0,917.5,895.0,1037.6,3.3,24.7
2025-04-09 14:32:45,895.1,871.6,898.6,892.8,888.0,891.3,894.2,904.0,884.4,910.7,887.4,1035.0,4.2,24.6
2025-04-09 14:32:50,894.9,869.6,897.4,888.8,885.8,886.0,890.5,897.7,879.0,905.1,881.8,1031.2,4.1,24.6
2025-04-09 14:32:55,895.1,865.5,897.2,886.6,884.8,881.5,889.5,893.5,874.3,904.4,880.8,1028.8,4.2,24.6
2025-04-09 14:33:00,891.8,862.1,896.5,883.7,884.8,881.1,889.5,892.7,873.9,905.2,881.6,1027.6,3.8,24.6
2025-04-09 14:33:05,889.9,859.5,895.6,883.1,884.9,881.6,890.8,892.8,874.3,906.5,883.9,1026.6,3.1,24.6
2025-04-09 14:33:10,885.8,857.8,894.4,881.8,884.8,881.9,890.5,893.2,874.3,904.0,880.2,1026.8,4.3,24.5
2025-04-09 14:33:15,882.0,854.6,887.2,881.0,879.6,877.8,885.2,887.6,868.2,900.3,875.6,1020.4,4.1,24.5
2025-04-09 14:33:20,881.6,849.7,884.8,875.1,876.1,872.3,880.5,883.9,864.5,894.4,868.2,1015.0,3.6,24.5
2025-04-09 14:33:25,882.2,847.5,883.0,872.8,870.5,867.2,872.3,876.6,862.0,887.6,860.3,1013.2,3.6,24.5
2025-04-09 14:33:30,879.0,846.7,878.0,868.0,863.4,860.2,868.9,872.1,851.5,879.9,852.5,1007.8,3.1,24.5
2025-04-09 14:33:35,871.6,842.5,871.4,862.8,861.0,858.2,866.8,868.5,850.7,884.6,856.2,1001.6,2.6,24.5
2025-04-09 14:33:40,869.8,838.8,872.2,863.3,861.9,859.0,867.0,871.0,854.8,889.0,859.9,1001.2,3.0,24.4
2025-04-09 14:33:45,873.8,840.5,877.7,866.0,867.3,862.2,874.9,875.3,858.6,896.0,867.8,1004.4,2.5,24.4
2025-04-09 14:33:50,880.3,843.4,880.7,868.4,871.2,866.4,879.3,881.2,863.9,900.3,873.2,1013.8,2.0,24.5
2025-04-09 14:33:55,882.6,850.7,886.5,878.1,874.4,875.3,880.2,885.8,865.7,896.4,867.5,1020.4,1.7,24.5
2025-04-09 14:34:00,876.0,856.0,880.5,877.9,868.2,871.9,872.5,882.4,862.7,890.7,860.0,1015.8,1.6,24.5
2025-04-09 14:34:05,871.0,852.5,872.1,869.6,860.7,863.7,822.3,875.7,858.2,885.0,856.5,1010.0,1.3,24.5
2025-04-09 14:34:10,867.8,844.8,867.1,863.6,854.6,858.9,845.5,870.6,854.4,883.5,850.4,1003.2,1.3,24.4
2025-04-09 14:34:15,862.7,839.4,863.9,858.2,855.1,854.4,862.6,869.7,854.7,887.6,855.7,997.2,1.0,24.5
2025-04-09 14:34:20,860.7,837.4,866.0,861.3,860.9,858.6,868.1,876.1,860.9,898.9,867.7,1000.0,0.9,24.5
2025-04-09 14:34:25,862.7,840.9,867.0,864.9,859.3,863.2,863.9,879.7,864.5,893.4,859.6,1003.0,1.0,24.4
2025-04-09 14:34:30,856.3,844.8,858.3,864.6,855.5,863.2,859.8,876.1,859.1,880.0,844.0,999.5,1.1,24.5
2025-04-09 14:34:35,850.2,837.9,851.2,855.8,843.9,851.6,849.5,863.1,847.8,870.1,833.3,986.2,1.0,24.5
2025-04-09 14:34:40,846.8,827.3,847.9,843.1,837.2,843.5,843.8,855.1,839.6,866.1,829.1,977.3,1.0,24.5
2025-04-09 14:34:45,844.6,821.4,847.1,839.2,838.0,837.6,844.8,852.5,837.9,865.6,829.3,974.0,0.9,24.5
2025-04-09 14:34:50,844.5,817.0,847.4,840.1,838.2,840.6,842.2,855.6,836.4,856.6,819.1,977.4,0.7,24.5
2025-04-09 14:34:55,845.4,818.3,846.0,841.6,830.9,837.8,830.6,846.4,825.3,849.4,810.5,976.9,0.7,24.5
2025-04-09 14:35:00,837.6,815.6,835.1,832.2,820.9,823.9,822.7,830.8,815.3,839.7,800.2,964.8,2.6,24.5
2025-04-09 14:35:05,830.5,808.4,831.3,825.6,820.0,820.3,823.8,830.5,813.8,845.1,805.1,957.6,3.1,24.5
2025-04-09 14:35:10,831.0,805.3,831.9,824.5,818.2,820.5,822.5,831.0,813.2,840.7,800.1,955.7,2.9,24.5
2025-04-09 14:35:15,831.1,803.0,830.9,821.8,814.7,814.4,819.1,823.4,807.6,836.0,795.2,953.1,2.7,24.5
2025-04-09 14:35:20,828.1,800.7,827.8,818.5,815.3,813.6,821.3,822.1,807.0,837.5,798.2,949.8,2.6,24.5
2025-04-09 14:35:25,824.9,798.3,826.0,818.1,815.6,814.1,822.5,826.2,810.9,839.9,800.7,948.7,2.6,24.5
2025-04-09 14:35:30,822.2,796.6,825.7,817.5,814.7,814.8,790.5,826.2,810.3,832.2,789.9,947.2,2.3,24.5
2025-04-09 14:35:35,819.8,796.1,819.4,815.7,807.9,810.6,808.3,819.4,803.6,823.8,784.0,944.5,2.3,24.5
2025-04-09 14:35:40,812.4,789.4,813.5,807.1,801.2,802.9,806.8,812.7,799.5,825.5,782.9,934.5,2.1,24.5
2025-04-09 14:35:45,809.4,782.8,811.5,804.9,802.1,802.8,810.1,814.0,800.4,829.0,787.7,932.2,1.6,24.5
2025-04-09 14:35:50,816.3,782.4,817.0,805.1,805.2,804.5,810.7,817.0,801.4,828.7,786.9,933.0,1.3,24.5
2025-04-09 14:35:55,821.6,787.5,821.0,809.2,807.3,805.1,791.0,815.5,799.9,827.9,785.9,937.7,1.1,24.5
2025-04-09 14:36:00,820.5,792.3,820.9,813.8,809.7,809.1,816.7,819.2,800.9,835.2,794.2,942.5,0.9,24.5
2025-04-09 14:36:05,823.0,794.0,824.7,816.5,812.2,812.1,816.3,824.8,810.1,845.3,803.4,944.4,0.9,24.5
2025-04-09 14:36:10,828.5,797.2,834.5,818.0,818.9,816.2,826.9,829.5,815.6,848.0,808.3,950.7,0.8,24.5
2025-04-09 14:36:15,831.3,801.2,837.6,826.2,828.8,823.7,835.6,835.8,820.0,854.0,816.9,956.7,0.8,24.5
2025-04-09 14:36:20,831.7,809.8,837.6,831.6,828.3,829.5,835.9,842.7,827.7,860.5,821.8,962.2,1.0,24.5
2025-04-09 14:36:25,830.8,809.4,837.9,830.6,830.3,831.3,839.8,844.7,831.6,861.8,822.7,961.7,1.1,24.6
2025-04-09 14:36:30,838.9,809.2,845.2,833.7,834.9,832.5,840.7,846.2,832.3,863.3,825.0,964.4,1.1,24.5
2025-04-09 14:36:35,846.3,815.4,849.3,838.2,836.0,835.6,841.6,848.5,833.2,860.9,822.7,971.2,1.2,24.5
2025-04-09 14:36:40,848.5,820.2,848.8,839.5,835.0,835.5,837.9,844.9,828.4,855.3,817.0,971.6,1.1,24.5
2025-04-09 14:36:45,846.8,820.4,845.3,839.0,832.5,833.3,836.6,842.3,825.6,853.0,813.9,970.0,0.9,24.5
2025-04-09 14:36:50,842.9,819.3,843.4,836.5,830.3,831.0,835.0,839.3,823.2,853.3,814.0,965.9,0.9,24.5
2025-04-09 14:36:55,841.1,816.3,841.0,832.8,827.8,828.8,834.1,838.9,823.4,854.9,815.2,962.6,0.9,24.5
2025-04-09 14:37:00,836.2,813.4,838.0,831.8,827.5,827.8,834.0,838.7,824.1,855.0,815.6,962.1,0.9,24.5
2025-04-09 14:37:05,831.9,809.8,837.4,830.5,826.5,827.7,832.5,840.2,824.5,850.4,809.3,960.7,1.8,24.5
2025-04-09 14:37:10,829.9,807.4,834.3,827.2,821.8,825.4,826.4,839.4,823.4,846.9,805.6,958.2,2.6,24.5
2025-04-09 14:37:15,827.2,803.8,832.3,823.8,821.0,822.7,827.0,835.0,819.5,847.3,806.2,953.0,3.1,24.5
2025-04-09 14:37:20,827.6,801.1,836.2,824.4,826.7,825.8,834.0,839.4,824.7,854.6,815.8,953.5,3.4,24.5
2025-04-09 14:37:25,834.7,805.7,843.5,834.4,832.3,830.9,838.2,844.5,829.5,862.5,823.9,964.4,3.0,24.4
2025-04-09 14:37:30,840.0,814.3,845.5,839.8,832.1,837.5,839.6,850.5,834.6,864.5,825.3,970.4,2.8,24.4
2025-04-09 14:37:35,847.8,816.8,847.8,839.6,833.2,838.9,839.5,850.7,835.6,863.8,824.0,973.3,2.8,24.4
2025-04-09 14:37:40,849.6,822.6,852.2,843.3,837.4,838.9,842.5,849.9,835.4,866.3,827.9,977.0,2.2,24.4
2025-04-09 14:37:45,838.1,828.2,842.5,845.9,837.5,843.7,844.3,854.3,839.2,872.2,834.1,977.2,1.9,24.4
2025-04-09 14:37:50,832.8,827.4,835.9,841.6,826.0,841.7,833.4,855.9,842.1,872.9,831.5,971.4,1.6,24.4
2025-04-09 14:37:55,840.0,816.2,842.2,833.5,827.7,831.7,832.8,843.1,831.0,856.5,812.8,962.3,1.4,24.4
2025-04-09 14:38:00,854.1,815.7,856.0,838.1,841.3,833.0,844.4,841.7,824.7,850.8,810.8,969.1,1.4,24.4
2025-04-09 14:38:05,869.7,830.5,872.0,854.2,858.7,849.0,855.5,850.0,828.2,871.0,838.7,987.9,1.6,24.4
2025-04-09 14:38:10,876.7,840.0,881.3,865.7,868.3,863.6,875.7,869.0,848.3,892.3,861.0,1001.4,2.1,24.4
2025-04-09 14:38:15,882.6,850.2,887.7,871.1,872.0,869.0,877.9,882.6,862.8,902.4,870.2,1012.4,2.3,24.4
2025-04-09 14:38:20,884.1,858.1,888.8,880.0,875.2,877.8,880.9,890.7,871.0,903.5,870.5,1017.8,2.3,24.4
2025-04-09 14:38:25,883.7,860.5,888.2,883.1,875.1,878.9,881.0,890.4,872.0,903.2,870.3,1019.4,2.1,24.4
2025-04-09 14:38:30,882.2,861.3,887.4,882.1,874.9,879.3,881.1,890.6,872.0,904.0,871.1,1019.4,1.8,24.5
2025-04-09 14:38:35,880.8,859.5,888.0,880.8,875.0,879.4,881.4,890.8,873.6,904.8,871.4,1018.0,1.4,24.5
2025-04-09 14:38:40,879.9,857.3,887.7,881.0,875.4,879.7,881.9,890.5,873.4,904.4,871.6,1017.8,1.3,24.5
2025-04-09 14:38:45,875.1,857.9,880.6,879.2,870.9,878.4,877.5,890.2,872.8,903.2,868.0,1015.8,1.3,24.5
2025-04-09 14:38:50,874.2,853.5,877.9,873.5,867.3,872.7,873.2,884.6,869.8,899.4,864.1,1006.8,1.9,24.5
2025-04-09 14:38:55,874.9,847.1,879.0,870.5,867.5,870.2,873.8,881.9,867.8,899.0,864.0,1006.6,2.2,24.5
2025-04-09 14:39:00,873.0,847.5,877.7,871.1,867.4,869.7,875.3,881.5,867.9,904.0,868.2,1007.0,2.0,24.6
2025-04-09 14:39:05,867.8,849.1,874.3,871.0,865.7,870.8,875.0,883.8,870.2,904.3,870.0,1006.0,1.9,24.5
2025-04-09 14:39:10,865.8,846.3,872.6,868.1,862.5,870.2,871.1,883.4,870.0,899.6,863.1,1002.0,1.8,24.5
2025-04-09 14:39:15,866.6,843.5,871.5,865.3,859.0,865.0,866.8,879.6,865.4,893.1,857.3,1000.0,1.8,24.5
2025-04-09 14:39:20,870.7,842.5,871.7,864.5,859.3,863.2,865.5,874.5,859.6,887.8,852.6,997.3,1.8,24.6
2025-04-09 14:39:25,871.9,841.8,874.9,863.4,859.4,860.0,866.5,872.1,857.5,890.1,854.6,996.7,1.5,24.6
2025-04-09 14:39:30,876.2,843.0,878.5,863.8,862.5,861.0,869.9,873.9,858.0,895.1,861.0,998.5,1.5,24.6
2025-04-09 14:39:35,879.1,844.1,883.7,868.1,871.4,866.3,879.0,880.1,860.6,899.3,866.7,1003.2,1.3,24.6
2025-04-09 14:39:40,882.8,849.9,888.6,874.9,877.6,873.8,885.2,886.2,868.3,903.7,872.3,1014.6,1.4,24.6
2025-04-09 14:39:45,884.6,855.5,891.7,880.0,879.1,879.0,884.8,890.0,870.1,903.6,872.6,1017.6,1.3,24.6
2025-04-09 14:39:50,888.0,857.3,891.6,880.9,876.1,878.2,879.4,889.0,869.7,899.9,866.1,1018.4,1.2,24.6
2025-04-09 14:39:55,884.7,856.4,884.9,878.6,869.1,875.0,874.8,884.6,868.4,897.1,864.2,1014.8,1.6,24.6
2025-04-09 14:40:00,876.1,853.1,879.9,873.5,867.5,872.0,873.9,884.2,867.6,897.0,862.8,1006.8,1.6,24.6
2025-04-09 14:40:05,874.2,849.8,878.1,871.7,864.7,868.6,873.4,881.6,866.1,899.2,864.4,1005.0,1.2,24.6
2025-04-09 14:40:10,870.2,847.4,876.2,869.0,864.3,868.4,873.3,882.0,867.4,900.1,865.2,1002.2,1.0,24.6
2025-04-09 14:40:15,869.2,846.5,876.0,868.0,864.5,868.0,871.4,880.8,865.6,895.8,861.4,1001.2,1.0,24.6
2025-04-09 14:40:20,868.2,844.4,876.5,867.7,863.1,865.7,868.2,877.2,861.5,891.3,855.0,1000.4,0.8,24.6
2025-04-09 14:40:25,867.1,842.8,871.9,864.2,857.1,862.7,862.7,873.8,857.5,884.6,846.6,998.4,1.0,24.6
2025-04-09 14:40:30,861.4,838.8,863.5,859.4,850.4,858.5,856.4,868.3,852.8,880.8,842.3,989.0,1.2,24.6
2025-04-09 14:40:35,857.5,836.2,860.2,855.1,846.5,852.8,853.6,863.7,848.4,876.6,839.3,983.3,1.3,24.6
2025-04-09 14:40:40,856.0,831.7,856.5,851.2,842.4,847.7,851.3,861.4,845.9,874.2,836.4,981.0,1.1,24.6
2025-04-09 14:40:45,850.1,830.6,849.2,848.2,834.1,844.6,839.1,855.0,840.4,866.7,831.1,977.3,1.0,24.7
2025-04-09 14:40:50,847.0,824.0,845.1,838.1,829.0,834.7,832.9,845.5,832.5,861.2,818.1,966.3,0.8,24.6
2025-04-09 14:40:55,852.3,816.4,851.9,835.4,833.9,830.3,834.1,840.6,827.6,853.6,812.1,963.1,0.7,24.7
2025-04-09 14:41:00,857.9,819.8,859.3,842.4,840.3,836.7,839.4,841.8,825.7,854.3,816.9,971.3,0.6,24.7
2025-04-09 14:41:05,866.1,828.7,868.2,846.5,844.9,840.0,848.3,848.4,828.4,863.8,828.1,982.7,0.5,24.7
2025-04-09 14:41:10,867.0,833.5,871.7,857.1,855.8,852.1,859.5,861.9,838.4,874.1,841.2,994.8,0.4,24.7
2025-04-09 14:41:15,861.3,844.8,868.6,864.2,854.7,860.7,859.2,871.1,848.0,878.6,843.8,996.7,0.3,24.7
2025-04-09 14:41:20,856.8,844.4,861.1,861.5,846.8,858.9,851.3,869.6,848.3,876.1,840.8,993.1,0.2,24.7
2025-04-09 14:41:25,849.2,838.8,853.1,854.3,840.1,850.3,845.8,861.1,844.5,872.2,833.2,980.8,0.1,24.8
2025-04-09 14:41:30,843.9,830.9,847.2,845.6,835.9,842.7,845.2,855.6,840.5,872.9,833.6,975.4,0.1,24.8
2025-04-09 14:41:35,841.3,822.3,847.1,840.4,836.9,840.1,847.4,855.8,841.2,879.5,839.9,968.9,0.2,24.8
2025-04-09 14:41:40,844.9,819.2,851.9,841.2,841.4,843.0,849.5,858.8,845.0,881.1,842.2,970.8,0.2,24.8
2025-04-09 14:41:45,850.8,820.2,857.9,847.7,844.0,843.7,851.8,858.7,846.0,878.8,840.9,976.6,0.9,24.9
2025-04-09 14:41:50,853.7,827.2,857.5,850.0,845.3,847.3,851.0,861.3,845.8,875.6,838.0,981.4,1.2,24.9
2025-04-09 14:41:55,853.5,829.1,853.0,850.9,837.7,848.3,841.8,860.9,844.1,870.6,830.3,981.1,0.9,24.9
2025-04-09 14:42:00,849.9,829.8,851.1,848.8,834.1,842.1,838.5,853.0,837.8,862.9,822.3,974.1,0.9,24.9
2025-04-09 14:42:05,847.6,825.2,848.7,843.3,834.3,837.5,839.9,847.7,833.0,865.7,827.8,970.3,0.7,25.0
2025-04-09 14:42:10,847.9,823.2,849.8,841.3,838.2,837.4,844.1,848.0,834.5,873.8,835.5,971.3,0.6,25.0
2025-04-09 14:42:15,855.2,823.1,856.6,845.2,843.0,841.0,851.4,854.7,840.0,875.7,837.7,974.9,0.8,25.0
2025-04-09 14:42:20,856.5,828.3,857.6,849.3,845.5,847.4,853.4,859.4,844.8,882.7,842.7,981.0,0.9,25.0
2025-04-09 14:42:25,849.4,830.0,853.1,850.4,844.7,847.4,854.1,859.9,846.4,884.7,847.9,982.8,1.0,25.1
2025-04-09 14:42:30,847.9,828.3,855.5,846.6,849.5,845.9,861.4,861.8,850.4,889.1,852.4,978.7,1.0,25.1
2025-04-09 14:42:35,852.9,822.2,862.1,847.3,853.7,849.6,863.6,868.5,854.1,890.2,854.5,981.3,0.9,25.1
2025-04-09 14:42:40,860.3,828.3,864.5,852.4,854.2,853.9,863.0,870.0,855.9,890.6,853.8,988.7,0.6,25.2
2025-04-09 14:42:45,862.5,835.5,867.3,858.9,855.4,856.7,861.7,870.7,855.6,887.3,850.2,993.3,0.5,25.2
2025-04-09 14:42:50,863.8,836.5,867.6,859.9,854.5,857.3,858.4,870.2,852.7,881.9,843.0,993.6,0.5,25.2
2025-04-09 14:42:55,863.9,839.4,864.7,859.4,847.6,854.3,852.1,863.7,848.3,876.8,838.7,991.6,0.3,25.2
2025-04-09 14:43:00,853.7,840.3,856.8,856.1,840.6,849.9,845.9,859.8,844.7,874.7,835.5,985.9,0.3,25.2
2025-04-09 14:43:05,843.6,837.3,844.2,847.5,832.2,840.6,844.1,856.9,843.0,873.0,835.3,978.5,0.2,25.2
2025-04-09 14:43:10,831.5,826.5,837.0,837.4,828.7,835.7,838.0,849.6,838.8,872.9,834.4,965.5,0.2,25.3
2025-04-09 14:43:15,823.6,815.0,831.1,830.5,822.3,830.6,829.9,846.6,835.3,863.9,824.2,959.3,0.2,25.3
2025-04-09 14:43:20,815.6,808.0,823.0,826.9,812.8,826.1,817.8,839.9,826.9,842.0,797.6,949.7,0.3,25.3
2025-04-09 14:43:25,792.7,796.0,796.7,810.6,794.0,812.6,799.1,824.1,810.6,825.5,780.0,932.9,0.7,25.3
2025-04-09 14:43:30,786.7,789.9,788.8,802.2,776.9,796.6,782.6,807.3,796.8,809.4,770.7,924.2,0.7,25.4
2025-04-09 14:43:35,772.0,769.3,771.9,779.8,761.8,774.7,769.2,787.8,780.0,797.0,748.0,892.9,0.9,25.4
2025-04-09 14:43:40,753.1,757.4,753.8,769.9,746.6,765.7,754.1,777.9,769.6,782.6,730.2,877.1,1.7,25.4
2025-04-09 14:43:45,737.0,737.9,745.2,745.7,739.8,757.8,746.3,771.7,762.9,768.2,716.2,859.9,1.8,25.5
2025-04-09 14:43:50,768.8,717.2,779.0,740.0,771.9,741.2,783.9,757.2,745.5,793.3,733.9,856.1,1.5,25.5
2025-04-09 14:43:55,810.6,723.8,818.1,771.8,808.0,776.1,819.2,796.9,778.4,818.2,787.3,895.8,1.6,25.5
2025-04-09 14:44:00,833.0,779.4,829.3,804.8,817.3,804.6,824.3,824.2,804.8,851.1,813.5,944.2,1.4,25.6
2025-04-09 14:44:05,839.5,801.1,836.4,824.7,818.6,819.4,822.4,834.1,816.5,843.6,805.3,950.5,1.2,25.6
2025-04-09 14:44:10,843.6,806.4,840.5,826.6,823.0,820.4,828.9,831.1,813.2,844.0,808.5,958.8,1.1,25.5
2025-04-09 14:44:15,847.8,814.4,847.0,832.7,832.3,826.1,837.0,837.3,816.7,852.8,819.3,965.4,1.0,25.6
2025-04-09 14:44:20,847.4,818.3,847.3,839.2,833.6,833.5,839.8,844.5,825.5,859.7,827.3,968.8,0.9,25.6
2025-04-09 14:44:25,849.4,821.0,849.6,839.8,836.4,834.8,842.8,847.5,828.0,861.9,827.7,969.3,0.8,25.6
2025-04-09 14:44:30,853.7,821.6,853.7,841.9,839.1,838.7,844.5,852.3,833.4,864.1,829.9,971.1,0.8,25.6
2025-04-09 14:44:35,856.1,824.6,854.1,846.6,838.6,841.8,844.0,854.1,834.2,864.8,831.2,976.9,0.8,25.6
2025-04-09 14:44:40,856.3,830.8,855.3,845.9,841.9,840.6,849.3,855.0,836.0,867.7,836.2,975.6,0.8,25.7
2025-04-09 14:44:45,857.6,830.0,861.0,848.8,848.4,844.9,857.1,857.3,839.4,876.6,845.8,978.3,0.9,25.7
2025-04-09 14:44:50,869.3,832.8,865.1,852.1,852.6,848.9,860.5,864.9,845.8,883.4,854.2,987.6,0.9,25.7
2025-04-09 14:44:55,876.5,839.9,879.5,866.2,863.3,857.1,867.2,872.5,852.9,885.6,857.4,996.2,0.8,25.7
2025-04-09 14:45:00,883.7,849.3,885.7,869.1,865.9,863.7,870.9,877.0,856.2,887.4,861.5,1003.4,0.8,25.7
2025-04-09 14:45:05,888.2,853.6,890.4,876.8,875.5,869.3,879.1,878.2,856.8,891.3,866.2,1008.8,0.7,25.7
2025-04-09 14:45:10,890.2,860.6,892.1,883.8,877.0,875.5,883.5,886.4,863.7,895.4,871.0,1018.0,0.7,25.8
2025-04-09 14:45:15,890.8,865.6,891.7,885.0,877.7,877.7,885.8,891.1,867.2,897.8,874.5,1019.4,1.1,25.8
2025-04-09 14:45:20,893.7,866.1,893.8,886.2,879.7,879.0,887.5,892.6,870.5,905.7,882.1,1020.4,1.3,25.8
2025-04-09 14:45:25,894.0,866.0,896.0,888.1,881.3,882.8,890.3,896.6,875.0,909.4,886.9,1023.8,1.2,25.8
2025-04-09 14:45:30,894.5,869.6,895.5,889.3,882.5,883.7,890.8,898.7,877.6,912.3,888.5,1024.0,1.5,25.8
2025-04-09 14:45:35,892.7,870.2,893.7,890.2,881.4,884.3,891.9,898.7,878.6,912.9,889.8,1024.2,2.0,25.8
2025-04-09 14:45:40,891.0,868.7,893.6,889.1,882.2,883.5,892.0,897.8,878.8,913.6,890.1,1022.2,2.0,25.8
2025-04-09 14:45:45,893.0,867.5,894.5,888.7,882.0,883.1,892.2,897.6,878.9,913.9,890.4,1022.8,1.7,25.8
2025-04-09 14:45:50,893.3,868.0,895.0,888.5,882.7,883.5,891.7,897.7,879.0,913.9,891.2,1024.0,1.7,25.8
2025-04-09 14:45:55,894.9,868.3,897.2,888.2,884.2,884.2,894.1,897.7,878.7,915.0,892.7,1024.0,1.6,25.9
2025-04-09 14:46:00,897.2,868.7,899.1,890.1,885.1,885.4,894.4,898.0,879.6,917.5,896.0,1025.4,1.5,25.9
2025-04-09 14:46:05,898.9,871.2,899.9,890.0,886.6,887.0,895.0,901.6,881.5,918.8,897.3,1026.6,1.3,25.9
2025-04-09 14:46:10,898.9,870.9,900.4,891.1,887.3,888.2,896.0,901.8,882.7,920.0,898.9,1029.0,1.3,25.9
2025-04-09 14:46:15,900.2,873.3,901.0,893.5,888.6,889.4,896.5,902.9,883.9,920.5,900.6,1029.4,1.1,25.9
2025-04-09 14:46:20,900.9,873.3,902.5,893.4,889.2,888.6,897.0,903.6,883.9,920.9,900.4,1029.6,1.0,26.0
2025-04-09 14:46:25,900.9,874.7,902.3,895.1,889.1,889.2,897.4,905.8,884.5,921.2,901.4,1029.6,0.9,26.0
2025-04-09 14:46:30,900.7,874.1,901.0,895.2,887.5,889.2,897.1,905.2,885.1,921.6,901.8,1029.4,0.7,26.0
2025-04-09 14:46:35,900.4,874.0,901.3,894.6,887.9,888.7,897.1,905.0,885.2,921.6,901.7,1029.2,0.7,26.0
2025-04-09 14:46:40,900.8,874.2,901.8,894.3,888.7,889.6,897.6,905.0,885.1,921.5,902.2,1029.6,0.5,26.0
2025-04-09 14:46:45,900.6,874.7,901.6,894.9,888.3,889.9,896.6,905.9,885.8,921.1,902.0,1030.0,0.4,26.0
2025-04-09 14:46:50,899.4,875.2,900.4,894.6,887.0,890.1,896.6,905.5,885.5,919.7,900.7,1029.8,0.3,25.9
2025-04-09 14:46:55,899.2,874.6,897.7,893.1,885.8,888.4,894.6,904.0,884.6,919.0,899.6,1028.6,0.4,25.9
2025-04-09 14:47:00,898.5,873.4,898.0,892.7,885.0,887.9,894.0,902.4,884.3,918.5,899.3,1027.0,0.7,26.0
2025-04-09 14:47:05,898.7,873.0,898.3,892.6,884.8,888.1,894.4,902.6,884.2,918.4,899.8,1027.0,0.8,26.0
2025-04-09 14:47:10,898.6,873.0,899.3,892.9,885.2,887.7,894.6,902.5,884.1,918.2,900.4,1026.8,0.8,26.0
2025-04-09 14:47:15,898.9,873.4,899.4,893.1,885.0,887.7,894.6,902.6,884.1,918.6,900.6,1026.4,1.0,26.0
2025-04-09 14:47:20,897.4,874.4,898.8,893.2,884.4,887.6,894.3,902.8,884.2,917.9,899.6,1025.4,0.7,26.0
2025-04-09 14:47:25,897.3,873.9,897.9,892.9,883.9,887.2,893.8,903.1,884.4,917.1,899.3,1024.2,0.6,26.0
2025-04-09 14:47:30,897.1,873.8,897.8,893.3,883.2,890.6,893.1,901.8,884.0,916.5,898.9,1024.8,1.1,26.0
2025-04-09 14:47:35,896.9,873.6,897.4,893.4,882.8,889.2,892.6,901.9,882.7,916.2,898.6,1024.8,1.4,26.0
2025-04-09 14:47:40,895.7,873.6,896.8,893.1,882.9,887.8,892.1,901.9,883.3,916.5,898.7,1024.8,1.8,26.0
2025-04-09 14:47:45,895.5,873.2,896.5,892.9,882.9,886.9,892.3,901.8,883.1,916.5,899.2,1025.2,2.9,26.0
2025-04-09 14:47:50,895.7,872.7,898.4,892.7,883.8,886.6,892.8,902.0,882.7,916.0,898.9,1025.4,3.5,26.1
2025-04-09 14:47:55,896.3,872.9,898.3,892.4,884.2,886.4,893.2,902.1,882.7,916.0,899.2,1026.0,3.4,26.1
2025-04-09 14:48:00,896.2,873.0,898.0,892.0,883.2,886.6,893.6,902.0,882.3,915.2,898.3,1024.8,3.3,26.1
2025-04-09 14:48:05,896.0,872.1,897.0,890.1,883.8,886.6,894.2,900.4,882.1,915.3,898.4,1023.4,3.0,26.1
2025-04-09 14:48:10,896.3,871.6,897.3,890.3,883.9,886.1,894.2,900.8,882.3,916.2,899.7,1024.4,2.8,26.2
2025-04-09 14:48:15,896.6,871.5,897.1,890.7,883.6,886.0,893.7,901.4,883.0,917.0,900.7,1023.8,2.9,26.2
2025-04-09 14:48:20,896.5,871.6,897.0,891.2,883.7,886.3,893.6,901.4,882.7,917.1,900.7,1022.8,3.3,26.2
2025-04-09 14:48:25,896.5,871.5,897.8,891.2,883.9,886.3,894.5,902.6,883.3,917.4,901.1,1022.8,2.6,26.2
2025-04-09 14:48:30,896.8,872.0,897.7,892.3,884.2,886.6,894.6,902.7,883.3,916.6,900.5,1022.6,2.6,26.1
2025-04-09 14:48:35,897.2,874.5,897.6,892.2,883.9,886.3,893.3,902.0,882.6,915.5,899.6,1022.8,2.4,26.2
2025-04-09 14:48:40,897.0,874.6,896.7,891.2,883.1,885.5,891.8,901.4,880.2,915.1,899.1,1022.4,2.4,26.2
2025-04-09 14:48:45,896.8,873.9,896.2,890.3,882.0,884.9,892.2,900.8,879.9,915.0,899.4,1021.2,2.3,26.2
2025-04-09 14:48:50,896.6,872.3,895.8,890.0,882.6,885.7,892.2,899.4,880.4,914.7,898.9,1020.4,2.2,26.2
2025-04-09 14:48:55,896.5,871.9,895.5,890.2,883.3,885.6,892.1,899.1,880.9,915.1,899.2,1020.2,2.0,26.2
2025-04-09 14:49:00,896.4,871.1,896.5,890.1,883.4,885.4,893.0,899.6,880.7,916.0,900.1,1020.8,2.0,26.2
2025-04-09 14:49:05,896.8,871.4,896.9,890.5,883.7,885.2,894.5,899.9,880.5,916.6,901.7,1021.0,2.1,26.2
2025-04-09 14:49:10,897.1,871.3,897.0,890.8,884.0,884.9,894.5,900.8,880.9,916.8,902.5,1021.2,2.2,26.2
2025-04-09 14:49:15,897.8,872.0,897.4,891.3,884.8,884.8,894.4,901.2,881.2,917.2,902.6,1021.8,2.2,26.2
2025-04-09 14:49:20,898.1,872.6,897.7,891.4,884.8,884.8,894.6,901.4,881.7,918.0,903.4,1023.0,2.1,26.2
2025-04-09 14:49:25,897.9,873.4,898.0,891.7,885.2,885.3,895.0,902.2,882.8,918.7,904.2,1022.6,1.7,26.2
2025-04-09 14:49:30,898.4,874.1,897.8,892.0,884.9,886.4,895.0,903.0,882.4,918.5,904.2,1022.8,1.5,26.2
2025-04-09 14:49:35,898.7,874.3,898.1,891.9,884.8,887.6,894.6,902.9,881.9,918.3,903.9,1023.6,1.7,26.2
2025-04-09 14:49:40,898.4,874.2,898.0,892.5,884.7,887.5,894.7,901.7,881.5,917.6,903.5,1023.0,1.5,26.2
2025-04-09 14:49:45,898.0,874.9,897.7,892.4,884.9,887.2,895.5,902.4,882.4,918.8,904.8,1022.4,1.3,26.2
2025-04-09 14:49:50,897.4,876.0,897.9,893.3,885.1,887.5,895.3,902.9,882.6,918.8,904.5,1022.4,1.4,26.2
2025-04-09 14:49:55,898.3,876.4,898.2,893.1,885.0,887.7,894.7,902.8,882.6,918.3,904.2,1022.6,2.8,26.2
2025-04-09 14:50:00,898.2,876.0,898.9,893.6,885.0,887.2,894.9,902.6,882.9,918.7,905.0,1023.4,3.7,26.2
2025-04-09 14:50:05,898.3,876.6,898.9,894.5,884.8,886.7,894.7,902.7,882.8,919.1,905.0,1023.6,3.3,26.2
2025-04-09 14:50:10,898.0,876.4,898.4,894.0,884.5,886.7,894.8,903.4,882.7,918.8,905.0,1023.0,3.6,26.2
2025-04-09 14:50:15,897.8,875.7,897.9,893.9,884.4,886.2,895.0,903.3,882.8,918.4,905.1,1021.2,3.6,26.2
2025-04-09 14:50:20,899.5,875.0,899.1,893.9,885.6,885.8,895.7,903.2,883.0,918.7,905.4,1021.6,3.1,26.2
2025-04-09 14:50:25,900.2,875.2,899.5,894.0,885.9,887.1,896.6,903.5,883.3,919.0,906.3,1022.4,2.6,26.2
2025-04-09 14:50:30,900.2,875.4,899.4,895.0,886.0,887.6,896.8,904.3,883.6,919.4,906.4,1023.0,2.5,26.1
2025-04-09 14:50:35,897.6,875.5,896.9,894.0,884.1,887.3,894.3,904.4,883.0,917.4,903.9,1021.6,2.4,26.1
2025-04-09 14:50:40,895.6,873.7,894.1,890.0,882.2,885.3,893.0,901.5,880.8,914.6,901.2,1018.6,2.6,26.2
2025-04-09 14:50:45,895.3,871.4,894.9,889.3,881.9,883.2,892.5,898.5,877.5,913.0,899.8,1017.0,2.3,26.2
2025-04-09 14:50:50,895.1,870.8,894.6,889.2,881.8,883.6,892.4,898.5,877.6,913.3,900.4,1016.8,2.6,26.1
2025-04-09 14:50:55,895.3,871.0,894.4,888.9,881.6,883.5,892.4,899.6,877.9,913.5,900.4,1016.8,2.6,26.1
2025-04-09 14:51:00,896.2,871.4,895.3,889.4,882.0,883.3,892.6,900.2,878.2,913.7,900.7,1017.2,2.7,26.1
2025-04-09 14:51:05,896.4,872.5,896.2,889.6,883.2,883.5,892.9,899.7,878.6,915.4,903.1,1017.8,2.5,26.1
2025-04-09 14:51:10,897.0,873.8,897.6,890.0,884.3,884.2,893.7,899.7,879.8,916.5,904.6,1018.8,2.1,26.1
2025-04-09 14:51:15,897.6,874.2,897.7,891.0,884.5,885.4,895.7,901.8,881.7,918.2,906.0,1020.8,2.0,26.1
2025-04-09 14:51:20,898.1,874.7,898.3,891.6,885.0,886.4,896.4,901.7,882.0,918.5,906.6,1020.2,2.2,26.1
2025-04-09 14:51:25,898.7,874.6,898.9,892.0,885.5,887.3,896.5,901.8,882.0,918.6,906.7,1021.2,2.0,26.1
2025-04-09 14:51:30,899.2,875.0,899.4,892.7,885.7,887.5,896.8,902.4,882.0,918.6,906.5,1021.4,1.6,26.1
2025-04-09 14:51:35,899.6,874.9,899.0,892.4,885.5,887.6,896.5,903.1,881.6,918.3,906.3,1021.0,1.3,26.0
2025-04-09 14:51:40,898.8,874.8,898.7,892.5,884.9,886.6,895.9,903.1,882.3,918.5,906.3,1020.4,1.1,26.0
2025-04-09 14:51:45,898.3,874.1,898.3,892.2,884.8,887.1,895.8,902.8,882.0,918.4,906.5,1019.2,1.1,26.0
2025-04-09 14:51:50,898.3,874.6,898.4,892.7,885.0,887.3,896.4,902.7,881.4,918.3,906.7,1019.2,1.2,26.0
2025-04-09 14:51:55,898.6,875.0,898.4,893.4,885.9,886.6,897.2,902.9,881.5,918.7,906.9,1019.8,1.7,26.0
2025-04-09 14:52:00,898.4,877.3,898.5,893.9,885.7,886.9,897.6,903.6,880.9,918.4,906.9,1019.6,2.2,26.0
2025-04-09 14:52:05,898.1,877.3,898.8,893.8,885.6,885.8,897.4,903.6,880.4,917.8,906.2,1019.6,3.4,25.9
2025-04-09 14:52:10,898.0,877.1,898.5,893.6,885.5,885.6,897.0,903.4,880.7,917.2,906.0,1019.8,3.1,25.9
2025-04-09 14:52:15,897.7,876.6,898.0,892.9,885.0,884.8,896.2,903.1,880.5,917.0,905.6,1019.4,3.2,25.9
2025-04-09 14:52:20,897.2,876.1,897.9,892.7,885.0,884.3,896.6,902.4,880.2,916.9,905.4,1019.4,3.1,25.9
2025-04-09 14:52:25,896.7,875.4,897.5,892.3,884.4,884.3,896.4,901.8,879.7,917.0,905.3,1019.6,2.9,25.9
2025-04-09 14:52:30,896.8,874.6,897.7,892.2,883.8,886.0,895.6,901.7,879.9,917.1,905.8,1019.4,3.3,25.9
2025-04-09 14:52:35,896.5,874.3,897.7,892.2,883.8,885.4,895.4,901.2,879.9,916.7,905.2,1018.8,3.3,25.9
2025-04-09 14:52:40,896.9,874.2,896.2,891.8,883.6,885.5,894.8,901.1,879.2,916.0,904.5,1017.6,2.9,25.9
2025-04-09 14:52:45,896.8,873.6,895.6,890.5,883.0,884.9,894.3,900.5,879.5,915.3,904.1,1016.8,2.5,25.9
2025-04-09 14:52:50,896.1,873.3,895.0,890.6,882.7,884.1,893.7,900.3,879.6,915.4,904.6,1016.8,2.1,25.9
2025-04-09 14:52:55,896.1,873.2,895.6,890.9,882.5,883.5,893.7,900.0,879.0,915.8,904.6,1016.8,1.6,25.8
2025-04-09 14:53:00,896.2,873.7,896.0,891.0,882.3,883.5,894.0,899.9,879.1,915.5,904.8,1017.6,1.9,25.9
2025-04-09 14:53:05,896.0,874.0,896.3,891.0,882.7,885.1,893.9,900.3,879.7,915.6,904.9,1018.0,2.1,25.8
2025-04-09 14:53:10,896.1,874.9,895.7,891.3,882.5,885.3,893.7,900.0,880.0,915.8,905.0,1018.4,2.3,25.8
2025-04-09 14:53:15,896.1,875.6,895.2,890.6,883.0,884.8,893.8,900.0,880.0,915.6,904.7,1018.8,2.2,25.8
2025-04-09 14:53:20,895.9,875.1,895.7,889.7,882.7,883.6,893.3,900.2,879.8,915.4,904.3,1018.6,2.1,25.8
2025-04-09 14:53:25,896.1,874.4,897.0,890.0,882.3,883.6,893.5,900.0,878.3,915.4,905.2,1019.0,2.3,25.7
2025-04-09 14:53:30,896.1,874.5,897.1,890.1,882.5,883.2,893.7,899.9,878.4,915.2,905.4,1019.8,2.4,25.7
2025-04-09 14:53:35,896.2,874.0,896.8,890.8,882.1,883.2,893.7,899.9,878.5,915.1,905.2,1019.2,2.1,25.7
2025-04-09 14:53:40,896.1,873.3,896.0,890.8,882.2,883.1,893.5,899.5,878.8,915.3,904.8,1018.8,2.4,25.7
2025-04-09 14:53:45,895.8,872.3,895.7,890.5,882.0,883.4,892.4,899.2,879.0,915.2,904.3,1018.4,2.4,25.7
2025-04-09 14:53:50,895.3,872.7,894.8,889.4,881.5,881.8,891.8,899.5,878.6,914.6,904.9,1017.2,2.0,25.7
2025-04-09 14:53:55,895.3,872.3,894.4,889.3,881.2,881.6,891.8,899.0,878.7,914.8,904.3,1017.2,1.9,25.7
2025-04-09 14:54:00,894.9,872.4,894.1,888.0,880.6,880.5,891.6,898.4,877.8,913.7,903.3,1017.0,2.0,25.6
2025-04-09 14:54:05,893.5,871.5,893.2,887.7,879.9,880.0,891.0,897.4,876.6,912.8,903.0,1015.6,1.8,25.6
2025-04-09 14:54:10,892.4,870.7,891.1,886.6,877.8,878.8,889.1,896.1,875.7,911.8,901.6,1014.2,1.6,25.6
2025-04-09 14:54:15,890.2,869.1,889.8,884.7,876.8,877.0,887.8,895.7,874.7,910.8,900.1,1013.0,1.3,25.6
2025-04-09 14:54:20,889.0,868.8,887.0,883.5,873.9,876.4,886.8,895.2,874.0,909.6,898.6,1011.2,1.0,25.6
2025-04-09 14:54:25,886.6,867.2,885.6,882.0,872.6,874.9,886.1,894.0,873.2,908.4,896.7,1009.0,0.8,25.6
2025-04-09 14:54:30,886.1,866.5,885.0,880.6,871.6,872.3,883.2,891.1,871.2,906.5,895.3,1007.2,0.7,25.6
2025-04-09 14:54:35,885.8,866.1,885.3,880.4,872.1,872.5,883.8,891.8,870.8,906.7,895.5,1006.8,0.6,25.5
2025-04-09 14:54:40,887.4,864.9,886.1,880.6,872.2,872.8,884.0,892.1,870.9,907.5,896.1,1007.0,0.8,25.5
2025-04-09 14:54:45,887.3,865.2,886.4,882.1,873.7,873.8,884.4,892.9,870.9,907.6,896.6,1008.0,1.0,25.5
2025-04-09 14:54:50,887.1,865.7,886.5,882.8,873.6,874.7,885.0,892.8,870.8,906.8,896.5,1009.0,1.5,25.5
2025-04-09 14:54:55,887.0,866.3,886.3,883.0,873.9,875.5,885.4,892.7,870.7,907.0,896.3,1008.8,1.7,25.5
2025-04-09 14:55:00,886.5,866.5,886.0,882.6,873.6,876.1,885.5,892.6,871.2,907.3,896.5,1008.6,1.8,25.5
2025-04-09 14:55:05,886.2,866.3,885.6,882.4,873.3,874.9,884.9,892.6,871.2,907.1,896.3,1008.4,2.1,25.5
2025-04-09 14:55:10,886.1,866.2,886.1,881.8,873.3,874.1,883.7,892.1,870.2,906.4,895.2,1006.6,2.5,25.5
2025-04-09 14:55:15,886.0,866.1,886.2,882.3,873.5,873.9,884.0,891.9,869.8,906.1,894.9,1006.4,2.4,25.5
2025-04-09 14:55:20,885.9,866.6,886.8,882.5,872.9,873.8,882.1,891.6,869.6,905.2,894.4,1006.2,2.3,25.5
2025-04-09 14:55:25,885.2,867.3,885.3,881.3,871.8,872.9,881.2,889.8,868.7,903.2,892.6,1006.0,1.7,25.5
2025-04-09 14:55:30,884.4,866.4,884.5,879.2,871.7,872.1,881.1,888.7,867.6,902.2,890.9,1004.0,1.8,25.5
2025-04-09 14:55:35,881.9,864.8,882.2,878.5,869.0,871.4,880.7,887.9,866.8,901.1,889.3,1002.4,2.0,25.5
2025-04-09 14:55:40,880.4,863.1,880.0,877.1,867.4,870.8,879.8,888.0,866.2,900.1,888.7,1000.8,2.1,25.5
2025-04-09 14:55:45,879.9,860.5,878.9,876.2,866.7,867.3,878.1,884.9,864.1,898.6,887.2,998.5,1.9,25.5
2025-04-09 14:55:50,879.3,859.1,878.8,874.9,866.6,867.3,877.8,884.3,863.2,898.8,887.1,997.2,1.8,25.5
2025-04-09 14:55:55,879.5,858.8,878.3,875.0,866.5,866.9,877.7,884.2,863.8,899.3,887.6,997.1,1.8,25.5
2025-04-09 14:56:00,880.5,858.7,878.7,875.1,866.1,868.4,876.6,883.7,864.2,898.5,886.7,996.8,1.9,25.5
2025-04-09 14:56:05,881.3,859.5,879.7,875.0,866.6,868.4,877.1,882.9,863.5,898.2,886.7,997.3,1.7,25.5
2025-04-09 14:56:10,882.2,860.6,881.3,876.8,867.8,868.9,877.4,883.0,863.2,898.0,886.7,999.4,1.6,25.5
2025-04-09 14:56:15,881.8,861.4,880.6,877.4,867.9,869.5,878.5,884.8,863.5,898.7,887.5,999.5,1.6,25.5
2025-04-09 14:56:20,880.5,860.7,879.9,876.9,867.5,869.7,878.4,885.0,864.3,899.1,888.5,999.1,1.4,25.5
2025-04-09 14:56:25,879.3,859.6,878.7,874.7,865.5,867.6,876.8,884.8,864.6,899.2,888.0,996.7,1.4,25.5
2025-04-09 14:56:30,878.3,858.0,878.2,873.0,864.4,866.2,876.4,883.3,863.1,898.5,886.7,995.7,1.4,25.5
2025-04-09 14:56:35,877.3,856.2,877.5,873.0,864.2,865.3,875.3,883.0,862.7,897.1,885.6,995.2,1.3,25.5
2025-04-09 14:56:40,876.6,855.5,876.4,871.3,862.5,863.3,873.5,881.0,861.0,896.3,884.3,994.4,1.2,25.5
2025-04-09 14:56:45,876.6,855.1,876.1,870.9,861.8,861.6,873.4,880.7,859.6,894.9,883.1,994.0,1.0,25.5
2025-04-09 14:56:50,876.2,855.1,875.8,870.7,862.0,862.3,873.5,880.2,859.3,894.3,883.0,994.7,1.1,25.5
2025-04-09 14:56:55,875.0,855.0,874.2,869.5,861.3,862.6,873.5,880.4,859.2,894.7,883.8,993.9,1.0,25.5
2025-04-09 14:57:00,874.3,854.3,873.7,869.6,860.4,862.6,872.2,880.1,858.9,893.7,883.4,993.5,0.9,25.5
2025-04-09 14:57:05,871.3,853.8,871.8,868.6,857.9,859.9,869.8,877.8,856.1,890.8,878.6,991.4,0.7,25.5
2025-04-09 14:57:10,871.0,851.5,871.3,865.4,856.1,859.1,868.7,875.6,854.0,889.5,877.4,988.4,0.6,25.5
2025-04-09 14:57:15,871.8,850.5,871.1,865.3,857.4,858.3,868.9,875.2,854.0,889.6,877.5,987.3,0.4,25.5
2025-04-09 14:57:20,873.3,850.3,872.6,865.8,858.4,858.9,870.0,875.3,853.7,890.5,879.1,987.2,0.4,25.5
2025-04-09 14:57:25,874.7,852.0,874.1,868.6,859.4,860.5,871.1,876.7,854.9,890.9,879.3,989.5,0.3,25.5
2025-04-09 14:57:30,875.0,854.4,874.1,869.0,859.5,861.6,870.5,877.6,854.9,891.3,881.0,989.9,0.2,25.6
2025-04-09 14:57:35,873.1,855.1,871.1,868.7,857.3,861.8,870.0,878.0,855.5,891.6,880.6,989.7,0.1,25.5
2025-04-09 14:57:40,869.2,853.6,870.0,867.5,855.8,861.1,867.3,876.7,855.7,891.3,879.3,986.9,0.0,25.5
2025-04-09 14:57:45,868.1,851.6,867.3,864.8,853.6,859.2,865.0,873.8,852.8,886.9,874.4,984.6,0.0,25.5
2025-04-09 14:57:50,866.8,850.0,866.7,862.7,852.5,856.6,862.6,870.9,849.3,883.4,871.2,982.4,0.0,25.6
2025-04-09 14:57:55,865.1,847.7,864.1,860.8,850.2,853.6,860.7,868.5,847.0,882.3,869.9,980.7,0.0,25.6
2025-04-09 14:58:00,862.1,846.5,862.4,859.9,848.4,852.4,858.7,867.2,846.6,881.3,867.6,978.3,0.0,25.6
2025-04-09 14:58:05,860.5,845.5,860.7,857.0,845.9,850.5,857.6,864.7,845.9,879.7,866.3,977.5,0.0,25.6
2025-04-09 14:58:10,859.0,842.7,858.2,856.8,844.6,849.8,855.7,863.9,843.4,877.7,865.2,974.7,0.0,25.6
2025-04-09 14:58:15,858.6,842.2,857.6,855.4,844.1,847.7,854.6,862.6,842.9,877.1,863.9,972.5,0.0,25.6
2025-04-09 14:58:20,858.2,840.4,856.8,854.4,843.2,846.4,853.5,862.4,842.5,875.8,861.9,970.9,0.0,25.6
2025-04-09 14:58:25,856.8,839.5,855.4,853.7,842.4,845.9,852.2,861.0,840.7,874.1,860.8,970.7,0.0,25.6
2025-04-09 14:58:30,855.3,838.4,854.7,852.2,842.1,845.9,852.4,860.8,840.6,874.5,861.8,969.1,0.0,25.7
2025-04-09 14:58:35,855.7,837.5,855.1,851.6,842.5,845.6,853.0,860.7,840.7,876.3,863.8,969.0,0.0,25.7
2025-04-09 14:58:40,857.9,838.2,857.5,853.3,843.6,845.6,854.5,861.4,841.6,877.3,864.6,969.2,0.0,25.7
2025-04-09 14:58:45,861.2,838.6,858.3,853.6,845.0,846.4,856.2,862.5,842.0,878.6,866.8,971.2,0.0,25.7
2025-04-09 14:58:50,862.5,840.7,860.4,856.2,846.0,848.9,856.6,863.7,843.1,876.9,865.0,973.9,0.0,25.7
2025-04-09 14:58:55,862.1,842.8,860.9,856.9,846.8,850.4,857.2,864.0,842.3,876.8,865.3,973.6,0.0,25.7
2025-04-09 14:59:00,862.5,843.3,861.2,857.4,846.4,850.4,857.0,864.7,844.1,878.1,867.0,973.4,0.0,25.7
2025-04-09 14:59:05,862.0,844.0,861.4,857.7,846.6,850.3,857.3,864.8,844.1,878.4,866.7,974.1,0.0,25.8
2025-04-09 14:59:10,859.2,844.9,859.0,858.5,846.1,850.8,857.5,865.4,844.6,878.4,867.1,974.2,0.0,25.8
2025-04-09 14:59:15,858.6,843.0,857.4,855.3,843.4,848.7,853.5,863.4,844.2,876.5,865.8,970.4,0.0,25.8
2025-04-09 14:59:20,858.7,842.2,857.5,853.7,843.6,845.2,854.2,861.4,842.2,875.7,863.9,970.5,0.0,25.8
2025-04-09 14:59:25,858.8,842.0,858.1,855.9,845.7,846.4,854.7,861.4,841.3,878.4,866.8,970.7,0.0,25.8
2025-04-09 14:59:30,862.3,842.6,860.8,859.1,847.4,850.6,857.2,864.3,843.6,880.4,869.5,973.0,0.0,25.9
2025-04-09 14:59:35,864.5,844.2,864.6,859.4,848.2,851.4,859.1,865.3,844.7,880.9,870.0,975.7,0.0,25.9
2025-04-09 14:59:40,865.4,846.4,864.9,862.1,850.0,853.0,859.9,865.9,845.9,880.7,869.9,977.3,0.0,25.9
2025-04-09 14:59:45,865.7,848.9,865.8,862.8,850.6,853.6,860.9,867.0,846.1,881.1,870.2,978.7,0.0,25.9
2025-04-09 14:59:50,865.0,849.6,865.4,863.1,851.0,853.9,861.3,867.5,846.9,880.3,870.5,978.8,0.0,26.0
2025-04-09 14:59:55,860.9,849.2,860.5,860.5,847.8,853.2,859.8,866.8,846.7,879.4,869.6,976.0,0.0,26.0
2025-04-09 15:00:00,857.7,845.4,858.4,857.3,845.1,848.9,856.0,863.3,845.1,877.3,866.2,971.6,0.2,26.0
2025-04-09 15:00:05,856.8,842.8,856.9,856.1,844.4,848.4,854.4,862.1,844.5,875.7,864.7,969.4,0.4,26.0
2025-04-09 15:00:10,855.7,841.3,857.1,851.6,843.4,845.7,854.8,860.3,841.8,875.9,866.1,968.1,0.3,26.1
2025-04-09 15:00:15,857.4,840.1,859.1,852.7,844.0,845.4,856.3,860.8,841.9,879.5,869.2,968.4,0.3,26.1
2025-04-09 15:00:20,858.9,840.4,860.8,853.8,845.5,847.1,857.1,862.3,844.6,879.8,870.1,970.1,0.3,26.1
2025-04-09 15:00:25,858.5,842.6,859.9,855.5,845.1,847.9,856.9,863.1,845.1,878.4,868.5,971.3,0.3,26.2
2025-04-09 15:00:30,858.6,842.9,859.2,855.6,843.8,847.9,856.3,863.2,844.0,877.0,867.2,971.2,0.3,26.2
2025-04-09 15:00:35,857.9,843.4,858.8,854.9,844.0,846.6,856.3,862.2,843.4,876.6,867.9,969.8,0.2,26.2
2025-04-09 15:00:40,858.2,843.7,859.4,854.6,844.0,847.3,856.7,864.1,844.4,878.6,869.5,969.7,0.2,26.2
2025-04-09 15:00:45,858.7,843.1,859.9,855.0,843.0,848.1,856.7,864.8,844.5,879.7,869.3,969.3,0.1,26.2
2025-04-09 15:00:50,859.1,842.1,859.5,855.0,841.1,847.7,853.3,862.7,843.8,876.1,865.2,968.5,0.0,26.3
2025-04-09 15:00:55,859.4,842.0,860.3,853.6,841.0,845.9,852.2,859.7,842.8,874.0,864.3,967.7,0.1,26.3
2025-04-09 15:01:00,859.5,842.1,860.8,853.9,841.6,844.8,852.2,858.7,840.2,871.8,861.3,968.3,0.1,26.3
2025-04-09 15:01:05,859.6,843.3,860.9,854.1,842.1,845.3,853.2,859.0,839.8,872.3,862.9,969.3,0.1,26.3
2025-04-09 15:01:10,859.4,843.1,860.0,854.6,841.1,846.3,853.4,860.6,840.5,873.1,862.5,969.4,0.1,26.3
2025-04-09 15:01:15,856.1,843.7,854.6,854.3,836.5,845.3,847.7,860.0,840.0,867.5,855.7,966.2,0.3,26.4
2025-04-09 15:01:20,854.9,843.1,852.6,850.7,832.6,841.2,842.8,853.7,834.6,861.3,849.8,962.0,0.2,26.4
2025-04-09 15:01:25,853.4,838.6,850.1,846.9,831.9,836.6,843.0,850.7,831.6,859.9,848.9,958.9,0.1,26.4
2025-04-09 15:01:30,852.2,837.6,848.7,845.3,830.6,836.2,840.8,849.0,828.9,858.0,846.5,958.8,0.1,26.4
2025-04-09 15:01:35,850.8,835.7,846.1,844.1,826.8,832.8,837.5,845.7,825.5,857.2,843.7,956.2,0.1,26.4
2025-04-09 15:01:40,845.8,832.7,843.2,838.6,823.7,827.8,834.6,842.5,822.9,853.2,840.3,951.7,0.0,26.4
2025-04-09 15:01:45,839.8,831.9,836.9,836.7,818.7,825.2,829.3,839.5,820.9,850.9,837.4,948.4,0.0,26.4
2025-04-09 15:01:50,833.4,825.2,832.1,834.4,815.8,822.5,826.2,837.3,818.8,847.0,832.7,941.2,0.1,26.5
2025-04-09 15:01:55,833.6,818.5,829.0,828.1,813.8,816.5,826.2,831.7,814.6,846.5,833.3,935.8,0.0,26.5
2025-04-09 15:02:00,834.3,816.6,829.7,825.7,814.9,815.6,828.6,831.8,814.4,851.3,839.0,936.7,0.0,26.5
2025-04-09 15:02:05,837.0,816.5,832.6,826.7,817.1,815.3,827.9,832.2,816.0,851.2,837.2,936.9,0.2,26.6
2025-04-09 15:02:10,845.3,817.1,840.5,829.2,824.3,817.8,832.3,832.1,815.6,850.1,838.6,944.7,0.3,26.6
2025-04-09 15:02:15,849.7,822.8,846.8,837.9,831.1,825.5,839.5,839.6,819.3,853.2,844.5,950.8,0.6,26.6
2025-04-09 15:02:20,853.0,831.5,851.1,845.3,836.8,833.3,847.7,849.1,824.2,864.4,854.7,959.8,0.6,26.7
2025-04-09 15:02:25,853.8,834.6,852.7,848.1,838.8,838.2,849.1,855.0,834.0,870.8,861.2,963.4,0.6,26.7
2025-04-09 15:02:30,853.5,837.6,853.7,851.5,841.2,840.9,854.0,856.4,835.1,870.4,862.5,966.5,0.5,26.7
2025-04-09 15:02:35,853.4,838.0,854.2,851.0,841.9,842.4,853.7,859.4,837.8,873.3,864.3,966.6,0.6,26.7
2025-04-09 15:02:40,854.2,837.7,854.1,850.8,840.9,842.6,852.6,860.2,840.8,876.0,865.0,966.3,0.7,26.8
2025-04-09 15:02:45,854.4,837.3,854.8,850.5,840.7,842.1,850.0,859.5,840.6,872.7,861.8,966.2,1.5,26.8
2025-04-09 15:02:50,851.2,837.6,850.6,850.3,837.5,839.5,847.6,855.3,836.0,868.6,857.5,962.3,1.3,26.8
2025-04-09 15:02:55,848.9,835.3,848.7,847.0,834.0,837.5,844.4,851.5,833.6,869.6,858.8,960.4,1.2,26.8
2025-04-09 15:03:00,848.6,832.4,847.8,843.0,833.0,831.8,845.0,851.5,834.4,870.2,859.6,954.8,2.1,26.8
2025-04-09 15:03:05,851.1,829.6,851.2,842.3,835.1,832.5,846.2,851.9,835.4,869.9,860.3,958.7,2.6,26.9
2025-04-09 15:03:10,854.6,832.3,854.3,846.0,837.5,837.8,849.6,855.7,835.3,871.3,862.5,962.0,2.8,26.9
2025-04-09 15:03:15,855.3,835.1,855.2,850.0,838.7,840.2,849.9,857.6,838.0,871.7,862.4,964.1,2.3,26.9
2025-04-09 15:03:20,855.3,836.3,855.6,851.3,839.0,842.6,850.9,858.7,837.9,870.7,861.4,965.9,1.9,27.0
2025-04-09 15:03:25,857.1,838.1,856.0,850.9,839.5,842.6,851.2,858.5,837.2,871.4,861.5,965.7,2.0,27.0
2025-04-09 15:03:30,857.8,838.3,857.0,851.6,842.0,844.2,853.4,859.1,837.3,873.0,865.0,966.0,2.0,27.0
2025-04-09 15:03:35,858.0,839.4,857.2,852.6,842.8,845.3,854.4,860.9,840.1,876.4,868.1,969.9,1.6,27.0
2025-04-09 15:03:40,858.0,840.1,857.1,853.7,843.3,846.5,853.9,862.6,843.1,876.8,868.0,969.0,1.5,27.1
2025-04-09 15:03:45,857.7,840.9,858.2,853.2,843.0,845.9,853.4,863.1,841.9,875.1,866.5,968.9,1.9,27.1
2025-04-09 15:03:50,859.2,839.7,860.1,853.9,843.3,845.2,855.2,863.0,841.1,875.0,866.5,968.5,2.8,27.1
2025-04-09 15:03:55,863.2,839.3,860.6,856.1,845.3,845.8,857.5,863.0,842.5,877.2,869.4,970.3,3.4,27.1
2025-04-09 15:04:00,863.8,841.4,863.1,858.1,847.0,848.3,859.4,865.3,844.5,878.1,871.1,971.2,3.0,27.1
2025-04-09 15:04:05,864.0,844.7,863.8,859.8,849.0,850.5,862.9,867.3,844.9,880.4,873.3,974.6,2.6,27.1
2025-04-09 15:04:10,863.8,846.5,864.3,860.5,849.3,851.8,862.2,868.6,846.7,882.1,874.7,974.4,2.8,27.1
2025-04-09 15:04:15,864.9,845.7,864.8,860.6,849.2,852.2,862.1,868.6,846.8,883.0,875.8,973.0,2.8,27.0
2025-04-09 15:04:20,865.6,847.3,865.3,860.8,850.9,852.3,861.6,869.5,848.0,883.3,876.5,973.4,2.8,27.0
2025-04-09 15:04:25,865.6,849.0,865.6,861.1,850.5,852.8,862.4,869.7,848.0,884.1,876.6,975.0,2.7,27.0
2025-04-09 15:04:30,865.8,848.9,866.0,861.3,850.7,853.3,862.8,869.9,848.1,883.4,876.0,974.8,2.3,27.0
2025-04-09 15:04:35,866.8,848.8,867.3,861.7,851.7,853.6,863.1,869.3,846.5,881.6,874.5,975.2,2.2,27.0
2025-04-09 15:04:40,867.4,849.2,867.4,681.7,851.4,854.1,862.5,868.6,847.0,880.4,872.7,974.2,2.2,27.0
2025-04-09 15:04:45,866.7,847.9,867.2,840.0,849.1,852.8,860.6,868.0,846.8,880.4,872.1,973.7,1.9,27.0
2025-04-09 15:04:50,866.1,846.8,866.2,850.8,848.6,851.3,860.5,868.1,846.5,880.5,872.7,972.4,1.8,26.9
2025-04-09 15:04:55,865.8,846.3,865.3,856.0,848.7,850.8,860.1,868.0,846.0,881.0,873.0,973.1,1.6,26.9
2025-04-09 15:05:00,863.2,846.5,862.3,855.7,848.3,850.0,858.5,867.5,845.0,879.8,872.1,971.2,1.4,26.9
2025-04-09 15:05:05,859.7,845.9,858.9,854.6,844.3,848.6,857.3,864.3,844.2,878.9,870.8,968.1,1.3,26.9
2025-04-09 15:05:10,857.1,841.7,856.8,851.1,843.3,846.4,855.5,864.7,842.6,876.1,867.3,964.4,1.9,26.9
2025-04-09 15:05:15,858.7,839.6,857.8,851.1,841.8,843.3,853.9,862.8,841.1,874.0,865.4,963.4,2.2,26.9
2025-04-09 15:05:20,860.4,839.7,858.0,858.1,841.6,843.7,852.8,859.1,839.5,871.6,862.2,963.5,2.6,26.9
2025-04-09 15:05:25,858.2,840.4,857.6,854.1,841.8,843.1,851.8,859.3,838.9,870.5,860.5,963.7,4.3,26.8
2025-04-09 15:05:30,857.0,841.1,857.5,863.0,841.2,842.9,852.9,859.3,838.6,869.4,859.8,963.4,4.0,26.8
2025-04-09 15:05:35,857.3,841.0,856.9,626.7,839.9,842.5,851.9,859.1,837.5,866.7,858.1,962.2,3.7,26.8
2025-04-09 15:05:40,857.2,839.7,856.5,830.1,840.5,842.1,851.5,857.6,835.1,866.0,855.9,962.3,3.9,26.8
2025-04-09 15:05:45,857.0,840.3,857.3,839.8,841.7,842.3,852.1,857.4,835.2,867.6,857.4,962.6,4.5,26.8
2025-04-09 15:05:50,858.2,840.6,857.7,847.4,842.1,842.9,853.0,859.0,838.4,873.1,862.3,963.5,3.8,26.7
2025-04-09 15:05:55,858.9,840.9,857.3,848.6,840.2,843.1,852.5,861.4,840.8,872.8,862.3,964.0,3.4,26.7
2025-04-09 15:06:00,858.1,840.5,856.1,848.1,839.9,842.8,851.5,861.3,840.3,871.2,860.3,963.2,3.2,26.7
2025-04-09 15:06:05,857.2,838.6,855.8,848.4,840.0,841.7,850.7,860.5,838.4,870.0,857.5,962.5,3.0,26.6
2025-04-09 15:06:10,856.8,837.8,855.3,846.8,839.4,840.9,850.6,858.0,835.5,867.9,856.5,961.1,2.8,26.6
2025-04-09 15:06:15,855.5,837.6,854.7,846.6,838.8,840.6,850.8,856.7,833.8,867.6,856.1,960.4,2.2,26.6
2025-04-09 15:06:20,855.2,837.1,854.6,847.1,840.0,841.2,852.2,857.0,834.7,869.3,858.3,960.3,2.0,26.6
2025-04-09 15:06:25,853.8,837.4,854.3,848.0,840.2,843.1,853.0,859.9,836.5,871.9,859.9,960.6,2.0,26.5
2025-04-09 15:06:30,850.1,837.6,850.6,847.9,837.9,844.5,850.8,859.5,838.2,872.5,860.9,960.8,2.4,26.5
2025-04-09 15:06:35,849.5,836.0,850.4,846.8,834.7,841.4,846.6,858.8,838.0,869.4,856.2,959.2,3.1,26.5
2025-04-09 15:06:40,849.2,833.5,849.1,844.5,831.9,839.6,845.2,855.7,836.5,866.3,852.9,955.1,3.3,26.5
2025-04-09 15:06:45,849.1,830.7,849.2,842.6,833.1,834.8,845.4,851.6,830.9,862.9,849.8,954.1,3.2,26.4
2025-04-09 15:06:50,849.4,829.8,849.9,842.8,835.2,835.0,848.4,852.0,830.3,862.8,851.2,953.8,2.7,26.4
2025-04-09 15:06:55,851.1,829.5,850.5,842.9,835.7,836.6,848.2,853.6,830.8,865.6,854.3,955.2,2.3,26.4
2025-04-09 15:07:00,846.9,832.0,845.6,843.7,833.2,836.6,847.7,853.5,831.5,865.5,853.3,954.4,2.8,26.4
2025-04-09 15:07:05,844.8,831.5,843.3,842.5,830.9,833.8,843.7,850.5,831.1,861.5,848.5,952.3,2.9,26.4
2025-04-09 15:07:10,841.7,826.8,841.8,837.8,825.2,829.7,839.0,846.3,826.9,858.5,843.0,945.2,2.8,26.3
2025-04-09 15:07:15,841.3,822.7,840.5,833.9,823.7,827.0,836.2,844.1,824.1,856.6,841.6,936.4,2.5,26.3
2025-04-09 15:07:20,843.3,820.4,842.0,833.6,824.6,826.9,836.5,842.7,822.3,854.4,838.9,935.9,2.5,26.3
2025-04-09 15:07:25,843.7,821.5,844.7,835.4,828.0,826.4,839.9,841.4,818.8,853.8,840.6,942.8,2.1,26.3
2025-04-09 15:07:30,843.1,824.8,845.1,838.2,828.3,828.2,841.2,845.1,822.0,856.5,842.8,951.2,1.7,26.2
2025-04-09 15:07:35,835.6,825.0,838.1,838.1,823.4,829.6,840.5,847.6,824.5,859.6,846.4,947.8,1.5,26.2
2025-04-09 15:07:40,827.6,822.4,826.4,833.6,812.9,825.9,828.8,847.9,827.1,859.7,842.7,942.3,1.7,26.2
2025-04-09 15:07:45,823.4,810.5,822.4,828.5,808.5,821.6,824.7,842.7,823.1,849.1,830.0,926.1,2.2,26.2
2025-04-09 15:07:50,825.4,802.8,819.9,815.5,803.3,810.3,819.0,831.5,814.3,844.9,825.8,920.6,2.4,26.1
2025-04-09 15:07:55,827.3,800.9,823.0,813.4,806.8,807.5,818.6,828.2,811.9,841.2,821.1,920.1,2.4,26.1
2025-04-09 15:08:00,831.8,800.7,830.9,815.4,813.1,808.5,827.2,827.7,807.7,841.2,821.9,922.0,2.3,26.1
2025-04-09 15:08:05,838.8,811.1,837.9,825.1,821.5,815.8,835.7,833.5,809.7,845.3,831.1,935.7,1.9,26.1
2025-04-09 15:08:10,838.1,815.1,840.8,833.6,823.4,823.7,838.2,840.5,815.2,846.9,832.7,939.7,2.3,26.1
2025-04-09 15:08:15,835.0,819.9,838.5,835.6,824.0,827.3,838.8,845.2,817.8,854.4,841.4,941.6,2.8,26.0
2025-04-09 15:08:20,830.2,819.5,832.8,835.2,819.6,827.9,834.8,847.1,824.4,859.1,844.2,941.7,3.1,26.0
2025-04-09 15:08:25,825.7,815.7,828.3,833.2,814.7,827.0,830.6,846.6,824.6,856.8,837.5,932.5,3.1,26.0
2025-04-09 15:08:30,830.1,809.1,827.2,822.5,812.2,815.6,826.5,834.8,820.7,849.3,829.1,927.5,2.7,26.0
2025-04-09 15:08:35,833.2,808.6,833.9,823.2,819.4,816.5,833.0,833.8,813.9,844.8,827.0,935.9,2.8,26.0
2025-04-09 15:08:40,835.5,812.7,837.3,827.8,822.6,820.6,834.8,839.6,817.0,850.3,835.1,935.9,2.8,26.0
2025-04-09 15:08:45,839.0,817.9,837.0,831.6,823.3,824.6,835.7,841.8,821.3,854.3,836.5,938.0,2.7,25.9
2025-04-09 15:08:50,840.3,819.5,841.4,832.6,825.3,824.3,837.6,842.4,821.1,855.6,836.6,938.1,2.4,25.9
2025-04-09 15:08:55,844.8,820.6,842.5,836.2,826.6,827.2,839.3,845.6,823.1,857.1,840.4,943.2,2.0,25.9
2025-04-09 15:09:00,850.4,821.4,847.0,836.3,830.0,827.2,842.4,845.8,824.3,858.2,842.2,945.1,1.9,25.9
2025-04-09 15:09:05,850.2,826.4,851.7,843.4,837.3,835.2,846.8,846.5,825.6,863.4,850.3,950.0,1.9,25.9
2025-04-09 15:09:10,850.1,830.8,851.7,847.3,838.1,838.7,852.4,859.3,834.7,871.3,856.3,955.2,1.6,25.9
2025-04-09 15:09:15,847.6,833.7,848.0,848.6,835.3,840.9,850.7,860.3,837.9,872.5,858.4,956.0,1.4,25.9
2025-04-09 15:09:20,843.2,831.6,843.4,844.0,831.8,838.2,848.1,859.5,837.5,870.6,854.4,950.7,2.4,25.9
2025-04-09 15:09:25,842.7,827.0,843.4,840.7,831.3,835.9,846.2,855.8,835.4,868.4,852.4,947.6,2.4,25.9
2025-04-09 15:09:30,843.5,824.6,844.4,840.0,833.5,834.7,850.5,855.0,834.2,869.1,854.4,949.3,2.4,25.9
2025-04-09 15:09:35,855.2,827.9,856.7,846.6,842.5,838.2,854.3,858.7,835.5,869.3,854.2,956.4,2.1,25.9
2025-04-09 15:09:40,855.6,835.7,858.7,850.7,843.6,842.1,856.2,859.0,835.6,871.9,858.0,962.0,2.0,25.9
2025-04-09 15:09:45,854.1,839.2,857.7,854.4,843.5,847.0,859.7,864.3,841.0,877.5,862.6,963.1,2.1,25.9
2025-04-09 15:09:50,851.4,839.5,852.8,853.9,837.3,847.0,852.7,864.3,841.2,873.6,857.5,957.6,2.3,25.9
2025-04-09 15:09:55,851.3,834.7,849.6,845.6,834.1,839.9,850.4,858.4,837.3,871.4,855.0,952.8,2.4,25.9
2025-04-09 15:10:00,855.7,831.6,856.1,845.8,839.3,839.9,855.0,858.6,835.7,870.1,854.9,952.7,2.9,25.9
2025-04-09 15:10:05,855.4,835.7,855.7,850.3,839.3,844.2,852.7,861.5,835.9,871.0,857.1,958.5,2.5,25.9
2025-04-09 15:10:10,852.2,835.1,850.2,845.7,833.3,843.7,849.5,861.6,836.4,867.8,850.2,952.9,3.1,25.8
2025-04-09 15:10:15,855.4,829.1,854.4,843.7,834.7,835.3,844.8,852.9,830.4,859.0,841.4,950.2,2.4,25.8
2025-04-09 15:10:20,860.0,832.7,856.8,844.0,838.2,834.6,848.1,850.3,824.6,853.1,838.3,953.9,2.9,25.8
2025-04-09 15:10:25,861.5,836.7,861.4,851.0,843.4,840.3,854.2,852.9,823.7,858.9,846.8,959.5,2.8,25.8
2025-04-09 15:10:30,857.4,842.0,857.9,854.4,843.3,845.3,855.9,858.8,829.2,867.2,854.1,960.1,2.8,25.8
2025-04-09 15:10:35,848.6,842.4,848.6,854.0,834.2,846.1,846.8,861.8,834.4,868.3,853.5,957.9,3.0,25.8
2025-04-09 15:10:40,850.2,834.0,842.8,841.2,821.1,831.6,831.0,847.2,825.4,855.0,832.7,944.5,3.7,25.8
2025-04-09 15:10:45,854.2,824.7,847.4,834.2,822.4,821.9,830.3,834.9,817.6,841.4,821.1,937.4,4.2,25.8
2025-04-09 15:10:50,859.9,826.0,855.4,838.6,826.0,821.4,830.8,833.9,811.0,837.5,814.9,943.0,3.8,25.8
2025-04-09 15:10:55,862.7,833.1,858.2,844.0,831.7,823.4,830.8,831.8,802.9,826.0,805.1,949.2,3.7,25.8
2025-04-09 15:11:00,864.2,835.7,860.2,845.9,835.3,826.5,842.0,833.7,802.0,836.3,821.0,952.2,3.1,25.8
2025-04-09 15:11:05,864.8,837.9,861.9,847.6,837.1,832.3,846.0,845.1,815.6,858.5,840.8,954.0,3.2,25.8
2025-04-09 15:11:10,866.1,840.3,865.6,851.2,844.0,835.6,850.2,850.5,822.7,858.2,842.1,958.2,3.6,25.8
2025-04-09 15:11:15,861.6,841.1,865.0,854.9,846.4,841.0,856.1,852.8,824.0,861.3,847.0,964.8,3.4,25.8
2025-04-09 15:11:20,857.8,847.3,861.4,859.8,847.9,848.5,862.5,861.5,829.9,873.0,860.7,964.3,3.7,25.8
2025-04-09 15:11:25,854.3,843.6,860.8,858.3,847.7,848.9,861.9,867.2,840.1,881.9,866.6,962.8,3.2,25.7
2025-04-09 15:11:30,851.9,843.9,856.7,857.4,848.1,849.8,863.9,869.9,845.7,884.5,869.2,963.0,2.8,25.8
2025-04-09 15:11:35,849.1,842.0,851.2,857.4,841.5,850.6,858.7,871.9,847.4,884.7,869.8,957.9,2.8,25.7
2025-04-09 15:11:40,853.9,835.9,853.8,850.9,842.0,846.1,859.0,869.1,847.4,884.1,869.4,955.2,2.8,25.7
2025-04-09 15:11:45,862.2,834.9,863.7,856.8,851.2,851.4,865.7,868.7,847.2,882.0,868.0,962.0,3.0,25.7
2025-04-09 15:11:50,864.7,843.3,866.9,862.5,854.6,855.0,868.6,871.1,846.7,881.8,869.4,968.4,3.0,25.8
2025-04-09 15:11:55,863.5,849.9,865.8,864.6,853.3,856.3,867.2,874.2,848.0,881.8,866.9,970.7,3.2,25.7
2025-04-09 15:12:00,856.7,846.2,854.1,855.7,840.7,847.1,855.5,869.5,845.8,878.9,862.7,960.4,3.0,25.8
2025-04-09 15:12:05,856.9,837.1,853.3,849.4,839.1,843.4,854.8,865.5,844.0,879.7,863.6,954.7,2.5,25.7
2025-04-09 15:12:10,859.3,834.3,855.6,849.3,840.0,842.1,855.2,863.9,843.0,877.5,860.9,953.7,2.5,25.7
2025-04-09 15:12:15,862.4,837.2,859.6,850.3,844.6,842.7,858.8,863.2,840.1,875.4,860.0,959.2,2.2,25.7
2025-04-09 15:12:20,863.1,840.0,862.0,856.1,846.0,846.5,860.5,865.7,840.5,877.6,862.4,962.1,2.2,25.7
2025-04-09 15:12:25,863.7,844.0,861.7,857.0,845.4,847.1,856.9,865.8,841.0,874.8,859.7,963.2,2.3,25.7
2025-04-09 15:12:30,858.4,842.9,855.3,854.5,837.5,844.3,850.5,860.3,837.5,868.7,851.7,961.5,2.2,25.7
2025-04-09 15:12:35,844.5,834.1,848.2,850.5,832.7,840.2,846.5,857.5,832.6,860.8,842.9,949.0,2.2,25.7
2025-04-09 15:12:40,842.2,826.9,840.4,841.8,828.3,835.7,843.4,851.2,826.6,856.9,838.3,945.9,1.9,25.7
2025-04-09 15:12:45,841.7,824.1,840.4,836.7,823.0,828.8,832.9,847.2,820.6,842.6,820.6,940.5,1.8,25.7
2025-04-09 15:12:50,832.0,821.8,834.3,832.6,811.3,822.5,819.6,832.7,807.5,836.6,813.6,930.2,1.7,25.7
2025-04-09 15:12:55,815.0,804.3,810.4,815.9,796.8,806.9,817.8,823.5,808.0,846.0,823.3,906.7,1.6,25.6
2025-04-09 15:13:00,831.7,792.4,836.1,811.9,823.9,812.0,843.3,835.9,815.7,852.4,833.8,912.2,1.4,25.6
2025-04-09 15:13:05,857.4,821.4,857.5,844.5,839.4,835.5,853.6,855.3,830.1,873.1,856.2,953.1,1.4,25.6
2025-04-09 15:13:10,858.6,838.0,857.2,850.9,839.8,842.1,853.2,860.1,836.3,870.7,855.9,955.2,1.3,25.6
2025-04-09 15:13:15,855.5,837.4,856.6,850.0,840.0,841.2,853.5,858.9,834.8,869.8,852.5,955.3,1.5,25.6
2025-04-09 15:13:20,856.3,837.2,855.5,850.9,837.3,842.0,848.6,859.6,834.0,866.2,847.3,955.9,1.6,25.6
2025-04-09 15:13:25,851.8,837.4,850.4,849.0,833.4,840.7,844.1,853.9,828.2,859.7,839.9,953.9,2.3,25.6
2025-04-09 15:13:30,844.4,834.7,846.8,845.6,830.4,837.2,843.0,852.5,825.4,856.8,837.3,946.8,2.6,25.6
2025-04-09 15:13:35,839.8,826.9,838.6,838.7,825.1,832.8,838.3,848.3,823.4,855.5,836.5,941.2,2.2,25.6
2025-04-09 15:13:40,840.4,823.9,837.4,835.7,821.7,828.1,836.0,845.3,822.3,855.9,834.5,934.8,2.0,25.6
2025-04-09 15:13:45,838.4,819.9,838.4,833.3,821.5,825.4,834.5,842.8,821.2,852.6,831.2,935.0,1.9,25.6
2025-04-09 15:13:50,834.4,819.0,833.9,831.9,818.4,823.1,833.0,840.2,818.4,850.0,830.9,934.0,1.8,25.6
2025-04-09 15:13:55,826.3,813.9,827.3,826.6,815.1,821.2,831.4,839.8,817.1,851.7,830.8,927.3,1.6,25.6
2025-04-09 15:14:00,823.5,808.1,824.5,822.4,810.9,817.5,825.4,835.2,814.0,848.3,825.7,923.3,1.4,25.6
2025-04-09 15:14:05,821.0,804.2,822.7,817.8,809.2,810.4,824.0,828.5,807.8,840.1,816.4,918.2,1.3,25.6
2025-04-09 15:14:10,821.0,802.1,823.1,816.9,809.5,809.5,824.8,829.0,808.1,843.0,821.1,918.5,1.1,25.6
2025-04-09 15:14:15,825.9,802.0,827.4,818.3,813.8,812.8,829.4,832.5,810.7,848.0,825.3,919.7,1.0,25.6
2025-04-09 15:14:20,831.6,802.4,829.9,819.4,815.6,813.9,830.8,835.6,812.7,852.6,831.5,924.4,0.8,25.6
2025-04-09 15:14:25,833.2,809.1,833.9,826.0,819.6,818.4,835.7,840.0,818.6,857.1,836.3,929.4,0.8,25.7
2025-04-09 15:14:30,837.3,815.8,836.3,828.9,821.7,821.8,837.3,843.4,821.2,858.5,837.0,931.3,1.0,25.6
2025-04-09 15:14:35,838.6,818.9,840.7,833.5,824.3,825.0,839.2,844.0,821.6,856.7,835.7,934.3,1.1,25.6
2025-04-09 15:14:40,836.9,823.3,838.7,835.6,823.4,826.1,838.7,844.5,820.7,854.8,833.6,936.5,1.0,25.7
2025-04-09 15:14:45,833.9,822.4,835.7,832.7,820.6,824.9,836.5,843.5,820.1,853.8,832.4,933.7,0.8,25.6
2025-04-09 15:14:50,829.0,820.4,829.2,831.0,816.2,821.5,833.5,842.1,819.0,852.2,830.2,929.5,0.6,25.6
2025-04-09 15:14:55,828.8,816.8,826.2,827.7,810.6,818.0,823.1,836.1,816.8,847.4,822.3,926.0,0.5,25.6
2025-04-09 15:15:00,825.1,815.3,821.1,826.2,807.7,815.3,819.0,832.4,810.6,835.4,807.9,920.0,0.5,25.6
2025-04-09 15:15:05,821.3,811.7,818.2,820.0,800.9,807.2,813.3,821.9,799.7,830.6,803.8,913.1,0.5,25.6
2025-04-09 15:15:10,819.5,807.0,814.6,815.5,797.8,802.4,810.6,818.8,796.7,829.2,802.4,909.4,0.4,25.6
2025-04-09 15:15:15,814.0,802.6,811.6,810.4,796.9,797.7,809.7,816.2,795.4,829.7,803.0,906.0,0.3,25.6
2025-04-09 15:15:20,813.7,797.8,813.0,808.8,800.6,797.9,818.7,817.0,794.8,834.6,810.2,904.0,0.2,25.7
2025-04-09 15:15:25,816.9,795.6,819.0,809.9,805.2,798.1,820.6,819.6,800.6,840.4,815.1,906.6,0.1,25.7
2025-04-09 15:15:30,818.8,795.7,820.0,814.6,807.6,806.3,826.5,826.4,806.1,846.7,824.3,913.5,0.0,25.6
2025-04-09 15:15:35,817.4,801.5,817.8,817.5,806.9,810.8,824.7,830.0,810.1,848.3,823.7,913.7,0.0,25.6
2025-04-09 15:15:40,817.2,801.6,817.0,816.8,802.6,809.9,820.0,829.1,809.1,841.6,816.4,911.1,0.0,25.6
2025-04-09 15:15:45,813.1,800.6,815.0,814.6,800.0,805.6,816.5,824.0,803.5,836.2,808.7,909.7,0.1,25.7
2025-04-09 15:15:50,809.7,798.3,811.3,812.4,795.9,802.8,810.4,821.8,800.3,829.8,801.4,905.4,0.3,25.7
2025-04-09 15:15:55,806.4,795.6,805.2,805.4,789.5,797.6,806.2,814.6,793.5,823.8,795.8,901.5,0.7,25.7
2025-04-09 15:16:00,806.2,788.8,805.8,800.5,790.1,793.5,807.9,812.1,791.3,827.6,800.9,895.3,1.0,25.7
2025-04-09 15:16:05,810.4,786.2,807.8,801.0,791.4,793.1,809.8,813.5,794.1,830.6,804.1,896.2,1.0,25.7
2025-04-09 15:16:10,813.3,787.8,808.7,802.6,794.3,793.1,813.1,814.1,796.5,835.6,807.3,898.6,0.8,25.7
2025-04-09 15:16:15,818.3,791.4,814.5,804.6,800.1,795.2,818.7,818.3,799.3,842.2,816.9,900.9,0.7,25.8
2025-04-09 15:16:20,824.6,797.4,819.7,812.0,802.2,799.2,820.8,821.6,802.6,844.7,819.4,910.6,0.5,25.7
2025-04-09 15:16:25,823.6,804.0,821.6,816.7,806.4,808.5,822.0,827.3,806.6,843.2,817.5,914.7,0.8,25.8
2025-04-09 15:16:30,821.3,806.4,817.9,819.7,806.0,809.4,822.5,828.8,806.6,844.0,818.0,916.4,1.3,25.8
2025-04-09 15:16:35,820.9,804.8,817.0,817.4,802.7,808.1,819.9,828.9,809.2,845.1,818.3,910.3,2.4,25.8
2025-04-09 15:16:40,823.2,799.7,821.8,814.5,805.6,805.8,821.2,827.0,807.8,843.7,817.4,911.4,2.9,25.8
2025-04-09 15:16:45,825.7,800.5,825.2,817.4,810.2,808.8,827.9,829.1,809.1,845.1,821.4,914.0,3.0,25.8
2025-04-09 15:16:50,830.2,807.3,830.4,823.4,815.5,814.8,832.2,834.4,814.2,851.6,827.9,920.3,2.5,25.9
2025-04-09 15:16:55,832.9,810.7,833.9,827.7,820.5,818.8,836.7,839.7,817.8,856.1,833.4,928.5,2.5,25.9
2025-04-09 15:17:00,835.7,814.3,836.3,832.1,823.2,824.2,839.3,844.9,819.2,857.2,834.2,932.4,2.1,25.9
2025-04-09 15:17:05,835.3,817.5,837.7,833.5,824.5,826.9,842.1,845.7,821.5,857.4,834.4,933.5,1.8,25.9
2025-04-09 15:17:10,836.0,819.7,838.3,835.7,825.3,827.9,843.6,845.9,822.6,859.2,838.2,935.7,1.6,25.9
2025-04-09 15:17:15,835.9,820.1,835.8,835.7,824.4,829.3,841.2,849.3,826.7,862.9,841.0,935.6,1.5,26.0
2025-04-09 15:17:20,835.1,819.6,834.2,832.1,819.2,824.9,836.5,845.3,826.2,859.9,835.1,931.8,1.6,26.0
2025-04-09 15:17:25,835.4,815.6,834.1,830.5,819.8,821.7,835.6,842.6,822.3,857.5,835.2,929.5,1.5,26.0
2025-04-09 15:17:30,837.6,816.6,836.3,830.7,820.3,821.6,836.8,841.9,821.4,856.2,834.5,929.9,1.3,26.0
2025-04-09 15:17:35,838.3,816.8,775.7,831.9,824.8,823.9,840.4,843.3,823.0,859.4,836.9,932.3,1.3,26.0
2025-04-09 15:17:40,838.3,818.2,812.8,834.8,826.2,828.6,843.0,848.3,827.3,864.9,844.4,937.5,1.1,26.0
2025-04-09 15:17:45,835.6,821.9,832.7,836.5,824.3,831.2,842.0,851.2,830.0,865.2,844.4,937.2,1.3,26.0
2025-04-09 15:17:50,832.4,821.8,829.6,834.1,819.9,829.5,836.6,850.6,829.4,863.6,841.8,934.3,1.4,26.0
2025-04-09 15:17:55,829.7,817.0,829.0,830.0,817.6,823.0,832.4,843.4,822.9,855.4,833.6,929.6,1.3,26.0
2025-04-09 15:18:00,829.0,814.1,828.0,827.6,815.0,821.5,831.7,841.3,821.9,854.7,831.6,927.0,1.5,26.0
2025-04-09 15:18:05,829.4,811.2,829.1,826.0,816.2,820.9,831.7,841.1,821.3,855.0,832.2,925.3,1.6,26.0
2025-04-09 15:18:10,826.4,811.3,828.8,826.6,816.3,821.6,833.1,840.5,822.9,855.9,833.3,925.4,1.9,26.0
2025-04-09 15:18:15,823.9,812.4,829.0,826.4,816.6,822.7,834.1,842.4,823.4,856.9,835.1,925.0,1.9,26.0
2025-04-09 15:18:20,823.4,810.2,828.1,824.8,816.6,822.9,834.0,844.7,824.0,856.6,833.7,923.0,1.5,26.1
2025-04-09 15:18:25,826.4,807.4,828.7,823.6,813.6,820.8,827.5,839.9,822.4,851.5,827.7,922.1,1.4,26.0
2025-04-09 15:18:30,829.0,808.0,830.1,823.9,811.9,820.8,825.5,837.3,818.1,842.8,820.8,921.7,1.5,26.0
2025-04-09 15:18:35,825.6,810.2,828.6,823.8,809.0,817.8,820.6,833.7,812.3,834.9,807.6,920.8,1.5,26.0
2025-04-09 15:18:40,817.8,806.6,816.7,815.9,796.7,811.3,808.3,822.3,799.7,813.5,785.8,910.5,1.4,26.0
2025-04-09 15:18:45,814.8,799.4,815.2,810.8,798.3,800.1,811.2,812.4,790.8,824.0,800.4,905.1,1.4,26.0
2025-04-09 15:18:50,814.7,797.4,815.4,812.1,800.8,804.7,816.7,820.1,799.0,834.9,811.7,905.3,2.6,26.0
2025-04-09 15:18:55,817.1,796.8,821.9,813.3,807.4,808.9,822.7,826.4,805.5,837.5,815.4,906.3,2.6,26.0
2025-04-09 15:19:00,824.5,800.5,828.2,823.2,813.4,816.0,826.0,830.6,808.5,842.5,821.8,914.7,2.5,25.9
2025-04-09 15:19:05,834.0,806.3,834.4,827.7,819.2,821.7,835.1,840.5,817.3,854.7,833.9,923.0,4.3,25.9
2025-04-09 15:19:10,838.9,816.0,838.4,837.1,823.7,824.5,836.7,842.7,819.9,854.9,834.4,930.7,3.9,25.9
2025-04-09 15:19:15,839.1,821.0,840.4,839.7,826.5,831.0,842.6,844.6,821.8,854.5,835.8,933.3,3.3,25.9
2025-04-09 15:19:20,840.0,823.7,841.7,840.4,828.8,833.7,844.3,847.5,822.9,856.3,839.1,935.3,3.4,26.0
2025-04-09 15:19:25,842.5,824.1,844.4,842.7,828.1,834.8,836.5,849.5,820.5,838.1,814.2,937.0,5.4,26.0
2025-04-09 15:19:30,831.4,822.5,823.1,837.2,808.6,820.8,814.4,828.6,802.5,824.8,795.5,920.6,5.5,26.0
2025-04-09 15:19:35,813.1,808.4,806.4,811.4,789.6,797.6,804.2,812.6,799.4,829.0,799.3,903.1,5.0,26.0
2025-04-09 15:19:40,795.4,782.9,813.4,805.6,811.6,804.7,834.3,829.1,810.0,853.6,824.9,894.2,4.4,26.0
2025-04-09 15:19:45,809.6,798.9,832.1,829.8,827.8,827.5,847.9,848.4,824.5,867.5,850.4,929.4,4.3,26.0
2025-04-09 15:19:50,841.6,824.1,850.7,849.1,839.1,842.0,852.9,855.8,830.4,868.3,851.9,943.2,3.4,26.0
2025-04-09 15:19:55,843.8,836.7,847.9,851.4,836.5,844.0,853.3,862.4,837.2,872.1,855.8,946.2,3.9,26.0
2025-04-09 15:20:00,837.3,835.0,836.4,848.8,824.9,840.3,843.1,861.8,837.5,871.8,853.3,941.0,4.1,26.0
2025-04-09 15:20:05,829.0,824.8,824.3,839.8,814.6,833.3,833.3,854.6,833.6,860.8,837.8,925.0,4.5,26.0
2025-04-09 15:20:10,831.3,812.3,827.1,823.3,814.5,816.6,827.8,841.1,824.8,853.0,829.9,915.5,3.7,26.0
2025-04-09 15:20:15,834.7,808.2,831.7,824.5,819.0,817.5,838.5,837.5,818.8,859.1,841.7,923.2,3.1,26.0
2025-04-09 15:20:20,846.5,818.0,843.1,834.7,831.3,829.3,850.9,850.0,828.3,870.6,855.3,934.4,3.1,25.9
2025-04-09 15:20:25,850.5,827.9,851.9,844.2,838.9,839.4,857.7,860.4,838.7,879.3,863.8,945.2,3.1,25.9
2025-04-09 15:20:30,840.8,834.2,838.2,849.6,826.3,843.4,846.1,862.9,843.2,874.5,856.1,945.4,2.6,25.9
2025-04-09 15:20:35,822.2,826.9,820.0,834.8,806.8,830.8,821.2,853.9,837.0,853.7,847.8,928.9,2.0,25.9
2025-04-09 15:20:40,803.8,807.3,798.6,809.9,783.5,804.7,796.8,821.7,808.8,834.0,801.2,902.8,1.6,25.9
2025-04-09 15:20:45,804.2,781.7,800.6,794.5,781.5,786.6,793.9,804.0,792.6,811.2,780.6,886.3,1.6,25.9
2025-04-09 15:20:50,804.8,783.0,792.5,796.3,776.6,786.3,789.1,799.4,781.7,807.2,779.8,882.1,2.1,25.9
2025-04-09 15:20:55,805.2,777.4,797.8,788.2,781.0,783.5,798.4,800.6,782.0,821.2,796.3,883.1,2.5,25.9
2025-04-09 15:21:00,793.3,777.4,799.3,796.8,782.5,792.6,795.6,807.4,788.2,818.8,790.3,885.9,2.7,25.8
2025-04-09 15:21:05,803.8,780.1,801.9,793.2,788.2,786.9,804.9,803.7,787.0,825.4,802.9,888.2,2.2,25.7
2025-04-09 15:21:10,820.9,786.6,827.4,811.4,811.8,804.4,823.0,820.1,791.3,830.5,810.4,903.0,1.9,25.7
2025-04-09 15:21:15,834.5,807.7,833.5,825.4,818.0,814.9,832.5,827.4,802.6,842.4,827.5,918.4,1.6,25.6
2025-04-09 15:21:20,844.3,813.1,846.4,834.1,828.6,824.1,842.9,840.0,813.2,849.7,834.5,925.5,1.6,25.6
2025-04-09 15:21:25,852.7,828.2,852.6,844.6,831.3,833.3,842.2,846.3,816.4,846.6,830.6,939.5,1.7,25.6
2025-04-09 15:21:30,850.9,833.6,849.0,844.8,826.9,831.6,836.1,843.5,811.9,843.9,827.5,939.8,1.4,25.6
2025-04-09 15:21:35,841.2,829.2,835.3,837.6,822.5,828.7,831.8,843.1,813.8,842.4,821.1,932.7,1.1,25.6
2025-04-09 15:21:40,831.5,817.5,827.1,830.4,806.6,818.4,822.3,832.8,805.5,835.0,814.6,916.4,1.2,25.6
2025-04-09 15:21:45,826.3,807.0,822.0,819.7,805.7,812.1,823.6,828.5,804.7,839.7,819.9,912.7,1.7,25.6
2025-04-09 15:21:50,820.8,805.6,816.6,818.3,800.0,811.6,814.9,830.3,806.0,834.0,811.0,906.0,2.4,25.6
2025-04-09 15:21:55,788.3,800.1,795.4,808.5,782.3,801.6,798.7,818.6,797.2,821.5,793.1,888.0,2.0,25.6
2025-04-09 15:22:00,779.6,782.7,782.1,792.5,774.5,786.1,793.8,804.0,787.3,824.9,799.7,873.5,2.0,25.6
2025-04-09 15:22:05,785.3,769.8,789.3,786.9,778.1,785.6,799.6,809.0,794.4,829.4,805.4,873.3,1.7,25.6
2025-04-09 15:22:10,797.2,771.5,797.1,790.1,779.7,788.2,796.1,809.2,791.7,823.8,796.7,878.3,1.8,25.7
2025-04-09 15:22:15,813.9,777.0,812.2,793.1,796.5,789.5,816.7,804.3,789.8,829.3,807.1,882.2,1.9,25.7
2025-04-09 15:22:20,826.6,789.1,830.3,815.9,815.8,812.1,833.4,832.6,811.4,848.9,832.6,905.4,3.0,25.7
2025-04-09 15:22:25,833.4,811.1,834.2,830.4,818.8,823.9,837.4,842.8,819.8,857.5,840.9,921.5,3.6,25.6
2025-04-09 15:22:30,847.3,816.7,839.6,831.9,824.2,826.9,843.5,846.3,824.6,866.7,852.3,926.1,4.2,25.6
2025-04-09 15:22:35,856.1,823.4,857.2,843.0,838.2,838.5,858.1,854.1,832.3,874.8,861.4,936.2,4.1,25.6
2025-04-09 15:22:40,859.6,836.0,858.9,848.7,841.5,841.9,860.2,861.7,838.3,880.5,868.7,946.3,4.0,25.5
2025-04-09 15:22:45,860.8,839.0,862.1,855.7,845.8,849.1,865.8,868.7,845.9,886.1,874.7,950.6,3.9,25.5
2025-04-09 15:22:50,863.5,844.1,864.3,859.2,848.6,853.2,868.3,873.8,850.2,890.9,879.0,953.0,3.3,25.5
2025-04-09 15:22:55,864.3,845.7,864.9,860.9,849.9,855.8,869.4,876.9,853.2,893.3,880.7,954.7,2.9,25.5
2025-04-09 15:23:00,867.7,846.1,867.4,863.0,851.8,857.1,871.1,878.1,854.8,894.5,882.5,958.0,2.0,25.5
2025-04-09 15:23:05,869.1,847.8,869.7,865.8,853.4,859.0,872.3,879.9,856.2,895.0,882.8,959.7,1.7,25.5
2025-04-09 15:23:10,873.2,852.7,873.4,868.2,857.4,861.3,873.7,880.2,855.9,894.3,882.1,963.6,2.6,25.5
2025-04-09 15:23:15,874.3,855.8,874.0,870.9,857.2,861.8,874.8,880.4,856.0,894.3,882.7,965.3,2.9,25.5
2025-04-09 15:23:20,872.9,857.5,873.7,871.3,857.3,862.2,874.9,880.4,856.1,894.6,883.3,965.3,2.9,25.4
2025-04-09 15:23:25,869.6,857.6,871.8,871.7,855.6,863.1,874.3,881.2,857.0,895.9,884.5,964.6,2.8,25.4
2025-04-09 15:23:30,868.8,855.8,869.2,869.1,852.6,861.1,871.9,878.7,856.7,894.1,881.2,962.3,2.9,25.4
2025-04-09 15:23:35,871.5,852.2,871.8,867.4,852.5,858.9,870.9,878.2,855.5,891.4,879.2,959.7,2.7,25.4
2025-04-09 15:23:40,874.7,852.6,875.8,868.6,857.6,859.0,871.9,877.3,855.0,892.3,880.8,961.7,2.4,25.5
2025-04-09 15:23:45,875.4,855.4,876.7,871.7,860.0,861.1,876.5,880.7,856.3,894.7,883.3,968.3,2.1,25.5
2025-04-09 15:23:50,866.2,859.3,867.7,873.8,847.4,862.8,861.1,879.1,853.7,877.8,860.4,961.0,1.9,25.5
2025-04-09 15:23:55,860.2,844.0,856.8,857.9,834.5,844.8,846.0,859.0,834.0,857.4,838.8,944.1,1.8,25.5
2025-04-09 15:24:00,854.1,836.9,851.1,847.0,831.9,832.8,845.6,844.8,826.8,850.3,833.6,939.6,1.8,25.5
2025-04-09 15:24:05,845.9,833.0,846.8,845.7,830.1,834.7,847.0,851.3,824.0,866.2,850.6,937.7,1.6,25.5
2025-04-09 15:24:10,839.1,829.7,840.8,843.5,824.0,835.1,840.8,853.2,831.0,867.5,851.0,936.4,2.1,25.5
2025-04-09 15:24:15,832.0,825.8,836.5,837.9,823.5,829.3,840.8,850.0,829.5,859.8,841.8,929.8,2.1,25.5
2025-04-09 15:24:20,832.4,823.3,834.6,837.9,821.1,830.5,838.5,847.6,824.0,853.1,837.3,929.4,2.1,25.5
2025-04-09 15:24:25,835.6,820.5,831.1,837.5,816.7,830.6,834.5,846.2,818.8,851.2,835.5,920.9,2.2,25.5
2025-04-09 15:24:30,841.8,814.6,830.9,827.4,811.2,821.6,824.6,839.7,817.6,846.3,823.5,917.4,2.3,25.5
2025-04-09 15:24:35,847.8,814.3,830.8,823.9,801.2,812.0,814.1,828.0,809.3,838.8,815.0,906.9,2.3,25.5
2025-04-09 15:24:40,851.3,806.5,838.8,819.4,812.0,807.7,825.7,825.0,806.5,839.7,819.9,908.7,2.2,25.5
2025-04-09 15:24:45,839.7,815.4,827.4,828.8,801.2,814.7,809.4,828.3,801.0,816.8,791.0,913.3,2.0,25.5
2025-04-09 15:24:50,823.0,811.9,812.8,811.3,786.8,796.3,797.0,805.0,781.3,806.6,780.3,900.0,2.0,25.5
2025-04-09 15:24:55,811.5,792.2,805.9,800.8,781.7,786.8,791.8,799.3,777.9,808.3,783.5,887.5,1.7,25.5
2025-04-09 15:25:00,788.2,788.3,783.4,793.5,763.6,779.5,776.5,794.5,778.0,808.6,778.6,878.3,1.6,25.5
2025-04-09 15:25:05,781.0,766.6,778.0,771.8,757.8,772.5,774.1,788.6,772.8,803.7,772.2,854.6,1.4,25.5
2025-04-09 15:25:10,783.3,757.6,781.3,774.5,762.2,766.5,775.4,784.6,771.5,805.2,776.2,857.9,1.2,25.5
2025-04-09 15:25:15,777.5,764.7,770.2,772.3,748.8,761.0,762.0,784.9,766.6,788.5,755.3,854.5,1.1,25.5
2025-04-09 15:25:20,782.9,751.2,771.1,762.4,746.9,751.6,760.3,766.8,750.9,781.7,750.2,842.3,0.9,25.5
2025-04-09 15:25:25,788.1,751.7,781.1,761.2,752.4,751.2,764.8,769.5,752.8,786.6,755.9,846.8,0.8,25.5
2025-04-09 15:25:30,793.4,755.6,788.6,769.3,763.3,756.3,772.4,772.6,754.0,781.1,752.3,852.5,0.7,25.5
2025-04-09 15:25:35,797.3,771.7,788.8,780.9,759.6,762.9,765.9,773.8,748.1,775.7,746.8,865.9,0.9,25.5
2025-04-09 15:25:40,784.7,771.6,773.8,771.3,749.0,755.5,756.2,766.4,743.7,768.2,735.8,848.3,0.9,25.6
2025-04-09 15:25:45,771.3,755.8,760.4,757.4,735.2,743.1,750.4,762.4,740.0,759.6,725.7,840.7,1.3,25.5
2025-04-09 15:25:50,762.7,742.6,755.1,747.2,731.0,734.6,739.9,749.7,727.8,753.8,719.8,828.3,1.4,25.5
2025-04-09 15:25:55,757.3,738.4,750.9,746.4,729.5,733.1,740.2,747.1,726.9,756.8,722.0,825.6,1.6,25.5
2025-04-09 15:26:00,743.9,735.1,745.1,745.0,728.5,733.5,741.8,750.0,729.3,759.0,726.4,823.7,1.8,25.5
2025-04-09 15:26:05,733.3,733.7,735.5,743.2,721.1,735.8,736.2,750.4,728.3,754.7,720.2,817.8,2.0,25.5
2025-04-09 15:26:10,731.0,729.0,724.9,732.3,709.6,726.8,726.3,741.7,724.0,747.9,710.8,798.6,1.9,25.5
2025-04-09 15:26:15,741.1,710.6,737.6,721.4,720.6,714.8,735.9,733.4,716.6,749.8,718.7,804.1,1.5,25.5
2025-04-09 15:26:20,753.9,713.7,749.7,733.7,733.4,726.1,749.5,742.9,723.2,766.6,737.4,821.4,1.5,25.5
2025-04-09 15:26:25,752.1,733.8,754.3,748.4,742.3,740.8,754.2,750.8,730.1,782.0,754.9,828.0,1.3,25.5
2025-04-09 15:26:30,753.2,737.4,761.5,754.7,755.8,751.7,779.2,778.4,762.3,813.8,790.4,841.0,1.2,25.5
2025-04-09 15:26:35,762.8,746.0,771.6,768.0,767.4,766.6,792.0,794.4,778.4,819.6,796.9,846.9,1.1,25.5
2025-04-09 15:26:40,783.8,761.0,796.6,787.2,782.2,775.9,803.6,801.6,784.1,823.5,804.2,869.6,0.9,25.6
2025-04-09 15:26:45,782.8,781.2,795.7,799.7,792.7,795.6,812.4,811.1,787.7,827.2,811.3,883.2,0.9,25.5
2025-04-09 15:26:50,780.5,786.9,795.8,803.1,794.3,800.5,817.5,820.9,794.5,839.0,824.8,888.1,0.8,25.5
2025-04-09 15:26:55,813.2,788.4,811.2,808.2,800.5,806.4,820.5,827.8,804.9,844.2,828.8,896.5,0.8,25.6
2025-04-09 15:27:00,812.2,798.1,798.0,804.4,773.8,805.3,800.0,824.7,801.7,821.0,795.8,889.5,0.7,25.6
2025-04-09 15:27:05,801.2,787.6,783.6,785.5,761.7,772.8,773.8,786.5,767.0,785.1,760.0,869.5,0.6,25.6
2025-04-09 15:27:10,768.4,766.8,764.4,769.1,746.3,758.8,759.7,775.4,755.0,781.1,751.1,842.7,0.5,25.6
2025-04-09 15:27:15,763.3,750.1,759.0,755.3,743.0,745.4,755.3,764.2,745.9,776.2,746.3,835.5,0.5,25.6
2025-04-09 15:27:20,760.1,742.8,757.2,754.2,743.4,743.8,761.8,762.8,744.8,785.5,754.3,835.0,0.4,25.6
2025-04-09 15:27:25,759.9,743.5,756.4,754.1,743.2,750.0,761.2,773.5,755.3,791.3,762.3,833.3,0.3,25.6
2025-04-09 15:27:30,783.9,742.5,777.2,758.1,758.3,750.8,761.6,772.5,756.1,788.6,759.9,838.4,0.3,25.6
2025-04-09 15:27:35,807.2,754.8,806.4,775.9,791.5,767.2,808.7,788.7,767.8,809.8,793.4,859.2,0.3,25.6
2025-04-09 15:27:40,817.3,786.6,819.4,811.6,808.0,805.0,825.7,810.2,787.1,844.6,833.5,896.4,0.4,25.6
2025-04-09 15:27:45,817.7,806.1,816.3,821.0,801.2,813.7,816.2,832.6,806.4,841.8,825.1,902.7,0.4,25.6
2025-04-09 15:27:50,808.2,804.2,802.8,809.1,779.6,799.5,793.3,818.6,797.3,828.9,805.5,882.7,0.4,25.6
2025-04-09 15:27:55,801.4,785.8,787.1,786.9,766.9,778.3,783.7,801.6,787.0,820.1,796.5,871.7,0.4,25.6
2025-04-09 15:28:00,793.0,771.4,788.6,782.0,771.0,772.6,785.7,795.3,779.1,813.3,791.9,866.4,0.3,25.6
2025-04-09 15:28:05,792.2,773.5,791.1,785.7,771.1,774.6,785.8,796.2,778.1,813.5,791.8,868.7,0.4,25.6
2025-04-09 15:28:10,809.7,773.9,807.7,785.1,774.3,772.8,785.5,791.9,773.9,801.8,780.3,870.8,0.7,25.6
2025-04-09 15:28:15,829.2,781.3,828.1,801.3,805.4,786.5,816.7,790.7,769.1,811.2,798.0,888.6,0.7,25.6
2025-04-09 15:28:20,827.7,805.5,822.3,819.6,797.9,802.6,808.8,811.2,781.7,829.7,815.9,908.4,0.7,25.7
2025-04-09 15:28:25,793.0,810.7,801.2,814.3,780.0,797.9,793.0,813.2,789.0,821.1,797.8,886.8,0.8,25.6
2025-04-09 15:28:30,764.2,774.2,773.7,786.4,751.9,774.5,764.0,791.4,776.2,797.3,765.6,853.8,0.8,25.7
2025-04-09 15:28:35,753.5,758.0,757.3,756.0,746.0,746.6,767.7,767.4,757.8,805.6,788.1,834.7,0.7,25.7
2025-04-09 15:28:40,790.4,740.0,792.5,767.0,788.0,767.8,814.3,798.2,780.7,838.3,830.1,871.0,0.6,25.7
2025-04-09 15:28:45,812.5,773.0,824.3,806.3,812.6,804.7,831.9,830.3,804.3,854.8,845.7,905.4,0.6,25.7
2025-04-09 15:28:50,837.2,810.2,836.8,829.8,818.8,819.4,836.1,840.4,811.3,856.1,846.6,917.2,0.6,25.7
2025-04-09 15:28:55,845.5,821.5,845.2,835.4,825.3,824.5,839.1,840.6,816.7,855.7,847.8,923.4,0.6,25.7
2025-04-09 15:29:00,845.7,828.0,845.9,840.9,827.5,829.1,844.2,847.5,822.2,861.5,853.8,929.5,0.5,25.7
2025-04-09 15:29:05,844.5,831.7,843.0,841.4,824.8,830.4,843.9,849.5,824.5,862.2,854.4,929.6,0.4,25.7
2025-04-09 15:29:10,843.9,828.9,842.2,837.9,823.8,830.7,841.8,849.1,824.3,861.0,853.0,925.9,0.4,25.7
2025-04-09 15:29:15,846.0,827.1,842.5,837.3,824.4,829.7,843.3,848.0,823.8,862.1,855.0,925.6,0.2,25.7
2025-04-09 15:29:20,847.3,827.8,846.8,840.0,827.0,830.7,843.8,848.4,824.3,861.6,853.4,928.7,0.2,25.7
2025-04-09 15:29:25,849.3,830.9,846.6,840.5,826.7,831.1,843.3,847.7,822.9,861.5,853.9,928.6,0.2,25.7
2025-04-09 15:29:30,849.2,831.0,846.6,840.2,825.8,829.8,843.3,847.2,823.8,864.2,857.0,928.5,0.2,25.7
2025-04-09 15:29:35,847.2,831.1,846.3,840.3,825.6,830.0,843.1,849.4,825.6,864.2,857.8,927.3,0.1,25.8
2025-04-09 15:29:40,847.5,830.9,845.5,840.2,825.3,830.1,841.0,848.7,824.6,862.5,855.1,926.3,0.2,25.8
2025-04-09 15:29:45,849.5,830.4,845.5,839.2,823.9,826.1,837.7,842.3,820.8,854.1,845.4,924.8,0.5,25.8
2025-04-09 15:29:50,849.4,830.6,846.3,838.3,824.6,826.1,838.4,840.7,816.2,851.6,844.2,925.0,0.6,25.8
2025-04-09 15:29:55,849.1,831.4,847.3,838.7,825.8,826.6,839.3,842.7,815.8,853.5,848.1,927.0,0.5,25.8
2025-04-09 15:30:00,847.3,832.8,847.1,841.7,826.8,831.4,841.8,846.7,817.8,855.7,851.6,928.5,0.4,25.8
2025-04-09 15:30:05,843.6,833.3,843.8,841.9,823.4,831.4,839.6,848.3,820.5,857.2,852.2,925.6,0.4,25.9
2025-04-09 15:30:10,843.0,830.2,841.0,836.8,821.3,826.5,836.5,845.0,820.0,856.2,850.5,922.8,0.6,25.8
2025-04-09 15:30:15,845.7,827.3,845.3,836.9,823.4,825.5,840.3,845.5,819.2,856.7,851.4,922.0,0.6,25.9
2025-04-09 15:30:20,848.0,827.7,846.6,838.5,826.2,828.5,842.4,847.1,820.5,858.1,854.0,925.2,0.6,25.9
2025-04-09 15:30:25,849.7,831.8,848.3,841.3,828.9,830.0,844.7,849.3,822.5,863.0,860.4,929.3,0.5,25.9
2025-04-09 15:30:30,849.9,834.9,847.9,843.8,828.1,832.7,844.7,852.5,825.2,865.2,862.0,931.5,0.5,26.0
2025-04-09 15:30:35,847.1,834.5,847.4,844.2,827.3,832.4,844.5,852.4,826.2,862.7,859.0,930.1,0.7,26.0
2025-04-09 15:30:40,847.0,833.0,845.2,841.5,825.3,829.7,842.0,850.2,824.3,861.1,857.3,927.7,0.8,26.0
2025-04-09 15:30:45,848.5,831.6,848.0,840.5,828.1,829.1,844.3,849.6,823.4,861.0,858.8,929.5,0.9,26.0
2025-04-09 15:30:50,850.9,833.6,849.8,843.8,830.8,832.7,846.8,852.4,822.8,862.8,860.5,932.5,1.1,26.0
2025-04-09 15:30:55,850.2,836.3,849.5,845.8,831.0,835.3,847.4,854.6,827.2,866.5,865.7,935.1,1.5,26.1
2025-04-09 15:31:00,852.0,836.5,850.3,846.9,832.7,835.6,848.6,855.7,828.0,866.5,865.8,935.8,1.2,26.1
2025-04-09 15:31:05,851.9,836.6,851.8,847.6,833.0,836.1,848.7,856.0,828.1,865.4,864.8,937.2,1.4,26.1
2025-04-09 15:31:10,849.8,837.8,849.4,848.6,832.1,837.1,849.9,855.3,827.9,867.1,866.7,939.0,1.8,26.1
2025-04-09 15:31:15,843.7,838.2,844.9,848.6,831.0,837.1,849.8,856.2,829.2,869.3,868.7,935.5,1.8,26.1
2025-04-09 15:31:20,840.8,833.0,842.1,843.7,826.5,836.7,846.3,857.4,831.2,870.2,868.9,930.7,1.6,26.2
2025-04-09 15:31:25,840.5,828.2,841.0,842.0,825.5,834.1,843.5,855.1,831.1,868.0,866.4,929.1,1.4,26.2
2025-04-09 15:31:30,840.5,826.6,840.4,839.5,823.8,830.4,841.6,852.0,827.9,865.9,864.2,927.3,1.2,26.2
2025-04-09 15:31:35,844.0,824.7,845.3,838.9,828.1,829.5,844.5,850.3,824.4,861.4,860.0,929.8,1.1,26.2
2025-04-09 15:31:40,846.2,828.8,848.9,843.1,833.1,833.1,849.0,850.8,823.5,861.4,860.9,933.0,1.0,26.2
2025-04-09 15:31:45,844.7,835.3,845.6,848.2,832.1,838.2,850.7,855.8,826.4,865.9,868.6,935.9,0.9,26.2
2025-04-09 15:31:50,841.1,834.7,842.2,847.1,828.9,838.0,849.4,858.3,828.3,871.2,872.5,934.1,0.8,26.2
2025-04-09 15:31:55,841.6,829.8,842.9,843.6,829.0,837.7,848.0,858.6,831.7,872.3,873.2,929.4,0.8,26.2
2025-04-09 15:32:00,847.5,829.2,849.1,843.5,831.1,836.4,848.3,857.7,832.5,869.5,870.8,930.7,0.9,26.2
2025-04-09 15:32:05,850.1,833.3,850.6,848.6,833.8,837.6,849.5,857.3,830.8,869.0,870.9,935.7,1.0,26.2
2025-04-09 15:32:10,849.7,836.0,850.2,848.7,833.9,839.3,850.0,858.6,830.6,870.3,872.6,936.2,0.8,26.3
2025-04-09 15:32:15,846.0,836.8,848.7,848.6,834.1,839.3,850.2,859.5,832.0,871.2,874.0,935.5,0.7,26.3
2025-04-09 15:32:20,845.9,835.9,848.1,848.1,834.2,839.7,852.0,859.5,832.0,872.1,874.8,935.5,0.7,26.3
2025-04-09 15:32:25,849.5,833.2,850.5,847.9,835.3,840.4,853.4,861.1,832.9,872.9,876.2,935.9,1.8,26.3
2025-04-09 15:32:30,853.3,833.7,855.0,849.4,836.7,840.7,853.8,861.5,832.7,871.0,874.5,937.6,2.4,26.3
2025-04-09 15:32:35,855.5,835.4,858.1,850.8,838.0,841.0,853.4,859.5,831.6,869.0,873.1,938.7,2.7,26.3
2025-04-09 15:32:40,853.3,835.0,855.6,850.5,835.4,838.6,849.6,857.1,829.5,866.4,869.3,937.7,3.2,26.3
2025-04-09 15:32:45,852.3,832.3,852.1,847.0,833.4,835.1,847.7,856.3,830.1,866.2,868.4,934.0,3.8,26.3
2025-04-09 15:32:50,852.9,830.7,851.8,845.3,832.2,835.8,846.7,856.9,832.5,870.5,872.5,931.4,3.7,26.3
2025-04-09 15:32:55,850.2,831.9,849.5,846.9,831.7,838.6,847.2,860.6,836.2,874.8,876.0,932.1,3.4,26.3
2025-04-09 15:33:00,842.5,833.6,847.6,848.9,828.3,841.3,843.9,861.5,837.7,868.3,868.1,932.3,3.3,26.4
2025-04-09 15:33:05,838.9,835.3,839.2,844.0,822.2,834.8,840.5,853.4,830.0,866.0,868.6,925.3,3.4,26.4
2025-04-09 15:33:10,841.7,830.2,846.0,843.0,831.1,836.2,851.4,857.6,832.1,874.7,879.2,932.4,3.0,26.4
2025-04-09 15:33:15,850.2,837.3,853.7,853.9,837.3,845.4,853.8,861.3,835.3,876.4,881.3,938.4,2.2,26.4
2025-04-09 15:33:20,850.0,842.9,852.9,855.4,836.4,845.4,854.6,863.9,837.0,876.9,881.1,940.7,1.9,26.4
2025-04-09 15:33:25,849.2,842.1,852.4,852.7,835.9,844.9,854.3,864.3,837.2,877.0,881.0,938.9,1.6,26.4
2025-04-09 15:33:30,853.8,840.1,855.7,852.2,835.9,843.9,854.3,863.8,837.3,874.1,878.1,938.3,1.7,26.4
2025-04-09 15:33:35,853.8,840.0,854.7,853.2,835.1,843.3,852.6,861.8,834.4,873.0,876.7,937.7,1.4,26.4
2025-04-09 15:33:40,853.8,839.9,854.2,852.0,834.4,843.2,852.1,859.7,833.1,871.4,874.8,935.2,1.2,26.4
2025-04-09 15:33:45,853.9,837.5,853.9,851.4,833.5,840.1,851.4,859.5,831.8,871.5,875.6,935.1,1.0,26.4
2025-04-09 15:33:50,854.4,837.1,853.8,851.0,834.0,840.3,852.6,860.0,832.3,873.1,877.2,934.9,0.8,26.4
2025-04-09 15:33:55,854.5,837.5,854.6,850.9,834.1,840.7,853.1,861.2,833.1,872.6,876.9,935.1,0.8,26.4
2025-04-09 15:34:00,854.2,837.8,854.6,850.6,833.4,840.8,852.0,860.4,832.5,872.2,876.1,934.9,0.6,26.4
2025-04-09 15:34:05,853.3,837.4,854.1,849.2,833.0,840.1,851.4,859.4,832.3,871.9,876.1,934.5,0.5,26.4
2025-04-09 15:34:10,851.5,835.8,849.4,847.5,829.5,838.1,849.7,857.5,832.1,871.1,874.2,934.1,0.5,26.4
2025-04-09 15:34:15,848.9,833.7,847.9,845.0,828.9,836.2,848.3,856.5,831.4,870.2,873.5,930.7,0.4,26.4
2025-04-09 15:34:20,848.3,831.5,848.1,845.5,828.5,836.1,848.6,856.8,831.1,870.3,873.9,930.3,0.3,26.4
2025-04-09 15:34:25,847.6,829.7,848.1,845.2,828.4,835.7,848.6,856.3,830.9,869.9,873.5,930.8,0.4,26.4
2025-04-09 15:34:30,845.6,830.0,846.3,844.9,826.6,836.0,845.6,855.5,830.0,867.6,871.5,930.1,1.4,26.4
2025-04-09 15:34:35,842.0,829.3,843.4,843.5,824.3,835.4,842.1,852.2,826.9,862.1,864.4,924.8,1.3,26.4
2025-04-09 15:34:40,838.8,823.5,838.5,837.0,821.3,831.5,837.8,849.2,822.9,858.3,860.0,921.6,1.3,26.5
2025-04-09 15:34:45,835.5,822.1,835.6,835.7,816.8,827.7,834.8,845.8,820.5,854.6,855.0,920.1,1.4,26.4
2025-04-09 15:34:50,827.0,816.5,828.3,830.4,809.5,823.0,826.0,839.9,815.2,843.9,841.9,909.8,1.7,26.5
2025-04-09 15:34:55,818.5,813.0,819.8,823.7,800.1,814.1,814.9,829.5,804.8,830.4,826.6,899.6,2.5,26.4
2025-04-09 15:35:00,808.7,800.3,808.3,809.6,787.8,799.9,809.1,823.4,799.1,822.8,818.7,890.7,2.5,26.4
2025-04-09 15:35:05,805.1,791.2,806.1,802.3,788.6,794.0,808.7,812.5,789.8,828.0,821.0,881.9,2.4,26.4
2025-04-09 15:35:10,809.5,788.6,813.8,805.5,796.3,799.8,818.0,821.1,792.4,834.0,833.6,884.1,2.0,26.4
2025-04-09 15:35:15,821.1,797.1,823.5,812.6,802.6,805.7,823.5,825.5,801.7,842.6,843.0,897.2,1.7,26.4
2025-04-09 15:35:20,827.0,804.2,826.7,822.7,807.7,811.7,824.8,831.0,805.8,842.8,842.9,904.0,1.4,26.4
2025-04-09 15:35:25,826.2,806.4,826.3,823.3,806.0,812.5,822.0,830.4,804.1,838.3,838.7,903.9,1.4,26.4
2025-04-09 15:35:30,822.2,804.5,824.2,819.9,804.5,810.4,821.5,826.8,802.7,841.9,842.3,901.8,1.2,26.5
2025-04-09 15:35:35,822.5,804.1,824.5,821.3,806.2,810.7,824.8,830.8,806.4,845.9,846.6,902.7,1.2,26.5
2025-04-09 15:35:40,824.5,804.7,826.3,822.9,809.4,815.1,828.3,834.0,808.8,848.8,850.3,906.7,1.1,26.5
2025-04-09 15:35:45,827.6,808.2,830.6,825.7,812.1,817.5,831.5,836.2,811.5,851.6,854.1,908.4,1.7,26.5
2025-04-09 15:35:50,831.9,811.6,834.2,828.7,814.3,820.9,833.6,838.7,814.5,852.3,855.5,909.9,1.9,26.5
2025-04-09 15:35:55,835.9,814.9,837.5,831.6,817.7,823.4,837.5,841.7,815.9,855.8,859.1,913.6,1.8,26.4
2025-04-09 15:36:00,839.6,819.2,841.4,837.1,821.6,827.3,842.7,846.0,818.9,859.3,864.2,917.7,1.9,26.4
2025-04-09 15:36:05,844.2,824.8,846.8,839.3,823.5,829.1,844.1,847.5,822.1,863.9,870.8,923.3,2.0,26.4
2025-04-09 15:36:10,847.6,829.9,849.4,844.8,829.3,833.4,848.2,852.4,826.0,866.2,873.3,927.0,1.5,26.4
2025-04-09 15:36:15,849.8,831.6,850.6,846.8,829.6,835.9,848.4,852.5,827.0,867.0,873.7,929.5,1.2,26.4
2025-04-09 15:36:20,849.8,831.6,851.2,846.8,830.0,836.4,848.7,853.9,828.5,867.2,873.7,929.8,1.1,26.4
2025-04-09 15:36:25,850.2,831.8,851.2,847.2,830.9,836.1,850.1,854.5,828.4,867.9,874.4,929.7,1.5,26.4
2025-04-09 15:36:30,851.0,833.0,851.8,846.8,831.9,837.8,849.9,855.2,828.5,868.5,875.1,930.4,1.6,26.5
2025-04-09 15:36:35,851.8,834.5,851.8,848.0,831.9,837.5,848.2,855.2,828.3,866.7,874.1,931.7,1.3,26.5
2025-04-09 15:36:40,851.6,836.8,850.7,847.3,828.9,835.2,847.4,854.3,827.9,864.2,870.2,931.1,1.4,26.5
2025-04-09 15:36:45,849.5,835.7,849.0,846.9,827.3,834.6,845.3,851.3,825.8,861.5,866.9,928.1,1.6,26.5
2025-04-09 15:36:50,847.0,833.1,847.4,843.3,825.3,832.2,842.4,849.6,822.9,859.7,865.3,926.5,1.2,26.5
2025-04-09 15:36:55,846.2,830.6,845.3,842.6,822.9,829.4,841.1,847.3,821.9,858.4,865.0,925.2,1.2,26.5
2025-04-09 15:37:00,845.5,831.1,844.2,841.7,822.5,829.6,839.7,846.6,820.8,856.8,861.5,924.2,2.2,26.5
2025-04-09 15:37:05,843.6,829.5,840.2,839.7,818.4,827.7,836.2,845.6,817.6,850.9,855.7,920.3,2.2,26.6
2025-04-09 15:37:10,839.1,826.8,834.8,833.4,812.8,823.9,829.6,840.2,813.5,846.1,852.4,916.7,2.1,26.6
2025-04-09 15:37:15,830.5,817.7,828.6,826.0,810.1,817.3,829.1,836.8,810.4,845.4,849.0,909.7,1.6,26.6
2025-04-09 15:37:20,830.1,813.6,830.2,826.6,811.4,817.8,832.6,836.8,810.5,847.0,852.4,908.5,2.1,26.6
2025-04-09 15:37:25,833.1,816.0,835.3,830.2,814.7,818.5,834.7,837.5,812.3,851.3,856.8,912.3,1.9,26.7
2025-04-09 15:37:30,836.1,819.2,837.7,833.5,817.5,823.5,837.9,842.4,815.7,853.9,859.9,916.5,2.5,26.7
2025-04-09 15:37:35,837.9,821.2,839.6,836.1,819.3,825.0,838.6,843.9,817.1,854.9,861.3,917.1,2.9,26.7
2025-04-09 15:37:40,837.6,822.0,839.1,835.9,817.8,824.9,836.4,843.8,816.9,854.7,861.0,917.3,2.8,26.7
2025-04-09 15:37:45,837.6,821.3,837.8,833.4,816.6,822.3,835.6,841.5,814.6,852.6,858.5,915.3,2.6,26.7
2025-04-09 15:37:50,837.9,820.1,837.0,832.7,816.9,822.2,835.7,841.5,814.4,853.1,858.6,914.9,2.7,26.7
2025-04-09 15:37:55,838.4,820.3,837.9,833.4,817.5,823.4,837.0,842.2,815.3,854.0,860.1,915.0,2.6,26.8
2025-04-09 15:38:00,838.8,822.5,838.5,834.3,817.5,823.6,836.7,842.1,815.0,853.6,860.0,915.0,2.5,26.7
2025-04-09 15:38:05,837.5,822.5,837.5,833.6,817.3,823.4,836.5,841.8,814.7,853.9,861.4,914.1,2.1,26.8
2025-04-09 15:38:10,837.8,821.8,837.9,833.3,818.2,823.9,838.4,843.4,816.7,857.5,864.8,913.8,1.8,26.8
2025-04-09 15:38:15,838.8,822.3,839.5,834.7,819.1,825.8,838.7,844.4,817.9,857.5,865.4,915.5,1.6,26.8
2025-04-09 15:38:20,840.1,824.6,839.9,834.9,818.9,825.0,838.1,843.9,817.5,857.2,865.1,916.0,1.2,26.7
2025-04-09 15:38:25,839.2,825.1,838.3,834.1,817.6,824.3,837.4,843.0,817.3,856.7,864.5,915.1,1.0,26.7
2025-04-09 15:38:30,839.3,824.5,838.1,833.1,817.5,823.6,836.9,841.9,816.9,856.8,864.9,915.0,1.0,26.7
2025-04-09 15:38:35,839.4,824.3,838.6,833.9,818.0,823.7,837.5,842.1,816.5,857.6,865.7,915.5,0.7,26.7
2025-04-09 15:38:40,839.7,826.2,839.6,834.3,819.1,824.7,838.2,843.4,817.9,859.2,867.4,917.1,0.6,26.7
2025-04-09 15:38:45,840.1,826.4,839.9,835.7,819.1,825.9,839.5,844.3,818.0,859.4,868.4,917.2,0.5,26.7
2025-04-09 15:38:50,840.0,826.8,839.9,836.4,818.9,826.5,840.1,845.2,820.7,860.5,870.3,917.7,0.5,26.7
2025-04-09 15:38:55,840.0,826.2,840.0,836.3,819.1,827.3,840.2,847.7,821.5,860.8,870.7,917.7,0.7,26.7
2025-04-09 15:39:00,840.5,826.1,839.6,836.6,819.4,827.5,839.4,847.7,819.8,858.6,869.1,917.8,0.6,26.7
2025-04-09 15:39:05,840.0,826.6,839.4,836.1,817.8,827.3,838.0,845.4,818.0,856.6,866.6,916.9,0.7,26.8
2025-04-09 15:39:10,838.2,826.7,837.6,835.9,817.5,826.5,836.2,843.5,817.1,856.3,866.2,916.7,1.1,26.8
2025-04-09 15:39:15,838.8,825.7,838.5,835.5,817.1,824.5,837.6,842.7,816.9,857.3,868.3,915.7,1.8,26.8
2025-04-09 15:39:20,838.6,824.9,838.8,836.6,818.3,825.1,839.0,844.9,818.7,858.3,869.8,916.0,2.9,26.8
2025-04-09 15:39:25,839.2,825.4,839.7,837.1,818.4,825.8,839.8,845.2,819.7,858.4,870.3,916.1,3.5,26.8
2025-04-09 15:39:30,840.6,825.9,840.4,837.2,820.0,826.3,840.2,845.8,820.3,859.4,871.0,916.4,3.2,26.8
2025-04-09 15:39:35,840.6,826.0,840.4,837.4,820.7,826.8,840.1,847.1,820.4,859.6,871.7,917.8,2.4,26.8
2025-04-09 15:39:40,839.5,827.6,841.7,836.2,820.4,828.2,839.6,847.0,820.8,860.4,872.5,917.8,2.3,26.8
2025-04-09 15:39:45,840.8,826.7,843.7,836.5,822.3,828.2,841.6,847.1,821.2,861.6,874.0,919.3,2.0,26.8
2025-04-09 15:39:50,842.6,827.3,845.0,839.2,822.9,830.2,843.7,848.4,823.1,862.5,875.5,920.3,1.8,26.8
2025-04-09 15:39:55,844.6,831.0,847.8,840.6,825.8,830.9,845.4,850.3,823.6,864.0,877.6,923.1,2.2,26.8
2025-04-09 15:40:00,845.3,832.6,848.8,841.4,826.8,831.7,845.6,851.6,824.5,864.7,878.2,923.9,2.2,26.8
2025-04-09 15:40:05,847.0,833.5,848.9,843.8,827.9,833.2,847.4,853.2,826.7,866.9,880.3,925.2,3.8,26.8
2025-04-09 15:40:10,846.9,834.2,849.1,843.3,828.1,833.7,848.1,853.1,827.6,868.2,882.2,924.5,3.6,26.8
2025-04-09 15:40:15,847.9,834.1,849.4,843.0,827.4,833.8,847.8,853.2,828.0,868.2,882.6,923.9,2.8,26.8
2025-04-09 15:40:20,848.4,833.5,849.6,842.8,827.6,833.9,847.5,853.9,827.5,866.5,881.4,923.8,2.2,26.8
2025-04-09 15:40:25,848.3,834.2,847.6,843.3,827.0,834.0,847.1,853.7,827.4,866.1,881.2,924.7,1.9,26.7
2025-04-09 15:40:30,847.5,835.4,847.0,843.2,825.7,833.9,844.8,853.3,826.6,864.9,879.2,924.2,1.7,26.7
2025-04-09 15:40:35,845.3,835.2,846.6,842.6,824.4,832.8,844.2,851.6,824.9,863.6,878.1,921.6,1.6,26.7
2025-04-09 15:40:40,844.7,834.6,844.8,841.3,823.7,832.2,843.4,850.1,824.2,862.9,877.4,920.3,1.6,26.7
2025-04-09 15:40:45,843.0,833.5,843.2,840.2,822.0,831.2,840.8,849.0,824.1,861.6,875.6,919.1,2.2,26.6
2025-04-09 15:40:50,841.6,832.4,842.9,839.4,820.4,829.6,839.0,847.8,821.4,858.9,871.7,917.0,2.4,26.6
2025-04-09 15:40:55,840.9,829.9,843.5,837.9,820.4,827.1,838.7,847.2,820.3,858.3,871.8,916.6,3.2,26.6
2025-04-09 15:41:00,843.0,829.7,844.3,838.2,822.0,827.3,840.0,846.0,819.9,859.2,873.0,917.0,3.0,26.6
2025-04-09 15:41:05,843.7,830.3,844.6,839.4,822.6,828.7,842.0,847.0,821.4,860.7,874.8,918.6,2.5,26.5
2025-04-09 15:41:10,843.6,831.2,843.8,840.3,822.8,829.5,842.9,848.3,821.9,862.7,877.3,919.5,2.5,26.5
2025-04-09 15:41:15,843.7,831.1,843.9,839.7,823.6,830.0,844.5,850.1,823.6,863.6,878.6,919.8,2.3,26.5
2025-04-09 15:41:20,844.4,831.5,845.9,840.3,825.9,830.2,845.2,850.1,824.1,864.6,880.2,921.0,2.2,26.5
2025-04-09 15:41:25,845.1,834.3,846.1,841.6,826.6,831.0,847.0,850.9,824.7,865.6,881.2,922.7,2.1,26.5
2025-04-09 15:41:30,845.1,835.3,846.8,843.2,826.9,833.1,847.0,852.2,825.5,865.8,881.8,923.4,2.0,26.5
2025-04-09 15:41:35,845.5,836.0,846.8,842.8,825.4,832.8,845.2,851.9,826.0,865.4,881.6,922.5,1.9,26.5
2025-04-09 15:41:40,846.2,835.7,846.8,842.3,825.2,832.0,844.7,851.4,826.1,864.8,880.3,920.2,1.5,26.5
2025-04-09 15:41:45,845.9,834.9,846.6,841.6,824.6,831.7,844.6,851.3,826.3,864.3,880.0,920.7,1.4,26.5
2025-04-09 15:41:50,845.4,834.4,846.0,841.2,823.5,831.9,844.1,852.0,825.8,863.1,878.9,920.6,1.4,26.5
2025-04-09 15:41:55,844.5,833.8,843.8,840.9,822.3,831.1,842.5,851.5,824.2,861.9,877.8,920.9,1.3,26.5
2025-04-09 15:42:00,842.1,833.1,842.4,840.6,821.0,830.7,841.9,851.0,823.6,861.7,876.9,918.4,1.5,26.5
2025-04-09 15:42:05,840.7,830.4,842.9,839.2,820.3,829.3,841.0,848.0,822.1,860.1,875.3,917.0,2.4,26.5
2025-04-09 15:42:10,840.3,830.9,842.0,836.9,819.5,827.2,839.2,846.5,820.0,859.4,874.9,916.3,3.0,26.5
2025-04-09 15:42:15,840.0,830.6,841.0,835.7,818.0,826.7,837.2,845.8,819.0,857.0,872.1,914.3,2.8,26.5
2025-04-09 15:42:20,835.6,828.6,834.5,832.9,814.7,824.1,834.1,842.4,816.9,853.0,866.6,910.6,2.2,26.5
2025-04-09 15:42:25,834.0,827.7,833.0,831.7,811.1,821.4,829.5,839.7,814.4,849.6,863.3,908.9,1.9,26.5
2025-04-09 15:42:30,828.7,821.8,829.4,827.8,808.2,816.7,827.0,835.7,810.3,844.7,860.8,905.4,1.5,26.5
2025-04-09 15:42:35,827.2,818.4,827.4,825.7,804.3,813.3,821.3,832.4,805.9,840.3,852.8,903.1,1.2,26.5
2025-04-09 15:42:40,822.0,815.2,821.5,819.6,798.8,808.9,819.3,830.0,804.1,838.4,851.0,896.9,1.1,26.5
2025-04-09 15:42:45,817.8,809.3,818.1,815.9,796.6,805.7,814.1,825.9,801.6,836.6,848.2,892.7,0.9,26.5
2025-04-09 15:42:50,814.8,806.8,814.6,814.0,792.8,802.6,810.3,820.3,794.8,831.4,842.5,890.2,1.0,26.5
2025-04-09 15:42:55,809.6,801.3,811.0,808.1,791.1,799.2,808.6,816.6,791.4,826.4,837.4,884.2,1.7,26.5
2025-04-09 15:43:00,809.0,798.9,809.6,805.9,788.5,795.8,806.2,815.3,787.9,824.8,834.1,882.8,1.8,26.5
2025-04-09 15:43:05,807.7,798.0,808.2,805.6,786.2,794.8,804.6,813.4,786.6,823.5,832.8,880.1,1.8,26.5
2025-04-09 15:43:10,804.1,795.0,805.0,803.0,783.7,793.5,802.6,812.4,785.1,820.6,829.8,877.6,2.0,26.5
2025-04-09 15:43:15,803.7,792.8,805.1,800.6,783.5,792.3,803.2,810.9,784.6,825.7,837.7,877.1,1.9,26.4
2025-04-09 15:43:20,807.1,792.3,810.2,804.2,792.1,795.9,813.5,816.8,792.6,833.2,843.5,879.3,2.1,26.4
2025-04-09 15:43:25,813.3,797.4,814.2,809.9,794.7,800.8,815.6,821.0,796.1,834.3,846.8,887.9,2.5,26.4
2025-04-09 15:43:30,812.9,801.3,815.1,812.8,793.9,802.4,814.5,821.5,796.1,833.9,846.7,888.4,2.6,26.4
2025-04-09 15:43:35,809.9,801.5,813.3,811.8,792.6,802.2,813.0,820.9,796.0,832.2,845.0,887.6,3.0,26.4
2025-04-09 15:43:40,809.0,800.4,812.1,809.7,790.1,799.4,810.3,819.2,793.4,829.8,841.8,885.6,2.8,26.4
2025-04-09 15:43:45,810.3,798.2,812.8,809.2,790.9,798.4,810.7,818.9,793.1,831.4,845.3,883.8,2.5,26.4
2025-04-09 15:43:50,813.4,799.1,816.7,810.7,796.3,802.5,816.2,822.3,795.5,836.1,849.3,886.2,2.6,26.4
2025-04-09 15:43:55,815.0,802.7,818.1,813.7,798.7,804.6,818.0,823.8,797.9,836.8,851.7,889.4,2.3,26.4
2025-04-09 15:44:00,816.1,805.2,819.6,814.4,799.9,805.1,818.7,825.3,799.2,837.6,852.3,890.9,2.2,26.4
2025-04-09 15:44:05,817.3,806.5,819.8,814.9,799.6,806.4,819.1,825.3,799.5,837.4,852.4,891.1,1.7,26.3
2025-04-09 15:44:10,817.3,807.6,819.5,815.2,798.9,806.1,817.9,824.5,798.8,837.2,852.4,889.3,1.7,26.4
2025-04-09 15:44:15,819.4,807.0,820.1,814.5,799.3,805.3,818.4,824.3,799.2,838.4,854.6,890.0,1.6,26.3
2025-04-09 15:44:20,819.7,806.9,820.8,816.0,799.6,806.0,819.3,826.2,800.1,839.2,854.7,891.8,1.6,26.3
2025-04-09 15:44:25,820.4,808.2,821.0,817.0,799.0,807.4,819.4,826.2,800.4,839.3,854.9,891.7,1.6,26.3
2025-04-09 15:44:30,820.9,808.6,821.4,817.0,799.6,807.1,820.8,826.3,800.7,839.8,856.7,891.3,1.7,26.3
2025-04-09 15:44:35,823.2,808.8,824.2,817.7,802.8,807.8,822.2,827.2,801.3,840.6,857.3,892.7,1.6,26.2
2025-04-09 15:44:40,823.9,811.8,824.1,819.7,802.6,809.6,821.1,828.1,803.3,841.2,857.9,895.7,1.3,26.2
2025-04-09 15:44:45,821.9,812.1,822.2,820.2,800.4,809.7,819.5,828.5,802.8,838.9,855.5,896.2,1.3,26.2
2025-04-09 15:44:50,819.2,812.1,820.8,818.4,799.5,809.2,817.3,826.4,800.0,833.9,849.4,892.7,1.2,26.2
2025-04-09 15:44:55,815.0,807.9,813.9,812.0,794.4,804.4,813.1,821.0,795.5,830.9,846.5,888.7,1.3,26.2
2025-04-09 15:45:00,812.0,803.6,813.5,809.6,792.4,801.5,812.3,818.9,794.7,831.2,847.0,885.7,2.4,26.2
2025-04-09 15:45:05,813.0,803.2,813.8,810.1,792.8,801.0,812.6,819.9,795.4,831.9,847.8,885.1,2.7,26.2
2025-04-09 15:45:10,811.6,803.6,813.2,809.7,792.5,800.7,810.5,818.7,795.0,829.9,845.4,885.5,2.8,26.2
2025-04-09 15:45:15,809.3,802.2,810.8,807.4,790.9,798.7,809.0,816.4,791.6,826.7,841.3,883.8,2.6,26.1
2025-04-09 15:45:20,806.4,799.7,808.0,805.5,787.7,797.4,806.4,815.0,789.5,824.8,839.8,880.4,2.3,26.1
2025-04-09 15:45:25,803.1,797.0,806.5,802.3,786.7,794.4,805.4,812.6,788.3,824.1,838.4,877.8,2.0,26.0
2025-04-09 15:45:30,804.1,794.6,808.9,802.6,786.9,794.4,806.0,812.7,788.2,824.0,838.7,876.4,2.2,26.0
2025-04-09 15:45:35,806.7,794.8,809.2,803.4,787.4,794.7,805.5,812.4,787.3,823.6,838.7,877.3,2.1,26.0
2025-04-09 15:45:40,806.3,796.1,809.0,803.5,787.4,794.8,808.4,813.1,788.5,828.6,844.6,877.1,1.8,26.0
2025-04-09 15:45:45,808.1,796.3,811.6,806.2,792.7,798.0,812.1,819.1,792.6,830.8,847.6,879.5,1.5,26.0
2025-04-09 15:45:50,812.3,800.2,816.0,809.8,795.5,801.6,814.3,821.1,794.0,835.3,852.7,883.6,1.4,26.0
2025-04-09 15:45:55,818.0,803.0,819.4,811.9,797.2,804.3,817.0,822.8,797.6,836.5,853.8,886.7,1.6,26.0
2025-04-09 15:46:00,821.0,806.4,819.8,815.7,797.9,807.0,817.6,823.8,797.7,837.1,854.7,890.3,1.7,25.9
2025-04-09 15:46:05,820.2,807.9,819.0,816.0,797.3,807.2,815.9,825.0,798.2,837.3,855.2,890.3,1.6,25.9
2025-04-09 15:46:10,818.3,807.5,817.6,815.9,797.1,807.0,816.2,824.9,798.5,837.2,855.0,889.1,1.4,25.9
2025-04-09 15:46:15,818.1,807.2,817.5,815.1,796.7,806.0,816.4,824.5,798.8,837.8,856.3,887.5,1.1,25.9
2025-04-09 15:46:20,819.4,806.8,820.1,815.6,798.7,806.3,818.1,825.4,799.6,841.2,859.2,888.5,1.0,25.9
2025-04-09 15:46:25,821.5,808.3,821.2,818.0,800.9,809.5,820.2,829.2,802.3,842.6,862.0,891.2,0.9,26.0
2025-04-09 15:46:30,821.6,811.1,822.8,820.4,802.0,811.2,821.7,831.3,803.1,842.4,862.4,894.4,0.8,26.0
2025-04-09 15:46:35,824.0,813.7,823.8,820.7,803.1,811.5,821.8,830.9,803.1,842.9,862.5,893.8,0.7,26.0
2025-04-09 15:46:40,826.0,813.9,825.3,822.5,804.9,811.4,825.0,831.2,804.7,846.2,866.5,894.6,0.5,26.0
2025-04-09 15:46:45,827.9,814.6,830.0,825.4,807.9,814.9,827.3,833.9,808.1,847.2,868.9,897.6,0.4,26.0
2025-04-09 15:46:50,830.4,818.3,830.4,827.0,808.3,816.8,828.0,834.4,807.5,846.2,868.3,901.0,0.6,26.0
2025-04-09 15:46:55,829.4,818.0,828.3,826.7,805.3,815.3,825.6,835.8,807.5,845.9,867.7,900.6,0.7,26.1
2025-04-09 15:47:00,827.6,816.8,826.0,825.0,805.2,814.1,825.5,835.5,807.7,846.2,867.8,899.9,0.8,26.1
2025-04-09 15:47:05,826.5,815.9,825.7,823.9,803.7,813.9,824.7,835.9,807.8,844.7,865.5,898.1,1.0,26.1
2025-04-09 15:47:10,825.7,814.6,824.4,822.0,802.8,813.0,823.4,834.4,806.1,843.8,864.6,896.9,1.2,26.1
2025-04-09 15:47:15,825.3,813.5,824.1,822.4,802.7,813.3,824.0,833.0,805.6,844.3,865.4,897.0,1.3,26.1
2025-04-09 15:47:20,824.7,813.1,824.5,822.3,803.9,814.8,825.5,833.9,806.1,844.9,866.2,896.7,2.1,26.2
2025-04-09 15:47:25,824.7,813.9,825.0,823.5,804.0,814.6,825.0,834.3,806.4,844.9,866.2,898.8,2.9,26.2
2025-04-09 15:47:30,825.2,813.7,826.1,823.7,804.9,814.4,825.3,834.7,807.0,845.6,866.5,898.6,3.1,26.2
2025-04-09 15:47:35,825.8,814.8,828.0,824.0,805.7,815.1,825.3,833.9,805.3,844.3,865.0,899.3,4.1,26.3
2025-04-09 15:47:40,826.4,817.0,827.6,825.2,805.2,815.5,825.3,834.4,805.8,843.8,865.4,899.1,3.8,26.3
2025-04-09 15:47:45,827.1,816.4,827.3,826.6,805.3,814.7,825.6,834.2,806.3,845.1,867.4,899.8,3.3,26.3
2025-04-09 15:47:50,828.6,815.9,828.2,826.9,807.4,816.2,827.9,836.6,806.9,845.9,868.9,901.2,2.9,26.4
2025-04-09 15:47:55,829.8,815.5,828.1,827.8,808.5,817.3,828.3,837.9,808.0,847.8,871.8,904.0,4.0,26.4
2025-04-09 15:48:00,831.9,816.1,831.1,829.7,812.8,819.5,831.7,841.9,810.2,850.2,874.1,906.4,4.5,26.4
2025-04-09 15:48:05,834.2,819.6,835.1,832.9,813.5,820.4,833.6,841.6,811.6,852.9,876.7,908.6,4.1,26.4
2025-04-09 15:48:10,835.9,821.8,834.8,833.4,814.2,822.6,835.3,844.2,812.3,854.3,879.0,909.8,4.2,26.4
2025-04-09 15:48:15,835.9,822.6,836.0,834.2,815.3,823.1,836.4,844.3,814.3,854.6,879.2,912.2,4.0,26.4
2025-04-09 15:48:20,836.6,823.3,836.3,834.4,815.4,822.8,836.6,844.3,815.2,854.6,879.7,912.0,3.9,26.4
2025-04-09 15:48:25,836.6,823.4,836.4,833.7,816.0,821.7,836.2,844.6,815.8,854.8,879.2,912.4,3.7,26.4
2025-04-09 15:48:30,836.2,822.9,835.2,834.1,814.1,822.7,834.9,843.7,813.8,853.1,877.1,912.0,3.1,26.4
2025-04-09 15:48:35,833.8,821.2,832.1,831.4,813.2,822.7,832.2,841.6,811.6,849.0,871.7,908.6,2.7,26.4
2025-04-09 15:48:40,832.3,818.6,830.1,828.5,809.5,816.9,828.1,838.0,809.0,846.3,868.9,906.0,2.2,26.4
2025-04-09 15:48:45,829.2,815.2,825.8,825.8,804.7,812.3,823.8,835.0,805.1,838.7,859.6,902.7,2.3,26.4
2025-04-09 15:48:50,824.5,812.4,820.1,820.6,798.6,806.6,815.8,825.1,796.9,833.4,853.6,892.8,2.5,26.4
2025-04-09 15:48:55,819.7,803.3,818.3,814.0,799.0,802.9,817.4,823.8,797.4,835.9,856.6,889.6,2.6,26.4
2025-04-09 15:49:00,819.8,803.3,818.7,814.9,799.6,803.8,818.3,825.0,798.5,836.4,857.1,890.4,2.9,26.4
2025-04-09 15:49:05,820.0,805.1,818.1,816.2,797.8,804.4,815.9,822.9,796.1,833.3,853.4,891.4,3.4,26.4
2025-04-09 15:49:10,818.2,804.8,814.9,814.4,797.0,802.0,815.9,822.2,795.8,835.8,856.9,889.4,3.4,26.4
2025-04-09 15:49:15,817.9,801.4,817.5,814.3,797.9,805.0,818.7,822.6,796.4,838.6,860.6,889.2,2.8,26.4
2025-04-09 15:49:20,820.5,803.4,819.2,817.2,799.9,807.0,820.4,827.3,799.7,840.0,861.4,891.5,2.6,26.4
2025-04-09 15:49:25,820.9,805.9,819.4,817.5,799.4,807.7,819.6,826.8,799.7,839.3,860.7,892.5,2.3,26.4
2025-04-09 15:49:30,820.8,807.1,819.6,818.4,800.4,807.8,821.1,826.5,799.9,838.7,860.8,893.1,2.1,26.4
2025-04-09 15:49:35,821.5,808.6,820.7,819.4,802.6,808.7,821.1,827.1,799.9,839.3,861.3,894.7,1.9,26.4
2025-04-09 15:49:40,824.0,809.7,822.3,819.6,802.8,810.2,821.8,827.8,800.1,839.7,861.3,896.2,2.0,26.3
2025-04-09 15:49:45,824.0,810.6,823.6,822.0,804.3,810.9,822.9,828.5,801.2,840.6,863.1,897.8,2.1,26.3
2025-04-09 15:49:50,823.7,811.5,823.0,822.2,804.0,811.2,823.3,830.4,801.5,841.5,863.8,898.3,1.9,26.3
2025-04-09 15:49:55,823.4,811.5,821.8,821.7,802.8,810.4,821.8,830.6,801.7,840.7,861.9,896.8,2.0,26.3
2025-04-09 15:50:00,822.8,811.0,821.4,821.0,802.0,809.3,820.0,829.2,801.0,839.5,860.9,895.4,2.1,26.3
2025-04-09 15:50:05,822.6,810.3,821.1,820.2,801.8,808.3,820.5,828.5,799.8,839.3,860.6,895.6,2.1,26.3
2025-04-09 15:50:10,822.0,809.3,821.0,819.6,802.2,809.5,821.1,828.9,800.1,840.7,862.6,894.8,2.2,26.3
2025-04-09 15:50:15,821.7,808.6,821.0,819.9,802.9,810.7,822.2,830.0,801.3,843.0,865.7,895.1,1.9,26.3
2025-04-09 15:50:20,821.5,808.2,820.5,820.0,803.7,811.3,825.1,831.6,802.1,845.3,868.7,895.0,1.8,26.3
2025-04-09 15:50:25,822.8,808.1,823.5,820.9,807.9,813.2,828.1,834.7,807.6,849.4,872.3,896.2,1.7,26.3
2025-04-09 15:50:30,828.0,810.4,829.3,824.6,810.9,816.1,830.3,837.6,808.7,850.6,874.3,901.0,1.5,26.3
2025-04-09 15:50:35,832.6,816.1,831.8,829.0,812.6,818.4,831.6,838.0,809.2,850.5,875.5,904.5,1.2,26.3
2025-04-09 15:50:40,833.2,817.5,832.0,830.9,812.9,819.6,831.7,838.2,809.2,848.9,874.4,905.4,1.0,26.2
2025-04-09 15:50:45,833.2,818.5,831.8,830.2,811.5,819.2,831.4,838.1,806.4,845.8,869.4,905.4,0.8,26.2
2025-04-09 15:50:50,831.0,817.6,829.2,828.4,808.9,815.2,826.6,832.6,802.7,841.6,863.8,901.4,0.6,26.2
2025-04-09 15:50:55,827.3,815.8,825.0,824.4,805.3,810.5,822.3,827.5,798.7,836.2,858.3,896.9,0.5,26.2
2025-04-09 15:51:00,825.6,809.9,821.5,819.3,801.2,806.4,817.3,823.3,794.5,833.2,853.7,893.5,0.5,26.2
2025-04-09 15:51:05,822.0,805.6,818.5,816.2,797.6,802.0,814.9,819.4,792.2,830.7,851.0,890.6,0.7,26.2
2025-04-09 15:51:10,818.4,803.4,814.6,812.5,794.5,799.7,812.3,817.6,791.0,829.0,849.5,886.5,0.9,26.2
2025-04-09 15:51:15,815.1,801.0,812.1,809.5,792.6,798.2,811.5,817.4,789.5,828.1,848.5,884.1,1.0,26.2
2025-04-09 15:51:20,813.0,798.9,811.1,808.7,791.3,798.7,810.5,817.3,790.2,828.6,848.6,882.2,1.0,26.2
2025-04-09 15:51:25,812.5,799.1,810.2,808.2,792.2,798.7,810.2,816.8,790.3,827.9,848.5,881.9,1.4,26.2
2025-04-09 15:51:30,812.3,798.7,810.9,807.6,791.6,799.2,809.9,816.8,790.0,828.6,849.5,881.3,1.4,26.2
2025-04-09 15:51:35,812.8,798.2,811.1,809.0,791.9,799.2,809.9,816.5,790.1,829.0,849.6,881.6,1.4,26.2
2025-04-09 15:51:40,813.2,798.8,811.1,808.7,791.7,798.8,809.9,817.2,790.9,830.2,850.1,881.7,1.3,26.2
2025-04-09 15:51:45,813.2,799.8,812.0,808.8,792.1,799.2,811.6,819.1,792.2,831.7,853.0,881.9,1.2,26.2
2025-04-09 15:51:50,813.8,799.9,812.5,810.2,793.6,800.4,811.9,820.9,793.6,832.3,853.4,883.6,1.1,26.2
2025-04-09 15:51:55,816.5,801.1,813.9,811.9,794.7,802.8,812.8,821.1,794.1,831.9,853.4,884.1,1.2,26.2
2025-04-09 15:52:00,816.8,801.7,814.1,812.0,793.6,803.1,812.3,821.0,793.1,830.2,851.5,884.5,1.2,26.3
2025-04-09 15:52:05,816.1,801.7,813.0,811.4,792.4,803.2,812.1,820.7,791.8,828.8,849.5,882.5,1.2,26.3
2025-04-09 15:52:10,814.6,800.9,810.8,811.0,790.6,798.6,810.0,817.7,789.4,825.2,845.8,882.3,1.6,26.3
2025-04-09 15:52:15,812.0,800.0,807.8,808.5,787.1,796.4,804.5,813.2,785.5,822.5,841.8,879.3,2.0,26.3
2025-04-09 15:52:20,806.9,794.8,803.9,803.6,785.2,794.1,803.1,811.2,784.3,821.2,840.3,875.0,2.9,26.3
2025-04-09 15:52:25,804.5,791.7,803.3,801.9,784.0,792.4,803.8,810.6,784.0,822.7,842.9,873.6,2.6,26.3
2025-04-09 15:52:30,804.5,791.7,803.2,802.2,785.1,792.7,805.0,812.4,784.5,821.2,842.7,872.8,2.4,26.3
2025-04-09 15:52:35,804.6,791.5,803.9,803.4,785.6,793.8,801.7,811.3,780.4,813.6,831.9,871.5,1.9,26.3
2025-04-09 15:52:40,802.9,790.0,798.5,800.3,780.0,789.9,795.3,803.4,772.8,806.7,823.0,866.6,1.7,26.2
2025-04-09 15:52:45,799.5,785.4,794.7,792.6,773.6,780.7,790.8,796.5,768.2,805.0,821.4,858.9,1.7,26.3
2025-04-09 15:52:50,793.7,780.5,790.9,788.1,770.6,777.8,789.6,796.1,769.3,807.0,824.0,855.2,1.5,26.3
2025-04-09 15:52:55,792.4,776.6,789.3,787.3,771.1,778.8,791.3,798.9,772.9,809.3,826.9,854.6,1.4,26.2
2025-04-09 15:53:00,792.2,777.9,790.4,789.2,771.8,782.1,791.8,800.4,774.3,810.8,828.2,856.1,1.3,26.2
2025-04-09 15:53:05,792.2,781.4,790.1,791.2,769.7,782.6,787.9,798.8,770.6,805.2,821.8,856.9,1.7,26.2
2025-04-09 15:53:10,787.9,781.7,785.1,790.9,766.8,779.9,785.8,795.1,767.4,798.7,814.2,854.9,1.8,26.2
2025-04-09 15:53:15,785.2,776.3,782.7,784.3,761.5,772.8,779.7,787.9,763.1,795.5,810.5,851.0,1.4,26.2
2025-04-09 15:53:20,782.2,773.6,780.5,780.3,758.7,768.9,777.0,784.6,759.1,792.5,808.0,847.1,1.2,26.2
2025-04-09 15:53:25,779.8,771.0,777.8,778.1,757.6,767.3,777.0,783.9,757.7,793.1,807.3,842.7,1.1,26.2
2025-04-09 15:53:30,778.5,766.1,776.7,775.5,757.2,765.3,776.1,784.3,758.8,794.5,809.4,842.1,1.2,26.2
2025-04-09 15:53:35,777.7,767.0,776.3,775.3,756.6,766.6,775.6,785.3,759.7,796.1,810.8,842.0,1.2,26.2
2025-04-09 15:53:40,775.3,766.2,774.3,776.1,756.5,767.9,776.0,787.1,762.4,800.4,815.5,841.8,0.9,26.3
2025-04-09 15:53:45,774.5,766.5,774.2,776.6,756.7,769.4,777.8,788.9,764.5,802.5,818.4,842.1,0.7,26.3
2025-04-09 15:53:50,773.1,767.7,774.3,777.9,758.4,770.9,779.9,790.1,766.5,804.2,819.9,842.8,0.6,26.3
2025-04-09 15:53:55,774.7,769.0,775.7,780.3,757.4,771.5,777.6,790.3,765.0,797.8,816.2,844.3,0.6,26.3
2025-04-09 15:54:00,772.8,769.6,774.2,777.4,755.1,769.1,775.2,786.5,761.2,795.0,810.4,842.2,0.7,26.3
2025-04-09 15:54:05,773.9,767.2,769.6,774.0,740.6,767.4,763.6,781.1,751.6,767.1,774.0,838.9,0.8,26.3
2025-04-09 15:54:10,757.9,760.6,746.4,756.0,717.9,749.9,739.2,757.3,729.7,749.0,753.4,820.3,0.8,26.4
2025-04-09 15:54:15,744.0,746.7,737.4,741.8,716.6,727.3,739.8,743.5,723.4,778.2,792.3,795.7,0.8,26.4
2025-04-09 15:54:20,762.9,732.6,773.8,758.3,762.0,742.9,777.3,771.7,752.9,810.9,831.0,818.9,0.6,26.4
2025-04-09 15:54:25,790.0,766.3,797.1,788.5,773.0,773.7,800.3,801.6,778.0,828.2,852.2,850.9,1.1,26.4
2025-04-09 15:54:30,800.9,783.0,805.1,800.8,786.3,794.3,808.3,817.7,789.6,831.8,856.0,865.5,1.3,26.4
2025-04-09 15:54:35,807.6,796.0,809.0,807.4,790.4,798.2,811.1,819.5,791.1,831.7,856.1,874.6,1.2,26.5
2025-04-09 15:54:40,810.9,800.1,811.7,808.2,792.1,800.3,813.0,821.4,792.5,832.1,856.5,876.0,1.1,26.5
2025-04-09 15:54:45,812.7,801.4,812.6,810.3,792.9,802.2,814.3,822.9,792.4,832.7,858.3,877.4,0.9,26.5
2025-04-09 15:54:50,813.9,801.1,813.0,811.3,794.3,801.6,815.6,822.4,794.0,831.8,857.7,877.5,1.0,26.5
2025-04-09 15:54:55,814.6,802.5,812.8,811.7,792.9,801.4,815.6,822.3,793.7,830.3,855.4,877.9,1.0,26.6
2025-04-09 15:55:00,810.8,802.5,807.5,808.6,789.7,800.9,812.2,820.1,790.9,826.9,850.7,876.5,0.9,26.6
2025-04-09 15:55:05,808.3,798.4,806.0,805.0,788.0,796.3,808.6,815.2,788.2,825.3,848.6,872.9,1.0,26.6
2025-04-09 15:55:10,807.5,796.9,806.7,805.1,787.7,795.0,809.3,814.3,787.5,826.3,851.6,871.8,1.0,26.7
2025-04-09 15:55:15,811.6,797.2,808.7,805.6,789.9,795.3,811.3,816.5,788.8,829.1,854.4,872.5,0.9,26.7
2025-04-09 15:55:20,811.7,798.8,811.1,808.0,792.0,798.6,812.2,817.9,789.6,828.5,854.9,874.2,0.8,26.7
2025-04-09 15:55:25,812.5,801.9,811.0,809.8,788.8,800.6,808.0,817.6,786.6,822.9,851.4,875.6,0.6,26.7
2025-04-09 15:55:30,808.0,801.3,803.6,806.3,781.7,795.0,800.7,810.2,781.0,819.1,843.0,872.4,1.0,26.7
2025-04-09 15:55:35,797.6,791.4,795.2,795.6,777.9,790.7,798.4,806.5,778.0,816.4,839.6,861.5,1.3,26.7
2025-04-09 15:55:40,798.6,784.2,797.4,795.6,778.7,786.5,799.4,804.6,777.3,813.5,837.3,860.1,1.7,26.8
2025-04-09 15:55:45,797.6,786.4,791.9,795.0,771.2,782.5,791.4,797.9,769.4,808.3,829.9,860.3,2.1,26.8
2025-04-09 15:55:50,790.4,783.7,788.6,788.5,772.0,778.7,795.8,799.1,773.5,819.7,844.7,854.1,2.2,26.9
2025-04-09 15:55:55,797.5,780.2,800.1,791.0,780.2,785.5,803.4,808.4,780.6,824.4,849.4,861.0,2.0,26.9
2025-04-09 15:56:00,802.1,785.2,802.7,799.2,785.9,792.0,807.5,812.9,784.2,828.4,855.6,869.4,1.8,26.9
2025-04-09 15:56:05,809.1,794.3,808.9,805.5,789.6,795.4,810.7,817.1,786.7,828.4,855.3,872.4,1.6,26.9
2025-04-09 15:56:10,810.2,797.5,810.7,806.4,789.5,796.5,809.5,816.8,786.3,826.6,853.9,874.6,1.3,27.0
2025-04-09 15:56:15,811.6,797.7,810.3,806.7,792.0,796.2,811.8,815.9,786.3,828.1,855.5,874.5,1.2,27.0
2025-04-09 15:56:20,814.3,799.3,812.8,809.1,792.9,798.3,815.6,819.1,790.6,833.2,862.4,877.4,1.0,27.0
2025-04-09 15:56:25,815.6,802.2,814.8,810.4,794.2,800.9,816.7,820.6,793.0,834.1,863.3,878.8,0.9,27.0
2025-04-09 15:56:30,818.2,804.0,816.7,812.8,797.4,801.3,817.1,823.1,794.8,836.1,866.0,880.4,0.7,27.0
2025-04-09 15:56:35,820.6,806.5,817.0,814.3,797.4,803.4,817.8,823.4,795.1,835.6,864.5,881.4,0.6,27.0
2025-04-09 15:56:40,819.7,806.9,816.6,814.3,795.5,803.6,815.7,822.9,793.8,831.5,859.6,880.0,0.7,27.0
2025-04-09 15:56:45,815.1,804.2,811.0,809.7,792.8,800.3,813.5,819.3,790.5,829.7,857.9,876.9,0.7,27.0
2025-04-09 15:56:50,812.9,801.9,810.9,808.2,792.2,798.5,813.0,818.8,790.6,828.1,855.3,875.9,0.6,27.0
2025-04-09 15:56:55,811.9,801.1,809.7,807.6,790.4,797.4,810.6,816.8,789.1,826.7,854.4,873.7,0.7,27.0
2025-04-09 15:57:00,811.1,799.0,810.0,805.8,792.9,797.5,812.8,817.4,790.4,833.5,864.1,873.2,1.0,27.0
2025-04-09 15:57:05,814.2,799.3,816.1,809.9,797.4,802.8,818.9,824.0,796.4,836.8,867.2,876.1,1.1,27.0
2025-04-09 15:57:10,818.7,806.4,821.1,816.0,803.0,808.6,822.7,829.2,799.7,842.1,874.0,882.0,1.2,27.0
2025-04-09 15:57:15,821.2,809.8,823.5,819.0,804.2,810.0,823.3,830.9,801.4,842.1,873.4,884.6,1.2,27.0
2025-04-09 15:57:20,822.6,811.2,824.8,818.8,803.6,810.3,823.6,831.5,800.9,842.0,874.1,886.4,1.8,27.0
2025-04-09 15:57:25,825.1,812.6,827.0,820.4,805.1,813.0,824.9,831.5,801.7,841.0,872.9,888.1,3.1,27.0
2025-04-09 15:57:30,827.9,813.5,827.4,822.2,804.6,813.0,822.9,830.7,799.8,838.2,868.9,888.8,3.3,27.0
2025-04-09 15:57:35,827.5,814.1,826.4,821.0,802.3,810.5,820.2,826.2,794.5,834.0,864.2,887.6,3.2,27.0
2025-04-09 15:57:40,827.0,809.9,825.6,817.2,800.8,806.6,818.7,823.7,791.5,831.1,860.9,882.1,3.5,27.0
2025-04-09 15:57:45,826.7,807.9,824.7,816.4,800.8,806.4,820.9,823.6,792.7,833.9,863.9,881.9,3.7,27.0
2025-04-09 15:57:50,827.1,808.7,826.9,819.6,804.6,811.3,824.5,829.6,798.8,843.1,874.4,886.6,4.0,26.9
2025-04-09 15:57:55,830.0,813.4,829.0,822.6,807.2,814.8,828.6,833.1,802.9,846.5,877.1,889.8,3.9,26.9
2025-04-09 15:58:00,832.7,818.8,830.5,826.8,808.9,817.5,829.5,835.2,804.3,846.6,878.6,893.9,4.5,26.9
2025-04-09 15:58:05,832.8,819.8,830.9,826.7,808.6,817.1,829.0,834.8,803.0,843.7,875.7,893.0,4.8,26.8
2025-04-09 15:58:10,832.2,819.4,830.9,826.1,809.1,815.9,829.4,833.9,803.4,844.4,876.1,890.6,4.8,26.8
2025-04-09 15:58:15,832.9,819.1,832.6,827.0,811.8,816.6,830.6,835.1,804.5,847.3,879.4,891.5,4.2,26.7
2025-04-09 15:58:20,834.0,820.4,834.8,828.2,812.6,819.0,831.9,837.4,806.8,850.0,881.8,893.2,3.8,26.6
2025-04-09 15:58:25,834.6,821.1,836.1,830.1,814.0,820.3,833.6,840.1,809.3,854.1,886.7,894.8,3.4,26.5
2025-04-09 15:58:30,836.0,822.7,836.4,833.4,814.4,822.4,835.5,843.8,813.2,856.5,889.2,896.7,2.5,26.4
2025-04-09 15:58:35,835.9,826.1,837.0,834.5,815.1,824.9,835.9,845.3,814.5,856.5,889.4,897.8,2.4,26.4
2025-04-09 15:58:40,835.0,826.6,835.8,834.7,814.5,824.5,836.3,844.5,814.0,853.4,886.3,898.2,1.8,26.4
2025-04-09 15:58:45,836.0,826.1,834.5,834.7,814.0,824.2,834.6,842.4,810.3,849.2,881.1,898.2,1.3,26.4
2025-04-09 15:58:50,835.9,824.1,832.7,832.5,811.5,821.0,831.5,838.6,806.1,845.9,876.8,897.8,1.5,26.4
2025-04-09 15:58:55,830.6,820.1,826.9,826.6,804.1,814.3,821.4,830.3,801.8,837.0,865.4,892.2,1.5,26.4
2025-04-09 15:59:00,824.5,816.2,819.9,819.2,797.8,807.6,818.3,827.0,794.4,830.3,858.0,884.4,1.5,26.4
2025-04-09 15:59:05,817.6,806.9,814.4,812.3,795.7,804.8,813.3,820.6,790.4,828.4,855.3,877.1,2.5,26.4
2025-04-09 15:59:10,815.3,802.5,814.4,810.7,793.2,801.4,813.4,819.7,792.8,834.5,862.9,874.6,3.2,26.4
2025-04-09 15:59:15,815.6,803.9,818.6,815.0,800.1,804.5,820.6,826.5,799.6,843.9,873.6,876.5,3.1,26.4
2025-04-09 15:59:20,820.9,807.5,823.3,819.1,803.6,812.6,825.1,834.7,806.6,846.8,875.8,885.3,3.9,26.3
2025-04-09 15:59:25,823.8,814.6,823.1,821.9,801.0,814.1,818.7,834.1,801.6,834.4,860.5,884.6,3.8,26.3
2025-04-09 15:59:30,819.6,813.7,815.6,816.5,792.2,806.8,809.0,823.1,791.0,820.0,852.4,879.8,3.3,26.3
2025-04-09 15:59:35,811.8,801.4,807.6,804.3,781.8,793.4,799.2,808.3,778.7,815.2,837.1,867.2,2.8,26.2
2025-04-09 15:59:40,805.3,790.8,799.2,796.5,775.7,784.9,794.4,801.1,773.3,810.4,832.1,857.3,2.8,26.1
2025-04-09 15:59:45,798.3,783.5,794.5,791.3,774.2,782.8,793.6,800.6,772.1,810.8,832.8,852.0,2.4,26.0
2025-04-09 15:59:50,797.4,781.8,795.4,791.7,776.7,782.9,798.0,803.8,774.3,815.8,838.3,852.1,2.2,26.0
2025-04-09 15:59:55,798.0,784.3,797.9,793.7,779.1,786.7,798.8,806.8,778.4,819.1,842.3,854.5,1.9,26.0
2025-04-09 16:00:00,798.0,787.3,799.5,796.0,779.4,788.2,800.2,809.0,780.5,823.0,846.7,856.3,1.8,25.9
2025-04-09 16:00:05,798.2,788.9,801.5,797.7,781.5,790.7,804.2,812.2,783.4,826.0,851.2,859.4,1.9,25.9
2025-04-09 16:00:10,800.0,791.1,804.7,800.8,784.9,794.8,807.3,814.8,786.3,827.7,852.9,861.6,2.1,25.9
2025-04-09 16:00:15,804.6,796.1,808.1,803.9,785.7,796.3,807.5,816.2,787.0,827.8,852.4,866.4,2.1,25.9
2025-04-09 16:00:20,804.5,798.1,806.2,804.5,782.2,795.5,801.1,812.1,781.9,815.9,838.1,866.0,1.7,25.9
2025-04-09 16:00:25,799.9,794.1,797.3,797.9,779.3,791.5,797.1,808.1,777.7,807.6,828.6,858.0,1.7,25.9
2025-04-09 16:00:30,789.4,785.6,787.1,788.1,763.8,776.3,779.4,794.6,765.2,794.7,811.9,847.8,1.6,25.8
2025-04-09 16:00:35,781.0,776.2,776.8,778.2,752.3,766.1,767.8,779.5,751.7,785.7,801.2,837.6,1.5,25.9
2025-04-09 16:00:40,772.6,767.9,767.7,769.5,745.1,758.3,763.3,773.3,747.3,782.5,797.4,822.6,1.6,25.9
2025-04-09 16:00:45,761.4,757.2,761.2,762.7,743.5,755.2,764.5,774.1,748.4,786.3,802.4,820.3,1.5,25.9
2025-04-09 16:00:50,758.0,754.1,762.0,764.1,747.4,757.6,770.0,776.4,749.1,787.0,803.4,821.0,1.4,25.9
2025-04-09 16:00:55,766.6,758.1,771.8,771.1,755.2,763.6,779.1,782.7,754.7,801.6,821.9,827.4,1.3,25.9
2025-04-09 16:01:00,774.4,764.0,780.3,777.4,764.0,771.2,788.9,793.1,765.4,807.6,829.5,834.0,1.1,26.0
2025-04-09 16:01:05,786.0,776.0,790.5,783.3,768.2,777.6,793.2,799.5,771.4,820.6,844.0,846.2,0.9,26.0
2025-04-09 16:01:10,791.1,783.7,795.4,796.6,776.9,790.1,800.5,810.9,782.1,823.0,847.2,853.5,0.7,26.0
2025-04-09 16:01:15,796.1,789.6,799.6,800.1,779.9,791.7,801.3,811.2,781.5,822.9,847.1,857.2,0.5,26.0
2025-04-09 16:01:20,797.3,791.1,800.4,801.3,779.9,791.9,801.7,811.1,780.8,819.9,843.3,858.7,0.4,26.0
2025-04-09 16:01:25,796.9,791.3,796.3,800.2,777.1,791.7,797.0,808.4,778.7,815.6,837.1,857.1,0.4,26.0
2025-04-09 16:01:30,794.1,790.1,793.7,797.5,772.3,786.6,791.4,803.0,772.6,806.2,831.9,853.9,0.5,26.0
2025-04-09 16:01:35,787.2,783.4,787.4,790.2,765.2,779.5,786.1,795.6,766.3,802.9,822.6,843.6,0.4,26.1
2025-04-09 16:01:40,784.1,777.5,784.3,785.1,763.4,775.2,784.5,792.2,764.0,802.3,821.6,839.1,0.4,26.1
2025-04-09 16:01:45,783.1,773.2,783.1,784.5,762.1,774.2,784.6,792.9,764.9,803.4,823.7,839.4,0.3,26.1
2025-04-09 16:01:50,782.5,773.6,783.7,784.4,763.4,774.4,786.4,793.8,765.6,804.8,825.3,839.3,0.2,26.1
2025-04-09 16:01:55,784.1,774.6,785.8,785.4,765.3,775.9,786.2,794.2,763.9,803.7,824.4,840.1,0.1,26.1
2025-04-09 16:02:00,784.3,775.7,785.3,785.6,762.4,774.1,781.2,791.3,761.8,799.4,820.5,841.1,0.0,26.2
2025-04-09 16:02:05,781.4,774.2,781.0,781.9,760.4,770.3,778.9,789.1,761.1,799.3,818.6,837.4,0.0,26.2
2025-04-09 16:02:10,780.4,770.6,780.8,779.8,760.2,769.1,780.0,788.9,761.7,803.9,823.8,835.6,0.0,26.2
2025-04-09 16:02:15,781.5,771.1,784.8,781.9,764.1,774.3,784.3,792.9,765.1,808.0,829.2,838.1,0.0,26.2
2025-04-09 16:02:20,785.5,776.4,787.6,785.9,765.2,775.7,787.0,796.2,768.1,809.7,832.0,842.0,0.0,26.3
2025-04-09 16:02:25,786.4,778.0,788.4,787.4,768.2,778.8,789.3,798.3,769.9,811.0,833.9,844.0,0.0,26.3
2025-04-09 16:02:30,790.1,780.7,789.7,789.7,768.8,779.3,789.8,799.3,770.5,811.0,833.9,845.9,0.5,26.3
2025-04-09 16:02:35,791.3,781.0,791.5,790.6,770.4,779.7,790.8,799.7,770.1,810.5,833.9,846.2,0.5,26.4
2025-04-09 16:02:40,793.9,781.3,792.5,791.7,771.1,780.1,792.4,799.9,770.1,811.5,835.6,848.6,0.5,26.4
2025-04-09 16:02:45,794.1,781.3,792.9,791.8,772.5,780.0,794.0,801.2,770.7,812.6,836.2,848.9,0.4,26.4
2025-04-09 16:02:50,794.8,782.5,794.4,793.2,775.1,782.2,795.4,802.1,771.8,815.5,840.6,850.8,0.4,26.4
2025-04-09 16:02:55,795.9,783.9,796.5,796.0,777.3,784.2,798.7,805.8,774.3,817.3,842.2,853.1,0.4,26.5
2025-04-09 16:03:00,798.5,786.7,799.4,796.1,779.8,786.1,801.5,806.7,777.1,819.6,846.7,854.1,0.7,26.5
2025-04-09 16:03:05,803.2,789.6,803.3,799.8,783.3,788.3,803.9,809.8,779.1,823.5,851.7,858.8,0.6,26.5
2025-04-09 16:03:10,804.1,793.3,804.7,803.2,784.9,791.6,806.4,811.6,781.9,825.2,853.6,861.6,0.5,26.6
2025-04-09 16:03:15,804.7,795.3,805.6,804.5,784.3,793.7,805.3,812.9,782.9,824.5,852.0,862.3,0.5,26.6
2025-04-09 16:03:20,804.5,794.3,803.5,803.1,783.1,792.6,803.7,811.9,783.3,824.2,852.0,861.2,0.4,26.6
2025-04-09 16:03:25,803.2,793.3,802.5,802.1,782.0,791.8,803.3,812.4,783.6,824.9,853.5,859.3,0.6,26.6
2025-04-09 16:03:30,801.4,791.9,801.8,801.2,782.7,792.3,804.7,813.7,784.7,826.4,855.0,858.7,0.6,26.7
2025-04-09 16:03:35,802.2,792.5,804.0,803.1,784.8,794.1,808.2,816.5,786.5,827.7,857.3,860.4,0.5,26.7
2025-04-09 16:03:40,805.0,794.9,807.1,805.4,787.6,796.2,809.1,817.7,787.8,828.0,857.9,864.1,0.4,26.7
2025-04-09 16:03:45,808.5,797.9,809.1,807.8,787.8,797.4,809.0,817.7,787.2,825.5,855.4,865.7,0.3,26.7
2025-04-09 16:03:50,807.7,798.3,805.9,807.6,785.4,794.7,805.2,815.1,785.0,822.4,851.5,865.0,0.3,26.8
2025-04-09 16:03:55,804.6,795.2,806.0,805.6,784.0,792.6,804.3,813.1,783.6,821.6,851.3,863.0,0.8,26.8
2025-04-09 16:04:00,804.2,794.0,805.4,803.5,784.7,792.9,804.8,813.9,782.2,821.6,851.6,862.8,2.5,26.8
2025-04-09 16:04:05,803.5,794.1,803.3,802.9,783.3,793.6,804.0,813.0,782.1,820.5,850.6,862.1,3.1,26.8
2025-04-09 16:04:10,802.4,792.7,803.0,802.7,781.7,793.0,802.6,811.3,780.8,819.1,849.7,860.6,3.4,26.8
2025-04-09 16:04:15,800.4,791.9,802.5,801.3,780.4,791.6,801.3,809.8,779.0,817.3,845.5,856.7,3.3,26.8
2025-04-09 16:04:20,798.7,790.1,799.4,799.2,778.0,789.1,798.3,808.0,776.6,815.5,844.2,855.3,2.9,26.7
2025-04-09 16:04:25,796.0,787.4,795.2,797.2,774.4,787.5,795.8,805.0,774.6,811.7,839.2,852.0,2.6,26.7
2025-04-09 16:04:30,796.3,784.7,794.1,793.8,773.2,783.7,793.8,802.8,773.0,811.2,838.7,850.1,2.3,26.7
2025-04-09 16:04:35,796.6,783.7,794.9,793.6,773.5,784.0,793.6,802.1,772.8,811.7,839.7,848.9,1.8,26.7
2025-04-09 16:04:40,797.2,784.9,795.3,794.7,774.1,783.7,794.4,802.3,772.6,812.3,840.1,849.6,1.5,26.7
2025-04-09 16:04:45,795.4,787.1,794.2,795.2,771.9,783.4,791.2,801.9,772.8,811.5,838.3,850.0,1.3,26.7
2025-04-09 16:04:50,792.8,787.2,791.6,793.4,768.9,781.4,788.7,799.5,770.7,806.5,832.7,845.0,1.3,26.7
2025-04-09 16:04:55,785.4,780.7,784.2,786.6,764.5,777.3,783.3,796.4,768.5,803.5,828.4,841.2,1.1,26.8
2025-04-09 16:05:00,783.4,778.7,781.7,784.0,760.7,773.4,781.1,793.4,766.3,801.1,826.6,838.4,1.0,26.8
2025-04-09 16:05:05,781.3,774.5,781.6,781.2,760.5,771.7,780.7,792.4,764.8,801.1,826.4,835.6,0.9,26.8
2025-04-09 16:05:10,781.8,773.8,783.0,782.5,762.9,772.7,783.7,793.0,764.7,804.3,830.3,837.4,0.7,26.8
2025-04-09 16:05:15,784.0,774.8,785.2,784.8,765.7,773.6,784.6,795.0,766.2,807.7,834.8,839.9,0.6,26.8
2025-04-09 16:05:20,786.5,775.4,788.8,786.9,769.4,779.4,790.4,801.5,772.7,812.0,839.6,842.4,1.5,26.8
2025-04-09 16:05:25,788.9,780.8,790.1,792.4,771.2,784.3,793.0,803.6,773.7,813.7,841.8,847.0,2.2,26.8
2025-04-09 16:05:30,790.8,783.0,791.9,793.3,772.5,784.6,793.5,803.7,774.3,814.5,842.5,848.8,2.7,26.9
2025-04-09 16:05:35,790.6,783.9,792.3,794.6,774.3,785.8,794.6,805.3,776.3,816.9,845.0,848.5,2.9,26.9
2025-04-09 16:05:40,791.8,784.5,794.2,795.4,774.0,786.3,795.2,805.9,777.4,817.0,845.8,849.6,2.9,26.9
2025-04-09 16:05:45,795.1,787.0,797.8,796.0,776.5,786.6,797.2,807.0,777.0,819.0,848.3,850.3,2.6,26.9
2025-04-09 16:05:50,798.0,787.4,799.8,797.6,779.4,788.6,800.3,809.1,779.8,821.5,851.7,853.5,2.3,26.9
2025-04-09 16:05:55,800.9,791.8,800.5,799.8,779.9,791.6,801.5,811.3,780.6,822.7,852.9,855.2,2.1,26.9
2025-04-09 16:06:00,798.3,793.4,799.2,800.2,777.8,791.0,799.2,811.4,781.6,820.7,849.8,854.9,2.0,26.9
2025-04-09 16:06:05,794.7,792.5,795.1,798.1,775.7,789.1,796.5,807.7,778.5,818.4,847.6,851.3,2.3,26.9
2025-04-09 16:06:10,794.3,788.0,793.9,795.2,773.5,786.3,794.9,806.4,776.2,815.1,842.8,848.2,2.3,26.9
2025-04-09 16:06:15,791.7,786.1,791.3,793.1,771.5,784.7,791.2,804.1,773.4,810.8,837.2,846.8,2.3,26.9
2025-04-09 16:06:20,790.0,783.0,789.9,791.6,768.5,782.1,787.5,799.8,768.3,806.0,832.3,842.3,2.2,26.9
2025-04-09 16:06:25,791.8,781.0,792.8,788.0,769.6,777.2,789.8,796.8,766.9,809.8,837.9,841.6,1.6,26.8
2025-04-09 16:06:30,795.2,780.8,794.4,789.5,774.6,779.8,795.3,799.7,771.0,817.1,846.5,845.4,1.3,26.9
2025-04-09 16:06:35,797.7,784.8,797.1,794.7,777.2,785.7,798.0,806.2,775.6,819.0,847.9,847.5,1.2,26.9
2025-04-09 16:06:40,797.3,788.6,798.7,796.0,777.3,786.9,797.9,806.1,776.0,818.2,847.5,850.0,1.2,26.9
2025-04-09 16:06:45,796.7,789.5,798.0,796.4,777.1,786.4,796.8,805.7,775.1,817.1,846.5,850.0,1.0,26.9
2025-04-09 16:06:50,795.2,788.4,796.0,793.6,774.5,784.4,794.3,802.0,771.9,814.0,841.5,847.6,0.8,26.9
2025-04-09 16:06:55,793.9,785.4,793.4,791.1,773.0,781.5,793.4,800.5,771.7,815.6,845.0,844.3,0.7,26.9
2025-04-09 16:07:00,793.9,782.9,795.9,791.5,776.8,782.7,799.3,804.2,772.1,819.6,849.4,845.1,0.6,26.9
2025-04-09 16:07:05,799.0,786.8,801.0,796.7,782.1,788.0,802.3,807.7,778.1,824.5,856.0,850.7,0.6,26.9
2025-04-09 16:07:10,804.6,792.5,806.0,801.6,785.7,792.7,806.8,813.5,781.8,827.0,859.0,855.5,0.6,26.9
2025-04-09 16:07:15,806.8,797.2,807.7,805.2,787.0,794.5,807.6,814.9,783.9,828.0,859.5,858.7,0.8,26.9
2025-04-09 16:07:20,806.5,798.1,807.3,805.5,785.9,795.4,807.5,815.3,784.4,827.9,859.7,859.4,0.9,26.9
2025-04-09 16:07:25,802.3,798.3,805.3,805.3,784.2,795.7,806.1,815.7,784.5,827.4,857.7,858.3,0.9,26.9
2025-04-09 16:07:30,802.2,796.8,802.3,802.1,782.4,792.3,803.0,812.7,782.3,824.9,854.6,854.9,0.9,26.9
2025-04-09 16:07:35,806.0,794.9,803.6,801.3,784.0,791.1,805.1,811.2,781.9,825.2,856.2,854.9,0.8,26.9
2025-04-09 16:07:40,808.0,795.1,807.7,804.4,787.3,794.0,807.8,814.5,784.1,827.3,858.7,857.6,0.7,26.9
2025-04-09 16:07:45,809.6,798.8,808.6,807.1,787.7,796.3,806.2,815.3,783.2,825.7,856.7,859.9,0.6,26.9
2025-04-09 16:07:50,810.1,798.8,808.6,806.1,786.9,795.5,806.7,814.0,781.8,825.1,856.3,859.5,0.5,26.9
2025-04-09 16:07:55,812.4,797.9,812.8,806.0,791.6,795.6,812.4,813.6,781.8,827.6,860.2,860.6,0.4,26.9
2025-04-09 16:08:00,813.6,800.1,816.3,811.2,794.5,800.9,814.9,820.0,787.1,833.0,868.0,865.5,0.3,26.9
2025-04-09 16:08:05,815.5,805.3,816.9,815.5,795.3,803.4,815.6,821.1,789.0,831.7,867.0,868.8,0.3,26.9
2025-04-09 16:08:10,811.0,809.0,817.6,815.8,795.5,803.0,814.1,820.5,784.6,822.7,855.8,869.5,0.6,27.0
2025-04-09 16:08:15,788.1,808.3,792.0,810.8,770.1,797.1,783.8,809.2,769.4,805.7,832.5,864.3,0.7,27.0
2025-04-09 16:08:20,759.4,798.0,760.4,790.8,735.5,773.3,742.0,777.1,740.8,740.9,744.1,815.1,0.7,27.0
2025-04-09 16:08:25,724.1,734.2,724.9,742.0,699.3,722.2,713.5,725.8,699.1,721.7,724.7,771.6,0.7,27.0
2025-04-09 16:08:30,729.3,716.0,731.5,719.3,712.4,704.8,731.1,717.7,694.5,745.1,761.8,767.3,0.7,27.0
2025-04-09 16:08:35,736.3,726.2,743.0,742.7,726.0,731.9,745.3,747.1,715.7,764.3,781.6,795.3,0.6,27.0
2025-04-09 16:08:40,729.3,734.7,733.5,744.2,714.9,732.8,733.9,750.6,723.1,761.7,771.4,787.2,0.6,27.0
2025-04-09 16:08:45,730.1,724.8,723.4,725.2,699.2,713.1,715.1,744.7,721.2,747.0,750.7,772.8,0.6,27.1
2025-04-09 16:08:50,737.0,712.9,728.9,721.0,704.6,705.9,717.6,719.3,696.2,726.9,733.1,768.4,0.6,27.1
2025-04-09 16:08:55,746.3,715.6,738.9,726.6,712.8,709.3,725.6,721.7,693.7,727.2,734.1,774.1,0.5,27.1
2025-04-09 16:09:00,749.6,728.4,744.0,735.7,719.4,718.0,732.4,726.9,694.9,733.8,745.1,785.6,0.4,27.1
2025-04-09 16:09:05,742.4,733.0,738.9,739.1,717.8,722.2,734.6,736.1,704.1,741.6,754.7,788.7,0.3,27.1
2025-04-09 16:09:10,730.2,730.4,733.9,737.6,714.2,723.7,734.1,739.6,707.9,753.8,765.0,781.7,0.1,27.1
2025-04-09 16:09:15,727.9,721.6,725.0,728.2,706.2,721.6,729.0,740.2,714.9,755.1,762.6,776.7,0.0,27.2
2025-04-09 16:09:20,733.5,717.4,726.6,725.3,705.3,715.1,723.1,736.6,713.3,746.3,751.0,773.5,0.0,27.2
2025-04-09 16:09:25,738.8,717.4,731.4,724.3,705.0,711.3,721.0,728.0,702.6,735.4,740.0,773.4,0.0,27.2
2025-04-09 16:09:30,744.4,721.9,735.8,724.9,709.6,710.1,723.7,725.3,698.4,734.3,741.5,778.2,0.0,27.2
2025-04-09 16:09:35,743.0,724.3,736.8,731.1,712.4,715.6,726.9,730.4,699.8,737.0,745.3,781.0,0.0,27.2
2025-04-09 16:09:40,736.2,726.3,731.5,731.8,711.0,717.0,726.3,731.0,700.9,734.5,741.5,781.7,0.0,27.2
2025-04-09 16:09:45,732.4,723.2,729.4,729.4,710.7,716.1,727.0,729.6,697.7,732.6,741.4,780.2,0.0,27.2
2025-04-09 16:09:50,728.0,722.2,725.1,729.0,710.6,716.3,728.5,731.3,699.7,743.5,754.2,779.7,0.1,27.2
2025-04-09 16:09:55,729.3,719.0,726.4,726.7,707.3,715.8,726.1,735.4,707.8,746.0,754.1,776.0,0.2,27.3
2025-04-09 16:10:00,738.6,718.2,736.0,728.4,717.2,714.3,729.3,732.7,706.9,744.5,751.7,776.0,0.4,27.3
2025-04-09 16:10:05,744.4,722.7,742.0,733.7,721.5,720.0,738.7,736.3,707.2,749.6,760.5,782.9,0.6,27.3
2025-04-09 16:10:10,750.2,730.2,742.8,738.9,721.0,724.4,739.0,739.8,711.4,752.3,762.5,788.3,1.4,27.3
2025-04-09 16:10:15,753.9,730.0,747.5,737.6,724.0,724.0,741.2,740.9,713.0,755.4,763.7,788.0,1.8,27.3
2025-04-09 16:10:20,758.5,733.6,753.1,742.8,728.7,729.6,745.8,745.1,714.8,756.2,768.3,793.2,1.8,27.4
2025-04-09 16:10:25,755.2,741.0,752.0,746.2,728.2,732.3,744.8,747.1,715.6,756.3,765.8,795.9,1.7,27.4
2025-04-09 16:10:30,753.6,740.0,748.7,743.3,726.9,731.4,743.0,746.1,715.6,752.8,763.0,792.6,1.5,27.4
2025-04-09 16:10:35,752.8,735.4,746.0,740.0,721.4,725.4,737.1,739.5,711.2,745.8,754.5,789.1,1.5,27.4
2025-04-09 16:10:40,747.9,730.9,741.4,735.9,718.7,721.9,736.6,736.7,706.5,742.7,751.6,785.6,1.4,27.4
2025-04-09 16:10:45,744.6,725.4,740.0,732.1,718.9,720.9,736.2,735.5,705.0,744.7,753.7,782.9,1.0,27.4
2025-04-09 16:10:50,742.6,723.1,737.8,731.5,716.6,719.6,733.5,734.5,704.5,744.8,751.7,780.8,0.9,27.4
2025-04-09 16:10:55,742.4,722.8,737.9,729.2,715.3,716.7,733.1,732.4,702.6,743.5,750.7,779.0,0.8,27.5
2025-04-09 16:11:00,744.1,721.7,740.3,729.7,717.8,717.9,735.0,733.3,704.0,745.5,753.2,780.9,0.6,27.5
2025-04-09 16:11:05,746.0,724.8,742.5,732.9,719.5,721.4,737.7,735.5,705.5,747.7,755.3,782.9,0.6,27.5
2025-04-09 16:11:10,748.2,726.4,742.8,733.1,721.4,722.3,739.6,738.1,710.5,753.7,758.7,783.9,0.6,27.5
2025-04-09 16:11:15,750.2,726.8,744.9,735.5,723.1,725.2,742.4,742.7,716.3,761.0,767.0,786.4,0.5,27.5
2025-04-09 16:11:20,752.2,729.5,748.4,739.0,728.1,730.7,748.1,750.0,721.3,761.7,773.1,789.9,0.7,27.5
2025-04-09 16:11:25,756.1,737.0,752.4,746.5,730.0,734.3,749.4,753.8,721.8,756.3,765.7,796.2,0.8,27.5
2025-04-09 16:11:30,752.7,739.2,747.4,743.2,721.8,729.0,740.0,745.3,712.2,742.0,747.8,795.9,0.7,27.5
2025-04-09 16:11:35,744.7,729.2,743.1,738.6,717.7,725.3,730.7,736.3,705.2,739.1,743.7,780.7,1.0,27.5
2025-04-09 16:11:40,741.9,723.8,737.4,730.2,716.2,719.0,731.6,734.9,705.8,747.0,753.4,776.7,2.2,27.5
2025-04-09 16:11:45,740.3,721.6,738.9,733.3,716.8,723.0,734.7,740.0,710.2,749.1,756.5,778.5,2.2,27.5
2025-04-09 16:11:50,740.9,724.3,741.8,735.4,720.6,724.8,738.5,742.6,712.4,751.5,759.5,781.7,2.5,27.4
2025-04-09 16:11:55,744.8,728.1,744.5,737.3,722.5,728.7,741.0,746.1,714.2,756.6,765.9,785.1,3.8,27.4
2025-04-09 16:12:00,744.3,732.2,744.4,740.0,724.0,730.6,743.7,749.3,721.1,761.8,770.7,786.7,3.2,27.4
2025-04-09 16:12:05,747.8,733.0,749.4,742.6,730.2,735.0,749.8,752.7,722.2,764.7,774.8,787.7,3.1,27.4
2025-04-09 16:12:10,755.9,737.2,755.5,747.1,735.4,738.2,754.1,756.6,726.4,769.4,781.1,793.1,3.0,27.4
2025-04-09 16:12:15,760.7,743.2,760.1,753.8,737.2,740.6,756.4,759.9,730.9,775.6,788.6,801.0,2.7,27.4
2025-04-09 16:12:20,764.4,749.3,764.9,759.0,744.8,748.6,764.6,766.9,738.4,781.9,796.3,805.5,2.9,27.3
2025-04-09 16:12:25,767.0,753.7,767.7,762.2,747.5,753.8,768.3,775.0,746.2,787.5,804.4,808.8,2.7,27.3
2025-04-09 16:12:30,769.9,758.9,772.2,767.8,749.4,758.3,771.6,778.7,750.3,792.9,810.7,814.4,2.5,27.2
2025-04-09 16:12:35,774.2,762.7,775.2,772.2,756.2,763.8,775.9,784.2,754.4,796.2,813.7,820.2,2.5,27.2
2025-04-09 16:12:40,776.6,765.6,777.6,774.8,758.1,767.2,778.6,787.8,756.0,799.3,818.6,825.2,2.5,27.2
2025-04-09 16:12:45,781.3,770.6,781.7,778.8,761.7,769.9,782.0,789.5,758.4,801.5,821.0,828.5,1.9,27.1
2025-04-09 16:12:50,785.2,774.8,785.8,782.4,763.7,773.1,782.9,790.9,760.0,801.0,821.0,831.1,1.8,27.1
2025-04-09 16:12:55,786.9,776.4,785.1,782.5,760.6,772.2,777.2,788.5,755.6,789.5,805.6,832.1,2.2,27.1
2025-04-09 16:13:00,777.7,774.6,776.6,777.1,750.5,764.7,764.8,777.8,745.2,773.6,784.3,822.2,2.5,27.0
2025-04-09 16:13:05,771.3,765.7,761.6,765.2,735.5,750.2,749.4,761.5,730.1,765.7,774.5,814.1,2.1,27.0
2025-04-09 16:13:10,753.5,747.1,746.3,747.8,720.6,733.0,734.8,744.5,719.8,749.0,754.2,793.4,2.0,27.0
2025-04-09 16:13:15,742.0,734.3,735.7,738.2,711.9,723.1,727.5,736.0,706.9,738.4,741.3,781.7,2.1,27.0
2025-04-09 16:13:20,729.5,723.5,730.9,734.4,708.4,719.0,724.9,732.3,703.8,734.3,735.9,770.2,2.1,27.0
2025-04-09 16:13:25,724.9,716.6,721.5,722.8,699.5,708.1,715.9,722.9,697.3,730.2,731.0,765.3,2.1,27.0
2025-04-09 16:13:30,718.2,711.4,713.8,716.9,694.1,703.2,710.3,720.9,693.5,728.5,727.6,758.4,2.7,27.0
2025-04-09 16:13:35,710.1,706.8,710.0,712.7,692.5,701.6,710.9,717.6,692.7,728.6,728.6,753.1,3.2,27.0
2025-04-09 16:13:40,709.9,703.3,709.7,711.1,692.8,701.9,711.5,719.1,692.7,729.2,728.9,753.3,2.9,27.0
2025-04-09 16:13:45,711.1,703.4,711.9,710.8,694.1,702.3,712.1,719.9,692.7,729.3,728.9,754.2,2.5,27.0
2025-04-09 16:13:50,713.6,703.2,712.5,711.5,693.5,701.9,709.6,718.1,689.5,723.6,721.7,754.0,2.3,27.0
2025-04-09 16:13:55,713.4,702.5,711.0,711.0,690.9,698.4,707.3,715.5,686.2,721.9,720.0,752.2,2.3,27.0
2025-04-09 16:14:00,711.0,698.9,709.5,708.0,690.8,697.0,707.3,715.3,684.8,721.2,718.9,749.5,2.2,27.1
2025-04-09 16:14:05,711.9,697.4,710.5,707.8,691.8,696.7,710.2,715.6,687.2,726.5,723.4,750.0,2.6,27.1
2025-04-09 16:14:10,712.7,699.5,711.2,709.4,694.2,700.0,714.4,718.3,691.5,729.2,728.6,752.0,2.2,27.1
2025-04-09 16:14:15,714.7,702.5,716.4,713.1,697.5,702.0,718.1,720.4,693.7,734.8,736.2,756.0,1.9,27.1
2025-04-09 16:14:20,721.3,706.4,722.1,716.0,702.9,707.2,722.6,725.9,697.4,737.3,739.5,762.0,1.6,27.1
2025-04-09 16:14:25,724.4,709.1,723.9,720.5,704.3,710.6,722.6,728.9,699.8,740.0,742.1,765.3,1.4,27.1
2025-04-09 16:14:30,725.2,712.4,723.7,721.6,705.5,710.9,723.9,731.0,702.0,744.0,747.4,765.8,2.0,27.1
2025-04-09 16:14:35,726.0,712.4,725.7,723.3,709.3,713.8,730.0,735.6,707.7,752.0,757.8,767.9,2.3,27.1
2025-04-09 16:14:40,730.7,716.5,734.5,729.2,719.5,722.0,740.5,743.6,715.5,757.6,765.7,772.9,2.7,27.1
2025-04-09 16:14:45,739.6,725.4,743.4,739.3,727.3,730.1,746.7,748.2,719.2,762.4,772.5,782.3,3.0,27.1
2025-04-09 16:14:50,745.1,733.1,745.8,744.8,727.5,733.1,746.1,752.7,722.1,762.5,771.6,788.1,2.8,27.1
2025-04-09 16:14:55,744.5,735.0,741.8,743.2,725.4,732.3,742.0,751.3,720.1,757.0,763.8,787.2,2.7,27.1
2025-04-09 16:15:00,739.5,731.9,736.3,737.7,719.5,729.0,736.4,745.7,715.4,750.5,755.4,780.7,2.4,27.1
2025-04-09 16:15:05,736.1,728.2,733.3,734.5,712.7,722.2,730.7,739.7,710.3,746.1,751.1,777.3,2.1,27.1
2025-04-09 16:15:10,729.3,720.7,727.2,728.6,708.5,717.0,726.6,738.2,708.3,744.6,748.7,771.4,1.8,27.1
2025-04-09 16:15:15,726.3,717.8,723.3,727.2,705.6,714.1,722.4,734.0,705.2,739.1,741.9,768.2,1.7,27.1
2025-04-09 16:15:20,723.2,714.9,719.3,722.0,703.5,712.7,719.3,729.3,698.8,729.9,731.1,763.4,1.5,27.1
2025-04-09 16:15:25,721.1,708.7,715.5,715.7,696.8,702.6,715.2,721.8,693.2,728.3,728.9,758.4,1.5,27.1
2025-04-09 16:15:30,717.7,704.8,715.1,715.1,697.0,702.4,715.3,722.0,693.1,731.3,733.0,756.9,1.6,27.1
2025-04-09 16:15:35,718.6,704.0,717.0,714.5,698.5,702.8,718.0,723.1,696.1,736.8,739.6,757.2,1.6,27.1
2025-04-09 16:15:40,720.0,706.3,718.1,717.9,700.6,708.1,720.2,727.2,698.5,739.5,743.5,759.9,1.8,27.1
2025-04-09 16:15:45,720.8,708.8,718.8,718.4,703.4,708.7,722.2,729.8,701.3,743.7,749.2,763.0,1.8,27.1
2025-04-09 16:15:50,723.4,711.2,723.0,722.5,709.4,714.1,729.1,735.3,705.7,749.3,757.0,765.1,1.5,27.1
2025-04-09 16:15:55,730.3,717.9,729.4,727.5,714.8,720.1,734.1,739.9,710.0,752.1,760.1,773.5,1.1,27.1
2025-04-09 16:16:00,732.9,721.9,733.3,732.7,715.7,723.4,734.3,741.5,710.9,752.5,760.8,776.8,1.0,27.1
2025-04-09 16:16:05,733.2,724.2,732.2,733.0,714.9,722.8,732.8,741.5,711.1,749.9,757.2,776.6,0.8,27.1
2025-04-09 16:16:10,733.0,723.1,731.1,731.7,713.1,720.7,730.0,740.3,709.7,748.8,756.1,775.2,0.7,27.1
2025-04-09 16:16:15,732.7,719.1,731.1,730.1,712.7,718.9,730.8,738.8,709.5,748.1,755.1,772.1,0.6,27.1
2025-04-09 16:16:20,732.9,719.6,730.9,729.2,712.6,719.0,731.4,739.1,708.2,747.8,755.7,772.1,0.6,27.1
2025-04-09 16:16:25,732.5,719.3,730.9,729.5,713.5,719.3,731.9,739.6,708.6,749.7,757.6,772.5,0.4,27.1
2025-04-09 16:16:30,732.8,719.9,731.4,731.2,715.8,720.5,734.8,741.6,710.4,751.9,760.8,773.3,0.3,27.1
2025-04-09 16:16:35,733.7,720.9,734.3,733.0,719.1,723.2,739.4,744.3,712.0,754.8,765.0,774.3,0.3,27.1
2025-04-09 16:16:40,739.7,723.8,739.9,737.0,724.7,725.7,742.5,747.9,717.5,760.6,772.8,779.6,0.2,27.1
2025-04-09 16:16:45,744.3,727.9,743.7,741.4,728.5,731.7,745.7,751.5,720.5,763.6,776.9,784.4,0.7,27.1
2025-04-09 16:16:50,745.6,730.7,744.7,742.8,728.7,733.7,746.4,754.8,723.5,766.0,779.7,786.5,0.7,27.1
2025-04-09 16:16:55,746.8,733.3,745.6,744.6,728.8,734.7,747.0,755.7,725.0,767.0,780.8,786.6,1.3,27.1
2025-04-09 16:17:00,747.2,734.4,747.6,744.6,729.3,735.0,747.6,756.1,725.4,767.3,781.3,787.0,1.8,27.1
2025-04-09 16:17:05,748.6,734.6,748.4,745.3,730.4,735.3,748.2,756.4,725.4,767.2,781.6,787.5,2.0,27.1
2025-04-09 16:17:10,749.3,735.1,749.4,746.0,731.1,735.5,749.0,756.6,725.3,767.3,782.7,788.3,2.0,27.1
2025-04-09 16:17:15,750.0,735.7,749.9,747.3,732.7,737.2,750.2,757.7,725.8,768.3,783.7,788.6,1.8,27.1
2025-04-09 16:17:20,751.2,738.3,751.1,748.6,732.2,737.9,750.9,759.2,726.9,770.1,785.3,790.4,1.4,27.0
2025-04-09 16:17:25,751.8,739.4,750.8,749.0,732.1,738.9,751.2,760.4,729.0,772.2,789.3,790.2,1.2,27.0
2025-04-09 16:17:30,752.3,740.2,751.1,750.9,732.8,740.2,753.5,761.1,729.6,773.8,791.4,790.5,0.9,27.0
2025-04-09 16:17:35,753.9,741.0,753.3,751.7,736.2,741.6,756.1,764.3,731.3,775.0,794.5,792.8,0.8,27.0
2025-04-09 16:17:40,756.2,744.0,755.4,754.1,737.6,743.2,757.6,765.1,732.4,775.6,794.6,795.5,0.7,27.1
2025-04-09 16:17:45,759.5,746.1,758.3,757.2,741.8,745.3,761.2,766.9,734.1,778.7,798.7,797.5,0.9,27.1
2025-04-09 16:17:50,762.0,749.6,761.3,760.0,742.4,747.1,762.6,768.2,736.5,781.7,803.4,801.9,0.8,27.1
2025-04-09 16:17:55,763.1,750.7,761.4,760.6,744.5,748.6,764.3,771.2,738.4,785.1,807.3,804.4,0.9,27.1
2025-04-09 16:18:00,763.7,754.7,763.3,762.7,746.1,751.4,766.3,774.8,742.4,788.0,811.1,806.0,0.9,27.1
2025-04-09 16:18:05,765.1,758.4,764.5,765.4,748.4,754.4,769.4,777.9,745.2,790.6,814.3,809.0,0.9,27.1
2025-04-09 16:18:10,767.9,761.0,768.5,769.0,751.3,757.3,770.5,779.4,746.1,791.3,815.8,809.5,0.9,27.1
2025-04-09 16:18:15,769.7,762.0,769.3,769.5,750.7,757.4,770.0,779.4,746.6,789.8,813.9,811.8,0.8,27.2
2025-04-09 16:18:20,770.4,762.2,769.3,769.7,750.1,757.3,768.1,777.9,745.9,788.7,812.3,811.4,0.7,27.2
2025-04-09 16:18:25,770.3,760.5,768.1,768.0,748.9,755.0,766.4,776.5,744.3,787.0,810.8,809.6,0.8,27.2
2025-04-09 16:18:30,769.5,759.6,767.1,767.5,748.6,755.0,766.5,776.0,744.1,786.6,810.0,808.2,0.9,27.2
2025-04-09 16:18:35,769.9,757.0,767.8,766.5,749.0,754.9,766.3,775.2,743.6,786.0,810.0,807.4,1.0,27.2
2025-04-09 16:18:40,771.1,756.7,769.1,766.5,749.3,754.7,767.5,775.8,743.2,786.7,811.1,807.9,1.0,27.2
2025-04-09 16:18:45,772.9,756.5,770.3,767.1,750.0,755.3,768.0,776.5,744.4,787.9,813.1,808.2,0.9,27.3
2025-04-09 16:18:50,774.2,757.6,770.3,767.5,750.1,755.3,768.3,776.6,744.5,787.8,812.4,808.1,0.7,27.3
2025-04-09 16:18:55,773.5,758.3,769.3,767.4,749.5,754.8,768.0,776.5,743.8,787.1,812.2,806.9,0.7,27.3
2025-04-09 16:19:00,772.0,758.0,768.6,767.0,749.0,754.3,767.8,776.8,744.0,787.0,812.7,805.0,0.6,27.3
2025-04-09 16:19:05,771.0,757.6,767.3,766.5,748.6,754.0,768.3,775.9,743.6,786.7,812.3,804.7,0.4,27.3
2025-04-09 16:19:10,769.9,757.4,766.9,766.1,748.3,753.6,768.8,775.6,743.4,788.4,815.4,804.4,0.4,27.3
2025-04-09 16:19:15,769.7,756.9,767.5,766.5,750.0,755.5,770.3,776.7,745.5,790.6,816.8,805.0,0.3,27.3
2025-04-09 16:19:20,769.9,757.8,768.6,768.3,751.4,757.2,770.8,778.4,746.6,790.9,817.6,806.6,0.2,27.4
2025-04-09 16:19:25,770.4,759.2,768.8,769.7,750.8,758.3,770.0,778.6,746.5,789.6,817.0,807.8,0.2,27.4
2025-04-09 16:19:30,770.0,760.1,766.4,769.1,746.2,757.7,766.3,777.9,744.4,782.1,806.1,807.6,0.1,27.4
2025-04-09 16:19:35,765.4,757.5,760.7,763.6,739.6,748.8,755.0,766.6,737.5,773.1,795.2,801.6,0.2,27.4
2025-04-09 16:19:40,760.3,749.4,754.4,754.3,736.8,745.0,753.1,763.5,731.2,770.5,791.6,792.7,0.5,27.4
2025-04-09 16:19:45,758.6,744.5,755.4,753.1,736.1,741.0,754.1,762.1,730.8,773.3,796.1,791.0,0.7,27.5
2025-04-09 16:19:50,759.3,745.2,757.6,754.3,739.2,744.4,756.9,763.6,732.8,776.0,798.7,791.4,0.9,27.5
2025-04-09 16:19:55,760.9,746.7,757.3,755.3,739.9,745.3,758.8,765.3,734.7,777.2,801.2,792.6,0.9,27.5
2025-04-09 16:20:00,761.1,748.2,758.4,756.6,740.5,746.8,760.3,766.8,735.8,777.8,801.9,794.4,0.9,27.5
2025-04-09 16:20:05,760.8,748.6,758.4,757.3,740.6,747.6,759.6,767.5,735.9,776.6,800.2,795.1,1.0,27.5
2025-04-09 16:20:10,759.4,749.6,757.4,757.6,739.5,746.6,758.3,767.2,735.6,776.7,800.1,794.9,1.1,27.5
2025-04-09 16:20:15,757.6,748.9,757.1,757.1,739.6,745.4,758.2,766.9,735.1,777.0,800.7,793.6,1.4,27.5
2025-04-09 16:20:20,757.2,748.5,757.8,757.8,739.7,746.4,759.2,767.0,734.9,777.6,801.3,793.8,1.5,27.5
2025-04-09 16:20:25,757.4,749.1,757.8,758.0,740.7,747.3,760.3,768.5,735.9,780.5,805.8,794.8,1.5,27.5
2025-04-09 16:20:30,759.4,749.0,759.2,758.7,742.7,749.1,762.1,770.7,738.1,781.1,806.2,796.5,1.3,27.5
2025-04-09 16:20:35,764.1,751.5,763.3,761.3,744.6,751.6,764.3,772.6,738.2,783.4,808.7,798.6,1.1,27.4
2025-04-09 16:20:40,766.0,753.2,764.0,763.5,745.7,752.5,764.4,772.7,739.3,783.8,809.2,801.2,1.0,27.4
2025-04-09 16:20:45,767.1,755.1,764.5,763.7,745.0,752.9,764.1,772.7,739.2,781.9,806.3,801.2,0.8,27.4
2025-04-09 16:20:50,765.3,754.4,760.1,761.6,743.1,750.1,759.5,769.2,737.9,780.6,803.9,799.5,0.8,27.5
2025-04-09 16:20:55,761.8,752.6,758.8,760.1,738.9,748.3,759.1,768.7,737.6,780.2,803.8,796.1,0.7,27.5
2025-04-09 16:21:00,759.9,751.8,757.9,759.0,739.6,747.8,759.7,769.1,739.0,783.2,807.4,795.5,0.6,27.5
2025-04-09 16:21:05,760.8,750.9,759.6,760.1,742.4,749.5,762.1,770.8,740.4,783.8,808.3,796.3,0.5,27.5
2025-04-09 16:21:10,762.7,751.6,760.9,762.2,743.0,750.7,762.2,771.7,739.9,781.5,805.8,799.2,0.4,27.5
2025-04-09 16:21:15,765.3,754.1,762.2,762.2,742.5,750.4,760.6,770.4,737.1,778.0,801.8,798.4,0.3,27.5
2025-04-09 16:21:20,764.2,753.7,760.3,761.3,740.5,747.8,759.2,768.0,735.7,777.2,800.5,795.6,0.3,27.5
2025-04-09 16:21:25,760.5,750.6,757.5,758.6,738.6,746.0,758.2,767.2,735.2,776.9,800.1,794.9,0.3,27.6
2025-04-09 16:21:30,757.1,750.2,756.4,757.8,737.6,746.1,757.5,766.3,735.7,774.0,796.2,793.8,0.4,27.6
2025-04-09 16:21:35,756.9,749.7,754.6,756.6,735.1,743.5,753.6,763.1,732.6,772.2,793.5,793.2,0.4,27.6
2025-04-09 16:21:40,753.1,746.6,750.1,753.6,730.4,741.2,750.6,760.4,729.5,766.3,786.0,788.1,1.6,27.6
2025-04-09 16:21:45,748.4,742.6,745.6,748.0,726.0,737.5,745.6,756.8,725.2,762.0,780.6,782.9,2.0,27.6
2025-04-09 16:21:50,744.7,740.7,743.9,745.9,724.0,733.5,741.6,752.6,721.1,757.4,774.9,778.5,2.0,27.6
2025-04-09 16:21:55,742.9,734.5,740.2,741.6,721.1,728.4,738.7,748.0,718.9,755.7,772.5,775.6,1.8,27.6
2025-04-09 16:22:00,742.9,732.9,739.8,738.5,718.6,725.9,736.6,747.2,717.8,755.0,771.1,772.6,1.6,27.6
2025-04-09 16:22:05,740.4,730.0,737.1,736.0,715.6,725.9,733.4,744.8,716.9,753.2,769.4,771.3,1.3,27.6
2025-04-09 16:22:10,737.4,728.8,734.2,734.0,713.8,722.8,731.1,741.0,711.9,744.5,758.7,769.0,1.4,27.6
2025-04-09 16:22:15,734.3,726.0,731.6,731.1,710.6,718.2,727.2,735.9,705.1,740.6,754.3,766.1,2.7,27.6
2025-04-09 16:22:20,730.9,721.3,726.6,726.5,705.4,711.6,721.0,729.0,700.4,734.3,745.4,759.6,3.6,27.6
2025-04-09 16:22:25,726.6,715.9,721.9,721.5,700.8,707.2,717.0,726.5,695.7,731.1,740.7,753.9,3.2,27.6
2025-04-09 16:22:30,721.5,711.8,717.1,717.6,698.7,705.6,715.0,722.5,693.0,729.4,738.7,749.0,2.3,27.5
2025-04-09 16:22:35,717.8,708.1,714.8,714.4,696.0,701.8,712.8,721.3,692.5,729.8,738.8,746.1,1.9,27.5
2025-04-09 16:22:40,717.1,706.7,714.0,714.0,695.1,702.5,713.0,721.6,692.3,730.7,739.5,745.7,1.5,27.5
2025-04-09 16:22:45,716.3,705.6,714.2,713.9,694.9,702.5,713.5,721.6,692.3,731.3,740.3,745.2,1.3,27.5
2025-04-09 16:22:50,715.8,705.6,713.7,713.6,695.1,702.5,714.2,722.3,693.7,732.5,741.6,745.0,1.8,27.5
2025-04-09 16:22:55,715.5,705.5,713.9,713.7,696.5,703.0,715.1,724.1,695.8,734.5,744.2,747.8,1.6,27.5
2025-04-09 16:23:00,716.3,707.4,714.3,715.4,698.2,704.9,716.7,725.5,696.1,734.3,743.8,748.6,1.5,27.5
2025-04-09 16:23:05,716.7,708.8,715.9,716.7,698.4,705.2,716.6,725.0,694.6,731.9,741.2,749.1,1.3,27.5
2025-04-09 16:23:10,717.4,709.0,716.4,715.9,697.8,704.6,715.6,724.7,693.8,731.2,740.4,748.5,2.3,27.5
2025-04-09 16:23:15,718.3,708.1,717.0,714.9,697.8,703.6,715.9,722.9,693.6,731.6,740.3,747.5,2.6,27.5
2025-04-09 16:23:20,719.8,707.3,718.6,714.9,699.2,703.7,717.0,723.5,693.9,732.0,741.8,747.6,2.5,27.5
2025-04-09 16:23:25,722.1,707.8,719.9,716.7,699.9,704.2,718.5,724.7,695.2,734.4,745.0,748.8,2.1,27.4
2025-04-09 16:23:30,723.9,708.4,724.1,718.3,704.0,706.1,722.2,726.9,697.4,738.6,750.5,752.8,1.6,27.5
2025-04-09 16:23:35,729.4,710.6,729.8,721.9,708.8,710.0,727.3,731.4,699.9,742.9,756.4,758.8,1.6,27.5
2025-04-09 16:23:40,736.2,716.5,735.2,727.9,714.2,715.4,733.7,735.7,704.4,748.5,763.4,762.4,2.1,27.5
2025-04-09 16:23:45,743.2,722.7,739.8,732.2,718.7,719.5,737.0,740.9,708.9,752.2,768.8,767.8,2.3,27.5
2025-04-09 16:23:50,744.8,726.1,743.0,736.5,721.2,723.6,739.2,744.0,711.2,753.3,769.4,770.6,2.6,27.5
2025-04-09 16:23:55,746.5,729.0,743.4,738.0,721.5,724.1,738.8,744.2,713.2,752.5,767.9,772.0,2.5,27.5
2025-04-09 16:24:00,746.4,729.9,741.7,737.8,719.8,724.2,736.1,743.5,713.1,751.8,767.1,771.6,1.9,27.5
2025-04-09 16:24:05,742.3,727.9,737.6,735.2,716.6,722.7,734.4,742.6,713.1,749.8,765.0,767.7,1.5,27.5
2025-04-09 16:24:10,739.8,725.9,736.8,733.6,716.4,722.0,734.8,742.3,711.8,749.8,764.4,765.8,1.3,27.5
2025-04-09 16:24:15,739.6,725.6,737.9,733.9,716.7,722.3,735.1,742.5,711.6,749.5,764.6,767.1,1.2,27.5
2025-04-09 16:24:20,741.1,725.7,739.5,734.0,718.0,723.9,737.0,742.3,711.0,750.2,765.2,768.4,2.1,27.5
2025-04-09 16:24:25,742.4,726.1,741.0,737.5,720.4,724.4,739.0,743.7,712.0,751.7,767.8,768.3,2.3,27.5
2025-04-09 16:24:30,744.6,727.1,742.5,738.7,721.1,725.3,739.8,744.1,714.7,754.3,771.1,769.8,1.8,27.6
2025-04-09 16:24:35,745.9,729.2,744.9,739.9,722.4,726.9,742.5,746.3,716.4,756.9,773.4,772.8,1.6,27.6
2025-04-09 16:24:40,745.9,729.8,745.8,741.3,724.3,727.9,744.7,748.5,718.1,758.5,775.9,773.8,1.6,27.6
2025-04-09 16:24:45,747.8,732.7,747.8,743.1,727.3,730.3,746.5,749.7,720.0,761.0,779.8,775.1,1.4,27.6
2025-04-09 16:24:50,751.0,733.9,751.1,744.1,729.6,732.6,749.7,752.8,723.0,763.3,782.5,776.6,2.7,27.6
2025-04-09 16:24:55,752.8,735.9,753.3,746.1,730.4,735.5,751.4,753.0,724.2,765.0,784.8,779.3,2.4,27.6
2025-04-09 16:25:00,754.0,738.9,753.3,747.7,731.0,737.0,751.7,757.2,727.0,767.4,787.4,782.4,2.1,27.6
2025-04-09 16:25:05,754.0,739.7,753.5,749.1,731.4,738.1,751.6,758.4,727.9,768.0,787.6,782.8,2.2,27.6
2025-04-09 16:25:10,754.0,741.4,753.0,749.0,730.2,737.8,749.8,757.8,726.6,763.2,781.0,782.9,1.8,27.5
2025-04-09 16:25:15,750.8,739.4,747.9,746.4,724.3,734.8,746.2,753.8,723.1,758.4,775.6,779.1,1.6,27.5
2025-04-09 16:25:20,748.3,737.4,745.9,744.1,723.6,731.5,741.7,749.1,719.0,755.2,771.9,773.7,1.3,27.5
2025-04-09 16:25:25,746.0,731.5,744.4,740.5,721.8,726.5,740.3,746.8,715.9,752.2,768.4,772.2,1.5,27.5
2025-04-09 16:25:30,745.9,731.1,742.9,739.9,720.8,725.8,738.5,743.8,713.9,750.1,765.3,770.6,2.0,27.5
2025-04-09 16:25:35,744.1,730.0,740.8,735.7,716.1,722.0,735.3,740.6,713.4,748.1,762.9,768.4,2.1,27.5
2025-04-09 16:25:40,740.0,726.6,736.1,731.9,713.8,719.7,731.8,738.2,708.8,744.5,758.7,762.9,2.3,27.5
2025-04-09 16:25:45,736.8,723.5,733.6,728.8,711.0,717.8,730.8,736.3,705.7,742.2,755.6,763.3,3.6,27.4
2025-04-09 16:25:50,732.3,722.3,728.8,726.2,707.8,714.1,727.8,731.8,700.2,735.2,748.1,759.5,3.5,27.4
2025-04-09 16:25:55,730.0,717.8,728.0,724.4,706.8,712.2,725.4,729.2,697.3,734.7,746.0,756.4,3.1,27.3
2025-04-09 16:26:00,728.7,714.0,727.8,722.9,706.4,710.6,724.2,727.8,696.7,733.5,744.1,754.5,3.8,27.3
2025-04-09 16:26:05,725.5,713.2,725.0,720.2,704.2,708.7,721.9,726.1,696.1,731.6,740.8,752.0,3.6,27.3
2025-04-09 16:26:10,722.5,711.1,720.8,716.1,699.7,705.8,715.3,722.9,694.6,730.4,738.9,747.7,3.2,27.2
2025-04-09 16:26:15,719.8,707.7,718.6,713.2,697.5,703.3,715.5,722.8,695.0,735.3,745.3,745.9,3.4,27.2
2025-04-09 16:26:20,719.7,706.9,719.5,714.5,699.4,704.5,719.2,726.6,699.7,739.0,750.4,746.4,2.5,27.2
2025-04-09 16:26:25,720.7,708.2,722.3,717.5,701.8,708.1,722.8,729.6,701.4,740.6,751.8,748.2,2.3,27.2
2025-04-09 16:26:30,723.7,712.0,725.0,722.7,705.8,712.1,728.1,732.2,703.9,742.7,755.5,751.5,1.6,27.2
2025-04-09 16:26:35,728.7,715.0,728.3,725.6,708.9,714.7,731.1,733.5,705.0,745.5,759.0,754.6,1.4,27.2
2025-04-09 16:26:40,731.4,718.2,732.6,727.7,710.0,716.1,731.8,735.3,706.5,746.0,759.8,758.3,1.1,27.2
2025-04-09 16:26:45,732.3,720.7,733.2,728.1,711.1,716.8,732.6,735.4,706.2,744.1,757.8,758.4,1.1,27.2
2025-04-09 16:26:50,732.6,720.4,732.8,727.3,711.0,716.5,731.5,733.5,704.7,742.9,755.9,758.2,1.7,27.2
2025-04-09 16:26:55,732.5,720.2,732.1,726.3,710.0,714.1,731.0,734.2,705.6,744.5,757.2,757.6,2.2,27.2
2025-04-09 16:27:00,731.2,718.2,730.3,725.6,709.4,715.4,730.4,735.7,706.2,744.5,757.3,757.4,2.2,27.2
2025-04-09 16:27:05,729.2,717.9,729.1,725.2,709.5,715.5,729.7,735.6,705.7,741.9,754.1,757.5,1.9,27.2
2025-04-09 16:27:10,728.4,716.1,729.2,724.3,708.5,714.0,728.7,732.9,703.8,741.2,753.6,757.1,2.9,27.1
2025-04-09 16:27:15,728.5,715.6,729.0,723.7,707.8,713.1,725.5,731.0,703.2,739.0,750.2,756.8,3.1,27.1
2025-04-09 16:27:20,728.2,714.8,727.3,722.7,706.1,712.0,725.3,730.2,701.4,737.4,748.4,754.8,2.6,27.1
2025-04-09 16:27:25,727.1,712.9,725.8,721.5,705.1,709.7,723.9,729.2,701.1,739.1,750.2,751.9,2.5,27.1
2025-04-09 16:27:30,726.6,712.5,725.4,720.8,703.2,710.8,723.9,729.8,702.3,739.6,750.5,752.4,1.9,27.1
2025-04-09 16:27:35,725.2,712.7,722.6,721.1,699.9,710.2,719.7,727.8,700.1,734.9,744.1,752.4,1.9,27.0
2025-04-09 16:27:40,718.0,711.1,717.4,716.7,695.9,705.7,715.8,724.4,696.1,732.7,741.1,744.1,2.4,27.0
2025-04-09 16:27:45,715.9,706.5,715.7,713.0,695.2,703.2,715.6,722.5,695.2,733.1,742.1,742.3,2.4,27.0
2025-04-09 16:27:50,715.6,702.6,716.0,711.8,696.6,702.9,718.7,723.8,697.3,735.1,744.7,741.9,3.0,27.1
2025-04-09 16:27:55,718.1,703.4,719.6,714.6,699.7,705.9,721.5,726.9,699.3,738.3,748.9,744.1,2.6,27.1
2025-04-09 16:28:00,721.7,707.7,721.9,717.9,701.5,706.9,722.0,727.6,699.5,738.3,748.9,748.7,2.9,27.1
2025-04-09 16:28:05,721.6,709.6,721.5,718.4,700.1,709.3,721.5,728.2,700.0,737.5,747.9,749.3,2.7,27.1
2025-04-09 16:28:10,720.2,709.3,720.0,718.5,699.6,709.0,720.8,727.6,699.9,736.6,746.8,748.8,2.5,27.0
2025-04-09 16:28:15,720.7,708.9,719.7,718.3,697.7,708.4,719.0,726.0,697.8,732.5,741.3,747.0,2.1,27.0
2025-04-09 16:28:20,715.5,707.3,713.5,713.8,692.2,705.4,713.8,723.1,695.4,730.4,738.2,743.2,1.9,27.1
2025-04-09 16:28:25,712.7,704.7,710.9,711.8,690.5,701.9,712.5,720.4,693.6,729.0,736.3,737.9,1.8,27.0
2025-04-09 16:28:30,708.3,701.0,708.8,709.5,690.9,700.4,711.5,719.8,692.4,727.1,734.3,738.5,1.5,27.0
2025-04-09 16:28:35,709.0,700.8,710.4,709.8,690.9,700.7,711.3,719.3,690.8,725.5,733.3,738.6,1.3,27.0
2025-04-09 16:28:40,710.4,700.7,711.0,709.7,690.2,700.0,710.9,718.9,690.6,725.1,731.5,738.9,1.2,27.0
2025-04-09 16:28:45,710.0,700.8,710.1,709.1,689.2,699.0,709.3,716.9,689.1,724.5,730.8,737.5,2.0,27.0
2025-04-09 16:28:50,708.7,700.1,708.3,708.7,688.0,699.0,708.8,717.0,689.7,725.2,731.2,737.2,2.3,27.0
2025-04-09 16:28:55,708.3,698.7,707.7,708.0,688.4,700.4,711.9,720.4,692.8,728.5,735.6,736.7,1.9,27.0
2025-04-09 16:29:00,708.8,699.1,709.8,710.2,691.0,703.4,712.8,722.7,693.6,730.1,737.5,738.7,1.7,27.0
2025-04-09 16:29:05,711.8,701.8,710.2,710.3,691.3,703.2,712.9,722.0,693.6,729.0,735.7,739.7,1.3,27.0
2025-04-09 16:29:10,712.6,701.9,712.1,711.0,691.8,702.3,712.9,721.3,693.7,728.6,735.5,740.2,1.7,27.0
2025-04-09 16:29:15,712.6,702.1,713.1,711.9,692.9,702.6,713.9,721.4,694.0,728.9,735.8,741.3,1.8,27.0
2025-04-09 16:29:20,712.6,702.5,712.9,712.2,692.2,702.7,712.3,721.2,692.9,726.4,731.3,741.3,1.7,27.0
2025-04-09 16:29:25,707.9,700.4,705.9,710.2,687.9,700.6,709.3,716.8,690.4,723.7,727.8,736.7,1.6,27.0
2025-04-09 16:29:30,704.6,697.7,703.9,705.8,683.8,696.8,705.8,714.8,688.5,723.1,726.9,733.9,1.6,27.0
2025-04-09 16:29:35,702.9,694.2,702.6,702.0,683.9,695.2,706.5,713.6,688.9,722.9,726.5,731.1,1.2,27.0
2025-04-09 16:29:40,702.1,693.7,702.9,702.5,683.9,695.0,706.5,713.3,687.5,720.7,723.6,731.5,1.1,27.0
2025-04-09 16:29:45,702.4,693.5,703.0,701.8,683.9,693.8,705.2,712.7,686.6,719.9,722.8,731.2,1.0,27.0
2025-04-09 16:29:50,707.2,692.9,706.5,701.6,686.5,693.2,708.1,711.2,686.0,724.1,727.9,731.2,0.9,27.0
2025-04-09 16:29:55,712.6,694.5,712.4,704.5,691.8,696.5,713.7,716.0,691.2,727.1,732.3,735.2,0.6,27.0
2025-04-09 16:30:00,717.3,700.2,718.1,712.5,695.6,700.7,718.2,721.2,695.2,734.4,742.3,741.8,0.5,27.0
2025-04-09 16:30:05,717.8,703.8,719.9,715.5,700.2,707.9,722.0,727.8,700.0,738.5,747.6,747.8,0.4,27.0
2025-04-09 16:30:10,718.2,708.5,719.7,718.7,701.7,711.1,723.9,730.4,702.0,739.5,748.6,748.8,1.0,27.0
2025-04-09 16:30:15,718.7,710.2,721.5,721.1,702.5,712.2,723.7,730.8,701.9,738.5,746.7,749.2,1.6,27.0
2025-04-09 16:30:20,720.3,711.7,721.2,721.1,700.8,712.3,722.2,730.9,700.3,736.3,743.5,750.1,1.8,27.0
2025-04-09 16:30:25,718.4,711.6,720.3,720.5,699.3,710.0,719.7,728.7,698.7,733.6,740.6,747.6,1.6,27.0
2025-04-09 16:30:30,714.6,707.2,716.5,717.0,696.0,707.6,716.4,726.1,697.1,731.5,738.1,743.6,1.9,27.0
2025-04-09 16:30:35,712.3,704.3,712.9,713.9,693.2,704.8,713.0,722.3,694.5,729.0,732.7,740.8,2.1,27.0
2025-04-09 16:30:40,711.3,702.0,710.0,710.0,689.7,700.7,708.7,718.9,691.9,727.5,731.4,739.1,1.8,27.0
2025-04-09 16:30:45,707.9,697.6,708.1,707.5,688.4,698.8,709.0,718.1,691.8,727.3,730.7,735.3,1.5,27.0
2025-04-09 16:30:50,707.5,696.6,707.7,706.6,688.4,699.0,710.0,719.5,693.3,729.5,733.5,734.3,1.4,27.1
2025-04-09 16:30:55,706.5,696.7,707.8,707.8,689.1,699.5,710.8,720.1,693.5,729.6,733.9,734.6,1.2,27.1
2025-04-09 16:31:00,705.9,698.1,707.4,707.8,689.0,700.2,710.6,720.1,692.3,726.7,730.4,735.5,1.2,27.1
2025-04-09 16:31:05,706.3,698.3,707.5,707.5,688.8,698.8,709.9,718.6,690.9,726.4,729.7,734.7,1.1,27.1
2025-04-09 16:31:10,707.0,697.5,708.3,707.0,689.9,698.4,710.4,717.9,691.0,726.8,730.0,734.6,0.9,27.1
2025-04-09 16:31:15,706.4,697.0,705.3,707.1,686.7,698.4,706.6,717.1,690.0,723.2,724.2,733.1,0.8,27.1
2025-04-09 16:31:20,703.2,694.5,701.3,701.5,680.5,692.2,699.0,708.9,682.3,711.8,716.2,729.6,0.7,27.1
2025-04-09 16:31:25,699.6,688.4,696.5,695.2,676.3,685.6,694.5,701.8,675.3,707.9,705.1,724.0,0.8,27.2
2025-04-09 16:31:30,697.8,683.9,695.7,693.8,676.2,684.2,695.6,701.1,674.9,708.2,705.2,720.9,2.0,27.2
2025-04-09 16:31:35,697.0,683.2,696.4,693.5,677.3,685.0,697.4,701.9,675.2,709.7,707.6,721.0,2.2,27.1
2025-04-09 16:31:40,695.8,684.0,696.7,694.5,677.7,685.2,699.0,702.8,674.9,708.7,707.1,721.7,2.1,27.1
2025-04-09 16:31:45,695.6,684.2,697.2,694.8,678.0,685.4,698.7,702.8,674.1,701.9,698.1,721.8,1.9,27.1
2025-04-09 16:31:50,689.7,684.4,692.1,693.1,668.4,681.0,682.9,692.2,660.3,683.1,672.3,714.6,1.6,27.1
2025-04-09 16:31:55,677.4,669.5,672.1,670.9,650.8,659.1,671.1,677.0,650.9,685.5,674.6,697.4,1.3,27.1
2025-04-09 16:32:00,672.0,658.9,670.2,666.6,652.9,660.7,676.3,679.7,657.7,692.5,684.3,694.6,1.6,27.1
2025-04-09 16:32:05,674.6,660.6,675.0,670.9,657.3,666.4,676.6,684.0,657.8,686.7,677.2,699.1,1.8,27.1
2025-04-09 16:32:10,674.5,663.1,676.5,673.5,654.4,665.0,670.9,680.4,652.1,675.8,663.4,698.8,1.7,27.1
2025-04-09 16:32:15,674.8,661.1,670.7,667.9,646.2,655.8,660.3,669.7,642.3,666.3,650.3,693.8,2.1,27.1
2025-04-09 16:32:20,661.5,653.7,663.1,662.2,637.6,649.1,649.6,660.7,633.3,652.2,630.2,683.7,2.3,27.1
2025-04-09 16:32:25,647.9,644.3,642.7,645.3,616.2,643.0,639.7,652.2,624.8,637.5,611.0,670.8,2.2,27.1
2025-04-09 16:32:30,629.5,626.4,624.0,626.8,600.2,615.3,615.2,625.4,606.5,626.8,597.7,651.6,2.2,27.1
2025-04-09 16:32:35,606.0,609.3,601.6,612.8,582.1,602.1,598.1,615.0,592.9,616.0,582.1,636.2,2.2,27.1
2025-04-09 16:32:40,577.3,583.9,572.4,587.5,554.5,588.9,581.3,600.7,578.8,583.5,537.5,608.5,1.8,27.1
2025-04-09 16:32:45,559.7,562.4,554.9,564.1,537.3,554.5,549.2,559.6,549.9,552.3,498.7,586.1,1.4,27.1
2025-04-09 16:32:50,555.0,549.2,551.9,554.0,535.9,543.2,552.9,550.4,529.3,559.8,514.1,572.5,1.3,27.1
2025-04-09 16:32:55,569.0,548.4,579.0,569.4,559.5,555.8,578.9,570.9,547.7,589.1,552.0,591.7,1.4,27.1
2025-04-09 16:33:00,587.7,568.7,597.2,587.1,575.9,574.0,597.5,592.1,567.6,605.9,574.3,609.5,1.3,27.1
2025-04-09 16:33:05,604.7,581.8,614.0,600.9,599.6,596.8,618.6,612.4,583.1,617.3,590.3,633.6,1.3,27.1
2025-04-09 16:33:10,629.4,601.4,629.8,618.7,610.7,610.1,624.7,620.5,588.0,618.3,590.6,647.9,1.0,27.1
2025-04-09 16:33:15,631.3,616.9,630.4,625.1,609.0,611.3,625.1,621.8,592.6,623.5,596.8,649.2,0.9,27.1
2025-04-09 16:33:20,630.3,615.2,631.9,625.1,616.0,617.7,636.9,634.0,607.5,645.3,619.0,648.8,0.8,27.1
2025-04-09 16:33:25,635.6,620.8,639.6,634.6,626.4,628.8,646.3,645.0,612.5,649.0,629.5,657.4,0.6,27.1
2025-04-09 16:33:30,647.6,632.6,644.3,639.2,630.7,632.9,650.5,649.4,621.0,662.4,646.7,669.9,0.7,27.1
2025-04-09 16:33:35,656.9,642.4,658.3,652.6,640.6,645.7,658.2,659.7,632.8,670.7,654.9,677.7,0.7,27.1
2025-04-09 16:33:40,661.6,649.3,662.9,657.6,645.4,651.0,663.4,666.0,640.8,680.0,666.8,683.1,0.6,27.2
2025-04-09 16:33:45,666.6,653.6,667.6,661.8,650.3,655.9,672.7,676.2,651.3,687.2,676.1,687.4,0.6,27.1
2025-04-09 16:33:50,671.4,664.0,672.1,668.7,655.9,663.6,679.8,684.5,661.0,701.0,692.5,697.0,0.5,27.2
2025-04-09 16:33:55,670.8,666.8,674.0,675.2,661.2,672.0,684.8,691.9,667.6,702.7,694.7,700.6,0.5,27.2
2025-04-09 16:34:00,671.1,671.4,675.5,678.5,662.3,674.6,684.8,692.5,667.2,701.8,693.6,703.9,0.5,27.2
2025-04-09 16:34:05,675.2,671.4,680.4,679.3,665.3,674.8,689.4,694.6,668.8,704.4,695.5,704.6,0.4,27.2
2025-04-09 16:34:10,683.6,674.4,687.3,684.6,671.8,676.8,691.6,695.7,669.8,706.1,700.9,710.0,0.3,27.2
2025-04-09 16:34:15,689.5,679.8,691.8,689.3,673.5,682.9,696.1,702.3,673.2,709.7,705.4,714.9,0.5,27.3
2025-04-09 16:34:20,692.2,682.5,693.2,691.4,675.8,684.5,697.5,703.4,677.3,712.3,708.2,716.1,0.7,27.3
2025-04-09 16:34:25,694.4,683.4,695.5,691.5,676.3,684.5,698.4,703.9,678.3,713.6,709.2,717.0,1.0,27.3
2025-04-09 16:34:30,694.4,684.7,695.9,692.3,677.4,685.4,698.9,704.6,678.1,713.0,708.5,718.1,0.9,27.3
2025-04-09 16:34:35,692.6,685.6,695.6,692.8,677.6,685.3,699.9,704.5,677.8,714.5,709.8,718.2,0.9,27.3
2025-04-09 16:34:40,685.6,685.4,688.5,692.8,673.4,685.8,698.2,705.5,679.3,716.1,711.7,715.9,0.8,27.3
2025-04-09 16:34:45,676.5,681.4,679.8,688.1,665.6,683.4,690.7,705.6,680.6,714.6,706.7,708.7,0.8,27.3
2025-04-09 16:34:50,668.3,673.4,670.6,678.4,655.6,674.7,680.7,696.8,675.6,708.6,697.8,702.3,0.7,27.3
2025-04-09 16:34:55,665.3,664.6,665.3,669.4,647.6,665.5,669.8,687.6,667.7,694.8,677.6,693.6,0.5,27.4
2025-04-09 16:35:00,660.0,656.6,658.5,660.2,639.2,655.6,658.9,676.5,656.8,688.0,667.5,685.5,0.6,27.3
2025-04-09 16:35:05,660.5,647.6,654.6,652.4,634.3,648.7,653.8,667.0,648.3,672.0,648.8,677.6,0.6,27.4
2025-04-09 16:35:10,654.3,644.3,647.7,648.0,627.2,642.7,648.1,659.2,637.1,661.7,637.3,673.8,0.6,27.4
2025-04-09 16:35:15,640.2,642.0,642.4,644.9,622.9,637.3,639.4,652.1,630.2,651.2,623.0,662.4,0.5,27.4
2025-04-09 16:35:20,635.1,628.8,634.3,631.4,613.8,624.8,629.2,640.3,616.3,638.3,606.2,651.6,1.2,27.4
2025-04-09 16:35:25,622.6,620.2,621.7,625.1,608.5,618.8,623.8,632.5,607.6,629.7,595.6,648.8,1.4,27.4
2025-04-09 16:35:30,610.4,614.5,607.2,614.2,586.3,606.1,601.3,628.4,603.6,619.3,580.7,638.7,1.3,27.4
2025-04-09 16:35:35,601.3,594.1,598.2,595.2,576.3,586.4,592.7,606.9,584.2,601.6,555.6,618.5,1.6,27.4
2025-04-09 16:35:40,612.4,584.6,607.8,593.0,584.7,581.5,597.0,591.9,567.4,590.8,547.2,617.0,1.9,27.4
2025-04-09 16:35:45,627.7,595.4,623.6,607.1,593.9,588.5,605.6,598.1,568.9,599.0,562.1,631.5,1.6,27.5
2025-04-09 16:35:50,627.4,607.1,621.3,616.3,596.0,602.7,612.0,608.8,577.3,608.0,572.1,640.2,1.4,27.5
2025-04-09 16:35:55,610.3,609.1,612.9,613.9,589.5,600.3,600.7,609.1,580.4,601.6,557.5,628.1,1.1,27.5
2025-04-09 16:36:00,595.1,595.2,593.2,596.0,570.6,582.2,581.4,591.4,567.6,583.5,533.0,610.6,1.0,27.5
2025-04-09 16:36:05,588.8,573.3,582.0,578.7,561.8,569.7,572.3,577.3,554.2,572.0,520.3,599.6,0.9,27.5
2025-04-09 16:36:10,586.5,568.2,579.6,574.3,558.9,561.6,568.6,569.9,545.8,568.4,515.9,595.5,0.9,27.5
2025-04-09 16:36:15,586.3,565.2,579.5,572.3,559.0,559.2,568.7,567.7,543.4,567.7,515.5,594.6,1.7,27.5
2025-04-09 16:36:20,587.4,564.8,581.4,572.3,560.5,560.1,570.3,568.3,543.6,568.6,517.1,594.9,1.7,27.5
2025-04-09 16:36:25,583.5,567.8,576.7,573.3,554.4,560.4,564.1,568.5,542.9,568.7,515.8,595.8,1.7,27.6
2025-04-09 16:36:30,577.4,565.1,569.0,565.3,546.9,552.9,559.4,564.9,544.1,575.4,521.8,582.9,1.4,27.6
2025-04-09 16:36:35,577.8,554.2,570.0,561.3,550.5,550.3,561.0,566.1,547.7,581.5,528.0,582.4,1.3,27.6
2025-04-09 16:36:40,589.8,557.3,582.1,568.6,559.0,555.9,568.7,573.1,554.6,584.3,533.1,588.4,1.0,27.6
2025-04-09 16:36:45,594.9,568.3,588.4,576.8,565.4,565.6,577.8,580.3,557.6,586.1,536.0,597.7,0.9,27.6
2025-04-09 16:36:50,587.7,578.4,587.0,584.1,567.0,569.6,578.9,582.7,558.1,585.6,536.9,605.4,0.7,27.6
2025-04-09 16:36:55,581.3,577.8,582.3,582.9,564.2,570.1,578.2,582.9,557.7,581.5,531.1,603.6,0.6,27.6
2025-04-09 16:37:00,577.9,576.2,579.2,581.3,561.3,567.5,574.5,580.0,552.6,574.2,522.9,597.5,0.6,27.6
2025-04-09 16:37:05,576.4,569.5,574.9,574.0,555.7,563.5,569.0,574.2,547.6,571.8,520.4,592.7,0.3,27.6
2025-04-09 16:37:10,578.9,564.5,573.9,571.7,555.9,561.4,570.5,572.8,547.2,575.8,526.3,593.0,0.3,27.6
2025-04-09 16:37:15,580.2,565.0,576.8,574.3,558.7,565.0,575.6,574.3,549.5,582.8,534.3,595.4,0.3,27.6
2025-04-09 16:37:20,579.3,567.2,575.9,574.7,556.8,565.6,572.0,580.9,557.9,584.6,532.5,594.6,0.7,27.7
2025-04-09 16:37:25,578.5,564.5,574.4,570.9,554.0,561.4,568.5,575.1,553.7,581.8,527.6,591.7,0.9,27.6
2025-04-09 16:37:30,585.4,560.9,581.9,569.5,561.9,560.2,577.1,574.6,553.8,586.3,530.4,591.3,1.2,27.7
2025-04-09 16:37:35,592.9,567.8,592.0,580.1,573.5,571.4,583.7,579.7,557.7,592.5,546.6,601.7,1.0,27.7
2025-04-09 16:37:40,602.7,574.0,597.7,586.6,579.5,577.8,597.0,594.0,569.6,611.9,572.8,615.9,0.8,27.6
2025-04-09 16:37:45,603.3,591.9,602.4,601.1,587.2,591.2,606.0,609.6,584.6,619.9,581.5,622.6,0.7,27.7
2025-04-09 16:37:50,599.2,592.4,598.7,599.6,582.7,596.2,602.8,612.4,587.6,616.5,575.0,621.4,0.6,27.7
2025-04-09 16:37:55,598.1,589.8,598.4,597.8,582.7,590.8,600.3,605.8,582.8,611.8,568.9,618.8,0.4,27.7
2025-04-09 16:38:00,601.7,587.9,601.1,597.4,586.6,590.5,604.7,605.9,582.7,616.3,575.4,621.3,0.3,27.7
2025-04-09 16:38:05,605.4,590.7,605.5,602.2,591.7,596.3,608.5,611.3,588.0,619.2,580.7,623.4,0.3,27.7
2025-04-09 16:38:10,604.3,596.9,603.6,608.0,587.4,598.0,602.2,612.8,588.4,610.5,574.7,626.4,0.6,27.7
2025-04-09 16:38:15,592.6,593.9,590.5,600.0,571.7,587.2,584.2,599.0,575.8,593.5,541.4,611.0,0.9,27.7
2025-04-09 16:38:20,574.9,574.2,570.5,575.9,561.3,579.0,575.4,590.2,568.9,584.3,528.7,597.3,0.9,27.7
2025-04-09 16:38:25,577.6,557.3,573.5,565.9,556.6,558.9,567.1,572.9,554.3,575.8,520.1,585.8,1.0,27.8
2025-04-09 16:38:30,593.7,559.7,589.1,576.2,570.8,566.8,586.0,573.9,552.7,583.4,533.9,595.2,1.2,27.8
2025-04-09 16:38:35,600.3,569.9,597.3,586.2,577.5,576.9,593.7,590.2,564.5,599.6,555.6,611.6,1.5,27.8
2025-04-09 16:38:40,602.4,583.5,600.5,594.8,581.2,585.4,596.3,600.0,573.1,604.7,560.1,617.0,1.4,27.8
2025-04-09 16:38:45,603.1,587.2,599.8,597.0,580.1,586.0,592.1,599.1,574.5,602.4,557.9,616.5,1.4,27.8
2025-04-09 16:38:50,602.2,586.5,595.7,592.5,575.8,580.8,587.8,593.0,572.0,600.9,553.0,611.9,1.5,27.7
2025-04-09 16:38:55,597.7,581.7,592.9,589.7,575.6,580.3,593.3,595.4,576.1,606.1,559.5,609.2,1.3,27.7
2025-04-09 16:39:00,601.1,580.8,600.2,594.2,586.4,587.4,598.4,599.8,579.9,621.4,580.4,612.9,1.2,27.7
2025-04-09 16:39:05,610.6,589.1,611.7,604.3,596.3,598.7,614.2,615.1,592.0,627.5,588.7,623.3,1.1,27.7
2025-04-09 16:39:10,620.1,600.1,621.8,613.4,602.4,604.8,615.9,621.2,593.5,623.3,583.8,634.0,0.9,27.8
2025-04-09 16:39:15,628.4,607.4,625.5,618.3,603.9,606.4,615.5,620.1,590.4,618.3,577.7,641.6,0.8,27.8
2025-04-09 16:39:20,622.6,611.3,618.2,617.7,594.4,605.8,609.3,617.2,588.4,613.5,569.0,637.7,1.6,27.8
2025-04-09 16:39:25,617.4,608.1,611.5,613.3,588.0,598.8,597.2,608.8,580.6,594.7,543.0,623.5,2.7,27.8
2025-04-09 16:39:30,599.9,594.9,595.6,597.3,571.5,583.0,581.0,589.5,563.0,583.7,528.4,609.2,2.9,27.8
2025-04-09 16:39:35,600.0,577.1,590.5,586.8,567.8,572.8,580.8,581.8,557.7,588.1,534.6,602.9,2.6,27.8
2025-04-09 16:39:40,605.6,574.8,598.3,586.8,578.9,576.6,596.3,591.1,570.6,615.4,572.9,605.0,2.4,27.8
2025-04-09 16:39:45,612.4,584.8,609.9,601.3,595.9,594.2,618.6,616.4,594.4,641.8,607.4,619.4,2.2,27.8
2025-04-09 16:39:50,616.5,599.5,620.8,617.1,609.4,612.8,632.0,634.1,609.6,648.0,614.5,635.0,2.2,27.8
2025-04-09 16:39:55,624.9,616.0,629.8,631.8,618.1,625.1,639.2,643.9,615.3,653.4,621.0,648.8,2.1,27.8
2025-04-09 16:40:00,627.7,622.2,630.9,635.5,620.6,628.9,644.0,649.3,624.6,664.8,631.7,652.6,2.1,27.8
2025-04-09 16:40:05,633.2,624.8,637.8,639.7,622.4,631.3,645.1,653.2,628.4,668.3,639.1,656.5,2.0,27.8
2025-04-09 16:40:10,642.2,630.7,644.8,644.8,630.2,636.8,648.9,657.4,633.4,671.4,643.1,661.1,1.6,27.8
2025-04-09 16:40:15,650.3,636.4,652.2,649.3,636.8,643.6,657.0,661.5,637.8,674.1,647.1,665.4,1.4,27.8
2025-04-09 16:40:20,658.2,641.1,656.8,655.2,640.0,648.1,659.7,665.3,638.6,675.8,649.5,674.5,1.8,27.8
2025-04-09 16:40:25,662.2,647.9,659.9,658.6,641.9,648.8,658.8,664.7,638.1,670.6,642.7,674.9,1.7,27.8
2025-04-09 16:40:30,663.3,648.0,660.6,658.6,643.6,648.1,660.8,662.1,634.3,669.8,642.4,675.7,1.7,27.8
2025-04-09 16:40:35,668.5,649.8,663.4,659.6,646.1,649.6,663.9,665.2,635.9,673.4,647.6,679.4,1.9,27.8
2025-04-09 16:40:40,677.6,651.4,668.7,661.0,649.7,650.9,667.5,667.3,637.9,677.4,654.7,683.0,1.9,27.8
2025-04-09 16:40:45,682.0,657.8,677.9,669.2,659.1,658.7,671.2,669.8,640.6,682.6,661.8,688.0,1.6,27.8
2025-04-09 16:40:50,678.7,665.6,676.0,676.0,658.6,665.7,678.5,683.0,653.8,694.4,674.5,694.3,1.5,27.8
2025-04-09 16:40:55,670.7,665.9,668.7,674.4,653.0,665.0,674.0,683.4,656.9,695.4,675.6,692.0,1.4,27.8
2025-04-09 16:41:00,663.5,658.1,660.9,669.7,648.3,660.8,669.8,680.1,656.0,690.1,667.1,682.7,1.1,27.8
2025-04-09 16:41:05,656.7,653.4,654.9,663.5,641.4,654.6,664.6,676.0,651.3,685.1,660.5,679.4,1.0,27.8
2025-04-09 16:41:10,651.4,650.9,650.8,660.0,636.1,651.8,654.8,670.5,646.4,673.4,642.0,676.0,0.9,27.8
2025-04-09 16:41:15,643.6,637.0,641.5,647.5,625.4,639.2,643.0,655.9,634.6,663.5,629.8,660.7,0.9,27.8
2025-04-09 16:41:20,642.4,632.6,641.5,641.0,624.2,633.0,641.5,650.3,628.1,660.9,627.2,659.3,0.8,27.8
2025-04-09 16:41:25,639.7,632.1,637.5,640.4,620.8,632.3,638.7,647.3,624.8,658.6,623.6,657.2,0.7,27.8
2025-04-09 16:41:30,639.0,629.8,635.4,636.6,619.0,630.5,635.8,644.4,620.9,652.5,616.5,654.4,0.7,27.8
2025-04-09 16:41:35,644.1,628.2,641.3,637.0,623.5,629.7,639.8,644.6,620.0,652.7,617.6,654.8,0.7,27.8
2025-04-09 16:41:40,651.6,633.4,648.7,644.2,630.3,635.7,647.2,650.6,625.2,663.5,628.0,663.1,1.0,27.8
2025-04-09 16:41:45,653.4,640.1,652.3,651.1,636.0,641.8,654.6,658.4,632.3,667.9,640.1,668.0,0.9,27.8
2025-04-09 16:41:50,663.9,646.1,664.1,660.0,640.5,645.8,659.8,663.0,637.0,676.8,652.0,676.4,0.8,27.8
2025-04-09 16:41:55,675.4,655.2,672.9,668.0,652.7,656.1,667.6,671.2,642.0,676.1,650.2,685.3,0.7,27.8
2025-04-09 16:42:00,682.0,662.0,676.0,671.2,655.1,656.6,668.7,671.1,641.9,680.9,657.0,689.1,0.6,27.8
2025-04-09 16:42:05,683.6,663.8,679.3,673.1,658.7,659.9,677.7,680.1,651.9,696.4,678.4,692.0,0.5,27.8
2025-04-09 16:42:10,684.4,669.2,684.6,684.3,666.9,670.1,687.1,691.5,662.3,704.3,688.2,699.8,0.4,27.8
2025-04-09 16:42:15,685.5,674.0,685.5,688.4,670.4,678.0,688.7,697.5,667.5,704.1,688.7,703.6,0.4,27.8
2025-04-09 16:42:20,687.1,678.0,686.3,689.5,669.7,678.0,687.2,696.4,666.5,701.2,683.6,705.3,2.2,27.8
2025-04-09 16:42:25,687.8,678.3,685.7,688.4,667.5,676.6,685.5,693.9,665.1,699.7,681.3,703.1,3.3,27.8
2025-04-09 16:42:30,689.2,676.8,685.9,687.6,668.2,676.8,685.2,691.8,662.9,694.1,678.8,703.2,3.1,27.7
2025-04-09 16:42:35,688.8,676.9,685.1,687.4,666.3,674.9,683.0,689.1,658.0,688.3,668.5,702.8,2.8,27.7
2025-04-09 16:42:40,687.7,674.9,682.2,683.8,663.1,671.1,677.9,684.0,651.5,684.3,663.0,699.0,3.0,27.6
2025-04-09 16:42:45,686.9,669.5,679.1,677.4,657.7,666.4,672.5,677.4,643.9,669.3,643.7,692.7,2.7,27.5
2025-04-09 16:42:50,684.8,663.9,672.7,674.3,653.4,658.1,661.7,666.2,631.6,652.4,620.4,685.9,3.5,27.5
2025-04-09 16:42:55,672.4,652.5,667.8,664.7,639.2,645.3,646.4,651.3,616.2,641.4,605.0,670.7,2.9,27.4
2025-04-09 16:43:00,660.5,638.1,653.6,649.2,628.6,632.1,641.3,642.5,613.0,645.4,609.2,660.3,2.5,27.3
2025-04-09 16:43:05,654.4,635.1,647.4,644.4,624.1,631.4,636.5,642.7,612.0,641.2,602.6,656.1,2.5,27.3
2025-04-09 16:43:10,650.9,629.3,640.4,638.9,620.2,625.2,637.7,639.2,611.4,651.0,606.8,652.2,3.3,27.3
2025-04-09 16:43:15,648.5,624.6,643.7,639.1,628.3,632.1,648.6,650.4,623.4,658.8,626.7,652.4,3.3,27.3
2025-04-09 16:43:20,653.8,630.6,650.2,647.8,634.1,639.5,653.0,656.6,628.6,664.2,632.9,660.0,2.9,27.3
2025-04-09 16:43:25,658.7,637.9,654.7,652.3,638.6,643.3,656.3,658.2,630.1,666.0,635.7,665.9,2.7,27.3
2025-04-09 16:43:30,663.2,641.2,658.7,655.0,642.1,645.9,660.1,661.4,634.4,671.1,640.0,670.2,2.8,27.3
2025-04-09 16:43:35,664.9,646.2,661.3,660.2,644.5,647.6,662.1,663.6,635.6,670.4,641.4,674.5,2.7,27.3
2025-04-09 16:43:40,662.3,648.3,657.4,659.6,639.2,649.6,657.4,663.9,632.8,662.8,631.8,673.9,2.7,27.3
2025-04-09 16:43:45,656.4,644.2,651.1,653.6,631.6,641.3,647.7,654.1,625.3,658.4,626.0,666.8,2.5,27.3
2025-04-09 16:43:50,650.8,635.3,644.4,648.9,627.2,636.9,641.9,650.6,620.7,647.8,611.1,658.8,2.2,27.3
2025-04-09 16:43:55,650.1,630.0,641.9,639.3,618.7,629.3,634.1,641.4,610.7,635.3,595.2,651.3,1.9,27.3
2025-04-09 16:44:00,648.4,626.8,639.6,636.5,616.0,621.6,625.5,631.6,600.0,619.6,573.5,648.7,1.8,27.3
2025-04-09 16:44:05,644.5,618.7,630.4,625.7,603.0,608.1,609.9,615.3,585.9,611.9,562.6,634.7,1.6,27.3
2025-04-09 16:44:10,624.5,602.1,610.4,614.6,593.1,598.5,604.8,608.9,582.2,611.2,562.1,623.1,1.5,27.2
2025-04-09 16:44:15,614.2,594.9,606.9,606.4,590.6,595.7,605.1,607.9,579.9,609.2,559.3,619.2,1.4,27.2
2025-04-09 16:44:20,609.9,591.3,605.4,604.7,588.3,592.8,602.1,605.2,579.5,609.0,559.6,617.4,1.6,27.2
2025-04-09 16:44:25,610.0,589.6,604.7,602.2,585.0,592.0,599.3,604.5,579.1,609.1,559.4,614.8,1.8,27.2
2025-04-09 16:44:30,606.6,585.4,598.5,598.6,578.6,589.5,594.7,601.9,575.5,598.2,543.8,609.4,1.9,27.2
2025-04-09 16:44:35,598.7,581.1,590.0,591.4,569.2,577.6,577.3,586.2,556.5,581.9,522.2,602.8,2.0,27.1
2025-04-09 16:44:40,586.7,570.2,574.6,587.3,562.9,571.2,569.5,577.1,547.0,557.6,489.4,589.5,1.8,27.1
2025-04-09 16:44:45,569.2,554.5,555.4,558.5,534.7,543.4,545.2,554.4,529.6,552.9,481.9,570.7,1.7,27.1
2025-04-09 16:44:50,551.5,535.3,544.2,545.5,530.6,538.9,543.4,548.4,529.3,558.5,489.5,557.6,1.6,27.1
2025-04-09 16:44:55,545.7,528.7,544.6,543.9,533.3,538.4,550.0,556.0,531.3,563.9,496.9,555.4,1.6,27.1
2025-04-09 16:45:00,547.8,530.7,548.7,549.7,537.8,545.7,555.9,561.9,540.9,571.8,507.7,563.1,1.5,27.1
2025-04-09 16:45:05,548.5,536.9,553.3,555.2,541.0,551.7,559.3,566.8,546.4,573.9,510.6,565.8,2.2,27.1
2025-04-09 16:45:10,554.8,541.1,560.5,561.0,546.8,553.3,565.7,571.4,550.9,584.5,526.2,571.3,2.2,27.0
2025-04-09 16:45:15,566.7,548.7,573.3,570.8,564.0,568.4,581.7,581.4,560.6,593.1,538.9,581.2,2.6,27.1
2025-04-09 16:45:20,574.0,555.3,579.4,577.4,567.3,573.8,582.2,588.6,563.8,593.5,538.1,594.3,3.5,27.0
2025-04-09 16:45:25,580.1,566.6,579.5,582.7,565.8,574.4,581.3,589.2,565.8,597.9,544.1,592.2,3.7,27.0
2025-04-09 16:45:30,581.7,568.6,584.7,584.3,570.9,578.1,588.0,594.2,573.2,606.5,555.3,597.3,3.8,27.0
2025-04-09 16:45:35,586.2,574.3,589.2,593.0,579.7,586.9,599.5,606.8,584.0,622.2,576.5,602.2,3.4,27.0
2025-04-09 16:45:40,596.4,581.1,596.4,601.5,587.1,596.1,608.6,617.1,595.4,633.1,591.5,613.1,3.4,27.0
2025-04-09 16:45:45,599.6,588.8,603.1,609.5,593.4,605.0,614.1,625.7,603.1,634.3,592.9,617.6,3.2,27.0
2025-04-09 16:45:50,608.4,597.4,611.9,615.0,599.5,609.8,618.5,626.7,602.1,632.1,590.3,624.3,2.5,27.0
2025-04-09 16:45:55,616.7,602.5,618.3,619.3,604.8,611.9,620.6,629.0,602.0,632.9,592.5,630.2,2.2,27.0
2025-04-09 16:46:00,622.5,606.5,622.1,621.5,606.9,614.8,625.8,632.0,606.5,642.8,606.0,635.7,2.8,27.0
2025-04-09 16:46:05,627.1,610.5,626.9,627.7,613.9,622.5,633.2,639.5,613.1,647.9,612.6,640.0,3.2,27.0
2025-04-09 16:46:10,633.5,615.1,632.4,632.9,618.0,626.7,636.5,643.3,615.9,648.1,612.9,644.1,3.0,27.0
2025-04-09 16:46:15,636.5,618.1,635.3,635.3,619.2,628.3,636.9,643.1,614.9,646.4,611.0,648.3,2.9,26.9
2025-04-09 16:46:20,640.5,623.1,637.6,638.1,620.3,628.5,636.2,641.2,614.0,647.1,611.2,649.5,3.3,26.9
2025-04-09 16:46:25,641.3,623.1,638.0,637.6,620.7,627.9,636.3,641.0,615.7,652.7,619.4,649.5,3.3,26.9
2025-04-09 16:46:30,647.3,624.0,643.4,639.5,626.1,630.6,643.6,646.5,621.8,663.0,632.8,652.7,2.6,26.9
2025-04-09 16:46:35,651.4,628.5,646.6,644.6,632.1,636.9,653.4,656.2,632.5,676.6,650.7,658.1,2.4,26.9
2025-04-09 16:46:40,653.5,634.4,651.5,652.0,640.4,647.5,664.0,661.6,638.0,685.0,662.7,662.4,2.5,26.8
2025-04-09 16:46:45,658.1,641.2,658.4,659.7,648.8,657.6,672.8,675.5,651.6,693.6,674.8,669.4,2.4,26.8
2025-04-09 16:46:50,665.9,649.6,668.0,668.6,656.6,665.8,678.5,686.6,660.3,699.2,683.1,678.3,2.2,26.8
2025-04-09 16:46:55,675.5,660.0,677.2,678.2,664.4,672.4,683.4,690.6,664.2,704.7,690.6,688.4,2.8,26.8
2025-04-09 16:47:00,680.8,667.4,681.9,684.7,669.0,677.6,689.1,694.7,667.6,707.1,693.8,694.0,2.4,26.7
2025-04-09 16:47:05,688.9,669.7,684.5,686.8,670.4,679.3,691.1,696.8,669.3,710.2,698.4,699.2,1.8,26.7
2025-04-09 16:47:10,696.6,675.8,692.1,692.3,676.3,684.2,697.0,702.8,674.3,717.3,709.2,703.9,1.8,26.6
2025-04-09 16:47:15,702.1,683.2,699.3,697.3,681.1,689.0,702.2,707.9,680.1,721.9,714.9,708.3,1.9,26.6
2025-04-09 16:47:20,705.7,686.4,704.0,703.9,688.8,695.0,708.2,713.0,682.6,722.4,716.8,712.6,1.8,26.6
2025-04-09 16:47:25,710.7,692.7,709.0,709.3,692.8,699.8,711.1,714.7,684.0,722.9,718.8,719.3,1.9,26.6
2025-04-09 16:47:30,710.6,697.0,708.6,710.8,692.6,700.8,710.7,716.3,684.4,723.2,720.2,720.9,2.0,26.6
2025-04-09 16:47:35,710.2,696.2,708.5,710.4,691.4,699.4,710.1,716.2,685.7,723.8,720.7,720.5,1.9,26.5
2025-04-09 16:47:40,711.5,694.1,708.1,709.2,688.5,698.0,707.9,715.1,685.9,723.8,719.4,718.1,1.8,26.5
2025-04-09 16:47:45,710.9,691.9,703.4,707.8,687.3,696.3,705.0,713.3,686.0,724.0,719.3,715.8,1.6,26.5
2025-04-09 16:47:50,707.0,689.4,701.2,702.5,683.9,693.6,703.6,712.4,685.1,722.5,717.2,713.1,1.3,26.5
2025-04-09 16:47:55,706.4,688.6,701.9,702.8,684.1,692.9,702.8,710.4,682.4,720.0,714.7,713.1,1.1,26.5
2025-04-09 16:48:00,706.5,688.6,701.9,702.7,684.5,692.3,703.0,709.0,680.1,717.2,712.2,713.8,1.1,26.5
2025-04-09 16:48:05,708.0,690.1,704.6,702.8,685.3,692.2,704.8,708.5,679.3,717.8,713.9,714.1,0.8,26.5
2025-04-09 16:48:10,710.0,690.6,706.5,703.3,687.7,693.5,706.6,710.2,680.8,718.5,716.0,714.4,0.7,26.5
2025-04-09 16:48:15,716.2,693.0,711.7,707.0,692.4,696.6,711.0,712.7,683.9,725.1,723.1,717.3,0.6,26.5
2025-04-09 16:48:20,720.2,696.6,714.3,710.8,695.1,699.7,714.2,717.9,686.2,728.8,730.1,724.0,0.5,26.5
2025-04-09 16:48:25,720.6,700.9,714.8,714.0,695.4,701.1,714.2,719.5,688.1,729.3,731.7,724.3,0.4,26.5
2025-04-09 16:48:30,719.7,701.1,713.4,713.7,695.4,703.1,714.4,720.9,689.2,728.0,731.2,723.4,0.4,26.5
2025-04-09 16:48:35,720.3,701.1,713.3,712.9,694.9,702.5,714.8,718.6,688.1,727.8,729.6,722.9,0.3,26.5
2025-04-09 16:48:40,723.3,700.9,718.7,715.3,697.9,702.3,720.0,720.7,692.0,739.4,746.9,724.3,0.3,26.5
2025-04-09 16:48:45,731.3,707.0,727.9,723.1,711.2,714.3,730.1,730.8,701.5,746.3,755.6,733.1,0.5,26.5
2025-04-09 16:48:50,734.6,712.3,731.5,728.3,711.8,717.1,729.5,734.8,702.6,740.1,747.9,739.9,0.5,26.6
2025-04-09 16:48:55,733.7,716.9,726.7,727.1,707.1,714.7,724.1,728.8,697.7,735.8,741.5,736.5,0.5,26.6
2025-04-09 16:49:00,728.2,712.4,720.7,723.0,703.2,710.9,721.0,726.7,695.3,735.0,741.6,732.7,0.4,26.6
2025-04-09 16:49:05,724.4,709.1,717.5,720.0,698.7,708.4,719.4,725.4,695.9,735.4,742.0,728.9,0.5,26.6
2025-04-09 16:49:10,722.1,705.9,715.8,718.5,698.4,706.9,719.0,726.4,697.5,737.1,745.3,726.2,0.7,26.6
2025-04-09 16:49:15,721.5,704.9,715.5,717.8,699.0,707.6,720.6,727.4,696.9,736.1,745.1,725.2,0.9,26.6
2025-04-09 16:49:20,721.3,705.0,714.3,718.4,695.6,706.2,716.3,725.2,692.3,727.8,732.6,726.0,0.9,26.7
2025-04-09 16:49:25,715.9,702.6,707.2,712.1,688.6,699.9,707.3,718.7,686.5,723.2,727.0,721.8,0.8,26.7
2025-04-09 16:49:30,706.5,699.1,703.4,708.4,685.8,696.4,704.9,712.7,685.1,722.8,726.5,712.2,0.8,26.7
2025-04-09 16:49:35,702.1,687.8,697.5,700.6,681.8,691.5,700.7,710.9,683.8,717.6,719.6,709.1,1.0,26.7
2025-04-09 16:49:40,702.7,687.1,696.9,698.8,675.5,689.7,696.1,705.4,675.3,704.2,701.4,707.3,1.4,26.8
2025-04-09 16:49:45,699.4,684.7,687.6,692.2,663.1,675.0,675.2,688.7,662.8,697.4,690.4,701.1,1.5,26.8
2025-04-09 16:49:50,685.0,670.1,667.7,674.3,648.1,660.5,666.7,679.9,658.0,688.2,677.3,674.1,1.4,26.8
2025-04-09 16:49:55,667.5,651.8,658.3,663.4,642.1,654.1,659.6,672.3,648.2,680.5,667.7,669.7,1.3,26.8
2025-04-09 16:50:00,670.4,645.7,663.0,658.5,645.8,648.7,663.7,666.5,640.8,676.8,661.7,664.7,1.1,26.8
2025-04-09 16:50:05,679.5,647.9,670.2,664.2,650.3,652.9,665.0,670.3,642.6,679.7,670.8,670.1,0.9,26.8
2025-04-09 16:50:10,677.1,656.2,664.2,666.6,648.7,654.2,663.8,669.9,643.6,676.9,666.9,671.6,0.7,26.8
2025-04-09 16:50:15,669.3,651.4,660.8,661.9,645.8,651.8,666.7,668.1,642.7,683.5,676.8,667.6,0.7,26.8
2025-04-09 16:50:20,666.5,651.1,662.5,665.3,648.6,658.0,669.5,674.5,649.0,688.3,684.4,671.1,0.7,26.8
2025-04-09 16:50:25,663.1,653.7,661.7,666.5,648.8,658.7,669.4,677.4,651.6,689.9,686.2,672.3,0.7,26.9
2025-04-09 16:50:30,664.1,653.7,665.0,666.3,650.6,659.3,674.4,679.6,654.6,694.5,693.0,672.9,0.8,26.9
2025-04-09 16:50:35,668.0,654.0,668.6,669.9,657.8,665.1,681.0,684.4,658.4,705.2,708.6,675.9,1.1,26.9
2025-04-09 16:50:40,680.4,663.0,679.1,679.9,668.0,673.1,693.9,695.9,671.1,718.6,728.1,689.1,1.7,26.9
2025-04-09 16:50:45,691.1,671.9,690.1,690.5,679.8,686.0,704.6,708.0,681.5,724.8,737.4,701.1,1.7,26.9
2025-04-09 16:50:50,701.1,686.3,700.4,702.0,687.2,693.7,708.6,714.0,683.1,724.8,738.0,707.0,1.7,26.9
2025-04-09 16:50:55,708.2,693.7,704.4,706.3,689.4,694.9,710.0,715.2,684.2,726.0,740.9,712.3,1.6,27.0
2025-04-09 16:51:00,708.3,695.7,704.0,707.5,691.3,697.5,715.1,719.9,691.3,734.3,752.3,712.8,1.7,27.0
2025-04-09 16:51:05,710.5,698.9,711.7,710.3,696.5,703.1,722.6,728.7,698.9,743.1,764.8,719.4,1.7,27.0
2025-04-09 16:51:10,718.5,709.6,716.4,720.0,700.0,710.9,718.3,730.0,694.3,721.9,735.8,726.2,1.4,27.0
2025-04-09 16:51:15,717.6,710.6,707.9,715.7,684.2,699.4,694.2,710.4,674.3,685.2,684.6,709.1,1.5,27.0
2025-04-09 16:51:20,693.5,689.4,674.4,684.5,647.4,664.0,657.6,672.0,641.3,661.0,650.7,677.0,2.0,27.1
2025-04-09 16:51:25,662.3,656.8,645.1,654.3,627.8,638.8,645.5,652.5,626.9,661.0,653.5,661.0,1.9,27.0
2025-04-09 16:51:30,644.7,632.1,642.1,643.8,634.4,638.5,658.0,652.2,628.0,669.5,666.7,648.5,2.0,27.1
2025-04-09 16:51:35,654.7,636.0,656.7,656.1,646.3,651.5,666.5,665.9,641.0,678.7,680.5,659.6,1.9,27.1
2025-04-09 16:51:40,664.9,649.2,664.8,664.3,651.2,657.1,672.1,673.8,645.2,683.2,686.9,669.3,1.6,27.1
2025-04-09 16:51:45,669.9,654.6,668.5,668.6,652.7,660.8,671.7,677.8,649.1,686.3,690.7,675.4,1.2,27.1
2025-04-09 16:51:50,668.3,657.5,665.9,669.6,650.9,660.1,670.3,676.9,648.3,684.7,688.9,674.2,1.0,27.1
2025-04-09 16:51:55,672.6,657.3,666.1,669.3,651.2,659.1,674.3,676.7,650.6,697.7,707.0,673.3,0.8,27.2
2025-04-09 16:52:00,684.9,658.4,676.9,676.0,663.7,667.4,686.5,688.6,664.2,711.6,726.5,682.4,0.9,27.1
2025-04-09 16:52:05,696.9,666.6,688.2,684.3,675.1,677.4,698.7,700.0,674.1,721.0,741.8,693.1,1.1,27.2
2025-04-09 16:52:10,706.8,682.2,704.7,701.8,691.5,694.5,715.0,709.1,679.3,728.8,753.5,703.7,1.1,27.2
2025-04-09 16:52:15,716.3,695.4,713.0,713.1,697.9,703.8,720.1,724.6,692.3,737.0,765.5,715.2,1.3,27.2
2025-04-09 16:52:20,720.8,703.4,715.4,715.8,701.1,708.2,721.7,729.1,697.3,738.4,767.9,720.5,1.3,27.2
2025-04-09 16:52:25,721.8,706.9,717.8,720.9,703.8,711.7,724.1,730.6,700.3,743.6,774.0,723.5,1.9,27.2
2025-04-09 16:52:30,723.8,708.5,719.5,722.7,706.0,713.9,727.2,732.7,702.9,744.3,776.4,724.5,2.6,27.2
2025-04-09 16:52:35,728.7,710.0,722.0,724.3,706.2,714.6,728.4,733.2,702.6,744.6,778.7,728.5,3.1,27.2
2025-04-09 16:52:40,734.0,715.2,730.3,729.2,710.1,716.8,732.7,735.3,704.8,748.2,784.6,731.9,2.8,27.2
2025-04-09 16:52:45,736.7,717.5,731.6,731.1,712.9,719.1,735.1,738.4,707.6,750.8,787.6,733.9,2.8,27.2
2025-04-09 16:52:50,735.1,720.6,729.2,731.3,710.4,720.1,732.9,739.3,707.7,749.0,787.5,733.6,2.7,27.2
2025-04-09 16:52:55,730.2,719.2,726.0,729.3,709.1,718.5,730.7,738.2,705.9,747.0,783.8,728.9,2.7,27.2
2025-04-09 16:53:00,729.6,718.7,725.2,728.3,709.0,717.3,731.0,736.2,704.9,746.6,783.5,728.6,2.7,27.2
2025-04-09 16:53:05,730.5,717.5,726.8,728.4,712.5,717.6,734.9,738.2,707.3,751.4,792.1,728.6,2.7,27.2
2025-04-09 16:53:10,734.9,719.8,730.0,731.8,715.1,722.4,737.5,742.8,709.8,752.7,794.6,732.1,2.6,27.2
2025-04-09 16:53:15,737.8,724.3,733.9,735.1,718.4,725.7,738.5,744.2,711.5,755.3,798.9,734.9,2.4,27.2
2025-04-09 16:53:20,739.5,727.8,734.9,737.2,720.2,726.9,740.8,746.1,713.4,754.5,798.6,736.7,2.4,27.2
2025-04-09 16:53:25,740.4,729.8,735.3,737.7,719.9,727.0,740.3,745.6,712.8,754.4,798.4,738.1,2.2,27.2
2025-04-09 16:53:30,741.0,729.1,735.3,737.7,719.4,726.2,739.3,744.9,711.6,752.6,796.8,737.6,1.9,27.2
2025-04-09 16:53:35,740.6,727.7,734.5,735.8,718.8,725.6,739.2,742.8,709.8,750.9,796.3,736.6,2.3,27.3
2025-04-09 16:53:40,738.6,726.9,733.5,735.4,717.8,723.7,738.1,741.9,708.6,752.3,797.9,735.7,2.2,27.2
2025-04-09 16:53:45,738.9,724.3,733.1,733.8,717.6,723.2,738.3,741.7,710.1,755.4,802.9,735.1,2.2,27.3
2025-04-09 16:53:50,739.7,724.3,734.2,733.8,718.7,724.3,741.8,744.8,713.0,758.2,808.0,736.8,2.2,27.3
2025-04-09 16:53:55,741.5,726.2,736.0,737.0,721.8,728.1,745.0,747.7,716.1,762.2,811.8,739.1,2.0,27.3
2025-04-09 16:54:00,744.0,731.6,739.0,739.6,723.9,730.5,747.8,750.9,717.7,762.5,814.6,742.6,1.5,27.3
2025-04-09 16:54:05,744.5,733.3,739.6,741.7,724.4,731.3,746.7,750.7,717.1,760.2,813.5,743.6,1.3,27.3
2025-04-09 16:54:10,744.7,734.2,738.5,741.3,723.5,729.9,745.4,747.2,714.0,758.4,810.5,743.5,1.1,27.3
2025-04-09 16:54:15,743.3,732.0,737.5,738.2,722.5,728.1,743.3,746.2,713.4,757.0,809.2,741.3,1.0,27.3
2025-04-09 16:54:20,742.7,729.8,735.6,737.5,720.6,728.2,743.1,746.5,713.3,756.7,809.3,738.3,0.9,27.3
2025-04-09 16:54:25,742.0,729.1,734.5,736.5,718.9,725.8,740.6,745.4,712.5,755.6,808.7,737.4,0.8,27.3
2025-04-09 16:54:30,740.4,728.0,733.1,735.1,718.7,724.4,741.2,745.8,713.1,757.8,812.3,737.1,0.7,27.3
2025-04-09 16:54:35,739.7,727.8,734.9,736.3,719.5,725.1,742.6,748.0,715.1,762.0,819.3,737.5,0.8,27.3
2025-04-09 16:54:40,742.7,730.9,738.1,740.9,724.9,728.3,746.5,750.5,719.6,764.8,823.9,741.5,1.3,27.3
2025-04-09 16:54:45,744.8,733.8,740.1,742.5,725.6,731.7,748.1,753.4,721.2,763.8,822.7,745.7,1.3,27.3
2025-04-09 16:54:50,747.1,737.9,741.1,744.6,725.6,732.3,744.7,752.3,717.1,757.9,816.3,746.3,1.2,27.3
2025-04-09 16:54:55,743.6,737.3,735.4,742.9,721.2,729.1,741.2,747.6,713.1,754.5,812.9,741.9,0.9,27.3
2025-04-09 16:55:00,741.3,733.5,732.4,738.4,717.7,726.2,737.7,743.8,710.3,752.5,810.1,740.2,0.8,27.3
2025-04-09 16:55:05,738.2,730.1,730.4,735.7,715.9,724.7,735.8,741.3,708.7,750.5,807.9,736.1,1.1,27.3
2025-04-09 16:55:10,735.7,728.2,728.4,734.0,713.7,723.0,733.8,741.0,707.9,750.6,808.2,735.6,1.1,27.3
2025-04-09 16:55:15,734.3,726.3,726.9,732.4,712.8,720.8,733.4,739.7,706.4,748.4,805.6,733.0,1.2,27.3
2025-04-09 16:55:20,733.8,725.2,726.9,731.1,712.6,719.1,733.3,738.4,704.8,747.4,805.7,732.6,1.5,27.3
2025-04-09 16:55:25,733.9,723.0,727.0,730.5,713.1,719.1,733.8,738.6,704.6,747.6,807.7,732.6,1.5,27.3
2025-04-09 16:55:30,735.2,723.4,728.2,730.9,713.5,719.4,734.3,738.8,704.6,748.0,807.7,733.2,1.3,27.3
2025-04-09 16:55:35,734.5,723.9,728.7,730.6,713.0,718.8,733.8,738.1,704.3,746.6,807.7,733.2,1.2,27.4
2025-04-09 16:55:40,732.5,723.9,725.4,729.5,711.2,717.5,731.2,737.1,702.7,742.8,801.6,731.4,1.0,27.4
2025-04-09 16:55:45,729.5,721.8,722.0,726.1,705.0,713.6,727.2,732.8,698.2,737.3,795.8,728.4,0.8,27.4
2025-04-09 16:55:50,727.1,720.5,719.4,723.4,702.2,710.6,721.8,727.8,693.7,731.0,787.7,720.9,0.7,27.4
2025-04-09 16:55:55,720.6,714.7,712.8,717.5,696.6,704.6,716.3,721.2,687.9,726.4,781.1,718.9,0.6,27.4
2025-04-09 16:56:00,717.2,710.0,710.2,714.6,694.0,700.8,712.4,717.0,684.2,724.3,777.8,712.8,0.5,27.4
2025-04-09 16:56:05,714.0,704.9,706.9,709.4,689.0,696.4,708.9,715.2,683.0,722.1,775.5,710.0,0.5,27.4
2025-04-09 16:56:10,710.6,702.2,703.0,705.5,686.8,694.5,707.9,711.5,681.7,722.1,776.9,707.1,0.4,27.4
2025-04-09 16:56:15,708.1,698.9,701.6,704.0,685.4,694.2,707.2,710.8,682.1,722.6,777.0,703.9,0.4,27.4
2025-04-09 16:56:20,707.2,697.5,701.3,703.4,685.8,693.8,707.4,710.8,682.2,722.1,777.7,703.8,0.3,27.4
2025-04-09 16:56:25,707.9,697.8,702.1,703.5,686.7,694.3,707.8,711.2,682.2,721.9,778.8,703.8,0.3,27.4
2025-04-09 16:56:30,708.2,697.9,702.3,703.7,687.9,694.0,708.4,711.8,682.3,724.1,782.5,704.3,0.4,27.4
2025-04-09 16:56:35,710.1,700.1,705.0,705.0,689.1,696.3,711.4,713.9,683.0,724.8,784.2,705.9,0.5,27.4
2025-04-09 16:56:40,710.0,701.5,704.4,706.3,689.4,697.3,710.9,713.9,682.9,724.7,784.3,705.9,0.6,27.4
2025-04-09 16:56:45,709.9,701.3,704.0,706.2,688.9,696.6,711.4,713.9,683.7,724.6,785.4,705.1,0.6,27.4
2025-04-09 16:56:50,709.1,701.4,704.4,706.4,689.4,696.8,713.2,714.5,683.8,724.8,786.1,704.1,0.6,27.4
2025-04-09 16:56:55,709.2,701.5,704.5,706.9,689.9,697.1,712.8,714.9,683.4,724.4,785.4,704.4,0.6,27.4
2025-04-09 16:57:00,708.7,702.0,703.9,706.6,690.5,696.2,710.8,713.1,682.5,721.7,782.9,704.8,1.2,27.4
2025-04-09 16:57:05,708.4,701.6,702.1,705.9,687.3,695.4,708.5,711.8,680.1,718.6,779.0,703.5,2.5,27.4
2025-04-09 16:57:10,705.6,699.3,700.4,703.6,684.1,692.5,706.0,710.5,679.2,717.1,776.8,701.1,3.2,27.4
2025-04-09 16:57:15,704.2,697.7,699.3,701.4,682.7,691.5,704.1,708.2,677.1,716.1,776.3,698.9,2.6,27.4
2025-04-09 16:57:20,702.7,696.4,697.7,700.7,681.5,689.7,701.6,707.5,676.9,715.3,775.3,698.2,2.1,27.4
2025-04-09 16:57:25,701.6,696.2,695.8,699.0,680.8,689.5,699.9,706.3,676.0,715.1,775.5,696.6,1.8,27.4
2025-04-09 16:57:30,700.7,694.3,695.1,698.0,680.0,689.1,702.3,706.0,676.3,717.6,779.5,695.1,1.8,27.4
2025-04-09 16:57:35,700.6,694.5,695.0,698.1,681.1,689.8,704.7,708.1,678.8,720.8,784.9,696.1,1.6,27.4
2025-04-09 16:57:40,702.6,697.1,698.8,701.1,683.6,692.3,705.5,710.0,680.2,721.4,786.5,697.6,1.2,27.4
2025-04-09 16:57:45,704.6,698.3,699.1,702.7,684.5,693.8,705.8,710.9,680.3,721.1,786.6,699.0,1.2,27.4
2025-04-09 16:57:50,704.5,699.4,699.5,703.3,684.6,693.5,705.5,710.4,680.5,720.2,786.1,699.2,1.4,27.4
2025-04-09 16:57:55,704.7,699.8,699.1,703.3,683.5,693.2,703.8,710.0,680.1,719.5,785.5,698.7,1.6,27.4
2025-04-09 16:58:00,704.1,699.1,697.6,701.9,682.3,692.1,702.5,709.3,679.9,719.2,785.0,698.4,1.7,27.4
2025-04-09 16:58:05,701.6,696.9,696.4,701.0,680.7,692.0,702.3,709.1,679.7,718.3,785.2,696.8,1.8,27.4
2025-04-09 16:58:10,700.1,696.1,695.6,700.5,679.5,692.1,701.5,708.5,679.2,718.0,784.5,695.1,1.8,27.4
2025-04-09 16:58:15,698.1,695.9,693.0,700.0,678.3,691.6,701.4,708.3,677.6,717.0,784.0,694.0,1.6,27.4
2025-04-09 16:58:20,696.9,695.7,693.7,699.3,679.1,691.3,700.8,707.6,678.0,717.0,784.4,692.7,1.7,27.4
2025-04-09 16:58:25,698.3,695.8,694.2,700.3,679.4,690.7,700.5,707.8,678.2,716.5,784.2,693.1,1.5,27.4
2025-04-09 16:58:30,698.2,695.8,693.5,700.0,679.1,690.4,699.6,707.7,677.6,714.5,782.2,693.3,1.3,27.4
2025-04-09 16:58:35,695.8,695.0,690.2,696.6,675.7,688.7,696.4,704.5,675.3,710.5,777.0,690.8,1.5,27.4
2025-04-09 16:58:40,694.6,693.6,687.8,695.1,673.0,685.1,692.8,702.0,671.9,707.4,772.9,687.3,1.6,27.4
2025-04-09 16:58:45,691.2,690.8,686.0,691.2,670.3,681.5,691.7,698.1,668.7,707.2,773.1,685.3,1.5,27.4
2025-04-09 16:58:50,690.6,688.0,684.5,689.3,669.5,681.0,691.7,698.5,669.5,708.1,774.7,684.3,1.8,27.4
2025-04-09 16:58:55,688.0,687.9,683.5,689.2,669.3,681.2,690.4,699.2,670.4,708.3,774.7,683.9,1.8,27.4
2025-04-09 16:59:00,685.3,687.1,681.3,687.5,666.8,680.4,687.9,698.4,669.8,706.0,771.5,682.3,1.8,27.4
2025-04-09 16:59:05,683.2,684.3,677.4,686.1,662.8,677.7,685.5,695.8,667.6,704.1,768.9,680.6,1.7,27.4
2025-04-09 16:59:10,676.9,680.5,672.9,681.1,658.2,673.8,680.4,692.9,664.1,697.0,759.6,676.7,1.7,27.4
2025-04-09 16:59:15,673.7,676.1,669.2,677.3,654.5,669.5,674.9,685.6,656.4,690.9,752.5,672.3,1.9,27.4
2025-04-09 16:59:20,669.3,670.8,663.5,670.3,649.7,666.3,671.9,681.9,653.6,685.3,744.4,665.3,1.6,27.5
2025-04-09 16:59:25,667.9,664.8,662.7,667.5,649.1,660.5,668.5,677.0,649.1,684.4,744.9,663.4,1.5,27.5
2025-04-09 16:59:30,670.0,664.4,666.1,668.0,652.6,660.2,674.2,678.6,650.3,686.9,749.5,662.4,1.5,27.5
2025-04-09 16:59:35,673.0,665.0,669.5,671.3,655.0,663.1,678.4,680.7,651.7,690.2,754.5,667.5,1.7,27.5
2025-04-09 16:59:40,677.9,670.8,672.8,674.9,656.6,666.1,680.1,683.3,654.5,691.2,755.9,671.0,1.9,27.5
2025-04-09 16:59:45,678.8,671.4,673.8,675.8,658.8,666.8,679.6,683.8,654.3,691.8,757.7,670.9,1.9,27.5
2025-04-09 16:59:50,680.7,673.3,675.1,678.0,659.3,667.7,679.8,683.9,654.7,691.0,756.6,671.3,2.6,27.5
2025-04-09 16:59:55,680.9,674.8,676.1,677.6,658.9,667.5,679.6,683.6,653.3,689.9,755.5,671.2,3.0,27.5
2025-04-09 17:00:00,681.4,674.8,677.7,675.8,660.8,666.6,680.8,682.9,653.0,690.8,757.8,671.1,2.9,27.5
2025-04-09 17:00:05,684.0,675.6,680.9,677.5,662.5,668.8,683.6,685.2,655.1,694.9,764.4,672.5,2.9,27.4
2025-04-09 17:00:10,685.9,679.4,681.2,680.3,664.2,672.6,684.4,688.3,658.9,698.2,768.6,674.5,2.9,27.4
2025-04-09 17:00:15,687.3,681.2,681.5,682.1,664.1,673.1,686.7,690.4,662.0,699.3,770.1,676.7,2.7,27.4
2025-04-09 17:00:20,687.0,682.9,680.9,683.0,664.4,674.0,686.2,690.9,661.9,699.4,770.8,677.4,2.4,27.4
2025-04-09 17:00:25,686.6,683.1,681.0,683.3,664.9,674.8,685.6,691.3,661.9,699.8,771.2,677.2,2.3,27.4
2025-04-09 17:00:30,686.2,683.1,681.5,684.0,665.1,674.7,686.2,692.0,662.5,699.7,772.0,677.1,2.1,27.4
2025-04-09 17:00:35,686.0,683.2,681.3,684.6,664.8,674.8,686.4,692.0,662.7,700.5,774.0,677.4,1.8,27.4
2025-04-09 17:00:40,686.5,683.3,681.7,684.6,665.5,675.2,686.8,692.0,662.7,701.3,775.6,677.8,1.8,27.4
2025-04-09 17:00:45,686.6,684.0,683.2,685.3,667.0,675.5,687.4,692.6,663.1,703.3,778.7,678.0,1.8,27.4
2025-04-09 17:00:50,689.8,684.7,684.5,687.4,667.7,678.2,689.2,695.1,664.2,704.8,781.0,679.1,2.0,27.4
2025-04-09 17:00:55,691.4,686.1,685.7,688.9,669.2,679.0,690.6,695.6,666.1,706.5,784.7,679.8,1.9,27.4
2025-04-09 17:01:00,693.5,687.0,686.7,689.0,670.0,680.1,692.3,696.9,668.6,709.1,788.2,682.1,1.5,27.4
2025-04-09 17:01:05,693.2,687.5,687.5,690.5,672.1,682.0,696.2,700.1,671.1,710.1,789.4,683.4,1.3,27.4
2025-04-09 17:01:10,694.5,689.1,689.3,692.6,674.1,684.5,698.0,702.3,672.3,711.0,791.3,684.9,1.0,27.4
2025-04-09 17:01:15,695.3,690.8,691.4,693.0,675.7,685.5,697.9,702.2,671.8,710.7,791.4,685.6,1.0,27.4
2025-04-09 17:01:20,695.7,691.7,692.0,694.5,674.7,685.4,697.5,702.0,671.3,707.0,786.8,686.0,1.4,27.4
2025-04-09 17:01:25,694.6,691.4,688.4,691.1,670.8,681.5,692.3,696.3,666.7,704.3,782.9,684.0,2.4,27.4
2025-04-09 17:01:30,691.6,687.5,685.0,687.3,668.5,677.4,690.4,694.8,664.8,701.8,780.3,680.2,2.6,27.4
2025-04-09 17:01:35,687.9,685.0,683.2,685.6,665.7,676.5,688.8,692.6,662.9,698.6,776.1,678.1,3.2,27.4
2025-04-09 17:01:40,685.6,683.6,681.3,684.8,664.8,675.1,685.3,690.1,660.9,693.5,768.4,675.4,3.5,27.3
2025-04-09 17:01:45,680.9,682.0,678.8,681.0,660.3,671.7,680.9,685.1,655.4,686.8,760.2,670.1,2.8,27.3
2025-04-09 17:01:50,677.6,673.2,673.5,675.1,655.7,665.9,675.3,678.4,649.7,683.0,754.5,666.1,2.6,27.3
2025-04-09 17:01:55,674.2,668.4,668.3,671.3,652.2,661.0,672.3,675.2,645.6,680.0,750.7,662.4,2.8,27.2
2025-04-09 17:02:00,672.5,665.5,666.4,667.5,648.6,657.4,670.7,672.2,644.3,679.8,750.2,659.9,2.8,27.2
2025-04-09 17:02:05,669.9,662.5,664.8,665.0,648.0,656.0,670.9,672.3,644.7,682.7,755.4,657.0,2.6,27.2
2025-04-09 17:02:10,669.1,662.4,665.1,665.2,649.6,657.2,672.8,674.8,648.0,684.4,757.7,656.8,2.2,27.2
2025-04-09 17:02:15,671.3,664.7,667.4,668.6,654.1,660.8,675.3,677.7,648.7,686.4,760.4,659.8,2.2,27.2
2025-04-09 17:02:20,675.4,668.1,670.6,670.3,655.5,662.3,677.1,678.6,648.9,688.2,762.9,662.7,2.1,27.2
2025-04-09 17:02:25,676.4,669.4,673.0,671.1,656.0,663.1,677.8,679.6,650.4,689.5,766.4,664.7,3.0,27.2
2025-04-09 17:02:30,677.9,671.5,675.9,672.8,657.9,664.8,679.6,681.6,652.0,690.5,767.9,665.2,3.1,27.2
2025-04-09 17:02:35,680.1,672.9,676.5,674.7,658.3,666.2,677.7,682.4,652.6,689.2,765.9,667.8,3.8,27.2
2025-04-09 17:02:40,679.8,673.2,675.9,674.6,655.9,664.6,675.1,678.8,650.3,686.3,762.4,665.8,3.3,27.2
2025-04-09 17:02:45,677.3,670.3,671.6,671.2,653.6,662.1,674.9,677.5,649.4,685.8,761.4,662.9,2.8,27.2
2025-04-09 17:02:50,676.2,669.6,670.8,670.5,652.8,661.4,674.5,677.1,648.2,683.0,758.3,662.5,2.9,27.2
2025-04-09 17:02:55,674.9,667.8,669.6,669.7,650.7,659.9,670.7,673.3,643.9,677.5,750.4,660.9,2.9,27.1
2025-04-09 17:03:00,672.2,666.4,665.1,666.7,646.9,655.8,665.3,668.6,639.8,673.7,745.1,655.5,2.3,27.1
2025-04-09 17:03:05,666.6,661.1,660.5,660.9,641.2,650.4,663.0,666.9,638.5,672.9,743.3,652.4,2.1,27.1
2025-04-09 17:03:10,660.9,656.4,655.8,657.1,637.1,647.7,656.7,662.2,634.5,668.6,737.2,648.8,1.9,27.1
2025-04-09 17:03:15,656.9,652.8,651.7,653.3,633.4,644.4,653.6,659.9,631.3,666.7,734.6,645.4,1.8,27.1
2025-04-09 17:03:20,654.2,647.9,648.4,650.5,631.7,641.7,651.9,656.9,629.1,664.3,732.4,641.6,1.5,27.1
2025-04-09 17:03:25,653.3,646.9,648.9,649.5,633.7,640.7,653.1,656.7,629.3,666.3,735.7,641.0,1.4,27.1
2025-04-09 17:03:30,653.8,647.0,650.6,649.6,635.4,641.9,656.3,659.2,632.3,672.8,745.1,642.9,1.6,27.1
2025-04-09 17:03:35,660.6,651.9,656.4,654.6,640.5,647.2,662.3,665.9,637.9,677.5,752.8,646.5,1.5,27.1
2025-04-09 17:03:40,664.3,657.8,660.8,661.6,644.5,651.8,666.0,670.1,641.7,680.0,757.0,651.1,1.3,27.2
2025-04-09 17:03:45,666.0,660.8,662.7,662.7,646.7,655.4,668.6,672.1,642.0,681.0,758.3,653.0,1.1,27.2
2025-04-09 17:03:50,668.3,662.9,664.0,664.7,648.3,657.3,668.6,673.5,643.3,680.7,758.0,655.3,1.1,27.2
2025-04-09 17:03:55,669.9,664.4,664.8,665.3,648.1,657.2,668.0,673.0,642.2,680.2,757.0,655.1,1.2,27.2
2025-04-09 17:04:00,669.1,664.7,662.2,664.4,644.1,653.1,663.2,669.3,638.5,674.1,750.6,654.0,1.1,27.2
2025-04-09 17:04:05,666.3,661.0,659.5,660.0,641.3,649.7,660.5,665.0,635.1,671.6,744.8,651.0,0.9,27.2
2025-04-09 17:04:10,662.0,656.9,656.3,656.8,640.3,648.7,659.1,663.3,633.7,670.1,743.3,647.8,0.7,27.2
2025-04-09 17:04:15,661.2,654.2,654.9,654.3,636.9,644.0,655.3,659.3,632.4,667.3,739.5,645.5,0.7,27.2
2025-04-09 17:04:20,659.0,650.9,652.0,652.2,633.2,640.7,651.4,655.7,629.7,663.8,734.7,642.0,1.0,27.2
2025-04-09 17:04:25,651.9,647.3,645.7,647.2,627.7,636.5,648.2,652.8,627.3,661.0,730.7,637.6,1.5,27.3
2025-04-09 17:04:30,646.0,642.2,642.6,643.0,626.7,635.9,647.6,653.2,626.0,661.7,732.2,634.2,2.2,27.3
2025-04-09 17:04:35,645.1,641.0,642.7,643.3,627.5,636.3,650.5,654.9,628.0,663.9,736.1,633.2,2.0,27.3
2025-04-09 17:04:40,647.6,641.6,645.4,646.5,629.1,638.2,650.9,655.5,628.9,663.4,733.8,636.6,2.3,27.3
2025-04-09 17:04:45,646.6,643.2,644.0,645.8,627.1,637.7,648.2,654.2,628.4,660.6,730.1,635.4,2.3,27.3
2025-04-09 17:04:50,643.4,641.3,638.5,641.9,622.2,634.1,642.4,650.0,623.3,656.9,725.1,632.4,1.9,27.3
2025-04-09 17:04:55,639.8,637.4,634.4,637.6,618.9,629.8,638.5,646.2,619.1,649.2,714.4,628.9,1.7,27.3
2025-04-09 17:05:00,634.6,634.0,629.8,633.8,614.6,624.8,634.2,639.6,613.3,646.2,710.3,624.7,1.5,27.3
2025-04-09 17:05:05,631.1,629.0,627.3,629.0,612.7,621.7,631.5,636.4,609.6,639.3,700.3,620.7,1.3,27.3
2025-04-09 17:05:10,629.2,625.2,624.9,625.4,608.5,617.4,628.4,631.1,604.2,635.6,696.1,617.1,1.2,27.3
2025-04-09 17:05:15,628.7,623.5,624.1,624.9,607.9,614.4,626.9,628.8,600.9,633.8,694.0,614.4,1.2,27.3
2025-04-09 17:05:20,629.3,620.1,624.3,622.7,607.2,612.7,626.6,627.1,600.4,634.0,694.6,612.9,1.1,27.3
2025-04-09 17:05:25,628.0,620.2,623.5,622.5,607.0,613.2,625.8,627.2,600.1,633.7,694.1,613.3,0.9,27.3
2025-04-09 17:05:30,626.5,620.0,622.1,621.8,604.7,612.3,623.8,626.3,598.5,632.4,691.7,610.9,0.9,27.3
2025-04-09 17:05:35,624.1,618.9,619.6,619.8,603.5,610.7,622.8,624.6,598.1,632.2,691.4,610.2,0.9,27.3
2025-04-09 17:05:40,623.4,617.1,619.7,618.9,603.7,610.0,623.6,624.6,598.2,633.2,693.3,609.3,1.1,27.3
2025-04-09 17:05:45,625.7,616.9,622.6,620.1,606.6,612.1,627.5,626.9,599.4,635.8,697.5,610.3,1.2,27.3
2025-04-09 17:05:50,629.4,619.1,624.7,622.3,607.7,614.0,627.3,628.4,601.4,637.4,699.6,612.0,1.3,27.3
2025-04-09 17:05:55,629.9,621.0,624.7,622.6,608.3,614.7,627.4,628.5,602.5,638.0,700.9,613.2,1.6,27.3
2025-04-09 17:06:00,630.1,620.7,625.2,623.0,609.2,616.5,629.8,629.7,603.3,638.4,702.1,613.9,2.0,27.3
2025-04-09 17:06:05,630.3,621.8,626.0,624.6,609.7,616.8,629.3,630.3,602.7,637.5,702.2,615.0,1.9,27.3
2025-04-09 17:06:10,628.1,622.4,623.7,625.0,608.8,616.6,626.2,627.5,599.7,631.2,693.1,614.6,1.7,27.3
2025-04-09 17:06:15,624.4,619.1,620.5,620.1,602.6,611.4,621.4,622.4,595.3,625.9,685.3,609.7,1.6,27.3
2025-04-09 17:06:20,621.6,617.3,618.2,617.5,600.3,607.9,617.4,619.0,592.3,623.6,682.5,606.0,1.8,27.3
2025-04-09 17:06:25,618.5,612.0,615.8,613.3,597.7,604.2,616.0,617.1,591.0,622.7,681.2,602.6,2.2,27.3
2025-04-09 17:06:30,617.1,609.2,614.3,611.9,596.7,604.6,615.8,616.8,591.8,626.3,686.0,602.1,2.4,27.3
2025-04-09 17:06:35,616.5,608.7,613.9,612.3,597.4,606.7,618.6,621.0,596.0,628.5,689.6,602.9,2.6,27.3
2025-04-09 17:06:40,616.8,610.8,613.8,614.0,598.1,607.6,617.4,620.5,595.4,623.8,682.5,602.7,2.6,27.3
2025-04-09 17:06:45,616.8,610.9,612.5,613.4,595.2,603.7,613.3,615.6,590.5,621.3,679.0,602.4,3.0,27.3
2025-04-09 17:06:50,613.6,606.4,609.5,607.3,593.2,598.9,612.5,612.6,588.5,619.1,676.2,597.4,2.8,27.3
2025-04-09 17:06:55,612.7,604.1,610.1,606.9,594.3,599.9,615.0,613.4,589.2,624.0,681.5,596.4,2.7,27.2
2025-04-09 17:07:00,615.6,605.1,612.6,608.6,596.0,601.2,615.4,615.8,591.5,624.9,685.4,598.4,2.9,27.2
2025-04-09 17:07:05,616.2,607.5,613.0,610.5,596.1,603.1,615.4,618.4,592.8,625.3,685.2,600.6,3.3,27.2
2025-04-09 17:07:10,615.5,608.9,611.7,610.2,593.7,602.6,612.8,617.4,592.4,624.5,683.3,598.7,4.0,27.2
2025-04-09 17:07:15,611.8,608.2,609.4,609.7,593.5,602.2,613.5,616.9,592.3,625.4,684.9,596.7,3.0,27.2
2025-04-09 17:07:20,611.8,606.5,610.5,609.6,596.8,602.4,617.2,618.4,593.3,628.2,689.2,597.6,2.7,27.2
2025-04-09 17:07:25,612.8,606.9,612.5,611.3,598.0,604.4,619.4,619.9,595.0,628.8,690.5,601.3,2.7,27.1
2025-04-09 17:07:30,616.3,610.9,613.9,613.5,597.5,605.5,615.7,619.9,593.2,623.5,681.7,602.1,2.9,27.1
2025-04-09 17:07:35,611.4,608.5,609.7,610.5,591.6,602.2,609.2,614.2,589.8,618.3,674.1,597.1,3.2,27.1
2025-04-09 17:07:40,605.5,603.8,599.2,601.5,581.3,593.4,605.1,611.5,588.1,614.2,667.8,591.9,2.8,27.1
2025-04-09 17:07:45,597.2,596.8,593.3,595.2,577.2,588.4,597.4,604.0,579.6,608.6,661.2,585.0,2.4,27.1
2025-04-09 17:07:50,595.0,591.0,592.1,592.4,576.1,587.1,596.3,600.5,577.3,607.5,658.2,581.8,3.4,27.0
2025-04-09 17:07:55,595.0,588.9,592.5,591.1,577.1,584.8,596.2,600.0,576.0,607.1,658.8,580.7,2.9,27.0
2025-04-09 17:08:00,597.4,588.3,593.1,591.8,578.4,585.1,599.2,599.6,576.3,608.6,660.9,581.1,2.6,27.0
2025-04-09 17:08:05,598.8,589.6,594.4,592.1,579.9,586.8,601.8,602.5,579.1,615.5,671.5,583.9,2.0,27.0
2025-04-09 17:08:10,601.8,593.9,600.2,598.3,585.7,591.8,609.1,609.5,586.9,626.6,687.3,587.9,1.8,27.0
2025-04-09 17:08:15,606.8,600.1,608.0,606.6,597.6,603.6,618.4,619.8,596.4,636.8,702.8,594.9,1.5,27.0
2025-04-09 17:08:20,612.0,606.3,614.6,614.5,604.0,611.7,627.1,630.8,605.8,641.2,708.9,605.3,2.1,27.0
2025-04-09 17:08:25,620.6,618.7,620.1,621.4,605.8,616.5,627.3,633.2,606.1,638.4,704.6,610.1,2.6,27.0
2025-04-09 17:08:30,620.8,620.7,619.9,621.8,605.3,615.7,625.3,630.5,604.4,636.5,701.9,609.6,3.0,27.0
2025-04-09 17:08:35,620.4,618.7,617.0,619.6,602.0,612.4,621.6,626.0,601.3,632.4,695.8,606.8,2.8,27.0
2025-04-09 17:08:40,619.7,615.6,615.6,616.5,601.2,609.2,621.1,624.6,599.8,632.4,695.5,604.7,3.2,27.0
2025-04-09 17:08:45,619.3,612.6,616.0,616.1,601.4,608.7,620.6,624.1,599.1,632.4,695.8,604.3,2.9,27.0
2025-04-09 17:08:50,619.4,612.8,617.4,615.8,603.4,610.1,623.7,626.1,601.4,637.4,700.9,604.4,2.4,26.9
2025-04-09 17:08:55,622.7,614.6,621.4,619.0,606.4,613.8,626.8,628.9,603.7,638.2,705.0,607.4,2.5,26.9
2025-04-09 17:09:00,627.1,618.1,624.1,621.3,606.8,614.1,626.8,629.3,603.1,637.1,703.3,611.0,2.2,26.9
2025-04-09 17:09:05,627.6,618.4,623.8,622.2,606.6,614.0,625.5,628.6,601.5,635.2,700.5,610.5,2.3,26.9
2025-04-09 17:09:10,627.3,618.1,621.8,620.6,604.5,611.4,622.1,624.7,598.3,629.5,692.6,606.2,2.8,26.9
2025-04-09 17:09:15,621.8,613.4,615.8,617.2,600.6,608.5,617.4,621.3,594.8,625.9,687.3,602.3,2.8,26.9
2025-04-09 17:09:20,616.6,611.0,613.8,613.9,595.8,604.9,613.9,618.0,591.3,622.7,682.9,599.1,2.4,26.9
2025-04-09 17:09:25,611.6,605.9,606.0,607.9,589.6,599.7,608.7,615.4,589.4,621.9,680.9,596.0,2.3,26.9
2025-04-09 17:09:30,605.1,601.9,601.2,603.8,584.9,597.0,605.3,611.7,586.8,619.8,678.0,592.1,2.2,26.9
2025-04-09 17:09:35,601.1,599.0,597.7,601.0,583.7,594.3,604.2,610.2,584.8,618.4,676.3,588.0,2.1,26.9
2025-04-09 17:09:40,600.0,597.0,598.1,600.5,583.2,593.9,604.0,609.5,584.9,617.1,675.3,587.1,2.0,26.9
2025-04-09 17:09:45,601.6,596.2,599.8,600.6,584.0,593.7,604.5,608.4,582.8,614.1,671.6,586.7,1.8,26.9
2025-04-09 17:09:50,603.2,596.4,600.2,600.6,583.9,592.6,602.8,605.8,580.8,611.2,667.5,586.3,1.8,26.9
2025-04-09 17:09:55,603.9,596.0,599.6,597.5,581.8,590.0,601.4,603.1,578.1,610.5,666.4,583.8,1.6,26.9
2025-04-09 17:10:00,603.2,593.8,597.5,596.2,581.5,588.6,601.4,602.7,578.5,611.7,668.4,583.6,1.4,26.9
2025-04-09 17:10:05,602.2,593.2,597.5,595.9,581.6,589.1,600.6,603.0,579.0,610.5,666.3,583.7,1.2,26.9
2025-04-09 17:10:10,601.7,592.8,596.0,594.8,579.3,586.7,596.9,601.2,576.0,607.0,661.8,583.2,1.1,26.9
2025-04-09 17:10:15,598.1,590.9,593.3,593.1,577.7,584.5,595.6,598.3,574.3,606.3,660.8,581.2,0.9,26.9
2025-04-09 17:10:20,596.1,587.7,592.6,591.7,577.7,584.4,596.7,599.0,575.6,611.4,669.2,579.5,0.7,26.9
2025-04-09 17:10:25,599.1,588.3,596.7,595.8,584.5,587.2,602.5,603.6,580.2,617.2,677.5,582.3,0.6,26.9
2025-04-09 17:10:30,604.9,594.6,599.7,598.0,587.0,592.4,607.5,609.1,584.8,623.2,687.3,588.2,0.5,26.9
2025-04-09 17:10:35,611.1,597.7,606.5,604.0,593.2,598.3,614.0,615.5,590.7,628.1,694.4,593.7,0.5,26.9
2025-04-09 17:10:40,615.3,604.6,613.7,611.3,599.4,604.7,618.8,618.8,593.8,631.0,698.5,597.6,0.4,27.0
2025-04-09 17:10:45,617.7,607.6,615.0,614.0,600.2,606.6,620.4,621.7,595.9,631.2,700.0,600.3,0.4,27.0
2025-04-09 17:10:50,617.9,611.7,615.1,614.7,598.5,607.5,616.1,621.6,594.5,627.1,692.6,601.0,0.4,27.0
2025-04-09 17:10:55,616.1,611.5,611.0,611.9,594.5,604.5,612.6,617.5,591.2,623.5,691.0,598.7,0.4,27.0
2025-04-09 17:11:00,609.2,605.8,604.7,607.7,591.2,600.8,609.1,614.3,588.6,620.1,685.7,593.1,0.3,27.0
2025-04-09 17:11:05,606.2,602.3,603.1,604.6,589.1,597.8,608.0,611.8,586.0,619.0,682.1,590.2,0.3,27.0
2025-04-09 17:11:10,605.5,599.3,602.3,602.0,587.0,596.0,605.9,610.4,584.5,614.9,676.6,588.3,0.3,27.0
2025-04-09 17:11:15,604.6,597.1,601.3,599.1,585.7,592.0,602.8,605.9,581.4,613.0,674.2,586.4,0.4,27.0
2025-04-09 17:11:20,603.3,595.5,599.8,598.5,584.0,591.2,601.8,605.0,579.4,612.1,673.3,585.1,0.4,27.0
2025-04-09 17:11:25,602.3,594.7,598.8,597.8,583.4,590.8,601.5,605.0,579.3,611.5,672.6,584.1,0.5,27.0
2025-04-09 17:11:30,601.4,593.4,597.7,596.3,581.7,590.1,600.7,604.2,578.5,611.2,672.4,582.3,0.5,27.0
2025-04-09 17:11:35,600.2,593.0,597.2,596.1,581.2,589.8,600.8,604.0,578.7,613.1,675.8,581.8,0.6,27.1
2025-04-09 17:11:40,599.7,593.0,597.0,596.2,582.2,590.4,603.8,606.2,581.7,615.3,679.5,582.7,0.7,27.1
2025-04-09 17:11:45,600.4,593.9,599.0,598.7,583.5,593.3,604.5,608.0,583.6,615.5,679.8,584.9,0.8,27.1
2025-04-09 17:11:50,600.2,595.7,598.2,598.7,581.7,592.8,602.0,606.9,583.1,613.7,676.9,585.2,1.0,27.1
2025-04-09 17:11:55,597.6,593.9,594.2,596.9,578.0,589.3,597.6,602.6,577.9,606.5,665.9,581.2,1.6,27.1
2025-04-09 17:12:00,594.0,590.1,589.6,591.6,573.3,585.3,592.4,596.9,572.8,603.2,662.2,578.3,1.6,27.1
2025-04-09 17:12:05,589.4,585.7,585.9,585.8,569.5,579.6,589.3,591.6,569.0,598.7,655.4,572.4,1.7,27.1
2025-04-09 17:12:10,587.4,581.8,583.9,583.5,568.6,576.3,586.1,589.2,566.4,597.0,653.4,569.5,1.5,27.2
2025-04-09 17:12:15,585.5,579.5,581.2,581.8,567.3,575.8,586.5,589.6,564.7,596.3,652.6,568.6,1.7,27.2
2025-04-09 17:12:20,584.9,578.5,580.5,580.6,566.3,574.4,585.5,589.1,564.2,596.1,652.6,567.3,1.6,27.2
2025-04-09 17:12:25,584.1,578.0,579.2,580.3,564.7,572.9,583.8,588.3,563.3,593.9,649.8,566.5,1.3,27.2
2025-04-09 17:12:30,581.8,575.5,577.8,579.2,564.0,571.3,582.3,584.9,561.4,592.3,647.9,563.5,1.0,27.2
2025-04-09 17:12:35,581.2,573.5,577.3,576.9,563.8,569.8,582.9,584.5,560.5,593.7,651.6,562.6,0.8,27.2
2025-04-09 17:12:40,581.0,573.7,577.9,577.2,565.4,570.9,586.6,587.7,564.0,599.8,660.0,562.8,0.7,27.2
2025-04-09 17:12:45,584.3,575.6,583.2,580.8,569.6,575.3,591.2,592.4,568.2,601.8,663.5,567.0,0.6,27.2
2025-04-09 17:12:50,588.5,579.5,586.5,584.5,571.9,578.1,591.8,593.9,569.0,601.9,664.1,570.2,0.5,27.2
2025-04-09 17:12:55,591.7,582.1,586.8,585.7,572.3,578.6,592.0,594.0,568.8,601.6,663.5,571.7,0.6,27.2
2025-04-09 17:13:00,591.6,582.2,586.6,584.8,571.9,577.7,591.1,593.6,568.6,601.4,663.7,571.2,0.6,27.2
2025-04-09 17:13:05,591.3,581.6,586.4,584.9,572.4,577.9,592.4,593.0,568.8,602.1,665.7,571.0,0.5,27.3
2025-04-09 17:13:10,591.5,582.7,588.0,585.2,573.5,579.0,594.2,594.1,569.7,602.1,666.1,572.3,0.5,27.3
2025-04-09 17:13:15,594.0,583.1,589.0,586.8,575.5,579.4,595.6,594.7,569.5,601.5,666.0,574.1,0.5,27.3
2025-04-09 17:13:20,595.9,584.8,591.2,587.4,577.3,581.2,598.2,595.5,569.9,604.8,672.9,575.6,0.4,27.3
2025-04-09 17:13:25,600.9,587.0,594.4,591.6,582.2,584.2,602.6,599.7,573.5,608.9,678.9,579.6,0.4,27.3
2025-04-09 17:13:30,603.5,590.6,599.2,596.6,586.3,589.0,606.1,603.7,575.7,610.8,682.1,581.6,0.3,27.3
2025-04-09 17:13:35,607.8,595.7,603.3,600.8,587.9,591.2,606.2,604.5,576.0,611.0,682.3,584.8,0.3,27.3
2025-04-09 17:13:40,608.6,598.1,602.4,600.2,586.6,591.4,603.1,604.1,576.3,609.3,678.8,585.1,0.4,27.3
2025-04-09 17:13:45,607.3,596.0,600.4,597.9,584.8,588.6,601.4,602.0,575.1,608.2,677.8,583.6,0.5,27.3
2025-04-09 17:13:50,605.5,593.1,600.1,595.9,584.0,588.5,601.5,601.9,575.7,610.5,681.3,581.7,0.9,27.4
2025-04-09 17:13:55,604.9,593.1,600.3,595.8,584.5,588.9,603.5,604.2,579.4,616.4,690.0,581.8,0.9,27.4
2025-04-09 17:14:00,606.8,594.0,601.6,598.5,588.0,592.2,607.8,609.2,584.0,623.5,701.1,585.7,1.0,27.4
2025-04-09 17:14:05,611.1,601.3,606.9,604.1,593.5,598.7,614.8,615.8,590.3,626.9,706.0,591.2,1.0,27.4
2025-04-09 17:14:10,614.2,607.0,610.7,609.9,596.1,602.3,615.6,617.3,591.2,626.2,705.2,594.1,0.9,27.5
2025-04-09 17:14:15,614.7,608.6,610.1,610.3,593.7,602.2,612.5,616.7,589.5,621.6,699.7,593.7,0.9,27.5
2025-04-09 17:14:20,613.6,607.4,607.2,607.7,590.2,599.7,608.7,613.1,586.9,619.9,696.0,591.3,0.9,27.5
2025-04-09 17:14:25,609.9,603.1,604.9,604.9,588.4,596.5,608.7,612.3,586.0,619.2,695.4,588.2,0.9,27.5
2025-04-09 17:14:30,608.3,601.0,604.2,603.2,588.6,596.4,608.7,611.9,585.7,620.8,698.7,587.0,0.8,27.5
2025-04-09 17:14:35,609.8,601.1,606.7,603.6,593.1,596.4,612.9,614.0,589.0,625.8,706.5,587.1,0.8,27.5
2025-04-09 17:14:40,614.6,605.2,608.5,605.4,595.3,600.7,617.9,616.8,592.2,630.7,715.0,591.4,0.7,27.5
2025-04-09 17:14:45,619.0,609.9,613.9,611.9,599.9,606.4,622.6,623.2,597.7,635.5,720.8,595.4,1.3,27.6
2025-04-09 17:14:50,620.8,613.3,617.4,616.1,604.7,610.5,626.1,626.3,600.0,637.9,725.4,599.0,1.6,27.6
2025-04-09 17:14:55,623.0,615.3,620.4,618.5,606.9,612.1,628.6,627.2,601.5,639.0,728.0,600.5,1.6,27.5
2025-04-09 17:15:00,625.6,617.8,622.2,621.7,607.7,614.0,629.5,630.4,603.4,639.0,727.8,603.6,2.0,27.5
2025-04-09 17:15:05,626.4,618.6,622.5,621.7,607.5,614.0,629.1,630.4,603.3,638.9,727.8,604.5,2.1,27.5
2025-04-09 17:15:10,626.4,618.5,621.8,621.9,607.1,614.3,628.8,630.4,603.2,639.1,728.5,604.1,2.3,27.6
2025-04-09 17:15:15,625.9,618.5,621.6,621.6,606.3,614.6,627.7,630.3,603.3,639.3,728.5,603.9,2.0,27.6
2025-04-09 17:15:20,626.3,618.7,621.2,621.5,606.1,614.3,626.2,630.3,603.4,636.6,724.4,602.7,1.8,27.6
2025-04-09 17:15:25,622.8,618.0,615.4,620.0,601.9,612.0,622.6,626.8,600.0,634.2,721.2,600.2,1.6,27.6
2025-04-09 17:15:30,619.6,613.9,614.6,616.7,599.7,610.6,621.0,624.9,598.8,633.3,720.4,597.2,1.6,27.6
2025-04-09 17:15:35,618.9,611.9,614.0,615.4,600.2,609.6,622.3,625.0,599.0,635.1,724.5,596.2,1.8,27.6
2025-04-09 17:15:40,619.4,612.1,616.2,616.1,602.8,611.4,625.0,627.2,600.4,637.1,727.0,599.2,1.4,27.6
2025-04-09 17:15:45,622.9,614.7,618.8,618.6,603.7,612.6,626.6,628.7,601.9,638.2,729.2,599.5,1.3,27.6
2025-04-09 17:15:50,624.6,616.6,619.5,620.5,606.1,614.3,628.5,629.8,603.8,640.6,732.8,600.8,1.0,27.6
2025-04-09 17:15:55,626.7,618.4,622.0,622.0,607.6,615.9,630.4,632.2,604.5,642.5,737.2,601.8,0.9,27.6
2025-04-09 17:16:00,629.2,620.5,622.3,622.8,609.0,616.7,631.4,632.6,605.4,643.0,737.8,603.9,0.7,27.6
2025-04-09 17:16:05,630.1,623.6,625.5,626.8,610.2,618.7,632.1,634.1,606.2,642.7,738.0,605.0,0.7,27.7
2025-04-09 17:16:10,630.9,624.0,625.2,626.9,609.4,618.7,630.4,634.0,605.9,641.3,735.2,604.9,0.6,27.7
2025-04-09 17:16:15,629.1,623.4,622.3,625.5,607.5,616.9,628.0,630.8,604.0,637.7,730.0,603.4,0.6,27.7
2025-04-09 17:16:20,627.6,620.6,621.3,624.4,606.3,613.7,626.5,630.2,600.7,635.8,726.8,600.8,1.0,27.7
2025-04-09 17:16:25,626.9,619.4,620.2,622.1,605.3,612.6,625.7,627.9,600.8,635.4,727.5,599.8,1.0,27.7
2025-04-09 17:16:30,625.0,617.2,619.1,621.1,604.8,613.0,625.2,627.9,601.2,636.4,729.6,598.9,1.3,27.7
2025-04-09 17:16:35,624.1,617.8,619.1,621.2,604.2,612.8,625.2,627.9,601.3,637.2,730.1,598.7,1.7,27.7
2025-04-09 17:16:40,623.6,617.8,619.3,621.6,604.5,612.9,626.1,628.8,602.3,639.8,735.5,598.6,1.6,27.7
2025-04-09 17:16:45,626.8,618.7,623.4,624.8,610.1,616.9,633.1,635.5,605.8,643.3,742.2,600.7,1.4,27.7
2025-04-09 17:16:50,631.8,623.3,627.4,628.7,614.1,621.4,636.4,639.4,611.2,647.4,747.3,605.4,1.2,27.7
2025-04-09 17:16:55,635.6,629.1,630.7,631.5,615.2,623.5,637.9,640.0,612.3,649.4,750.7,609.5,1.0,27.8
2025-04-09 17:17:00,636.8,629.5,631.0,632.9,615.8,624.7,637.6,641.1,613.5,650.1,751.9,610.7,0.9,27.7
2025-04-09 17:17:05,637.2,631.1,631.7,633.4,616.6,625.2,638.3,641.9,614.2,650.8,752.9,610.6,0.9,27.7
2025-04-09 17:17:10,637.5,631.5,632.1,634.4,617.9,625.8,639.2,642.2,614.5,650.8,753.6,611.0,1.1,27.8
2025-04-09 17:17:15,638.6,631.8,633.4,634.5,617.9,626.4,638.9,642.0,614.3,649.7,752.2,611.8,1.6,27.8
2025-04-09 17:17:20,638.8,632.2,631.9,633.5,616.2,624.8,637.8,641.1,611.9,649.0,750.9,611.4,2.0,27.8
2025-04-09 17:17:25,637.7,631.6,630.2,631.7,614.6,623.3,635.1,639.8,610.1,643.1,743.0,609.4,2.7,27.8
2025-04-09 17:17:30,635.1,629.6,626.5,628.6,610.3,620.6,631.1,634.1,606.1,640.8,739.6,607.3,3.0,27.8
2025-04-09 17:17:35,630.2,624.9,622.1,624.2,606.1,615.3,626.1,631.2,602.8,635.4,731.4,602.5,2.6,27.8
2025-04-09 17:17:40,627.1,620.4,619.0,619.9,603.3,611.7,624.6,627.2,598.3,631.9,726.7,598.9,2.3,27.8
2025-04-09 17:17:45,625.1,616.5,619.2,619.8,602.7,609.6,622.7,623.0,595.3,627.9,720.5,595.3,2.4,27.8
2025-04-09 17:17:50,623.3,613.2,614.9,615.6,598.2,606.2,617.7,619.0,591.7,625.2,716.5,592.0,2.0,27.8
2025-04-09 17:17:55,620.5,610.1,611.8,612.1,595.5,602.5,616.3,616.4,590.0,623.6,714.1,589.6,2.1,27.8
2025-04-09 17:18:00,618.6,608.6,610.7,610.3,595.5,601.4,615.7,616.0,588.5,623.1,714.7,588.6,2.1,27.8
2025-04-09 17:18:05,618.3,607.6,611.0,609.8,596.1,601.3,617.2,616.4,589.7,624.3,716.7,588.6,1.9,27.8
2025-04-09 17:18:10,618.6,607.5,612.6,611.3,597.8,602.7,620.1,618.9,592.3,628.8,722.9,590.5,1.9,27.8
2025-04-09 17:18:15,619.0,610.6,613.8,614.3,599.8,606.6,621.7,621.5,595.6,633.9,730.7,591.8,1.7,27.8
2025-04-09 17:18:20,619.4,612.3,614.4,615.4,601.1,608.0,623.3,625.1,598.3,635.2,732.5,594.0,1.8,27.8
2025-04-09 17:18:25,620.9,614.0,614.9,616.5,601.3,608.8,624.2,626.0,599.5,636.0,734.3,595.4,1.6,27.8
2025-04-09 17:18:30,624.0,614.9,617.4,617.7,603.7,611.1,625.7,626.8,599.9,638.0,737.2,596.0,1.4,27.7
2025-04-09 17:18:35,626.4,617.3,621.6,621.3,607.7,614.6,629.5,628.0,602.4,641.9,743.6,598.9,1.3,27.7
2025-04-09 17:18:40,629.2,618.9,623.9,622.8,609.6,616.7,633.0,633.0,606.6,645.8,750.9,602.6,1.2,27.7
2025-04-09 17:18:45,632.6,622.1,626.7,627.3,611.9,620.8,635.6,635.8,607.9,646.8,752.0,605.2,1.5,27.7
2025-04-09 17:18:50,633.5,626.2,628.4,629.4,613.4,622.0,636.3,636.6,608.4,646.6,752.1,606.9,1.4,27.7
2025-04-09 17:18:55,634.1,627.7,628.9,630.0,614.0,622.9,636.2,637.0,609.0,646.4,751.9,606.9,1.3,27.7
2025-04-09 17:19:00,634.8,627.8,629.2,630.3,615.5,623.2,636.8,637.1,609.3,647.1,753.8,607.3,1.3,27.7
2025-04-09 17:19:05,636.0,628.1,630.7,630.6,615.5,623.6,637.8,637.5,609.6,647.3,754.3,608.5,2.4,27.7
2025-04-09 17:19:10,636.6,628.4,631.1,632.0,615.6,623.6,637.6,637.9,609.5,645.6,751.1,608.2,2.9,27.7
2025-04-09 17:19:15,635.9,628.5,629.2,630.9,612.6,621.1,633.6,635.6,605.8,643.0,747.9,606.6,2.9,27.7
2025-04-09 17:19:20,631.2,627.4,626.9,629.4,611.5,619.7,632.5,633.8,603.0,639.7,743.7,603.3,3.1,27.7
2025-04-09 17:19:25,628.7,622.3,624.0,626.1,609.1,618.1,631.5,630.9,602.1,638.9,742.8,601.1,2.6,27.7
2025-04-09 17:19:30,628.3,621.2,624.1,625.2,608.7,617.3,631.3,631.2,601.0,636.4,739.2,601.2,2.3,27.7
2025-04-09 17:19:35,628.3,621.0,624.0,624.8,608.0,616.4,627.7,628.1,597.2,632.4,732.9,599.8,2.2,27.7
2025-04-09 17:19:40,627.1,618.9,621.6,622.6,604.7,612.2,622.5,625.1,594.4,628.2,727.0,596.4,1.8,27.7
2025-04-09 17:19:45,623.2,616.3,615.1,617.3,598.0,606.7,615.4,618.8,593.5,625.4,721.9,593.5,1.8,27.7
2025-04-09 17:19:50,617.8,611.6,609.0,611.9,592.6,602.1,611.2,615.0,586.7,618.0,712.1,586.0,1.7,27.6
2025-04-09 17:19:55,611.3,605.5,603.3,605.4,586.2,597.0,605.8,610.0,581.5,615.3,707.3,582.6,1.6,27.7
2025-04-09 17:20:00,605.0,598.7,597.9,599.9,581.8,592.0,602.9,605.8,578.2,610.4,699.8,576.4,1.8,27.7
2025-04-09 17:20:05,601.2,594.4,595.1,596.7,579.8,589.1,601.0,602.5,574.2,608.4,697.5,573.1,2.0,27.7
2025-04-09 17:20:10,600.2,592.5,594.7,595.1,579.2,587.6,600.4,601.0,573.9,608.6,697.6,570.5,2.6,27.7
2025-04-09 17:20:15,598.5,590.5,593.8,594.4,579.3,586.4,600.7,601.1,573.8,609.7,699.4,570.3,2.5,27.6
2025-04-09 17:20:20,599.5,590.2,595.5,596.1,582.4,586.9,602.4,601.5,574.5,610.8,701.9,570.6,2.5,27.6
2025-04-09 17:20:25,601.3,591.9,596.7,596.2,582.4,588.9,602.9,602.7,574.8,610.8,701.7,572.4,2.2,27.6
2025-04-09 17:20:30,602.9,593.5,596.7,597.1,582.0,588.7,600.6,600.9,572.6,607.6,697.3,572.9,1.6,27.6
2025-04-09 17:20:35,603.0,592.8,596.4,594.8,580.2,586.3,600.4,600.1,572.1,607.0,696.6,572.6,1.6,27.6
2025-04-09 17:20:40,602.5,590.0,596.5,594.6,582.1,586.5,603.1,600.8,573.9,611.8,704.2,572.0,1.5,27.6
2025-04-09 17:20:45,604.9,590.9,600.6,597.3,586.3,589.2,607.7,605.3,575.5,613.4,707.4,573.3,1.9,27.6
2025-04-09 17:20:50,610.3,596.4,606.2,602.7,588.0,591.6,609.0,606.2,578.4,615.1,709.9,578.7,2.3,27.6
2025-04-09 17:20:55,613.2,598.9,607.4,603.8,590.3,594.6,609.8,608.6,580.9,617.3,713.5,580.1,2.0,27.6
2025-04-09 17:21:00,613.6,600.7,607.5,605.2,591.2,596.8,611.4,611.1,583.4,619.9,717.9,581.2,1.5,27.5
2025-04-09 17:21:05,612.6,602.7,607.9,605.8,591.5,599.0,612.4,613.6,584.6,622.7,722.3,583.0,1.2,27.5
2025-04-09 17:21:10,612.4,604.5,608.1,608.1,592.1,600.1,613.0,614.4,587.7,625.2,724.8,583.5,1.2,27.6
2025-04-09 17:21:15,611.5,604.4,607.5,608.6,592.3,600.8,613.9,615.6,589.4,626.6,727.3,583.4,1.1,27.6
2025-04-09 17:21:20,610.7,604.6,608.0,609.1,592.6,602.0,615.3,616.8,589.2,625.6,725.7,583.7,1.2,27.6
2025-04-09 17:21:25,611.2,605.2,608.7,610.2,592.8,601.8,614.9,616.5,588.4,625.6,726.1,583.8,1.3,27.6
2025-04-09 17:21:30,611.4,605.8,608.7,609.8,593.0,601.9,615.1,616.5,588.1,627.2,728.6,583.9,1.9,27.6
2025-04-09 17:21:35,612.2,605.9,610.2,610.5,595.4,603.9,618.6,619.7,592.1,630.9,734.7,584.4,2.2,27.6
2025-04-09 17:21:40,615.9,607.9,613.2,614.1,598.4,607.4,621.9,623.3,595.1,634.2,740.0,587.0,2.2,27.6
2025-04-09 17:21:45,619.3,612.5,616.9,617.8,601.6,610.0,623.4,625.7,595.4,635.4,741.9,590.2,2.1,27.6
2025-04-09 17:21:50,622.4,615.4,618.2,619.1,602.2,611.2,623.1,625.2,596.6,635.2,742.1,591.9,2.2,27.6
2025-04-09 17:21:55,622.8,616.2,617.8,618.8,602.3,611.0,623.5,625.6,596.8,634.2,740.6,591.8,2.0,27.6
2025-04-09 17:22:00,622.8,617.0,617.5,619.2,602.3,610.9,622.4,623.2,594.7,631.0,735.7,591.4,1.9,27.6
2025-04-09 17:22:05,622.8,614.4,614.8,616.0,598.4,607.1,619.5,621.1,591.3,627.2,730.7,590.1,1.8,27.6
2025-04-09 17:22:10,620.6,613.9,613.9,614.6,597.9,604.9,615.7,618.5,590.4,625.8,728.9,587.9,1.6,27.6
2025-04-09 17:22:15,619.5,612.2,612.7,612.7,596.5,604.3,615.8,616.3,588.1,624.8,727.9,585.1,1.5,27.6
2025-04-09 17:22:20,618.9,611.8,612.4,612.1,596.5,604.3,615.6,616.5,587.4,624.8,728.4,585.1,1.6,27.6
2025-04-09 17:22:25,618.0,611.1,611.1,612.3,595.6,603.7,615.6,616.6,587.6,625.3,729.0,584.8,1.6,27.6
2025-04-09 17:22:30,616.7,610.2,609.9,611.8,595.4,603.4,615.2,616.8,588.2,625.9,730.4,584.3,1.4,27.6
2025-04-09 17:22:35,614.8,608.7,609.5,611.5,595.3,603.5,615.0,617.0,588.8,626.0,730.8,584.0,1.2,27.6
2025-04-09 17:22:40,613.5,608.0,609.2,611.3,594.5,603.3,614.3,617.0,588.3,625.1,729.4,583.8,1.0,27.6
2025-04-09 17:22:45,611.4,607.4,606.9,609.1,591.1,600.6,610.1,615.9,587.3,623.6,726.1,582.8,0.9,27.6
2025-04-09 17:22:50,609.5,605.6,604.8,608.7,589.1,599.2,609.9,613.5,585.6,623.1,725.9,579.0,0.8,27.6
2025-04-09 17:22:55,605.5,603.0,601.9,605.8,588.4,598.7,608.7,613.2,585.7,623.2,726.4,577.8,0.6,27.6
2025-04-09 17:23:00,604.8,602.5,601.9,605.7,588.1,597.7,609.2,613.4,585.4,622.5,725.4,577.5,0.6,27.6
2025-04-09 17:23:05,605.0,601.7,601.6,605.0,587.8,597.8,609.1,613.0,584.8,621.5,724.5,577.5,0.6,27.6
2025-04-09 17:23:10,605.5,601.2,601.5,605.0,588.2,597.5,609.1,611.9,583.3,620.7,724.6,577.7,0.5,27.6
2025-04-09 17:23:15,606.6,601.3,602.6,605.2,588.9,596.9,609.1,612.1,583.2,620.7,724.7,578.0,0.5,27.6
2025-04-09 17:23:20,607.4,601.9,603.2,605.2,588.9,597.3,609.3,611.8,582.7,620.4,724.9,578.5,0.4,27.6
2025-04-09 17:23:25,607.8,602.1,603.2,605.1,589.1,597.0,609.3,611.2,582.5,620.5,725.1,578.4,0.3,27.6
2025-04-09 17:23:30,607.9,603.1,603.6,604.8,589.3,596.2,608.8,610.7,581.9,619.2,723.6,577.6,0.2,27.6
2025-04-09 17:23:35,607.4,603.0,601.8,604.8,587.4,595.1,606.0,609.7,579.8,616.9,719.5,577.0,0.2,27.6
2025-04-09 17:23:40,604.8,601.6,601.3,603.1,585.6,593.3,604.3,605.7,576.9,613.5,714.5,573.6,0.2,27.6
2025-04-09 17:23:45,602.0,597.0,596.3,598.9,583.6,589.7,602.1,604.6,575.8,612.5,713.2,571.5,0.3,27.6
2025-04-09 17:23:50,600.7,594.9,596.1,597.8,582.3,589.0,601.7,603.6,574.9,612.6,714.2,570.2,0.2,27.7
2025-04-09 17:23:55,600.0,594.0,595.9,597.9,582.4,588.8,602.0,603.0,575.1,613.4,714.9,569.6,0.2,27.6
2025-04-09 17:24:00,599.9,594.9,595.9,598.7,582.6,589.7,602.2,603.5,575.4,613.9,716.7,570.1,0.1,27.7
2025-04-09 17:24:05,599.8,595.7,596.1,598.8,582.5,589.7,602.4,604.4,575.8,614.0,717.2,570.2,0.0,27.7
2025-04-09 17:24:10,600.3,596.1,597.4,599.5,583.8,590.0,603.4,604.3,576.2,614.3,718.6,571.2,0.0,27.7
2025-04-09 17:24:15,601.8,596.8,598.9,600.1,585.7,590.1,605.1,604.5,576.2,614.9,719.0,571.3,0.0,27.7
2025-04-09 17:24:20,603.5,598.0,600.5,601.0,586.7,590.5,606.0,605.0,575.9,614.8,720.1,572.4,0.1,27.7
2025-04-09 17:24:25,605.3,599.5,600.6,601.2,586.8,591.4,606.0,604.9,575.7,613.4,718.0,573.0,0.3,27.7
2025-04-09 17:24:30,605.7,599.7,600.7,601.6,586.6,591.1,604.4,603.6,574.0,611.9,716.9,572.5,0.4,27.8
2025-04-09 17:24:35,605.4,598.7,599.0,600.1,584.5,588.5,602.7,601.8,572.1,610.0,713.3,571.2,0.5,27.8
2025-04-09 17:24:40,603.9,597.2,597.8,598.2,583.7,587.3,602.2,600.3,571.7,609.1,712.6,568.9,0.6,27.8
2025-04-09 17:24:45,602.2,595.2,597.2,597.2,583.0,587.0,601.6,599.5,571.3,609.6,713.9,568.0,0.6,27.8
2025-04-09 17:24:50,601.7,594.7,596.5,596.5,582.4,585.8,601.6,599.5,571.9,610.2,714.6,567.4,0.5,27.9
2025-04-09 17:24:55,600.2,594.5,595.9,596.0,582.2,585.7,601.4,599.9,572.3,610.3,714.8,566.7,0.4,27.9
2025-04-09 17:25:00,599.3,594.4,594.1,595.4,581.6,585.7,600.6,599.9,572.0,609.1,712.6,566.0,0.6,27.9
2025-04-09 17:25:05,597.6,593.6,593.6,594.5,579.5,584.7,598.4,599.0,571.3,606.2,708.7,564.7,0.7,27.9
2025-04-09 17:25:10,596.4,592.1,591.7,592.8,577.4,582.8,597.3,597.8,568.7,605.0,706.5,562.0,0.6,27.9
2025-04-09 17:25:15,594.1,589.6,590.4,590.4,576.7,581.0,596.4,596.2,568.1,606.0,709.1,561.3,0.6,28.0
2025-04-09 17:25:20,593.6,588.0,590.6,590.0,577.5,581.6,597.7,597.8,570.2,608.9,713.5,562.1,0.6,28.0
2025-04-09 17:25:25,595.0,590.0,593.4,591.9,580.4,584.1,601.2,600.5,571.0,611.5,717.0,563.2,0.6,28.0
2025-04-09 17:25:30,597.6,591.7,594.8,594.6,582.5,587.4,602.8,602.8,575.3,612.9,719.2,565.8,0.4,28.0
2025-04-09 17:25:35,598.8,594.8,595.5,596.7,582.3,587.7,602.7,603.1,574.9,612.7,719.3,566.6,0.3,28.1
2025-04-09 17:25:40,598.6,595.2,595.4,596.3,581.2,587.2,602.0,602.8,574.5,611.4,717.2,566.8,0.3,28.1
2025-04-09 17:25:45,597.3,594.8,593.8,595.1,580.8,586.2,600.6,601.4,573.8,610.7,716.4,565.8,0.6,28.1
2025-04-09 17:25:50,596.6,593.7,593.9,594.4,580.4,585.8,600.4,601.1,573.4,610.7,716.5,564.1,0.7,28.1
2025-04-09 17:25:55,597.0,593.7,594.0,593.9,580.6,586.0,601.4,601.3,573.8,611.1,717.6,564.3,0.8,28.2
2025-04-09 17:26:00,598.3,594.2,596.0,594.9,581.6,586.5,601.9,601.9,573.7,610.9,717.1,565.5,0.8,28.2
2025-04-09 17:26:05,600.3,594.6,596.1,595.1,581.9,587.1,601.6,601.9,573.4,609.8,715.9,565.4,0.7,28.2
2025-04-09 17:26:10,600.8,595.6,596.3,595.3,581.8,587.5,601.5,601.5,572.8,609.3,715.4,565.2,0.6,28.2
2025-04-09 17:26:15,600.8,595.5,596.4,595.4,582.1,587.3,601.8,601.1,572.3,609.3,715.8,565.1,0.6,28.2
2025-04-09 17:26:20,601.2,595.1,596.7,595.9,582.8,587.8,602.7,601.1,572.6,610.7,718.1,565.2,0.4,28.2
2025-04-09 17:26:25,603.1,595.7,598.3,597.0,584.3,588.2,603.9,602.4,573.9,611.8,720.0,565.7,0.3,28.2
2025-04-09 17:26:30,603.8,597.7,600.2,599.5,585.5,589.8,604.4,603.9,574.5,612.2,720.8,567.0,0.3,28.2
2025-04-09 17:26:35,604.1,597.9,599.9,599.7,585.2,589.9,603.3,602.8,573.7,610.3,718.0,567.2,0.5,28.3
2025-04-09 17:26:40,603.5,597.9,599.2,599.4,582.8,588.7,602.0,600.9,571.1,609.2,715.6,566.8,0.5,28.3
2025-04-09 17:26:45,600.8,595.8,595.2,596.4,580.3,585.2,597.0,598.6,569.8,606.0,711.0,563.1,1.1,28.3
2025-04-09 17:26:50,597.6,593.2,592.6,593.7,577.7,581.8,595.2,594.7,567.0,603.4,707.3,561.4,1.0,28.3
2025-04-09 17:26:55,594.5,589.9,591.6,591.3,576.6,580.9,593.3,593.6,565.4,598.0,698.8,557.9,1.0,28.3
2025-04-09 17:27:00,590.7,586.6,583.2,583.8,567.5,572.5,584.6,587.9,559.8,592.1,689.4,554.4,0.9,28.3
2025-04-09 17:27:05,585.5,581.7,578.1,578.6,562.2,567.8,580.9,582.5,555.3,588.6,684.4,549.0,1.0,28.3
2025-04-09 17:27:10,581.5,578.3,574.8,574.7,559.8,565.8,579.3,579.8,552.7,588.8,684.2,543.3,1.0,28.3
2025-04-09 17:27:15,576.6,574.4,573.4,573.2,560.1,565.2,580.2,579.8,553.4,590.3,687.2,542.9,1.0,28.3
2025-04-09 17:27:20,576.6,574.1,573.7,573.8,561.2,566.0,581.0,581.3,555.1,591.2,688.7,543.2,1.0,28.3
2025-04-09 17:27:25,578.5,574.8,576.2,575.4,562.6,567.4,581.7,582.7,555.2,591.0,688.5,544.5,1.4,28.3
2025-04-09 17:27:30,579.5,575.1,576.4,576.0,562.8,567.2,581.4,582.9,554.8,590.4,687.8,544.6,1.3,28.3
2025-04-09 17:27:35,580.0,574.6,576.7,575.6,562.9,566.8,581.6,582.6,554.7,590.5,688.0,544.7,1.2,28.3
2025-04-09 17:27:40,580.8,574.2,576.6,575.7,562.9,566.9,581.5,582.8,555.1,591.5,689.7,544.6,1.2,28.3
2025-04-09 17:27:45,582.6,574.3,576.6,576.0,563.5,567.5,582.0,583.2,554.9,591.4,689.9,545.0,1.7,28.3
2025-04-09 17:27:50,583.8,574.7,577.0,576.7,563.2,567.4,580.7,582.4,554.4,589.9,687.9,545.5,1.9,28.3
2025-04-09 17:27:55,583.2,575.3,575.2,576.3,561.7,566.9,578.4,581.2,552.0,587.4,685.2,545.1,1.8,28.4
2025-04-09 17:28:00,580.1,573.4,573.3,575.7,560.6,565.9,577.6,580.0,551.6,586.7,682.9,541.7,1.5,28.3
2025-04-09 17:28:05,577.9,571.3,571.5,572.5,558.7,563.5,576.7,578.8,550.4,586.7,683.3,541.4,1.3,28.3
2025-04-09 17:28:10,577.0,570.5,571.4,572.2,558.5,563.7,577.2,578.4,550.5,587.1,684.7,540.5,1.1,28.4
2025-04-09 17:28:15,577.0,570.4,571.3,572.6,558.7,563.7,578.0,578.6,550.9,587.5,685.2,540.5,1.0,28.3
2025-04-09 17:28:20,577.2,570.8,571.5,573.2,558.6,563.8,578.3,578.7,549.6,586.2,683.0,540.6,0.8,28.4
2025-04-09 17:28:25,577.2,571.0,571.4,573.0,558.4,563.5,577.2,577.4,548.4,583.6,680.9,540.2,0.8,28.3
2025-04-09 17:28:30,577.2,571.2,570.9,572.5,556.8,561.9,575.7,575.4,546.8,582.1,678.6,539.0,0.6,28.3
2025-04-09 17:28:35,576.0,570.6,569.5,571.5,555.7,561.3,573.7,573.4,544.8,581.2,675.5,538.2,0.6,28.3
2025-04-09 17:28:40,574.3,570.0,566.1,570.0,554.1,559.3,572.9,572.9,543.9,580.6,674.2,535.7,0.6,28.3
2025-04-09 17:28:45,572.2,568.2,564.3,567.7,551.5,558.0,568.8,569.0,541.4,575.9,671.7,534.1,0.6,28.3
2025-04-09 17:28:50,570.1,566.3,561.5,566.2,548.7,555.1,565.6,565.6,537.5,573.5,664.4,531.6,0.6,28.3
2025-04-09 17:28:55,565.6,562.7,556.4,562.2,543.5,551.0,559.9,561.2,535.0,567.7,656.6,528.1,0.6,28.3
2025-04-09 17:29:00,562.0,559.6,552.8,557.6,539.4,546.0,557.7,559.3,530.9,562.1,648.0,523.5,0.5,28.3
2025-04-09 17:29:05,557.4,553.6,550.4,554.9,537.5,543.5,552.7,554.0,525.2,555.6,638.2,518.7,0.4,28.3
2025-04-09 17:29:10,553.6,549.4,544.0,547.9,531.1,536.9,548.2,548.5,520.2,552.2,632.3,514.6,0.3,28.3
2025-04-09 17:29:15,550.7,545.3,541.4,544.9,528.0,534.0,545.5,543.9,517.3,550.2,628.8,511.7,0.3,28.3
2025-04-09 17:29:20,548.3,542.5,539.3,542.4,525.7,531.5,541.6,542.5,515.1,547.3,624.6,507.6,0.1,28.3
2025-04-09 17:29:25,544.5,539.5,535.5,538.7,521.7,527.5,537.9,539.4,512.8,544.5,620.1,505.9,0.1,28.3
2025-04-09 17:29:30,539.7,535.8,531.4,534.9,518.2,524.4,534.2,536.6,510.4,543.1,618.7,501.8,0.0,28.3
2025-04-09 17:29:35,535.2,530.6,527.5,530.4,514.7,520.9,531.6,533.4,508.2,539.9,613.7,497.5,0.0,28.3
2025-04-09 17:29:40,532.4,528.1,525.5,528.8,513.6,518.5,529.6,532.2,505.9,537.5,609.7,494.3,0.0,28.3
2025-04-09 17:29:45,531.0,525.8,524.6,525.8,512.1,516.5,528.1,530.4,504.4,536.4,607.9,493.8,0.0,28.3
2025-04-09 17:29:50,530.0,523.8,522.1,525.0,510.8,514.6,527.2,527.0,503.1,535.5,606.8,492.1,0.0,28.4
2025-04-09 17:29:55,528.9,522.7,521.9,523.5,510.7,514.3,527.7,527.5,503.1,537.5,610.1,491.5,0.0,28.4
2025-04-09 17:30:00,529.1,522.6,523.5,525.5,513.8,514.6,531.2,530.5,505.8,542.5,618.0,492.2,0.0,28.4
2025-04-09 17:30:05,530.4,526.0,525.8,527.5,516.4,519.2,535.3,535.0,509.2,547.2,625.9,496.7,0.0,28.4
2025-04-09 17:30:10,534.6,527.8,529.8,531.4,520.5,522.5,539.9,538.5,513.2,551.9,628.9,498.4,0.0,28.4
2025-04-09 17:30:15,540.1,533.1,535.3,536.5,524.7,527.7,544.0,541.4,515.6,553.3,635.6,504.0,0.0,28.4
2025-04-09 17:30:20,544.3,536.9,538.9,539.7,526.8,531.0,545.8,544.7,518.1,554.3,637.9,506.5,0.0,28.4
2025-04-09 17:30:25,547.1,540.4,540.1,541.0,527.2,531.3,545.8,545.0,518.1,554.0,637.4,508.3,0.0,28.5
2025-04-09 17:30:30,547.6,541.3,541.0,542.4,527.8,532.2,545.8,545.4,517.8,552.3,634.5,508.6,0.0,28.5
2025-04-09 17:30:35,547.4,541.4,539.7,542.0,526.2,531.3,542.1,544.4,516.3,550.4,631.4,508.4,0.0,28.5
2025-04-09 17:30:40,545.6,539.7,537.4,540.0,524.4,529.3,540.4,540.8,514.1,547.2,628.9,506.9,0.3,28.5
2025-04-09 17:30:45,542.8,537.8,533.8,536.8,520.8,526.4,537.1,536.5,510.0,542.1,622.2,504.5,0.5,28.5
2025-04-09 17:30:50,539.3,534.6,530.5,532.9,516.8,522.9,532.3,533.4,506.0,539.8,615.3,501.0,0.6,28.5
2025-04-09 17:30:55,535.2,529.2,526.4,527.7,512.5,517.8,528.1,529.9,503.3,535.3,607.3,496.5,0.6,28.5
2025-04-09 17:31:00,533.0,526.4,524.9,524.5,510.7,514.6,526.4,526.3,500.3,534.0,605.9,493.1,0.7,28.5
2025-04-09 17:31:05,531.5,523.2,523.6,523.8,511.1,514.2,526.8,526.0,499.9,533.6,605.7,492.3,0.8,28.6
2025-04-09 17:31:10,530.6,523.1,523.1,523.4,509.8,513.4,526.0,525.7,499.9,533.0,604.2,491.8,0.9,28.6
2025-04-09 17:31:15,529.5,522.5,521.9,522.9,508.1,511.6,523.2,522.7,496.8,530.6,600.6,491.0,1.0,28.6
2025-04-09 17:31:20,527.0,520.9,519.3,521.1,506.0,509.8,521.7,521.4,495.1,527.3,595.0,489.0,1.0,28.6
2025-04-09 17:31:25,524.9,517.6,517.4,518.2,503.8,507.4,519.0,518.4,493.2,526.4,593.7,487.1,0.9,28.6
2025-04-09 17:31:30,524.5,515.9,517.4,516.5,503.8,506.4,519.8,518.5,493.7,529.5,600.2,486.3,0.8,28.6
2025-04-09 17:31:35,525.7,515.6,518.5,517.4,505.5,508.1,522.6,520.8,496.5,532.0,602.9,487.2,0.7,28.6
2025-04-09 17:31:40,527.5,517.9,520.1,519.2,507.8,509.7,524.2,523.5,498.2,533.9,605.7,489.0,0.7,28.7
2025-04-09 17:31:45,527.9,518.9,520.8,520.9,508.5,511.8,525.4,525.8,500.0,534.5,607.5,489.8,0.7,28.7
2025-04-09 17:31:50,528.3,519.9,521.2,521.7,509.5,512.3,526.2,526.2,500.8,535.0,608.6,490.8,0.6,28.7
2025-04-09 17:31:55,528.7,521.6,521.8,522.9,509.6,512.7,526.6,526.8,500.4,534.1,607.8,491.1,0.6,28.7
2025-04-09 17:32:00,528.9,521.7,521.1,522.5,507.9,511.3,523.9,524.3,499.6,532.0,603.4,490.8,0.4,28.7
2025-04-09 17:32:05,526.9,519.8,518.9,521.1,505.9,509.8,522.6,524.1,498.7,531.8,603.4,489.5,0.4,28.7
2025-04-09 17:32:10,523.5,517.3,517.2,518.8,505.5,509.1,522.6,523.4,498.9,532.7,605.7,488.2,0.3,28.7
2025-04-09 17:32:15,522.5,516.3,517.0,518.6,505.4,508.8,522.8,523.7,499.7,533.0,605.7,487.5,0.3,28.7
2025-04-09 17:32:20,522.5,516.6,517.2,518.7,505.9,509.1,522.8,523.2,499.3,532.3,604.4,487.5,0.4,28.7
2025-04-09 17:32:25,523.9,516.9,518.5,518.6,506.2,509.3,522.9,523.0,498.5,531.2,603.3,487.7,0.4,28.7
2025-04-09 17:32:30,525.8,517.2,518.6,519.0,506.8,509.5,523.1,522.7,498.1,530.8,602.4,487.9,0.3,28.7
2025-04-09 17:32:35,526.3,517.9,519.2,519.2,506.5,509.4,522.4,522.1,497.1,530.3,601.9,488.0,0.3,28.7
2025-04-09 17:32:40,525.3,517.6,517.1,517.1,505.3,507.5,521.8,521.0,496.5,530.1,601.6,485.9,0.2,28.8
2025-04-09 17:32:45,523.3,516.2,516.9,517.3,505.2,507.2,523.1,521.9,496.7,532.2,606.3,485.5,0.2,28.7
2025-04-09 17:32:50,523.5,515.6,519.3,518.4,507.8,509.1,526.0,524.1,497.5,533.0,606.9,485.6,0.2,28.8
2025-04-09 17:32:55,526.3,517.4,520.5,520.5,508.7,510.3,526.0,525.6,499.5,532.9,607.4,487.5,0.2,28.8
2025-04-09 17:33:00,526.8,518.9,520.4,520.6,508.2,510.3,524.3,524.4,498.5,531.7,604.9,487.6,0.2,28.7
2025-04-09 17:33:05,525.2,518.0,518.4,519.0,506.8,507.8,522.9,522.3,497.0,529.6,601.9,485.8,0.1,28.8
2025-04-09 17:33:10,523.8,516.5,517.5,518.0,505.6,506.8,521.7,521.2,496.6,528.7,600.6,484.7,0.1,28.8
2025-04-09 17:33:15,523.2,515.9,517.3,516.4,505.4,506.4,521.5,521.0,495.9,529.9,603.1,483.3,0.2,28.8
2025-04-09 17:33:20,523.2,515.2,517.4,516.7,507.2,506.8,523.7,521.7,497.3,532.3,606.2,483.7,0.3,28.8
2025-04-09 17:33:25,524.3,516.4,519.0,518.8,508.1,508.8,525.0,524.2,500.3,533.7,609.2,484.9,0.4,28.8
2025-04-09 17:33:30,525.4,517.9,519.6,519.2,508.7,511.2,525.9,526.0,500.2,534.3,609.4,486.0,0.4,28.8
2025-04-09 17:33:35,525.9,519.2,520.0,520.4,508.7,511.5,525.8,525.6,500.2,532.5,606.6,486.1,0.4,28.8
2025-04-09 17:33:40,526.0,519.4,519.6,520.0,507.7,510.7,524.2,524.6,498.8,531.1,604.1,486.1,0.3,28.8
2025-04-09 17:33:45,524.8,519.0,516.4,518.4,504.8,507.8,519.5,520.8,495.1,524.3,596.4,484.4,0.3,28.8
2025-04-09 17:33:50,523.1,516.2,513.7,516.0,500.7,504.2,515.5,517.6,491.2,520.1,589.4,481.8,0.2,28.8
2025-04-09 17:33:55,517.8,511.6,508.8,510.7,496.8,498.7,512.6,514.8,489.8,518.3,583.4,478.1,0.2,28.8
2025-04-09 17:34:00,513.9,507.3,506.8,507.3,494.3,497.0,510.7,512.5,486.7,516.7,581.7,474.0,0.1,28.8
2025-04-09 17:34:05,512.9,505.2,505.5,506.4,494.2,495.8,509.8,509.9,486.2,517.0,582.8,472.4,0.1,28.8
2025-04-09 17:34:10,512.8,504.7,506.0,506.4,494.6,496.2,510.4,510.7,486.5,519.6,586.8,473.3,0.1,28.8
2025-04-09 17:34:15,514.4,505.6,508.6,508.4,497.1,498.3,513.3,512.7,488.5,523.2,592.8,475.1,0.0,28.8
2025-04-09 17:34:20,514.9,507.0,510.2,509.2,498.7,501.3,515.5,517.0,492.5,525.9,596.4,477.5,0.0,28.8
2025-04-09 17:34:25,516.5,510.0,512.1,511.8,500.5,503.9,516.9,518.8,495.0,527.1,598.7,478.4,0.0,28.9
2025-04-09 17:34:30,517.2,510.9,512.4,513.0,500.8,505.0,517.0,519.9,496.7,527.7,599.2,478.8,0.0,28.9
2025-04-09 17:34:35,516.7,512.2,511.9,513.2,500.2,505.0,517.0,519.9,497.1,527.5,598.4,479.4,0.0,28.9
2025-04-09 17:34:40,515.1,512.2,510.8,512.0,499.0,504.9,515.6,519.4,496.5,526.8,597.5,478.7,0.0,28.9
2025-04-09 17:34:45,514.5,511.3,509.8,511.6,498.5,504.4,515.5,519.0,496.3,526.8,597.7,477.8,0.0,28.9
2025-04-09 17:34:50,514.0,509.6,509.7,511.8,498.9,504.9,516.9,519.8,496.4,528.1,600.1,477.5,0.2,28.9
2025-04-09 17:34:55,516.0,510.7,512.6,513.9,501.0,506.2,517.4,521.1,496.8,527.9,599.8,478.5,0.6,28.9
2025-04-09 17:35:00,517.6,511.8,513.5,514.6,501.2,506.5,517.9,521.0,495.1,523.7,593.1,479.4,0.9,28.9
2025-04-09 17:35:05,517.1,512.1,510.7,514.6,498.7,504.3,513.4,517.3,491.5,519.2,586.1,478.7,0.9,28.9
2025-04-09 17:35:10,513.6,509.1,507.0,511.1,495.8,501.5,510.1,512.9,488.9,517.3,583.0,475.1,0.8,28.9
2025-04-09 17:35:15,511.2,506.6,504.4,507.4,492.0,496.7,508.4,510.6,487.5,515.9,580.4,472.7,0.8,28.9
2025-04-09 17:35:20,509.1,503.0,502.7,505.5,491.3,495.3,507.5,509.2,484.5,513.6,577.4,470.5,0.7,28.9
2025-04-09 17:35:25,507.9,500.9,502.0,504.6,490.4,494.7,506.4,508.5,483.8,513.1,576.5,470.1,0.6,28.9
2025-04-09 17:35:30,507.4,500.5,500.9,503.0,489.7,493.6,505.7,507.7,483.0,512.4,575.2,468.9,0.5,28.9
2025-04-09 17:35:35,506.8,500.0,500.2,502.8,488.9,492.8,504.3,506.1,483.1,512.1,574.4,467.8,0.4,28.9
2025-04-09 17:35:40,505.3,500.0,499.3,502.5,488.2,492.4,503.6,506.1,482.5,509.4,569.1,465.6,0.3,28.9
2025-04-09 17:35:45,503.6,497.9,495.0,499.5,484.5,489.3,499.0,502.5,478.3,504.4,562.1,462.2,0.3,28.9
2025-04-09 17:35:50,499.6,493.9,491.1,497.4,480.4,485.7,495.1,498.8,474.5,501.0,556.1,459.2,0.4,28.9
2025-04-09 17:35:55,496.1,491.0,488.1,491.5,475.5,480.6,490.8,493.7,471.0,498.7,552.2,456.2,0.4,28.9
2025-04-09 17:36:00,490.9,485.1,485.3,487.6,473.8,477.5,489.5,491.6,469.9,498.9,552.4,451.3,0.3,29.0
2025-04-09 17:36:05,490.1,484.1,485.1,486.8,474.5,477.4,489.9,491.8,471.2,499.9,554.3,451.1,0.2,29.0
2025-04-09 17:36:10,489.7,483.6,486.6,486.8,477.0,479.5,493.7,494.5,473.1,503.5,560.6,452.2,0.8,29.0
2025-04-09 17:36:15,492.2,484.8,489.8,488.9,479.7,482.0,497.6,496.5,475.7,504.7,563.3,454.2,1.4,29.0
2025-04-09 17:36:20,498.6,488.4,495.3,493.8,482.1,483.5,499.8,498.8,477.5,508.3,569.6,458.9,1.5,29.0
2025-04-09 17:36:25,502.4,492.1,498.3,496.8,487.0,488.7,506.7,504.8,482.9,511.6,574.3,461.4,1.7,29.0
2025-04-09 17:36:30,505.9,495.4,502.0,500.7,490.6,492.5,509.8,506.1,484.5,515.8,581.3,464.3,2.1,29.0
2025-04-09 17:36:35,509.8,499.4,505.7,502.7,494.2,495.7,513.1,511.8,488.5,521.4,590.6,468.3,2.0,29.0
2025-04-09 17:36:40,513.3,503.6,510.0,507.5,498.3,499.9,516.6,515.6,493.3,526.5,598.6,472.5,1.7,29.0
2025-04-09 17:36:45,515.7,506.1,511.9,512.2,502.3,504.6,520.9,520.4,497.5,530.0,604.7,474.6,1.5,29.0
2025-04-09 17:36:50,519.2,510.8,516.1,517.1,504.8,508.6,522.3,523.6,499.6,530.7,605.6,480.1,1.6,28.9
2025-04-09 17:36:55,520.7,514.2,516.8,518.9,505.2,509.2,522.1,523.5,499.6,528.4,601.2,480.9,1.7,28.9
2025-04-09 17:37:00,521.0,515.2,515.8,518.2,502.2,507.9,518.7,522.8,498.3,526.6,598.1,479.8,3.0,28.9
2025-04-09 17:37:05,520.1,514.0,513.7,515.6,500.4,506.0,517.3,519.0,495.1,524.8,595.0,478.1,3.2,28.9
2025-04-09 17:37:10,518.6,512.3,511.8,514.0,499.3,505.4,517.0,518.4,494.6,524.5,594.7,476.2,3.0,28.9
2025-04-09 17:37:15,517.5,510.8,511.6,513.4,499.7,504.5,517.3,518.1,494.1,525.1,595.8,475.8,2.5,28.9
2025-04-09 17:37:20,517.5,510.7,511.8,513.8,500.5,504.9,518.4,520.7,495.8,527.1,598.8,476.1,2.1,28.9
2025-04-09 17:37:25,518.9,511.9,514.4,515.5,501.2,505.7,520.3,520.9,496.8,528.8,601.9,477.7,1.7,28.9
2025-04-09 17:37:30,521.2,513.3,515.9,517.5,503.0,507.9,522.1,522.2,497.7,529.5,603.0,478.7,2.7,28.9
2025-04-09 17:37:35,522.1,514.9,515.7,517.8,502.8,509.0,521.5,523.3,498.0,529.1,602.5,479.1,2.9,28.9
2025-04-09 17:37:40,522.9,515.2,515.6,518.1,502.4,509.0,521.4,523.0,498.0,529.3,602.9,478.3,2.3,28.8
2025-04-09 17:37:45,522.4,515.2,515.7,518.2,502.6,509.3,521.8,523.1,498.3,529.8,603.4,478.9,2.1,28.8
2025-04-09 17:37:50,522.7,515.3,515.9,518.4,503.1,509.8,522.1,523.3,498.4,529.4,602.8,479.1,2.3,28.8
2025-04-09 17:37:55,522.8,515.4,515.8,518.4,503.5,509.7,522.2,523.3,497.9,528.6,602.2,478.9,1.9,28.8
2025-04-09 17:38:00,522.3,515.1,515.4,518.4,503.7,509.2,521.7,522.4,497.3,527.5,600.2,479.0,1.5,28.7
2025-04-09 17:38:05,521.3,515.4,515.7,518.1,503.9,508.8,521.1,521.4,497.7,527.2,600.5,478.7,1.6,28.7
2025-04-09 17:38:10,521.1,515.3,516.0,517.8,504.0,508.5,521.3,521.3,497.6,527.5,601.1,478.2,2.2,28.6
2025-04-09 17:38:15,521.0,514.8,516.1,517.9,504.0,508.6,520.5,521.6,496.8,527.3,601.1,478.4,2.6,28.6
2025-04-09 17:38:20,520.9,514.5,514.9,517.9,502.8,508.3,519.0,521.5,496.2,526.6,600.1,478.6,2.7,28.6
2025-04-09 17:38:25,520.5,513.6,513.2,516.6,501.4,507.5,518.2,519.4,494.8,524.7,597.6,477.0,2.7,28.6
2025-04-09 17:38:30,518.9,512.6,510.7,514.7,500.2,506.9,516.9,519.3,493.7,523.7,595.3,475.6,2.4,28.6
2025-04-09 17:38:35,517.0,511.1,509.3,512.7,496.8,504.0,513.8,518.0,492.6,521.2,591.5,473.4,1.8,28.5
2025-04-09 17:38:40,514.5,509.1,507.9,511.8,494.6,501.7,510.7,514.8,490.4,518.8,587.3,472.2,1.6,28.5
2025-04-09 17:38:45,512.7,507.4,505.8,509.9,492.3,500.0,508.2,511.1,487.4,514.7,580.3,470.4,1.4,28.5
2025-04-09 17:38:50,509.2,503.8,501.9,506.6,490.1,497.7,505.5,508.7,484.1,512.4,576.1,465.7,1.2,28.4
2025-04-09 17:38:55,508.2,502.7,500.3,504.2,487.8,494.6,503.6,506.0,481.2,509.8,571.9,462.4,1.1,28.4
2025-04-09 17:39:00,505.5,499.4,498.1,501.7,485.3,491.5,500.6,503.7,479.3,508.7,570.4,461.5,1.1,28.4
2025-04-09 17:39:05,502.1,496.8,496.1,499.6,484.0,490.0,499.7,502.4,478.7,508.4,570.2,459.1,1.0,28.4
2025-04-09 17:39:10,500.7,494.8,494.3,498.1,482.7,488.1,498.8,502.2,478.5,508.5,570.2,458.1,1.1,28.3
2025-04-09 17:39:15,499.1,494.0,493.4,496.9,481.8,487.8,498.4,501.3,478.6,509.0,571.4,457.6,1.1,28.4
2025-04-09 17:39:20,498.5,493.0,492.6,496.7,481.4,487.8,498.3,501.5,479.1,509.4,572.2,457.0,0.9,28.3
2025-04-09 17:39:25,497.5,492.3,492.3,496.7,481.4,487.9,497.8,501.6,479.1,509.3,572.3,456.8,1.0,28.3
2025-04-09 17:39:30,497.0,492.0,491.8,495.8,479.9,487.1,496.9,500.8,479.1,508.2,570.7,456.0,1.0,28.3
2025-04-09 17:39:35,495.9,491.1,489.3,495.3,479.6,485.3,495.4,499.4,478.1,504.8,565.1,454.8,1.0,28.3
2025-04-09 17:39:40,494.4,489.8,487.8,492.3,476.4,482.4,493.3,497.0,474.7,503.1,563.1,452.1,1.0,28.3
2025-04-09 17:39:45,493.0,487.2,487.2,491.0,475.8,482.0,492.7,496.9,474.3,503.0,562.8,451.5,0.8,28.3
2025-04-09 17:39:50,492.3,486.5,487.1,490.7,475.7,481.5,492.9,496.7,474.2,504.3,565.7,451.0,0.7,28.3
2025-04-09 17:39:55,492.2,486.2,487.6,490.8,476.5,482.3,494.0,497.1,475.2,505.1,567.1,451.1,0.6,28.3
2025-04-09 17:40:00,492.2,486.6,488.0,491.4,477.1,484.1,494.3,498.2,476.1,505.4,567.6,451.5,0.7,28.2
2025-04-09 17:40:05,492.5,488.4,488.1,492.2,477.1,483.9,494.0,497.9,475.8,504.0,565.7,452.0,0.8,28.2
2025-04-09 17:40:10,492.4,488.5,487.4,492.5,475.9,483.1,492.8,496.9,475.4,503.5,565.1,451.7,1.1,28.2
2025-04-09 17:40:15,490.6,487.2,484.8,491.5,474.2,481.5,492.0,496.1,473.5,501.8,561.7,450.8,1.6,28.2
2025-04-09 17:40:20,489.2,485.1,483.2,489.0,472.3,479.9,489.4,492.9,471.7,499.8,559.1,449.6,2.1,28.2
2025-04-09 17:40:25,487.4,483.2,481.9,487.6,471.7,478.2,488.0,491.1,469.8,497.8,556.1,447.4,2.2,28.2
2025-04-09 17:40:30,486.2,481.4,480.7,486.0,470.5,477.6,487.4,490.5,469.3,495.6,552.5,446.2,2.0,28.2
2025-04-09 17:40:35,485.4,480.3,480.0,484.9,469.7,475.7,486.4,489.0,467.6,493.4,549.7,445.7,2.0,28.2
2025-04-09 17:40:40,484.6,479.9,479.6,483.8,468.6,473.8,485.3,486.7,465.1,490.9,546.0,443.8,2.3,28.2
2025-04-09 17:40:45,484.8,477.8,478.8,481.3,467.4,472.0,482.5,484.2,462.2,489.6,543.6,442.5,2.6,28.2
2025-04-09 17:40:50,484.2,476.1,477.7,479.1,465.3,470.0,480.2,483.1,460.9,488.1,541.4,441.2,2.5,28.2
2025-04-09 17:40:55,481.6,474.1,475.2,476.7,463.1,468.9,478.0,481.0,460.9,487.5,539.9,439.7,2.4,28.2
2025-04-09 17:41:00,479.2,472.3,472.5,476.0,461.2,467.4,477.6,479.3,458.0,485.7,538.0,436.8,2.1,28.2
2025-04-09 17:41:05,477.5,470.3,472.3,474.8,461.1,466.4,477.1,479.1,456.8,485.1,537.5,435.8,1.6,28.1
2025-04-09 17:41:10,477.2,469.9,472.4,474.0,461.5,465.8,477.6,478.4,457.1,485.9,539.2,435.7,1.3,28.2
2025-04-09 17:41:15,477.7,469.7,473.2,474.4,463.4,466.3,479.7,479.8,457.7,487.6,542.5,436.1,1.1,28.2
2025-04-09 17:41:20,480.5,470.7,475.2,475.8,464.9,467.8,479.6,480.7,459.7,488.8,544.7,437.7,1.0,28.1
2025-04-09 17:41:25,481.4,472.0,475.7,477.0,465.2,468.9,481.3,481.7,461.0,489.7,545.9,438.4,1.1,28.1
2025-04-09 17:41:30,481.8,473.0,476.0,477.3,466.1,469.7,482.9,482.9,462.3,490.4,547.6,438.9,1.3,28.1
2025-04-09 17:41:35,482.9,474.1,478.5,477.8,467.1,470.1,483.7,483.6,463.3,492.9,551.8,440.2,1.3,28.1
2025-04-09 17:41:40,485.5,475.7,480.4,479.7,469.5,472.0,486.5,486.2,464.4,495.5,556.8,441.2,1.8,28.0
2025-04-09 17:41:45,486.7,476.2,481.9,482.2,471.4,473.8,488.5,488.5,466.5,497.4,561.0,444.1,1.7,28.0
2025-04-09 17:41:50,490.1,480.1,485.6,485.0,473.8,476.6,492.0,490.3,468.4,498.6,563.1,445.2,1.6,28.0
2025-04-09 17:41:55,492.3,482.5,487.6,487.1,476.2,478.9,492.7,491.9,468.8,498.7,563.8,448.3,1.4,28.0
2025-04-09 17:42:00,495.7,485.2,489.5,489.0,477.1,479.7,492.8,491.6,469.1,498.5,563.7,449.2,1.4,28.0
2025-04-09 17:42:05,496.4,486.4,489.3,489.2,477.2,479.9,491.5,491.4,468.4,496.2,559.5,449.1,1.5,28.0
2025-04-09 17:42:10,496.2,486.4,487.6,488.3,474.8,477.6,489.2,488.6,466.5,494.9,557.8,448.5,1.4,28.0
2025-04-09 17:42:15,492.5,483.7,483.2,484.8,471.5,474.5,485.9,486.2,464.9,491.8,553.2,445.4,1.2,27.9
2025-04-09 17:42:20,488.7,480.0,480.7,481.4,469.2,472.8,484.4,485.1,461.8,489.4,549.0,443.0,1.5,27.9
2025-04-09 17:42:25,485.0,477.2,477.6,478.3,467.7,472.1,482.5,483.2,460.8,486.7,545.0,440.1,1.6,27.9
2025-04-09 17:42:30,482.0,474.5,474.8,475.7,462.3,468.4,478.2,481.3,458.4,484.4,540.6,438.1,1.6,27.9
2025-04-09 17:42:35,479.2,471.6,472.1,474.0,459.7,464.9,474.7,477.2,454.4,482.0,537.7,435.5,1.7,27.9
2025-04-09 17:42:40,477.0,469.6,471.1,472.3,459.0,463.4,474.3,475.7,453.3,479.6,534.0,432.8,1.7,27.8
2025-04-09 17:42:45,475.7,467.7,469.6,469.9,458.0,461.5,473.3,473.8,451.2,478.6,532.9,431.7,1.5,27.8
2025-04-09 17:42:50,475.9,466.8,469.2,469.5,457.8,460.4,472.9,472.6,450.5,478.3,533.0,431.8,1.4,27.8
2025-04-09 17:42:55,475.7,466.3,468.8,469.9,458.0,460.5,472.9,472.3,450.3,478.7,534.0,431.6,1.2,27.8
2025-04-09 17:43:00,475.9,466.4,469.2,470.3,458.3,460.7,473.8,472.5,450.4,479.2,535.2,431.5,0.9,27.8
2025-04-09 17:43:05,475.8,466.7,469.4,470.7,458.4,461.7,473.9,472.9,451.1,479.5,536.0,431.4,0.8,27.8
2025-04-09 17:43:10,476.5,466.9,470.5,470.8,459.8,462.2,474.3,473.4,451.5,480.2,538.2,431.3,0.9,27.8
2025-04-09 17:43:15,477.9,467.2,471.8,471.3,461.1,462.5,475.1,474.1,452.2,480.6,539.0,431.7,1.2,27.8
2025-04-09 17:43:20,478.7,468.0,472.1,472.2,461.5,463.3,475.5,475.8,452.4,481.1,540.3,433.0,2.0,27.8
2025-04-09 17:43:25,479.6,469.3,472.4,472.9,461.3,463.7,475.4,475.5,452.3,481.1,540.5,432.8,2.0,27.8
2025-04-09 17:43:30,479.0,468.9,471.1,473.0,460.5,463.7,475.1,475.3,452.2,479.7,537.4,433.7,2.0,27.8
2025-04-09 17:43:35,477.5,468.2,469.5,471.5,457.5,462.5,470.8,473.9,450.4,477.4,533.8,432.0,2.0,27.8
2025-04-09 17:43:40,474.5,466.2,465.8,468.9,455.2,460.1,469.0,471.8,449.3,475.9,531.6,430.5,1.8,27.8
2025-04-09 17:43:45,471.8,463.9,464.0,467.3,453.3,458.6,467.4,470.0,447.8,475.0,530.1,426.9,1.4,27.8
2025-04-09 17:43:50,469.7,461.6,462.0,465.3,452.7,457.2,466.8,469.2,447.5,474.8,530.3,425.5,1.3,27.7
2025-04-09 17:43:55,469.8,461.1,462.1,465.0,452.1,456.4,466.4,468.5,447.3,474.5,530.0,424.8,1.2,27.8
2025-04-09 17:44:00,468.1,460.3,461.1,464.3,451.3,455.9,465.9,468.4,446.6,474.3,529.9,424.0,0.9,27.7
2025-04-09 17:44:05,468.1,459.8,460.6,463.7,450.8,455.5,465.5,467.9,446.4,474.1,529.6,423.8,0.9,27.7
2025-04-09 17:44:10,467.0,459.0,459.9,462.7,450.1,455.4,465.4,467.3,446.2,473.7,529.3,422.3,0.9,27.7
2025-04-09 17:44:15,466.2,458.6,459.5,462.4,450.3,454.7,465.7,467.2,446.1,474.5,530.5,422.5,1.0,27.7
2025-04-09 17:44:20,465.8,458.4,459.6,462.7,450.6,455.3,466.0,467.3,446.4,474.6,531.7,422.7,1.0,27.7
2025-04-09 17:44:25,466.0,459.0,459.7,463.2,450.6,455.5,465.8,467.6,446.6,474.3,531.9,423.4,0.9,27.7
2025-04-09 17:44:30,466.3,459.0,459.3,463.4,449.5,455.5,464.8,467.6,446.0,472.5,529.4,423.4,0.9,27.7
2025-04-09 17:44:35,466.1,458.9,458.9,463.0,448.6,454.2,462.7,465.6,443.2,470.7,525.6,421.5,0.8,27.7
2025-04-09 17:44:40,464.4,456.1,456.7,460.1,446.8,452.6,460.8,463.9,442.2,470.1,525.5,420.9,0.8,27.7
2025-04-09 17:44:45,463.8,455.4,456.4,459.7,446.7,451.2,461.0,462.9,442.1,470.5,526.7,419.8,0.7,27.7
2025-04-09 17:44:50,463.4,454.9,456.4,459.5,446.9,451.4,461.0,463.0,442.6,470.9,527.9,419.3,0.6,27.6
2025-04-09 17:44:55,463.4,455.0,456.4,459.5,446.8,451.3,461.2,463.1,442.3,469.9,526.9,419.1,0.6,27.6
2025-04-09 17:45:00,463.1,454.9,456.1,459.5,446.2,450.8,460.7,462.6,441.6,469.0,525.1,419.0,0.5,27.7
2025-04-09 17:45:05,461.4,453.9,453.5,457.8,443.4,447.8,456.3,459.5,439.6,464.3,518.1,417.5,0.4,27.6
2025-04-09 17:45:10,459.1,450.6,451.2,454.8,440.8,444.9,455.0,457.6,435.7,460.7,512.6,414.4,0.4,27.6
2025-04-09 17:45:15,458.0,449.9,449.4,453.3,440.2,442.6,453.4,454.2,433.8,458.0,508.5,412.4,0.3,27.7
2025-04-09 17:45:20,455.4,445.3,448.4,450.6,437.8,440.5,450.3,451.4,431.3,456.9,506.2,410.3,0.2,27.6
2025-04-09 17:45:25,453.4,443.5,445.6,449.5,435.6,439.7,448.8,450.2,431.0,455.9,505.2,409.3,0.1,27.6
2025-04-09 17:45:30,451.8,442.7,444.5,447.8,434.1,438.8,447.2,449.4,429.0,453.7,501.7,407.6,0.4,27.7
2025-04-09 17:45:35,449.5,441.1,442.0,445.3,431.4,438.2,444.4,447.4,427.0,451.5,497.7,405.5,0.7,27.6
2025-04-09 17:45:40,447.5,439.1,440.1,443.7,429.9,435.5,442.0,445.0,424.9,450.4,495.6,403.7,1.0,27.6
2025-04-09 17:45:45,444.1,435.6,436.6,440.7,426.5,432.3,440.3,442.5,422.3,448.4,492.7,401.5,1.3,27.6
2025-04-09 17:45:50,442.2,433.3,435.3,439.0,425.6,430.8,439.4,442.0,422.1,448.0,492.4,400.1,1.4,27.6
2025-04-09 17:45:55,441.5,432.1,435.3,438.2,425.7,431.1,439.4,441.7,421.9,447.6,492.3,399.6,1.3,27.6
2025-04-09 17:46:00,441.6,431.9,435.6,438.4,425.9,430.8,439.3,441.5,420.8,445.9,489.8,399.7,1.3,27.6
2025-04-09 17:46:05,441.9,431.8,435.5,438.6,424.7,430.2,438.5,440.3,419.0,444.5,488.0,399.6,1.5,27.6
2025-04-09 17:46:10,441.3,431.3,434.9,437.2,424.6,428.5,437.6,439.2,419.1,444.8,489.5,398.0,1.6,27.6
2025-04-09 17:46:15,440.1,430.1,434.9,436.9,425.3,428.0,438.2,439.7,419.8,447.3,493.5,398.5,1.4,27.6
2025-04-09 17:46:20,440.2,430.2,436.1,437.6,426.5,429.9,440.2,442.3,421.9,448.5,495.1,398.8,1.3,27.6
2025-04-09 17:46:25,442.6,431.9,439.0,440.5,428.5,432.0,442.3,445.2,424.7,452.0,499.7,400.9,1.1,27.6
2025-04-09 17:46:30,444.1,434.1,439.7,442.9,430.2,433.6,445.1,446.9,427.0,455.7,508.0,402.1,1.3,27.6
2025-04-09 17:46:35,447.0,436.0,442.6,444.0,433.7,437.9,446.5,448.5,429.2,458.6,513.7,403.1,1.3,27.6
2025-04-09 17:46:40,450.8,439.8,447.5,447.9,438.5,442.1,455.6,456.6,434.5,465.6,524.8,407.1,1.2,27.6
2025-04-09 17:46:45,456.5,443.5,452.5,453.3,444.0,447.2,461.0,461.7,442.2,471.5,535.5,411.5,1.3,27.6
2025-04-09 17:46:50,463.2,450.8,458.1,460.1,450.8,451.2,464.9,466.3,446.4,476.9,545.2,418.2,1.3,27.6
2025-04-09 17:46:55,467.5,455.5,461.7,464.0,453.3,456.9,467.9,469.4,450.1,478.9,548.8,422.2,1.4,27.6
2025-04-09 17:47:00,469.5,457.5,462.5,466.0,454.7,458.9,469.9,472.1,451.5,480.7,553.2,424.5,1.6,27.6
2025-04-09 17:47:05,470.9,460.7,464.7,468.7,456.9,461.5,472.6,474.6,453.4,482.6,557.3,426.3,1.5,27.6
2025-04-09 17:47:10,472.5,464.4,468.8,470.5,459.1,462.9,474.6,477.7,454.5,483.8,558.6,428.3,1.5,27.6
2025-04-09 17:47:15,475.1,465.5,469.5,472.9,460.6,464.6,475.2,478.3,454.6,482.5,556.2,429.5,1.5,27.6
2025-04-09 17:47:20,476.5,468.5,470.5,473.0,460.7,464.6,473.9,476.6,453.2,480.2,552.1,429.8,1.4,27.6
2025-04-09 17:47:25,476.2,468.5,469.6,471.9,458.7,463.0,471.8,474.2,451.8,479.1,550.5,429.2,1.6,27.6
2025-04-09 17:47:30,473.5,466.0,465.9,469.7,455.4,459.7,467.4,472.2,448.2,473.4,541.2,426.8,1.6,27.6
2025-04-09 17:47:35,471.7,463.8,463.5,466.8,452.9,456.9,464.1,468.7,445.1,470.7,536.1,423.3,1.3,27.6
2025-04-09 17:47:40,467.9,459.1,460.1,462.0,447.8,454.6,463.1,467.1,443.6,468.7,532.6,421.1,1.2,27.6
2025-04-09 17:47:45,464.9,456.2,456.6,459.3,445.3,449.9,458.4,461.5,440.1,466.9,529.9,417.3,1.0,27.6
2025-04-09 17:47:50,461.6,452.9,454.3,455.7,443.3,448.7,457.1,460.5,440.0,466.6,529.5,415.1,0.9,27.6
2025-04-09 17:47:55,459.5,449.8,452.3,454.6,443.1,447.5,457.1,460.1,439.5,466.5,529.8,413.0,0.7,27.6
2025-04-09 17:48:00,458.7,449.5,451.8,454.4,442.9,447.1,457.6,460.0,439.3,466.7,530.0,412.7,0.7,27.6
2025-04-09 17:48:05,458.0,449.2,451.8,454.2,443.1,446.7,457.5,460.3,439.6,468.5,533.0,411.9,0.9,27.6
2025-04-09 17:48:10,457.9,448.4,451.9,454.7,443.5,446.7,458.2,461.6,440.5,469.3,535.0,412.2,0.9,27.6
2025-04-09 17:48:15,458.5,449.0,452.4,455.5,444.1,447.3,459.1,462.1,441.5,470.5,537.7,412.4,0.9,27.6
2025-04-09 17:48:20,458.7,450.3,453.3,457.7,446.1,449.7,460.5,462.9,441.7,471.1,539.2,413.3,0.8,27.6
2025-04-09 17:48:25,460.4,451.3,454.8,458.9,447.1,451.2,461.4,464.9,443.0,471.9,541.0,415.0,1.0,27.6
2025-04-09 17:48:30,462.3,452.9,456.9,459.8,448.2,452.3,461.8,465.1,443.1,471.6,540.4,415.9,1.1,27.6
2025-04-09 17:48:35,462.6,454.2,456.2,459.9,445.7,450.7,457.8,462.1,438.6,462.8,525.8,415.9,1.2,27.6
2025-04-09 17:48:40,461.0,453.2,453.2,457.1,442.1,446.2,452.5,457.1,436.4,460.1,521.8,413.4,1.4,27.6
2025-04-09 17:48:45,455.7,447.7,446.5,450.4,439.1,443.0,449.3,454.5,430.6,455.0,512.5,407.6,2.0,27.6
2025-04-09 17:48:50,451.5,442.5,443.3,445.8,433.9,436.6,445.2,448.4,427.1,453.4,510.7,403.7,1.8,27.6
2025-04-09 17:48:55,449.0,438.0,441.2,443.6,432.3,435.1,444.7,447.9,426.0,453.3,510.8,401.2,1.8,27.6
2025-04-09 17:49:00,447.2,437.1,440.6,441.9,432.2,434.3,444.5,447.4,425.7,452.9,510.4,400.4,2.1,27.6
2025-04-09 17:49:05,446.7,437.2,439.7,441.4,431.2,434.2,443.7,446.4,425.4,452.1,509.1,400.1,2.0,27.7
2025-04-09 17:49:10,445.4,436.8,438.3,440.7,430.7,432.7,442.9,445.9,424.9,451.8,509.3,398.9,2.0,27.6
2025-04-09 17:49:15,445.3,435.5,438.2,440.1,430.5,432.6,442.8,445.7,424.9,451.8,509.7,398.4,1.8,27.6
2025-04-09 17:49:20,444.6,435.4,438.1,440.6,430.4,432.3,442.3,445.8,424.5,451.3,509.2,397.9,1.8,27.6
2025-04-09 17:49:25,443.9,435.7,437.8,440.1,430.0,431.8,441.7,444.7,423.9,450.7,508.3,397.5,1.4,27.6
2025-04-09 17:49:30,444.0,435.5,437.4,439.2,429.6,431.3,441.4,444.1,422.8,449.0,505.9,397.1,1.4,27.6
2025-04-09 17:49:35,443.8,435.2,437.0,438.1,428.8,429.8,440.3,442.2,421.7,448.5,505.2,396.7,1.4,27.6
2025-04-09 17:49:40,443.9,434.0,436.5,437.6,428.5,429.4,440.3,442.0,421.1,448.3,505.9,395.5,1.1,27.6
2025-04-09 17:49:45,444.2,433.2,437.1,438.2,429.1,429.7,441.8,443.1,421.8,450.2,509.1,395.4,1.0,27.6
2025-04-09 17:49:50,445.6,434.6,439.6,440.0,432.6,430.7,443.3,444.4,422.6,454.0,516.9,397.0,0.9,27.6
2025-04-09 17:49:55,448.6,437.2,443.3,443.5,436.5,435.8,449.4,448.0,427.3,456.6,522.0,399.5,0.8,27.6
2025-04-09 17:50:00,452.0,440.4,447.1,447.7,439.5,438.9,451.9,452.3,429.1,459.3,526.0,403.4,0.7,27.6
2025-04-09 17:50:05,456.5,443.2,449.5,449.1,440.9,440.5,453.8,454.1,430.9,462.9,532.9,405.7,0.6,27.6
2025-04-09 17:50:10,457.5,445.2,450.8,450.6,442.9,442.4,455.6,456.1,434.1,465.5,537.5,407.4,0.5,27.6
2025-04-09 17:50:15,459.7,447.1,452.9,453.1,445.2,444.7,458.5,458.4,435.5,467.7,541.7,410.2,0.4,27.6
2025-04-09 17:50:20,461.6,450.6,455.2,455.3,446.7,447.9,461.2,461.1,438.2,469.1,544.7,411.3,0.3,27.6
2025-04-09 17:50:25,464.2,452.2,457.3,457.1,448.7,448.6,463.1,462.7,440.1,471.6,549.4,413.2,0.3,27.5
2025-04-09 17:50:30,466.3,453.4,459.3,459.2,452.3,452.2,466.9,463.6,440.9,474.3,554.5,414.2,0.4,27.5
2025-04-09 17:50:35,469.7,457.0,463.9,462.9,456.9,456.3,471.9,471.0,447.1,481.8,568.7,416.9,0.4,27.5
2025-04-09 17:50:40,474.1,461.0,468.9,467.5,461.8,461.4,476.8,475.8,451.7,484.3,573.1,420.7,0.3,27.5
2025-04-09 17:50:45,481.3,467.7,474.8,474.0,466.8,467.0,480.2,479.3,454.6,487.9,579.6,426.6,0.3,27.5
2025-04-09 17:50:50,485.2,472.1,476.3,477.0,467.1,468.4,480.5,481.1,456.0,487.4,578.6,429.2,0.4,27.5
2025-04-09 17:50:55,484.6,474.1,473.6,476.3,466.7,468.1,479.2,481.0,455.8,483.8,572.2,429.2,0.8,27.5
2025-04-09 17:51:00,480.8,472.2,471.2,473.6,461.4,463.2,472.2,477.4,452.4,480.0,565.8,426.3,1.1,27.5
2025-04-09 17:51:05,477.8,468.2,468.4,470.6,457.4,460.3,470.2,472.9,449.4,476.9,560.9,423.3,1.1,27.5
2025-04-09 17:51:10,475.7,465.7,465.7,468.1,455.9,457.2,468.0,470.1,445.9,474.6,557.7,419.4,1.2,27.5
2025-04-09 17:51:15,473.4,463.2,463.9,465.6,454.4,455.0,466.8,468.2,444.5,473.8,556.7,417.9,1.3,27.5
2025-04-09 17:51:20,471.3,461.5,463.0,464.7,454.1,454.7,466.9,467.8,444.4,473.6,556.5,417.9,1.3,27.5
2025-04-09 17:51:25,470.8,460.7,462.7,464.1,454.1,455.1,466.6,467.4,443.9,472.9,554.8,417.4,1.2,27.5
2025-04-09 17:51:30,470.9,460.2,462.7,463.5,453.6,454.7,464.8,466.6,441.7,470.4,551.8,416.8,1.1,27.5
2025-04-09 17:51:35,468.6,459.3,460.0,461.2,449.3,452.4,460.9,463.9,441.3,468.7,548.2,414.9,1.3,27.5
2025-04-09 17:51:40,465.3,456.4,455.9,458.7,446.3,450.6,458.6,460.9,438.5,466.8,545.5,410.6,1.5,27.5
2025-04-09 17:51:45,461.9,453.5,453.8,456.1,444.8,448.3,457.6,460.3,437.0,466.7,545.4,409.9,1.7,27.4
2025-04-09 17:51:50,459.7,451.0,451.8,455.2,445.2,447.6,458.5,460.1,437.4,468.9,549.6,408.2,1.7,27.4
2025-04-09 17:51:55,459.2,450.8,452.9,455.4,446.5,448.5,460.6,461.5,439.1,470.5,553.2,408.7,1.6,27.4
2025-04-09 17:52:00,460.3,452.0,454.0,456.1,447.4,450.0,461.4,463.1,439.8,469.9,552.6,410.1,1.6,27.4
2025-04-09 17:52:05,461.1,453.2,455.0,457.9,446.6,449.8,460.5,463.1,437.7,465.6,545.1,410.4,1.4,27.4
2025-04-09 17:52:10,460.9,452.8,452.5,454.6,444.6,448.1,455.4,458.0,433.1,458.8,534.1,408.0,1.4,27.4
2025-04-09 17:52:15,459.3,449.8,449.5,452.1,439.5,442.0,449.2,455.9,430.7,454.5,526.8,405.9,1.2,27.3
2025-04-09 17:52:20,456.6,445.8,446.7,447.8,435.9,437.5,446.0,446.4,422.3,448.1,516.3,399.5,1.0,27.3
2025-04-09 17:52:25,454.3,441.6,444.1,444.4,433.4,434.0,443.5,442.5,419.2,446.9,515.0,398.5,1.3,27.3
2025-04-09 17:52:30,451.2,439.2,442.0,441.2,431.1,431.8,441.7,440.9,418.1,444.8,511.5,395.3,1.3,27.3
2025-04-09 17:52:35,449.4,436.2,440.6,439.5,430.3,429.7,441.1,440.1,417.3,444.9,512.2,393.2,1.6,27.3
2025-04-09 17:52:40,447.9,433.8,439.6,439.5,430.0,430.1,441.1,439.8,417.1,445.8,514.6,392.7,1.5,27.3
2025-04-09 17:52:45,447.6,434.2,439.1,439.0,430.3,430.1,441.7,441.1,418.0,447.0,516.4,392.5,1.3,27.3
2025-04-09 17:52:50,447.2,434.8,439.2,439.2,430.8,430.7,442.5,442.4,419.0,447.8,518.5,392.4,1.4,27.3
2025-04-09 17:52:55,447.8,435.8,440.9,439.7,432.4,432.3,445.5,443.9,421.1,451.4,525.0,393.6,1.8,27.3
2025-04-09 17:53:00,451.2,438.3,444.7,443.0,435.8,434.4,448.9,446.5,424.3,456.8,535.0,396.5,1.7,27.3
2025-04-09 17:53:05,453.3,441.0,447.4,446.0,440.3,438.9,454.4,451.6,430.2,465.4,550.2,397.5,1.6,27.3
2025-04-09 17:53:10,460.7,445.6,452.6,451.3,446.0,444.8,460.6,458.9,437.5,472.3,562.3,404.9,1.2,27.3
2025-04-09 17:53:15,463.4,450.1,456.6,456.3,451.3,450.8,467.0,465.6,444.4,479.6,576.4,409.6,1.0,27.3
2025-04-09 17:53:20,468.2,457.2,462.1,463.4,458.2,458.9,473.9,473.3,451.5,483.0,582.7,413.2,0.8,27.3
2025-04-09 17:53:25,472.3,462.8,466.7,468.7,462.4,463.2,476.9,477.6,453.8,485.1,586.0,417.5,0.7,27.3
2025-04-09 17:53:30,476.2,467.3,470.6,472.3,464.4,465.7,477.2,477.6,453.7,484.2,585.6,420.5,0.7,27.3
2025-04-09 17:53:35,479.8,470.0,471.4,474.0,464.3,465.8,475.3,475.5,450.1,480.0,577.5,422.2,0.9,27.3
2025-04-09 17:53:40,479.9,469.9,469.1,472.1,459.6,461.9,470.2,473.4,448.5,475.5,569.6,421.4,1.0,27.3
2025-04-09 17:53:45,475.0,465.3,463.0,466.0,453.1,459.8,468.0,469.3,444.2,470.6,560.4,415.7,1.2,27.3
2025-04-09 17:53:50,468.7,460.3,457.7,461.3,448.9,452.3,461.6,462.3,440.5,469.2,558.3,411.3,1.8,27.3
2025-04-09 17:53:55,463.1,455.4,454.8,458.0,448.8,451.0,462.7,463.1,440.6,471.8,563.7,408.1,2.1,27.4
2025-04-09 17:54:00,462.1,454.1,455.1,458.1,449.3,453.3,465.1,466.4,443.5,476.2,570.6,407.8,1.7,27.4
2025-04-09 17:54:05,464.5,456.8,458.4,460.4,452.4,455.8,466.8,469.4,446.2,477.9,573.7,410.3,1.4,27.4
2025-04-09 17:54:10,464.8,458.3,459.2,462.6,453.3,457.0,467.8,470.8,446.8,478.6,575.4,411.2,1.2,27.4
2025-04-09 17:54:15,465.3,459.6,458.8,463.0,453.0,458.1,467.3,470.3,447.8,478.1,575.2,411.8,1.1,27.4
2025-04-09 17:54:20,463.9,459.8,457.9,462.6,452.3,457.1,466.6,469.8,447.7,476.2,571.6,411.4,0.9,27.4
2025-04-09 17:54:25,462.9,458.5,457.2,460.7,450.4,455.5,465.4,469.5,446.5,474.3,568.5,410.2,0.8,27.4
2025-04-09 17:54:30,462.5,457.7,456.6,459.7,449.1,453.4,462.1,465.4,442.1,470.8,563.1,408.8,0.8,27.4
2025-04-09 17:54:35,462.0,456.4,454.8,457.7,447.7,451.2,461.0,462.3,439.8,468.8,559.8,407.6,0.8,27.4
2025-04-09 17:54:40,462.2,453.9,454.8,456.9,448.1,450.4,461.1,462.5,439.5,469.0,562.1,406.1,1.1,27.4
2025-04-09 17:54:45,465.3,453.9,458.6,457.7,452.2,450.8,464.8,463.0,440.2,470.7,565.4,407.9,1.1,27.4
2025-04-09 17:54:50,467.6,454.9,461.1,459.8,454.2,453.9,466.9,464.9,441.3,472.1,569.2,410.3,1.0,27.4
2025-04-09 17:54:55,472.9,460.3,464.4,463.2,456.1,455.5,468.4,466.2,441.9,472.5,569.6,412.5,1.0,27.4
2025-04-09 17:55:00,473.5,461.0,464.1,463.7,455.7,455.9,467.7,466.1,441.8,471.9,568.7,413.0,0.9,27.4
2025-04-09 17:55:05,473.2,461.3,462.3,463.3,454.8,455.4,467.0,465.4,441.8,471.6,568.8,412.2,0.9,27.4
2025-04-09 17:55:10,470.9,460.2,461.3,462.3,453.8,455.1,466.4,465.2,441.7,471.2,568.4,411.0,0.9,27.4
2025-04-09 17:55:15,469.3,459.2,460.2,461.4,453.1,454.9,466.1,465.3,441.3,470.9,568.1,411.2,0.8,27.4
2025-04-09 17:55:20,468.7,458.1,460.3,460.6,452.8,454.6,465.5,464.8,440.8,469.4,566.8,410.3,0.8,27.4
2025-04-09 17:55:25,468.9,458.2,460.1,460.7,452.3,454.2,464.9,464.1,440.6,468.4,564.9,410.0,0.9,27.5
2025-04-09 17:55:30,468.1,457.8,458.4,459.5,450.2,453.3,464.2,463.6,440.3,467.0,562.8,409.5,0.9,27.5
2025-04-09 17:55:35,465.4,456.4,457.2,458.0,449.1,450.5,462.4,461.0,438.3,466.4,562.2,406.9,0.7,27.5
2025-04-09 17:55:40,464.8,455.0,456.6,457.6,449.5,450.7,462.6,461.9,439.5,468.2,566.1,406.7,0.6,27.5
2025-04-09 17:55:45,465.4,454.8,456.7,457.8,451.8,452.0,464.6,464.1,442.2,473.0,574.8,407.2,0.5,27.5
2025-04-09 17:55:50,467.4,456.7,461.0,461.4,454.2,454.5,467.5,467.0,444.3,475.2,578.4,410.3,0.4,27.5
2025-04-09 17:55:55,470.1,459.0,462.2,463.5,456.3,458.1,469.0,469.9,446.0,475.1,579.1,411.8,0.4,27.5
2025-04-09 17:56:00,471.9,462.3,463.3,465.8,456.8,458.5,468.7,469.3,445.3,473.5,576.7,413.7,0.5,27.5
2025-04-09 17:56:05,471.9,463.0,463.2,465.2,455.7,457.8,466.7,468.4,443.8,471.3,572.7,412.3,0.5,27.5
2025-04-09 17:56:10,469.0,462.1,460.2,463.6,451.8,454.3,463.9,467.8,441.8,468.8,568.0,411.0,0.6,27.5
2025-04-09 17:56:15,466.2,460.0,456.0,459.9,447.6,450.8,458.6,460.8,436.7,464.6,560.8,407.0,0.5,27.5
2025-04-09 17:56:20,460.4,455.2,450.3,454.6,441.7,445.7,451.6,454.9,431.1,458.2,549.1,402.6,0.6,27.5
2025-04-09 17:56:25,453.1,448.3,442.4,450.5,436.8,441.1,446.8,449.6,426.6,450.8,535.9,396.6,0.6,27.5
2025-04-09 17:56:30,448.2,442.4,437.5,441.4,432.0,435.5,441.6,444.3,422.1,447.4,530.4,391.1,0.7,27.5
2025-04-09 17:56:35,445.1,439.2,435.2,439.0,427.9,430.9,438.8,440.6,418.5,444.2,524.8,387.0,0.7,27.5
2025-04-09 17:56:40,439.9,432.5,431.7,435.3,424.1,427.6,435.0,437.7,415.1,441.7,521.0,384.8,0.5,27.5
2025-04-09 17:56:45,438.4,431.6,429.1,432.9,421.1,424.4,431.6,434.5,413.2,439.0,516.1,381.8,0.4,27.6
2025-04-09 17:56:50,434.4,428.7,425.0,429.0,418.0,422.1,429.6,432.3,410.3,437.9,514.4,379.9,0.3,27.6
2025-04-09 17:56:55,431.8,426.0,423.5,427.0,416.9,419.8,428.1,430.7,409.9,436.5,512.8,377.5,0.4,27.6
2025-04-09 17:57:00,429.7,423.7,422.4,425.3,415.7,419.2,427.5,428.9,408.7,436.2,512.6,376.5,0.4,27.6
2025-04-09 17:57:05,428.5,422.9,422.0,424.8,415.0,418.7,427.6,429.3,409.0,436.4,513.9,376.0,0.5,27.6
2025-04-09 17:57:10,428.6,422.6,422.7,424.8,415.7,419.2,429.0,429.9,409.3,437.1,514.9,376.1,0.5,27.6
2025-04-09 17:57:15,430.4,422.9,425.1,426.1,418.3,420.0,430.5,430.1,409.4,438.3,519.0,376.7,0.4,27.6
2025-04-09 17:57:20,433.1,424.6,427.6,428.7,421.4,421.4,433.1,433.1,411.5,441.0,524.1,378.6,0.3,27.6
2025-04-09 17:57:25,436.8,427.3,431.2,431.0,423.8,425.2,436.0,435.0,414.2,443.6,529.2,380.8,0.2,27.6
2025-04-09 17:57:30,440.4,429.1,432.4,433.2,425.1,427.4,438.6,437.8,416.6,446.2,534.4,383.3,0.2,27.6
2025-04-09 17:57:35,443.0,432.2,436.0,434.9,426.8,429.0,440.9,439.6,418.6,447.9,538.1,384.8,0.1,27.6
2025-04-09 17:57:40,444.2,433.7,436.5,437.1,428.9,430.8,442.8,441.6,420.3,450.0,542.2,386.5,0.1,27.6
2025-04-09 17:57:45,445.7,435.8,438.3,439.7,430.6,432.9,444.4,443.7,421.4,451.1,544.9,387.8,0.0,27.7
2025-04-09 17:57:50,446.7,437.7,439.4,440.4,432.0,435.1,446.4,445.6,422.8,452.0,546.7,388.6,0.0,27.7
2025-04-09 17:57:55,448.3,439.5,440.9,442.0,433.4,436.0,447.6,446.5,423.7,452.7,548.1,389.6,0.0,27.7
2025-04-09 17:58:00,449.8,440.2,441.5,442.9,433.7,436.1,447.7,447.0,424.7,453.2,548.8,390.0,0.0,27.7
2025-04-09 17:58:05,449.9,440.9,441.7,443.3,433.3,436.3,447.3,447.3,424.9,453.3,549.2,390.1,0.7,27.7
2025-04-09 17:58:10,449.4,441.1,441.3,443.0,433.3,436.1,447.0,447.1,425.2,453.3,549.5,389.7,0.7,27.7
2025-04-09 17:58:15,449.6,441.0,441.3,442.7,433.3,436.0,446.5,446.9,425.0,453.3,549.9,389.5,0.9,27.7
2025-04-09 17:58:20,450.1,441.0,441.0,442.4,433.3,436.3,446.5,446.7,424.6,453.1,549.7,389.5,1.2,27.7
2025-04-09 17:58:25,450.0,440.8,441.1,442.3,433.3,436.0,446.0,446.5,424.2,452.0,547.8,389.5,1.2,27.8
2025-04-09 17:58:30,449.9,440.5,440.6,441.0,432.6,435.6,445.3,445.1,423.0,451.0,546.5,388.9,1.1,27.8
2025-04-09 17:58:35,450.1,439.9,440.4,440.7,432.2,434.5,444.7,444.6,422.4,451.0,547.2,388.2,1.1,27.8
2025-04-09 17:58:40,450.8,439.0,440.6,440.5,432.7,434.3,445.8,444.9,422.8,452.1,550.4,388.4,1.1,27.8
2025-04-09 17:58:45,451.1,439.1,441.7,441.4,434.1,435.1,447.5,446.7,424.0,453.9,554.0,388.5,1.0,27.8
2025-04-09 17:58:50,452.6,440.1,443.5,442.5,436.6,436.6,450.1,448.2,425.6,456.6,559.7,390.1,0.9,27.8
2025-04-09 17:58:55,456.1,441.3,445.6,444.2,438.8,438.4,451.7,450.9,428.2,459.2,564.3,391.5,0.8,27.8
2025-04-09 17:59:00,458.3,445.3,449.1,448.0,442.4,442.0,456.2,453.7,428.6,461.5,568.6,393.4,0.7,27.8
2025-04-09 17:59:05,461.7,448.0,451.9,450.5,445.8,445.6,459.7,456.8,433.1,464.8,574.0,396.1,0.5,27.8
2025-04-09 17:59:10,464.4,450.7,454.3,453.4,447.8,447.3,462.0,458.1,434.9,465.4,577.5,397.8,0.5,27.8
2025-04-09 17:59:15,468.2,454.0,457.3,455.9,449.2,449.7,463.0,459.8,435.7,466.8,580.8,400.4,0.8,27.9
2025-04-09 17:59:20,469.3,455.9,459.4,457.3,451.2,451.3,465.1,461.3,436.4,467.3,582.6,402.0,1.1,27.8
2025-04-09 17:59:25,470.2,456.9,460.2,458.5,452.1,451.8,465.1,461.9,437.0,467.3,582.8,403.1,1.2,27.8
2025-04-09 17:59:30,471.0,457.9,460.8,459.4,451.8,452.2,464.9,462.1,436.8,466.6,581.7,404.0,1.1,27.8
2025-04-09 17:59:35,470.5,457.9,459.9,459.5,451.1,452.0,463.4,461.4,436.2,465.0,579.6,403.8,1.0,27.8
2025-04-09 17:59:40,469.0,457.3,458.6,458.2,448.7,450.4,460.9,458.7,434.1,463.1,576.9,402.8,1.2,27.8
2025-04-09 17:59:45,467.2,455.4,456.9,455.7,447.4,448.5,458.8,457.1,433.7,462.2,575.0,400.0,1.5,27.8
2025-04-09 17:59:50,466.0,453.2,455.2,454.6,446.3,447.6,458.1,456.6,433.6,462.0,574.7,400.3,1.4,27.8
2025-04-09 17:59:55,464.4,452.6,452.4,453.5,443.2,446.8,457.1,455.6,433.4,460.4,572.2,399.2,1.8,27.8
2025-04-09 18:00:00,459.2,450.4,450.3,451.5,441.0,444.6,453.3,452.4,430.2,457.4,566.3,395.1,2.2,27.8
2025-04-09 18:00:05,459.2,449.7,448.3,449.3,438.8,442.9,451.7,451.5,428.6,454.7,562.0,393.1,2.8,27.8
2025-04-09 18:00:10,451.9,444.5,442.6,445.7,434.9,438.5,449.0,448.6,425.7,450.8,555.2,390.8,2.6,27.8
2025-04-09 18:00:15,447.9,442.4,440.6,443.2,431.4,436.4,443.5,444.6,421.3,446.3,547.2,386.2,2.5,27.8
2025-04-09 18:00:20,444.8,437.0,434.3,438.2,426.2,431.0,437.8,439.5,417.3,440.7,537.4,383.6,2.3,27.8
2025-04-09 18:00:25,437.2,433.0,430.0,434.4,421.2,426.8,432.6,435.6,413.5,437.0,530.7,377.2,3.0,27.7
2025-04-09 18:00:30,434.8,428.0,426.0,429.4,416.6,422.4,428.2,430.6,409.9,434.9,528.5,374.8,2.9,27.7
2025-04-09 18:00:35,429.7,422.7,422.2,424.5,413.9,418.7,427.6,429.4,408.9,434.7,527.3,372.4,2.5,27.7
2025-04-09 18:00:40,428.0,420.1,421.5,422.7,413.8,418.6,428.1,428.7,407.9,434.5,527.3,370.2,1.9,27.7
2025-04-09 18:00:45,427.9,419.6,421.8,422.8,413.7,418.3,428.2,427.8,407.9,434.6,528.1,370.2,2.2,27.7
2025-04-09 18:00:50,428.2,419.4,422.0,422.9,414.3,418.5,428.5,428.4,408.3,434.3,527.9,370.4,2.0,27.6
2025-04-09 18:00:55,428.3,419.5,421.5,422.8,414.0,417.8,427.9,427.9,407.3,432.3,524.6,370.7,1.9,27.6
2025-04-09 18:01:00,427.6,418.7,421.2,423.1,413.3,416.5,425.7,425.5,405.9,430.4,521.9,369.8,2.5,27.6
2025-04-09 18:01:05,426.4,417.6,419.9,422.1,412.3,415.4,425.1,423.8,404.1,429.8,520.9,367.6,2.5,27.6
2025-04-09 18:01:10,425.7,417.1,420.0,420.2,411.9,414.5,425.2,423.8,403.4,429.5,520.7,367.5,2.4,27.6
2025-04-09 18:01:15,426.0,416.2,419.9,420.1,412.2,414.6,425.3,423.8,403.3,429.5,521.4,367.5,2.3,27.5
2025-04-09 18:01:20,427.0,416.4,420.4,421.0,412.9,415.0,426.0,424.1,403.7,430.4,523.7,368.2,2.4,27.5
2025-04-09 18:01:25,429.8,417.7,421.9,423.6,415.2,415.9,428.5,426.6,404.8,432.0,525.0,368.9,2.2,27.5
2025-04-09 18:01:30,432.3,419.1,424.7,424.0,417.7,417.3,429.5,427.3,406.0,435.1,532.4,371.2,2.0,27.5
2025-04-09 18:01:35,433.5,421.3,426.5,424.7,419.0,419.3,432.4,430.1,408.6,436.9,536.0,371.5,1.8,27.5
2025-04-09 18:01:40,435.0,423.9,429.5,427.7,422.6,423.4,435.0,432.0,411.5,441.5,545.4,373.9,2.1,27.5
2025-04-09 18:01:45,439.0,426.6,433.0,432.3,424.5,424.4,438.8,435.6,414.1,444.5,550.6,376.2,1.8,27.5
2025-04-09 18:01:50,443.1,431.7,434.9,433.0,426.6,428.3,440.7,438.8,415.7,446.2,554.4,378.8,2.2,27.5
2025-04-09 18:01:55,446.5,433.9,438.6,438.4,430.4,430.6,442.8,440.2,417.6,447.6,557.9,380.4,2.3,27.5
2025-04-09 18:02:00,449.0,436.0,442.0,440.2,433.0,432.7,446.7,441.4,419.3,449.3,561.1,381.9,2.1,27.4
2025-04-09 18:02:05,452.0,438.2,442.6,441.3,434.3,434.1,447.9,444.0,421.3,450.7,563.8,384.0,1.7,27.4
2025-04-09 18:02:10,453.1,440.3,443.7,442.7,434.9,434.8,447.7,445.1,421.9,451.3,564.7,385.5,1.5,27.4
2025-04-09 18:02:15,453.3,440.5,444.4,443.1,435.4,435.8,448.0,445.6,422.4,452.6,567.9,385.7,1.5,27.4
2025-04-09 18:02:20,454.0,441.0,444.7,443.2,436.6,437.4,450.1,447.9,425.2,455.8,574.0,386.6,1.5,27.4
2025-04-09 18:02:25,455.4,442.6,447.4,446.5,440.6,439.1,453.8,450.5,428.1,460.9,583.2,387.7,1.5,27.4
2025-04-09 18:02:30,457.5,444.2,450.2,449.3,443.9,443.9,459.8,455.6,433.3,466.4,590.3,389.6,1.5,27.3
2025-04-09 18:02:35,462.4,448.9,455.4,453.7,447.9,448.3,463.8,460.7,436.8,469.6,600.8,395.5,1.2,27.3
2025-04-09 18:02:40,466.3,453.7,458.7,456.9,451.5,451.3,466.6,463.6,439.3,470.9,603.6,397.7,1.0,27.3
2025-04-09 18:02:45,470.3,458.3,462.2,460.2,453.4,454.4,468.2,465.9,441.3,472.4,605.9,400.2,0.9,27.3
2025-04-09 18:02:50,471.7,460.6,462.8,461.4,454.0,455.0,467.9,465.7,440.6,469.4,603.1,401.4,1.0,27.3
2025-04-09 18:02:55,471.6,460.7,461.5,461.0,453.5,454.9,466.8,464.6,439.4,467.7,598.2,400.6,1.1,27.3
2025-04-09 18:03:00,470.1,459.1,459.4,458.5,450.5,451.5,463.4,461.6,436.9,466.0,595.6,398.5,1.0,27.3
2025-04-09 18:03:05,468.6,457.0,458.6,457.3,449.7,450.2,463.4,460.4,436.1,465.5,595.1,398.0,1.0,27.3
2025-04-09 18:03:10,467.5,455.3,458.5,457.2,449.3,449.9,463.1,460.0,436.0,465.6,595.6,397.0,1.8,27.3
2025-04-09 18:03:15,467.1,455.1,458.0,456.8,448.1,449.4,462.9,460.0,436.0,464.8,593.6,396.7,1.9,27.3
2025-04-09 18:03:20,466.4,455.0,456.2,456.1,446.3,449.0,459.9,458.4,433.9,460.0,585.0,394.1,1.7,27.3
2025-04-09 18:03:25,460.3,452.4,450.1,452.0,440.0,443.7,453.2,452.6,429.0,455.4,576.7,390.7,1.7,27.3
2025-04-09 18:03:30,454.9,447.9,445.1,447.4,436.0,439.1,449.1,448.8,425.2,451.8,569.6,386.1,1.4,27.3
2025-04-09 18:03:35,449.5,441.7,440.7,442.3,434.1,437.7,447.4,446.3,423.6,450.7,568.0,384.4,1.2,27.3
2025-04-09 18:03:40,447.9,439.0,440.4,441.2,432.8,434.3,447.3,445.0,422.6,451.6,570.9,383.1,1.1,27.3
2025-04-09 18:03:45,448.3,438.2,442.3,441.6,435.0,437.0,450.6,447.7,425.1,454.3,576.4,383.6,1.0,27.3
2025-04-09 18:03:50,451.7,441.7,445.9,445.2,437.6,439.3,452.7,449.7,426.9,458.4,584.5,386.1,0.7,27.3
2025-04-09 18:03:55,454.1,444.2,446.6,448.4,440.2,441.5,454.7,452.2,429.2,460.4,588.8,388.1,0.7,27.3
2025-04-09 18:04:00,455.4,445.4,447.9,449.1,442.3,443.6,456.8,454.3,431.9,463.4,594.5,390.1,0.6,27.3
2025-04-09 18:04:05,459.7,449.6,451.2,452.2,444.2,445.8,459.3,456.9,433.4,464.8,597.4,391.5,0.6,27.3
2025-04-09 18:04:10,462.8,453.3,454.9,454.0,446.2,447.4,460.4,458.7,434.8,465.4,598.8,394.5,0.5,27.3
2025-04-09 18:04:15,464.8,454.0,455.5,456.2,447.2,448.8,461.0,459.4,434.7,465.4,598.6,394.9,0.4,27.3
2025-04-09 18:04:20,465.8,455.2,456.2,456.8,446.8,448.9,460.3,458.5,433.6,463.2,594.3,394.3,1.0,27.3
2025-04-09 18:04:25,465.3,454.9,454.7,456.1,445.3,447.7,458.4,456.5,432.5,462.6,593.5,393.6,1.3,27.3
2025-04-09 18:04:30,462.0,453.4,452.0,454.0,443.2,446.7,457.8,456.3,432.7,464.1,594.4,391.3,1.4,27.3
2025-04-09 18:04:35,460.0,451.4,451.4,453.3,443.9,446.9,460.8,459.3,434.6,466.2,601.2,391.2,1.5,27.3
2025-04-09 18:04:40,460.4,452.1,451.7,453.8,446.2,449.2,462.2,460.7,438.0,470.9,610.4,392.9,1.3,27.3
2025-04-09 18:04:45,463.6,455.8,456.7,459.4,451.5,454.4,467.8,466.6,441.2,473.8,615.9,396.1,1.1,27.3
2025-04-09 18:04:50,468.4,459.5,460.3,463.2,453.4,456.3,468.6,467.5,443.8,475.0,618.8,399.4,1.0,27.3
2025-04-09 18:04:55,471.1,462.3,461.3,464.3,454.5,457.9,468.9,468.4,443.9,474.5,617.2,400.2,1.1,27.3
2025-04-09 18:05:00,470.4,462.2,461.2,464.4,452.2,457.3,466.7,467.0,443.2,472.5,613.3,399.7,1.0,27.3
2025-04-09 18:05:05,468.2,461.0,457.6,462.0,449.6,455.1,464.3,464.5,441.0,471.4,611.3,398.5,1.0,27.3
2025-04-09 18:05:10,464.4,457.4,454.7,459.1,447.3,451.7,461.8,462.7,438.8,467.3,603.9,393.5,0.8,27.3
2025-04-09 18:05:15,462.7,455.8,453.4,457.3,445.4,449.5,459.2,459.4,435.8,465.6,601.0,393.5,0.8,27.3
2025-04-09 18:05:20,460.1,454.0,449.8,453.6,442.4,446.1,454.6,458.7,433.5,459.9,591.3,390.6,0.8,27.3
2025-04-09 18:05:25,457.4,450.9,447.7,450.1,438.9,443.1,451.3,451.7,427.8,453.0,578.4,387.2,0.8,27.3
2025-04-09 18:05:30,454.1,446.7,443.8,446.4,433.8,438.7,444.7,445.8,422.5,449.9,572.3,384.3,0.9,27.3
2025-04-09 18:05:35,448.2,439.8,436.3,442.6,429.7,435.1,440.9,441.7,418.7,442.6,559.0,378.3,1.0,27.3
2025-04-09 18:05:40,442.6,433.5,433.4,436.0,424.5,428.6,435.9,436.0,413.4,439.2,552.3,373.6,1.5,27.3
2025-04-09 18:05:45,440.5,431.3,430.3,431.6,422.0,425.1,434.3,433.1,411.5,440.0,555.6,371.5,1.8,27.3
2025-04-09 18:05:50,439.3,428.2,430.1,431.1,422.9,425.2,437.2,435.7,412.6,442.8,561.2,371.9,1.8,27.4
2025-04-09 18:05:55,440.2,428.9,432.2,433.8,426.0,428.1,439.6,438.5,416.2,446.2,567.4,373.8,1.8,27.4
2025-04-09 18:06:00,444.0,433.3,435.2,437.2,427.9,431.7,442.5,441.2,417.0,447.6,570.6,375.3,1.6,27.3
2025-04-09 18:06:05,445.3,436.5,436.4,439.4,428.5,433.1,442.2,442.2,419.4,448.3,571.4,377.4,1.7,27.4
2025-04-09 18:06:10,444.7,436.8,435.5,438.6,427.8,432.3,441.2,442.0,419.1,447.7,569.9,377.4,1.6,27.4
2025-04-09 18:06:15,441.7,436.0,432.8,437.5,425.5,430.0,439.8,440.5,417.1,446.2,566.7,376.1,1.5,27.4
2025-04-09 18:06:20,441.3,433.9,432.5,436.1,425.3,429.1,440.4,439.4,416.9,446.3,568.6,374.1,1.7,27.4
2025-04-09 18:06:25,441.6,433.6,434.0,435.7,425.9,429.6,441.4,439.8,417.5,448.5,573.1,374.8,1.6,27.4
2025-04-09 18:06:30,443.8,435.1,436.1,438.4,429.0,431.2,443.9,442.7,419.7,451.1,578.8,376.1,1.5,27.4
2025-04-09 18:06:35,445.7,437.5,437.8,440.3,431.1,434.3,446.5,445.2,421.3,452.2,580.2,377.8,1.4,27.4
2025-04-09 18:06:40,447.8,439.9,438.8,441.4,432.0,435.1,446.5,445.4,421.7,451.6,578.8,379.0,1.4,27.4
2025-04-09 18:06:45,448.1,440.1,438.9,441.6,431.8,435.2,446.1,445.1,420.4,449.2,575.5,379.1,1.4,27.4
2025-04-09 18:06:50,448.3,440.1,438.9,441.2,430.5,433.9,444.3,442.8,419.4,445.3,567.6,377.7,1.3,27.4
2025-04-09 18:06:55,447.3,439.3,436.2,438.6,426.8,430.7,440.1,439.3,414.7,441.0,560.1,375.3,1.0,27.4
2025-04-09 18:07:00,443.1,433.8,431.0,435.2,423.9,427.6,435.8,435.0,411.3,438.1,554.9,372.2,0.9,27.4
2025-04-09 18:07:05,441.0,431.1,429.4,431.1,421.3,424.1,434.7,432.7,408.3,437.4,553.9,370.5,1.0,27.4
2025-04-09 18:07:10,438.6,428.8,427.8,428.7,419.5,422.8,433.6,431.3,408.4,437.2,554.1,368.8,0.9,27.4
2025-04-09 18:07:15,436.2,427.7,426.6,428.5,419.4,421.6,432.9,431.5,408.4,437.4,554.7,367.7,0.9,27.3
2025-04-09 18:07:20,435.7,427.1,426.7,428.3,419.3,421.4,433.1,431.6,408.3,437.7,555.4,367.7,0.9,27.4
2025-04-09 18:07:25,436.1,427.1,426.8,428.4,419.0,421.6,431.9,431.2,407.6,437.3,553.6,368.0,0.8,27.3
2025-04-09 18:07:30,435.5,426.7,425.1,428.3,418.1,421.4,430.9,430.5,406.7,433.5,547.1,366.7,0.7,27.3
2025-04-09 18:07:35,432.5,424.2,421.5,423.9,413.2,417.0,425.0,425.3,402.3,430.5,540.9,364.5,0.6,27.3
2025-04-09 18:07:40,428.2,420.8,418.6,420.6,409.8,413.5,424.4,424.3,401.6,428.6,538.2,361.6,0.5,27.3
2025-04-09 18:07:45,425.7,418.6,417.5,419.5,409.9,412.2,423.7,422.7,400.9,428.8,539.9,360.0,0.5,27.4
2025-04-09 18:07:50,426.0,417.6,417.9,419.5,411.8,412.9,426.2,424.6,403.0,433.1,548.3,360.0,0.3,27.4
2025-04-09 18:07:55,426.9,418.2,420.5,421.7,413.8,415.6,428.5,426.9,405.2,435.7,550.3,360.9,0.3,27.4
2025-04-09 18:08:00,429.5,420.9,423.3,424.2,416.7,418.0,431.9,429.3,408.4,438.8,560.4,363.4,0.2,27.3
2025-04-09 18:08:05,431.1,423.2,425.7,426.0,419.0,421.2,434.6,432.2,410.0,441.6,565.8,365.0,0.2,27.4
2025-04-09 18:08:10,435.7,426.3,428.7,430.1,422.3,422.2,436.4,433.8,411.3,443.1,569.3,367.9,0.2,27.4
2025-04-09 18:08:15,438.4,429.4,430.7,431.9,424.1,426.5,438.5,437.2,414.7,445.7,572.8,369.3,0.2,27.4
2025-04-09 18:08:20,438.9,430.9,431.6,432.8,424.2,427.6,439.0,438.4,415.9,446.7,575.5,369.7,0.2,27.4
2025-04-09 18:08:25,438.9,432.1,432.8,434.5,425.0,429.1,440.6,440.5,418.2,449.2,580.3,370.4,0.5,27.4
2025-04-09 18:08:30,439.4,433.4,433.3,435.5,427.0,430.6,442.8,441.4,419.1,450.3,583.0,371.1,1.1,27.4
2025-04-09 18:08:35,441.7,434.9,434.0,436.6,426.8,431.9,442.3,443.5,420.4,450.0,582.1,372.4,1.9,27.4
2025-04-09 18:08:40,441.8,436.1,434.4,437.1,425.1,430.8,441.8,442.8,419.4,447.9,577.8,372.3,2.2,27.4
2025-04-09 18:08:45,441.1,435.1,431.8,434.2,423.9,428.7,438.1,439.8,416.9,444.7,571.9,370.2,2.0,27.4
2025-04-09 18:08:50,438.7,432.4,429.4,431.0,419.2,424.6,434.3,436.0,413.7,442.3,567.3,367.5,1.8,27.5
2025-04-09 18:08:55,434.1,429.2,425.3,429.1,417.7,423.0,432.8,433.2,412.1,440.5,563.7,365.2,1.5,27.4
2025-04-09 18:09:00,433.0,426.0,423.2,427.4,416.2,421.4,430.9,432.0,409.8,439.0,561.0,364.7,1.4,27.5
2025-04-09 18:09:05,430.2,424.3,421.3,424.4,413.9,418.9,428.3,429.0,406.9,434.5,553.0,361.7,1.2,27.5
2025-04-09 18:09:10,427.5,422.1,419.1,422.5,411.3,415.9,425.4,426.6,404.7,432.5,549.3,359.1,1.0,27.4
2025-04-09 18:09:15,424.1,417.9,417.3,419.3,409.1,412.7,425.4,425.6,403.3,431.0,547.0,358.4,0.9,27.4
2025-04-09 18:09:20,423.1,416.5,416.6,418.2,408.7,412.7,423.1,422.7,402.3,429.7,544.6,356.9,1.3,27.4
2025-04-09 18:09:25,422.6,415.2,416.0,417.6,408.0,411.5,422.2,421.3,400.7,428.2,542.3,355.7,1.8,27.4
2025-04-09 18:09:30,422.1,413.8,415.3,416.6,406.4,410.5,420.4,421.3,399.2,426.6,539.0,354.9,1.9,27.4
2025-04-09 18:09:35,421.4,413.3,413.8,415.6,406.0,409.8,420.3,419.1,398.7,426.0,538.5,353.3,2.2,27.5
2025-04-09 18:09:40,421.0,412.9,413.9,414.8,404.8,409.2,419.9,419.3,398.7,425.9,538.3,352.8,1.9,27.4
2025-04-09 18:09:45,422.1,412.7,414.2,414.9,406.3,409.1,422.1,419.1,399.0,427.0,541.7,353.0,1.7,27.4
2025-04-09 18:09:50,423.5,413.2,416.2,415.6,408.6,410.0,423.9,421.3,399.9,428.9,545.8,354.9,1.5,27.4
2025-04-09 18:09:55,425.7,414.7,419.4,418.2,411.0,411.1,425.1,421.0,400.6,429.9,548.2,356.4,1.5,27.4
2025-04-09 18:10:00,428.3,416.5,420.9,420.3,413.7,413.5,427.2,423.6,402.8,431.6,551.6,359.3,1.7,27.4
2025-04-09 18:10:05,429.8,418.7,422.6,421.8,414.8,415.4,428.4,427.0,405.5,433.4,554.9,361.3,1.8,27.4
2025-04-09 18:10:10,431.6,420.2,424.8,423.6,416.1,416.5,430.2,427.4,406.1,435.3,559.2,361.7,2.3,27.4
2025-04-09 18:10:15,433.1,422.0,426.4,424.7,417.0,417.5,432.0,428.5,407.7,437.3,563.2,362.5,2.4,27.4
2025-04-09 18:10:20,433.8,422.9,426.5,425.9,418.6,419.9,434.2,431.6,410.6,440.5,569.2,364.7,2.3,27.4
2025-04-09 18:10:25,436.0,426.1,428.4,427.9,422.2,422.4,436.6,434.5,412.3,442.8,574.4,365.8,2.1,27.4
2025-04-09 18:10:30,439.8,428.0,431.0,430.6,423.5,425.2,439.3,435.8,414.0,444.4,577.5,367.1,2.1,27.3
2025-04-09 18:10:35,441.1,429.6,432.2,432.1,425.1,427.3,440.5,437.8,415.0,445.2,578.1,368.2,1.9,27.3
2025-04-09 18:10:40,443.4,431.5,435.1,434.5,426.7,428.4,441.3,438.4,416.0,445.3,579.3,369.9,1.7,27.3
2025-04-09 18:10:45,445.7,433.1,436.0,435.4,427.3,428.9,441.5,438.5,415.8,445.3,579.2,370.6,1.6,27.3
2025-04-09 18:10:50,446.4,433.7,436.2,436.0,427.2,428.8,441.3,438.5,415.8,444.9,578.6,370.9,1.3,27.4
2025-04-09 18:10:55,446.9,434.1,436.5,436.4,426.9,428.8,441.2,438.7,415.9,444.8,578.8,370.8,1.4,27.3
2025-04-09 18:11:00,446.8,434.3,436.2,436.4,426.9,428.7,441.1,438.7,416.1,445.7,581.4,370.4,1.2,27.3
2025-04-09 18:11:05,446.2,434.2,436.6,436.4,428.3,429.3,444.2,439.5,417.1,448.4,586.9,370.2,1.1,27.3
2025-04-09 18:11:10,446.9,435.7,439.4,438.2,432.0,432.0,447.8,443.6,421.2,451.8,593.9,370.8,1.2,27.3
2025-04-09 18:11:15,452.0,437.8,442.0,440.3,434.8,434.1,450.5,446.3,423.9,456.9,604.2,374.8,1.0,27.3
2025-04-09 18:11:20,455.8,443.0,446.7,446.4,438.7,438.4,454.0,449.9,427.4,459.7,609.6,377.1,0.9,27.3
2025-04-09 18:11:25,459.1,445.1,449.0,447.3,440.9,440.8,457.0,452.8,429.5,462.5,615.6,380.2,0.8,27.3
2025-04-09 18:11:30,461.4,447.4,452.3,449.9,443.4,444.1,459.0,455.9,432.8,464.5,619.8,381.4,0.7,27.3
2025-04-09 18:11:35,463.5,451.0,454.1,453.2,446.1,447.0,461.9,457.8,434.2,465.6,622.1,383.4,0.6,27.3
2025-04-09 18:11:40,464.5,452.0,456.0,455.3,447.9,448.1,462.3,458.8,434.3,466.1,623.2,384.0,0.6,27.3
2025-04-09 18:11:45,466.4,454.1,457.3,456.6,448.2,448.8,463.1,459.6,435.5,465.5,622.0,385.0,1.0,27.3
2025-04-09 18:11:50,467.1,454.8,457.1,456.6,447.7,448.3,461.7,458.6,434.2,464.5,620.2,385.0,1.4,27.3
2025-04-09 18:11:55,466.0,454.3,455.4,455.1,445.4,446.1,461.2,457.1,432.8,462.0,615.3,383.9,1.8,27.3
2025-04-09 18:12:00,465.1,452.4,453.6,453.2,443.6,445.4,458.1,453.9,430.8,459.6,610.6,382.9,1.9,27.3
2025-04-09 18:12:05,462.0,451.4,453.3,452.1,442.7,443.6,456.6,453.5,428.4,455.9,603.4,380.0,2.5,27.3
2025-04-09 18:12:10,458.4,447.0,447.0,446.3,437.0,437.9,450.2,448.4,424.9,453.0,597.8,378.2,3.1,27.2
2025-04-09 18:12:15,455.2,443.3,445.4,444.2,435.2,435.0,450.1,446.7,423.7,452.2,596.6,376.1,2.8,27.2
2025-04-09 18:12:20,454.0,441.3,445.0,442.5,434.8,435.1,449.2,445.8,422.9,452.9,599.1,374.7,2.6,27.2
2025-04-09 18:12:25,454.3,441.0,445.3,442.7,435.6,435.5,451.1,446.3,423.3,453.8,601.8,374.8,2.6,27.2
2025-04-09 18:12:30,455.5,441.4,446.5,444.9,437.6,437.7,452.5,448.0,423.9,456.4,607.0,375.4,2.5,27.2
2025-04-09 18:12:35,458.4,444.3,448.5,447.7,439.7,440.3,455.0,450.1,425.7,458.6,611.9,377.5,1.9,27.2
2025-04-09 18:12:40,460.5,446.6,450.9,450.5,441.8,442.4,456.5,452.6,427.9,459.3,612.9,379.1,1.7,27.1
2025-04-09 18:12:45,460.9,449.0,451.1,450.8,441.1,442.2,456.0,452.8,427.6,458.2,610.3,379.6,1.3,27.1
2025-04-09 18:12:50,460.1,448.8,450.1,449.8,439.6,441.5,453.7,451.2,426.2,457.1,609.2,378.4,1.2,27.1
2025-04-09 18:12:55,459.6,447.6,449.2,448.9,438.9,439.6,452.6,449.8,425.5,456.3,607.3,377.9,1.0,27.1
2025-04-09 18:13:00,458.8,446.7,448.0,447.6,438.0,439.2,452.2,449.4,424.6,455.3,606.1,376.6,0.9,27.1
2025-04-09 18:13:05,458.5,446.3,447.9,447.5,437.8,438.7,452.0,448.8,424.2,454.0,604.2,376.4,0.8,27.1
2025-04-09 18:13:10,458.9,446.2,447.8,447.4,437.7,438.3,451.0,447.8,423.0,453.1,602.7,375.7,0.8,27.1
2025-04-09 18:13:15,458.9,445.0,447.5,446.4,437.6,437.1,450.8,447.4,422.4,453.0,602.9,375.1,0.6,27.1
2025-04-09 18:13:20,459.4,444.8,447.8,446.6,437.8,437.3,451.5,447.5,422.6,453.1,603.7,375.2,0.5,27.1
2025-04-09 18:13:25,459.9,444.9,448.0,446.9,437.8,437.7,450.7,447.3,422.2,450.7,599.7,375.2,0.4,27.1
2025-04-09 18:13:30,457.9,444.9,446.4,446.3,436.1,436.0,447.3,445.0,419.8,446.2,590.9,374.2,0.4,27.1
2025-04-09 18:13:35,456.0,443.0,443.1,443.4,431.9,432.2,442.1,439.9,414.8,438.6,575.3,372.5,0.4,27.1
2025-04-09 18:13:40,451.4,437.7,437.4,437.6,424.6,425.5,434.7,432.2,408.2,432.7,563.8,364.6,0.3,27.1
2025-04-09 18:13:45,446.0,431.7,431.7,431.7,418.7,419.6,428.6,426.4,405.7,430.4,559.8,362.1,0.2,27.1
2025-04-09 18:13:50,439.5,424.1,425.9,425.0,413.7,417.0,427.8,424.6,401.6,427.5,553.9,357.0,0.1,27.1
2025-04-09 18:13:55,435.6,419.3,423.4,423.1,413.0,413.1,424.7,421.9,400.5,427.2,553.9,354.3,0.1,27.1
2025-04-09 18:14:00,434.4,416.9,423.0,420.6,412.1,412.7,424.6,422.1,400.7,427.8,555.2,353.0,0.4,27.1
2025-04-09 18:14:05,434.3,417.0,422.2,420.5,411.8,412.9,424.0,421.6,400.9,427.7,555.4,352.7,0.8,27.2
2025-04-09 18:14:10,433.3,417.1,421.9,420.8,411.5,412.9,423.6,421.7,400.7,427.2,554.7,352.1,1.1,27.2
2025-04-09 18:14:15,432.3,416.9,420.7,420.5,410.7,412.7,422.9,421.2,400.0,426.8,554.2,351.9,1.1,27.2
2025-04-09 18:14:20,431.2,416.4,420.1,419.5,410.6,412.5,424.2,421.2,399.7,427.8,557.8,352.0,1.2,27.2
2025-04-09 18:14:25,431.4,416.3,421.1,419.7,413.0,413.1,428.7,422.9,401.1,431.2,565.7,353.2,0.9,27.2
2025-04-09 18:14:30,434.2,418.7,424.9,422.8,418.0,416.5,433.1,427.6,402.7,434.7,571.3,354.7,0.9,27.2
2025-04-09 18:14:35,438.6,423.2,429.8,427.7,423.1,421.0,438.0,432.0,407.9,439.4,581.6,357.1,0.9,27.2
2025-04-09 18:14:40,443.3,426.4,434.4,432.4,428.1,425.4,443.2,437.2,414.7,444.7,592.6,360.8,0.9,27.2
2025-04-09 18:14:45,449.9,432.8,442.1,438.9,434.0,432.0,446.4,440.7,418.5,451.1,605.9,366.6,1.4,27.3
2025-04-09 18:14:50,454.2,438.9,446.2,443.4,437.7,436.8,453.4,445.6,423.1,454.9,613.4,370.7,1.6,27.3
2025-04-09 18:14:55,457.3,443.9,448.8,445.1,438.4,438.0,454.4,449.8,425.9,457.6,618.9,374.2,1.5,27.3
2025-04-09 18:15:00,458.9,446.9,450.3,449.4,442.3,442.0,456.0,452.5,428.2,458.4,620.4,375.6,1.3,27.3
2025-04-09 18:15:05,459.9,446.7,451.3,449.9,442.2,443.0,456.3,453.4,428.2,458.3,620.0,376.0,1.2,27.3
2025-04-09 18:15:10,460.7,448.2,451.3,450.2,442.3,442.9,457.1,453.2,428.2,457.7,619.2,376.3,1.5,27.3
2025-04-09 18:15:15,461.3,448.0,451.4,450.0,442.8,442.3,457.6,452.9,428.0,459.4,620.9,376.4,1.4,27.3
2025-04-09 18:15:20,461.5,447.6,452.6,450.3,443.4,442.4,458.4,454.0,429.9,460.4,625.6,376.9,1.7,27.3
2025-04-09 18:15:25,462.9,448.3,454.5,453.0,446.2,445.4,461.3,456.3,430.9,464.3,633.1,378.5,2.3,27.3
2025-04-09 18:15:30,465.5,450.5,457.0,454.8,448.8,448.3,463.7,458.7,434.1,466.4,637.1,380.5,3.1,27.3
2025-04-09 18:15:35,467.6,451.1,457.7,455.7,449.3,448.8,465.0,460.1,435.5,468.2,641.6,381.7,2.8,27.3
2025-04-09 18:15:40,469.5,454.9,459.7,459.2,451.1,451.2,466.3,462.6,436.3,468.8,642.5,383.8,2.8,27.3
2025-04-09 18:15:45,470.8,456.1,460.3,460.3,451.4,451.4,466.9,463.1,436.9,469.2,643.4,383.7,2.3,27.3
2025-04-09 18:15:50,471.0,456.6,460.5,460.1,451.6,451.5,466.9,463.0,437.4,469.7,644.9,383.9,2.0,27.3
2025-04-09 18:15:55,471.3,457.2,460.9,460.4,451.8,451.6,467.4,463.2,437.7,470.2,646.0,383.7,1.6,27.3
2025-04-09 18:16:00,471.5,457.5,460.9,460.6,452.1,452.0,467.4,463.5,438.2,470.0,645.6,383.8,1.3,27.3
2025-04-09 18:16:05,471.6,458.0,460.5,460.7,451.3,451.9,466.3,463.1,437.8,469.4,644.5,383.1,0.9,27.3
2025-04-09 18:16:10,469.7,458.1,459.8,459.6,450.9,451.5,465.7,463.0,436.8,468.8,643.3,382.4,1.0,27.3
2025-04-09 18:16:15,469.2,457.5,457.9,458.7,449.7,450.8,464.5,462.1,436.7,468.0,641.5,381.3,1.8,27.3
2025-04-09 18:16:20,467.2,456.9,456.4,457.6,448.7,450.0,463.7,460.8,435.8,467.4,641.3,379.8,2.1,27.3
2025-04-09 18:16:25,466.6,455.5,456.1,455.9,448.3,449.2,463.6,460.6,437.5,467.8,642.4,379.3,2.3,27.3
2025-04-09 18:16:30,466.3,454.4,456.4,456.2,449.1,449.9,464.3,461.1,438.3,469.1,645.5,379.6,2.1,27.3
2025-04-09 18:16:35,466.5,454.5,456.5,456.9,449.2,450.3,464.1,462.1,438.3,469.0,645.4,380.3,2.8,27.3
2025-04-09 18:16:40,466.0,454.4,455.9,457.5,449.0,450.5,464.0,462.2,438.1,467.1,641.5,379.9,3.2,27.3
2025-04-09 18:16:45,465.4,454.0,455.3,456.9,447.1,449.5,462.0,460.3,436.4,465.7,639.3,379.2,3.6,27.3
2025-04-09 18:16:50,464.1,451.9,454.7,455.6,446.0,447.2,460.3,458.5,434.7,464.2,637.2,378.3,3.3,27.3
2025-04-09 18:16:55,463.2,450.5,454.1,453.9,445.8,446.7,460.7,458.0,433.7,463.7,636.5,377.1,2.7,27.2
2025-04-09 18:17:00,463.7,450.1,454.1,453.9,445.8,446.5,460.9,457.7,433.4,464.7,639.5,376.5,3.4,27.2
2025-04-09 18:17:05,464.1,450.2,455.2,453.9,447.8,447.1,463.8,459.6,434.3,467.9,646.5,377.3,3.8,27.2
2025-04-09 18:17:10,468.2,452.3,458.8,457.4,451.8,450.6,467.7,462.9,438.2,471.6,653.7,379.1,3.7,27.2
2025-04-09 18:17:15,471.6,456.0,463.1,460.3,455.6,454.3,471.7,467.0,440.3,474.4,661.2,381.8,3.2,27.1
2025-04-09 18:17:20,476.5,460.6,466.6,465.3,457.4,458.4,473.0,469.5,443.1,475.5,663.4,384.0,2.9,27.1
2025-04-09 18:17:25,478.1,463.7,467.6,466.9,458.2,459.5,473.5,470.1,443.4,475.7,663.1,385.6,2.4,27.1
2025-04-09 18:17:30,478.3,464.3,467.8,466.9,458.1,459.4,473.1,469.5,443.1,474.9,661.8,386.3,2.1,27.1
2025-04-09 18:17:35,477.9,464.4,467.0,466.4,457.7,458.8,471.8,468.9,442.9,474.2,660.5,385.6,2.1,27.1
2025-04-09 18:17:40,477.2,463.5,465.2,465.3,457.0,457.2,471.6,468.4,442.5,474.0,660.6,384.5,2.0,27.1
2025-04-09 18:17:45,476.4,462.9,464.5,465.0,456.8,456.9,471.1,468.1,442.1,474.3,661.6,384.0,1.9,27.1
2025-04-09 18:17:50,475.0,462.4,464.4,464.4,456.3,456.9,471.2,467.5,442.6,474.6,662.3,383.4,1.6,27.1
2025-04-09 18:17:55,474.0,462.1,464.1,464.4,456.1,456.9,471.5,467.9,442.6,474.7,663.0,382.8,1.3,27.1
2025-04-09 18:18:00,473.6,461.7,463.7,463.8,455.7,456.7,471.0,468.1,442.6,475.0,663.5,382.2,1.2,27.1
2025-04-09 18:18:05,473.3,461.2,463.0,463.0,455.4,456.2,470.6,468.2,443.1,475.7,664.5,381.7,1.5,27.1
2025-04-09 18:18:10,472.0,460.8,462.2,463.0,454.8,456.1,470.6,468.4,443.7,475.9,665.7,380.9,1.8,27.1
2025-04-09 18:18:15,470.0,461.2,460.6,462.0,452.3,455.8,468.3,467.6,443.5,475.2,664.3,380.9,1.8,27.1
2025-04-09 18:18:20,467.5,460.6,458.8,460.1,450.7,454.5,466.9,465.6,442.1,473.8,661.0,379.3,2.6,27.1
2025-04-09 18:18:25,464.4,457.3,455.9,456.9,447.5,451.8,464.5,465.3,441.7,471.9,657.6,377.6,2.9,27.0
2025-04-09 18:18:30,463.0,455.4,454.3,455.3,446.7,449.3,463.4,462.4,439.8,469.6,653.3,376.6,3.2,27.0
2025-04-09 18:18:35,460.3,452.6,452.3,453.0,444.1,447.1,458.5,460.3,437.7,466.0,646.3,374.7,3.6,27.0
2025-04-09 18:18:40,458.4,449.5,449.4,452.0,441.7,444.7,455.2,456.2,433.1,459.7,634.0,371.4,3.2,27.0
2025-04-09 18:18:45,455.3,445.6,446.8,448.1,437.5,441.6,451.2,451.7,428.8,455.5,625.9,368.8,3.0,26.9
2025-04-09 18:18:50,453.5,444.0,443.3,444.6,434.6,438.8,448.3,449.0,425.4,452.4,620.6,366.0,3.3,26.9
2025-04-09 18:18:55,450.5,440.9,440.2,442.3,432.2,435.1,446.0,444.8,422.4,450.1,616.1,364.6,3.7,26.9
2025-04-09 18:19:00,447.8,438.6,439.6,440.0,431.6,432.8,445.3,444.0,420.1,449.1,615.0,360.9,4.4,26.9
2025-04-09 18:19:05,447.5,436.4,438.7,438.2,430.7,432.4,444.8,442.9,420.7,448.9,614.7,361.0,4.0,26.9
2025-04-09 18:19:10,446.1,435.0,438.3,437.6,430.6,432.3,445.0,442.6,419.8,448.6,614.9,360.8,4.3,26.8
2025-04-09 18:19:15,446.2,435.0,438.3,437.5,430.6,432.3,444.8,442.1,418.9,448.5,614.9,361.0,4.2,26.8
2025-04-09 18:19:20,445.9,434.7,438.0,437.5,430.5,432.2,444.2,442.0,418.7,447.8,613.8,360.4,3.4,26.7
2025-04-09 18:19:25,445.6,434.6,436.7,437.0,429.4,431.6,443.5,440.8,418.4,447.3,612.8,359.3,3.3,26.7
2025-04-09 18:19:30,444.5,433.4,435.7,435.9,428.4,430.6,442.6,440.3,417.9,446.6,611.3,358.1,3.0,26.7
2025-04-09 18:19:35,442.8,432.5,434.3,434.7,427.2,429.6,441.1,439.5,416.7,445.7,610.0,357.5,2.7,26.6
2025-04-09 18:19:40,440.9,431.3,433.7,433.8,425.8,428.6,439.7,438.3,415.0,444.6,607.3,356.5,2.3,26.6
2025-04-09 18:19:45,440.5,430.2,431.6,432.1,424.1,426.6,437.8,438.1,414.4,443.2,605.3,355.8,2.3,26.6
2025-04-09 18:19:50,439.5,428.6,431.5,431.0,423.7,425.5,437.2,435.4,412.4,442.3,604.0,354.5,2.1,26.6
2025-04-09 18:19:55,439.3,427.8,431.5,431.1,423.5,425.0,437.4,434.9,411.4,441.6,603.5,353.7,1.8,26.6
2025-04-09 18:20:00,439.9,427.9,432.0,430.8,423.8,424.3,437.4,434.0,410.2,440.7,602.5,353.5,1.6,26.6
2025-04-09 18:20:05,440.6,428.5,432.3,430.7,424.1,423.8,437.1,433.0,409.1,439.7,600.6,353.2,1.4,26.6
2025-04-09 18:20:10,440.9,428.4,432.0,430.1,423.5,422.9,436.7,432.7,408.6,439.0,600.0,352.7,1.9,26.6
2025-04-09 18:20:15,440.8,428.0,431.5,429.7,423.5,422.6,436.0,432.7,408.7,439.2,600.7,352.7,2.1,26.6
2025-04-09 18:20:20,441.1,427.9,431.7,429.7,423.1,422.6,435.7,432.7,408.3,439.0,600.7,352.4,1.7,26.5
2025-04-09 18:20:25,440.5,427.6,429.2,429.3,419.5,422.1,433.1,431.5,406.7,435.7,593.9,351.8,1.4,26.5
2025-04-09 18:20:30,437.7,425.1,426.8,425.7,416.9,418.2,430.9,428.2,404.8,433.8,590.2,349.1,1.2,26.5
2025-04-09 18:20:35,434.3,423.1,425.3,424.8,416.2,416.5,428.8,426.8,403.8,434.7,593.1,346.6,1.1,26.5
2025-04-09 18:20:40,434.7,422.6,424.8,423.2,416.9,416.8,431.5,427.9,405.5,437.1,598.8,346.9,0.9,26.5
2025-04-09 18:20:45,437.5,424.1,427.8,427.5,420.2,419.1,432.8,429.9,407.1,438.0,600.8,348.8,0.8,26.5
2025-04-09 18:20:50,438.8,425.8,428.6,428.2,420.7,421.1,433.9,431.3,407.6,438.1,601.2,350.3,0.7,26.5
2025-04-09 18:20:55,439.1,426.8,429.3,428.7,420.9,421.4,433.7,431.4,407.4,437.6,600.2,350.2,1.1,26.5
2025-04-09 18:21:00,439.0,427.1,429.0,428.4,420.3,420.8,433.3,431.0,407.0,437.4,599.7,349.9,1.2,26.6
2025-04-09 18:21:05,438.3,426.3,428.2,427.7,420.4,420.2,433.9,430.9,407.5,439.5,604.4,349.2,1.2,26.6
2025-04-09 18:21:10,438.3,425.7,428.5,427.7,421.8,421.1,435.3,432.4,409.2,439.9,606.4,349.2,1.2,26.6
2025-04-09 18:21:15,439.5,426.5,430.4,429.3,422.4,422.0,436.6,433.1,410.1,441.7,610.5,351.0,1.0,26.6
2025-04-09 18:21:20,440.7,427.8,431.2,431.0,423.5,423.8,437.6,434.8,410.6,442.2,611.5,351.8,0.9,26.6
2025-04-09 18:21:25,440.9,428.6,430.8,431.5,423.1,423.6,437.3,434.6,410.8,441.2,609.9,351.6,0.8,26.6
2025-04-09 18:21:30,440.6,428.5,429.4,430.2,422.2,422.8,435.1,433.2,409.4,439.6,606.1,351.0,1.0,26.6
2025-04-09 18:21:35,438.2,426.5,427.6,428.3,420.3,421.3,432.7,430.0,406.6,436.4,600.4,348.3,1.3,26.6
2025-04-09 18:21:40,437.4,426.5,425.9,427.0,418.5,418.7,431.5,428.8,405.5,435.2,598.3,347.5,1.6,26.6
2025-04-09 18:21:45,435.0,424.4,424.3,424.4,416.8,417.1,430.3,427.9,404.6,434.0,597.2,344.7,1.7,26.6
2025-04-09 18:21:50,433.5,422.0,422.7,423.3,415.3,416.6,428.4,425.3,403.0,432.8,595.3,344.5,1.6,26.6
2025-04-09 18:21:55,431.3,419.6,419.8,420.8,413.8,415.7,427.1,424.7,401.2,427.3,583.3,342.3,1.7,26.7
2025-04-09 18:22:00,426.6,416.6,413.8,416.1,403.3,407.0,418.5,418.1,394.3,416.7,561.8,339.0,1.7,26.7
2025-04-09 18:22:05,417.1,408.5,403.6,406.3,392.0,395.7,400.2,406.8,383.4,403.0,533.3,331.5,1.7,26.7
2025-04-09 18:22:10,404.3,395.0,389.8,391.9,384.1,387.4,391.6,391.8,369.7,389.4,505.2,320.4,1.6,26.7
2025-04-09 18:22:15,393.5,383.2,384.4,385.8,373.8,375.9,382.7,381.8,361.3,384.5,495.6,311.4,1.4,26.7
2025-04-09 18:22:20,389.0,377.6,377.7,377.6,368.6,369.6,378.9,377.4,357.8,383.2,493.8,307.7,1.3,26.7
2025-04-09 18:22:25,383.6,371.7,374.9,373.7,367.0,366.8,377.9,375.5,357.3,383.1,493.9,304.4,1.1,26.7
2025-04-09 18:22:30,382.0,370.7,373.7,373.0,365.8,366.8,376.7,374.9,356.0,381.2,492.1,303.8,1.0,26.7
2025-04-09 18:22:35,380.0,368.9,372.0,371.2,363.5,363.9,374.6,372.9,355.2,380.0,488.2,302.3,0.9,26.7
2025-04-09 18:22:40,378.3,367.2,369.6,368.8,362.1,362.5,374.4,371.6,353.5,379.4,487.3,300.7,0.8,26.7
2025-04-09 18:22:45,377.7,365.8,369.6,368.7,362.5,362.4,375.1,371.9,354.5,380.9,491.7,300.1,0.7,26.7
2025-04-09 18:22:50,378.0,366.1,370.7,368.8,364.3,364.0,377.9,373.6,356.0,382.7,496.4,300.7,0.7,26.7
2025-04-09 18:22:55,381.0,368.3,373.9,371.2,366.3,365.9,378.4,375.2,356.8,383.9,498.8,302.8,0.7,26.6
2025-04-09 18:23:00,381.9,368.7,373.8,372.6,367.8,367.5,379.9,375.8,357.9,385.9,503.7,303.9,0.6,26.6
2025-04-09 18:23:05,382.3,370.1,375.0,373.4,369.0,369.3,381.3,378.6,360.2,388.9,510.2,305.1,0.6,26.7
2025-04-09 18:23:10,384.0,372.4,377.8,376.1,371.3,371.7,384.6,381.2,362.2,391.2,514.8,306.7,1.0,26.7
2025-04-09 18:23:15,386.2,374.3,379.9,378.6,373.5,373.8,385.5,382.2,363.9,391.8,516.6,307.1,1.0,26.7
2025-04-09 18:23:20,387.7,376.7,380.8,379.5,374.3,374.4,386.7,383.6,364.3,392.0,517.0,308.2,0.9,26.7
2025-04-09 18:23:25,388.1,377.6,380.7,379.8,374.1,374.4,386.5,383.6,363.7,391.2,515.2,308.6,0.8,26.7
2025-04-09 18:23:30,388.1,377.4,380.1,379.6,373.7,374.2,385.6,383.2,363.0,390.0,512.5,308.3,0.7,26.7
2025-04-09 18:23:35,387.8,376.6,379.7,378.6,372.8,373.4,384.3,381.4,361.3,388.3,509.5,307.5,0.6,26.7
2025-04-09 18:23:40,387.5,376.0,378.7,377.7,371.2,372.6,383.2,379.8,359.8,385.8,504.5,305.9,0.6,26.7
2025-04-09 18:23:45,386.0,375.1,377.2,376.4,370.2,370.6,381.5,378.5,357.8,384.1,502.0,306.0,1.4,26.7
2025-04-09 18:23:50,384.8,374.0,377.0,375.3,369.6,370.0,381.2,377.7,357.5,383.9,502.6,304.7,1.7,26.7
2025-04-09 18:23:55,385.2,373.2,377.4,375.2,370.1,370.0,381.9,377.8,357.5,384.3,503.5,304.6,1.6,26.7
2025-04-09 18:24:00,386.7,373.8,379.0,376.6,372.1,370.8,383.7,378.8,359.1,386.5,509.8,305.6,2.0,26.7
2025-04-09 18:24:05,388.5,375.3,380.5,377.9,372.6,372.4,384.8,380.4,359.8,387.1,511.1,306.5,2.1,26.7
2025-04-09 18:24:10,389.9,377.3,381.4,379.4,373.9,373.6,385.1,380.9,359.6,387.0,510.7,307.2,1.9,26.7
2025-04-09 18:24:15,389.9,377.7,380.9,379.5,373.6,373.3,384.3,380.6,358.7,386.1,509.8,306.9,1.5,26.7
2025-04-09 18:24:20,389.4,377.7,380.0,378.6,372.5,372.8,383.9,380.0,358.6,386.0,509.4,306.0,1.4,26.7
2025-04-09 18:24:25,389.2,376.6,379.9,378.1,372.5,371.9,384.1,379.5,358.8,386.4,511.3,305.4,1.3,26.7
2025-04-09 18:24:30,389.3,376.3,380.3,378.6,373.0,372.5,384.4,380.2,359.3,386.7,512.0,305.6,1.3,26.7
2025-04-09 18:24:35,388.4,376.5,379.8,378.7,372.1,372.3,382.9,379.9,358.0,382.6,503.5,305.1,1.4,26.7
2025-04-09 18:24:40,384.7,373.5,373.1,375.9,367.0,369.7,377.1,375.9,353.9,376.5,490.2,302.0,1.6,26.7
2025-04-09 18:24:45,382.3,371.2,370.3,371.0,361.4,364.0,371.1,369.3,348.3,369.9,476.1,300.7,1.6,26.7
2025-04-09 18:24:50,374.4,364.2,362.7,363.7,354.1,356.4,364.5,362.3,342.8,366.4,472.0,294.5,1.6,26.7
2025-04-09 18:24:55,368.8,358.8,358.8,359.0,351.3,353.1,362.3,358.9,340.2,365.3,467.5,289.4,1.2,26.8
2025-04-09 18:25:00,366.1,354.1,357.7,357.2,351.2,351.7,362.5,358.9,340.6,365.7,469.8,288.5,1.1,26.8
2025-04-09 18:25:05,366.8,354.3,359.5,357.5,354.3,353.6,366.0,362.2,342.8,369.2,478.5,290.6,1.1,26.8
2025-04-09 18:25:10,370.4,358.0,362.6,361.2,356.9,356.4,368.0,363.7,343.8,370.5,481.0,291.6,1.0,26.8
2025-04-09 18:25:15,373.4,360.0,364.7,363.8,358.4,358.1,370.0,365.2,345.7,373.6,488.0,292.9,0.8,26.8
2025-04-09 18:25:20,374.6,361.7,366.4,365.6,360.7,360.3,372.4,368.4,347.4,375.6,492.3,294.1,0.6,26.8
2025-04-09 18:25:25,375.9,363.2,366.7,366.1,361.8,360.8,374.0,370.2,349.6,378.8,499.6,295.9,0.5,26.8
2025-04-09 18:25:30,377.9,364.8,370.0,368.3,363.4,363.3,375.8,372.8,351.8,380.4,503.6,297.1,0.5,26.8
2025-04-09 18:25:35,379.9,366.9,371.9,371.0,365.8,365.5,377.8,374.8,353.4,381.6,506.7,297.5,0.5,26.8
2025-04-09 18:25:40,381.2,368.4,373.2,372.7,366.8,367.2,379.1,375.7,355.0,383.8,511.4,299.8,0.4,26.8
2025-04-09 18:25:45,382.7,370.4,373.9,373.1,367.9,368.5,380.1,377.0,356.6,385.9,517.0,300.0,0.8,26.8
2025-04-09 18:25:50,383.2,370.8,375.0,375.1,369.6,370.9,383.0,379.4,358.9,387.6,520.2,300.6,0.9,26.8
2025-04-09 18:25:55,385.8,373.3,377.5,377.9,371.6,373.8,385.2,381.8,362.2,390.9,528.0,302.3,1.2,26.8
2025-04-09 18:26:00,386.6,375.2,379.0,378.7,373.2,374.2,386.0,383.6,362.6,391.6,529.0,304.1,1.2,26.8
2025-04-09 18:26:05,387.6,376.7,379.8,380.1,373.7,375.0,385.8,383.8,362.8,391.1,527.8,304.2,1.1,26.8
2025-04-09 18:26:10,387.8,377.0,380.0,379.9,373.0,374.8,385.1,383.3,361.5,389.8,525.5,303.9,1.7,26.8
2025-04-09 18:26:15,387.8,376.6,378.6,379.5,372.3,373.2,383.5,381.3,359.7,388.3,522.9,303.9,1.7,26.9
2025-04-09 18:26:20,386.9,376.1,377.7,379.4,371.6,372.7,383.0,380.9,359.2,386.6,519.9,303.2,1.7,26.9
2025-04-09 18:26:25,385.6,374.9,376.8,378.9,370.1,371.5,382.3,379.3,357.6,384.7,516.4,302.4,1.7,26.9
2025-04-09 18:26:30,384.9,374.6,374.9,377.3,368.3,369.8,380.6,377.3,355.8,383.5,514.3,301.9,1.6,26.9
2025-04-09 18:26:35,382.0,371.9,372.9,374.8,365.9,366.8,377.9,374.5,353.4,380.3,507.5,299.0,1.4,26.9
2025-04-09 18:26:40,378.2,369.6,370.0,371.9,363.3,365.0,375.1,373.3,351.7,378.8,504.4,297.3,1.2,26.9
2025-04-09 18:26:45,376.2,366.4,366.5,369.5,360.9,363.2,373.3,372.8,351.9,378.0,503.4,296.0,1.1,26.9
2025-04-09 18:26:50,373.9,364.2,366.1,367.4,360.4,362.7,374.2,371.3,351.2,378.4,505.4,294.5,1.0,26.9
2025-04-09 18:26:55,373.4,363.1,366.1,367.8,361.4,363.3,376.4,372.6,354.4,381.3,511.9,294.2,1.2,26.9
2025-04-09 18:27:00,374.7,364.6,368.4,370.8,364.6,365.6,378.8,375.2,355.3,384.0,518.8,295.9,1.0,26.9
2025-04-09 18:27:05,376.8,367.3,370.7,372.1,365.8,367.3,380.5,377.4,356.7,384.9,520.4,297.2,0.8,26.9
2025-04-09 18:27:10,378.2,368.1,371.9,373.2,367.2,368.3,380.5,377.9,356.7,384.9,521.0,298.4,0.7,26.9
2025-04-09 18:27:15,378.7,369.9,371.7,373.9,366.8,368.9,379.9,378.1,356.7,384.0,519.0,298.4,0.5,26.9
2025-04-09 18:27:20,378.5,369.2,370.1,373.3,365.2,367.6,378.3,377.2,355.3,382.0,515.1,297.7,0.5,26.9
2025-04-09 18:27:25,377.1,368.6,368.4,371.1,363.4,366.1,376.6,375.1,354.5,381.1,513.2,296.6,0.5,26.9
2025-04-09 18:27:30,375.4,365.9,367.5,370.0,362.7,365.2,376.0,373.8,353.2,380.3,512.3,295.0,0.5,26.9
2025-04-09 18:27:35,374.8,364.8,367.4,368.9,362.9,364.5,376.0,373.6,352.6,380.3,513.4,294.6,0.4,26.9
2025-04-09 18:27:40,375.0,364.4,368.7,369.1,364.0,365.4,376.5,373.7,352.7,380.9,514.9,294.4,0.4,26.9
2025-04-09 18:27:45,375.9,365.1,369.0,369.8,363.8,365.8,376.5,373.8,352.5,380.3,513.6,294.9,0.9,26.9
2025-04-09 18:27:50,375.8,365.1,368.8,369.8,363.1,365.5,374.9,372.5,351.2,377.6,508.3,294.4,1.3,26.9
2025-04-09 18:27:55,373.2,362.9,366.6,366.8,359.3,362.8,370.9,368.0,348.4,373.7,500.6,292.2,1.3,26.9
2025-04-09 18:28:00,367.8,358.9,358.7,364.1,354.0,357.8,365.1,363.7,343.6,368.2,489.5,288.1,1.3,26.9
2025-04-09 18:28:05,363.0,354.8,354.7,358.0,347.2,352.0,357.8,361.9,341.9,364.5,481.1,285.5,1.3,26.9
2025-04-09 18:28:10,355.6,348.3,346.9,350.5,339.7,345.2,349.4,353.3,334.3,356.5,464.2,279.9,1.4,26.9
2025-04-09 18:28:15,348.6,341.4,340.2,343.5,332.8,338.0,342.3,342.7,324.1,348.4,447.9,274.8,1.3,26.9
2025-04-09 18:28:20,340.2,332.1,331.8,335.2,325.0,329.3,337.7,337.4,319.1,339.7,430.4,267.7,1.2,26.9
2025-04-09 18:28:25,335.5,326.6,327.5,329.9,320.3,323.9,330.1,328.7,313.8,334.7,420.6,263.3,1.3,27.0
2025-04-09 18:28:30,331.1,321.0,325.6,327.7,318.7,321.6,328.3,326.7,309.7,330.9,412.6,259.4,1.1,26.9
2025-04-09 18:28:35,327.9,317.7,321.2,323.1,315.1,317.1,324.8,322.7,305.6,328.2,407.6,256.3,0.9,26.9
2025-04-09 18:28:40,324.7,315.4,316.5,318.4,309.8,312.6,319.4,320.9,303.6,325.2,401.3,254.7,0.9,26.9
2025-04-09 18:28:45,321.8,312.2,313.9,316.2,306.7,310.1,316.4,316.3,298.6,319.3,389.7,251.5,0.9,26.9
2025-04-09 18:28:50,314.9,306.0,309.4,311.6,302.6,305.6,311.9,311.3,294.1,314.5,379.8,248.4,0.9,26.9
2025-04-09 18:28:55,312.7,303.3,305.2,307.0,298.4,301.6,307.5,307.3,290.3,309.7,370.3,243.9,0.9,26.9
2025-04-09 18:29:00,305.8,295.7,301.0,301.8,294.7,296.4,303.5,302.2,286.3,306.8,364.6,241.0,0.8,26.9
2025-04-09 18:29:05,305.0,293.4,298.4,299.4,293.5,294.9,301.3,300.4,284.1,305.2,361.3,239.5,0.8,26.9
2025-04-09 18:29:10,303.6,292.0,297.7,297.5,291.9,293.0,300.7,299.3,283.1,304.5,361.1,238.6,0.8,26.9
2025-04-09 18:29:15,303.4,291.6,297.6,297.7,291.5,292.4,300.3,298.1,282.4,304.7,362.9,238.3,0.9,26.9
2025-04-09 18:29:20,303.5,291.2,297.5,297.6,291.6,292.6,300.7,298.4,282.7,305.1,364.5,238.0,1.0,26.9
2025-04-09 18:29:25,304.4,291.6,298.7,298.7,293.8,293.8,303.2,300.1,284.5,308.0,371.7,238.5,0.8,26.9
2025-04-09 18:29:30,306.2,293.4,300.1,300.6,294.6,295.7,304.2,302.7,285.3,308.6,372.9,239.5,0.8,26.9
2025-04-09 18:29:35,307.3,295.3,301.1,301.4,295.6,296.4,304.5,302.3,285.5,309.1,374.2,240.7,0.7,26.9
2025-04-09 18:29:40,307.5,296.3,301.3,301.6,295.7,296.7,304.8,303.3,286.0,309.1,374.5,240.9,0.7,26.9
2025-04-09 18:29:45,307.6,296.1,301.3,301.5,295.6,296.4,304.6,303.3,286.0,309.3,375.6,240.8,0.6,26.9
2025-04-09 18:29:50,307.5,295.9,301.4,301.6,296.2,296.6,306.6,303.5,287.2,312.4,383.0,241.1,0.5,26.9
2025-04-09 18:29:55,310.3,297.9,304.9,304.8,300.9,299.9,310.4,307.3,290.6,316.2,392.5,242.3,0.4,26.9
2025-04-09 18:30:00,311.8,298.9,306.7,306.7,302.4,303.4,313.6,311.5,293.8,321.4,403.9,246.4,0.4,26.9
2025-04-09 18:30:05,316.5,304.2,311.9,311.9,307.5,308.5,319.3,315.8,299.2,325.1,413.3,247.5,0.6,26.9
2025-04-09 18:30:10,321.2,308.8,316.1,316.4,312.0,312.8,323.0,320.0,301.2,326.9,417.5,250.6,0.6,26.9
2025-04-09 18:30:15,325.6,313.8,320.4,320.2,313.7,314.7,324.9,321.8,304.5,330.9,426.7,254.3,0.6,26.9
2025-04-09 18:30:20,329.2,316.8,323.5,323.3,317.1,318.2,328.3,324.7,307.2,332.7,431.0,256.2,0.6,26.9
2025-04-09 18:30:25,331.6,318.6,324.2,324.4,319.3,320.8,329.7,326.5,307.7,334.1,434.7,257.5,0.6,26.9
2025-04-09 18:30:30,332.5,320.7,326.2,326.9,321.2,322.2,332.2,328.5,310.2,336.7,440.2,258.4,0.6,26.9
2025-04-09 18:30:35,334.0,322.5,328.0,328.6,322.9,324.1,333.8,330.9,312.0,339.0,446.6,259.8,0.6,26.9
2025-04-09 18:30:40,336.1,324.7,330.1,331.1,325.7,325.5,336.4,333.0,314.3,340.5,450.0,260.8,0.5,26.9
2025-04-09 18:30:45,339.0,327.3,332.1,333.5,327.8,328.3,338.6,335.6,317.4,343.8,457.7,263.1,0.5,26.9
2025-04-09 18:30:50,340.9,329.2,334.5,334.8,330.2,330.3,341.1,337.2,318.5,345.8,462.4,263.9,0.4,26.9
2025-04-09 18:30:55,343.3,329.6,335.1,336.1,330.4,331.1,341.4,339.0,319.5,346.6,464.4,266.0,0.4,26.9
2025-04-09 18:31:00,343.4,331.6,336.6,336.9,331.2,332.1,341.8,339.2,320.1,346.2,464.1,266.0,0.4,26.9
2025-04-09 18:31:05,343.4,332.0,336.6,336.9,331.0,332.1,341.4,338.9,319.7,345.5,463.0,265.9,0.3,26.9
2025-04-09 18:31:10,343.4,331.9,336.6,336.6,330.7,331.4,341.4,338.6,319.5,345.5,464.0,265.3,0.3,26.9
2025-04-09 18:31:15,343.4,331.5,336.3,336.6,330.7,331.4,341.6,339.1,319.9,346.8,465.8,265.2,0.4,26.9
2025-04-09 18:31:20,343.8,332.1,336.9,336.8,331.5,332.2,343.0,340.4,320.8,347.8,469.8,265.4,0.4,26.9
2025-04-09 18:31:25,344.7,333.0,338.4,338.1,332.6,333.9,344.8,342.1,321.8,349.6,474.5,266.1,0.3,26.9
2025-04-09 18:31:30,346.3,334.1,339.0,339.7,333.9,334.8,346.0,342.9,324.1,351.2,478.6,267.1,0.2,26.9
2025-04-09 18:31:35,347.3,335.2,340.9,341.4,335.6,335.1,346.5,343.8,324.8,352.3,481.8,267.8,0.1,26.9
2025-04-09 18:31:40,348.2,337.2,341.6,341.9,336.0,337.3,347.6,344.7,325.4,352.8,483.1,268.7,0.0,26.9
2025-04-09 18:31:45,349.9,338.1,342.5,343.3,337.0,338.0,348.3,345.4,325.5,352.6,483.1,269.3,0.0,26.9
2025-04-09 18:31:50,350.1,338.6,342.7,343.5,337.0,338.0,347.9,345.2,325.3,351.7,481.8,269.4,0.0,26.9
2025-04-09 18:31:55,350.2,338.6,342.1,343.4,336.3,337.6,347.2,344.6,324.6,351.2,481.5,268.9,0.0,26.9
2025-04-09 18:32:00,349.4,338.2,341.3,342.9,335.7,337.0,346.9,344.3,324.2,351.4,481.7,268.6,0.0,26.9
2025-04-09 18:32:05,349.3,337.5,341.3,342.6,335.4,336.7,346.6,344.1,324.0,351.0,482.1,268.0,0.0,26.9
2025-04-09 18:32:10,349.3,337.2,340.7,342.5,334.9,335.5,346.4,343.5,323.6,351.5,483.8,267.3,0.0,26.9
2025-04-09 18:32:15,348.5,336.4,340.7,342.1,336.2,335.9,349.3,343.6,323.7,354.0,489.7,267.1,0.2,27.0
2025-04-09 18:32:20,350.5,337.5,344.4,345.2,341.0,339.8,352.2,347.7,328.5,359.6,503.4,268.2,0.5,26.9
2025-04-09 18:32:25,355.3,342.1,349.4,350.1,346.0,345.4,359.8,355.9,335.5,365.5,516.9,272.2,0.5,27.0
2025-04-09 18:32:30,362.2,349.5,355.3,357.2,349.4,349.0,362.7,358.9,337.8,368.0,523.5,277.3,0.5,27.0
2025-04-09 18:32:35,365.1,353.5,357.3,359.1,351.5,352.8,363.1,360.5,338.7,368.3,524.0,278.3,0.5,27.0
2025-04-09 18:32:40,365.2,353.5,356.6,358.7,351.3,352.7,362.8,360.5,338.9,366.2,520.1,278.8,0.5,27.0
2025-04-09 18:32:45,364.7,353.8,354.9,358.2,349.9,351.6,361.2,359.2,337.6,365.8,518.9,277.7,0.4,27.0
2025-04-09 18:32:50,363.4,352.4,354.4,356.4,349.1,350.8,361.1,358.5,337.2,366.1,520.7,276.4,0.4,27.0
2025-04-09 18:32:55,363.6,352.5,354.4,356.3,349.2,350.6,361.8,359.0,337.8,367.5,524.4,276.5,0.3,27.0
2025-04-09 18:33:00,363.9,352.6,355.0,356.6,350.4,351.1,363.8,360.0,338.7,368.9,528.4,277.1,0.2,27.0
2025-04-09 18:33:05,364.7,353.6,356.3,357.5,351.9,352.1,364.6,361.3,340.1,370.3,530.5,277.9,0.2,27.0
2025-04-09 18:33:10,367.2,355.6,358.1,359.2,353.8,354.0,366.6,362.8,341.3,371.4,535.5,279.5,0.2,27.0
2025-04-09 18:33:15,368.5,357.5,359.7,361.1,354.4,355.8,367.2,363.9,342.7,372.6,538.5,280.7,0.4,27.0
2025-04-09 18:33:20,370.8,359.0,361.1,362.7,357.3,357.4,369.7,364.7,342.6,373.9,541.9,281.0,0.5,27.0
2025-04-09 18:33:25,373.0,360.9,363.3,365.2,359.1,360.1,372.7,368.6,345.8,377.3,551.3,282.9,0.5,27.0
2025-04-09 18:33:30,376.5,363.3,366.8,369.0,362.0,362.7,375.5,371.3,348.1,379.2,555.1,284.7,0.5,27.1
2025-04-09 18:33:35,379.3,366.7,370.0,369.8,364.0,364.6,377.3,373.4,350.5,382.4,563.6,286.9,0.5,27.1
2025-04-09 18:33:40,382.1,369.1,371.9,373.7,368.1,366.4,379.7,375.6,352.0,384.7,569.1,288.2,0.5,27.1
2025-04-09 18:33:45,383.3,370.8,373.5,374.3,369.1,369.0,382.6,377.5,354.2,387.2,575.8,290.3,0.4,27.1
2025-04-09 18:33:50,386.7,374.8,375.7,377.7,371.0,372.4,385.5,380.2,356.3,388.9,579.9,291.8,0.4,27.1
2025-04-09 18:33:55,388.9,376.4,377.3,379.6,372.5,373.7,387.2,382.0,357.7,390.1,582.7,292.3,0.5,27.1
2025-04-09 18:34:00,389.8,377.6,379.6,380.8,374.4,375.3,387.4,382.5,358.7,390.8,585.6,293.1,0.6,27.1
2025-04-09 18:34:05,390.8,379.2,380.8,382.3,374.9,376.1,389.3,383.9,359.9,392.1,588.9,293.6,0.9,27.1
2025-04-09 18:34:10,392.0,379.5,381.7,383.1,375.7,376.9,389.9,384.9,360.5,392.4,589.7,294.0,1.0,27.1
2025-04-09 18:34:15,392.6,380.8,382.8,383.8,376.6,377.6,390.5,385.7,361.1,392.9,592.5,294.7,1.1,27.1
2025-04-09 18:34:20,393.3,381.4,383.0,384.4,377.0,378.0,390.8,386.0,361.4,393.4,593.2,295.0,1.0,27.1
2025-04-09 18:34:25,393.7,381.9,383.1,384.6,377.2,378.1,390.8,386.1,361.5,393.5,594.0,295.2,0.8,27.1
2025-04-09 18:34:30,393.7,382.0,383.2,384.7,377.5,377.9,391.2,386.2,361.6,394.0,594.9,295.2,0.7,27.1
2025-04-09 18:34:35,393.6,382.0,383.2,384.5,377.8,378.2,391.6,386.5,362.1,394.5,597.8,295.2,0.6,27.2
2025-04-09 18:34:40,393.7,382.3,383.3,384.8,378.8,378.5,392.0,387.0,362.6,395.5,600.8,295.2,0.4,27.2
2025-04-09 18:34:45,394.1,383.1,384.0,385.4,379.7,379.0,392.7,387.7,363.5,396.2,603.5,295.5,0.3,27.2
2025-04-09 18:34:50,394.6,383.6,384.5,386.4,379.8,379.7,393.4,388.4,364.5,397.0,606.2,296.3,0.3,27.2
2025-04-09 18:34:55,396.3,385.2,386.3,386.9,380.5,380.5,394.1,389.1,364.9,397.4,607.1,297.1,0.2,27.2
2025-04-09 18:35:00,396.9,386.2,386.5,388.5,381.1,381.2,394.6,389.4,365.0,397.5,608.2,297.0,0.1,27.2
2025-04-09 18:35:05,397.3,386.4,387.1,388.6,381.4,382.8,394.8,389.8,365.2,397.7,608.8,297.0,0.1,27.2
2025-04-09 18:35:10,398.1,387.1,387.5,389.0,381.7,382.5,395.3,390.0,365.2,398.0,610.6,297.4,0.2,27.2
2025-04-09 18:35:15,399.0,387.6,387.8,389.3,382.2,382.8,396.1,390.7,366.4,398.4,612.8,297.7,0.7,27.2
2025-04-09 18:35:20,399.5,387.9,389.2,389.8,383.4,383.7,396.9,391.1,366.8,399.3,615.6,298.2,0.7,27.2
2025-04-09 18:35:25,400.1,388.5,389.6,391.0,384.1,384.3,397.8,392.1,367.5,399.7,616.9,298.6,0.7,27.3
2025-04-09 18:35:30,401.2,389.5,390.3,391.9,384.3,384.6,397.9,392.2,367.7,399.6,617.9,299.2,0.7,27.3
2025-04-09 18:35:35,402.4,390.1,390.3,391.7,385.0,385.0,398.1,392.2,367.2,399.3,617.6,299.4,0.8,27.3
2025-04-09 18:35:40,402.0,390.1,390.1,391.6,384.7,384.5,397.6,391.8,366.7,398.5,616.2,299.4,1.4,27.3
2025-04-09 18:35:45,401.8,390.0,389.5,391.1,383.9,384.1,395.9,390.1,364.9,397.6,614.5,298.9,1.7,27.3
2025-04-09 18:35:50,400.8,388.8,388.2,390.0,382.0,382.6,393.7,389.8,364.3,395.6,611.5,298.1,2.2,27.3
2025-04-09 18:35:55,399.7,388.0,387.5,388.3,380.6,381.8,392.7,387.3,362.2,394.2,609.0,296.7,1.8,27.3
2025-04-09 18:36:00,397.1,385.6,385.5,386.8,378.8,380.6,392.4,386.5,361.8,393.5,607.6,295.4,2.0,27.3
2025-04-09 18:36:05,396.1,384.9,384.7,386.1,378.4,379.3,391.8,386.5,361.2,393.7,609.4,294.4,1.8,27.3
2025-04-09 18:36:10,394.6,384.5,384.4,385.9,378.2,379.2,391.9,386.4,361.4,394.3,612.3,293.4,1.6,27.3
2025-04-09 18:36:15,394.5,384.4,384.5,385.8,378.3,379.1,392.1,387.1,362.4,395.2,615.1,293.1,1.5,27.3
2025-04-09 18:36:20,394.4,384.9,384.5,386.2,378.8,379.8,392.6,387.8,363.2,395.9,616.9,293.1,1.7,27.3
2025-04-09 18:36:25,394.4,385.1,384.5,386.4,378.9,380.1,393.3,388.9,364.0,396.8,620.3,293.2,1.7,27.2
2025-04-09 18:36:30,394.2,385.6,384.8,386.7,379.8,380.6,394.0,390.1,365.3,398.0,623.2,293.3,1.6,27.2
2025-04-09 18:36:35,394.3,386.0,385.2,387.2,380.0,381.2,394.4,390.8,366.1,398.4,624.6,293.5,1.5,27.2
2025-04-09 18:36:40,394.1,386.6,385.3,387.8,379.8,382.0,394.1,391.4,366.1,397.6,622.9,293.5,2.3,27.2
2025-04-09 18:36:45,393.6,387.0,384.5,387.7,378.2,381.5,393.0,390.6,365.4,396.2,619.9,292.9,2.0,27.2
2025-04-09 18:36:50,393.1,386.2,382.1,385.4,376.7,379.3,390.6,389.4,364.9,395.5,618.7,291.7,1.9,27.2
2025-04-09 18:36:55,391.2,383.9,381.2,384.2,375.2,378.6,390.0,386.7,363.3,394.7,618.2,290.6,1.5,27.2
2025-04-09 18:37:00,389.8,382.6,380.8,383.5,375.5,378.0,390.0,387.3,363.3,395.1,620.1,290.1,1.1,27.2
2025-04-09 18:37:05,390.3,382.3,382.0,384.1,378.1,378.4,391.5,387.7,363.9,397.2,626.2,290.0,1.2,27.2
2025-04-09 18:37:10,393.1,383.6,384.9,386.9,380.4,381.7,395.0,389.7,365.2,399.3,632.6,291.8,1.2,27.2
2025-04-09 18:37:15,397.8,386.9,386.3,387.8,381.4,383.0,396.1,392.1,366.7,401.8,639.7,293.7,1.1,27.2
2025-04-09 18:37:20,401.7,389.4,390.1,391.3,384.8,386.3,400.3,395.4,369.3,404.1,646.1,295.7,1.1,27.2
2025-04-09 18:37:25,403.8,393.2,393.7,393.9,385.9,388.4,402.0,397.1,371.6,405.9,650.3,297.1,1.3,27.2
2025-04-09 18:37:30,405.2,395.0,394.5,396.7,388.4,390.0,403.2,399.1,372.2,406.8,653.1,298.2,1.6,27.2
2025-04-09 18:37:35,407.8,396.3,396.5,398.6,389.7,391.7,404.8,399.8,374.6,409.2,659.7,299.5,1.8,27.2
2025-04-09 18:37:40,408.0,398.2,397.1,399.0,390.6,392.7,405.8,401.5,375.2,410.6,661.3,299.8,1.7,27.2
2025-04-09 18:37:45,409.4,399.9,397.9,400.6,391.7,393.5,406.7,402.2,376.8,411.4,665.7,300.6,1.4,27.2
2025-04-09 18:37:50,409.6,400.6,398.3,401.1,392.3,394.1,407.2,402.9,376.7,411.3,666.2,301.3,1.2,27.2
2025-04-09 18:37:55,409.6,401.5,398.7,402.2,392.4,394.1,407.5,403.0,376.6,410.9,666.0,301.3,0.9,27.2
2025-04-09 18:38:00,409.5,401.3,398.1,401.8,391.5,393.5,406.5,402.5,375.8,410.2,664.3,301.0,0.8,27.2
2025-04-09 18:38:05,408.8,400.9,397.7,401.0,390.8,392.9,406.1,401.5,375.3,409.5,663.8,300.2,0.7,27.2
2025-04-09 18:38:10,408.5,400.4,397.5,400.4,390.4,392.6,405.8,401.0,374.6,409.1,664.1,299.5,1.0,27.2
2025-04-09 18:38:15,408.4,399.8,397.4,400.1,390.5,392.7,405.9,401.1,374.7,409.2,665.2,299.3,1.1,27.2
2025-04-09 18:38:20,408.5,399.9,397.4,400.2,390.7,392.8,406.4,401.3,375.2,409.7,667.4,299.2,1.5,27.2
2025-04-09 18:38:25,409.2,400.4,398.0,400.7,391.4,393.2,406.8,401.7,375.7,410.3,669.1,299.4,1.8,27.2
2025-04-09 18:38:30,409.9,400.8,398.6,401.1,391.8,393.8,406.9,402.1,375.9,410.4,670.9,299.5,1.7,27.2
2025-04-09 18:38:35,410.2,401.5,398.5,401.5,391.9,394.0,407.4,402.5,376.3,410.8,672.4,299.6,1.6,27.3
2025-04-09 18:38:40,410.2,401.5,398.7,401.6,392.0,394.1,407.4,402.5,376.1,410.8,673.3,299.3,1.4,27.2
2025-04-09 18:38:45,409.8,401.7,399.0,401.3,391.9,394.1,407.1,402.5,375.8,410.8,673.5,299.3,1.4,27.2
2025-04-09 18:38:50,409.3,401.7,398.8,401.0,391.7,393.9,406.6,402.3,375.0,410.2,673.8,298.8,1.5,27.2
2025-04-09 18:38:55,409.0,401.7,398.4,400.8,391.2,393.5,405.9,401.8,374.6,409.3,672.6,298.0,1.3,27.2
2025-04-09 18:39:00,408.5,401.2,397.5,400.1,390.4,392.5,405.7,401.5,374.3,408.5,671.7,297.6,1.2,27.2
2025-04-09 18:39:05,407.8,400.7,396.9,399.3,389.3,391.6,403.6,399.4,372.4,407.4,669.7,296.6,1.2,27.2
2025-04-09 18:39:10,407.3,399.9,396.2,398.2,389.0,390.6,403.1,399.1,372.4,407.2,670.0,296.3,1.1,27.2
2025-04-09 18:39:15,406.6,399.3,395.7,397.7,388.8,390.6,403.4,399.2,372.3,407.3,671.2,295.7,0.9,27.2
2025-04-09 18:39:20,406.3,399.1,395.5,397.7,388.8,390.4,403.4,398.8,372.4,407.5,673.1,295.2,0.8,27.1
2025-04-09 18:39:25,406.6,399.1,395.4,397.7,389.0,390.5,403.6,398.9,372.7,407.7,675.2,295.0,0.6,27.1
2025-04-09 18:39:30,406.8,399.0,395.8,398.1,389.4,390.5,404.3,399.3,373.1,407.9,676.5,294.7,0.6,27.1
2025-04-09 18:39:35,407.4,399.3,396.1,398.5,389.6,390.8,404.3,399.4,373.2,408.2,677.7,294.7,0.5,27.1
2025-04-09 18:39:40,407.6,399.6,395.9,398.9,389.8,390.9,404.3,399.5,373.1,408.5,679.1,294.5,0.4,27.2
2025-04-09 18:39:45,407.6,399.9,395.9,399.0,389.7,390.8,404.3,399.5,373.0,408.3,679.9,294.5,0.3,27.2
2025-04-09 18:39:50,407.6,400.2,395.7,399.0,389.6,390.9,404.4,399.7,373.2,408.4,681.0,294.5,0.4,27.2
2025-04-09 18:39:55,407.2,399.6,396.0,398.5,389.6,390.7,404.3,399.9,373.5,408.3,681.3,294.2,0.9,27.2
2025-04-09 18:40:00,407.2,399.5,395.9,398.3,389.5,390.5,404.2,399.5,373.5,408.1,682.1,293.8,1.1,27.2
2025-04-09 18:40:05,407.0,399.4,395.7,398.2,389.0,390.1,404.2,399.6,373.0,407.9,682.2,293.5,1.2,27.2
2025-04-09 18:40:10,406.9,399.3,395.4,397.8,388.6,390.0,403.7,399.4,372.5,407.2,682.0,292.7,1.1,27.2
2025-04-09 18:40:15,406.3,399.0,394.7,397.4,388.0,389.6,402.7,399.0,371.6,406.9,681.7,292.3,1.1,27.2
2025-04-09 18:40:20,405.1,398.7,394.0,396.4,387.1,388.9,401.7,398.2,370.8,405.7,680.2,291.4,1.0,27.2
2025-04-09 18:40:25,404.6,398.3,392.7,395.9,386.4,387.7,400.9,397.4,370.3,404.9,678.9,291.1,0.9,27.2
2025-04-09 18:40:30,402.9,397.8,391.8,395.2,385.1,386.7,399.5,396.9,370.1,404.0,677.0,290.2,0.7,27.2
2025-04-09 18:40:35,402.4,396.3,390.5,394.4,383.8,385.5,398.4,396.0,369.0,402.6,674.4,289.4,0.6,27.2
2025-04-09 18:40:40,401.1,395.0,388.7,392.4,382.2,384.8,396.8,393.6,366.9,401.1,672.1,287.4,0.6,27.2
2025-04-09 18:40:45,399.4,392.8,387.3,390.9,380.8,383.8,396.3,392.7,365.9,399.1,668.9,286.3,0.5,27.2
2025-04-09 18:40:50,398.3,391.7,386.8,389.2,379.7,381.7,395.6,391.2,364.9,398.2,667.9,285.2,0.4,27.2
2025-04-09 18:40:55,397.5,391.4,386.4,389.2,379.7,381.5,395.1,390.1,364.3,398.0,668.0,284.8,0.4,27.2
2025-04-09 18:41:00,397.4,390.7,386.3,387.8,379.4,380.7,395.1,389.8,364.5,398.8,672.3,284.5,0.5,27.2
2025-04-09 18:41:05,397.3,390.1,386.7,388.4,380.2,381.2,396.6,391.7,366.2,400.3,677.0,284.7,0.4,27.2
2025-04-09 18:41:10,397.9,390.9,387.9,389.6,381.8,382.9,398.1,392.0,366.2,401.4,680.1,285.1,0.4,27.2
2025-04-09 18:41:15,399.0,392.1,388.9,391.3,383.0,383.6,398.8,393.8,368.5,402.6,684.0,285.8,0.4,27.2
2025-04-09 18:41:20,400.2,393.5,389.8,391.9,384.0,384.9,399.9,394.7,369.4,403.6,686.5,286.6,0.4,27.2
2025-04-09 18:41:25,401.0,395.1,390.4,392.9,384.5,385.6,399.9,395.3,369.5,403.9,687.8,287.3,0.4,27.2
2025-04-09 18:41:30,401.1,395.7,390.2,393.1,384.2,385.6,399.4,395.4,369.2,403.3,686.9,287.4,0.3,27.3
2025-04-09 18:41:35,400.8,395.6,390.2,393.1,383.9,385.3,398.9,394.9,368.7,402.7,686.4,286.9,0.2,27.3
2025-04-09 18:41:40,400.0,395.3,389.7,392.6,383.1,384.6,398.6,394.4,367.9,402.4,686.4,286.3,0.1,27.3
2025-04-09 18:41:45,399.4,394.5,388.8,391.9,382.4,384.2,398.3,394.2,367.3,402.0,686.2,286.0,0.0,27.3
2025-04-09 18:41:50,398.3,394.3,388.4,391.5,381.9,383.8,397.9,393.0,366.4,400.8,684.6,285.2,0.0,27.3
2025-04-09 18:41:55,397.5,393.2,386.9,390.8,381.3,383.1,396.4,392.5,365.6,399.6,682.6,283.8,0.0,27.3
2025-04-09 18:42:00,397.1,393.0,386.2,390.2,380.5,382.5,395.6,391.4,365.2,399.1,682.5,283.2,0.0,27.3
2025-04-09 18:42:05,396.3,391.7,385.6,389.8,380.3,381.9,395.6,390.9,364.9,399.6,685.1,282.8,0.0,27.4
2025-04-09 18:42:10,396.1,391.6,385.9,390.0,380.7,382.1,395.8,391.6,365.6,400.5,688.3,283.1,0.1,27.4
2025-04-09 18:42:15,396.6,392.2,386.6,390.1,382.1,382.7,396.0,391.8,366.0,401.0,689.8,283.4,0.1,27.4
2025-04-09 18:42:20,397.5,392.9,387.4,390.8,382.7,383.3,397.7,393.3,367.2,401.6,692.8,283.8,0.2,27.4
2025-04-09 18:42:25,398.4,393.6,388.0,391.4,383.1,383.9,397.8,393.6,367.7,401.8,693.4,284.0,0.3,27.4
2025-04-09 18:42:30,399.1,394.1,388.6,391.8,383.2,384.6,398.2,394.0,367.6,402.1,695.1,284.4,0.3,27.4
2025-04-09 18:42:35,399.1,394.5,388.9,392.0,383.3,384.7,398.4,394.1,367.5,402.1,695.6,284.2,0.3,27.4
2025-04-09 18:42:40,399.5,395.5,389.3,392.3,383.4,384.7,398.4,394.2,367.4,402.1,697.4,284.0,0.3,27.4
2025-04-09 18:42:45,399.7,396.0,389.4,392.7,383.5,384.7,398.1,394.4,367.3,402.2,697.9,283.9,0.3,27.5
2025-04-09 18:42:50,399.9,395.8,389.2,393.0,383.4,384.7,398.2,394.0,367.5,402.2,698.3,283.9,0.2,27.5
2025-04-09 18:42:55,399.6,395.3,388.9,392.5,383.1,384.7,397.8,393.9,367.2,401.8,698.3,283.6,0.2,27.5
2025-04-09 18:43:00,399.2,394.0,388.6,392.2,382.7,384.2,397.3,393.2,366.7,401.5,698.7,283.3,0.1,27.5
2025-04-09 18:43:05,398.7,393.2,388.3,391.9,382.0,383.9,397.1,392.9,366.3,401.0,698.5,283.1,0.1,27.6
2025-04-09 18:43:10,398.5,392.5,387.8,390.8,381.6,383.4,396.4,392.3,365.2,400.5,697.9,282.6,0.0,27.6
2025-04-09 18:43:15,398.3,391.4,387.2,390.0,380.9,382.6,395.8,391.7,364.7,400.1,697.5,282.0,0.2,27.6
2025-04-09 18:43:20,398.1,390.5,386.7,389.7,380.0,381.9,395.0,390.9,364.2,399.3,697.4,281.8,0.5,27.6
2025-04-09 18:43:25,397.2,388.8,386.4,389.3,379.3,381.4,394.7,390.6,363.7,398.9,696.7,281.3,1.0,27.6
2025-04-09 18:43:30,396.9,387.8,385.7,388.8,378.9,380.8,394.6,390.2,363.2,398.6,696.5,281.0,0.9,27.6
2025-04-09 18:43:35,395.9,385.7,385.4,387.9,378.5,379.8,394.1,390.0,362.7,397.6,695.8,280.1,0.7,27.6
2025-04-09 18:43:40,395.4,384.2,384.9,387.6,377.9,379.4,393.3,389.9,362.2,397.0,695.1,279.5,0.6,27.6
2025-04-09 18:43:45,395.0,381.3,384.4,387.3,377.4,379.3,393.1,389.5,362.1,396.8,695.3,279.3,0.7,27.6
2025-04-09 18:43:50,395.4,379.6,383.9,386.8,377.0,379.0,392.4,388.8,361.4,396.1,694.5,278.4,0.7,27.7
2025-04-09 18:43:55,394.9,376.3,383.3,386.1,376.6,378.8,392.1,388.7,360.7,395.8,694.5,278.3,0.8,27.7
2025-04-09 18:44:00,394.3,373.7,382.8,385.7,375.8,378.4,391.4,388.3,360.1,395.2,694.0,278.1,1.2,27.7
2025-04-09 18:44:05,393.1,370.2,381.9,385.3,375.6,378.4,391.3,387.9,360.2,394.6,693.5,277.7,1.8,27.7
2025-04-09 18:44:10,392.4,368.4,381.7,385.0,375.0,377.8,390.4,387.4,359.8,393.9,693.1,276.5,1.6,27.7
2025-04-09 18:44:15,391.2,362.4,380.6,384.5,374.0,377.5,389.8,386.7,359.3,393.6,693.1,276.2,1.4,27.7
2025-04-09 18:44:20,390.9,358.6,380.3,384.3,373.5,376.7,389.2,385.7,359.1,393.2,693.1,275.9,1.2,27.7
2025-04-09 18:44:25,390.6,355.6,379.9,383.8,373.1,376.2,388.6,385.0,358.5,392.9,692.7,275.6,1.0,27.7
2025-04-09 18:44:30,390.4,351.4,379.7,383.4,372.7,376.0,388.0,384.6,358.0,392.2,692.1,274.6,0.9,27.7
2025-04-09 18:44:35,390.4,345.9,379.3,383.3,372.3,375.6,387.6,383.9,357.5,391.5,692.4,274.4,0.8,27.7
2025-04-09 18:44:40,389.9,339.7,378.6,383.0,372.1,374.7,387.2,383.8,356.6,391.2,692.0,273.9,0.7,27.7
2025-04-09 18:44:45,389.3,333.7,378.1,382.8,371.7,374.0,386.6,383.7,356.7,390.9,692.2,273.6,0.5,27.7
2025-04-09 18:44:50,388.6,326.3,377.6,382.0,371.0,373.2,386.5,383.4,356.5,390.5,692.2,273.3,0.5,27.7
2025-04-09 18:44:55,388.0,319.8,377.4,381.2,370.6,373.0,385.9,383.1,355.7,390.1,691.9,272.6,1.0,27.7
2025-04-09 18:45:00,387.4,312.7,376.9,380.7,370.3,373.1,385.7,382.8,355.6,389.6,691.5,272.0,1.8,27.7
2025-04-09 18:45:05,387.4,307.9,376.8,380.8,370.5,372.9,385.5,382.4,355.3,388.9,690.8,271.4,1.8,27.7
2025-04-09 18:45:10,387.4,299.4,376.6,380.6,370.4,372.1,385.6,381.1,354.6,388.6,690.6,270.9,1.6,27.7
2025-04-09 18:45:15,386.8,291.6,377.4,379.0,370.1,371.0,385.3,380.7,354.3,388.2,690.5,270.7,1.9,27.7
2025-04-09 18:45:20,386.6,283.2,377.1,378.8,369.5,369.8,384.6,379.9,353.6,387.6,690.2,270.5,2.1,27.7
2025-04-09 18:45:25,386.7,276.2,376.4,378.2,368.8,370.3,383.6,379.5,353.2,387.1,690.0,270.1,1.8,27.7
2025-04-09 18:45:30,386.0,267.0,375.8,377.5,368.5,369.4,383.4,379.5,353.2,386.7,689.4,269.5,1.8,27.7
2025-04-09 18:45:35,385.0,257.9,375.6,376.9,367.4,369.1,382.4,379.0,353.0,386.5,689.4,269.1,2.5,27.7
2025-04-09 18:45:40,384.7,249.5,375.2,376.4,366.9,368.5,381.9,379.1,352.5,386.1,689.2,268.5,2.6,27.7
2025-04-09 18:45:45,384.2,239.3,374.4,376.3,366.6,368.4,381.5,379.0,352.2,385.5,689.0,267.4,2.5,27.7
2025-04-09 18:45:50,383.6,234.9,373.5,376.3,366.5,368.3,381.3,378.4,351.4,385.1,688.9,267.4,2.1,27.7
2025-04-09 18:45:55,383.5,227.4,372.8,376.1,366.3,368.1,381.0,377.6,350.9,384.6,688.7,267.2,2.0,27.7
2025-04-09 18:46:00,382.7,218.6,372.4,375.8,365.9,367.8,380.1,377.5,349.9,384.1,688.6,266.7,1.4,27.7
2025-04-09 18:46:05,382.3,209.9,372.2,375.4,365.5,367.1,379.5,376.8,349.4,383.8,688.3,266.0,1.2,27.7
2025-04-09 18:46:10,382.1,200.3,371.6,374.4,365.0,366.4,379.2,376.1,349.2,383.5,688.0,265.7,1.2,27.7
2025-04-09 18:46:15,381.4,191.9,371.4,374.4,364.5,365.7,378.8,375.5,348.8,383.0,687.8,265.3,1.2,27.7
2025-04-09 18:46:20,380.9,185.7,371.1,374.1,364.0,364.9,378.1,374.4,348.3,382.7,687.6,264.6,1.5,27.7
2025-04-09 18:46:25,380.1,177.0,370.3,373.1,362.7,364.4,377.6,373.9,348.1,382.2,687.2,263.7,1.3,27.7
2025-04-09 18:46:30,379.6,169.7,369.5,372.0,362.3,363.1,376.9,373.7,347.8,381.8,686.9,263.0,1.2,27.7
2025-04-09 18:46:35,379.1,167.0,368.5,371.4,362.0,362.9,376.6,373.6,347.0,381.1,686.2,262.1,1.3,27.7
2025-04-09 18:46:40,378.5,157.9,368.1,371.3,361.6,362.4,375.8,372.3,347.1,380.6,685.8,261.8,1.4,27.7
2025-04-09 18:46:45,378.4,149.6,367.6,370.9,360.6,361.8,375.4,371.9,346.4,380.3,685.5,261.8,1.7,27.7
2025-04-09 18:46:50,377.9,143.0,367.4,370.4,360.2,361.5,374.9,371.2,345.8,379.6,684.9,261.2,1.7,27.7
2025-04-09 18:46:55,377.3,138.7,366.4,369.5,359.7,360.9,374.8,370.9,345.4,379.0,684.8,261.2,1.5,27.7
2025-04-09 18:47:00,377.2,136.3,366.3,368.9,359.6,361.0,374.2,370.9,345.7,378.5,684.3,260.6,1.6,27.7
2025-04-09 18:47:05,376.8,131.3,365.6,369.0,359.3,360.6,373.5,370.5,345.1,378.2,684.3,260.4,2.1,27.7
2025-04-09 18:47:10,376.3,125.7,365.3,369.2,359.2,360.3,373.0,370.1,344.7,377.8,684.0,260.3,2.6,27.7
2025-04-09 18:47:15,375.9,122.5,364.9,369.2,358.5,359.9,372.0,369.4,343.8,377.7,683.9,259.7,2.7,27.7
2025-04-09 18:47:20,375.5,119.5,364.5,369.0,358.4,359.6,371.6,369.0,343.1,376.8,683.1,258.9,2.6,27.7
2025-04-09 18:47:25,374.9,116.7,364.2,368.3,358.0,359.1,371.2,368.7,342.4,376.5,683.1,258.8,2.8,27.7
2025-04-09 18:47:30,374.2,113.4,364.5,367.4,357.5,358.4,370.7,368.7,342.0,376.0,682.5,258.2,2.8,27.7
2025-04-09 18:47:35,374.1,112.1,364.3,366.6,357.1,357.7,370.5,367.9,341.2,375.4,682.2,257.8,2.3,27.7
2025-04-09 18:47:40,373.7,109.2,363.4,366.1,356.6,357.2,370.4,367.5,341.0,375.2,682.2,256.8,2.4,27.7
2025-04-09 18:47:45,373.2,107.4,362.8,366.1,356.3,357.3,369.8,366.7,340.6,374.9,682.6,256.4,2.6,27.7
2025-04-09 18:47:50,372.7,106.1,362.3,365.4,356.1,356.4,369.5,366.4,340.5,374.5,682.8,256.2,2.2,27.7
2025-04-09 18:47:55,372.1,104.2,361.7,364.7,355.7,356.4,369.2,366.6,339.8,374.2,682.4,255.7,2.0,27.7
2025-04-09 18:48:00,371.8,103.5,361.2,364.7,355.0,356.0,368.9,366.3,339.3,373.9,682.8,255.0,2.1,27.6
2025-04-09 18:48:05,371.4,103.1,360.9,364.6,354.7,355.3,368.2,366.2,338.9,373.7,682.9,254.6,2.1,27.6
2025-04-09 18:48:10,370.9,101.8,360.3,364.2,353.9,355.1,367.8,365.3,338.4,373.5,682.8,254.0,2.1,27.6
2025-04-09 18:48:15,370.2,101.4,359.8,363.7,354.0,355.0,367.4,365.6,338.2,373.1,682.7,253.7,1.9,27.6
2025-04-09 18:48:20,369.7,101.1,359.7,363.6,353.6,354.2,366.9,365.0,337.4,372.7,682.5,253.3,1.7,27.6
2025-04-09 18:48:25,369.2,100.5,359.3,363.4,353.4,353.7,366.5,364.6,337.2,372.3,682.3,252.6,1.8,27.6
2025-04-09 18:48:30,369.0,99.9,358.7,362.9,353.0,353.2,366.3,364.3,336.8,372.1,682.2,252.5,1.9,27.6
2025-04-09 18:48:35,369.0,99.3,358.3,362.3,352.8,352.9,365.9,363.7,336.6,371.3,681.7,251.9,1.8,27.5
2025-04-09 18:48:40,368.5,99.3,358.0,362.0,352.4,352.5,365.5,363.3,336.3,371.0,681.5,251.8,1.7,27.5
2025-04-09 18:48:45,368.1,99.0,357.6,361.7,352.1,351.8,365.3,362.8,335.9,370.6,681.6,251.6,1.6,27.5
2025-04-09 18:48:50,367.5,98.8,357.4,361.2,351.8,351.4,364.9,362.0,335.7,370.3,681.5,251.1,1.6,27.5
2025-04-09 18:48:55,366.9,98.5,357.1,360.3,351.6,351.1,364.3,361.1,335.0,369.8,681.2,250.5,1.4,27.5
2025-04-09 18:49:00,366.5,98.0,356.5,359.9,351.1,350.7,364.0,361.0,334.4,369.3,680.9,249.7,1.1,27.5
2025-04-09 18:49:05,366.0,98.1,356.2,360.0,350.2,350.3,363.7,360.5,333.7,368.9,681.0,249.1,1.2,27.5
2025-04-09 18:49:10,366.0,98.0,355.9,359.8,350.0,349.8,363.2,360.0,333.8,368.5,680.9,248.6,1.6,27.5
2025-04-09 18:49:15,365.6,97.8,355.0,359.0,349.0,349.3,362.5,359.4,333.4,368.1,680.6,248.4,1.6,27.5
2025-04-09 18:49:20,365.0,97.4,354.5,358.5,348.6,349.1,361.8,359.0,332.7,367.5,680.4,247.7,1.3,27.5
2025-04-09 18:49:25,364.4,97.2,354.0,358.2,348.0,348.5,361.4,358.9,332.6,367.3,680.4,247.3,1.2,27.4
2025-04-09 18:49:30,363.9,96.9,353.4,357.8,347.6,348.0,360.9,358.4,332.6,367.0,680.3,247.0,1.1,27.4
2025-04-09 18:49:35,363.3,96.7,353.1,356.9,347.2,347.7,360.4,358.1,332.1,366.6,680.4,246.7,1.3,27.4
2025-04-09 18:49:40,362.8,96.5,353.2,356.6,346.9,347.3,360.4,358.1,332.1,366.1,680.1,247.1,1.2,27.4
2025-04-09 18:49:45,362.7,96.2,353.0,356.2,346.5,347.2,360.4,358.4,332.0,365.7,680.1,246.5,1.1,27.4
2025-04-09 18:49:50,362.3,96.2,352.9,355.8,346.4,346.9,361.1,357.7,331.8,365.2,679.7,246.2,1.0,27.4
2025-04-09 18:49:55,362.0,96.1,352.7,355.4,346.0,346.8,360.4,357.3,331.2,364.7,679.5,245.5,1.0,27.4
2025-04-09 18:50:00,361.7,95.9,351.9,355.5,345.8,347.1,360.0,356.8,331.1,364.4,679.2,245.1,1.0,27.4
2025-04-09 18:50:05,361.4,95.9,351.1,355.1,345.5,346.7,358.4,356.5,330.5,363.9,678.8,244.3,2.0,27.3
2025-04-09 18:50:10,360.7,95.6,351.1,355.2,344.9,345.6,357.9,356.2,329.7,363.5,678.9,243.9,2.4,27.3
2025-04-09 18:50:15,360.5,95.3,351.2,354.1,344.5,345.2,358.4,355.4,328.9,362.9,678.2,243.8,2.5,27.3
2025-04-09 18:50:20,359.8,94.9,350.8,353.4,344.1,344.5,357.9,355.1,328.3,362.6,677.9,243.4,2.3,27.2
2025-04-09 18:50:25,359.0,94.8,350.0,352.7,343.8,343.7,357.8,354.5,327.6,362.0,677.3,242.9,2.1,27.2
2025-04-09 18:50:30,358.4,94.9,349.7,352.1,343.6,343.3,357.2,354.2,327.4,361.7,677.1,242.7,1.8,27.2
2025-04-09 18:50:35,358.1,94.7,349.3,351.8,343.1,343.0,356.9,353.2,326.7,361.3,676.9,242.2,2.0,27.2
2025-04-09 18:50:40,357.8,94.7,348.9,351.4,342.5,342.7,356.0,352.3,326.0,360.9,676.6,242.1,1.8,27.1
2025-04-09 18:50:45,357.2,94.6,348.4,351.3,341.8,342.4,355.8,351.9,325.9,360.5,676.5,241.9,1.7,27.1
2025-04-09 18:50:50,357.4,94.6,347.8,350.9,340.9,341.5,354.4,351.5,325.4,360.1,676.5,241.7,1.5,27.1
2025-04-09 18:50:55,356.6,94.5,347.6,350.7,340.6,341.4,354.0,351.1,324.9,359.7,676.0,241.0,1.5,27.1
2025-04-09 18:51:00,355.6,94.5,347.2,350.5,339.8,340.7,353.5,350.3,324.1,359.2,675.7,240.2,1.7,27.1
2025-04-09 18:51:05,355.3,94.8,346.2,349.8,338.9,340.4,353.0,349.8,324.0,358.9,675.6,239.2,1.7,27.1
2025-04-09 18:51:10,354.9,94.9,345.8,349.5,338.7,339.9,352.3,349.3,324.3,358.3,675.3,238.7,1.6,27.1
2025-04-09 18:51:15,354.1,94.7,345.2,349.0,338.3,339.6,351.9,349.1,323.7,358.0,675.1,238.2,1.4,27.1
2025-04-09 18:51:20,354.0,94.3,345.1,348.7,338.2,339.3,351.8,349.4,323.1,357.5,675.1,238.2,1.4,27.1
2025-04-09 18:51:25,353.7,94.2,344.6,348.7,337.4,338.9,351.6,349.0,322.6,357.0,674.8,237.8,1.1,27.1
2025-04-09 18:51:30,353.1,94.1,344.1,348.4,337.1,338.9,351.0,348.6,322.6,356.6,674.8,237.4,0.9,27.1
2025-04-09 18:51:35,352.8,93.7,343.6,347.8,336.6,338.4,350.3,348.3,322.3,356.4,674.6,237.1,0.8,27.1
2025-04-09 18:51:40,353.0,93.2,342.9,347.7,336.2,337.7,350.3,348.0,321.8,355.8,674.4,236.7,0.9,27.1
2025-04-09 18:51:45,352.5,92.9,342.5,347.1,335.9,337.4,349.9,347.7,321.6,355.7,674.4,236.1,1.2,27.0
2025-04-09 18:51:50,351.8,92.6,342.3,346.7,335.4,336.8,349.7,347.3,321.6,355.3,674.5,235.4,1.3,27.0
2025-04-09 18:51:55,351.5,92.2,342.1,346.4,335.1,336.7,349.0,346.8,320.7,354.9,674.4,234.8,1.3,27.0
2025-04-09 18:52:00,351.3,92.1,341.7,345.7,334.9,336.5,348.8,346.7,320.4,354.7,674.3,234.6,1.1,27.0
2025-04-09 18:52:05,350.6,92.2,341.3,345.6,334.6,335.9,348.3,346.1,319.9,354.4,674.3,234.1,0.9,27.0
2025-04-09 18:52:10,350.0,92.2,340.9,345.2,334.1,335.6,347.8,345.9,319.7,354.1,674.3,233.9,0.9,27.0
2025-04-09 18:52:15,349.8,92.0,340.6,344.2,334.0,335.5,347.9,345.2,319.0,353.8,674.4,233.7,0.8,26.9
2025-04-09 18:52:20,350.0,91.8,340.4,343.9,333.7,335.0,347.5,344.8,318.6,353.4,674.0,233.3,0.7,26.9
2025-04-09 18:52:25,349.8,91.8,340.2,343.8,333.3,334.4,346.9,344.0,318.1,352.9,673.7,233.0,0.6,26.9
2025-04-09 18:52:30,349.5,91.5,339.3,343.5,332.7,333.9,346.4,343.7,317.5,352.4,673.6,231.8,0.5,26.9
2025-04-09 18:52:35,348.7,91.4,338.8,343.3,332.6,333.4,346.0,343.3,317.1,352.0,673.5,231.6,0.4,26.9
2025-04-09 18:52:40,348.5,91.1,338.4,342.7,332.1,333.2,345.5,342.7,316.6,351.7,673.4,231.3,0.3,26.9
2025-04-09 18:52:45,348.0,91.0,338.4,342.4,331.6,332.8,345.1,342.1,316.3,351.2,673.2,230.8,0.2,26.9
2025-04-09 18:52:50,347.6,90.8,338.0,342.0,331.1,332.2,344.7,341.5,315.9,351.0,673.0,230.5,0.2,26.9
2025-04-09 18:52:55,347.4,90.6,337.4,341.4,330.5,331.4,344.2,341.1,315.7,350.2,672.1,230.0,0.1,27.0
2025-04-09 18:53:00,346.9,90.4,337.2,341.0,330.1,331.0,343.9,340.9,315.5,350.0,672.5,229.9,0.0,27.0
2025-04-09 18:53:05,346.1,90.2,336.5,340.4,329.4,330.8,343.5,340.6,315.1,349.8,672.5,229.9,0.1,27.0
2025-04-09 18:53:10,345.5,89.9,336.0,339.8,329.0,330.3,343.3,340.5,314.8,349.4,672.8,229.3,0.3,27.0
2025-04-09 18:53:15,344.9,89.6,335.7,339.3,328.7,329.8,343.2,339.9,314.3,349.3,672.2,228.8,0.3,27.0
2025-04-09 18:53:20,344.7,89.4,335.5,338.9,328.2,329.4,342.7,339.5,314.2,348.7,672.3,228.2,0.7,27.0
2025-04-09 18:53:25,344.3,89.1,335.2,338.5,327.8,329.2,342.1,338.9,314.0,348.3,671.8,227.9,1.1,27.0
2025-04-09 18:53:30,344.2,89.0,334.9,338.3,327.6,329.1,341.9,338.5,313.6,347.6,671.6,227.4,1.4,27.0
2025-04-09 18:53:35,343.4,88.7,334.2,338.2,327.4,328.8,341.7,338.2,313.0,347.2,671.0,227.0,1.8,27.1
2025-04-09 18:53:40,343.1,88.7,333.8,337.8,327.2,328.6,341.3,338.6,312.5,346.9,670.8,226.5,1.7,27.1
2025-04-09 18:53:45,342.7,88.6,333.5,337.6,326.9,328.4,340.9,338.4,311.8,346.2,670.4,226.1,1.6,27.1
2025-04-09 18:53:50,342.4,88.7,333.1,337.3,326.3,327.7,340.8,337.3,311.4,345.8,669.9,225.7,1.2,27.1
2025-04-09 18:53:55,341.7,88.7,332.8,336.9,325.8,327.1,340.7,336.9,311.0,345.7,669.9,225.7,1.2,27.1
2025-04-09 18:54:00,341.2,88.5,332.5,336.3,325.3,326.9,339.9,336.4,310.6,345.0,670.1,225.2,1.2,27.1
2025-04-09 18:54:05,341.1,88.5,331.9,336.2,325.4,326.4,339.3,335.7,310.0,344.8,669.4,224.8,1.2,27.1
2025-04-09 18:54:10,340.6,88.6,330.8,335.9,325.0,326.2,339.0,335.0,309.7,344.3,668.9,224.4,1.2,27.1
2025-04-09 18:54:15,340.3,89.0,330.4,335.5,324.4,325.7,338.4,334.8,309.0,343.7,668.1,223.8,1.2,27.1
2025-04-09 18:54:20,339.9,89.4,329.8,334.8,323.7,325.1,337.1,334.1,308.4,343.1,668.1,223.4,1.0,27.1
2025-04-09 18:54:25,339.6,89.6,329.4,334.5,323.5,324.9,337.1,333.5,307.8,342.6,667.9,222.8,0.9,27.1
2025-04-09 18:54:30,339.0,90.4,329.3,333.8,322.9,324.5,336.8,333.2,307.5,342.1,667.8,222.5,0.8,27.1
2025-04-09 18:54:35,338.7,91.2,329.1,333.5,322.3,324.4,336.2,333.0,307.0,341.9,667.3,222.0,0.8,27.1
2025-04-09 18:54:40,338.0,92.3,328.7,332.9,321.7,323.7,335.3,332.5,306.5,341.5,667.1,221.7,0.7,27.1
2025-04-09 18:54:45,337.7,94.2,328.6,332.4,321.2,323.2,334.8,332.1,306.2,340.8,666.8,221.7,0.7,27.1
2025-04-09 18:54:50,337.3,95.5,327.8,332.0,320.5,322.9,334.6,331.8,305.9,340.5,666.6,221.1,0.6,27.1
2025-04-09 18:54:55,336.4,97.7,327.3,331.5,319.8,322.2,334.2,331.3,305.1,340.1,666.1,220.5,0.7,27.1
2025-04-09 18:55:00,336.2,99.3,326.9,331.2,319.7,322.0,334.1,330.4,304.7,339.7,666.1,219.9,0.8,27.1
2025-04-09 18:55:05,335.5,102.5,326.3,330.9,319.3,322.0,333.6,330.1,304.0,339.4,665.9,219.4,0.7,27.1
2025-04-09 18:55:10,335.2,105.4,325.7,330.6,318.9,321.7,333.2,329.8,303.7,338.8,665.5,219.1,0.6,27.1
2025-04-09 18:55:15,335.2,106.8,325.6,330.4,318.5,321.4,332.6,329.8,303.4,338.3,665.2,218.5,0.6,27.1
2025-04-09 18:55:20,334.8,110.5,325.1,330.3,317.9,320.7,332.2,329.0,302.9,337.9,664.6,218.2,0.7,27.1
2025-04-09 18:55:25,334.4,116.6,324.6,329.9,317.5,320.3,331.7,328.7,302.5,337.4,664.2,217.8,0.7,27.1
2025-04-09 18:55:30,334.0,119.1,324.3,329.2,317.1,319.6,331.2,328.4,302.4,337.2,664.3,217.4,0.6,27.1
2025-04-09 18:55:35,333.7,122.9,324.1,328.7,316.5,319.3,330.8,328.1,301.8,336.4,663.6,217.0,0.5,27.2
2025-04-09 18:55:40,333.2,127.4,323.7,328.2,316.1,318.7,330.1,327.4,301.5,336.3,663.2,216.6,0.5,27.2
2025-04-09 18:55:45,332.4,133.8,323.1,327.8,315.5,318.3,329.5,327.1,301.1,335.8,663.1,216.0,0.5,27.1
2025-04-09 18:55:50,332.0,139.3,322.8,327.4,315.0,317.9,329.1,326.3,299.7,335.2,662.7,215.3,1.0,27.1
2025-04-09 18:55:55,331.6,145.4,322.8,326.8,315.0,317.7,328.9,326.0,299.8,335.0,662.7,214.9,1.6,27.1
2025-04-09 18:56:00,331.4,151.6,322.1,325.6,314.3,317.2,328.1,325.2,299.4,334.4,662.3,214.6,1.7,27.2
2025-04-09 18:56:05,330.9,157.5,321.9,325.2,313.9,316.9,327.9,324.8,299.0,334.1,662.0,214.1,1.6,27.2
2025-04-09 18:56:10,329.8,162.4,321.7,324.8,313.5,316.4,327.9,324.9,298.7,333.7,661.7,213.6,1.3,27.2
2025-04-09 18:56:15,329.5,171.4,320.9,324.2,313.4,315.8,327.4,324.6,298.5,333.4,661.8,213.3,1.3,27.2
2025-04-09 18:56:20,329.4,174.9,320.7,324.2,313.2,315.5,326.9,324.2,298.1,333.0,661.6,213.0,1.3,27.2
2025-04-09 18:56:25,329.1,186.4,320.4,323.7,313.0,315.3,326.9,323.8,297.6,332.6,661.3,212.7,1.2,27.2
2025-04-09 18:56:30,329.0,193.6,319.7,323.6,312.7,314.8,326.6,323.5,297.4,332.1,661.1,212.4,0.9,27.2
2025-04-09 18:56:35,328.7,199.1,319.4,323.0,312.0,314.5,326.0,322.8,297.1,331.8,661.1,212.0,1.1,27.2
2025-04-09 18:56:40,328.0,206.2,318.9,322.4,311.6,313.9,326.0,322.6,296.6,331.3,660.9,211.4,1.1,27.2
2025-04-09 18:56:45,327.6,212.2,318.7,322.3,311.0,313.0,325.7,322.1,296.2,331.1,660.9,211.4,1.0,27.2
2025-04-09 18:56:50,326.8,221.0,318.1,321.2,310.9,313.1,325.2,321.6,295.8,330.6,660.7,210.9,0.8,27.1
2025-04-09 18:56:55,326.5,227.8,318.0,320.9,310.6,313.0,324.8,321.2,295.3,330.1,660.0,210.7,0.6,27.2
2025-04-09 18:57:00,325.9,236.7,318.0,321.0,310.3,312.9,324.5,321.3,295.0,329.7,659.7,210.3,0.6,27.2
2025-04-09 18:57:05,325.4,243.6,317.5,320.4,309.4,312.2,323.8,320.8,294.2,329.2,659.5,209.9,0.8,27.2
2025-04-09 18:57:10,325.1,249.9,317.1,320.1,308.9,311.7,323.0,320.4,293.7,328.7,658.9,209.5,1.2,27.2
2025-04-09 18:57:15,324.9,254.3,316.7,319.9,308.9,311.5,322.6,320.0,293.5,328.2,658.5,209.1,1.4,27.2
2025-04-09 18:57:20,324.2,263.0,316.0,319.6,308.2,310.9,322.3,319.6,293.3,327.8,658.4,208.8,1.6,27.1
2025-04-09 18:57:25,324.4,266.2,315.9,319.1,307.7,310.9,322.2,319.0,293.5,327.4,658.4,208.5,1.6,27.2
2025-04-09 18:57:30,323.7,273.0,315.3,318.7,307.2,310.5,321.6,318.6,293.0,327.1,658.1,207.8,1.2,27.1
2025-04-09 18:57:35,323.2,277.9,314.9,318.4,306.8,310.1,321.4,318.0,292.5,327.0,658.3,207.7,1.2,27.1
2025-04-09 18:57:40,322.5,284.2,314.7,318.2,306.7,310.2,321.0,317.8,292.3,326.6,658.3,207.0,0.9,27.1
2025-04-09 18:57:45,322.0,288.0,314.3,317.6,306.1,309.4,320.6,317.9,291.7,326.2,658.0,206.5,0.9,27.1
2025-04-09 18:57:50,321.6,291.1,313.8,317.4,305.8,309.2,319.9,317.5,291.5,325.9,657.8,206.2,1.3,27.1
2025-04-09 18:57:55,320.9,296.3,313.5,317.1,305.5,309.1,319.4,317.1,290.8,325.4,657.5,205.8,1.9,27.1
2025-04-09 18:58:00,320.8,299.1,313.2,316.9,305.3,309.1,319.2,316.4,290.5,325.1,657.5,205.6,2.0,27.1
2025-04-09 18:58:05,320.4,300.9,313.0,316.6,304.9,308.8,318.8,316.0,290.4,324.6,656.9,205.1,1.8,27.1
2025-04-09 18:58:10,320.2,303.5,312.5,316.1,304.3,308.5,318.2,315.4,289.8,324.2,656.7,204.7,2.0,27.1
2025-04-09 18:58:15,319.8,306.2,312.4,315.7,303.8,307.9,317.7,314.9,289.5,323.8,656.4,204.3,2.2,27.1
2025-04-09 18:58:20,319.7,307.1,312.0,315.4,303.5,307.2,317.6,314.6,289.3,323.2,656.0,204.0,2.1,27.1
2025-04-09 18:58:25,319.3,308.5,311.6,315.0,303.2,306.6,317.1,314.5,288.8,322.9,656.0,203.6,1.9,27.0
2025-04-09 18:58:30,318.8,309.8,311.4,314.8,302.8,305.8,316.9,314.2,288.2,322.7,656.0,203.4,1.7,27.0
2025-04-09 18:58:35,318.2,310.9,310.7,314.2,302.2,305.3,316.4,313.7,288.2,322.2,655.8,203.0,1.7,27.0
2025-04-09 18:58:40,317.9,311.7,310.2,314.1,301.9,305.2,316.1,313.1,288.2,321.7,655.1,202.7,1.4,27.1
2025-04-09 18:58:45,317.5,312.3,310.1,313.6,301.6,304.8,315.8,312.7,288.0,321.3,655.1,202.3,1.4,27.0
2025-04-09 18:58:50,316.8,312.6,309.6,313.3,301.3,304.4,315.2,311.6,287.3,320.8,654.8,202.1,1.3,27.0
2025-04-09 18:58:55,316.3,312.7,309.1,312.9,300.8,303.8,314.8,311.4,286.8,320.5,655.2,201.6,1.2,27.0
2025-04-09 18:59:00,316.3,312.7,308.3,312.4,300.1,303.3,314.5,311.4,286.1,320.3,655.0,201.4,1.1,27.0
2025-04-09 18:59:05,316.1,312.9,308.2,311.8,299.5,303.0,314.1,311.0,285.7,319.9,655.1,201.1,0.8,27.0
2025-04-09 18:59:10,315.6,312.7,307.6,311.5,299.1,302.5,313.7,310.7,285.4,319.6,654.7,200.4,0.7,27.0
2025-04-09 18:59:15,315.2,312.3,307.2,311.1,298.4,301.9,313.1,310.2,285.2,319.4,654.6,199.8,0.7,27.0
2025-04-09 18:59:20,314.9,312.1,306.9,310.9,298.2,301.8,313.1,309.7,284.6,318.6,653.9,199.2,0.8,27.0
2025-04-09 18:59:25,314.3,311.9,306.8,310.6,298.0,301.5,313.0,309.4,284.1,318.4,653.8,198.5,0.8,27.0
2025-04-09 18:59:30,313.9,311.5,306.7,309.9,297.7,300.8,312.6,308.7,283.8,317.9,653.8,198.0,0.7,27.0
2025-04-09 18:59:35,313.7,311.4,306.0,309.3,297.5,300.4,311.9,308.5,283.8,317.8,653.5,197.6,0.9,27.0
2025-04-09 18:59:40,313.1,311.2,305.5,309.1,297.3,299.8,311.6,308.2,283.8,317.5,653.8,197.2,1.0,27.0
2025-04-09 18:59:45,312.7,311.1,305.1,308.3,296.7,299.6,311.1,307.7,283.1,316.9,653.3,196.8,0.9,27.0
2025-04-09 18:59:50,311.8,310.2,303.8,308.1,296.5,299.1,310.9,307.2,282.8,316.4,652.9,196.7,0.8,27.0
2025-04-09 18:59:55,311.2,309.6,304.0,307.5,295.9,298.8,310.6,306.8,282.1,316.0,652.6,196.5,0.7,27.0
2025-04-09 19:00:00,310.6,309.2,303.8,307.4,295.5,298.8,310.2,306.5,281.6,315.5,652.0,196.2,0.7,27.0
2025-04-09 19:00:05,310.1,308.9,303.5,306.8,294.9,298.3,310.0,306.4,281.5,315.3,651.7,195.9,0.9,27.0
2025-04-09 19:00:10,309.8,308.6,302.8,306.6,294.5,297.9,309.6,306.2,280.9,314.7,651.6,195.5,0.9,27.0
2025-04-09 19:00:15,309.5,308.2,302.4,306.5,294.3,297.7,308.5,305.4,280.9,314.2,650.9,195.3,0.8,27.0
2025-04-09 19:00:20,309.3,307.9,302.2,306.4,294.0,297.5,308.1,304.9,280.9,313.6,650.3,194.9,0.6,27.0
2025-04-09 19:00:25,309.5,307.2,301.6,305.7,293.4,296.9,307.7,304.5,280.6,313.2,650.2,194.5,0.5,27.0
2025-04-09 19:00:30,309.5,306.9,301.4,305.4,293.4,296.4,307.3,304.0,280.2,312.8,650.0,194.1,0.5,27.0
2025-04-09 19:00:35,308.7,306.7,300.8,304.9,292.8,295.7,306.4,303.4,279.6,312.5,650.0,193.5,0.3,27.0
2025-04-09 19:00:40,307.8,306.2,300.5,304.3,292.6,295.4,306.1,303.2,279.1,312.1,649.8,193.0,0.1,27.0
2025-04-09 19:00:45,307.5,306.0,300.0,303.4,291.6,294.7,305.8,303.1,278.6,311.8,649.6,192.7,0.1,27.0
2025-04-09 19:00:50,307.0,305.8,299.7,303.1,291.1,294.1,305.4,302.5,278.3,311.2,648.9,192.3,0.5,27.0
2025-04-09 19:00:55,306.8,305.4,299.3,302.9,291.0,293.6,304.9,301.9,277.8,310.7,648.7,192.0,0.7,27.0
2025-04-09 19:01:00,306.0,304.8,299.0,302.4,290.6,293.4,304.6,301.6,277.4,310.3,648.1,191.2,0.8,27.0
2025-04-09 19:01:05,305.4,304.7,298.8,301.9,290.2,293.2,303.9,301.1,276.9,310.0,648.1,190.8,1.0,27.0
2025-04-09 19:01:10,305.1,304.4,298.4,301.6,289.9,293.0,303.7,300.8,276.6,309.6,647.9,190.2,1.1,27.0
2025-04-09 19:01:15,304.7,303.7,297.9,301.1,289.3,292.5,303.3,300.2,276.5,309.2,647.6,189.8,1.1,27.0
2025-04-09 19:01:20,304.2,303.4,297.5,300.6,288.9,291.9,303.1,299.7,276.1,308.7,647.0,189.4,1.1,27.0
2025-04-09 19:01:25,304.2,303.1,297.1,299.8,288.5,291.1,302.5,299.4,275.6,308.1,646.6,188.8,1.0,27.0
2025-04-09 19:01:30,303.6,302.6,296.6,299.6,288.2,290.9,302.6,299.3,275.6,307.7,646.4,188.4,0.8,27.0
2025-04-09 19:01:35,303.4,302.4,296.4,299.2,287.8,290.5,302.1,298.7,274.9,307.3,646.2,188.4,0.8,27.0
2025-04-09 19:01:40,302.8,302.3,295.8,298.6,287.6,290.0,301.8,298.2,274.6,306.8,645.3,187.7,1.4,27.0
2025-04-09 19:01:45,302.5,302.1,295.4,298.4,287.1,289.8,301.6,297.6,274.4,306.5,645.0,187.5,1.4,27.1
2025-04-09 19:01:50,302.3,301.5,294.7,298.0,286.4,289.0,301.1,297.1,274.2,306.2,644.9,187.4,1.4,27.0
2025-04-09 19:01:55,301.7,301.4,294.5,297.7,286.0,288.5,301.0,296.6,273.4,305.8,644.7,187.3,1.3,27.1
2025-04-09 19:02:00,301.2,300.8,294.2,297.5,285.9,288.4,300.6,296.1,272.8,305.6,644.9,186.8,1.4,27.1
2025-04-09 19:02:05,300.8,300.1,293.7,296.8,285.6,288.2,300.0,295.6,272.6,305.1,644.7,186.4,1.4,27.1
2025-04-09 19:02:10,300.5,299.7,293.2,296.5,285.4,287.6,299.6,295.2,271.7,304.8,644.4,186.0,1.3,27.1
2025-04-09 19:02:15,300.0,299.3,292.9,296.4,285.3,287.5,299.4,294.8,271.7,304.3,643.8,185.6,1.2,27.1
2025-04-09 19:02:20,299.7,298.8,293.1,295.7,284.5,287.3,298.9,294.2,271.0,303.9,643.7,185.4,1.4,27.1
2025-04-09 19:02:25,299.7,298.6,292.8,295.3,284.3,286.9,297.9,293.7,270.4,303.4,643.4,185.3,1.5,27.1
2025-04-09 19:02:30,299.3,298.6,292.3,295.1,283.8,286.9,298.0,293.6,270.1,303.0,642.6,184.7,1.5,27.1
2025-04-09 19:02:35,298.7,298.3,292.3,294.8,283.1,286.7,297.7,293.2,269.6,302.6,643.0,184.4,1.5,27.1
2025-04-09 19:02:40,298.7,298.1,292.1,294.9,282.6,286.1,297.8,292.7,269.3,302.3,643.1,184.0,1.6,27.0
2025-04-09 19:02:45,298.0,297.7,291.4,294.8,282.3,285.5,296.8,292.2,268.9,301.9,643.1,183.4,1.6,27.1
2025-04-09 19:02:50,297.5,297.7,290.6,294.0,281.9,285.0,296.1,291.7,268.6,301.6,642.8,183.2,1.6,27.1
2025-04-09 19:02:55,296.3,297.0,290.0,292.6,281.3,284.1,295.8,291.6,268.4,301.2,642.5,182.6,1.4,27.0
2025-04-09 19:03:00,296.1,296.4,289.6,292.6,280.7,283.2,295.2,291.4,268.4,300.8,642.1,181.9,1.4,27.0
2025-04-09 19:03:05,295.7,295.8,289.3,292.2,280.2,282.8,294.7,291.0,268.2,300.3,641.8,181.5,1.4,27.0
2025-04-09 19:03:10,295.3,295.1,288.8,291.6,280.0,282.6,294.5,291.2,268.0,299.8,641.1,180.9,1.5,27.0
2025-04-09 19:03:15,294.9,294.6,288.5,290.9,279.6,282.2,294.1,291.0,267.9,299.3,641.0,180.3,1.5,27.0
2025-04-09 19:03:20,294.8,294.4,288.4,290.8,279.1,282.0,293.7,290.2,267.8,298.9,640.7,180.0,1.5,27.0
2025-04-09 19:03:25,294.2,293.8,287.7,290.4,278.9,282.3,293.2,289.7,267.0,298.5,639.8,179.5,1.5,27.0
2025-04-09 19:03:30,293.5,293.2,287.0,290.1,278.9,281.6,293.0,288.9,266.8,298.0,639.2,179.3,1.4,27.0
2025-04-09 19:03:35,293.3,293.1,286.7,289.9,278.4,280.7,292.8,288.3,266.7,297.7,639.0,179.3,1.2,27.0
2025-04-09 19:03:40,293.2,292.7,286.6,289.4,277.7,280.2,292.4,288.1,266.4,297.4,638.9,179.1,1.1,26.9
2025-04-09 19:03:45,292.8,292.5,286.4,289.2,277.6,279.9,292.0,287.8,265.3,297.0,638.8,178.9,1.2,27.0
2025-04-09 19:03:50,292.1,291.7,285.6,288.8,277.1,279.6,292.1,287.2,265.1,296.4,638.2,178.2,1.1,26.9
2025-04-09 19:03:55,291.5,291.1,285.5,288.3,276.8,279.2,291.3,286.7,264.4,295.8,637.4,177.6,1.3,26.9
2025-04-09 19:04:00,291.3,290.7,285.3,287.4,276.5,278.8,291.4,286.4,263.8,295.4,636.7,177.3,1.5,26.9
2025-04-09 19:04:05,291.0,290.3,285.2,287.0,276.3,278.1,290.6,286.0,263.1,295.1,636.7,176.7,1.5,26.9
2025-04-09 19:04:10,290.8,290.1,284.8,286.5,275.8,277.7,290.2,285.4,263.1,294.7,636.4,176.3,1.7,26.9
2025-04-09 19:04:15,290.5,289.7,284.8,286.3,275.6,277.4,290.1,285.2,263.2,294.3,635.8,175.8,1.7,26.9
2025-04-09 19:04:20,290.6,289.6,284.3,286.0,275.3,277.1,289.9,285.3,262.9,293.9,635.9,175.6,1.9,26.9
2025-04-09 19:04:25,290.4,289.5,284.2,285.6,274.8,276.8,289.5,285.2,262.5,293.6,636.1,175.1,1.9,26.9
2025-04-09 19:04:30,289.5,289.4,283.6,285.0,274.2,276.5,289.6,284.6,261.8,293.4,635.5,174.6,2.0,26.9
2025-04-09 19:04:35,289.3,288.5,283.4,284.4,273.8,276.5,289.4,284.1,261.0,293.1,635.9,174.3,1.6,26.9
2025-04-09 19:04:40,288.9,288.2,283.1,284.1,273.7,275.8,288.9,283.6,261.1,292.6,635.5,174.1,1.6,26.8
2025-04-09 19:04:45,288.4,288.2,282.7,283.7,273.6,275.5,288.4,283.4,260.8,292.2,634.8,173.6,1.6,26.8
2025-04-09 19:04:50,288.4,287.9,282.0,283.4,273.2,275.1,287.8,282.8,260.5,292.1,634.8,173.5,1.6,26.8
2025-04-09 19:04:55,288.1,287.5,281.5,283.2,272.7,274.8,286.7,282.2,259.9,291.4,635.0,173.3,1.2,26.8
2025-04-09 19:05:00,287.8,287.0,281.4,282.9,272.3,274.2,286.7,281.8,259.7,291.2,634.6,172.7,1.0,26.8
2025-04-09 19:05:05,287.2,286.2,281.0,282.3,271.7,274.2,286.6,281.6,259.8,291.0,634.4,172.5,0.9,26.8
2025-04-09 19:05:10,286.9,286.0,280.6,282.0,271.2,273.7,285.7,280.8,258.9,290.4,633.5,172.0,1.0,26.8
2025-04-09 19:05:15,286.3,285.3,280.4,281.6,270.8,273.4,285.0,280.6,258.6,290.2,633.3,171.7,1.0,26.8
2025-04-09 19:05:20,285.5,284.5,279.7,281.4,270.7,272.9,284.7,280.1,258.3,289.7,633.7,171.2,1.1,26.8
2025-04-09 19:05:25,285.0,284.1,279.1,280.7,269.9,272.4,284.3,279.7,257.7,289.2,632.9,170.8,1.0,26.8
2025-04-09 19:05:30,285.2,283.9,279.0,280.6,269.6,272.2,284.2,279.3,257.7,288.7,632.2,170.2,0.8,26.8
2025-04-09 19:05:35,284.9,283.5,278.3,280.0,268.7,271.9,283.5,279.4,257.7,288.3,632.0,169.8,0.6,26.8
2025-04-09 19:05:40,284.8,282.8,277.9,279.7,268.2,271.5,283.0,279.2,257.7,287.8,631.8,169.4,0.6,26.8
2025-04-09 19:05:45,284.5,282.5,277.8,279.2,268.1,270.9,282.6,279.5,256.6,287.4,631.0,168.9,0.6,26.8
2025-04-09 19:05:50,284.0,281.8,277.3,278.9,267.7,270.7,282.5,279.0,256.2,287.1,631.0,168.9,0.6,26.8
2025-04-09 19:05:55,283.6,281.2,276.7,278.6,267.6,270.3,282.0,278.3,256.0,287.0,631.1,168.6,0.6,26.8
2025-04-09 19:06:00,282.8,280.3,276.1,277.8,267.0,269.9,281.2,277.8,255.8,286.3,630.6,167.9,0.6,26.8
2025-04-09 19:06:05,282.3,279.8,275.6,277.8,266.6,269.7,281.1,277.5,255.8,285.9,630.3,167.8,1.7,26.8
2025-04-09 19:06:10,281.9,279.4,275.2,277.6,266.7,270.0,280.5,277.6,255.7,285.8,629.9,167.2,1.8,26.8
2025-04-09 19:06:15,281.5,279.0,275.4,277.8,266.5,269.7,280.5,277.2,255.2,285.4,629.8,167.0,1.7,26.8
2025-04-09 19:06:20,281.0,278.5,275.1,278.1,266.4,269.6,280.1,276.7,254.5,285.3,629.9,166.7,1.6,26.8
2025-04-09 19:06:25,280.5,278.3,275.1,277.7,265.6,269.5,279.8,275.9,254.1,284.9,629.7,166.4,1.7,26.9
2025-04-09 19:06:30,280.2,278.0,274.8,277.5,265.1,268.8,279.3,275.1,253.7,284.7,629.7,166.0,1.8,26.9
2025-04-09 19:06:35,280.0,277.6,274.6,276.8,264.7,268.5,279.1,275.1,253.4,284.2,629.4,165.3,1.9,26.9
2025-04-09 19:06:40,279.4,277.3,273.7,276.1,264.2,267.6,278.5,274.6,252.8,284.0,629.3,165.0,1.6,26.9
2025-04-09 19:06:45,279.3,276.9,273.3,275.0,264.0,267.2,278.0,274.1,252.3,283.5,628.6,164.5,1.5,26.9
2025-04-09 19:06:50,279.4,276.6,273.0,274.9,263.5,266.1,277.5,273.3,251.6,282.8,627.8,164.4,1.5,26.8
2025-04-09 19:06:55,279.3,276.9,272.8,274.8,263.1,265.3,277.3,273.4,251.2,282.6,627.8,164.0,1.3,26.8
2025-04-09 19:07:00,278.8,277.1,272.6,274.0,262.7,265.2,277.3,272.9,251.1,282.3,627.7,163.5,1.1,26.8
2025-04-09 19:07:05,278.1,276.8,272.4,273.1,262.3,265.1,276.9,272.6,251.0,281.9,627.4,163.5,0.9,26.8
2025-04-09 19:07:10,277.5,276.1,272.0,272.9,262.1,264.8,276.5,272.7,250.9,281.5,627.2,163.1,1.0,26.8
2025-04-09 19:07:15,277.3,275.7,271.4,272.5,262.0,264.4,276.5,272.5,250.4,281.3,627.4,162.9,1.0,26.8
2025-04-09 19:07:20,277.4,275.5,271.3,272.2,261.4,264.3,276.0,272.0,249.8,281.0,627.2,162.4,1.0,26.8
2025-04-09 19:07:25,276.9,275.0,271.0,272.0,261.3,263.9,275.4,271.3,249.6,280.5,626.4,161.8,0.9,26.8
2025-04-09 19:07:30,276.3,275.0,270.8,271.4,260.8,263.5,275.5,270.7,249.3,280.2,626.4,161.2,1.4,26.8
2025-04-09 19:07:35,276.1,274.5,270.4,271.3,260.3,263.0,274.8,270.4,249.1,279.9,626.2,160.9,1.7,26.8
2025-04-09 19:07:40,276.2,273.8,269.8,270.9,259.9,262.6,274.5,270.5,248.7,279.6,626.1,160.8,1.7,26.8
2025-04-09 19:07:45,276.1,273.2,269.3,270.4,259.8,262.3,274.1,269.6,248.1,279.3,626.1,160.6,1.4,26.8
2025-04-09 19:07:50,276.1,272.5,268.9,269.9,259.3,261.8,273.8,269.5,247.9,278.9,626.1,160.3,1.2,26.8
2025-04-09 19:07:55,275.0,272.0,268.5,269.5,258.6,261.3,273.2,269.0,247.6,278.7,625.9,160.1,1.1,26.8
2025-04-09 19:08:00,274.5,271.4,268.1,269.3,258.3,261.0,272.7,268.9,247.4,278.4,625.6,159.9,1.2,26.8
2025-04-09 19:08:05,273.7,271.1,267.6,269.0,257.8,260.4,272.5,268.6,246.7,277.9,625.1,159.5,1.3,26.8
2025-04-09 19:08:10,273.4,271.0,267.1,268.7,257.3,260.1,272.5,268.4,246.4,277.5,624.8,159.1,1.1,26.8
2025-04-09 19:08:15,273.1,270.8,266.8,268.6,256.9,259.9,271.9,267.6,245.9,277.0,624.5,158.8,1.0,26.8
2025-04-09 19:08:20,272.8,270.7,266.5,268.3,256.2,259.8,271.6,267.3,245.7,276.7,624.5,158.4,0.8,26.8
2025-04-09 19:08:25,272.6,270.6,266.2,268.1,255.9,259.2,270.8,267.0,245.2,276.4,624.5,157.9,0.7,26.8
2025-04-09 19:08:30,272.6,270.2,265.7,267.7,255.5,258.9,270.5,267.0,244.7,276.1,623.9,157.5,0.6,26.8
2025-04-09 19:08:35,272.1,269.4,265.1,267.5,255.2,258.6,270.1,266.4,244.4,275.6,623.8,156.9,0.8,26.8
2025-04-09 19:08:40,271.8,269.0,264.8,267.0,254.5,258.3,269.8,266.0,244.1,275.3,623.8,156.6,0.9,26.8
2025-04-09 19:08:45,271.4,268.5,264.3,266.8,254.4,258.3,269.6,265.8,243.9,275.1,623.5,156.1,0.8,26.8
2025-04-09 19:08:50,271.0,268.1,264.1,266.3,253.9,257.6,268.9,265.1,243.4,274.7,623.2,155.6,0.7,26.8
2025-04-09 19:08:55,270.5,267.7,263.3,265.9,253.3,256.9,268.4,264.9,243.0,274.3,622.6,155.1,0.7,26.8
2025-04-09 19:09:00,270.0,267.6,263.0,265.4,252.7,256.2,267.9,264.2,242.6,273.7,621.9,154.7,0.6,26.8
2025-04-09 19:09:05,269.8,267.1,262.6,264.8,252.7,255.7,267.4,263.8,242.2,273.3,622.0,154.1,0.4,26.8
2025-04-09 19:09:10,269.7,266.7,262.1,264.2,252.3,255.3,266.9,263.2,241.8,273.2,621.8,153.9,0.4,26.8
2025-04-09 19:09:15,269.0,266.1,261.6,263.7,251.6,254.8,266.4,262.8,241.0,272.5,620.5,153.6,0.3,26.8
2025-04-09 19:09:20,268.4,265.9,261.2,263.3,251.1,254.4,266.0,262.5,240.7,272.0,620.4,153.2,0.3,26.8
2025-04-09 19:09:25,268.3,265.4,260.7,262.8,250.5,254.1,265.9,262.3,240.6,271.8,620.2,152.8,0.3,26.8
2025-04-09 19:09:30,267.7,264.9,260.4,262.4,250.2,253.6,265.1,261.6,239.5,271.3,620.3,152.7,0.4,26.8
2025-04-09 19:09:35,267.3,264.3,260.0,261.9,249.9,253.1,264.6,261.4,239.3,271.0,619.7,152.2,0.5,26.8
2025-04-09 19:09:40,266.8,263.7,259.7,261.5,249.5,252.7,264.4,261.2,238.9,270.5,619.1,151.9,0.4,26.8
2025-04-09 19:09:45,266.3,262.9,259.1,261.0,248.7,252.1,263.9,260.7,238.4,270.2,619.1,151.5,0.4,26.8
2025-04-09 19:09:50,266.0,261.1,258.8,260.9,248.6,251.9,263.6,260.4,238.1,269.7,618.8,151.0,0.5,26.8
2025-04-09 19:09:55,265.5,262.7,258.2,260.4,247.9,251.5,263.0,259.9,237.9,269.3,618.3,150.7,0.7,26.8
2025-04-09 19:10:00,265.0,262.2,257.9,260.2,247.5,251.1,262.7,259.9,237.5,269.0,618.0,150.2,0.8,26.8
2025-04-09 19:10:05,264.7,262.0,257.6,260.0,247.2,250.9,262.2,259.6,237.1,268.4,617.6,149.8,1.0,26.8
2025-04-09 19:10:10,264.0,261.6,257.0,259.9,247.0,250.7,261.8,259.5,236.9,268.1,617.6,149.7,1.1,26.8
2025-04-09 19:10:15,263.9,261.5,256.8,259.5,246.9,250.5,261.4,259.3,236.4,267.6,617.1,149.6,1.1,26.8
2025-04-09 19:10:20,263.6,260.9,256.5,259.2,246.4,250.2,261.1,259.1,236.3,267.3,617.1,149.2,1.0,26.8
2025-04-09 19:10:25,263.3,260.7,256.2,259.1,246.4,250.1,260.8,258.7,235.9,266.9,616.9,148.9,0.9,26.8
2025-04-09 19:10:30,262.8,260.5,255.9,259.0,245.9,249.6,260.5,258.5,235.8,266.7,616.6,148.8,0.8,26.8
2025-04-09 19:10:35,262.5,260.4,255.7,258.8,245.8,249.5,260.0,258.1,235.5,266.2,616.6,148.3,0.8,26.8
2025-04-09 19:10:40,262.2,260.2,255.2,258.4,245.2,249.4,259.5,257.7,235.1,266.0,616.6,148.0,0.7,26.8
2025-04-09 19:10:45,262.0,260.0,254.8,258.1,241.8,249.1,259.1,257.2,234.9,265.5,616.1,147.5,0.5,26.8
2025-04-09 19:10:50,261.5,259.8,254.3,257.8,238.0,248.9,258.6,257.0,234.2,265.2,615.7,147.3,0.4,26.8
2025-04-09 19:10:55,261.2,259.4,254.1,257.4,235.9,248.6,258.4,256.4,234.3,264.7,615.4,146.7,0.4,26.8
2025-04-09 19:11:00,260.9,259.0,253.7,257.0,228.6,248.3,257.8,256.0,233.9,264.5,615.3,146.4,0.3,26.8
2025-04-09 19:11:05,260.8,258.7,253.5,256.7,218.5,247.8,257.7,255.4,233.6,264.2,615.2,146.0,0.3,26.8
2025-04-09 19:11:10,260.7,258.5,253.4,256.4,213.7,247.7,257.4,255.2,233.1,263.6,615.0,145.8,0.3,26.8
2025-04-09 19:11:15,260.3,258.3,253.1,256.1,205.3,247.5,257.1,254.7,232.4,263.3,614.7,145.3,0.5,26.8
2025-04-09 19:11:20,259.9,257.9,252.7,255.5,196.9,247.1,256.8,254.5,232.0,263.1,614.6,144.9,0.6,26.8
2025-04-09 19:11:25,259.3,257.6,252.3,254.7,186.2,246.7,256.6,254.1,231.4,262.5,614.5,144.6,0.8,26.8
2025-04-09 19:11:30,258.9,257.3,251.5,254.2,177.5,246.1,256.4,253.7,231.2,262.4,614.3,144.2,0.9,26.7
2025-04-09 19:11:35,258.5,256.7,251.1,254.0,173.0,245.9,256.2,253.6,230.7,261.9,614.0,143.7,1.1,26.7
2025-04-09 19:11:40,258.0,256.3,250.9,253.6,161.5,245.5,255.5,252.9,230.0,261.6,613.3,143.4,1.2,26.7
2025-04-09 19:11:45,257.9,255.8,250.6,253.2,147.3,244.7,254.6,252.2,229.4,261.0,612.5,143.0,1.1,26.7
2025-04-09 19:11:50,257.6,255.5,250.3,253.0,140.7,244.5,254.2,251.7,228.8,260.4,612.0,142.4,1.0,26.7
2025-04-09 19:11:55,256.9,255.2,250.0,252.6,130.8,243.9,254.0,251.3,228.5,260.0,612.0,141.9,0.9,26.7
2025-04-09 19:12:00,256.7,255.0,249.6,252.2,122.4,243.5,253.8,251.0,227.9,259.5,611.8,141.8,0.8,26.7
2025-04-09 19:12:05,256.1,254.4,249.3,251.4,111.2,242.7,253.1,250.4,227.3,259.1,611.5,141.2,0.8,26.7
2025-04-09 19:12:10,255.9,254.3,248.9,251.0,102.8,242.3,252.8,249.7,226.8,258.7,611.5,140.8,0.6,26.7
2025-04-09 19:12:15,255.6,253.6,248.6,250.5,93.4,241.8,252.2,249.2,226.2,258.4,611.3,140.5,0.5,26.7
2025-04-09 19:12:20,255.2,253.2,248.2,250.2,85.6,241.3,251.9,248.7,225.8,257.8,610.5,140.1,0.5,26.7
2025-04-09 19:12:25,254.8,252.7,247.9,249.9,79.2,241.0,251.7,248.4,225.6,257.6,610.1,139.9,0.4,26.7
2025-04-09 19:12:30,254.3,252.1,247.4,249.2,71.7,240.5,251.3,247.9,225.4,257.1,609.4,139.4,0.4,26.7
2025-04-09 19:12:35,253.8,251.8,247.1,248.7,66.3,240.1,250.9,247.5,224.9,256.8,609.3,139.0,0.3,26.7
2025-04-09 19:12:40,253.6,251.4,246.7,248.1,64.5,239.9,250.5,247.4,224.7,256.5,609.3,138.6,0.3,26.7
2025-04-09 19:12:45,253.2,251.2,246.3,248.0,59.5,239.2,250.4,246.8,224.2,256.1,609.4,138.2,0.2,26.7
2025-04-09 19:12:50,252.8,250.6,245.9,247.5,58.3,238.9,249.9,246.3,223.9,255.8,608.6,138.0,0.2,26.7
2025-04-09 19:12:55,252.5,250.5,245.4,247.4,58.3,238.6,249.6,246.0,223.6,255.4,609.2,137.5,0.2,26.7
2025-04-09 19:13:00,252.2,250.0,245.1,246.9,57.8,238.0,249.2,245.6,223.4,255.1,609.3,137.1,0.1,26.7
2025-04-09 19:13:05,252.0,250.0,245.0,246.9,57.8,237.8,248.9,245.4,223.0,254.7,609.0,136.9,0.1,26.7
2025-04-09 19:13:10,251.6,249.5,244.4,246.4,57.8,237.4,248.1,244.7,222.5,254.0,608.4,136.4,0.1,26.7
2025-04-09 19:13:15,251.3,249.1,244.2,246.0,57.6,237.1,247.7,244.7,222.1,253.8,607.9,136.1,0.1,26.7
2025-04-09 19:13:20,251.1,248.8,244.0,245.9,57.6,236.9,247.4,244.2,221.7,253.6,608.0,135.9,0.1,26.7
2025-04-09 19:13:25,250.5,248.3,243.5,245.5,57.5,236.4,247.0,243.6,221.3,253.2,607.5,135.5,0.0,26.7
2025-04-09 19:13:30,250.1,247.7,243.1,245.3,57.5,236.1,246.6,243.1,220.9,252.7,606.7,135.1,0.0,26.7
2025-04-09 19:13:35,249.7,247.1,242.3,244.8,57.5,235.6,246.1,242.8,220.7,252.3,606.4,134.4,0.1,26.7
2025-04-09 19:13:40,249.3,246.6,242.0,244.4,57.4,235.1,245.9,242.6,220.0,251.6,605.6,134.1,0.1,26.7
2025-04-09 19:13:45,248.8,246.2,241.6,244.3,57.4,234.9,245.7,242.5,219.7,251.3,605.3,133.7,0.2,26.7
2025-04-09 19:13:50,248.3,245.8,241.3,243.6,57.3,234.8,245.3,241.9,219.1,250.9,605.2,133.6,0.2,26.7
2025-04-09 19:13:55,247.8,245.7,241.1,243.3,57.2,234.0,245.1,241.6,218.7,250.6,604.8,133.4,0.4,26.7
2025-04-09 19:14:00,247.2,245.3,240.4,242.5,57.2,233.9,244.8,241.3,218.4,250.2,604.6,133.0,0.5,26.7
2025-04-09 19:14:05,246.9,245.0,240.0,242.2,57.0,233.6,244.6,240.8,218.1,250.1,604.7,132.7,0.5,26.7
2025-04-09 19:14:10,246.7,244.7,239.9,242.2,56.9,233.1,244.3,240.5,217.8,249.7,604.7,132.2,0.5,26.7
2025-04-09 19:14:15,246.2,243.9,239.5,242.0,56.7,232.7,243.7,240.2,217.5,249.3,604.6,131.9,0.5,26.7
2025-04-09 19:14:20,245.9,243.6,239.0,241.8,56.7,232.2,243.3,239.9,217.3,248.8,604.1,131.5,0.5,26.7
2025-04-09 19:14:25,245.6,243.2,238.8,241.3,56.7,232.0,242.8,239.6,217.3,248.5,604.1,131.2,0.5,26.7
2025-04-09 19:14:30,245.3,243.1,238.5,241.0,56.6,231.6,242.7,239.2,217.0,248.1,603.9,130.7,0.6,26.7
2025-04-09 19:14:35,245.2,242.7,238.2,240.6,56.4,231.2,242.3,238.8,216.8,248.0,603.8,130.5,0.6,26.7
2025-04-09 19:14:40,244.7,242.5,237.8,240.2,56.4,230.7,242.0,238.5,216.5,247.4,603.3,130.1,0.5,26.7
2025-04-09 19:14:45,244.4,242.2,237.7,239.9,56.4,230.4,241.6,238.2,215.9,247.0,603.0,129.6,0.5,26.7
2025-04-09 19:14:50,243.7,242.0,237.4,239.6,56.2,230.2,241.1,238.0,215.7,246.8,602.6,129.3,0.5,26.7
2025-04-09 19:14:55,243.3,241.7,237.2,239.0,56.1,229.6,240.6,237.4,215.3,246.4,602.1,129.0,0.6,26.7
2025-04-09 19:15:00,242.9,241.4,237.1,238.8,56.0,229.4,240.3,237.4,215.2,246.0,601.8,128.8,0.6,26.7
2025-04-09 19:15:05,242.6,241.4,236.9,238.3,55.9,229.2,240.0,237.2,215.1,245.5,601.3,128.7,0.6,26.7
2025-04-09 19:15:10,242.6,241.1,236.3,238.0,55.9,228.5,239.5,236.7,214.7,245.3,601.2,128.5,0.8,26.7
2025-04-09 19:15:15,242.4,240.9,235.9,237.8,55.8,228.3,239.1,236.2,214.1,245.0,600.5,128.4,0.8,26.7
2025-04-09 19:15:20,241.9,240.6,235.6,237.5,55.8,228.1,239.1,235.9,213.5,244.5,600.2,128.0,0.7,26.7
2025-04-09 19:15:25,241.2,240.5,235.3,237.0,55.7,227.7,239.0,235.6,213.0,244.2,600.2,127.7,0.7,26.7
2025-04-09 19:15:30,241.2,240.2,235.0,236.6,55.7,227.4,238.9,235.5,213.0,243.9,599.9,127.4,0.9,26.7
2025-04-09 19:15:35,241.1,240.0,234.6,236.5,55.6,227.3,238.4,234.8,212.8,243.6,599.9,127.2,1.1,26.7
2025-04-09 19:15:40,240.8,239.9,234.4,236.0,55.6,227.2,238.2,234.5,212.8,243.3,599.5,126.7,1.0,26.7
2025-04-09 19:15:45,240.2,239.9,234.1,235.8,55.5,227.0,237.6,234.4,212.6,242.9,599.1,126.5,0.8,26.7
2025-04-09 19:15:50,239.9,239.8,233.6,235.7,55.6,227.0,237.1,234.0,212.6,242.5,598.5,126.2,0.7,26.7
2025-04-09 19:15:55,239.6,239.6,233.4,235.7,55.8,226.9,236.9,233.7,212.4,242.2,598.4,126.1,0.7,26.7
2025-04-09 19:16:00,239.1,239.3,233.3,235.2,55.8,226.3,236.6,233.6,211.8,241.9,598.4,125.8,1.0,26.7
2025-04-09 19:16:05,238.9,238.9,233.0,234.9,55.6,225.7,236.3,233.4,211.3,241.7,598.1,125.3,0.9,26.7
2025-04-09 19:16:10,238.6,238.8,232.7,234.4,55.6,225.1,236.2,233.2,211.2,241.4,597.6,125.2,0.9,26.7
2025-04-09 19:16:15,238.4,238.3,232.3,233.9,55.5,224.7,235.8,232.9,210.8,241.0,597.2,125.2,0.9,26.7
2025-04-09 19:16:20,237.9,238.0,231.9,233.7,55.5,224.3,235.2,232.6,210.2,240.7,596.9,124.7,1.1,26.7
2025-04-09 19:16:25,237.4,237.6,231.6,233.3,55.5,224.2,235.2,232.1,210.0,240.3,596.3,124.1,1.1,26.7
2025-04-09 19:16:30,236.9,237.1,231.5,233.0,55.4,223.9,234.6,231.7,209.9,240.0,596.2,123.7,1.2,26.7
2025-04-09 19:16:35,236.5,237.2,231.4,232.7,55.4,223.8,234.3,231.5,209.5,239.6,595.7,123.3,1.2,26.7
2025-04-09 19:16:40,236.5,236.8,230.9,232.3,55.6,223.3,234.0,231.4,209.2,239.3,595.4,123.1,1.4,26.7
2025-04-09 19:16:45,236.0,236.4,230.5,232.1,55.7,222.9,233.9,230.9,209.1,239.1,594.7,122.7,1.3,26.6
2025-04-09 19:16:50,235.6,236.2,230.3,232.0,55.7,222.7,233.9,230.6,208.6,238.9,595.1,122.3,1.1,26.6
2025-04-09 19:16:55,235.1,235.6,230.2,231.4,55.8,222.0,233.5,229.9,208.1,238.5,594.7,122.1,1.7,26.6
2025-04-09 19:17:00,235.1,235.3,230.1,230.9,55.6,221.9,233.5,229.5,207.6,238.4,594.6,122.0,2.1,26.6
2025-04-09 19:17:05,234.7,234.9,229.7,230.5,55.5,221.5,233.1,228.9,207.4,238.0,594.0,121.8,1.9,26.6
2025-04-09 19:17:10,234.6,234.4,229.4,230.5,55.4,221.1,232.5,228.6,207.5,237.7,593.6,121.6,1.5,26.6
2025-04-09 19:17:15,234.4,234.0,229.1,229.8,55.2,221.1,232.3,228.4,207.4,237.4,593.1,121.4,1.3,26.6
2025-04-09 19:17:20,234.4,233.6,228.9,229.4,55.3,220.5,231.2,228.4,207.6,236.9,592.7,120.9,1.1,26.6
2025-04-09 19:17:25,234.3,233.2,228.5,229.6,55.3,220.2,230.9,228.8,206.9,236.6,592.5,120.6,1.2,26.6
2025-04-09 19:17:30,233.8,232.7,227.9,229.8,55.2,220.3,230.5,228.6,206.7,236.0,592.2,120.2,1.2,26.6
2025-04-09 19:17:35,233.2,232.6,227.5,229.8,55.2,220.0,230.5,228.1,206.4,235.6,591.5,119.9,1.4,26.6
2025-04-09 19:17:40,232.7,232.4,226.9,229.7,55.2,220.0,230.2,228.0,206.5,235.4,591.1,119.5,1.3,26.6
2025-04-09 19:17:45,232.5,232.1,226.7,228.8,55.0,219.2,229.7,227.8,206.7,235.1,591.0,119.5,1.4,26.6
2025-04-09 19:17:50,232.2,232.0,226.3,228.6,54.8,218.9,229.1,227.5,206.3,234.8,590.4,119.5,1.6,26.6
2025-04-09 19:17:55,231.7,231.8,226.1,228.5,54.8,218.6,228.8,227.0,205.8,234.5,589.9,119.1,1.8,26.6
2025-04-09 19:18:00,231.3,231.1,225.5,228.0,54.6,218.2,228.6,226.4,205.4,234.3,589.6,118.6,1.6,26.6
2025-04-09 19:18:05,231.1,230.9,225.3,227.9,54.6,218.3,228.1,226.4,205.1,233.9,589.5,118.2,1.6,26.6
2025-04-09 19:18:10,230.5,230.4,224.7,227.5,54.6,217.9,227.6,226.5,204.5,233.7,589.3,117.8,1.3,26.6
2025-04-09 19:18:15,230.1,230.2,224.4,227.1,54.6,217.9,227.4,226.0,204.3,233.5,589.6,117.7,1.1,26.6
2025-04-09 19:18:20,230.1,230.3,224.3,226.8,54.5,217.3,227.0,225.7,204.1,233.3,589.2,117.5,1.1,26.6
2025-04-09 19:18:25,229.8,230.5,224.2,226.5,54.4,216.9,226.7,225.0,203.6,232.9,588.6,117.1,0.9,26.6
2025-04-09 19:18:30,229.5,230.3,224.0,226.4,54.4,216.6,226.3,224.7,203.4,232.7,588.5,117.2,0.8,26.6
2025-04-09 19:18:35,228.7,229.9,223.7,225.9,54.3,216.2,226.1,224.5,203.1,232.2,588.2,117.0,0.9,26.6
2025-04-09 19:18:40,228.6,229.6,223.4,225.5,54.2,215.7,225.8,224.5,202.9,232.0,587.7,116.3,0.9,26.6
2025-04-09 19:18:45,228.4,229.1,222.9,225.1,54.2,215.3,225.8,224.2,202.8,231.9,587.6,116.2,1.2,26.6
2025-04-09 19:18:50,228.1,229.0,222.7,224.3,54.3,215.2,225.4,223.8,202.6,231.3,586.9,116.2,1.4,26.6
2025-04-09 19:18:55,227.6,228.5,222.4,224.2,54.2,215.2,225.0,223.3,202.2,231.1,586.6,116.2,1.4,26.6
2025-04-09 19:19:00,227.0,227.7,221.9,223.7,54.1,215.0,224.8,223.1,202.0,230.8,586.2,115.6,1.5,26.6
2025-04-09 19:19:05,226.8,227.3,221.5,223.5,54.1,214.6,224.3,222.5,201.7,230.5,586.1,115.4,1.3,26.6
2025-04-09 19:19:10,226.3,226.9,221.4,223.3,54.1,214.5,224.2,222.4,201.8,230.2,585.5,115.0,1.0,26.6
2025-04-09 19:19:15,226.0,226.5,221.0,222.6,54.1,213.8,223.5,221.8,201.3,229.9,585.2,114.7,1.2,26.6
2025-04-09 19:19:20,225.7,226.0,220.7,222.4,54.1,213.1,223.2,221.3,201.0,229.6,584.6,114.1,1.2,26.6
2025-04-09 19:19:25,225.5,225.6,220.4,222.2,54.1,212.8,222.9,221.3,200.6,229.3,584.5,113.6,1.1,26.6
2025-04-09 19:19:30,224.9,225.1,220.0,222.0,54.1,212.4,222.3,221.1,200.3,228.9,583.4,113.3,1.0,26.6
2025-04-09 19:19:35,224.8,225.0,219.7,221.6,53.9,212.0,222.3,220.8,199.9,228.6,583.3,113.2,1.2,26.6
2025-04-09 19:19:40,224.6,224.8,219.1,221.4,53.8,211.6,221.8,220.2,199.4,228.4,582.9,112.7,1.1,26.5
2025-04-09 19:19:45,224.3,224.8,218.7,220.9,53.6,211.4,221.3,219.7,198.7,227.9,582.5,112.6,1.0,26.5
2025-04-09 19:19:50,224.1,224.5,218.3,220.6,53.4,211.2,221.2,219.4,198.6,227.8,582.4,112.1,1.0,26.5
2025-04-09 19:19:55,223.4,224.2,218.1,220.1,53.3,210.6,221.1,218.8,198.1,227.2,581.9,111.9,0.9,26.5
2025-04-09 19:20:00,222.9,223.7,217.7,219.7,53.2,210.4,220.6,219.3,197.8,227.0,581.5,111.5,0.8,26.5
2025-04-09 19:20:05,222.3,223.2,217.4,219.5,53.3,209.9,220.2,219.1,197.6,226.5,580.6,111.1,0.7,26.5
2025-04-09 19:20:10,222.1,222.6,217.0,219.3,53.2,209.9,219.7,218.4,197.5,226.2,580.4,110.7,0.6,26.5
2025-04-09 19:20:15,221.9,222.5,216.8,219.0,53.1,210.0,219.2,217.9,197.4,225.8,580.0,110.3,0.5,26.5
2025-04-09 19:20:20,221.6,222.4,216.3,218.5,53.0,209.6,218.8,217.6,196.9,225.4,579.4,110.0,0.3,26.5
2025-04-09 19:20:25,221.1,221.8,215.6,218.2,52.9,209.2,218.1,217.4,196.5,225.2,579.0,109.5,0.2,26.5
2025-04-09 19:20:30,221.0,221.7,215.5,217.8,52.7,208.8,218.0,217.2,196.1,224.7,578.9,109.4,0.2,26.5
2025-04-09 19:20:35,220.5,221.5,215.5,217.7,52.7,208.4,217.9,217.0,195.8,224.6,578.4,109.0,0.3,26.5
2025-04-09 19:20:40,220.0,221.0,215.2,217.3,52.6,207.8,217.5,216.7,195.5,224.3,578.1,108.5,0.3,26.5
2025-04-09 19:20:45,219.8,220.7,214.9,216.8,52.5,207.6,217.0,216.2,195.5,223.9,577.5,108.2,0.3,26.5
2025-04-09 19:20:50,219.7,220.3,214.7,216.5,52.4,207.3,216.7,215.9,195.4,223.5,577.0,107.9,0.5,26.5
2025-04-09 19:20:55,219.6,220.2,214.3,216.1,52.4,207.1,216.6,215.6,195.3,223.1,576.6,107.8,0.9,26.5
2025-04-09 19:21:00,219.1,220.2,213.8,215.7,52.4,206.5,216.0,215.0,194.5,222.8,576.3,107.5,0.9,26.5
2025-04-09 19:21:05,218.4,220.0,213.5,215.5,52.2,206.1,215.8,214.4,194.0,222.4,575.8,107.4,0.8,26.5
2025-04-09 19:21:10,217.9,219.2,213.0,215.2,52.2,205.8,215.5,214.4,193.8,222.1,575.3,107.1,0.7,26.5
2025-04-09 19:21:15,217.7,218.8,212.4,214.7,52.2,205.6,215.6,214.3,193.7,221.8,575.0,106.9,0.6,26.5
2025-04-09 19:21:20,217.5,218.7,212.3,214.5,52.2,205.4,215.4,214.0,193.3,221.5,574.8,106.5,0.5,26.5
2025-04-09 19:21:25,216.9,218.5,211.8,214.7,52.1,205.2,214.7,213.5,193.0,221.2,574.4,106.3,0.3,26.5
2025-04-09 19:21:30,216.3,218.0,211.4,214.6,52.1,205.0,214.3,213.3,192.7,221.0,573.9,106.0,0.2,26.5
2025-04-09 19:21:35,215.9,217.6,211.0,214.4,52.1,204.6,213.8,213.1,192.6,220.8,573.9,105.7,0.3,26.5
2025-04-09 19:21:40,215.5,217.0,210.5,213.7,52.0,204.2,213.5,212.8,192.2,220.4,573.2,105.4,0.3,26.5
2025-04-09 19:21:45,215.2,216.7,210.3,213.2,52.0,203.9,213.1,212.3,191.9,220.0,572.8,105.1,0.3,26.5
2025-04-09 19:21:50,214.7,216.4,209.7,212.7,51.8,203.7,213.0,212.0,191.8,219.5,572.3,104.8,0.3,26.5
2025-04-09 19:21:55,214.7,216.2,209.3,212.2,51.8,203.3,212.6,211.6,191.5,219.2,572.1,104.4,0.2,26.5
2025-04-09 19:22:00,214.3,216.0,209.2,211.9,51.7,203.3,212.5,211.2,191.1,218.8,571.7,104.0,0.1,26.5
2025-04-09 19:22:05,214.0,215.4,208.7,211.3,51.6,202.7,212.1,210.9,190.9,218.4,571.1,103.7,0.1,26.5
2025-04-09 19:22:10,213.7,215.2,208.2,211.3,51.5,202.3,211.3,210.6,190.6,218.1,570.9,103.4,0.0,26.5
2025-04-09 19:22:15,213.5,214.9,207.9,211.1,51.6,201.9,211.0,210.5,190.0,217.9,570.3,103.0,0.0,26.5
2025-04-09 19:22:20,212.7,214.5,207.5,210.6,51.6,201.9,210.5,210.4,189.7,217.4,569.6,102.8,0.0,26.5
2025-04-09 19:22:25,212.6,214.2,207.3,210.4,51.5,201.7,210.3,209.9,189.5,217.1,569.4,102.6,0.0,26.5
2025-04-09 19:22:30,212.1,213.9,207.1,210.5,51.4,201.6,209.8,209.5,189.3,216.8,568.7,102.3,0.0,26.5
2025-04-09 19:22:35,211.6,213.3,206.9,210.0,51.3,201.3,209.6,209.2,188.8,216.5,568.7,102.0,0.0,26.5
2025-04-09 19:22:40,211.5,213.1,206.6,209.5,51.3,200.7,209.6,209.0,188.6,216.3,568.4,101.6,0.0,26.5
2025-04-09 19:22:45,211.0,212.9,206.1,209.2,51.2,200.2,209.3,208.3,188.0,215.9,568.1,100.9,0.1,26.5
2025-04-09 19:22:50,210.6,212.9,205.8,209.1,51.0,199.9,208.9,208.1,187.8,215.8,567.8,100.9,0.1,26.5
2025-04-09 19:22:55,210.1,212.4,205.4,208.4,50.9,199.4,208.6,207.5,187.5,215.3,567.0,100.5,0.1,26.5
2025-04-09 19:23:00,209.8,212.1,205.2,207.9,51.0,199.1,208.0,207.1,187.0,214.9,566.8,100.2,0.2,26.6
2025-04-09 19:23:05,209.4,211.6,204.9,207.3,50.9,198.9,207.9,206.9,186.9,214.8,566.5,100.0,0.1,26.5
2025-04-09 19:23:10,209.0,211.3,204.5,207.1,50.9,198.1,207.1,206.4,186.3,214.2,566.4,99.8,0.1,26.5
2025-04-09 19:23:15,208.7,210.8,204.1,206.7,50.7,197.9,206.6,206.3,186.1,214.0,565.6,99.7,0.0,26.5
2025-04-09 19:23:20,208.4,210.5,203.7,206.3,50.6,197.7,206.1,206.1,185.9,213.7,565.0,99.1,0.0,26.5
2025-04-09 19:23:25,208.1,210.2,203.6,206.1,50.5,197.5,205.8,206.0,185.5,213.4,564.8,98.8,0.0,26.5
2025-04-09 19:23:30,207.9,210.2,203.5,206.3,50.6,197.4,205.6,205.9,185.2,213.0,564.3,98.3,0.0,26.6
2025-04-09 19:23:35,207.5,210.3,202.8,206.3,50.4,196.7,205.0,205.6,184.7,212.7,563.8,98.1,0.0,26.5
2025-04-09 19:23:40,207.4,210.1,202.5,206.0,50.4,196.3,204.8,205.0,184.3,212.4,563.7,97.9,0.1,26.6
2025-04-09 19:23:45,206.8,209.7,202.0,205.6,50.3,196.1,204.3,204.6,183.9,212.0,562.7,97.6,0.2,26.6
2025-04-09 19:23:50,206.4,209.3,201.4,205.4,50.3,195.9,204.1,204.3,183.4,211.7,562.6,97.3,0.2,26.6
2025-04-09 19:23:55,206.3,208.9,201.2,204.8,50.3,195.5,203.9,203.7,183.1,211.1,562.8,97.0,0.2,26.6
2025-04-09 19:24:00,205.8,208.7,200.7,204.1,50.2,195.2,203.6,203.2,182.8,210.8,561.7,96.5,0.1,26.6
2025-04-09 19:24:05,205.5,208.0,200.4,203.7,50.2,194.7,202.9,202.8,182.5,210.4,560.9,96.2,0.1,26.6
2025-04-09 19:24:10,205.0,207.5,200.0,203.2,50.1,194.2,202.4,202.6,182.5,210.3,560.7,95.9,0.1,26.6
2025-04-09 19:24:15,204.7,207.0,199.7,202.8,50.1,193.7,202.1,201.9,182.0,209.7,559.6,95.4,0.1,26.6
2025-04-09 19:24:20,204.6,206.6,199.2,202.5,49.9,193.1,201.9,201.7,181.4,209.5,559.4,95.1,0.1,26.6
2025-04-09 19:24:25,203.9,206.4,198.9,202.4,49.9,193.0,201.6,201.7,181.2,209.0,558.6,94.6,0.1,26.6
2025-04-09 19:24:30,203.3,205.8,198.6,202.1,49.8,192.6,201.4,201.4,181.0,208.6,558.9,94.3,0.0,26.6
2025-04-09 19:24:35,203.0,205.6,198.5,201.8,49.7,192.4,201.3,200.8,180.9,208.3,558.6,94.0,0.0,26.6
2025-04-09 19:24:40,202.4,205.3,198.0,201.2,49.6,191.9,201.0,200.4,180.7,208.0,558.3,93.6,0.0,26.6
2025-04-09 19:24:45,202.2,205.0,197.6,200.8,49.6,191.6,200.9,199.9,180.4,207.8,558.1,93.4,0.0,26.6
2025-04-09 19:24:50,202.2,204.9,197.2,200.3,49.6,191.3,200.6,199.4,180.0,207.5,557.6,93.2,0.0,26.6
2025-04-09 19:24:55,201.6,204.7,196.8,199.8,49.6,191.0,200.3,199.1,179.6,207.0,557.5,93.0,0.0,26.6
2025-04-09 19:25:00,201.2,204.3,196.4,199.4,49.5,190.6,199.9,198.9,179.1,206.9,557.2,92.6,0.0,26.6
2025-04-09 19:25:05,200.5,203.8,196.0,199.1,49.3,190.5,199.5,198.6,179.0,206.6,557.2,92.2,0.0,26.6
2025-04-09 19:25:10,200.3,202.9,195.7,198.8,49.2,190.2,199.3,198.5,178.7,206.3,556.7,91.9,0.0,26.6
2025-04-09 19:25:15,199.8,202.2,195.0,198.8,49.1,190.1,199.1,198.1,178.4,206.0,556.3,91.6,0.0,26.6
2025-04-09 19:25:20,199.3,201.9,194.8,198.2,48.9,189.6,198.7,197.8,178.2,205.7,556.2,91.2,0.0,26.6
2025-04-09 19:25:25,199.0,201.4,194.5,197.9,48.9,189.2,198.4,197.6,178.2,205.4,556.1,91.1,0.0,26.7
2025-04-09 19:25:30,198.7,201.3,194.2,197.6,48.8,188.9,197.9,197.4,177.6,204.9,555.3,90.7,0.0,26.6
2025-04-09 19:25:35,198.2,201.1,193.8,197.4,48.8,188.7,197.6,197.0,177.4,204.5,554.7,90.3,0.0,26.7
2025-04-09 19:25:40,198.0,200.8,193.5,197.2,48.7,188.4,197.1,196.8,177.3,204.2,554.4,90.1,0.0,26.7
2025-04-09 19:25:45,197.7,200.4,193.3,197.1,48.7,188.0,196.7,196.4,176.9,203.7,553.8,89.7,0.0,26.7
2025-04-09 19:25:50,197.4,200.1,192.9,196.7,48.6,187.6,196.2,196.1,176.8,203.4,553.2,89.5,0.0,26.7
2025-04-09 19:25:55,197.3,199.7,192.6,196.3,48.7,187.1,196.0,195.9,176.5,203.2,553.2,89.4,0.0,26.7
2025-04-09 19:26:00,196.9,199.5,192.3,196.0,48.7,187.0,195.6,195.4,175.9,202.9,553.0,89.1,0.0,26.7
2025-04-09 19:26:05,196.7,199.1,191.8,195.7,48.6,186.6,195.1,195.0,175.6,202.5,552.6,88.8,0.0,26.7
2025-04-09 19:26:10,196.3,198.7,191.6,195.5,48.6,186.4,194.8,194.8,175.3,202.1,552.2,88.5,0.0,26.7
2025-04-09 19:26:15,195.9,198.6,191.5,195.0,48.5,186.0,194.4,194.3,175.2,201.8,551.9,88.2,0.0,26.7
2025-04-09 19:26:20,195.6,198.1,191.2,195.0,48.5,185.8,194.4,194.1,174.9,201.5,552.0,87.7,0.0,26.7
2025-04-09 19:26:25,195.3,197.7,190.6,194.6,48.4,185.5,193.7,193.4,174.4,201.2,551.5,87.5,0.0,26.7
2025-04-09 19:26:30,194.9,197.5,190.3,194.3,48.4,185.1,193.1,192.9,174.0,200.9,551.0,87.3,0.0,26.7
2025-04-09 19:26:35,194.6,197.3,190.0,194.1,48.3,184.8,192.8,192.7,173.7,200.6,551.1,87.0,0.0,26.8
2025-04-09 19:26:40,194.1,197.1,189.8,193.6,48.4,184.5,192.6,192.5,173.2,200.1,550.3,86.5,0.0,26.8
2025-04-09 19:26:45,194.1,197.0,189.3,193.4,48.3,184.0,192.3,192.3,173.0,199.7,549.5,86.3,0.0,26.8
2025-04-09 19:26:50,193.5,196.6,189.0,193.1,48.3,183.4,192.0,192.0,172.7,199.3,549.1,85.7,0.1,26.8
2025-04-09 19:26:55,192.9,196.1,188.8,192.8,48.4,183.1,191.7,191.7,172.3,199.0,549.0,85.4,0.2,26.8
2025-04-09 19:27:00,192.8,195.9,188.6,192.3,48.3,182.7,191.4,191.3,172.0,198.9,548.6,85.2,0.2,26.8
2025-04-09 19:27:05,192.5,195.8,188.2,192.1,48.3,182.3,191.1,190.8,171.6,198.4,548.4,84.9,0.2,26.8
2025-04-09 19:27:10,192.2,195.3,187.8,191.9,48.2,182.0,190.9,190.5,171.2,198.2,547.4,84.7,0.2,26.8
2025-04-09 19:27:15,191.9,195.1,187.6,191.5,48.1,181.4,190.5,190.1,170.9,197.9,547.1,84.4,0.2,26.8
2025-04-09 19:27:20,191.5,194.7,187.2,191.4,48.1,181.4,190.4,189.9,170.6,197.4,545.8,83.9,0.1,26.8
2025-04-09 19:27:25,191.3,194.3,186.8,190.9,48.2,181.3,190.1,189.8,170.4,197.2,545.4,83.7,0.1,26.8
2025-04-09 19:27:30,191.1,194.0,186.6,190.4,48.1,180.5,189.5,189.3,169.8,196.6,545.3,83.5,0.1,26.8
2025-04-09 19:27:35,190.6,194.2,186.2,190.0,48.1,180.2,188.9,189.0,169.5,196.4,545.1,83.2,0.1,26.8
2025-04-09 19:27:40,190.2,194.2,185.9,189.6,48.1,179.9,188.7,188.8,169.0,196.0,544.1,83.0,0.1,26.8
2025-04-09 19:27:45,190.2,194.1,185.7,189.4,48.0,179.8,188.2,188.5,168.7,195.8,544.0,82.8,0.1,26.8
2025-04-09 19:27:50,189.9,193.8,185.6,189.2,48.0,179.4,187.6,188.2,168.4,195.4,543.2,82.5,0.1,26.8
2025-04-09 19:27:55,189.2,193.2,185.3,188.9,47.9,179.2,187.5,187.7,168.1,195.1,543.4,82.2,0.1,26.8
2025-04-09 19:28:00,189.0,192.6,184.9,188.5,47.8,179.0,186.9,187.8,167.9,194.8,542.7,81.8,0.1,26.8
2025-04-09 19:28:05,188.8,192.3,184.7,188.3,47.7,178.7,186.7,187.7,167.5,194.6,542.7,81.6,0.1,26.8
2025-04-09 19:28:10,188.3,192.1,184.5,188.1,47.5,178.4,186.5,187.7,167.3,194.2,542.3,81.2,0.0,26.7
2025-04-09 19:28:15,188.1,191.8,184.2,187.9,47.5,178.2,186.0,187.3,167.0,194.0,542.1,81.1,0.0,26.8
2025-04-09 19:28:20,187.8,191.5,183.9,188.0,47.4,177.7,185.7,186.8,166.9,193.6,542.1,80.7,0.0,26.8
2025-04-09 19:28:25,187.6,191.2,183.7,187.7,47.2,177.4,185.3,186.4,166.7,193.5,541.9,80.4,0.0,26.7
2025-04-09 19:28:30,187.0,191.0,183.2,187.3,47.2,177.2,185.2,186.2,166.5,193.2,541.5,80.1,0.0,26.7
2025-04-09 19:28:35,186.7,191.0,183.0,186.7,47.0,176.7,184.6,185.8,166.0,192.9,541.0,79.8,0.0,26.7
2025-04-09 19:28:40,186.3,190.6,182.7,186.6,47.0,176.5,184.3,185.3,165.6,192.7,540.7,79.6,0.0,26.8
2025-04-09 19:28:45,186.0,190.2,182.5,186.4,47.0,176.3,184.0,185.1,165.2,192.2,539.9,79.3,0.0,26.8
2025-04-09 19:28:50,185.4,189.9,181.9,186.0,46.8,176.0,183.6,184.9,164.9,191.9,539.6,78.9,0.0,26.8
2025-04-09 19:28:55,185.3,189.9,181.8,185.7,46.7,175.7,183.4,184.5,164.6,191.4,539.1,78.8,0.0,26.8
2025-04-09 19:29:00,185.0,188.8,181.6,185.3,46.6,175.3,183.2,184.1,164.5,191.1,538.5,78.5,0.0,26.8
2025-04-09 19:29:05,184.4,188.5,181.3,184.9,46.5,174.7,183.0,183.7,164.3,190.7,538.1,78.2,0.1,26.8
2025-04-09 19:29:10,184.4,188.2,181.1,184.4,46.5,174.2,182.8,183.3,164.0,190.3,537.4,77.9,0.2,26.8
2025-04-09 19:29:15,184.2,187.6,180.6,184.0,46.5,174.1,182.6,182.9,163.8,190.1,537.2,77.6,0.1,26.8
2025-04-09 19:29:20,183.8,187.2,180.4,183.7,46.4,173.6,181.3,182.7,163.8,189.8,537.0,77.4,0.1,26.8
2025-04-09 19:29:25,183.4,186.3,180.2,183.4,46.4,173.4,178.6,182.5,163.7,189.3,536.0,76.9,0.1,26.8
2025-04-09 19:29:30,183.2,185.7,179.8,183.2,46.2,173.0,175.7,182.2,163.5,189.0,535.3,76.6,0.1,26.8
2025-04-09 19:29:35,182.8,185.4,179.2,182.8,46.2,172.6,171.5,182.0,163.0,188.7,534.9,76.3,0.1,26.9
2025-04-09 19:29:40,182.5,184.7,178.7,182.6,46.2,172.3,167.2,182.0,162.8,188.5,534.7,76.1,0.0,26.9
2025-04-09 19:29:45,182.3,184.2,178.5,182.4,46.1,172.4,162.2,182.0,162.5,188.2,534.5,76.3,0.0,26.8
2025-04-09 19:29:50,181.9,183.7,178.3,182.0,46.1,172.4,158.6,181.6,162.4,187.9,533.7,76.1,0.0,26.9
2025-04-09 19:29:55,181.6,183.1,178.2,182.0,46.1,172.5,153.2,181.3,161.9,187.6,533.3,75.7,0.0,26.9
2025-04-09 19:30:00,181.3,182.6,177.8,182.0,46.0,172.5,147.8,181.1,161.5,187.4,533.1,75.6,0.9,26.9
2025-04-09 19:30:05,181.1,182.3,177.6,182.1,46.1,172.5,139.7,181.2,161.2,187.1,532.6,75.4,1.2,26.9
2025-04-09 19:30:10,180.8,181.5,177.5,181.8,46.0,171.9,132.7,180.9,161.1,186.9,532.3,75.3,1.6,26.9
2025-04-09 19:30:15,180.3,180.9,177.6,181.5,46.0,171.9,129.5,180.6,161.0,186.7,532.0,75.1,1.8,26.8
2025-04-09 19:30:20,180.1,180.1,177.1,180.9,46.0,171.6,121.0,180.2,160.8,186.5,531.6,75.1,1.9,26.8
2025-04-09 19:30:25,180.0,179.7,177.0,180.7,45.9,171.4,111.0,179.8,160.7,186.2,531.0,74.8,2.2,26.8
2025-04-09 19:30:30,180.1,179.2,176.8,180.5,45.9,171.2,105.9,179.4,160.5,186.0,530.5,74.3,2.3,26.8
2025-04-09 19:30:35,179.8,178.2,176.6,180.1,45.8,170.7,99.1,179.1,160.4,185.8,530.3,74.0,2.0,26.8
2025-04-09 19:30:40,179.8,178.0,176.4,179.8,45.8,170.5,93.3,179.2,160.0,185.5,529.8,73.7,1.9,26.8
2025-04-09 19:30:45,179.3,177.1,175.9,180.2,45.8,170.3,83.7,178.6,159.6,185.2,529.4,73.5,2.2,26.8
2025-04-09 19:30:50,179.1,176.3,175.8,180.3,45.7,170.1,77.8,178.1,159.3,185.0,528.9,73.6,2.4,26.7
2025-04-09 19:30:55,178.8,175.8,175.4,180.1,45.8,169.8,70.9,177.8,158.8,184.9,528.8,73.5,2.0,26.8
2025-04-09 19:31:00,178.5,175.2,175.3,179.8,45.7,169.3,66.3,177.3,158.6,184.5,528.4,73.2,1.9,26.8
2025-04-09 19:31:05,178.1,174.4,174.9,179.5,45.7,169.0,61.8,177.1,158.4,184.3,528.0,73.0,1.7,26.8
2025-04-09 19:31:10,177.7,173.3,174.7,179.2,45.7,168.8,55.3,176.7,158.3,184.1,527.7,72.6,1.6,26.8
2025-04-09 19:31:15,177.5,172.6,174.6,178.9,45.7,168.6,52.0,176.3,157.8,183.6,526.7,72.3,1.4,26.7
2025-04-09 19:31:20,177.3,171.5,174.4,178.2,45.6,168.4,49.7,176.1,157.7,183.4,526.5,72.2,1.2,26.7
2025-04-09 19:31:25,177.2,170.7,174.2,177.7,45.6,167.7,44.1,175.5,157.5,182.9,526.0,72.2,1.0,26.8
2025-04-09 19:31:30,176.8,169.6,173.9,177.6,45.5,167.3,43.0,175.4,157.5,182.8,525.8,71.9,0.8,26.7
2025-04-09 19:31:35,176.3,168.3,173.7,177.4,45.5,167.3,42.0,175.4,157.5,182.4,525.3,71.6,0.6,26.7
2025-04-09 19:31:40,176.1,167.6,173.3,176.9,45.6,167.2,42.1,175.3,157.8,182.2,525.2,71.4,0.6,26.7
2025-04-09 19:31:45,176.1,166.8,173.0,176.7,45.6,167.0,41.8,175.4,157.5,181.8,524.4,71.2,0.9,26.7
2025-04-09 19:31:50,175.7,165.7,172.8,176.3,45.6,166.9,41.8,175.1,157.0,181.6,524.1,70.9,2.0,26.7
2025-04-09 19:31:55,175.5,163.9,172.5,176.1,45.6,166.8,41.7,175.1,156.8,181.4,523.8,71.0,2.4,26.7
2025-04-09 19:32:00,175.2,162.9,172.5,176.0,45.6,166.4,41.6,175.0,156.7,181.3,523.5,70.7,2.5,26.6
2025-04-09 19:32:05,175.1,162.1,172.3,175.8,45.5,166.6,41.6,174.7,156.2,180.9,523.0,70.1,2.8,26.6
2025-04-09 19:32:10,174.9,161.1,172.0,175.9,45.5,166.4,41.8,174.3,155.7,180.9,522.9,70.1,2.6,26.6
2025-04-09 19:32:15,174.7,159.6,171.6,175.8,45.6,166.2,41.9,173.8,155.3,180.5,522.5,70.2,2.2,26.5
2025-04-09 19:32:20,174.6,158.9,171.4,175.9,45.6,165.8,42.0,173.6,155.2,180.2,522.3,69.9,1.9,26.5
2025-04-09 19:32:25,174.2,157.0,171.2,175.5,45.6,165.6,42.0,173.6,155.1,180.0,521.5,69.3,1.7,26.5
2025-04-09 19:32:30,173.9,156.0,171.0,175.0,45.6,164.9,42.3,173.0,154.9,179.8,521.4,69.0,2.0,26.5
2025-04-09 19:32:35,173.6,154.4,170.9,174.8,45.5,164.4,42.1,172.7,154.8,179.5,521.0,68.7,1.9,26.5
2025-04-09 19:32:40,173.4,153.3,170.5,174.3,45.5,164.0,42.1,172.2,154.4,179.2,520.4,68.4,1.8,26.5
2025-04-09 19:32:45,173.0,152.3,170.3,174.1,45.6,163.7,42.1,172.0,154.0,178.9,520.0,68.3,1.6,26.4
2025-04-09 19:32:50,172.8,150.9,170.2,173.6,45.5,163.5,42.0,171.6,153.7,178.6,519.6,68.2,1.4,26.4
2025-04-09 19:32:55,172.7,149.7,169.9,173.0,45.4,163.3,41.7,171.3,153.4,178.3,519.1,68.2,1.2,26.4
2025-04-09 19:33:00,172.6,148.2,169.8,172.8,45.3,163.0,41.6,171.2,153.2,178.1,518.9,67.9,1.1,26.4
2025-04-09 19:33:05,172.5,146.1,169.3,172.4,45.2,162.9,41.5,171.0,152.9,177.8,518.8,67.8,1.1,26.4
2025-04-09 19:33:10,172.0,145.7,169.0,172.2,45.0,162.5,41.6,170.6,152.5,177.6,518.4,67.2,0.9,26.4
2025-04-09 19:33:15,171.4,143.9,168.6,171.8,44.8,162.0,41.4,170.3,152.3,177.5,518.2,67.0,0.7,26.4
2025-04-09 19:33:20,171.1,142.2,168.1,171.5,44.7,161.6,41.6,170.0,152.2,177.2,517.7,66.6,0.6,26.4
2025-04-09 19:33:25,170.8,140.7,168.0,171.3,44.7,161.5,41.4,169.7,152.1,176.9,517.5,66.3,0.5,26.3
2025-04-09 19:33:30,170.7,139.0,167.6,170.8,44.6,161.3,41.4,169.6,151.9,176.7,517.2,66.2,0.5,26.3
2025-04-09 19:33:35,170.5,137.9,167.4,170.6,44.6,160.9,41.3,169.1,151.3,176.4,516.7,65.9,0.5,26.3
2025-04-09 19:33:40,170.2,136.7,167.1,170.5,44.5,160.9,41.5,168.6,150.8,176.2,516.3,65.7,0.5,26.3
2025-04-09 19:33:45,170.1,135.7,166.9,170.4,44.5,160.8,41.6,168.4,150.5,175.8,515.6,65.4,0.8,26.3
2025-04-09 19:33:50,169.4,133.1,166.6,170.1,44.4,160.5,41.4,168.1,150.1,175.5,515.4,65.3,0.7,26.3
2025-04-09 19:33:55,169.1,132.4,166.3,169.8,44.3,160.1,41.3,167.7,149.8,175.1,515.1,65.2,0.7,26.3
2025-04-09 19:34:00,168.6,130.2,166.0,169.4,44.2,159.5,41.4,167.3,149.4,174.9,514.5,64.9,0.9,26.3
2025-04-09 19:34:05,168.1,127.8,165.5,169.0,44.2,159.3,41.4,167.0,149.1,174.6,514.0,64.5,0.8,26.3
2025-04-09 19:34:10,167.9,126.9,165.2,168.7,44.2,159.1,41.4,166.9,149.1,174.4,513.7,64.4,0.7,26.3
2025-04-09 19:34:15,167.4,125.0,165.0,168.4,44.1,158.9,41.4,166.3,149.0,174.1,513.4,64.0,0.7,26.3
2025-04-09 19:34:20,167.4,123.9,164.7,168.2,44.0,158.4,41.2,166.2,148.6,173.7,512.9,63.9,0.6,26.2
2025-04-09 19:34:25,167.1,122.2,164.4,167.9,43.9,158.1,41.4,165.9,148.3,173.3,512.3,63.6,0.7,26.2
2025-04-09 19:34:30,166.8,120.4,164.1,167.6,43.9,157.8,41.2,165.4,148.2,173.0,511.9,63.2,0.8,26.2
2025-04-09 19:34:35,166.5,119.1,163.8,167.4,43.9,157.6,41.3,165.3,147.9,172.7,511.4,62.9,1.0,26.2
2025-04-09 19:34:40,166.2,117.3,163.7,167.4,43.9,157.1,41.4,164.8,147.8,172.4,511.0,62.7,1.1,26.2
2025-04-09 19:34:45,165.8,115.6,163.6,167.3,43.8,156.6,41.5,164.4,147.6,172.1,510.4,62.6,1.2,26.2
2025-04-09 19:34:50,165.6,114.5,163.4,167.0,43.8,156.5,41.4,164.3,147.4,171.7,509.5,62.5,1.2,26.2
2025-04-09 19:34:55,165.2,112.5,163.1,166.5,43.8,156.1,41.4,164.3,147.3,171.4,509.4,62.4,1.4,26.2
2025-04-09 19:35:00,165.1,112.0,163.1,166.3,43.7,155.8,41.2,163.9,147.1,171.1,508.9,62.4,1.4,26.2
2025-04-09 19:35:05,164.8,109.9,162.6,165.7,43.6,155.7,41.0,163.5,146.7,170.8,508.8,62.2,1.2,26.2
2025-04-09 19:35:10,164.7,107.4,162.0,165.4,43.6,155.5,41.0,163.4,146.6,170.6,508.4,62.0,1.2,26.2
2025-04-09 19:35:15,164.5,106.1,161.8,165.2,43.5,155.2,40.9,163.3,146.1,170.4,508.2,61.9,1.4,26.2
2025-04-09 19:35:20,164.4,104.9,161.5,164.7,43.5,155.0,40.7,163.2,145.8,169.9,507.7,61.4,1.5,26.2
2025-04-09 19:35:25,163.9,102.9,161.3,164.7,43.3,154.8,40.9,162.9,145.8,169.8,507.5,61.2,1.6,26.2
2025-04-09 19:35:30,163.5,101.9,161.1,164.3,43.2,154.8,41.0,162.4,145.4,169.3,506.8,60.8,1.4,26.1
2025-04-09 19:35:35,163.0,99.8,160.9,164.0,43.2,154.7,41.2,162.2,145.3,169.0,506.1,60.6,1.3,26.1
2025-04-09 19:35:40,162.8,97.9,160.5,164.0,43.3,154.4,41.1,162.2,145.2,168.9,505.9,60.4,1.3,26.1
2025-04-09 19:35:45,162.6,97.5,160.4,163.9,43.3,154.1,41.1,162.2,144.8,168.5,505.6,60.0,1.0,26.1
2025-04-09 19:35:50,162.2,95.4,160.2,163.8,43.3,153.7,41.2,161.8,144.5,168.4,505.4,59.8,0.9,26.1
2025-04-09 19:35:55,161.9,94.0,160.1,163.3,43.2,153.8,41.2,161.4,144.2,168.1,504.8,59.4,1.0,26.1
2025-04-09 19:36:00,161.6,93.1,159.8,163.1,43.1,153.4,41.1,160.8,144.0,167.9,504.5,59.4,1.1,26.1
2025-04-09 19:36:05,161.5,91.1,159.5,162.9,43.2,153.3,41.2,160.4,143.8,167.6,504.3,59.3,1.3,26.1
2025-04-09 19:36:10,161.3,89.3,159.1,162.4,43.1,152.4,41.4,159.9,143.7,167.4,504.2,59.2,1.5,26.0
2025-04-09 19:36:15,161.1,88.3,159.0,162.2,43.1,152.2,41.3,159.9,143.3,167.1,503.8,59.2,1.3,26.0
2025-04-09 19:36:20,160.8,86.8,158.8,162.1,43.1,152.1,41.2,159.7,143.1,166.9,503.3,59.1,1.3,26.0
2025-04-09 19:36:25,160.4,85.6,158.4,161.5,43.1,151.7,41.1,159.7,142.7,166.6,503.1,59.0,1.3,26.0
2025-04-09 19:36:30,160.3,84.9,158.1,161.3,43.0,151.4,40.9,159.3,142.2,166.2,502.7,58.9,1.4,26.0
2025-04-09 19:36:35,159.7,82.6,157.8,161.0,42.9,151.1,40.9,158.9,141.8,166.0,502.0,58.7,1.1,26.0
2025-04-09 19:36:40,159.6,81.9,157.5,160.9,42.8,151.3,40.8,158.7,141.6,165.6,501.5,58.5,1.0,26.0
2025-04-09 19:36:45,159.4,79.7,157.3,160.4,42.7,150.9,40.9,158.7,141.3,165.4,501.0,58.4,0.9,26.0
2025-04-09 19:36:50,159.3,79.1,156.8,160.1,42.6,150.5,40.8,157.8,140.7,165.0,500.3,58.2,0.9,26.0
2025-04-09 19:36:55,159.2,77.5,156.4,159.9,42.5,150.1,40.7,157.4,140.4,164.8,499.9,58.0,0.9,26.0
2025-04-09 19:37:00,158.8,76.2,156.0,159.5,42.5,149.5,40.8,157.2,140.3,164.4,499.3,57.6,1.0,25.9
2025-04-09 19:37:05,158.6,74.8,155.8,159.1,42.4,149.2,40.6,156.8,139.9,164.2,498.8,57.2,1.0,25.9
2025-04-09 19:37:10,158.0,73.4,155.4,158.9,42.5,148.9,40.6,156.5,139.6,163.8,498.4,56.8,1.0,25.9
2025-04-09 19:37:15,157.5,72.2,155.0,158.4,42.5,148.2,40.5,156.0,139.2,163.5,497.9,56.6,0.9,25.9
2025-04-09 19:37:20,157.1,71.2,154.6,158.1,42.4,147.8,40.4,155.9,139.0,163.3,497.7,56.4,0.8,25.9
2025-04-09 19:37:25,156.8,70.1,154.2,157.9,42.3,147.6,40.3,155.6,138.8,163.0,497.6,56.0,0.7,25.9
2025-04-09 19:37:30,156.6,69.0,153.8,157.7,42.2,147.5,40.1,155.4,138.5,162.7,497.2,55.8,0.6,25.9
2025-04-09 19:37:35,156.5,68.1,153.6,157.6,42.2,147.3,40.1,154.9,138.3,162.3,496.8,55.4,0.4,25.8
2025-04-09 19:37:40,155.8,66.0,153.2,157.0,42.0,146.9,40.0,154.6,138.0,162.0,496.7,55.0,0.3,25.8
2025-04-09 19:37:45,155.6,64.8,152.8,156.7,41.9,146.8,39.9,154.3,137.6,161.7,495.9,54.7,0.2,25.8
2025-04-09 19:37:50,155.4,64.4,152.6,156.5,41.8,146.5,39.8,154.2,137.2,161.3,495.4,54.5,0.1,25.8
2025-04-09 19:37:55,155.0,63.2,152.2,156.3,41.8,146.3,39.8,153.9,137.1,161.1,495.4,54.3,0.2,25.8
2025-04-09 19:38:00,154.6,62.4,151.9,155.9,41.6,146.1,39.8,153.7,136.6,160.9,495.1,54.1,0.2,25.8
2025-04-09 19:38:05,154.2,60.9,151.6,155.7,41.6,145.6,39.8,153.5,136.5,160.6,494.7,53.7,0.2,25.8
2025-04-09 19:38:10,154.2,60.1,151.4,155.5,41.5,145.3,39.7,153.2,136.3,160.3,494.2,53.5,0.2,25.8
2025-04-09 19:38:15,153.9,58.5,151.1,155.1,41.4,145.2,39.7,153.0,136.0,159.9,493.8,53.3,0.2,25.8
2025-04-09 19:38:20,153.6,57.8,150.9,155.0,41.4,144.7,39.7,152.5,135.8,159.7,493.5,53.2,0.3,25.8
2025-04-09 19:38:25,153.4,57.2,150.6,154.7,41.3,144.5,39.6,152.3,135.5,159.4,493.1,52.9,0.4,25.8
2025-04-09 19:38:30,153.2,56.6,150.4,154.5,41.4,144.3,39.7,152.0,135.2,159.1,492.8,52.7,0.6,25.8
2025-04-09 19:38:35,153.2,55.7,150.4,154.4,41.3,144.1,39.7,151.7,135.0,158.8,492.6,52.5,0.8,25.8
2025-04-09 19:38:40,152.9,54.9,150.2,154.2,41.3,143.9,39.6,151.4,134.6,158.5,492.2,52.3,1.3,25.7
2025-04-09 19:38:45,152.3,53.4,150.0,154.0,41.2,143.8,39.6,151.1,134.2,158.1,491.7,52.2,1.2,25.8
2025-04-09 19:38:50,152.4,52.7,149.6,153.7,41.1,143.3,39.4,151.0,133.8,157.9,491.3,51.9,1.1,25.7
2025-04-09 19:38:55,152.3,51.9,149.3,153.6,41.0,143.2,39.4,150.8,133.7,157.7,491.2,51.8,1.1,25.8
2025-04-09 19:39:00,151.9,51.4,148.7,153.3,41.0,143.0,39.3,150.5,133.2,157.3,490.5,51.5,0.9,25.7
2025-04-09 19:39:05,151.7,50.9,148.3,152.9,41.0,142.7,39.3,150.2,132.9,156.9,490.1,51.4,0.8,25.7
2025-04-09 19:39:10,151.3,50.2,147.9,152.4,40.9,142.3,39.4,149.8,132.5,156.6,489.5,51.1,0.6,25.7
2025-04-09 19:39:15,151.0,49.6,147.6,152.0,40.8,141.9,39.4,149.3,132.2,156.5,489.3,50.8,0.5,25.7
2025-04-09 19:39:20,150.7,48.8,147.2,151.8,40.7,141.3,39.3,149.2,132.0,156.1,488.8,50.4,0.5,25.7
2025-04-09 19:39:25,150.4,48.4,147.1,151.3,40.7,141.0,39.2,148.6,131.6,155.7,488.2,50.1,0.5,25.7
2025-04-09 19:39:30,150.3,48.0,146.9,151.0,40.5,140.8,39.0,148.5,131.2,155.5,488.0,49.9,0.5,25.7
2025-04-09 19:39:35,149.7,47.5,146.6,150.7,40.5,140.6,38.9,148.5,131.0,155.1,487.5,49.7,0.5,25.7
2025-04-09 19:39:40,149.3,47.1,146.3,150.4,40.6,140.2,38.9,148.2,130.7,154.9,487.2,49.5,0.5,25.7
2025-04-09 19:39:45,149.0,46.4,145.9,150.2,40.6,140.1,38.8,148.1,130.5,154.6,486.7,49.3,0.6,25.7
2025-04-09 19:39:50,148.6,45.9,145.8,149.7,40.5,139.9,38.8,147.6,130.3,154.2,486.3,49.1,0.6,25.7
2025-04-09 19:39:55,148.2,45.4,145.6,149.6,40.4,139.8,38.9,147.5,130.3,153.9,485.7,49.1,0.6,25.8
2025-04-09 19:40:00,147.8,44.9,145.1,149.4,40.3,139.7,38.9,147.3,130.1,153.6,485.3,48.9,0.9,25.7
2025-04-09 19:40:05,147.9,44.5,144.9,149.2,40.2,139.2,38.9,147.0,129.9,153.4,485.2,48.8,1.2,25.7
2025-04-09 19:40:10,147.6,44.4,144.8,149.1,40.3,139.1,39.0,146.7,129.7,153.1,484.8,48.6,1.5,25.7
2025-04-09 19:40:15,147.3,43.9,144.3,148.7,40.2,138.5,38.8,146.5,129.5,152.8,484.2,48.3,1.6,25.8
2025-04-09 19:40:20,146.9,43.5,143.9,148.3,40.3,138.1,38.9,146.0,129.1,152.5,483.7,48.2,1.4,25.7
2025-04-09 19:40:25,146.7,43.2,143.6,148.0,40.2,137.9,38.9,145.7,128.8,152.2,483.2,47.9,1.3,25.8
2025-04-09 19:40:30,146.5,42.9,143.1,147.7,40.2,137.8,38.8,145.6,128.6,151.9,482.7,47.6,1.1,25.8
2025-04-09 19:40:35,146.4,42.8,142.9,147.6,40.1,137.6,38.8,145.3,128.4,151.6,482.3,47.4,1.0,25.7
2025-04-09 19:40:40,145.8,42.7,142.7,147.1,40.2,137.3,38.9,144.8,128.3,151.4,481.9,47.4,0.7,25.7
2025-04-09 19:40:45,145.6,42.5,142.5,146.9,40.1,137.0,38.9,144.6,128.1,151.2,481.4,47.1,0.6,25.7
2025-04-09 19:40:50,145.3,42.4,142.2,146.5,40.1,136.6,38.7,144.3,127.7,150.9,481.0,47.0,0.6,25.7
2025-04-09 19:40:55,145.1,42.0,142.1,146.2,40.0,136.3,38.7,144.2,127.7,150.6,480.8,47.0,0.5,25.7
2025-04-09 19:41:00,144.9,42.0,141.8,146.0,40.1,136.0,38.9,143.8,127.3,150.4,480.3,47.0,0.5,25.7
2025-04-09 19:41:05,144.7,41.7,141.5,145.6,40.0,135.8,38.8,143.4,127.0,149.9,479.4,46.9,0.6,25.7
2025-04-09 19:41:10,144.3,41.6,141.2,145.4,40.0,135.5,38.8,143.2,126.9,149.7,478.9,46.9,0.6,25.7
2025-04-09 19:41:15,144.1,41.4,140.8,145.2,39.9,135.4,38.8,142.9,126.9,149.5,478.6,46.8,0.6,25.7
2025-04-09 19:41:20,143.8,41.3,140.7,145.0,39.9,135.4,38.8,142.9,126.8,149.2,478.0,46.7,0.7,25.7
2025-04-09 19:41:25,143.6,41.3,140.6,144.7,39.8,135.4,38.9,142.9,126.7,149.0,477.7,46.8,1.1,25.7
2025-04-09 19:41:30,143.2,41.1,140.4,144.8,39.8,135.2,38.8,142.4,126.4,148.8,477.4,46.9,1.2,25.7
2025-04-09 19:41:35,142.9,41.0,140.1,144.6,39.8,134.8,38.9,142.1,126.0,148.6,477.2,46.8,1.1,25.7
2025-04-09 19:41:40,142.6,40.8,140.0,144.2,39.7,134.6,38.8,141.7,125.6,148.3,476.7,46.6,1.0,25.7
2025-04-09 19:41:45,142.5,40.8,139.9,143.9,39.7,134.0,38.6,141.5,125.3,148.1,476.3,46.4,1.1,25.7
2025-04-09 19:41:50,142.1,40.7,139.7,143.5,39.7,133.7,38.4,141.1,125.4,147.9,476.0,46.3,1.1,25.7
2025-04-09 19:41:55,141.9,40.5,139.6,143.3,39.6,133.3,38.5,140.9,125.4,147.6,475.5,46.1,1.0,25.7
2025-04-09 19:42:00,141.6,40.5,139.3,142.8,39.5,133.1,38.5,140.8,125.3,147.2,475.0,45.9,1.0,25.6
2025-04-09 19:42:05,141.4,40.5,138.9,142.4,39.4,132.8,38.5,140.8,125.0,147.0,474.5,45.8,1.0,25.6
2025-04-09 19:42:10,141.5,40.5,138.7,142.1,39.4,132.5,38.6,140.5,124.6,146.8,474.2,45.7,0.9,25.6
2025-04-09 19:42:15,141.5,40.5,138.5,141.7,39.3,132.3,38.5,140.1,124.4,146.5,474.0,45.6,0.9,25.6
2025-04-09 19:42:20,141.3,40.4,138.2,141.5,39.3,132.1,38.6,139.7,124.2,146.3,473.7,45.6,0.7,25.6
2025-04-09 19:42:25,141.1,40.5,137.9,141.3,39.3,131.8,38.6,139.4,124.0,146.0,473.3,45.5,0.6,25.6
2025-04-09 19:42:30,140.6,40.4,137.7,140.9,39.3,131.6,38.6,139.2,123.6,145.8,472.8,45.5,0.8,25.6
2025-04-09 19:42:35,140.2,40.3,137.4,140.8,39.3,131.2,38.6,139.0,123.3,145.4,472.1,45.4,0.8,25.6
2025-04-09 19:42:40,139.9,40.1,137.3,140.8,39.3,130.9,38.6,138.8,123.2,145.2,471.7,45.3,0.9,25.6
2025-04-09 19:42:45,139.6,40.1,137.0,140.5,39.2,130.4,38.5,138.7,122.9,145.0,471.8,45.1,1.0,25.6
2025-04-09 19:42:50,139.2,39.9,136.7,140.2,39.1,130.1,38.5,138.1,122.5,144.7,471.2,45.1,1.1,25.6
2025-04-09 19:42:55,138.9,39.8,136.6,139.6,39.1,130.0,38.3,137.6,122.0,144.4,470.7,44.9,1.2,25.6
2025-04-09 19:43:00,138.6,39.7,136.3,139.3,39.1,129.7,38.2,137.4,121.7,144.2,470.3,44.9,1.0,25.6
2025-04-09 19:43:05,138.3,39.7,136.2,138.8,39.0,129.3,38.3,137.1,121.4,144.0,470.0,44.9,1.0,25.5
2025-04-09 19:43:10,138.0,39.7,136.0,138.8,38.9,129.0,38.1,136.9,121.2,143.7,469.6,44.9,0.8,25.5
2025-04-09 19:43:15,137.7,39.7,135.6,138.4,38.8,128.6,38.0,136.3,121.0,143.5,469.3,45.0,0.6,25.5
2025-04-09 19:43:20,137.6,39.6,135.1,138.0,38.7,128.1,38.0,136.1,120.7,143.2,468.9,44.9,0.6,25.5
2025-04-09 19:43:25,137.5,39.8,135.1,137.9,38.6,127.8,37.9,136.0,120.2,142.9,468.3,44.9,0.6,25.5
2025-04-09 19:43:30,137.1,39.7,134.8,137.7,38.5,127.6,37.8,135.7,119.9,142.6,467.8,44.7,0.6,25.5
2025-04-09 19:43:35,136.9,39.7,134.6,137.8,38.4,127.3,37.8,135.5,119.7,142.3,467.5,44.7,0.6,25.5
2025-04-09 19:43:40,136.5,39.4,134.5,137.4,38.3,127.3,37.6,134.8,119.3,141.9,467.0,44.5,0.5,25.5
2025-04-09 19:43:45,135.9,39.2,134.7,136.9,38.3,127.3,37.6,134.6,119.1,141.7,466.7,44.5,0.5,25.5
2025-04-09 19:43:50,135.6,38.9,134.6,136.8,38.3,126.7,37.6,134.3,118.8,141.3,466.3,44.5,0.5,25.5
2025-04-09 19:43:55,135.3,38.8,134.7,136.7,38.2,126.3,37.5,134.1,118.5,141.1,465.8,44.5,0.4,25.5
2025-04-09 19:44:00,135.0,38.6,134.3,136.4,38.3,126.1,37.5,133.8,118.3,140.9,465.6,44.4,0.4,25.5
2025-04-09 19:44:05,134.5,38.7,132.9,136.1,38.2,125.8,37.5,133.3,118.2,140.5,464.9,44.4,0.3,25.5
2025-04-09 19:44:10,134.1,38.6,131.7,135.9,38.1,125.5,37.5,133.3,118.0,140.1,464.1,44.2,0.3,25.5
2025-04-09 19:44:15,133.9,38.5,128.5,135.5,38.0,125.2,37.4,133.2,117.9,140.0,464.0,44.1,0.3,25.5
2025-04-09 19:44:20,133.6,38.5,126.5,135.3,38.0,124.9,37.5,132.7,117.3,139.5,463.1,43.9,0.3,25.5
2025-04-09 19:44:25,133.2,38.8,124.0,135.1,37.9,124.6,37.5,132.6,117.1,139.4,462.8,43.8,0.3,25.5
2025-04-09 19:44:30,132.8,38.8,119.3,134.5,37.8,124.3,37.5,132.3,116.8,139.0,462.6,43.7,0.3,25.5
2025-04-09 19:44:35,132.7,38.8,116.8,134.2,37.7,124.0,37.4,132.1,116.5,138.8,462.1,43.6,0.3,25.5
2025-04-09 19:44:40,132.5,38.6,112.4,134.0,37.6,124.0,37.4,131.9,116.4,138.5,461.5,43.4,0.4,25.5
2025-04-09 19:44:45,132.2,38.4,108.4,133.8,37.6,123.6,37.4,131.3,116.0,138.2,461.0,43.4,0.4,25.5
2025-04-09 19:44:50,131.9,38.3,104.3,133.3,37.6,123.1,37.3,131.1,115.8,137.9,460.2,43.3,0.5,25.5
2025-04-09 19:44:55,131.7,38.2,99.0,133.1,37.5,122.8,37.2,130.7,115.6,137.6,460.0,43.3,0.8,25.5
2025-04-09 19:45:00,131.6,38.1,94.8,132.9,37.3,122.3,37.2,130.5,115.3,137.3,459.8,43.2,0.9,25.5
2025-04-09 19:45:05,131.6,38.2,92.0,132.9,37.3,122.1,37.1,130.3,115.0,136.9,459.4,43.2,0.9,25.5
2025-04-09 19:45:10,131.3,38.4,86.0,132.6,37.2,121.8,37.0,129.8,114.6,136.7,458.7,43.0,1.0,25.5
2025-04-09 19:45:15,131.0,38.5,81.4,132.3,37.1,121.5,36.9,129.4,114.3,136.4,458.4,42.6,1.0,25.5
2025-04-09 19:45:20,130.7,38.6,75.7,132.1,37.1,121.1,36.9,129.0,114.1,136.2,458.2,42.5,1.0,25.5
2025-04-09 19:45:25,130.5,38.5,71.2,131.9,37.0,120.9,36.7,128.9,113.7,135.9,457.7,42.1,0.9,25.5
2025-04-09 19:45:30,130.4,38.2,66.5,131.5,37.0,120.8,36.7,128.5,113.5,135.7,457.3,42.0,0.8,25.5
2025-04-09 19:45:35,130.0,38.1,61.1,131.2,36.8,120.4,36.6,128.0,113.2,135.1,456.7,41.5,0.8,25.5
2025-04-09 19:45:40,129.7,38.0,57.1,131.0,36.7,120.2,36.6,127.8,113.0,135.0,456.7,41.3,0.7,25.5
2025-04-09 19:45:45,129.3,37.9,51.5,130.5,36.6,119.9,36.5,127.6,112.8,134.7,456.1,41.0,0.6,25.5
2025-04-09 19:45:50,129.1,37.7,47.8,130.3,36.5,119.8,36.4,127.1,112.3,134.5,455.7,40.6,0.5,25.5
2025-04-09 19:45:55,128.8,37.6,43.8,130.0,36.5,119.4,36.4,126.9,111.9,134.2,455.6,40.1,0.4,25.5
2025-04-09 19:46:00,128.5,37.5,40.1,129.5,36.4,119.2,36.4,126.7,111.9,133.9,454.8,39.6,0.3,25.5
2025-04-09 19:46:05,128.1,37.4,39.1,129.1,36.3,118.7,36.3,126.6,111.6,133.6,454.5,39.2,0.3,25.5
2025-04-09 19:46:10,127.6,37.2,37.2,128.8,36.3,118.6,36.3,126.5,111.2,133.2,453.8,38.3,0.2,25.5
2025-04-09 19:46:15,127.3,37.1,37.2,128.4,36.2,118.3,36.2,126.0,111.2,132.9,452.9,37.6,0.1,25.5
2025-04-09 19:46:20,126.9,37.1,37.1,128.3,36.2,117.9,36.1,125.6,111.1,132.6,452.6,37.3,0.0,25.5
2025-04-09 19:46:25,126.7,37.1,36.9,127.7,36.1,117.5,36.1,125.4,110.9,132.3,452.4,36.6,0.0,25.5
2025-04-09 19:46:30,126.3,36.9,36.9,127.4,36.0,117.4,36.0,125.2,110.6,132.0,451.7,36.1,0.0,25.5
2025-04-09 19:46:35,126.1,36.9,36.8,127.3,35.9,117.2,36.0,124.9,110.3,131.6,451.7,35.8,0.0,25.5
2025-04-09 19:46:40,125.6,36.8,36.7,126.9,35.9,117.0,35.9,124.3,110.1,131.3,450.8,35.1,0.0,25.5
2025-04-09 19:46:45,125.5,36.7,36.7,126.5,35.8,116.5,35.9,124.1,109.7,130.9,450.1,34.5,0.0,25.5
2025-04-09 19:46:50,125.0,36.5,36.6,126.2,35.8,116.1,35.9,124.0,109.6,130.7,449.6,33.8,0.0,25.5
2025-04-09 19:46:55,124.8,36.4,36.4,126.0,35.8,115.6,35.8,123.3,109.1,130.4,449.0,33.3,0.0,25.5
2025-04-09 19:47:00,124.6,36.3,36.3,125.8,35.8,115.3,35.7,123.0,108.9,130.2,448.3,32.9,0.0,25.5
2025-04-09 19:47:05,124.1,36.2,36.3,125.5,35.8,115.0,35.6,122.8,108.8,129.8,447.6,32.2,0.0,25.5
2025-04-09 19:47:10,123.8,36.1,36.5,125.2,35.7,114.7,35.7,122.6,108.6,129.5,446.9,31.8,0.0,25.5
2025-04-09 19:47:15,123.6,36.1,36.8,125.1,35.7,114.5,35.5,122.3,108.4,129.2,446.3,31.3,0.0,25.5
2025-04-09 19:47:20,123.3,35.9,38.1,124.9,35.6,114.2,35.5,122.1,108.3,128.9,445.8,31.1,0.0,25.4
2025-04-09 19:47:25,123.2,35.8,40.9,124.3,35.6,114.0,35.4,121.7,108.1,128.7,445.6,30.8,0.0,25.4
2025-04-09 19:47:30,123.0,35.8,41.9,124.2,35.6,113.7,35.4,121.6,108.0,128.5,445.3,30.7,0.0,25.5
2025-04-09 19:47:35,122.7,35.7,44.0,124.0,35.5,113.6,35.3,121.6,107.7,128.2,444.9,30.6,0.0,25.4
2025-04-09 19:47:40,122.4,35.7,46.3,123.7,35.5,113.3,35.3,121.3,107.4,127.9,444.3,30.5,0.0,25.4
2025-04-09 19:47:45,122.2,35.7,48.8,123.5,35.4,113.1,35.3,121.2,107.2,127.7,444.0,30.5,0.0,25.4
2025-04-09 19:47:50,122.0,35.5,50.6,123.4,35.4,112.9,35.4,120.9,106.8,127.4,443.6,30.4,0.0,25.4
2025-04-09 19:47:55,121.6,35.6,55.1,123.1,35.4,112.6,35.2,120.9,106.7,127.2,443.1,30.3,0.0,25.4
2025-04-09 19:48:00,121.4,35.9,56.9,122.8,35.4,112.6,35.3,120.3,106.4,126.9,442.4,30.4,0.0,25.4
2025-04-09 19:48:05,121.2,36.0,60.1,122.4,35.3,112.6,35.2,119.9,106.3,126.7,442.0,30.4,0.0,25.4
2025-04-09 19:48:10,121.0,36.0,64.1,122.1,35.3,112.3,35.2,119.6,106.1,126.4,441.0,30.4,0.0,25.4
2025-04-09 19:48:15,120.7,36.0,66.6,122.0,35.3,112.0,35.1,119.4,105.8,126.3,441.1,30.5,0.1,25.4
2025-04-09 19:48:20,120.5,36.0,70.2,121.7,35.2,111.8,35.2,119.2,105.7,126.0,440.7,30.6,0.2,25.4
2025-04-09 19:48:25,120.3,35.9,73.0,121.5,35.2,111.3,35.2,119.0,105.4,125.7,440.2,30.7,0.5,25.4
2025-04-09 19:48:30,120.0,36.0,75.5,121.5,35.1,110.9,35.2,119.2,105.1,125.5,439.7,30.9,0.7,25.4
2025-04-09 19:48:35,119.8,36.0,79.5,121.4,35.1,110.8,35.2,119.2,105.1,125.2,439.3,31.0,0.9,25.4
2025-04-09 19:48:40,119.4,35.8,82.2,121.1,35.1,110.3,35.3,119.0,105.0,124.9,438.8,30.9,0.8,25.4
2025-04-09 19:48:45,119.2,35.7,83.4,120.8,35.1,110.2,35.2,118.7,104.8,124.6,438.4,31.3,0.7,25.4
2025-04-09 19:48:50,118.9,35.6,88.2,120.3,35.1,110.4,35.2,118.7,104.6,124.4,438.1,31.3,0.6,25.4
2025-04-09 19:48:55,118.7,35.7,90.5,120.3,35.1,110.4,35.2,118.4,104.2,124.1,437.6,31.2,0.5,25.4
2025-04-09 19:49:00,118.5,35.7,92.3,120.1,35.2,110.3,35.2,118.3,104.0,123.9,437.3,31.4,0.4,25.4
2025-04-09 19:49:05,118.2,35.7,95.9,119.8,35.1,110.1,35.2,118.2,103.9,123.7,436.7,31.3,0.3,25.4
2025-04-09 19:49:10,118.0,35.9,97.5,119.7,35.1,110.0,35.2,118.1,103.7,123.5,436.4,31.3,0.3,25.4
2025-04-09 19:49:15,117.8,35.9,100.2,119.5,35.1,109.9,35.3,117.8,103.6,123.2,435.9,31.3,0.6,25.4
2025-04-09 19:49:20,117.5,35.9,101.7,119.3,35.0,109.6,35.2,117.6,103.5,123.0,435.3,31.4,0.6,25.4
2025-04-09 19:49:25,117.4,36.1,103.5,119.1,35.0,109.4,35.1,117.6,103.3,122.8,435.0,31.4,0.5,25.4
2025-04-09 19:49:30,117.1,36.4,105.5,118.8,35.0,109.2,35.1,117.2,103.0,122.6,434.6,31.3,0.5,25.4
2025-04-09 19:49:35,117.2,36.4,106.4,118.5,34.9,109.1,35.0,116.7,102.7,122.4,434.4,31.4,0.5,25.4
2025-04-09 19:49:40,117.2,36.1,108.8,118.4,34.9,108.8,35.0,116.4,102.2,122.0,433.5,31.4,0.4,25.4
2025-04-09 19:49:45,116.9,36.1,109.8,118.2,34.9,108.5,35.0,116.3,102.0,121.8,432.7,31.6,1.4,25.4
2025-04-09 19:49:50,116.5,36.2,110.7,117.9,35.0,108.2,34.9,116.1,102.0,121.6,432.2,31.5,1.6,25.4
2025-04-09 19:49:55,116.3,36.2,112.0,117.9,34.9,108.0,34.9,115.8,101.6,121.3,431.9,31.6,1.9,25.4
2025-04-09 19:50:00,116.1,36.1,112.4,117.6,34.9,107.9,34.9,115.5,101.5,121.2,431.6,31.6,1.8,25.4
2025-04-09 19:50:05,115.8,35.8,112.8,117.3,34.9,107.5,34.8,115.3,101.4,120.9,431.1,31.6,2.0,25.4
2025-04-09 19:50:10,115.6,35.9,113.0,117.1,34.8,107.4,34.6,115.1,101.2,120.7,430.8,31.7,2.3,25.4
2025-04-09 19:50:15,115.4,36.0,112.9,117.0,34.7,107.4,34.7,114.8,101.1,120.4,430.4,31.6,2.2,25.4
2025-04-09 19:50:20,115.0,36.0,112.5,116.6,34.7,107.2,34.7,114.6,100.7,120.2,429.6,31.5,2.4,25.4
2025-04-09 19:50:25,114.6,36.0,112.3,116.1,34.6,106.9,34.7,114.5,100.5,119.9,428.9,31.6,2.3,25.4
2025-04-09 19:50:30,114.4,36.2,112.2,115.9,34.5,106.3,34.8,114.1,100.1,119.6,428.5,31.7,2.2,25.4
2025-04-09 19:50:35,114.2,36.3,111.9,115.8,34.5,106.1,34.7,113.8,99.8,119.4,428.0,31.6,1.7,25.4
2025-04-09 19:50:40,113.9,36.2,111.6,115.5,34.4,105.9,34.6,113.7,99.4,119.3,427.7,31.7,1.6,25.4
2025-04-09 19:50:45,113.5,36.3,111.3,115.2,34.2,105.6,34.5,113.2,99.3,118.9,427.1,31.8,1.3,25.4
2025-04-09 19:50:50,113.2,36.2,111.1,115.0,34.2,105.6,34.5,113.2,99.1,118.6,426.4,31.8,1.0,25.3
2025-04-09 19:50:55,113.1,36.0,110.8,114.8,34.1,105.3,34.5,112.9,99.0,118.4,425.9,31.7,0.9,25.3
2025-04-09 19:51:00,112.8,36.1,110.6,114.4,34.1,105.2,34.5,112.4,98.7,118.1,425.4,31.8,0.9,25.3
2025-04-09 19:51:05,112.5,36.0,110.3,114.2,33.9,104.9,34.5,112.2,98.4,118.0,425.3,31.7,0.8,25.3
2025-04-09 19:51:10,112.3,35.9,110.2,113.7,34.0,104.7,34.4,111.7,98.4,117.6,424.5,31.8,0.6,25.3
2025-04-09 19:51:15,112.0,35.8,110.0,113.4,34.0,104.3,34.4,111.5,98.1,117.4,423.9,31.9,0.5,25.3
2025-04-09 19:51:20,111.8,35.9,109.5,113.2,34.1,104.1,34.3,111.5,97.9,117.1,423.5,31.8,0.3,25.3
2025-04-09 19:51:25,111.8,35.8,109.1,113.0,34.1,103.7,34.3,111.3,97.7,116.9,423.2,31.8,0.3,25.3
2025-04-09 19:51:30,111.6,36.0,108.6,112.8,34.1,103.3,34.2,111.0,97.4,116.7,423.0,31.7,0.3,25.3
2025-04-09 19:51:35,111.5,35.7,107.9,112.6,34.1,103.2,34.3,110.8,97.1,116.4,422.4,31.7,0.4,25.2
2025-04-09 19:51:40,111.1,35.6,107.4,112.2,34.1,103.0,34.3,110.7,96.9,116.2,422.0,31.6,0.5,25.2
2025-04-09 19:51:45,111.1,35.5,107.0,112.1,34.0,102.8,34.0,110.2,96.5,115.9,421.4,31.5,0.6,25.2
2025-04-09 19:51:50,110.8,35.5,105.7,111.8,34.0,102.7,34.2,110.0,96.4,115.7,421.1,31.4,0.6,25.2
2025-04-09 19:51:55,110.3,35.3,104.3,111.7,33.9,102.5,34.2,109.7,96.2,115.5,420.5,31.4,0.6,25.2
2025-04-09 19:52:00,110.0,35.3,102.1,111.4,33.8,102.1,34.1,109.4,96.0,115.1,419.7,31.3,0.6,25.2
2025-04-09 19:52:05,109.8,35.2,100.5,111.6,33.7,101.9,34.2,109.2,95.9,114.9,419.3,31.1,0.6,25.2
2025-04-09 19:52:10,109.8,35.2,99.1,111.4,33.7,101.6,34.1,109.0,95.7,114.7,418.7,31.2,0.6,25.2
2025-04-09 19:52:15,109.5,35.3,96.2,111.2,33.6,101.3,34.0,108.6,95.4,114.4,418.2,31.2,0.5,25.2
2025-04-09 19:52:20,109.3,35.3,94.0,111.0,33.5,100.9,33.9,108.4,95.0,114.2,417.7,31.1,0.4,25.2
2025-04-09 19:52:25,109.0,35.4,91.2,110.4,33.5,100.6,33.8,108.3,94.8,114.0,417.4,31.1,0.4,25.2
2025-04-09 19:52:30,108.7,35.3,88.5,110.3,33.5,100.4,33.6,108.2,94.6,113.7,416.6,31.0,0.3,25.2
2025-04-09 19:52:35,108.6,35.3,86.1,109.9,33.4,100.1,33.7,107.9,94.4,113.5,416.3,31.1,0.2,25.1
2025-04-09 19:52:40,108.3,35.3,82.8,109.5,33.3,100.1,33.7,107.5,94.1,113.2,415.4,31.0,0.2,25.2
2025-04-09 19:52:45,108.1,35.4,80.5,109.1,33.2,99.8,33.6,107.4,94.1,112.9,415.0,31.0,0.4,25.1
2025-04-09 19:52:50,107.7,35.2,76.9,109.0,33.2,99.7,33.6,107.4,94.1,112.8,414.6,31.0,0.6,25.1
2025-04-09 19:52:55,107.6,35.4,74.1,109.0,33.3,99.2,33.6,107.1,94.0,112.5,413.8,30.9,0.6,25.1
2025-04-09 19:53:00,107.3,35.5,70.6,108.9,33.2,98.9,33.5,106.6,93.7,112.3,413.6,30.8,0.5,25.1
2025-04-09 19:53:05,107.0,35.4,67.6,108.5,33.2,98.7,33.6,106.3,93.4,112.0,413.0,30.9,0.4,25.1
2025-04-09 19:53:10,106.8,35.4,64.8,108.1,33.1,98.5,33.5,105.8,93.1,111.8,412.5,30.8,0.3,25.1
2025-04-09 19:53:15,106.7,35.4,64.0,107.9,33.1,98.4,33.4,105.7,92.9,111.5,411.8,30.8,0.3,25.1
2025-04-09 19:53:20,106.3,35.3,61.0,107.6,33.0,98.0,33.4,105.3,92.4,111.2,411.1,30.7,0.3,25.1
2025-04-09 19:53:25,106.1,35.1,57.7,107.3,33.1,97.6,33.3,105.2,92.1,110.9,410.5,30.7,0.4,25.1
2025-04-09 19:53:30,106.0,35.1,57.2,107.1,33.0,97.4,33.3,104.8,92.0,110.7,410.1,30.6,0.5,25.1
2025-04-09 19:53:35,105.6,35.0,54.1,106.5,32.9,97.2,33.3,104.6,91.9,110.4,409.5,30.6,0.5,25.1
2025-04-09 19:53:40,105.4,34.9,53.0,106.4,32.9,96.9,33.2,104.4,91.7,110.1,408.9,30.4,0.5,25.1
2025-04-09 19:53:45,105.1,34.9,50.8,106.3,32.8,96.9,33.2,104.0,91.4,109.8,408.6,30.4,0.4,25.1
2025-04-09 19:53:50,104.9,34.9,47.6,106.1,32.8,96.6,33.0,103.8,91.3,109.6,408.3,30.4,0.4,25.1
2025-04-09 19:53:55,104.8,34.7,46.0,105.9,32.8,96.3,32.9,103.4,90.9,109.3,407.8,30.4,0.3,25.0
2025-04-09 19:54:00,104.5,34.5,44.2,105.6,32.7,96.0,33.0,103.2,90.7,109.0,407.3,30.4,0.2,25.0
2025-04-09 19:54:05,104.3,34.4,41.9,105.1,32.6,95.7,32.9,103.2,90.4,108.9,407.1,30.4,0.1,25.0
2025-04-09 19:54:10,104.0,34.3,40.1,104.9,32.6,95.3,32.8,102.9,90.3,108.6,406.4,30.5,0.3,25.0
2025-04-09 19:54:15,103.6,34.3,39.0,104.8,32.6,95.1,32.9,102.7,90.3,108.3,405.9,30.6,0.6,25.0
2025-04-09 19:54:20,103.5,34.1,37.4,104.4,32.5,94.8,32.8,102.2,90.2,108.1,405.5,30.6,0.7,25.0
2025-04-09 19:54:25,103.4,34.1,36.0,104.2,32.4,94.7,32.7,102.1,89.9,107.8,404.8,30.6,0.9,25.0
2025-04-09 19:54:30,103.1,34.1,34.9,103.9,32.5,94.5,32.5,101.9,89.7,107.7,404.6,30.6,1.2,25.0
2025-04-09 19:54:35,102.7,34.1,34.3,103.6,32.5,94.4,32.6,101.8,89.5,107.3,404.1,30.6,1.4,25.0
2025-04-09 19:54:40,102.4,34.0,33.7,103.6,32.3,94.3,32.4,101.6,89.3,107.2,403.6,30.6,1.5,25.0
2025-04-09 19:54:45,102.1,33.9,33.3,103.3,32.4,94.0,32.5,101.4,89.2,106.9,402.9,30.5,1.2,24.9
2025-04-09 19:54:50,101.9,33.9,33.1,103.0,32.3,93.7,32.4,101.0,88.7,106.7,402.5,30.5,1.1,24.9
2025-04-09 19:54:55,101.7,33.9,32.9,102.8,32.2,93.4,32.5,101.0,88.4,106.4,402.1,30.4,1.1,24.9
2025-04-09 19:55:00,101.2,33.8,32.9,102.6,32.1,93.5,32.4,100.7,88.1,106.1,401.4,30.5,1.0,24.9
2025-04-09 19:55:05,101.1,33.7,32.9,102.3,32.0,93.4,32.3,100.6,88.1,105.9,400.7,30.4,0.9,24.9
2025-04-09 19:55:10,101.0,33.6,32.8,102.5,32.0,93.3,32.2,100.4,87.9,105.6,400.1,30.4,1.0,24.9
2025-04-09 19:55:15,100.9,33.7,32.7,102.3,32.1,92.8,32.3,99.9,87.8,105.3,399.4,30.3,1.1,24.9
2025-04-09 19:55:20,100.5,33.8,32.8,102.3,32.0,92.6,32.2,99.9,87.9,105.1,398.7,30.3,1.0,24.9
2025-04-09 19:55:25,100.1,33.8,32.7,101.6,32.0,92.4,32.1,100.2,87.9,104.9,398.0,30.3,0.8,24.9
2025-04-09 19:55:30,99.9,33.7,32.7,101.3,31.9,92.4,32.1,99.8,87.6,104.8,397.7,30.3,0.7,24.8
2025-04-09 19:55:35,99.9,33.8,32.5,101.2,31.8,92.4,32.2,99.6,87.5,104.5,397.1,30.3,0.6,24.9
2025-04-09 19:55:40,99.3,34.0,32.5,101.4,31.8,92.3,32.3,99.3,87.4,104.3,396.7,30.3,0.4,24.8
2025-04-09 19:55:45,99.1,34.1,32.4,101.4,31.7,92.3,32.4,99.0,87.2,104.2,396.3,30.3,0.4,24.8
2025-04-09 19:55:50,99.0,34.3,32.5,100.9,31.9,92.1,32.4,99.1,87.0,104.0,395.8,30.3,0.3,24.8
2025-04-09 19:55:55,98.7,34.3,32.5,100.8,31.9,91.9,32.4,98.6,86.7,103.8,395.1,30.1,0.7,24.8
2025-04-09 19:56:00,98.6,34.1,32.6,100.4,31.9,91.4,32.3,98.3,86.5,103.6,394.8,30.1,0.9,24.8
2025-04-09 19:56:05,98.3,34.1,32.6,100.0,31.9,91.3,32.2,97.9,86.0,103.3,394.3,30.2,1.7,24.8
2025-04-09 19:56:10,98.2,34.0,32.7,99.7,31.8,91.0,32.3,97.7,85.8,103.2,394.0,30.2,1.9,24.8
2025-04-09 19:56:15,97.8,34.1,32.7,99.6,31.8,90.9,32.2,97.6,85.6,102.9,393.3,30.2,2.3,24.8
2025-04-09 19:56:20,97.7,34.1,32.8,99.5,31.7,90.6,32.2,97.3,85.2,102.7,392.7,30.3,1.9,24.8
2025-04-09 19:56:25,97.6,34.1,32.7,99.0,31.6,90.3,32.1,96.9,84.8,102.4,392.3,30.2,1.7,24.7
2025-04-09 19:56:30,97.5,33.9,32.7,98.8,31.6,90.1,32.1,97.0,84.7,102.2,391.8,30.2,1.8,24.7
2025-04-09 19:56:35,97.3,33.7,32.8,98.5,31.6,89.8,32.1,96.8,84.6,101.9,391.3,30.2,2.1,24.7
2025-04-09 19:56:40,97.1,33.8,32.7,98.5,31.6,89.5,32.0,96.7,84.4,101.6,390.7,30.2,2.4,24.7
2025-04-09 19:56:45,96.7,33.7,32.7,98.2,31.5,89.5,31.9,96.3,84.2,101.4,390.3,30.2,2.2,24.7
2025-04-09 19:56:50,96.5,33.6,32.7,97.8,31.4,89.4,31.8,96.1,84.1,101.2,389.8,30.1,2.0,24.6
2025-04-09 19:56:55,96.2,33.6,32.6,97.7,31.4,89.2,31.7,95.7,84.0,100.9,389.1,30.0,1.6,24.6
2025-04-09 19:57:00,95.9,33.7,32.5,97.3,31.3,88.8,31.6,95.3,83.7,100.7,388.8,30.0,1.4,24.6
2025-04-09 19:57:05,95.8,33.5,32.4,97.0,31.2,88.5,31.5,95.0,83.3,100.4,388.5,29.8,1.4,24.6
2025-04-09 19:57:10,95.7,33.4,32.4,96.5,31.0,88.1,31.5,94.7,83.1,100.2,388.2,29.8,1.2,24.6
2025-04-09 19:57:15,95.4,33.4,32.3,96.2,30.9,87.8,31.4,94.6,82.9,99.9,387.9,29.7,1.0,24.6
2025-04-09 19:57:20,95.1,33.4,32.3,95.9,30.8,87.4,31.3,94.2,82.8,99.7,387.5,29.6,0.9,24.6
2025-04-09 19:57:25,94.9,33.3,32.1,95.6,30.8,87.2,31.3,94.0,82.6,99.4,387.0,29.5,0.7,24.5
2025-04-09 19:57:30,94.6,33.0,32.0,95.3,30.7,86.8,31.1,93.8,82.3,99.1,386.8,29.6,0.6,24.5
2025-04-09 19:57:35,94.1,32.9,32.0,95.0,30.5,86.5,31.0,93.5,81.9,99.0,386.1,29.5,0.5,24.5
2025-04-09 19:57:40,93.9,33.0,31.8,94.8,30.5,86.3,31.0,93.2,81.7,98.6,385.0,29.4,0.4,24.5
2025-04-09 19:57:45,93.6,32.9,31.8,94.5,30.4,85.9,30.8,93.2,81.7,98.4,384.3,29.3,0.4,24.5
2025-04-09 19:57:50,93.4,32.9,31.7,94.4,30.3,85.7,30.7,92.6,81.3,98.2,384.3,29.1,0.4,24.5
2025-04-09 19:57:55,93.2,32.8,31.4,94.1,30.3,85.5,30.7,92.6,81.1,98.2,384.3,29.1,0.3,24.5
2025-04-09 19:58:00,93.0,32.8,31.3,93.8,30.2,85.3,30.5,92.4,80.9,97.8,383.8,29.0,0.2,24.4
2025-04-09 19:58:05,92.8,32.9,31.3,93.8,30.2,85.1,30.5,92.1,80.8,97.4,382.7,29.0,0.1,24.4
2025-04-09 19:58:10,92.4,32.8,31.1,93.4,30.0,84.8,30.4,92.0,80.5,97.3,382.5,28.9,0.1,24.4
2025-04-09 19:58:15,92.0,32.8,31.1,93.1,30.0,84.6,30.3,91.5,80.2,97.1,382.2,28.8,0.0,24.4
2025-04-09 19:58:20,91.8,32.8,31.0,93.0,29.9,84.4,30.2,91.2,79.9,96.8,381.7,28.8,0.0,24.4
2025-04-09 19:58:25,91.6,32.8,31.1,92.8,29.8,84.2,30.2,91.2,79.6,96.5,381.2,28.7,0.0,24.4
2025-04-09 19:58:30,91.2,32.9,31.0,92.4,29.8,83.8,30.1,91.0,79.5,96.2,379.7,28.7,0.0,24.4
2025-04-09 19:58:35,91.1,32.9,31.0,92.3,29.7,83.6,30.1,90.6,79.4,96.0,380.0,28.7,0.0,24.4
2025-04-09 19:58:40,90.7,33.0,30.9,92.0,29.6,83.3,30.0,90.3,79.0,95.7,379.6,28.6,0.0,24.4
2025-04-09 19:58:45,90.5,33.0,30.8,91.7,29.5,83.1,29.9,90.0,78.9,95.5,379.1,28.6,0.0,24.4
2025-04-09 19:58:50,90.4,33.1,30.7,91.5,29.4,82.9,29.8,89.7,78.5,95.3,378.8,28.6,0.0,24.4
2025-04-09 19:58:55,90.0,33.3,30.7,91.3,29.4,82.7,29.7,89.5,78.3,94.9,378.2,28.5,0.1,24.4
2025-04-09 19:59:00,89.9,33.3,30.6,91.0,29.3,82.3,29.6,89.2,78.0,94.6,378.0,28.5,0.1,24.4
2025-04-09 19:59:05,89.6,33.4,30.6,90.8,29.2,82.1,29.6,88.9,77.7,94.4,376.8,28.5,0.1,24.3
2025-04-09 19:59:10,89.4,33.4,30.5,90.5,29.1,81.8,29.5,88.7,77.5,94.1,376.1,28.4,0.0,24.3
2025-04-09 19:59:15,89.2,33.6,30.4,90.1,29.1,81.5,29.4,88.5,77.4,94.0,375.8,28.3,0.0,24.3
2025-04-09 19:59:20,89.1,33.7,30.4,90.0,29.0,81.2,29.4,88.1,77.0,93.7,375.2,28.3,0.0,24.3
2025-04-09 19:59:25,88.8,33.8,30.3,89.8,28.9,80.8,29.2,87.8,76.8,93.5,374.8,28.2,0.0,24.3
2025-04-09 19:59:30,88.5,33.9,30.2,89.5,28.9,80.5,29.1,87.6,76.6,93.2,374.1,28.1,0.0,24.3
2025-04-09 19:59:35,88.3,34.0,30.3,89.1,28.8,80.2,29.0,87.4,76.5,92.9,373.8,28.0,0.0,24.3
2025-04-09 19:59:40,88.1,34.2,30.2,88.9,28.8,80.0,29.0,87.3,76.4,92.7,373.1,28.0,0.0,24.3
2025-04-09 19:59:45,87.8,34.4,30.3,88.4,28.7,79.5,28.9,87.1,76.2,92.5,372.7,27.9,0.0,24.3
2025-04-09 19:59:50,87.7,34.5,30.2,88.3,28.6,79.2,28.9,86.8,75.9,92.2,372.1,27.9,0.0,24.3
2025-04-09 19:59:55,87.3,34.8,30.1,87.9,28.5,78.8,28.8,86.6,75.9,91.9,371.2,27.8,0.1,24.3
2025-04-09 20:00:00,87.0,35.0,30.1,87.6,28.5,78.7,28.8,86.3,75.7,91.7,370.5,27.8,0.4,24.2
2025-04-09 20:00:05,86.8,35.1,30.1,87.4,28.5,78.6,28.7,86.2,75.6,91.4,369.8,27.7,0.6,24.2
2025-04-09 20:00:10,86.5,35.3,30.1,87.3,28.4,78.4,28.7,85.9,75.6,91.2,369.4,27.7,0.8,24.2
2025-04-09 20:00:15,86.4,35.6,30.0,87.0,28.4,78.2,28.6,85.8,75.5,90.9,368.9,27.6,0.9,24.2
2025-04-09 20:00:20,86.1,35.8,30.1,86.7,28.2,78.0,28.5,85.8,75.3,90.7,368.7,27.5,0.8,24.2
2025-04-09 20:00:25,85.9,36.0,30.0,86.6,28.2,77.9,28.4,85.8,75.2,90.5,368.3,27.6,0.7,24.2
2025-04-09 20:00:30,85.7,36.3,30.0,86.5,28.1,77.8,28.4,85.2,75.1,90.3,367.7,27.5,0.7,24.2
2025-04-09 20:00:35,85.4,36.4,29.9,86.2,28.1,77.7,28.5,84.8,75.0,90.0,366.9,27.4,0.6,24.2
2025-04-09 20:00:40,85.1,36.7,29.9,86.0,28.1,77.4,28.5,84.8,74.7,89.8,366.6,27.5,0.5,24.2
2025-04-09 20:00:45,84.9,36.8,29.9,86.0,28.0,77.2,28.5,84.5,74.6,89.5,365.8,27.4,0.4,24.2
2025-04-09 20:00:50,84.9,37.3,29.9,85.5,27.9,77.0,28.5,84.2,74.2,89.3,365.4,27.4,0.4,24.1
2025-04-09 20:00:55,84.7,37.7,29.8,85.4,27.9,76.9,28.3,84.1,74.0,89.1,364.9,27.4,0.4,24.2
2025-04-09 20:01:00,84.6,38.1,29.8,85.2,28.0,76.6,28.4,83.9,73.8,89.0,364.6,27.4,0.4,24.2
2025-04-09 20:01:05,84.5,38.5,29.7,85.0,27.9,76.3,28.5,83.7,73.5,88.7,363.8,27.5,0.4,24.1
2025-04-09 20:01:10,84.4,38.9,29.7,84.7,27.8,76.1,28.4,83.5,73.3,88.5,363.4,27.4,0.6,24.1
2025-04-09 20:01:15,84.2,39.3,29.7,84.3,27.8,75.9,28.3,83.3,73.1,88.3,362.8,27.4,0.7,24.1
2025-04-09 20:01:20,83.7,39.5,29.7,84.0,27.7,75.8,28.4,83.1,72.9,88.1,362.3,27.4,1.2,24.1
2025-04-09 20:01:25,83.6,40.0,29.7,83.8,27.7,75.5,28.4,82.9,72.8,87.9,361.9,27.3,1.2,24.1
2025-04-09 20:01:30,83.3,40.3,29.6,83.5,27.7,75.3,28.4,82.5,72.4,87.7,361.0,27.4,1.2,24.1
2025-04-09 20:01:35,83.3,40.7,29.6,83.5,27.7,75.1,28.3,82.4,72.3,87.5,360.8,27.4,1.0,24.1
2025-04-09 20:01:40,83.1,41.3,29.6,83.2,27.7,74.8,28.3,81.9,72.2,87.2,360.3,27.3,1.0,24.1
2025-04-09 20:01:45,82.9,41.6,29.6,82.9,27.7,74.6,28.2,81.7,72.0,87.0,359.8,27.2,1.1,24.1
2025-04-09 20:01:50,82.7,42.1,29.5,82.7,27.7,74.5,28.3,81.6,72.0,86.8,359.4,27.3,0.9,24.1
2025-04-09 20:01:55,82.5,42.5,29.5,82.5,27.6,74.2,28.1,81.2,71.6,86.5,358.9,27.2,0.7,24.1
2025-04-09 20:02:00,82.4,42.7,29.5,82.2,27.5,73.9,28.0,81.0,71.5,86.3,358.4,27.2,0.7,24.0
2025-04-09 20:02:05,82.1,43.2,29.4,82.0,27.5,73.7,28.0,81.0,71.4,86.1,357.7,27.1,0.8,24.0
2025-04-09 20:02:10,81.8,43.5,29.3,81.7,27.5,73.4,28.0,80.8,71.2,85.9,357.3,27.1,0.8,24.0
2025-04-09 20:02:15,81.5,43.7,29.2,80.9,27.4,73.0,28.0,80.4,70.8,85.7,356.6,27.0,0.8,24.0
2025-04-09 20:02:20,81.3,44.3,29.1,81.5,27.3,73.2,28.0,80.3,70.9,85.4,356.2,27.0,0.9,24.0
2025-04-09 20:02:25,81.1,44.6,29.1,81.3,27.2,72.9,27.9,80.3,70.6,85.2,355.3,26.9,1.1,24.0
2025-04-09 20:02:30,80.9,45.1,29.0,81.1,27.2,72.7,27.9,79.8,70.2,84.9,354.8,26.8,1.1,24.0
2025-04-09 20:02:35,80.6,45.4,29.0,80.8,27.3,72.6,27.9,79.5,69.9,84.7,354.1,26.8,1.2,24.0
2025-04-09 20:02:40,80.5,45.6,29.1,80.8,27.2,72.5,27.8,79.3,69.7,84.4,353.3,26.8,1.2,24.0
2025-04-09 20:02:45,80.0,46.1,29.0,80.5,27.1,72.2,27.8,79.1,69.4,84.2,352.8,26.8,1.3,23.9
2025-04-09 20:02:50,79.8,46.5,29.0,80.2,27.2,72.0,27.8,78.9,69.2,84.0,352.4,26.8,1.3,24.0
2025-04-09 20:02:55,79.7,46.9,28.9,79.9,27.2,71.9,27.8,78.7,69.0,83.9,352.0,26.7,1.3,24.0
2025-04-09 20:03:00,79.6,47.2,28.9,79.7,27.2,71.6,27.7,78.5,68.7,83.5,351.2,26.6,1.4,23.9
2025-04-09 20:03:05,79.6,47.6,28.9,79.5,27.1,71.4,27.7,78.1,68.5,83.4,350.9,26.7,1.3,23.9
2025-04-09 20:03:10,79.4,48.1,28.9,79.4,27.1,71.2,27.6,77.7,68.3,83.0,350.0,26.7,1.3,23.9
2025-04-09 20:03:15,79.0,48.4,28.8,79.1,27.1,70.9,27.5,77.4,68.1,82.7,349.2,26.6,1.1,23.9
2025-04-09 20:03:20,78.7,48.9,28.8,79.0,27.0,70.6,27.5,77.3,68.0,82.6,348.9,26.6,1.0,23.9
2025-04-09 20:03:25,78.6,49.3,28.8,78.8,27.0,70.4,27.4,77.1,67.6,82.3,348.3,26.6,1.0,23.9
2025-04-09 20:03:30,78.4,49.7,28.7,78.6,26.8,70.0,27.3,76.8,67.4,82.2,348.1,26.5,1.0,23.9
2025-04-09 20:03:35,78.3,50.3,28.7,78.2,26.8,69.8,27.3,76.7,67.3,81.9,347.4,26.5,1.2,23.9
2025-04-09 20:03:40,78.0,50.7,28.6,78.0,26.7,69.6,27.2,76.5,67.0,81.7,346.9,26.4,1.0,23.9
2025-04-09 20:03:45,77.9,50.9,28.7,77.7,26.8,69.4,27.2,76.1,66.7,81.3,346.1,26.4,0.9,23.9
2025-04-09 20:03:50,77.8,51.6,28.6,77.5,26.6,68.9,27.2,75.7,66.4,81.1,345.2,26.3,0.8,23.9
2025-04-09 20:03:55,77.6,52.0,28.5,77.4,26.5,68.7,27.1,75.5,66.2,80.9,344.7,26.3,0.6,23.9
2025-04-09 20:04:00,77.4,52.4,28.4,77.1,26.5,68.5,27.0,75.2,66.1,80.7,344.4,26.3,0.8,23.9
2025-04-09 20:04:05,77.4,52.7,28.3,76.9,26.4,68.3,26.9,74.9,66.0,80.5,344.3,26.2,1.0,23.9
2025-04-09 20:04:10,77.3,52.9,28.2,76.8,26.4,68.1,26.9,74.7,65.9,80.2,343.4,26.2,1.1,23.8
2025-04-09 20:04:15,77.1,53.7,28.2,76.5,26.3,68.0,26.7,74.5,65.6,80.0,343.0,26.2,1.2,23.8
2025-04-09 20:04:20,77.0,54.0,28.1,76.1,26.3,67.7,26.8,74.3,65.4,79.8,342.7,26.1,1.2,23.8
2025-04-09 20:04:25,76.7,54.2,28.1,76.0,26.2,67.3,26.7,74.0,65.1,79.6,342.1,26.1,1.3,23.8
2025-04-09 20:04:30,76.6,54.5,28.1,75.9,26.1,67.1,26.6,73.8,64.9,79.3,341.5,26.0,1.2,23.8
2025-04-09 20:04:35,76.4,54.9,27.9,75.6,26.1,66.8,26.6,73.5,64.7,79.2,341.3,26.0,1.0,23.8
2025-04-09 20:04:40,76.1,55.3,27.8,75.2,26.0,66.6,26.5,73.4,64.4,78.8,340.3,25.8,0.9,23.8
2025-04-09 20:04:45,75.8,55.7,27.8,75.0,26.0,66.3,26.4,73.3,64.2,78.6,339.7,25.7,0.8,23.8
2025-04-09 20:04:50,75.6,56.0,27.7,74.7,25.9,66.1,26.4,73.2,64.1,78.4,339.4,25.7,0.7,23.8
2025-04-09 20:04:55,75.4,56.3,27.7,74.4,25.8,65.8,26.4,72.9,63.6,78.0,338.8,25.6,0.6,23.8
2025-04-09 20:05:00,75.2,56.8,27.6,74.3,25.8,65.5,26.4,72.4,63.4,77.9,338.3,25.6,0.5,23.8
2025-04-09 20:05:05,74.9,57.4,27.6,73.9,25.7,65.3,26.3,72.3,63.3,77.5,337.5,25.5,0.4,23.8
2025-04-09 20:05:10,74.7,57.8,27.5,73.6,25.6,65.2,26.3,72.0,62.9,77.3,337.1,25.4,0.4,23.8
2025-04-09 20:05:15,74.5,58.2,27.4,73.3,25.5,64.9,26.2,72.0,62.9,77.1,336.4,25.4,0.3,23.7
2025-04-09 20:05:20,74.3,58.5,27.5,73.2,25.5,64.7,26.1,71.6,62.6,76.8,336.0,25.2,0.3,23.7
2025-04-09 20:05:25,74.1,58.7,27.4,72.9,25.5,64.5,26.0,71.3,62.3,76.6,335.5,25.3,0.3,23.7
2025-04-09 20:05:30,73.9,59.1,27.4,72.8,25.4,64.2,26.0,71.0,62.1,76.3,334.8,25.2,0.4,23.7
2025-04-09 20:05:35,73.7,59.3,27.3,72.5,25.4,64.0,25.9,70.8,61.8,76.0,334.1,25.1,0.3,23.7
2025-04-09 20:05:40,73.4,59.6,27.3,72.3,25.3,63.8,25.8,70.7,61.7,75.7,333.6,25.2,0.3,23.7
2025-04-09 20:05:45,73.4,59.7,27.3,72.1,25.3,63.6,25.8,70.4,61.4,75.5,333.1,25.1,0.4,23.7
2025-04-09 20:05:50,73.2,60.0,27.2,71.8,25.3,63.2,25.8,70.2,61.3,75.3,332.8,25.0,0.6,23.7
2025-04-09 20:05:55,73.1,60.1,27.2,71.7,25.2,63.1,25.6,70.0,61.2,75.1,332.4,25.0,1.0,23.7
2025-04-09 20:06:00,73.0,60.4,27.1,71.4,25.2,62.6,25.6,69.6,60.9,74.7,331.5,24.9,1.0,23.7
2025-04-09 20:06:05,72.8,60.6,27.1,71.1,25.1,62.1,25.5,69.4,60.6,74.5,331.3,24.8,0.9,23.7
2025-04-09 20:06:10,72.7,61.0,27.0,70.8,25.1,61.2,25.4,69.2,60.3,74.2,330.8,24.8,0.7,23.7
2025-04-09 20:06:15,72.6,61.2,27.0,70.7,25.0,60.2,25.3,69.0,60.1,74.0,330.0,24.8,0.6,23.7
2025-04-09 20:06:20,72.5,61.4,27.0,70.5,24.9,59.8,25.3,68.9,60.0,73.9,329.6,24.7,0.5,23.7
2025-04-09 20:06:25,72.1,61.7,26.9,70.3,24.9,57.9,25.0,68.7,59.7,73.6,329.1,24.6,0.4,23.6
2025-04-09 20:06:30,72.0,61.9,26.8,70.3,24.8,57.0,25.0,68.4,59.5,73.5,328.9,24.7,0.4,23.6
2025-04-09 20:06:35,71.6,62.1,26.8,69.9,24.7,55.8,24.9,68.1,59.4,73.2,328.2,24.5,0.4,23.6
2025-04-09 20:06:40,71.3,62.1,26.7,69.8,24.7,54.1,24.9,67.8,59.1,72.9,327.7,24.4,0.4,23.6
2025-04-09 20:06:45,71.0,62.4,26.6,69.5,24.7,53.6,25.0,67.8,59.1,72.8,327.1,24.4,0.4,23.6
2025-04-09 20:06:50,70.9,62.5,26.6,69.1,24.6,51.2,24.9,67.5,58.9,72.5,326.5,24.3,0.5,23.6
2025-04-09 20:06:55,70.7,62.6,26.5,69.0,24.5,49.6,24.7,67.1,58.5,72.3,325.9,24.1,0.4,23.6
2025-04-09 20:07:00,70.4,62.8,26.5,68.7,24.6,48.9,24.7,66.9,58.4,72.0,325.1,24.1,0.3,23.6
2025-04-09 20:07:05,70.2,63.0,26.4,68.4,24.4,46.7,24.7,66.7,58.2,71.8,324.6,24.0,0.2,23.6
2025-04-09 20:07:10,70.1,63.0,26.4,68.4,24.5,46.6,24.6,66.4,58.0,71.5,323.9,23.9,0.1,23.6
2025-04-09 20:07:15,69.8,63.2,26.3,68.3,24.4,44.8,24.5,66.2,57.8,71.3,323.3,23.8,0.1,23.6
2025-04-09 20:07:20,69.6,63.1,26.2,68.0,24.3,42.9,24.4,66.1,57.6,71.1,322.8,23.6,0.0,23.6
2025-04-09 20:07:25,69.4,63.3,26.2,67.8,24.3,41.4,24.3,65.9,57.4,70.8,322.2,23.6,0.0,23.6
2025-04-09 20:07:30,69.1,63.3,26.1,67.9,24.3,39.9,24.3,65.7,57.2,70.6,321.6,23.4,0.0,23.6
2025-04-09 20:07:35,68.8,63.4,25.9,67.7,24.2,38.7,24.2,65.5,56.9,70.5,321.3,23.4,0.0,23.6
2025-04-09 20:07:40,68.5,63.5,25.9,67.6,24.1,36.9,24.0,65.4,56.7,70.1,320.6,23.4,0.0,23.5
2025-04-09 20:07:45,68.5,63.6,25.9,67.5,24.0,35.2,24.0,65.3,56.7,70.0,320.1,23.3,0.0,23.5
2025-04-09 20:07:50,68.2,63.8,25.8,67.4,24.0,34.4,24.0,65.1,56.6,69.7,319.1,23.3,0.0,23.5
2025-04-09 20:07:55,68.1,63.9,25.7,67.0,23.8,32.1,23.9,64.7,56.2,69.4,318.2,23.2,0.0,23.5
2025-04-09 20:08:00,67.8,63.9,25.7,66.9,23.7,30.7,23.8,64.6,55.9,69.3,317.9,23.2,0.0,23.5
2025-04-09 20:08:05,67.8,64.1,25.5,66.6,23.7,30.3,23.7,64.4,55.7,69.1,317.1,23.2,0.0,23.5
2025-04-09 20:08:10,67.4,64.0,25.5,66.3,23.6,28.7,23.6,64.3,55.5,68.9,316.6,23.2,0.0,23.5
2025-04-09 20:08:15,67.1,64.1,25.5,66.2,23.6,27.7,23.5,64.3,55.4,68.6,315.8,23.1,0.0,23.5
2025-04-09 20:08:20,66.9,64.1,25.3,65.7,23.4,26.5,23.5,64.1,55.4,68.4,315.2,23.1,0.0,23.5
2025-04-09 20:08:25,66.7,64.2,25.3,65.6,23.2,25.5,23.3,63.8,55.3,68.1,314.7,23.2,0.0,23.5
2025-04-09 20:08:30,66.7,64.1,25.3,65.5,23.2,24.7,23.3,63.6,55.0,67.9,314.1,23.1,0.0,23.5
2025-04-09 20:08:35,66.5,64.1,25.2,65.5,23.2,24.2,23.3,63.2,55.0,67.7,313.6,23.1,0.0,23.5
2025-04-09 20:08:40,66.4,64.0,25.1,65.4,23.1,23.6,23.4,63.2,54.9,67.4,312.9,23.1,0.0,23.5
2025-04-09 20:08:45,66.1,64.0,25.1,65.3,23.0,23.1,23.4,63.1,54.5,67.2,312.3,23.1,0.0,23.5
2025-04-09 20:08:50,65.9,63.9,25.0,65.2,23.0,22.9,23.4,62.9,54.4,67.0,311.7,23.0,0.1,23.4
2025-04-09 20:08:55,65.7,63.9,24.9,64.7,23.1,22.4,23.4,62.6,54.4,66.8,311.0,23.0,0.7,23.4
2025-04-09 20:09:00,65.4,63.9,24.9,64.7,23.1,22.4,23.3,62.4,54.4,66.6,310.5,23.0,1.1,23.4
2025-04-09 20:09:05,65.4,63.8,24.8,64.5,23.1,22.4,23.3,62.2,54.2,66.4,309.9,23.0,1.1,23.4
2025-04-09 20:09:10,65.1,63.8,24.8,64.2,23.1,22.5,23.3,62.0,54.0,66.2,309.3,23.0,1.7,23.4
2025-04-09 20:09:15,64.8,63.7,24.8,64.0,23.0,22.6,23.3,61.8,53.8,66.0,309.0,23.1,1.9,23.4
2025-04-09 20:09:20,64.8,63.6,24.8,64.0,22.9,22.6,23.3,61.8,53.7,65.9,308.6,23.0,1.9,23.4
2025-04-09 20:09:25,64.6,63.6,24.8,63.8,23.0,22.6,23.4,61.6,53.5,65.7,308.1,23.0,2.2,23.4
2025-04-09 20:09:30,64.4,63.4,24.7,63.6,23.0,22.6,23.3,61.4,53.2,65.5,307.8,23.1,2.4,23.4
2025-04-09 20:09:35,64.4,63.3,24.7,63.2,23.0,22.6,23.3,61.2,53.0,65.3,306.8,23.1,2.4,23.4
2025-04-09 20:09:40,64.1,63.3,24.8,63.1,23.0,22.6,23.3,60.9,52.9,65.2,306.5,23.0,2.7,23.4
2025-04-09 20:09:45,64.1,63.2,24.8,62.8,22.9,22.5,23.2,60.7,52.8,65.1,306.0,23.0,2.8,23.4
2025-04-09 20:09:50,63.9,63.0,24.7,62.6,22.9,22.5,23.2,60.7,52.7,64.9,305.6,23.0,2.6,23.4
2025-04-09 20:09:55,63.8,62.9,24.7,62.5,22.9,22.5,23.2,60.3,52.5,64.8,305.1,23.1,2.5,23.4
2025-04-09 20:10:00,63.7,62.8,24.6,62.4,22.9,22.4,23.2,60.4,52.2,64.5,304.4,23.0,2.5,23.4
2025-04-09 20:10:05,63.5,62.6,24.6,62.1,22.9,22.3,23.1,60.2,52.2,64.4,303.8,22.9,2.3,23.4
2025-04-09 20:10:10,63.3,62.6,24.5,62.1,22.9,22.3,23.1,60.1,52.2,64.1,303.2,22.9,1.9,23.4
2025-04-09 20:10:15,63.2,62.3,24.5,62.0,22.7,22.3,23.0,59.8,51.9,63.9,302.6,22.7,1.8,23.4
2025-04-09 20:10:20,62.9,62.2,24.4,61.7,22.8,22.3,23.1,59.4,51.9,63.8,301.9,22.6,1.7,23.4
2025-04-09 20:10:25,62.7,61.8,24.4,61.6,22.8,22.2,23.0,59.3,51.8,63.6,301.5,22.6,1.7,23.4
2025-04-09 20:10:30,62.4,61.6,24.3,61.4,22.6,22.3,23.0,59.1,51.6,63.4,301.2,22.5,1.4,23.4
2025-04-09 20:10:35,62.2,61.6,24.3,61.2,22.6,22.3,22.9,58.3,51.5,63.2,300.5,22.4,1.4,23.4
2025-04-09 20:10:40,62.0,61.5,24.2,60.7,22.6,22.2,22.8,57.4,51.5,63.1,300.1,22.4,1.4,23.4
2025-04-09 20:10:45,61.8,61.2,24.1,60.7,22.4,22.1,22.7,56.5,51.3,62.9,299.5,22.3,1.3,23.4
2025-04-09 20:10:50,61.6,61.0,24.1,60.5,22.3,22.2,22.7,54.9,51.2,62.7,298.9,22.3,1.3,23.3
2025-04-09 20:10:55,61.3,60.7,24.1,60.1,22.3,22.1,22.6,53.3,51.0,62.5,298.1,22.3,1.6,23.3
2025-04-09 20:11:00,61.1,60.7,23.9,60.1,22.3,22.3,22.6,52.7,50.8,62.3,297.8,22.2,1.8,23.4
2025-04-09 20:11:05,60.9,60.4,23.9,60.2,22.1,22.3,22.5,50.8,50.8,62.1,297.0,22.2,2.1,23.4
2025-04-09 20:11:10,60.9,60.3,23.8,59.9,22.1,22.3,22.4,49.8,50.7,61.9,296.4,22.2,2.0,23.3
2025-04-09 20:11:15,60.6,60.0,23.7,59.6,22.1,22.2,22.5,48.7,50.7,61.8,296.2,22.2,1.6,23.3
2025-04-09 20:11:20,60.5,59.8,23.6,59.5,22.0,22.3,22.4,46.5,50.3,61.6,295.8,22.2,1.6,23.3
2025-04-09 20:11:25,60.1,59.7,23.5,59.3,22.0,22.2,22.3,45.6,50.1,61.4,295.3,22.1,1.8,23.3
2025-04-09 20:11:30,59.9,59.4,23.6,59.1,22.0,22.3,22.3,44.8,50.0,61.2,294.9,22.1,2.0,23.3
2025-04-09 20:11:35,59.8,59.3,23.6,59.0,21.9,22.2,22.2,42.7,49.7,61.1,294.4,22.0,1.7,23.3
2025-04-09 20:11:40,59.5,59.1,23.5,58.8,21.8,22.1,22.2,41.1,49.5,60.8,293.7,22.1,1.5,23.3
2025-04-09 20:11:45,59.3,58.8,23.4,58.7,21.7,22.0,22.0,40.0,49.2,60.7,293.2,22.0,1.4,23.3
2025-04-09 20:11:50,59.2,58.7,23.3,58.5,21.7,22.0,22.0,39.2,49.2,60.5,292.7,22.0,1.5,23.3
2025-04-09 20:11:55,59.0,58.6,23.2,58.3,21.6,22.0,21.9,37.3,48.9,60.2,291.9,22.0,1.5,23.3
2025-04-09 20:12:00,58.6,58.2,23.2,58.0,21.5,22.0,21.8,35.7,48.8,60.0,291.5,22.0,1.5,23.3
2025-04-09 20:12:05,58.5,58.3,23.1,57.8,21.4,22.0,21.8,34.3,48.7,59.8,290.7,21.9,1.5,23.3
2025-04-09 20:12:10,58.0,58.0,23.1,57.7,21.3,21.9,21.7,33.1,48.5,59.6,290.2,21.9,1.4,23.3
2025-04-09 20:12:15,57.9,57.8,23.0,57.5,21.3,21.9,21.7,31.9,48.4,59.4,289.7,21.8,1.3,23.3
2025-04-09 20:12:20,57.9,57.6,23.0,57.4,21.2,21.9,21.5,29.8,48.2,59.1,289.3,21.8,1.3,23.3
2025-04-09 20:12:25,57.5,57.4,22.9,57.0,21.1,21.8,21.6,29.1,48.0,58.9,288.6,21.6,1.1,23.3
2025-04-09 20:12:30,57.4,57.3,22.8,56.8,21.1,21.7,21.4,27.4,47.8,58.8,288.2,21.6,1.1,23.2
2025-04-09 20:12:35,57.2,57.0,22.7,56.7,21.0,21.7,21.4,26.5,47.7,58.1,287.2,21.5,1.0,23.2
2025-04-09 20:12:40,57.0,56.9,22.6,56.4,20.9,21.7,21.2,25.5,47.5,57.7,286.6,21.5,1.1,23.2
2025-04-09 20:12:45,56.8,56.6,22.5,56.3,20.8,21.6,21.3,25.2,47.4,57.4,286.1,21.4,1.1,23.2
2025-04-09 20:12:50,56.5,56.4,22.6,56.1,20.8,21.7,21.2,24.1,46.9,56.8,285.4,21.5,0.9,23.2
2025-04-09 20:12:55,56.3,56.2,22.5,55.9,20.8,21.7,21.3,23.7,46.9,56.6,284.6,21.4,1.1,23.2
2025-04-09 20:13:00,56.0,55.9,22.4,55.8,20.8,21.7,21.2,23.3,46.7,56.1,283.9,21.3,1.3,23.2
2025-04-09 20:13:05,55.9,55.7,22.4,55.7,20.7,21.6,21.1,22.8,46.4,55.7,283.3,21.3,1.3,23.2
2025-04-09 20:13:10,55.8,55.5,22.3,55.5,20.7,21.5,21.1,22.6,46.1,55.1,282.5,21.2,1.5,23.2
2025-04-09 20:13:15,55.6,55.2,22.2,55.0,20.7,21.3,21.1,22.1,45.9,54.7,281.9,21.1,1.7,23.2
2025-04-09 20:13:20,55.3,55.0,22.2,54.8,20.8,21.3,21.0,21.8,45.8,54.2,280.9,21.1,2.0,23.2
2025-04-09 20:13:25,55.1,54.7,22.2,54.6,20.7,21.1,21.1,21.5,45.5,53.6,279.9,20.9,2.1,23.2
2025-04-09 20:13:30,54.8,54.6,22.3,54.2,20.7,21.0,21.1,21.5,45.3,53.2,279.3,21.0,2.1,23.2
2025-04-09 20:13:35,54.7,54.5,22.2,54.0,20.5,21.0,21.1,21.3,45.0,52.7,278.7,20.9,2.1,23.2
2025-04-09 20:13:40,54.5,54.2,22.1,53.7,20.6,20.9,21.0,21.3,44.8,52.4,277.2,20.9,1.8,23.2
2025-04-09 20:13:45,54.2,53.9,22.1,53.4,20.6,21.0,21.0,21.2,44.6,52.2,276.9,20.8,1.8,23.2
2025-04-09 20:13:50,54.1,53.6,22.1,53.0,20.6,20.9,20.9,21.2,44.4,51.8,275.9,20.7,2.3,23.2
2025-04-09 20:13:55,53.9,53.3,22.1,52.8,20.5,20.8,20.9,21.0,43.9,51.3,274.7,20.6,2.0,23.2
2025-04-09 20:14:00,53.7,53.2,22.0,52.7,20.4,20.9,20.9,20.9,43.5,51.1,274.3,20.6,2.0,23.2
2025-04-09 20:14:05,53.5,52.8,21.9,52.4,20.4,20.9,20.7,20.9,43.2,50.7,273.6,20.5,1.8,23.2
2025-04-09 20:14:10,53.3,52.6,21.9,52.2,20.4,20.7,20.8,20.8,43.0,50.6,272.9,20.5,1.7,23.2
2025-04-09 20:14:15,53.0,52.3,21.8,52.2,20.2,20.7,20.7,20.8,42.6,50.3,272.1,20.4,1.7,23.2
2025-04-09 20:14:20,52.9,52.3,21.7,52.0,20.2,20.6,20.7,20.8,42.0,50.0,271.4,20.3,1.7,23.2
2025-04-09 20:14:25,52.6,52.0,21.7,51.7,20.2,20.5,20.6,20.6,41.6,49.8,270.9,20.2,1.7,23.2
2025-04-09 20:14:30,52.4,51.8,21.7,51.3,20.0,20.4,20.5,20.6,41.3,49.6,270.2,20.1,1.8,23.2
2025-04-09 20:14:35,52.2,51.7,21.5,51.1,19.9,20.4,20.6,20.6,41.1,49.5,269.4,19.9,1.5,23.2
2025-04-09 20:14:40,51.9,51.5,21.5,51.0,19.9,20.4,20.5,20.6,41.0,49.3,268.7,19.9,1.3,23.1
2025-04-09 20:14:45,51.7,51.3,21.4,50.6,19.9,20.3,20.4,20.5,40.8,49.2,268.0,19.8,1.2,23.1
2025-04-09 20:14:50,51.5,51.1,21.3,50.5,19.9,20.3,20.3,20.4,40.6,49.2,267.6,19.8,1.5,23.1
2025-04-09 20:14:55,51.3,51.0,21.3,50.4,19.8,20.2,20.2,20.5,40.3,49.3,267.0,19.8,1.7,23.1
2025-04-09 20:15:00,51.2,50.7,21.2,50.3,19.7,20.2,20.2,20.5,40.1,49.4,266.4,19.7,1.8,23.1
2025-04-09 20:15:05,51.0,50.6,21.2,50.2,19.6,20.1,20.1,20.4,39.9,49.5,266.0,19.8,1.6,23.1
2025-04-09 20:15:10,51.0,50.3,21.2,49.9,19.6,20.2,20.1,20.3,39.7,50.0,265.3,19.7,1.7,23.1
2025-04-09 20:15:15,50.9,50.2,21.1,49.8,19.6,20.3,20.0,20.5,39.4,50.3,264.8,19.7,1.5,23.1
2025-04-09 20:15:20,50.7,49.8,21.0,49.5,19.6,20.1,20.0,20.5,39.4,50.6,264.3,19.7,1.2,23.1
2025-04-09 20:15:25,50.5,49.8,21.0,49.4,19.5,20.1,19.9,20.4,39.2,50.8,264.0,19.6,1.1,23.1
2025-04-09 20:15:30,50.2,49.7,20.9,49.4,19.5,20.2,19.8,20.3,39.0,50.8,263.5,19.6,1.0,23.1
2025-04-09 20:15:35,50.0,49.3,20.9,49.1,19.4,20.1,19.8,20.4,39.0,50.7,262.9,19.4,0.9,23.1
2025-04-09 20:15:40,49.9,49.2,20.8,49.0,19.4,20.2,19.8,20.1,38.8,50.6,262.4,19.4,0.9,23.1
2025-04-09 20:15:45,49.7,49.2,20.8,48.8,19.4,20.1,19.8,20.1,38.5,50.5,261.5,19.4,0.9,23.1
2025-04-09 20:15:50,49.6,48.9,20.8,48.7,19.4,20.1,19.7,20.1,38.5,50.4,261.0,19.3,0.9,23.1
2025-04-09 20:15:55,49.5,48.7,20.7,48.5,19.3,20.0,19.6,19.9,38.4,50.2,260.4,19.2,0.9,23.1
2025-04-09 20:16:00,49.3,48.4,20.6,48.3,19.2,19.8,19.7,20.0,38.4,50.1,259.9,19.1,1.1,23.1
2025-04-09 20:16:05,49.1,48.2,20.6,48.0,19.2,19.7,19.5,19.8,38.2,49.8,258.9,18.9,1.1,23.1
2025-04-09 20:16:10,49.1,48.1,20.5,47.9,19.1,19.7,19.3,19.8,38.1,49.7,258.6,18.8,1.1,23.1
2025-04-09 20:16:15,48.8,47.8,20.4,47.7,19.0,19.5,19.3,19.7,38.1,49.5,258.1,18.7,0.9,23.0
2025-04-09 20:16:20,48.6,47.7,20.4,47.5,18.9,19.5,19.3,19.5,38.0,49.3,257.5,18.6,0.8,23.0
2025-04-09 20:16:25,48.3,47.6,20.3,47.4,18.9,19.5,19.2,19.5,37.9,49.1,256.9,18.4,0.9,23.0
2025-04-09 20:16:30,48.0,47.4,20.2,46.8,18.7,19.3,19.0,19.4,37.8,49.0,256.3,18.3,0.7,23.0
2025-04-09 20:16:35,47.9,47.3,20.1,46.4,18.6,19.3,18.9,19.4,37.8,48.8,255.8,18.2,0.7,23.0
2025-04-09 20:16:40,47.8,47.0,20.1,45.8,18.5,19.1,18.7,19.3,37.9,48.6,255.0,18.0,0.8,23.0
2025-04-09 20:16:45,47.6,46.8,19.9,45.4,18.5,19.1,18.8,19.4,37.9,48.4,254.6,18.1,0.8,23.0
2025-04-09 20:16:50,47.5,46.7,19.9,45.1,18.4,19.0,18.7,19.3,37.8,48.2,253.8,18.0,1.1,23.0
2025-04-09 20:16:55,47.3,46.2,19.7,44.2,18.2,19.0,18.6,19.3,37.7,48.0,253.5,18.0,1.0,23.0
2025-04-09 20:17:00,47.2,46.1,19.6,43.8,18.1,19.0,18.6,19.3,37.7,47.8,253.2,17.9,1.3,23.0
2025-04-09 20:17:05,46.9,45.9,19.6,43.5,18.1,18.9,18.6,19.3,37.5,47.6,252.5,17.9,1.3,23.0
2025-04-09 20:17:10,46.7,45.8,19.5,43.1,18.1,18.9,18.5,19.2,37.4,47.4,251.9,17.9,1.4,23.0
2025-04-09 20:17:15,46.7,45.7,19.5,42.9,18.0,18.8,18.4,19.0,37.3,47.2,251.4,17.8,1.3,23.0
2025-04-09 20:17:20,46.4,45.4,19.5,42.4,18.0,18.8,18.3,19.0,37.2,47.0,250.9,17.9,1.1,23.0
2025-04-09 20:17:25,46.1,45.3,19.4,42.2,17.9,18.7,18.2,18.9,37.1,46.8,250.4,17.8,0.9,23.0
2025-04-09 20:17:30,46.0,45.2,19.3,41.9,17.8,18.6,18.1,19.0,36.7,46.6,249.4,17.8,0.7,23.0
2025-04-09 20:17:35,45.7,44.9,19.3,41.6,17.8,18.6,18.0,18.9,36.5,46.4,248.6,17.8,0.6,23.0
2025-04-09 20:17:40,45.7,44.7,19.3,41.5,17.8,18.5,17.9,18.9,36.1,46.1,247.3,17.7,0.6,23.0
2025-04-09 20:17:45,45.4,44.2,19.1,41.2,17.7,18.3,17.7,18.8,35.4,45.9,246.1,17.6,0.5,22.9
2025-04-09 20:17:50,45.2,44.1,19.1,41.3,17.6,18.4,17.7,18.7,34.9,45.6,244.7,17.5,0.4,22.9
2025-04-09 20:17:55,45.1,43.6,18.9,41.1,17.5,18.2,17.7,18.7,34.6,45.4,243.4,17.4,0.5,22.9
2025-04-09 20:18:00,44.8,43.4,18.9,41.0,17.5,18.2,17.6,18.6,33.5,45.0,241.4,17.3,0.7,22.9
2025-04-09 20:18:05,44.4,43.0,18.8,41.0,17.4,18.1,17.5,18.6,32.5,44.9,240.6,17.3,0.8,22.9
2025-04-09 20:18:10,44.0,42.6,18.7,41.0,17.4,18.1,17.3,18.6,31.7,44.5,238.6,17.2,0.8,22.9
2025-04-09 20:18:15,43.6,42.2,18.6,40.8,17.3,18.0,17.4,18.4,30.9,44.0,235.4,17.2,0.9,22.9
2025-04-09 20:18:20,43.2,41.8,18.5,40.7,17.2,18.0,17.2,18.3,30.5,43.8,234.0,17.0,1.1,22.9
2025-04-09 20:18:25,42.8,41.5,18.4,40.6,17.2,17.9,17.1,18.4,29.3,43.4,231.8,17.0,1.2,22.9
2025-04-09 20:18:30,42.5,41.1,18.4,40.6,17.1,17.8,17.2,18.1,28.0,43.0,229.8,16.9,1.1,22.9
2025-04-09 20:18:35,42.2,40.8,18.2,40.4,17.0,17.8,17.0,18.1,27.8,42.7,227.3,16.8,0.9,22.9
2025-04-09 20:18:40,41.9,40.6,18.2,40.4,16.9,17.6,17.0,18.1,26.8,42.4,225.6,16.8,0.8,22.9
2025-04-09 20:18:45,41.5,40.2,18.0,40.0,17.0,17.6,17.0,18.1,26.2,42.0,223.3,16.7,0.7,22.9
2025-04-09 20:18:50,41.2,40.0,17.9,39.9,16.8,17.5,16.8,17.9,25.0,41.6,221.2,16.5,0.8,22.9
2025-04-09 20:18:55,40.9,39.7,17.9,39.6,16.6,17.5,16.7,17.7,24.1,41.3,219.6,16.5,0.8,22.9
2025-04-09 20:19:00,40.7,39.5,17.8,39.3,16.5,17.5,16.5,17.8,23.4,41.0,217.2,16.4,0.9,22.9
2025-04-09 20:19:05,40.2,39.2,17.8,39.1,16.5,17.4,16.5,17.8,22.5,40.7,215.5,16.3,0.9,22.9
2025-04-09 20:19:10,40.1,39.0,17.8,38.7,16.4,17.4,16.2,17.7,21.8,40.3,213.2,16.3,0.9,22.9
2025-04-09 20:19:15,39.6,38.6,17.6,38.4,16.3,17.4,16.1,17.6,20.5,40.0,211.1,16.1,0.8,22.9
2025-04-09 20:19:20,39.3,38.1,17.4,38.1,16.1,17.4,16.0,17.6,19.8,39.6,209.1,16.1,0.7,22.9
2025-04-09 20:19:25,38.9,37.7,17.3,37.8,16.0,17.3,16.0,17.5,19.8,39.4,207.6,16.1,0.8,22.9
2025-04-09 20:19:30,38.6,37.3,17.3,37.5,15.8,17.3,15.9,17.5,18.3,38.9,204.4,16.1,0.7,22.8
2025-04-09 20:19:35,38.2,36.8,17.2,37.1,15.7,17.2,15.8,17.4,18.0,38.7,203.3,16.1,0.5,22.8
2025-04-09 20:19:40,37.7,36.2,17.0,36.8,15.8,17.1,15.6,17.4,17.6,38.3,200.3,16.0,0.5,22.8
2025-04-09 20:19:45,37.3,36.0,17.0,36.5,15.7,17.1,15.6,17.3,17.2,38.0,198.2,15.9,0.5,22.8
2025-04-09 20:19:50,37.1,35.9,16.9,36.3,15.6,17.0,15.4,17.2,16.9,37.5,195.2,15.9,0.9,22.8
2025-04-09 20:19:55,36.2,35.3,16.7,35.8,15.6,17.1,15.4,17.2,16.7,37.2,192.7,15.7,0.9,22.8
2025-04-09 20:20:00,35.9,34.9,16.6,35.2,15.5,16.8,15.2,17.1,16.5,36.8,190.2,15.7,1.4,22.8
2025-04-09 20:20:05,35.5,34.6,16.5,35.1,15.5,16.8,15.1,17.1,16.2,36.4,188.6,15.7,1.7,22.8
2025-04-09 20:20:10,35.0,34.0,16.3,34.8,15.5,16.8,15.0,17.1,16.1,36.0,184.0,15.6,1.7,22.8
2025-04-09 20:20:15,34.7,33.8,16.2,34.4,15.3,16.8,15.0,17.0,15.9,35.8,182.1,15.6,1.8,22.8
2025-04-09 20:20:20,34.1,33.2,16.1,33.6,15.3,16.7,15.0,17.0,15.6,35.0,176.0,15.5,2.2,22.8
2025-04-09 20:20:25,33.7,32.7,16.0,33.2,15.3,16.6,14.9,16.8,15.4,34.6,172.4,15.5,2.6,22.8
2025-04-09 20:20:30,33.0,32.0,15.9,32.6,15.4,16.5,15.0,16.9,15.4,34.2,169.1,15.4,2.4,22.8
2025-04-09 20:20:35,32.5,31.5,15.8,32.1,15.4,16.4,14.9,16.6,15.3,33.4,162.1,15.3,2.2,22.8
2025-04-09 20:20:40,32.0,30.8,15.8,31.5,15.2,16.4,14.7,16.5,15.2,33.1,159.2,15.3,2.2,22.8
2025-04-09 20:20:45,31.2,30.0,15.8,30.6,15.1,16.3,14.7,16.4,15.2,32.4,152.9,15.2,2.1,22.8
2025-04-09 20:20:50,30.5,29.3,15.7,29.9,14.9,16.3,14.5,16.3,15.0,31.8,147.6,15.2,2.0,22.8
2025-04-09 20:20:55,30.2,28.4,15.7,29.5,14.8,16.2,14.5,16.3,15.0,31.0,139.8,15.1,1.7,22.8
2025-04-09 20:21:00,28.9,27.7,15.6,28.4,14.8,16.0,14.4,16.1,15.0,30.2,134.0,15.1,1.8,22.8
2025-04-09 20:21:05,28.1,26.9,15.6,27.7,14.8,16.0,14.3,16.1,14.8,29.5,127.9,15.0,1.8,22.8
2025-04-09 20:21:10,27.7,26.4,15.5,27.0,14.8,15.9,14.3,15.9,14.7,28.7,120.7,15.0,1.5,22.8
2025-04-09 20:21:15,26.7,25.4,15.4,26.6,14.7,15.8,14.2,15.8,14.6,28.0,115.0,14.7,1.4,22.8
2025-04-09 20:21:20,26.4,24.7,15.3,25.6,14.7,15.7,14.0,15.7,14.4,27.6,111.7,14.7,1.4,22.8
2025-04-09 20:21:25,25.5,24.0,15.2,24.7,14.5,15.7,13.8,15.4,14.3,26.5,101.8,14.6,1.3,22.8
2025-04-09 20:21:30,24.8,23.4,15.1,24.2,14.5,15.5,13.8,15.3,14.3,26.2,99.3,14.6,1.3,22.7
2025-04-09 20:21:35,23.7,22.6,14.9,23.6,14.4,15.4,13.6,15.2,14.2,25.4,92.5,14.4,1.4,22.7
2025-04-09 20:21:40,23.3,21.8,14.8,22.9,14.3,15.3,13.5,15.0,14.0,24.6,85.2,14.3,1.6,22.7
2025-04-09 20:21:45,22.5,21.2,14.6,22.1,14.1,15.0,13.4,15.0,13.9,24.3,82.3,14.1,1.6,22.7
2025-04-09 20:21:50,21.8,20.6,14.4,21.4,13.9,14.9,13.1,14.7,13.8,23.6,76.5,14.1,1.3,22.7
2025-04-09 20:21:55,21.2,20.0,14.3,20.8,13.7,14.7,13.1,14.7,13.6,23.0,71.7,14.0,1.2,22.7
2025-04-09 20:22:00,20.4,19.3,14.2,20.4,13.7,14.7,12.9,14.7,13.5,22.3,66.1,13.9,1.4,22.7
2025-04-09 20:22:05,19.9,18.9,14.0,19.5,13.4,14.4,12.7,14.5,13.2,21.8,62.0,13.7,1.4,22.7
2025-04-09 20:22:10,19.4,18.3,13.8,18.9,13.3,14.1,12.6,14.3,13.0,21.3,58.0,13.5,1.6,22.7
2025-04-09 20:22:15,18.8,17.6,13.7,18.6,13.2,14.0,12.5,14.2,12.8,20.7,53.2,13.4,1.6,22.7
2025-04-09 20:22:20,18.4,17.2,13.5,18.0,13.0,13.8,12.3,13.9,12.6,20.3,49.7,13.2,1.4,22.7
2025-04-09 20:22:25,18.1,16.9,13.3,17.4,12.8,13.7,12.1,13.9,12.5,19.7,45.8,13.0,1.3,22.7
2025-04-09 20:22:30,17.4,16.4,13.2,17.0,12.6,13.5,12.0,13.6,12.3,19.3,43.0,12.9,0.9,22.7
2025-04-09 20:22:35,17.0,15.7,13.1,16.6,12.5,13.3,11.8,13.4,12.1,19.0,40.8,12.8,0.8,22.7
2025-04-09 20:22:40,16.9,15.6,13.0,16.1,12.3,13.2,11.6,13.2,11.9,18.5,39.4,12.7,0.7,22.7
2025-04-09 20:22:45,16.6,15.2,12.8,15.7,12.1,13.1,11.5,13.1,11.7,18.2,36.6,12.6,0.5,22.7
2025-04-09 20:22:50,16.3,14.9,12.9,15.5,12.0,13.0,11.4,12.9,11.6,18.1,36.0,12.5,0.5,22.7
2025-04-09 20:22:55,15.9,14.6,12.7,15.1,11.8,12.8,11.2,12.7,11.6,17.7,33.9,12.4,0.3,22.7
2025-04-09 20:23:00,15.7,14.3,12.6,14.9,11.7,12.5,11.2,12.6,11.3,17.5,32.6,12.3,0.2,22.7
2025-04-09 20:23:05,15.5,14.0,12.4,14.6,11.5,12.6,11.0,12.6,11.2,17.2,31.3,12.1,0.2,22.7
2025-04-09 20:23:10,15.2,13.8,12.3,14.3,11.4,12.2,10.9,12.5,11.2,17.0,30.2,12.0,0.2,22.6
2025-04-09 20:23:15,14.9,13.6,12.2,14.1,11.4,12.1,10.8,12.3,11.0,16.8,29.4,11.9,0.2,22.7
2025-04-09 20:23:20,14.7,13.4,12.1,13.9,11.3,12.0,10.7,12.2,10.9,16.5,28.4,11.7,0.1,22.7
2025-04-09 20:23:25,14.5,13.2,11.9,13.7,11.1,12.0,10.5,12.0,10.8,16.3,27.6,11.6,0.4,22.6
2025-04-09 20:23:30,14.2,13.1,11.9,13.6,11.0,11.9,10.4,12.0,10.6,16.1,26.8,11.5,1.2,22.6
2025-04-09 20:23:35,14.0,12.8,11.6,13.2,10.9,11.7,10.3,11.8,10.5,15.9,26.2,11.4,1.5,22.6
2025-04-09 20:23:40,13.8,12.7,11.4,13.1,10.8,11.6,10.2,11.6,10.4,15.8,25.8,11.3,1.6,22.6
2025-04-09 20:23:45,13.7,12.6,11.3,12.9,10.7,11.5,10.1,11.6,10.3,15.6,25.4,11.2,1.5,22.6
2025-04-09 20:23:50,13.4,12.4,11.3,12.8,10.6,11.4,10.1,11.4,10.1,15.4,24.8,11.1,1.2,22.6
2025-04-09 20:23:55,13.3,12.4,11.2,12.6,10.5,11.3,10.0,11.2,10.0,15.3,24.7,11.0,1.2,22.6
2025-04-09 20:24:00,13.1,12.2,11.1,12.5,10.4,11.2,9.9,11.1,9.9,15.0,24.4,10.8,1.0,22.6
2025-04-09 20:24:05,13.0,12.2,11.0,12.3,10.3,11.2,9.7,10.9,9.7,14.9,24.3,10.7,1.0,22.6
2025-04-09 20:24:10,13.0,12.1,10.9,12.2,10.2,11.1,9.7,10.7,9.7,14.8,24.3,10.5,1.2,22.6
2025-04-09 20:24:15,12.9,12.0,10.8,12.3,10.1,10.9,9.8,10.7,9.4,14.7,24.7,10.5,1.4,22.6
2025-04-09 20:24:20,12.8,11.9,10.7,12.2,10.0,10.7,9.6,10.6,9.4,14.6,24.9,10.3,1.3,22.6
2025-04-09 20:24:25,12.7,11.8,10.5,12.1,9.8,10.6,9.5,10.6,9.3,14.5,25.5,10.2,1.3,22.6
2025-04-09 20:24:30,12.6,11.7,10.5,12.0,9.8,10.5,9.5,10.4,9.1,14.4,26.1,10.2,1.1,22.6
2025-04-09 20:24:35,12.5,11.6,10.4,12.0,9.8,10.4,9.5,10.4,9.0,14.4,27.1,10.2,1.2,22.6
2025-04-09 20:24:40,12.5,11.6,10.4,11.9,9.6,10.3,9.3,10.1,8.8,14.3,28.2,10.1,1.6,22.6
2025-04-09 20:24:45,12.5,11.6,10.3,12.0,9.5,10.2,9.4,10.1,8.6,14.3,29.2,10.1,1.6,22.6
2025-04-09 20:24:50,12.5,11.6,10.3,11.9,9.5,10.0,9.2,9.9,8.5,14.2,30.5,9.9,1.5,22.6
2025-04-09 20:24:55,12.6,11.6,10.2,11.9,9.4,10.0,9.3,9.8,8.4,14.2,31.5,9.9,1.3,22.6
2025-04-09 20:25:00,12.6,11.6,10.1,12.0,9.4,9.8,9.3,9.7,8.3,14.1,32.9,9.7,1.6,22.6
2025-04-09 20:25:05,12.8,11.5,10.1,11.9,9.4,9.6,9.1,9.6,8.1,14.1,34.0,9.6,1.7,22.6
2025-04-09 20:25:10,12.9,11.6,10.1,12.0,9.2,9.6,9.1,9.4,8.1,14.1,35.1,9.5,1.3,22.6
2025-04-09 20:25:15,13.0,11.5,10.0,12.1,9.1,9.5,9.1,9.5,7.9,14.1,35.9,9.5,1.1,22.6
2025-04-09 20:25:20,13.1,11.6,10.0,12.0,9.0,9.3,9.0,9.3,7.9,14.0,37.6,9.4,1.0,22.6
2025-04-09 20:25:25,13.1,11.6,10.0,12.0,9.0,9.3,8.9,9.2,7.8,14.0,38.3,9.4,0.9,22.6
2025-04-09 20:25:30,13.1,11.6,9.8,12.1,8.8,9.1,8.8,9.1,7.7,14.0,40.3,9.3,0.8,22.6
2025-04-09 20:25:35,13.2,11.7,9.8,12.1,8.8,9.0,8.7,9.1,7.7,14.0,41.6,9.1,1.0,22.6
2025-04-09 20:25:40,13.4,11.7,9.8,12.1,8.6,8.9,8.7,8.9,7.5,14.0,42.9,9.1,1.0,22.6
2025-04-09 20:25:45,13.4,11.8,9.7,12.3,8.6,8.8,8.5,8.9,7.5,14.0,45.1,9.0,1.0,22.6
2025-04-09 20:25:50,13.5,11.8,9.7,12.3,8.6,8.7,8.4,8.9,7.4,14.0,46.0,8.9,1.0,22.6
2025-04-09 20:25:55,13.6,11.9,9.6,12.5,8.5,8.6,8.5,8.7,7.4,14.0,49.8,8.8,0.9,22.6
2025-04-09 20:26:00,13.8,12.2,9.4,12.7,8.5,8.5,8.3,8.6,7.4,14.0,52.4,8.6,0.8,22.6
2025-04-09 20:26:05,14.1,12.4,9.4,12.8,8.4,8.3,8.2,8.5,7.5,14.0,54.4,8.5,0.7,22.6
2025-04-09 20:26:10,14.2,12.6,9.3,13.2,8.3,8.2,8.2,8.5,7.4,14.0,58.8,8.4,0.6,22.6
2025-04-09 20:26:15,14.4,12.8,9.3,13.4,8.2,8.2,8.1,8.4,7.4,14.0,60.4,8.3,0.5,22.5
2025-04-09 20:26:20,14.6,13.1,9.2,13.6,8.0,8.0,8.0,8.5,7.4,13.9,64.5,8.2,0.3,22.5
2025-04-09 20:26:25,14.8,13.4,9.2,13.7,8.0,7.9,8.0,8.4,7.4,13.9,67.7,8.1,0.3,22.5
2025-04-09 20:26:30,15.0,13.7,9.1,14.0,7.8,7.9,7.9,8.4,7.4,13.9,71.7,8.0,0.3,22.5
2025-04-09 20:26:35,15.3,13.8,8.9,14.3,7.8,7.9,7.9,8.3,7.3,13.9,76.7,8.0,0.2,22.5
2025-04-09 20:26:40,15.5,14.1,9.0,14.4,7.7,8.0,7.8,8.4,7.2,13.9,78.5,8.1,0.2,22.5
2025-04-09 20:26:45,15.9,14.4,8.9,14.9,7.7,8.0,7.8,8.3,7.3,14.0,82.7,8.0,0.2,22.5
2025-04-09 20:26:50,16.1,14.8,8.8,15.2,7.7,8.0,7.6,8.3,7.4,14.0,86.6,8.1,0.2,22.5
2025-04-09 20:26:55,16.4,15.2,8.8,15.4,7.7,7.9,7.7,8.3,7.3,14.1,90.6,8.0,0.2,22.5
2025-04-09 20:27:00,16.6,15.4,8.8,15.8,7.7,7.9,7.7,8.3,7.3,14.2,94.4,8.0,0.2,22.5
2025-04-09 20:27:05,16.9,15.6,8.8,16.1,7.7,8.0,7.6,8.2,7.3,14.3,98.0,8.0,0.2,22.5
2025-04-09 20:27:10,17.2,15.8,8.7,16.2,7.6,7.9,7.6,8.2,7.3,14.5,102.6,8.0,0.2,22.5
2025-04-09 20:27:15,17.3,16.2,8.7,16.6,7.6,7.9,7.6,8.2,7.3,14.7,106.4,7.9,0.1,22.5
2025-04-09 20:27:20,17.7,16.5,8.7,16.9,7.6,7.9,7.6,8.1,7.2,14.8,110.3,7.9,0.1,22.5
2025-04-09 20:27:25,18.2,16.9,8.6,17.1,7.6,7.9,7.6,8.1,7.3,14.9,113.6,8.0,0.1,22.5
2025-04-09 20:27:30,18.5,17.0,8.7,17.4,7.6,7.8,7.6,8.2,7.3,15.0,116.4,7.9,0.1,22.4
2025-04-09 20:27:35,18.7,17.3,8.7,17.7,7.7,7.9,7.6,8.2,7.3,15.0,119.7,7.9,0.1,22.4
2025-04-09 20:27:40,19.1,17.5,8.7,17.8,7.6,7.8,7.5,8.4,7.2,15.1,121.3,7.8,0.5,22.4
2025-04-09 20:27:45,19.1,17.6,8.7,18.0,7.6,7.7,7.5,8.3,7.2,15.1,123.5,7.9,0.5,22.4
2025-04-09 20:27:50,19.4,17.7,8.7,18.1,7.6,7.8,7.5,8.2,7.1,15.2,125.0,7.8,0.8,22.4
2025-04-09 20:27:55,19.5,17.8,8.7,18.2,7.6,7.7,7.4,8.2,7.1,15.2,125.9,7.8,0.8,22.4
2025-04-09 20:28:00,19.6,17.8,8.7,18.2,7.6,7.8,7.3,8.2,7.1,15.2,126.4,7.8,0.6,22.4
2025-04-09 20:28:05,19.6,17.9,8.7,18.1,7.6,7.9,7.4,8.2,7.0,15.1,126.4,7.7,0.6,22.4
2025-04-09 20:28:10,19.5,17.8,8.7,18.1,7.6,7.8,7.3,8.2,7.0,15.0,126.0,7.7,0.6,22.4
2025-04-09 20:28:15,19.5,17.8,8.6,17.9,7.5,7.7,7.2,8.1,6.9,15.0,123.9,7.6,0.4,22.4
2025-04-09 20:28:20,19.3,17.7,8.7,17.8,7.5,7.7,7.1,8.1,6.9,14.9,121.5,7.5,0.3,22.4
2025-04-09 20:28:25,19.1,17.5,8.7,17.7,7.3,7.6,7.2,8.1,6.9,14.8,118.3,7.5,0.2,22.4
2025-04-09 20:28:30,19.0,17.3,8.6,17.5,7.3,7.7,7.1,8.2,6.9,14.7,114.4,7.4,0.1,22.4
2025-04-09 20:28:35,18.8,17.2,8.6,17.3,7.2,7.6,7.1,8.1,6.9,14.6,111.4,7.4,0.1,22.3
2025-04-09 20:28:40,18.6,17.1,8.5,16.9,7.2,7.7,7.1,8.1,6.9,14.4,106.5,7.3,0.0,22.4
2025-04-09 20:28:45,18.4,16.9,8.5,16.8,7.2,7.6,7.1,8.1,7.0,14.2,102.6,7.2,0.0,22.4
2025-04-09 20:28:50,18.1,16.8,8.5,16.8,7.2,7.5,7.0,8.0,7.0,13.9,97.6,7.2,0.0,22.4
2025-04-09 20:28:55,17.9,16.6,8.4,16.5,7.0,7.4,6.9,8.1,7.0,13.6,93.6,7.2,0.0,22.4
2025-04-09 20:29:00,17.7,16.4,8.3,16.3,7.0,7.4,6.9,8.0,6.9,13.4,90.2,7.3,0.0,22.4
2025-04-09 20:29:05,17.5,16.4,8.4,16.2,7.0,7.3,6.9,8.1,7.0,13.1,85.7,7.3,0.0,22.3
2025-04-09 20:29:10,17.3,16.1,8.2,15.9,7.0,7.4,6.8,8.0,6.9,12.9,82.6,7.3,0.0,22.3
2025-04-09 20:29:15,17.2,16.0,8.2,15.9,7.0,7.5,6.7,8.1,7.1,12.6,78.9,7.2,0.0,22.3
2025-04-09 20:29:20,16.9,15.9,8.2,15.7,7.1,7.4,6.8,8.0,7.0,12.4,75.5,7.2,0.0,22.3
2025-04-09 20:29:25,16.7,15.7,8.1,15.5,7.2,7.5,6.8,8.0,6.9,12.2,72.9,7.1,0.3,22.3
2025-04-09 20:29:30,16.5,15.6,8.1,15.4,7.2,7.5,6.8,8.1,7.0,12.0,70.6,7.1,0.4,22.3
2025-04-09 20:29:35,16.3,15.4,8.0,15.3,7.1,7.5,6.7,8.0,7.0,11.7,67.0,7.0,0.6,22.3
2025-04-09 20:29:40,16.3,15.2,7.9,15.2,7.2,7.5,6.7,8.0,6.9,11.6,66.0,7.1,0.6,22.3
2025-04-09 20:29:45,16.1,15.0,7.9,15.1,7.2,7.5,6.5,8.0,6.9,11.4,63.5,7.0,0.7,22.3
2025-04-09 20:29:50,16.0,14.9,7.9,15.0,7.1,7.5,6.6,8.0,7.0,11.2,60.6,7.0,0.9,22.3
2025-04-09 20:29:55,16.1,14.8,7.9,14.9,7.1,7.4,6.6,8.0,6.9,11.1,59.6,7.0,1.1,22.3
2025-04-09 20:30:00,16.0,14.6,7.8,14.8,7.1,7.4,6.5,8.0,6.8,10.9,57.5,6.9,1.1,22.3
2025-04-09 20:30:05,15.8,14.6,7.7,14.7,7.0,7.4,6.5,7.9,6.7,10.8,56.8,6.9,1.1,22.3
2025-04-09 20:30:10,15.8,14.6,7.7,14.7,6.9,7.4,6.4,8.0,6.6,10.8,56.1,6.8,1.0,22.3
2025-04-09 20:30:15,15.6,14.4,7.7,14.6,6.9,7.4,6.4,7.9,6.7,10.6,54.7,6.8,1.3,22.3
2025-04-09 20:30:20,15.5,14.3,7.6,14.6,6.8,7.3,6.2,7.8,6.7,10.5,53.8,6.7,1.4,22.3
2025-04-09 20:30:25,15.5,14.1,7.4,14.4,6.6,7.3,6.3,7.8,6.6,10.4,53.1,6.8,1.5,22.3
2025-04-09 20:30:30,15.4,13.9,7.4,14.4,6.6,7.3,6.3,7.7,6.6,10.4,52.3,6.7,1.5,22.3
2025-04-09 20:30:35,15.3,13.8,7.3,14.3,6.5,7.3,6.4,7.6,6.6,10.3,51.8,6.6,1.3,22.3
2025-04-09 20:30:40,15.1,13.6,7.2,14.2,6.5,7.0,6.2,7.6,6.4,10.2,51.1,6.5,1.2,22.3
2025-04-09 20:30:45,15.0,13.3,7.1,13.8,6.4,6.9,6.1,7.6,6.5,10.2,50.7,6.5,1.0,22.3
2025-04-09 20:30:50,14.8,13.1,7.1,13.6,6.4,7.0,6.1,7.5,6.4,10.2,49.8,6.6,1.1,22.3
2025-04-09 20:30:55,14.6,12.9,7.1,13.3,6.4,6.9,6.1,7.5,6.3,10.1,48.9,6.5,1.0,22.3
2025-04-09 20:31:00,14.2,12.5,7.0,12.9,6.3,6.9,6.1,7.4,6.3,10.1,47.6,6.5,0.8,22.3
2025-04-09 20:31:05,14.0,12.4,6.9,12.6,6.2,6.9,6.1,7.4,6.2,10.0,46.6,6.3,0.7,22.3
2025-04-09 20:31:10,13.7,12.1,7.0,12.1,6.0,6.8,6.0,7.3,6.1,9.9,45.8,6.2,0.5,22.3
2025-04-09 20:31:15,13.4,12.0,6.9,11.9,6.0,6.8,6.0,7.3,6.0,9.8,44.7,6.1,0.5,22.3
2025-04-09 20:31:20,13.2,11.6,6.9,11.2,5.9,6.7,5.9,7.2,6.0,9.8,43.8,6.0,0.6,22.3
2025-04-09 20:31:25,13.0,11.5,6.8,11.1,5.9,6.6,5.9,7.1,5.9,9.7,42.9,6.0,0.7,22.3
2025-04-09 20:31:30,12.6,11.1,6.8,10.6,5.8,6.5,5.9,7.0,5.9,9.6,42.4,6.0,0.9,22.2
2025-04-09 20:31:35,12.3,10.9,6.7,10.0,5.8,6.4,5.9,7.0,5.9,9.5,41.5,6.0,0.9,22.2
2025-04-09 20:31:40,12.1,10.6,6.7,9.9,5.7,6.4,5.8,6.9,5.8,9.4,40.0,5.9,1.0,22.2
2025-04-09 20:31:45,11.8,10.4,6.7,9.5,5.6,6.3,5.8,6.9,5.7,9.4,38.7,5.9,1.0,22.2
2025-04-09 20:31:50,11.7,10.1,6.6,8.9,5.5,6.3,5.7,6.8,5.7,9.3,37.0,5.9,1.0,22.2
2025-04-09 20:31:55,11.5,9.7,6.6,8.5,5.4,6.2,5.7,6.7,5.6,9.2,35.3,5.9,1.3,22.2
2025-04-09 20:32:00,11.2,9.3,6.5,8.2,5.4,6.1,5.6,6.7,5.7,9.1,33.9,5.9,1.2,22.3
2025-04-09 20:32:05,11.1,9.1,6.4,7.8,5.4,6.2,5.5,6.6,5.6,9.1,32.7,5.8,1.2,22.2
2025-04-09 20:32:10,10.8,8.8,6.3,7.5,5.3,6.1,5.4,6.5,5.6,8.9,30.5,5.7,1.1,22.2
2025-04-09 20:32:15,10.6,8.5,6.2,7.3,5.3,6.1,5.3,6.4,5.5,8.9,29.6,5.6,0.9,22.2
2025-04-09 20:32:20,10.3,8.1,6.1,6.9,5.1,6.0,5.2,6.5,5.4,8.8,27.9,5.5,0.7,22.2
2025-04-09 20:32:25,10.1,8.0,6.1,6.6,5.1,6.0,5.3,6.3,5.3,8.7,25.6,5.5,0.6,22.3
2025-04-09 20:32:30,9.8,7.6,6.0,6.4,5.0,5.9,5.2,6.3,5.3,8.6,24.4,5.4,0.5,22.2
2025-04-09 20:32:35,9.5,7.3,5.9,6.1,4.9,5.8,5.2,6.2,5.2,8.5,22.2,5.4,0.4,22.2
2025-04-09 20:32:40,9.4,7.0,5.7,5.9,4.8,5.7,5.1,6.1,5.1,8.5,21.2,5.4,0.4,22.2
2025-04-09 20:32:45,9.2,6.6,5.7,5.8,4.7,5.5,5.1,6.1,5.0,8.3,19.3,5.3,0.3,22.2
2025-04-09 20:32:50,9.0,6.4,5.5,5.6,4.7,5.4,4.9,5.8,4.9,8.3,18.5,5.4,0.3,22.2
2025-04-09 20:32:55,8.8,6.1,5.5,5.5,4.7,5.4,4.9,5.8,4.9,8.2,17.0,5.3,0.6,22.2
2025-04-09 20:33:00,8.6,5.8,5.4,5.4,4.5,5.2,4.8,5.6,4.8,8.1,15.9,5.2,0.9,22.2
2025-04-09 20:33:05,8.5,5.7,5.3,5.4,4.4,5.1,4.7,5.5,4.7,8.0,15.0,5.1,1.0,22.2
2025-04-09 20:33:10,8.4,5.5,5.3,5.3,4.4,5.0,4.6,5.5,4.5,7.9,14.4,5.0,0.9,22.2
2025-04-09 20:33:15,8.3,5.3,5.1,5.2,4.4,5.0,4.7,5.5,4.4,7.8,13.0,4.8,0.9,22.2
2025-04-09 20:33:20,8.2,5.2,5.1,5.0,4.3,4.8,4.4,5.3,4.4,7.7,12.0,4.8,0.8,22.2
2025-04-09 20:33:25,8.1,5.0,5.1,4.9,4.2,4.7,4.3,5.2,4.3,7.6,11.2,4.6,0.6,22.2
2025-04-09 20:33:30,7.9,4.8,5.0,4.9,4.0,4.6,4.2,5.1,4.3,7.5,10.3,4.6,0.5,22.2
2025-04-09 20:33:35,7.8,4.6,5.0,4.8,3.9,4.5,4.1,5.0,4.3,7.5,9.7,4.5,0.5,22.2
2025-04-09 20:33:40,7.7,4.5,4.8,4.6,3.9,4.4,4.1,4.9,4.2,7.3,8.4,4.4,0.4,22.2
2025-04-09 20:33:45,7.5,4.4,4.8,4.5,3.8,4.3,4.1,4.9,4.1,7.3,8.0,4.3,0.4,22.2
2025-04-09 20:33:50,7.4,4.2,4.6,4.5,3.8,4.2,4.1,4.7,3.9,7.2,6.7,4.3,0.5,22.2
2025-04-09 20:33:55,7.2,4.2,4.5,4.5,3.8,4.2,4.0,4.7,3.9,7.1,6.5,4.2,0.5,22.2
2025-04-09 20:34:00,7.1,4.1,4.4,4.3,3.7,4.1,3.9,4.7,3.9,7.0,5.7,4.2,0.6,22.2
2025-04-09 20:34:05,6.9,4.1,4.3,4.2,3.7,4.0,3.8,4.6,3.8,6.9,4.8,4.1,1.0,22.2
2025-04-09 20:34:10,6.7,4.0,4.3,4.1,3.6,4.1,3.7,4.5,3.7,6.8,4.5,4.1,1.2,22.2
2025-04-09 20:34:15,6.5,3.9,4.2,4.0,3.5,4.0,3.7,4.4,3.7,6.7,3.7,4.1,1.3,22.2
2025-04-09 20:34:20,6.3,3.9,4.2,4.0,3.4,3.9,3.6,4.4,3.6,6.6,3.2,4.1,1.1,22.2
2025-04-09 20:34:25,6.0,3.9,4.1,3.9,3.4,4.0,3.6,4.4,3.6,6.6,2.6,4.0,0.9,22.2
2025-04-09 20:34:30,6.0,3.7,4.0,3.9,3.2,3.9,3.5,4.2,3.4,6.4,2.2,3.9,0.8,22.2
2025-04-09 20:34:35,5.8,3.6,4.0,3.8,3.1,3.9,3.3,4.2,3.4,6.4,1.9,3.9,0.7,22.2
2025-04-09 20:34:40,5.7,3.5,4.0,3.7,3.0,3.9,3.3,4.2,3.3,6.3,1.7,3.8,0.9,22.1
2025-04-09 20:34:45,5.5,3.4,3.9,3.6,2.9,3.9,3.3,4.2,3.1,6.2,1.6,3.7,1.1,22.2
2025-04-09 20:34:50,5.4,3.2,3.8,3.5,3.0,3.8,3.3,4.0,3.2,6.1,1.4,3.7,1.3,22.1
2025-04-09 20:34:55,5.2,3.1,3.7,3.5,2.9,3.7,3.2,3.9,3.0,6.0,1.3,3.7,1.3,22.1
2025-04-09 20:35:00,5.2,3.0,3.6,3.4,2.9,3.5,3.1,3.7,2.9,6.0,1.2,3.7,1.2,22.1
2025-04-09 20:35:05,4.9,2.8,3.4,3.3,2.8,3.4,3.1,3.6,2.8,5.8,1.1,3.6,1.1,22.1
2025-04-09 20:35:10,4.8,2.7,3.3,3.2,2.8,3.3,3.0,3.5,2.7,5.8,1.0,3.6,1.1,22.2
2025-04-09 20:35:15,4.7,2.6,3.3,3.2,2.8,3.3,2.9,3.5,2.6,5.7,0.9,3.5,1.0,22.1
2025-04-09 20:35:20,4.5,2.5,3.2,3.0,2.6,3.0,2.8,3.3,2.5,5.6,0.8,3.5,0.9,22.1
2025-04-09 20:35:25,4.3,2.5,3.2,2.9,2.6,3.0,2.7,3.2,2.5,5.5,0.7,3.4,0.7,22.1
2025-04-09 20:35:30,4.1,2.4,3.1,2.7,2.4,2.9,2.7,3.2,2.3,5.4,0.6,3.3,0.7,22.1
2025-04-09 20:35:35,3.9,2.3,3.0,2.6,2.3,2.6,2.6,3.1,2.3,5.3,0.5,3.1,0.6,22.1
2025-04-09 20:35:40,3.8,2.2,3.0,2.5,2.2,2.4,2.3,3.1,2.2,5.2,0.4,3.0,0.5,22.1
2025-04-09 20:35:45,3.6,2.1,2.8,2.3,2.1,2.4,2.4,2.9,2.2,5.2,0.3,3.0,0.4,22.1
2025-04-09 20:35:50,3.4,2.0,2.7,2.3,2.0,2.4,2.4,2.8,2.2,5.1,0.2,2.9,0.5,22.1
2025-04-09 20:35:55,3.3,1.8,2.6,2.1,1.9,2.3,2.2,2.8,2.0,5.0,0.2,2.9,0.7,22.1
2025-04-09 20:36:00,3.1,1.9,2.6,2.1,1.9,2.2,2.2,2.7,1.9,4.9,0.1,2.7,0.9,22.1
2025-04-09 20:36:05,3.1,1.8,2.5,1.9,1.8,2.1,2.1,2.8,1.8,4.8,0.0,2.7,1.0,22.1
2025-04-09 20:36:10,2.9,1.7,2.4,1.9,1.8,2.1,2.2,2.6,1.7,4.7,0.0,2.6,1.1,22.1
2025-04-09 20:36:15,2.8,1.6,2.4,1.8,1.7,2.1,2.2,2.5,1.6,4.6,0,2.6,1.1,22.1
2025-04-09 20:36:20,2.7,1.6,2.4,1.8,1.7,2.0,2.0,2.5,1.6,4.5,0,2.5,1.4,22.1
2025-04-09 20:36:25,2.5,1.5,2.3,1.7,1.7,1.9,2.0,2.3,1.4,4.4,0,2.5,1.3,22.1
2025-04-09 20:36:30,2.5,1.4,2.3,1.6,1.6,1.9,1.9,2.2,1.3,4.4,0,2.4,1.2,22.1
2025-04-09 20:36:35,2.3,1.4,2.3,1.5,1.6,1.8,1.9,2.1,1.2,4.3,0,2.3,1.2,22.1
2025-04-09 20:36:40,2.3,1.3,2.2,1.5,1.5,1.7,1.9,2.0,1.2,4.2,0,2.3,1.1,22.1
2025-04-09 20:36:45,2.2,1.1,2.0,1.2,1.4,1.6,1.9,1.9,1.2,4.1,0,2.2,1.2,22.1
2025-04-09 20:36:50,2.2,1.0,2.1,1.2,1.3,1.5,1.7,1.7,1.0,4.1,0,2.2,1.1,22.1
2025-04-09 20:36:55,2.1,0.9,1.9,1.0,1.2,1.4,1.7,1.6,1.0,4.0,0,2.0,1.1,22.1
2025-04-09 20:37:00,2.0,0.8,1.9,1.1,1.2,1.2,1.6,1.6,1.0,3.9,0,2.1,1.0,22.1
2025-04-09 20:37:05,2.0,0.8,1.9,1.1,1.1,1.1,1.5,1.4,0.9,3.9,0,2.0,0.8,22.1
2025-04-09 20:37:10,2.0,0.5,1.7,0.9,1.1,1.0,1.5,1.5,0.8,3.8,0,2.0,0.8,22.1
2025-04-09 20:37:15,1.9,0.5,1.7,0.8,1.0,0.9,1.3,1.4,0.8,3.7,0,1.9,0.7,22.1
2025-04-09 20:37:20,1.8,0.2,1.6,0.8,0.8,0.8,1.2,1.4,0.9,3.6,0,1.9,0.6,22.1
2025-04-09 20:37:25,1.7,0.3,1.6,0.8,0.8,0.7,1.1,1.4,0.7,3.5,0,1.9,0.5,22.0
2025-04-09 20:37:30,1.6,0.2,1.5,0.8,0.7,0.7,1.0,1.3,0.6,3.5,0,1.8,0.4,22.0
2025-04-09 20:37:35,1.6,0.0,1.4,0.7,0.6,0.6,0.9,1.3,0.6,3.4,0,1.9,0.3,22.0
2025-04-09 20:37:40,1.5,0.0,1.3,0.6,0.5,0.7,0.9,1.2,0.4,3.3,0,1.7,0.3,22.0
2025-04-09 20:37:45,1.4,0,1.2,0.5,0.4,0.6,0.9,1.1,0.4,3.3,0,1.6,0.5,22.0
2025-04-09 20:37:50,1.4,0,1.1,0.5,0.4,0.6,0.8,1.1,0.3,3.2,0,1.5,0.6,22.0
2025-04-09 20:37:55,1.3,0,1.0,0.6,0.4,0.5,0.8,1.0,0.1,3.1,0,1.3,0.7,22.0
2025-04-09 20:38:00,1.2,0,1.0,0.5,0.4,0.4,0.8,0.9,0.1,3.1,0,1.2,0.7,22.0
2025-04-09 20:38:05,1.2,0,1.0,0.4,0.3,0.4,0.7,0.8,0.0,3.0,0,1.1,0.7,22.0
2025-04-09 20:38:10,1.1,0,0.9,0.3,0.3,0.4,0.7,0.7,0,2.9,0,1.1,0.8,22.0
2025-04-09 20:38:15,1.0,0,0.9,0.3,0.2,0.3,0.7,0.7,0,2.9,0,1.0,1.1,22.0
2025-04-09 20:38:20,1.0,0,0.8,0.3,0.3,0.2,0.6,0.6,0,2.8,0,1.0,1.1,22.0
2025-04-09 20:38:25,0.9,0,0.8,0.2,0.1,0.3,0.5,0.6,0,2.8,0,1.0,1.4,22.0
2025-04-09 20:38:30,0.9,0,0.7,0.2,0.1,0.2,0.4,0.6,0,2.7,0,1.0,1.4,22.0
2025-04-09 20:38:35,0.8,0,0.6,0.0,0,0.2,0.3,0.5,0,2.6,0,0.9,1.4,22.0
2025-04-09 20:38:40,0.6,0,0.6,0.1,0,0.1,0.2,0.5,0,2.6,0,0.7,1.2,22.0
2025-04-09 20:38:45,0.6,0,0.5,0.0,0,0,0.2,0.3,0,2.5,0,0.8,1.3,22.0
2025-04-09 20:38:50,0.6,0,0.5,0.0,0,0,0.1,0.3,0,2.5,0,0.7,1.3,22.0
2025-04-09 20:38:55,0.5,0,0.4,0,0,0,0.1,0.3,0,2.4,0,0.7,1.0,22.0
2025-04-09 20:39:00,0.5,0,0.3,0,0,0,0.0,0.2,0,2.3,0,0.6,0.9,22.0
2025-04-09 20:39:05,0.5,0,0.4,0,0,0,0.0,0.2,0,2.3,0,0.7,0.8,22.0
2025-04-09 20:39:10,0.4,0,0.2,0,0,0,0,0.1,0,2.2,0,0.6,0.7,22.0
2025-04-09 20:39:15,0.3,0,0.2,0,0,0,0,0.0,0,2.2,0,0.6,0.7,22.0
2025-04-09 20:39:20,0.3,0,0.1,0,0,0,0,0.0,0,2.2,0,0.5,0.8,22.0
2025-04-09 20:39:25,0.1,0,0.0,0,0,0,0,0.0,0,2.1,0,0.5,1.1,22.0
2025-04-09 20:39:30,0.1,0,0.1,0,0,0,0,0.0,0,2.0,0,0.4,1.1,22.0
2025-04-09 20:39:35,0.0,0,0,0,0,0,0,0.0,0,2.0,0,0.4,1.3,22.0
2025-04-09 20:39:40,0,0,0,0,0,0,0,0,0,2.0,0,0.3,1.3,22.0
2025-04-09 20:39:45,0,0,0,0,0,0,0,0,0,1.9,0,0.2,1.3,22.0
2025-04-09 20:39:50,0,0,0,0,0,0,0,0,0,1.9,0,0.2,1.2,22.0
2025-04-09 20:39:55,0,0,0,0,0,0,0,0,0,1.8,0,0.1,1.1,22.0
2025-04-09 20:40:00,0,0,0,0,0,0,0,0,0,1.7,0,0.1,0.9,22.0
2025-04-09 20:40:05,0,0,0,0,0,0,0,0,0,1.7,0,0.0,0.8,22.0
2025-04-09 20:40:10,0,0,0,0,0,0,0,0,0,1.6,0,0,0.8,22.0
2025-04-09 20:40:15,0,0,0,0,0,0,0,0,0,1.6,0,0,0.7,22.0
2025-04-09 20:40:20,0,0,0,0,0,0,0,0,0,1.6,0,0,0.8,22.0
2025-04-09 20:40:25,0,0,0,0,0,0,0,0,0,1.5,0,0,0.7,22.0
2025-04-09 20:40:30,0,0,0,0,0,0,0,0,0,1.4,0,0,0.5,22.0
2025-04-09 20:40:35,0,0,0,0,0,0,0,0,0,1.4,0,0,0.6,22.0
2025-04-09 20:40:40,0,0,0,0,0,0,0,0,0,1.3,0,0,0.5,22.0
2025-04-09 20:40:45,0,0,0,0,0,0,0,0,0,1.3,0,0,0.4,22.0
2025-04-09 20:40:50,0,0,0,0,0,0,0,0,0,1.2,0,0,0.3,22.0
2025-04-09 20:40:55,0,0,0,0,0,0,0,0,0,1.2,0,0,0.2,22.0
2025-04-09 20:41:00,0,0,0,0,0,0,0,0,0,1.1,0,0,0.3,22.0
2025-04-09 20:41:05,0,0,0,0,0,0,0,0,0,1.1,0,0,0.6,21.9
2025-04-09 20:41:10,0,0,0,0,0,0,0,0,0,1.0,0,0,0.7,21.9
2025-04-09 20:41:15,0,0,0,0,0,0,0,0,0,1.0,0,0,0.8,21.9
2025-04-09 20:41:20,0,0,0,0,0,0,0,0,0,0.9,0,0,0.9,21.9
2025-04-09 20:41:25,0,0,0,0,0,0,0,0,0,0.8,0,0,0.8,21.9
2025-04-09 20:41:30,0,0,0,0,0,0,0,0,0,0.8,0,0,0.8,21.9
2025-04-09 20:41:35,0,0,0,0,0,0,0,0,0,0.7,0,0,0.6,21.9
2025-04-09 20:41:40,0,0,0,0,0,0,0,0,0,0.7,0,0,0.6,21.9
2025-04-09 20:41:45,0,0,0,0,0,0,0,0,0,0.6,0,0,0.4,21.9
2025-04-09 20:41:50,0,0,0,0,0,0,0,0,0,0.6,0,0,0.4,21.9
2025-04-09 20:41:55,0,0,0,0,0,0,0,0,0,0.5,0,0,0.3,21.9
2025-04-09 20:42:00,0,0,0,0,0,0,0,0,0,0.5,0,0,0.3,21.9
2025-04-09 20:42:05,0,0,0,0,0,0,0,0,0,0.4,0,0,0.4,21.9
2025-04-09 20:42:10,0,0,0,0,0,0,0,0,0,0.3,0,0,0.4,21.9
2025-04-09 20:42:15,0,0,0,0,0,0,0,0,0,0.3,0,0,0.4,21.9
2025-04-09 20:42:20,0,0,0,0,0,0,0,0,0,0.3,0,0,0.4,21.9
2025-04-09 20:42:25,0,0,0,0,0,0,0,0,0,0.2,0,0,0.5,21.9
2025-04-09 20:42:30,0,0,0,0,0,0,0,0,0,0.2,0,0,0.5,21.9
2025-04-09 20:42:35,0,0,0,0,0,0,0,0,0,0.1,0,0,0.5,21.9
2025-04-09 20:42:40,0,0,0,0,0,0,0,0,0,0.1,0,0,0.4,21.9
2025-04-09 20:42:45,0,0,0,0,0,0,0,0,0,0.0,0,0,0.4,21.9
2025-04-09 20:42:50,0,0,0,0,0,0,0,0,0,0,0,0,0.3,21.9
2025-04-09 20:42:55,0,0,0,0,0,0,0,0,0,0,0,0,0.2,21.8
2025-04-09 20:43:00,0,0,0,0,0,0,0,0,0,0,0,0,0.1,21.8
2025-04-09 20:43:05,0,0,0,0,0,0,0,0,0,0,0,0,0.0,21.8
2025-04-09 20:43:10,0,0,0,0,0,0,0,0,0,0,0,0,0.0,21.8
2025-04-09 20:43:15,0,0,0,0,0,0,0,0,0,0,0,0,0.0,21.8
2025-04-09 20:43:20,0,0,0,0,0,0,0,0,0,0,0,0,0.0,21.8
2025-04-09 20:43:25,0,0,0,0,0,0,0,0,0,0,0,0,0.0,21.8
2025-04-09 20:43:30,0,0,0,0,0,0,0,0,0,0,0,0,0.0,21.8
2025-04-09 20:43:35,0,0,0,0,0,0,0,0,0,0,0,0,0.0,21.8
2025-04-09 20:43:40,0,0,0,0,0,0,0,0,0,0,0,0,0.0,21.8
2025-04-09 20:43:45,0,0,0,0,0,0,0,0,0,0,0,0,0.0,21.8
2025-04-09 20:43:50,0,0,0,0,0,0,0,0,0,0,0,0,0.0,21.8
2025-04-09 20:43:55,0,0,0,0,0,0,0,0,0,0,0,0,0.0,21.8
2025-04-09 20:44:00,0,0,0,0,0,0,0,0,0,0,0,0,0.0,21.8
2025-04-09 20:44:05,0,0,0,0,0,0,0,0,0,0,0,0,0.0,21.8
2025-04-09 20:44:10,0,0,0,0,0,0,0,0,0,0,0,0,0.0,21.7
2025-04-09 20:44:15,0,0,0,0,0,0,0,0,0,0,0,0,0.0,21.7
2025-04-09 20:44:20,0,0,0,0,0,0,0,0,0,0,0,0,0.0,21.7
2025-04-09 20:44:25,0,0,0,0,0,0,0,0,0,0,0,0,0.0,21.7
2025-04-09 20:44:30,0,0,0,0,0,0,0,0,0,0,0,0,0.1,21.7
2025-04-09 20:44:35,0,0,0,0,0,0,0,0,0,0,0,0,0.3,21.7
2025-04-09 20:44:40,0,0,0,0,0,0,0,0,0,0,0,0,0.4,21.7
2025-04-09 20:44:45,0,0,0,0,0,0,0,0,0,0,0,0,0.4,21.7
2025-04-09 20:44:50,0,0,0,0,0,0,0,0,0,0,0,0,0.3,21.7
2025-04-09 20:44:55,0,0,0,0,0,0,0,0,0,0,0,0,0.4,21.7
2025-04-09 20:45:00,0,0,0,0,0,0,0,0,0,0,0,0,0.5,21.7
2025-04-09 20:45:05,0,0,0,0,0,0,0,0,0,0,0,0,0.4,21.7
2025-04-09 20:45:10,0,0,0,0,0,0,0,0,0,0,0,0,0.3,21.7
2025-04-09 20:45:15,0,0,0,0,0,0,0,0,0,0,0,0,0.2,21.7
2025-04-09 20:45:20,0,0,0,0,0,0,0,0,0,0,0,0,0.1,21.7
2025-04-09 20:45:25,0,0,0,0,0,0,0,0,0,0,0,0,0.0,21.7
2025-04-09 20:45:30,0,0,0,0,0,0,0,0,0,0,0,0,0.0,21.7
2025-04-09 20:45:35,0,0,0,0,0,0,0,0,0,0,0,0,0.0,21.7
2025-04-09 20:45:40,0,0,0,0,0,0,0,0,0,0,0,0,0.0,21.7
2025-04-09 20:45:45,0,0,0,0,0,0,0,0,0,0,0,0,0.0,21.6
2025-04-09 20:45:50,0,0,0,0,0,0,0,0,0,0,0,0,0.0,21.6
2025-04-09 20:45:55,0,0,0,0,0,0,0,0,0,0,0,0,0.0,21.7
2025-04-09 20:46:00,0,0,0,0,0,0,0,0,0,0,0,0,0.1,21.6
2025-04-09 20:46:05,0,0,0,0,0,0,0,0,0,0,0,0,0.2,21.6
2025-04-09 20:46:10,0,0,0,0,0,0,0,0,0,0,0,0,0.3,21.6
2025-04-09 20:46:15,0,0,0,0,0,0,0,0,0,0,0,0,0.3,21.6
2025-04-09 20:46:20,0,0,0,0,0,0,0,0,0,0,0,0,0.2,21.6
2025-04-09 20:46:25,0,0,0,0,0,0,0,0,0,0,0,0,0.1,21.6
2025-04-09 20:46:30,0,0,0,0,0,0,0,0,0,0,0,0,0.1,21.6
2025-04-09 20:46:35,0,0,0,0,0,0,0,0,0,0,0,0,0.1,21.6
2025-04-09 20:46:40,0,0,0,0,0,0,0,0,0,0,0,0,0.0,21.6
2025-04-09 20:46:45,0,0,0,0,0,0,0,0,0,0,0,0,0.1,21.6
2025-04-09 20:46:50,0,0,0,0,0,0,0,0,0,0,0,0,0.1,21.6
2025-04-09 20:46:55,0,0,0,0,0,0,0,0,0,0,0,0,0.1,21.6
2025-04-09 20:47:00,0,0,0,0,0,0,0,0,0,0,0,0,0.0,21.6
2025-04-09 20:47:05,0,0,0,0,0,0,0,0,0,0,0,0,0.0,21.6
2025-04-09 20:47:10,0,0,0,0,0,0,0,0,0,0,0,0,0.0,21.5
2025-04-09 20:47:15,0,0,0,0,0,0,0,0,0,0,0,0,0.0,21.5
2025-04-09 20:47:20,0,0,0,0,0,0,0,0,0,0,0,0,0.1,21.5
2025-04-09 20:47:25,0,0,0,0,0,0,0,0,0,0,0,0,0.2,21.5
2025-04-09 20:47:30,0,0,0,0,0,0,0,0,0,0,0,0,0.2,21.5
2025-04-09 20:47:35,0,0,0,0,0,0,0,0,0,0,0,0,0.2,21.5
2025-04-09 20:47:40,0,0,0,0,0,0,0,0,0,0,0,0,0.2,21.5
2025-04-09 20:47:45,0,0,0,0,0,0,0,0,0,0,0,0,0.3,21.5
2025-04-09 20:47:50,0,0,0,0,0,0,0,0,0,0,0,0,0.3,21.5
2025-04-09 20:47:55,0,0,0,0,0,0,0,0,0,0,0,0,0.3,21.5
2025-04-09 20:48:00,0,0,0,0,0,0,0,0,0,0,0,0,0.3,21.5
2025-04-09 20:48:05,0,0,0,0,0,0,0,0,0,0,0,0,0.4,21.5
2025-04-09 20:48:10,0,0,0,0,0,0,0,0,0,0,0,0,0.4,21.5
2025-04-09 20:48:15,0,0,0,0,0,0,0,0,0,0,0,0,0.5,21.5
2025-04-09 20:48:20,0,0,0,0,0,0,0,0,0,0,0,0,0.6,21.5
2025-04-09 20:48:25,0,0,0,0,0,0,0,0,0,0,0,0,0.6,21.5
2025-04-09 20:48:30,0,0,0,0,0,0,0,0,0,0,0,0,0.8,21.5
2025-04-09 20:48:35,0,0,0,0,0,0,0,0,0,0,0,0,0.8,21.5
2025-04-09 20:48:40,0,0,0,0,0,0,0,0,0,0,0,0,0.6,21.5
2025-04-09 20:48:45,0,0,0,0,0,0,0,0,0,0,0,0,0.6,21.5
2025-04-09 20:48:50,0,0,0,0,0,0,0,0,0,0,0,0,0.5,21.5
2025-04-09 20:48:55,0,0,0,0,0,0,0,0,0,0,0,0,0.5,21.5
2025-04-09 20:49:00,0,0,0,0,0,0,0,0,0,0,0,0,0.6,21.5
2025-04-09 20:49:05,0,0,0,0,0,0,0,0,0,0,0,0,0.5,21.5
2025-04-09 20:49:10,0,0,0,0,0,0,0,0,0,0,0,0,0.4,21.5
2025-04-09 20:49:15,0,0,0,0,0,0,0,0,0,0,0,0,0.4,21.5
2025-04-09 20:49:20,0,0,0,0,0,0,0,0,0,0,0,0,0.3,21.5
2025-04-09 20:49:25,0,0,0,0,0,0,0,0,0,0,0,0,0.3,21.5
2025-04-09 20:49:30,0,0,0,0,0,0,0,0,0,0,0,0,0.2,21.5
2025-04-09 20:49:35,0,0,0,0,0,0,0,0,0,0,0,0,0.2,21.5
2025-04-09 20:49:40,0,0,0,0,0,0,0,0,0,0,0,0,0.2,21.5
2025-04-09 20:49:45,0,0,0,0,0,0,0,0,0,0,0,0,0.2,21.5
2025-04-09 20:49:50,0,0,0,0,0,0,0,0,0,0,0,0,0.2,21.4
2025-04-09 20:49:55,0,0,0,0,0,0,0,0,0,0,0,0,0.2,21.5
2025-04-09 20:50:00,0,0,0,0,0,0,0,0,0,0,0,0,0.2,21.4
2025-04-09 20:50:05,0,0,0,0,0,0,0,0,0,0,0,0,0.2,21.4
2025-04-09 20:50:10,0,0,0,0,0,0,0,0,0,0,0,0,0.2,21.4
2025-04-09 20:50:15,0,0,0,0,0,0,0,0,0,0,0,0,0.3,21.4
2025-04-09 20:50:20,0,0,0,0,0,0,0,0,0,0,0,0,0.3,21.4
2025-04-09 20:50:25,0,0,0,0,0,0,0,0,0,0,0,0,0.2,21.4
2025-04-09 20:50:30,0,0,0,0,0,0,0,0,0,0,0,0,0.3,21.4
2025-04-09 20:50:35,0,0,0,0,0,0,0,0,0,0,0,0,0.3,21.4
2025-04-09 20:50:40,0,0,0,0,0,0,0,0,0,0,0,0,0.7,21.4
2025-04-09 20:50:45,0,0,0,0,0,0,0,0,0,0,0,0,0.8,21.4
2025-04-09 20:50:50,0,0,0,0,0,0,0,0,0,0,0,0,0.9,21.4
2025-04-09 20:50:55,0,0,0,0,0,0,0,0,0,0,0,0,1.0,21.4
2025-04-09 20:51:00,0,0,0,0,0,0,0,0,0,0,0,0,1.0,21.5
2025-04-09 20:51:05,0,0,0,0,0,0,0,0,0,0,0,0,0.8,21.5
2025-04-09 20:51:10,0,0,0,0,0,0,0,0,0,0,0,0,0.7,21.5
2025-04-09 20:51:15,0,0,0,0,0,0,0,0,0,0,0,0,0.7,21.4
2025-04-09 20:51:20,0,0,0,0,0,0,0,0,0,0,0,0,0.6,21.4
2025-04-09 20:51:25,0,0,0,0,0,0,0,0,0,0,0,0,0.9,21.5
2025-04-09 20:51:30,0,0,0,0,0,0,0,0,0,0,0,0,0.9,21.4
2025-04-09 20:51:35,0,0,0,0,0,0,0,0,0,0,0,0,0.9,21.4
2025-04-09 20:51:40,0,0,0,0,0,0,0,0,0,0,0,0,1.4,21.4
2025-04-09 20:51:45,0,0,0,0,0,0,0,0,0,0,0,0,1.4,21.4
2025-04-09 20:51:50,0,0,0,0,0,0,0,0,0,0,0,0,1.3,21.4
2025-04-09 20:51:55,0,0,0,0,0,0,0,0,0,0,0,0,1.3,21.4
2025-04-09 20:52:00,0,0,0,0,0,0,0,0,0,0,0,0,1.2,21.5
2025-04-09 20:52:05,0,0,0,0,0,0,0,0,0,0,0,0,1.1,21.4
2025-04-09 20:52:10,0,0,0,0,0,0,0,0,0,0,0,0,1.0,21.4
2025-04-09 20:52:15,0,0,0,0,0,0,0,0,0,0,0,0,0.9,21.4
2025-04-09 20:52:20,0,0,0,0,0,0,0,0,0,0,0,0,0.8,21.4
2025-04-09 20:52:25,0,0,0,0,0,0,0,0,0,0,0,0,0.7,21.4
2025-04-09 20:52:30,0,0,0,0,0,0,0,0,0,0,0,0,0.7,21.4
2025-04-09 20:52:35,0,0,0,0,0,0,0,0,0,0,0,0,0.7,21.4
2025-04-09 20:52:40,0,0,0,0,0,0,0,0,0,0,0,0,0.7,21.4
2025-04-09 20:52:45,0,0,0,0,0,0,0,0,0,0,0,0,0.6,21.4
2025-04-09 20:52:50,0,0,0,0,0,0,0,0,0,0,0,0,0.5,21.4
2025-04-09 20:52:55,0,0,0,0,0,0,0,0,0,0,0,0,0.6,21.4
2025-04-09 20:53:00,0,0,0,0,0,0,0,0,0,0,0,0,0.6,21.4
2025-04-09 20:53:05,0,0,0,0,0,0,0,0,0,0,0,0,0.5,21.4
2025-04-09 20:53:10,0,0,0,0,0,0,0,0,0,0,0,0,0.5,21.4
2025-04-09 20:53:15,0,0,0,0,0,0,0,0,0,0,0,0,0.4,21.4
2025-04-09 20:53:20,0,0,0,0,0,0,0,0,0,0,0,0,0.6,21.4
2025-04-09 20:53:25,0,0,0,0,0,0,0,0,0,0,0,0,0.5,21.4
2025-04-09 20:53:30,0,0,0,0,0,0,0,0,0,0,0,0,0.6,21.4
2025-04-09 20:53:35,0,0,0,0,0,0,0,0,0,0,0,0,0.7,21.4
2025-04-09 20:53:40,0,0,0,0,0,0,0,0,0,0,0,0,0.8,21.4
2025-04-09 20:53:45,0,0,0,0,0,0,0,0,0,0,0,0,0.9,21.4
2025-04-09 20:53:50,0,0,0,0,0,0,0,0,0,0,0,0,1.0,21.4
2025-04-09 20:53:55,0,0,0,0,0,0,0,0,0,0,0,0,1.0,21.4
2025-04-09 20:54:00,0,0,0,0,0,0,0,0,0,0,0,0,0.8,21.4
2025-04-09 20:54:05,0,0,0,0,0,0,0,0,0,0,0,0,0.9,21.4
2025-04-09 20:54:10,0,0,0,0,0,0,0,0,0,0,0,0,0.9,21.4
2025-04-09 20:54:15,0,0,0,0,0,0,0,0,0,0,0,0,1.2,21.4
2025-04-09 20:54:20,0,0,0,0,0,0,0,0,0,0,0,0,1.3,21.4
2025-04-09 20:54:25,0,0,0,0,0,0,0,0,0,0,0,0,1.5,21.4
2025-04-09 20:54:30,0,0,0,0,0,0,0,0,0,0,0,0,1.3,21.4
2025-04-09 20:54:35,0,0,0,0,0,0,0,0,0,0,0,0,1.4,21.4
2025-04-09 20:54:40,0,0,0,0,0,0,0,0,0,0,0,0,1.3,21.5
2025-04-09 20:54:45,0,0,0,0,0,0,0,0,0,0,0,0,1.2,21.5
2025-04-09 20:54:50,0,0,0,0,0,0,0,0,0,0,0,0,1.3,21.4
2025-04-09 20:54:55,0,0,0,0,0,0,0,0,0,0,0,0,1.0,21.5
2025-04-09 20:55:00,0,0,0,0,0,0,0,0,0,0,0,0,0.9,21.5
2025-04-09 20:55:05,0,0,0,0,0,0,0,0,0,0,0,0,0.7,21.5
2025-04-09 20:55:10,0,0,0,0,0,0,0,0,0,0,0,0,0.6,21.5
2025-04-09 20:55:15,0,0,0,0,0,0,0,0,0,0,0,0,0.5,21.5
2025-04-09 20:55:20,0,0,0,0,0,0,0,0,0,0,0,0,0.5,21.4
2025-04-09 20:55:25,0,0,0,0,0,0,0,0,0,0,0,0,0.4,21.4
2025-04-09 20:55:30,0,0,0,0,0,0,0,0,0,0,0,0,0.3,21.4
2025-04-09 20:55:35,0,0,0,0,0,0,0,0,0,0,0,0,0.4,21.4
2025-04-09 20:55:40,0,0,0,0,0,0,0,0,0,0,0,0,0.4,21.4
2025-04-09 20:55:45,0,0,0,0,0,0,0,0,0,0,0,0,0.5,21.5
2025-04-09 20:55:50,0,0,0,0,0,0,0,0,0,0,0,0,0.4,21.4
2025-04-09 20:55:55,0,0,0,0,0,0,0,0,0,0,0,0,0.3,21.4
2025-04-09 20:56:00,0,0,0,0,0,0,0,0,0,0,0,0,0.3,21.4
2025-04-09 20:56:05,0,0,0,0,0,0,0,0,0,0,0,0,0.5,21.4
2025-04-09 20:56:10,0,0,0,0,0,0,0,0,0,0,0,0,0.6,21.4
2025-04-09 20:56:15,0,0,0,0,0,0,0,0,0,0,0,0,0.7,21.4
2025-04-09 20:56:20,0,0,0,0,0,0,0,0,0,0,0,0,1.0,21.4
2025-04-09 20:56:25,0,0,0,0,0,0,0,0,0,0,0,0,1.1,21.4
2025-04-09 20:56:30,0,0,0,0,0,0,0,0,0,0,0,0,1.2,21.4
2025-04-09 20:56:35,0,0,0,0,0,0,0,0,0,0,0,0,1.3,21.4
2025-04-09 20:56:40,0,0,0,0,0,0,0,0,0,0,0,0,1.5,21.4
2025-04-09 20:56:45,0,0,0,0,0,0,0,0,0,0,0,0,1.6,21.4
2025-04-09 20:56:50,0,0,0,0,0,0,0,0,0,0,0,0,1.5,21.4
2025-04-09 20:56:55,0,0,0,0,0,0,0,0,0,0,0,0,1.6,21.4
2025-04-09 20:57:00,0,0,0,0,0,0,0,0,0,0,0,0,1.6,21.4
2025-04-09 20:57:05,0,0,0,0,0,0,0,0,0,0,0,0,1.3,21.4
2025-04-09 20:57:10,0,0,0,0,0,0,0,0,0,0,0,0,1.2,21.4
2025-04-09 20:57:15,0,0,0,0,0,0,0,0,0,0,0,0,1.1,21.4
2025-04-09 20:57:20,0,0,0,0,0,0,0,0,0,0,0,0,1.0,21.4
2025-04-09 20:57:25,0,0,0,0,0,0,0,0,0,0,0,0,0.8,21.4
2025-04-09 20:57:30,0,0,0,0,0,0,0,0,0,0,0,0,0.7,21.4
2025-04-09 20:57:35,0,0,0,0,0,0,0,0,0,0,0,0,0.6,21.4
2025-04-09 20:57:40,0,0,0,0,0,0,0,0,0,0,0,0,0.6,21.4
2025-04-09 20:57:45,0,0,0,0,0,0,0,0,0,0,0,0,0.6,21.4
2025-04-09 20:57:50,0,0,0,0,0,0,0,0,0,0,0,0,0.6,21.4
2025-04-09 20:57:55,0,0,0,0,0,0,0,0,0,0,0,0,0.7,21.4
2025-04-09 20:58:00,0,0,0,0,0,0,0,0,0,0,0,0,0.7,21.4
2025-04-09 20:58:05,0,0,0,0,0,0,0,0,0,0,0,0,0.8,21.4
2025-04-09 20:58:10,0,0,0,0,0,0,0,0,0,0,0,0,0.8,21.4
2025-04-09 20:58:15,0,0,0,0,0,0,0,0,0,0,0,0,0.8,21.4
2025-04-09 20:58:20,0,0,0,0,0,0,0,0,0,0,0,0,0.7,21.4
2025-04-09 20:58:25,0,0,0,0,0,0,0,0,0,0,0,0,0.7,21.4
2025-04-09 20:58:30,0,0,0,0,0,0,0,0,0,0,0,0,0.6,21.4
2025-04-09 20:58:35,0,0,0,0,0,0,0,0,0,0,0,0,0.5,21.4
2025-04-09 20:58:40,0,0,0,0,0,0,0,0,0,0,0,0,0.6,21.4
2025-04-09 20:58:45,0,0,0,0,0,0,0,0,0,0,0,0,0.6,21.4
2025-04-09 20:58:50,0,0,0,0,0,0,0,0,0,0,0,0,0.5,21.4
2025-04-09 20:58:55,0,0,0,0,0,0,0,0,0,0,0,0,0.5,21.4
2025-04-09 20:59:00,0,0,0,0,0,0,0,0,0,0,0,0,0.5,21.4
2025-04-09 20:59:05,0,0,0,0,0,0,0,0,0,0,0,0,0.4,21.4
2025-04-09 20:59:10,0,0,0,0,0,0,0,0,0,0,0,0,0.3,21.3
2025-04-09 20:59:15,0,0,0,0,0,0,0,0,0,0,0,0,0.2,21.3
2025-04-09 20:59:20,0,0,0,0,0,0,0,0,0,0,0,0,0.2,21.3
2025-04-09 20:59:25,0,0,0,0,0,0,0,0,0,0,0,0,0.1,21.3
2025-04-09 20:59:30,0,0,0,0,0,0,0,0,0,0,0,0,0.5,21.3
2025-04-09 20:59:35,0,0,0,0,0,0,0,0,0,0,0,0,0.8,21.3
2025-04-09 20:59:40,0,0,0,0,0,0,0,0,0,0,0,0,1.0,21.3
2025-04-09 20:59:45,0,0,0,0,0,0,0,0,0,0,0,0,1.1,21.3
2025-04-09 20:59:50,0,0,0,0,0,0,0,0,0,0,0,0,1.1,21.3
2025-04-09 20:59:55,0,0,0,0,0,0,0,0,0,0,0,0,1.4,21.3
2025-04-09 21:00:00,0,0,0,0,0,0,0,0,0,0,0,0,1.4,21.3
2025-04-09 21:00:05,0,0,0,0,0,0,0,0,0,0,0,0,1.3,21.3
2025-04-09 21:00:10,0,0,0,0,0,0,0,0,0,0,0,0,1.3,21.4
2025-04-09 21:00:15,0,0,0,0,0,0,0,0,0,0,0,0,1.2,21.3
2025-04-09 21:00:20,0,0,0,0,0,0,0,0,0,0,0,0,1.1,21.4
2025-04-09 21:00:25,0,0,0,0,0,0,0,0,0,0,0,0,1.0,21.3
2025-04-09 21:00:30,0,0,0,0,0,0,0,0,0,0,0,0,0.9,21.4
2025-04-09 21:00:35,0,0,0,0,0,0,0,0,0,0,0,0,0.8,21.3
2025-04-09 21:00:40,0,0,0,0,0,0,0,0,0,0,0,0,0.7,21.4
2025-04-09 21:00:45,0,0,0,0,0,0,0,0,0,0,0,0,0.6,21.4
2025-04-09 21:00:50,0,0,0,0,0,0,0,0,0,0,0,0,0.4,21.3
2025-04-09 21:00:55,0,0,0,0,0,0,0,0,0,0,0,0,0.3,21.3
2025-04-09 21:01:00,0,0,0,0,0,0,0,0,0,0,0,0,0.2,21.3
2025-04-09 21:01:05,0,0,0,0,0,0,0,0,0,0,0,0,0.1,21.3
2025-04-09 21:01:10,0,0,0,0,0,0,0,0,0,0,0,0,0.0,21.3
2025-04-09 21:01:15,0,0,0,0,0,0,0,0,0,0,0,0,0.0,21.3
2025-04-09 21:01:20,0,0,0,0,0,0,0,0,0,0,0,0,0.0,21.3
2025-04-09 21:01:25,0,0,0,0,0,0,0,0,0,0,0,0,0.0,21.3
2025-04-09 21:01:30,0,0,0,0,0,0,0,0,0,0,0,0,0.0,21.3
2025-04-09 21:01:35,0,0,0,0,0,0,0,0,0,0,0,0,0.0,21.3
2025-04-09 21:01:40,0,0,0,0,0,0,0,0,0,0,0,0,0.0,21.3
2025-04-09 21:01:45,0,0,0,0,0,0,0,0,0,0,0,0,0.0,21.3
2025-04-09 21:01:50,0,0,0,0,0,0,0,0,0,0,0,0,0.0,21.3
2025-04-09 21:01:55,0,0,0,0,0,0,0,0,0,0,0,0,0.0,21.3
2025-04-09 21:02:00,0,0,0,0,0,0,0,0,0,0,0,0,0.0,21.3
2025-04-09 21:02:05,0,0,0,0,0,0,0,0,0,0,0,0,0.2,21.3
2025-04-09 21:02:10,0,0,0,0,0,0,0,0,0,0,0,0,0.3,21.3
2025-04-09 21:02:15,0,0,0,0,0,0,0,0,0,0,0,0,0.3,21.3
2025-04-09 21:02:20,0,0,0,0,0,0,0,0,0,0,0,0,0.2,21.3
2025-04-09 21:02:25,0,0,0,0,0,0,0,0,0,0,0,0,0.2,21.3
2025-04-09 21:02:30,0,0,0,0,0,0,0,0,0,0,0,0,0.2,21.3
2025-04-09 21:02:35,0,0,0,0,0,0,0,0,0,0,0,0,0.2,21.2
2025-04-09 21:02:40,0,0,0,0,0,0,0,0,0,0,0,0,0.2,21.2
2025-04-09 21:02:45,0,0,0,0,0,0,0,0,0,0,0,0,0.2,21.2
2025-04-09 21:02:50,0,0,0,0,0,0,0,0,0,0,0,0,0.2,21.2
2025-04-09 21:02:55,0,0,0,0,0,0,0,0,0,0,0,0,0.1,21.2
2025-04-09 21:03:00,0,0,0,0,0,0,0,0,0,0,0,0,0.1,21.2
2025-04-09 21:03:05,0,0,0,0,0,0,0,0,0,0,0,0,0.0,21.2
2025-04-09 21:03:10,0,0,0,0,0,0,0,0,0,0,0,0,0.0,21.2
2025-04-09 21:03:15,0,0,0,0,0,0,0,0,0,0,0,0,0.0,21.2
2025-04-09 21:03:20,0,0,0,0,0,0,0,0,0,0,0,0,0.0,21.2
2025-04-09 21:03:25,0,0,0,0,0,0,0,0,0,0,0,0,0.0,21.2
2025-04-09 21:03:30,0,0,0,0,0,0,0,0,0,0,0,0,0.0,21.2
2025-04-09 21:03:35,0,0,0,0,0,0,0,0,0,0,0,0,0.0,21.2
2025-04-09 21:03:40,0,0,0,0,0,0,0,0,0,0,0,0,0.0,21.2
2025-04-09 21:03:45,0,0,0,0,0,0,0,0,0,0,0,0,0.0,21.2
2025-04-09 21:03:50,0,0,0,0,0,0,0,0,0,0,0,0,0.0,21.2
2025-04-09 21:03:55,0,0,0,0,0,0,0,0,0,0,0,0,0.0,21.2
2025-04-09 21:04:00,0,0,0,0,0,0,0,0,0,0,0,0,0.1,21.2
2025-04-09 21:04:05,0,0,0,0,0,0,0,0,0,0,0,0,0.1,21.2
2025-04-09 21:04:10,0,0,0,0,0,0,0,0,0,0,0,0,0.2,21.2
2025-04-09 21:04:15,0,0,0,0,0,0,0,0,0,0,0,0,0.3,21.2
2025-04-09 21:04:20,0,0,0,0,0,0,0,0,0,0,0,0,0.3,21.2
2025-04-09 21:04:25,0,0,0,0,0,0,0,0,0,0,0,0,0.6,21.2
2025-04-09 21:04:30,0,0,0,0,0,0,0,0,0,0,0,0,0.7,21.2
2025-04-09 21:04:35,0,0,0,0,0,0,0,0,0,0,0,0,0.7,21.1
2025-04-09 21:04:40,0,0,0,0,0,0,0,0,0,0,0,0,0.6,21.1
2025-04-09 21:04:45,0,0,0,0,0,0,0,0,0,0,0,0,0.6,21.2
2025-04-09 21:04:50,0,0,0,0,0,0,0,0,0,0,0,0,0.6,21.1
2025-04-09 21:04:55,0,0,0,0,0,0,0,0,0,0,0,0,0.6,21.2
2025-04-09 21:05:00,0,0,0,0,0,0,0,0,0,0,0,0,0.5,21.1
2025-04-09 21:05:05,0,0,0,0,0,0,0,0,0,0,0,0,0.4,21.2
2025-04-09 21:05:10,0,0,0,0,0,0,0,0,0,0,0,0,0.4,21.1
2025-04-09 21:05:15,0,0,0,0,0,0,0,0,0,0,0,0,0.3,21.1
2025-04-09 21:05:20,0,0,0,0,0,0,0,0,0,0,0,0,0.3,21.1
2025-04-09 21:05:25,0,0,0,0,0,0,0,0,0,0,0,0,0.2,21.1
2025-04-09 21:05:30,0,0,0,0,0,0,0,0,0,0,0,0,0.2,21.1
2025-04-09 21:05:35,0,0,0,0,0,0,0,0,0,0,0,0,0.1,21.1
2025-04-09 21:05:40,0,0,0,0,0,0,0,0,0,0,0,0,0.0,21.1
2025-04-09 21:05:45,0,0,0,0,0,0,0,0,0,0,0,0,0.0,21.1
2025-04-09 21:05:50,0,0,0,0,0,0,0,0,0,0,0,0,0.0,21.1
2025-04-09 21:05:55,0,0,0,0,0,0,0,0,0,0,0,0,0.0,21.1
2025-04-09 21:06:00,0,0,0,0,0,0,0,0,0,0,0,0,0.0,21.1
2025-04-09 21:06:05,0,0,0,0,0,0,0,0,0,0,0,0,0.0,21.1
2025-04-09 21:06:10,0,0,0,0,0,0,0,0,0,0,0,0,0.0,21.1
2025-04-09 21:06:15,0,0,0,0,0,0,0,0,0,0,0,0,0.0,21.1
2025-04-09 21:06:20,0,0,0,0,0,0,0,0,0,0,0,0,0.0,21.1
2025-04-09 21:06:25,0,0,0,0,0,0,0,0,0,0,0,0,0.0,21.1
2025-04-09 21:06:30,0,0,0,0,0,0,0,0,0,0,0,0,0.0,21.1
2025-04-09 21:06:35,0,0,0,0,0,0,0,0,0,0,0,0,0.1,21.1
2025-04-09 21:06:40,0,0,0,0,0,0,0,0,0,0,0,0,0.3,21.1
2025-04-09 21:06:45,0,0,0,0,0,0,0,0,0,0,0,0,0.4,21.0
2025-04-09 21:06:50,0,0,0,0,0,0,0,0,0,0,0,0,0.4,21.0
2025-04-09 21:06:55,0,0,0,0,0,0,0,0,0,0,0,0,0.4,21.1
2025-04-09 21:07:00,0,0,0,0,0,0,0,0,0,0,0,0,0.3,21.1
2025-04-09 21:07:05,0,0,0,0,0,0,0,0,0,0,0,0,0.3,21.0
2025-04-09 21:07:10,0,0,0,0,0,0,0,0,0,0,0,0,0.2,21.0
2025-04-09 21:07:15,0,0,0,0,0,0,0,0,0,0,0,0,0.2,21.0
2025-04-09 21:07:20,0,0,0,0,0,0,0,0,0,0,0,0,0.2,21.0
2025-04-09 21:07:25,0,0,0,0,0,0,0,0,0,0,0,0,0.1,21.0
2025-04-09 21:07:30,0,0,0,0,0,0,0,0,0,0,0,0,0.2,21.0
2025-04-09 21:07:35,0,0,0,0,0,0,0,0,0,0,0,0,0.2,21.0
2025-04-09 21:07:40,0,0,0,0,0,0,0,0,0,0,0,0,0.2,21.0
2025-04-09 21:07:45,0,0,0,0,0,0,0,0,0,0,0,0,0.1,21.0
2025-04-09 21:07:50,0,0,0,0,0,0,0,0,0,0,0,0,0.1,21.0
2025-04-09 21:07:55,0,0,0,0,0,0,0,0,0,0,0,0,0.1,21.0
2025-04-09 21:08:00,0,0,0,0,0,0,0,0,0,0,0,0,0.0,21.0
2025-04-09 21:08:05,0,0,0,0,0,0,0,0,0,0,0,0,0.0,21.0
2025-04-09 21:08:10,0,0,0,0,0,0,0,0,0,0,0,0,0.0,21.0
2025-04-09 21:08:15,0,0,0,0,0,0,0,0,0,0,0,0,0.0,21.0
2025-04-09 21:08:20,0,0,0,0,0,0,0,0,0,0,0,0,0.1,21.0
2025-04-09 21:08:25,0,0,0,0,0,0,0,0,0,0,0,0,0.2,21.0
2025-04-09 21:08:30,0,0,0,0,0,0,0,0,0,0,0,0,0.3,21.0
2025-04-09 21:08:35,0,0,0,0,0,0,0,0,0,0,0,0,0.3,21.0
2025-04-09 21:08:40,0,0,0,0,0,0,0,0,0,0,0,0,0.4,21.0
2025-04-09 21:08:45,0,0,0,0,0,0,0,0,0,0,0,0,0.5,21.0
2025-04-09 21:08:50,0,0,0,0,0,0,0,0,0,0,0,0,0.5,21.0
2025-04-09 21:08:55,0,0,0,0,0,0,0,0,0,0,0,0,0.5,21.0
2025-04-09 21:09:00,0,0,0,0,0,0,0,0,0,0,0,0,0.5,21.0
2025-04-09 21:09:05,0,0,0,0,0,0,0,0,0,0,0,0,0.4,21.0
2025-04-09 21:09:10,0,0,0,0,0,0,0,0,0,0,0,0,0.3,21.0
2025-04-09 21:09:15,0,0,0,0,0,0,0,0,0,0,0,0,0.3,21.0
2025-04-09 21:09:20,0,0,0,0,0,0,0,0,0,0,0,0,0.3,21.0
2025-04-09 21:09:25,0,0,0,0,0,0,0,0,0,0,0,0,0.3,21.0
2025-04-09 21:09:30,0,0,0,0,0,0,0,0,0,0,0,0,0.2,21.0
2025-04-09 21:09:35,0,0,0,0,0,0,0,0,0,0,0,0,0.2,21.0
2025-04-09 21:09:40,0,0,0,0,0,0,0,0,0,0,0,0,0.2,21.0
2025-04-09 21:09:45,0,0,0,0,0,0,0,0,0,0,0,0,0.3,21.0
2025-04-09 21:09:50,0,0,0,0,0,0,0,0,0,0,0,0,0.3,21.0
2025-04-09 21:09:55,0,0,0,0,0,0,0,0,0,0,0,0,0.3,21.0
2025-04-09 21:10:00,0,0,0,0,0,0,0,0,0,0,0,0,0.4,20.9
2025-04-09 21:10:05,0,0,0,0,0,0,0,0,0,0,0,0,0.5,20.9
2025-04-09 21:10:10,0,0,0,0,0,0,0,0,0,0,0,0,0.5,21.0
2025-04-09 21:10:15,0,0,0,0,0,0,0,0,0,0,0,0,0.5,20.9
2025-04-09 21:10:20,0,0,0,0,0,0,0,0,0,0,0,0,0.4,20.9
2025-04-09 21:10:25,0,0,0,0,0,0,0,0,0,0,0,0,0.4,21.0
2025-04-09 21:10:30,0,0,0,0,0,0,0,0,0,0,0,0,0.5,20.9
2025-04-09 21:10:35,0,0,0,0,0,0,0,0,0,0,0,0,0.6,20.9
2025-04-09 21:10:40,0,0,0,0,0,0,0,0,0,0,0,0,0.5,21.0
2025-04-09 21:10:45,0,0,0,0,0,0,0,0,0,0,0,0,0.6,21.0
2025-04-09 21:10:50,0,0,0,0,0,0,0,0,0,0,0,0,0.5,20.9
2025-04-09 21:10:55,0,0,0,0,0,0,0,0,0,0,0,0,0.6,21.0
2025-04-09 21:11:00,0,0,0,0,0,0,0,0,0,0,0,0,0.6,21.0
2025-04-09 21:11:05,0,0,0,0,0,0,0,0,0,0,0,0,0.5,21.0
2025-04-09 21:11:10,0,0,0,0,0,0,0,0,0,0,0,0,0.4,21.0
2025-04-09 21:11:15,0,0,0,0,0,0,0,0,0,0,0,0,0.4,21.0
2025-04-09 21:11:20,0,0,0,0,0,0,0,0,0,0,0,0,0.3,21.0
2025-04-09 21:11:25,0,0,0,0,0,0,0,0,0,0,0,0,0.2,21.0
2025-04-09 21:11:30,0,0,0,0,0,0,0,0,0,0,0,0,0.1,21.0
2025-04-09 21:11:35,0,0,0,0,0,0,0,0,0,0,0,0,0.1,21.0
2025-04-09 21:11:40,0,0,0,0,0,0,0,0,0,0,0,0,0.0,21.0
2025-04-09 21:11:45,0,0,0,0,0,0,0,0,0,0,0,0,0.0,20.9
2025-04-09 21:11:50,0,0,0,0,0,0,0,0,0,0,0,0,0.0,21.0
2025-04-09 21:11:55,0,0,0,0,0,0,0,0,0,0,0,0,0.0,20.9
2025-04-09 21:12:00,0,0,0,0,0,0,0,0,0,0,0,0,0.0,20.9
2025-04-09 21:12:05,0,0,0,0,0,0,0,0,0,0,0,0,0.0,20.9
2025-04-09 21:12:10,0,0,0,0,0,0,0,0,0,0,0,0,0.0,20.9
2025-04-09 21:12:15,0,0,0,0,0,0,0,0,0,0,0,0,0.0,20.9
2025-04-09 21:12:20,0,0,0,0,0,0,0,0,0,0,0,0,0.0,20.9
2025-04-09 21:12:25,0,0,0,0,0,0,0,0,0,0,0,0,0.0,20.9
2025-04-09 21:12:30,0,0,0,0,0,0,0,0,0,0,0,0,0.0,20.9
2025-04-09 21:12:35,0,0,0,0,0,0,0,0,0,0,0,0,0.0,20.9
2025-04-09 21:12:40,0,0,0,0,0,0,0,0,0,0,0,0,0.0,20.9
2025-04-09 21:12:45,0,0,0,0,0,0,0,0,0,0,0,0,0.0,20.9
2025-04-09 21:12:50,0,0,0,0,0,0,0,0,0,0,0,0,0.0,20.9
2025-04-09 21:12:55,0,0,0,0,0,0,0,0,0,0,0,0,0.0,20.9
2025-04-09 21:13:00,0,0,0,0,0,0,0,0,0,0,0,0,0.0,20.9
2025-04-09 21:13:05,0,0,0,0,0,0,0,0,0,0,0,0,0.0,20.9
2025-04-09 21:13:10,0,0,0,0,0,0,0,0,0,0,0,0,0.0,20.9
2025-04-09 21:13:15,0,0,0,0,0,0,0,0,0,0,0,0,0.2,20.8
2025-04-09 21:13:20,0,0,0,0,0,0,0,0,0,0,0,0,0.3,20.9
2025-04-09 21:13:25,0,0,0,0,0,0,0,0,0,0,0,0,0.4,20.9
2025-04-09 21:13:30,0,0,0,0,0,0,0,0,0,0,0,0,0.5,20.9
2025-04-09 21:13:35,0,0,0,0,0,0,0,0,0,0,0,0,0.5,20.9
2025-04-09 21:13:40,0,0,0,0,0,0,0,0,0,0,0,0,0.6,20.9
2025-04-09 21:13:45,0,0,0,0,0,0,0,0,0,0,0,0,0.6,20.8
2025-04-09 21:13:50,0,0,0,0,0,0,0,0,0,0,0,0,0.5,20.9
2025-04-09 21:13:55,0,0,0,0,0,0,0,0,0,0,0,0,0.5,20.9
2025-04-09 21:14:00,0,0,0,0,0,0,0,0,0,0,0,0,0.4,20.9
2025-04-09 21:14:05,0,0,0,0,0,0,0,0,0,0,0,0,0.3,20.9
2025-04-09 21:14:10,0,0,0,0,0,0,0,0,0,0,0,0,0.2,20.9
2025-04-09 21:14:15,0,0,0,0,0,0,0,0,0,0,0,0,0.2,20.9
2025-04-09 21:14:20,0,0,0,0,0,0,0,0,0,0,0,0,0.2,20.8
2025-04-09 21:14:25,0,0,0,0,0,0,0,0,0,0,0,0,0.2,20.8
2025-04-09 21:14:30,0,0,0,0,0,0,0,0,0,0,0,0,0.2,20.8
2025-04-09 21:14:35,0,0,0,0,0,0,0,0,0,0,0,0,0.2,20.8
2025-04-09 21:14:40,0,0,0,0,0,0,0,0,0,0,0,0,0.2,20.8
2025-04-09 21:14:45,0,0,0,0,0,0,0,0,0,0,0,0,0.2,20.8
2025-04-09 21:14:50,0,0,0,0,0,0,0,0,0,0,0,0,0.2,20.8
2025-04-09 21:14:55,0,0,0,0,0,0,0,0,0,0,0,0,0.2,20.8
2025-04-09 21:15:00,0,0,0,0,0,0,0,0,0,0,0,0,0.3,20.8
2025-04-09 21:15:05,0,0,0,0,0,0,0,0,0,0,0,0,0.3,20.8
2025-04-09 21:15:10,0,0,0,0,0,0,0,0,0,0,0,0,0.2,20.8
2025-04-09 21:15:15,0,0,0,0,0,0,0,0,0,0,0,0,0.2,20.8
2025-04-09 21:15:20,0,0,0,0,0,0,0,0,0,0,0,0,0.1,20.8
2025-04-09 21:15:25,0,0,0,0,0,0,0,0,0,0,0,0,0.2,20.8
2025-04-09 21:15:30,0,0,0,0,0,0,0,0,0,0,0,0,0.2,20.8
2025-04-09 21:15:35,0,0,0,0,0,0,0,0,0,0,0,0,0.2,20.8
2025-04-09 21:15:40,0,0,0,0,0,0,0,0,0,0,0,0,0.2,20.8
2025-04-09 21:15:45,0,0,0,0,0,0,0,0,0,0,0,0,0.2,20.8
2025-04-09 21:15:50,0,0,0,0,0,0,0,0,0,0,0,0,0.2,20.8
2025-04-09 21:15:55,0,0,0,0,0,0,0,0,0,0,0,0,0.1,20.8
2025-04-09 21:16:00,0,0,0,0,0,0,0,0,0,0,0,0,0.1,20.8
2025-04-09 21:16:05,0,0,0,0,0,0,0,0,0,0,0,0,0.0,20.8
2025-04-09 21:16:10,0,0,0,0,0,0,0,0,0,0,0,0,0.0,20.8
2025-04-09 21:16:15,0,0,0,0,0,0,0,0,0,0,0,0,0.0,20.8
2025-04-09 21:16:20,0,0,0,0,0,0,0,0,0,0,0,0,0.0,20.8
2025-04-09 21:16:25,0,0,0,0,0,0,0,0,0,0,0,0,0.0,20.8
2025-04-09 21:16:30,0,0,0,0,0,0,0,0,0,0,0,0,0.0,20.8
2025-04-09 21:16:35,0,0,0,0,0,0,0,0,0,0,0,0,0.0,20.8
2025-04-09 21:16:40,0,0,0,0,0,0,0,0,0,0,0,0,0.0,20.8
2025-04-09 21:16:45,0,0,0,0,0,0,0,0,0,0,0,0,0.0,20.8
2025-04-09 21:16:50,0,0,0,0,0,0,0,0,0,0,0,0,0.0,20.8
2025-04-09 21:16:55,0,0,0,0,0,0,0,0,0,0,0,0,0.0,20.8
2025-04-09 21:17:00,0,0,0,0,0,0,0,0,0,0,0,0,0.0,20.8
2025-04-09 21:17:05,0,0,0,0,0,0,0,0,0,0,0,0,0.0,20.7
2025-04-09 21:17:10,0,0,0,0,0,0,0,0,0,0,0,0,0.0,20.7
2025-04-09 21:17:15,0,0,0,0,0,0,0,0,0,0,0,0,0.0,20.7
2025-04-09 21:17:20,0,0,0,0,0,0,0,0,0,0,0,0,0.0,20.7
2025-04-09 21:17:25,0,0,0,0,0,0,0,0,0,0,0,0,0.0,20.7
2025-04-09 21:17:30,0,0,0,0,0,0,0,0,0,0,0,0,0.0,20.7
2025-04-09 21:17:35,0,0,0,0,0,0,0,0,0,0,0,0,0.1,20.7
2025-04-09 21:17:40,0,0,0,0,0,0,0,0,0,0,0,0,0.0,20.7
2025-04-09 21:17:45,0,0,0,0,0,0,0,0,0,0,0,0,0.0,20.7
2025-04-09 21:17:50,0,0,0,0,0,0,0,0,0,0,0,0,0.0,20.7
2025-04-09 21:17:55,0,0,0,0,0,0,0,0,0,0,0,0,0.0,20.7
2025-04-09 21:18:00,0,0,0,0,0,0,0,0,0,0,0,0,0.0,20.7
2025-04-09 21:18:05,0,0,0,0,0,0,0,0,0,0,0,0,0.0,20.7
2025-04-09 21:18:10,0,0,0,0,0,0,0,0,0,0,0,0,0.0,20.7
2025-04-09 21:18:15,0,0,0,0,0,0,0,0,0,0,0,0,0.0,20.7
2025-04-09 21:18:20,0,0,0,0,0,0,0,0,0,0,0,0,0.0,20.7
2025-04-09 21:18:25,0,0,0,0,0,0,0,0,0,0,0,0,0.0,20.7
2025-04-09 21:18:30,0,0,0,0,0,0,0,0,0,0,0,0,0.0,20.7
2025-04-09 21:18:35,0,0,0,0,0,0,0,0,0,0,0,0,0.0,20.7
2025-04-09 21:18:40,0,0,0,0,0,0,0,0,0,0,0,0,0.0,20.7
2025-04-09 21:18:45,0,0,0,0,0,0,0,0,0,0,0,0,0.0,20.7
2025-04-09 21:18:50,0,0,0,0,0,0,0,0,0,0,0,0,0.0,20.7
2025-04-09 21:18:55,0,0,0,0,0,0,0,0,0,0,0,0,0.0,20.7
2025-04-09 21:19:00,0,0,0,0,0,0,0,0,0,0,0,0,0.0,20.7
2025-04-09 21:19:05,0,0,0,0,0,0,0,0,0,0,0,0,0.0,20.7
2025-04-09 21:19:10,0,0,0,0,0,0,0,0,0,0,0,0,0.0,20.7
2025-04-09 21:19:15,0,0,0,0,0,0,0,0,0,0,0,0,0.0,20.6
2025-04-09 21:19:20,0,0,0,0,0,0,0,0,0,0,0,0,0.0,20.6
2025-04-09 21:19:25,0,0,0,0,0,0,0,0,0,0,0,0,0.0,20.6
2025-04-09 21:19:30,0,0,0,0,0,0,0,0,0,0,0,0,0.0,20.6
2025-04-09 21:19:35,0,0,0,0,0,0,0,0,0,0,0,0,0.0,20.6
2025-04-09 21:19:40,0,0,0,0,0,0,0,0,0,0,0,0,0.0,20.6
2025-04-09 21:19:45,0,0,0,0,0,0,0,0,0,0,0,0,0.0,20.6
2025-04-09 21:19:50,0,0,0,0,0,0,0,0,0,0,0,0,0.0,20.6
2025-04-09 21:19:55,0,0,0,0,0,0,0,0,0,0,0,0,0.0,20.6
2025-04-09 21:20:00,0,0,0,0,0,0,0,0,0,0,0,0,0.0,20.6
2025-04-09 21:20:05,0,0,0,0,0,0,0,0,0,0,0,0,0.0,20.6
2025-04-09 21:20:10,0,0,0,0,0,0,0,0,0,0,0,0,0.0,20.6
2025-04-09 21:20:15,0,0,0,0,0,0,0,0,0,0,0,0,0.0,20.6
2025-04-09 21:20:20,0,0,0,0,0,0,0,0,0,0,0,0,0.0,20.6
2025-04-09 21:20:25,0,0,0,0,0,0,0,0,0,0,0,0,0.0,20.6
2025-04-09 21:20:30,0,0,0,0,0,0,0,0,0,0,0,0,0.0,20.6
2025-04-09 21:20:35,0,0,0,0,0,0,0,0,0,0,0,0,0.0,20.6
2025-04-09 21:20:40,0,0,0,0,0,0,0,0,0,0,0,0,0.0,20.6
2025-04-09 21:20:45,0,0,0,0,0,0,0,0,0,0,0,0,0.0,20.6
2025-04-09 21:20:50,0,0,0,0,0,0,0,0,0,0,0,0,0.0,20.6
2025-04-09 21:20:55,0,0,0,0,0,0,0,0,0,0,0,0,0.0,20.6
2025-04-09 21:21:00,0,0,0,0,0,0,0,0,0,0,0,0,0.0,20.5
2025-04-09 21:21:05,0,0,0,0,0,0,0,0,0,0,0,0,0.0,20.5
2025-04-09 21:21:10,0,0,0,0,0,0,0,0,0,0,0,0,0.0,20.5
2025-04-09 21:21:15,0,0,0,0,0,0,0,0,0,0,0,0,0.0,20.5
2025-04-09 21:21:20,0,0,0,0,0,0,0,0,0,0,0,0,0.0,20.5
2025-04-09 21:21:25,0,0,0,0,0,0,0,0,0,0,0,0,0.0,20.5
2025-04-09 21:21:30,0,0,0,0,0,0,0,0,0,0,0,0,0.0,20.5
2025-04-09 21:21:35,0,0,0,0,0,0,0,0,0,0,0,0,0.0,20.5
2025-04-09 21:21:40,0,0,0,0,0,0,0,0,0,0,0,0,0.0,20.5
2025-04-09 21:21:45,0,0,0,0,0,0,0,0,0,0,0,0,0.0,20.5
2025-04-09 21:21:50,0,0,0,0,0,0,0,0,0,0,0,0,0.0,20.5
2025-04-09 21:21:55,0,0,0,0,0,0,0,0,0,0,0,0,0.0,20.5
2025-04-09 21:22:00,0,0,0,0,0,0,0,0,0,0,0,0,0.0,20.5
2025-04-09 21:22:05,0,0,0,0,0,0,0,0,0,0,0,0,0.0,20.4
2025-04-09 21:22:10,0,0,0,0,0,0,0,0,0,0,0,0,0.0,20.4
2025-04-09 21:22:15,0,0,0,0,0,0,0,0,0,0,0,0,0.0,20.4
2025-04-09 21:22:20,0,0,0,0,0,0,0,0,0,0,0,0,0.0,20.4
2025-04-09 21:22:25,0,0,0,0,0,0,0,0,0,0,0,0,0.0,20.4
2025-04-09 21:22:30,0,0,0,0,0,0,0,0,0,0,0,0,0.0,20.4
2025-04-09 21:22:35,0,0,0,0,0,0,0,0,0,0,0,0,0.0,20.4
2025-04-09 21:22:40,0,0,0,0,0,0,0,0,0,0,0,0,0.0,20.4
2025-04-09 21:22:45,0,0,0,0,0,0,0,0,0,0,0,0,0.0,20.4
2025-04-09 21:22:50,0,0,0,0,0,0,0,0,0,0,0,0,0.0,20.4
2025-04-09 21:22:55,0,0,0,0,0,0,0,0,0,0,0,0,0.0,20.4
2025-04-09 21:23:00,0,0,0,0,0,0,0,0,0,0,0,0,0.0,20.4
2025-04-09 21:23:05,0,0,0,0,0,0,0,0,0,0,0,0,0.0,20.4
2025-04-09 21:23:10,0,0,0,0,0,0,0,0,0,0,0,0,0.0,20.4
2025-04-09 21:23:15,0,0,0,0,0,0,0,0,0,0,0,0,0.0,20.4
2025-04-09 21:23:20,0,0,0,0,0,0,0,0,0,0,0,0,0.0,20.4
2025-04-09 21:23:25,0,0,0,0,0,0,0,0,0,0,0,0,0.1,20.4
2025-04-09 21:23:30,0,0,0,0,0,0,0,0,0,0,0,0,0.1,20.4
2025-04-09 21:23:35,0,0,0,0,0,0,0,0,0,0,0,0,0.1,20.4
2025-04-09 21:23:40,0,0,0,0,0,0,0,0,0,0,0,0,0.1,20.4
2025-04-09 21:23:45,0,0,0,0,0,0,0,0,0,0,0,0,0.0,20.3
2025-04-09 21:23:50,0,0,0,0,0,0,0,0,0,0,0,0,0.0,20.3
2025-04-09 21:23:55,0,0,0,0,0,0,0,0,0,0,0,0,0.0,20.3
2025-04-09 21:24:00,0,0,0,0,0,0,0,0,0,0,0,0,0.0,20.3
2025-04-09 21:24:05,0,0,0,0,0,0,0,0,0,0,0,0,0.0,20.3
2025-04-09 21:24:10,0,0,0,0,0,0,0,0,0,0,0,0,0.0,20.3
2025-04-09 21:24:15,0,0,0,0,0,0,0,0,0,0,0,0,0.0,20.3
2025-04-09 21:24:20,0,0,0,0,0,0,0,0,0,0,0,0,0.0,20.3
2025-04-09 21:24:25,0,0,0,0,0,0,0,0,0,0,0,0,0.0,20.3
2025-04-09 21:24:30,0,0,0,0,0,0,0,0,0,0,0,0,0.0,20.3
2025-04-09 21:24:35,0,0,0,0,0,0,0,0,0,0,0,0,0.0,20.3
2025-04-09 21:24:40,0,0,0,0,0,0,0,0,0,0,0,0,0.0,20.3
2025-04-09 21:24:45,0,0,0,0,0,0,0,0,0,0,0,0,0.0,20.3
2025-04-09 21:24:50,0,0,0,0,0,0,0,0,0,0,0,0,0.0,20.3
2025-04-09 21:24:55,0,0,0,0,0,0,0,0,0,0,0,0,0.0,20.3
2025-04-09 21:25:00,0,0,0,0,0,0,0,0,0,0,0,0,0.0,20.3
2025-04-09 21:25:05,0,0,0,0,0,0,0,0,0,0,0,0,0.0,20.3
2025-04-09 21:25:10,0,0,0,0,0,0,0,0,0,0,0,0,0.0,20.3
2025-04-09 21:25:15,0,0,0,0,0,0,0,0,0,0,0,0,0.0,20.3
2025-04-09 21:25:20,0,0,0,0,0,0,0,0,0,0,0,0,0.0,20.3
2025-04-09 21:25:25,0,0,0,0,0,0,0,0,0,0,0,0,0.0,20.3
2025-04-09 21:25:30,0,0,0,0,0,0,0,0,0,0,0,0,0.0,20.3
2025-04-09 21:25:35,0,0,0,0,0,0,0,0,0,0,0,0,0.0,20.3
2025-04-09 21:25:40,0,0,0,0,0,0,0,0,0,0,0,0,0.0,20.3
2025-04-09 21:25:45,0,0,0,0,0,0,0,0,0,0,0,0,0.0,20.3
2025-04-09 21:25:50,0,0,0,0,0,0,0,0,0,0,0,0,0.0,20.3
2025-04-09 21:25:55,0,0,0,0,0,0,0,0,0,0,0,0,0.0,20.3
2025-04-09 21:26:00,0,0,0,0,0,0,0,0,0,0,0,0,0.0,20.3
2025-04-09 21:26:05,0,0,0,0,0,0,0,0,0,0,0,0,0.0,20.3
2025-04-09 21:26:10,0,0,0,0,0,0,0,0,0,0,0,0,0.0,20.3
2025-04-09 21:26:15,0,0,0,0,0,0,0,0,0,0,0,0,0.0,20.3
2025-04-09 21:26:20,0,0,0,0,0,0,0,0,0,0,0,0,0.0,20.3
2025-04-09 21:26:25,0,0,0,0,0,0,0,0,0,0,0,0,0.0,20.3
2025-04-09 21:26:30,0,0,0,0,0,0,0,0,0,0,0,0,0.0,20.3
2025-04-09 21:26:35,0,0,0,0,0,0,0,0,0,0,0,0,0.0,20.3
2025-04-09 21:26:40,0,0,0,0,0,0,0,0,0,0,0,0,0.0,20.3
2025-04-09 21:26:45,0,0,0,0,0,0,0,0,0,0,0,0,0.0,20.3
2025-04-09 21:26:50,0,0,0,0,0,0,0,0,0,0,0,0,0.0,20.3
2025-04-09 21:26:55,0,0,0,0,0,0,0,0,0,0,0,0,0.0,20.3
2025-04-09 21:27:00,0,0,0,0,0,0,0,0,0,0,0,0,0.0,20.2
2025-04-09 21:27:05,0,0,0,0,0,0,0,0,0,0,0,0,0.0,20.2
2025-04-09 21:27:10,0,0,0,0,0,0,0,0,0,0,0,0,0.0,20.2
2025-04-09 21:27:15,0,0,0,0,0,0,0,0,0,0,0,0,0.0,20.2
2025-04-09 21:27:20,0,0,0,0,0,0,0,0,0,0,0,0,0.0,20.2
2025-04-09 21:27:25,0,0,0,0,0,0,0,0,0,0,0,0,0.0,20.2
2025-04-09 21:27:30,0,0,0,0,0,0,0,0,0,0,0,0,0.0,20.2
2025-04-09 21:27:35,0,0,0,0,0,0,0,0,0,0,0,0,0.0,20.2
2025-04-09 21:27:40,0,0,0,0,0,0,0,0,0,0,0,0,0.0,20.2
2025-04-09 21:27:45,0,0,0,0,0,0,0,0,0,0,0,0,0.0,20.2
2025-04-09 21:27:50,0,0,0,0,0,0,0,0,0,0,0,0,0.0,20.2
2025-04-09 21:27:55,0,0,0,0,0,0,0,0,0,0,0,0,0.0,20.2
2025-04-09 21:28:00,0,0,0,0,0,0,0,0,0,0,0,0,0.0,20.2
2025-04-09 21:28:05,0,0,0,0,0,0,0,0,0,0,0,0,0.0,20.2
2025-04-09 21:28:10,0,0,0,0,0,0,0,0,0,0,0,0,0.0,20.2
2025-04-09 21:28:15,0,0,0,0,0,0,0,0,0,0,0,0,0.0,20.2
2025-04-09 21:28:20,0,0,0,0,0,0,0,0,0,0,0,0,0.0,20.2
2025-04-09 21:28:25,0,0,0,0,0,0,0,0,0,0,0,0,0.0,20.2
2025-04-09 21:28:30,0,0,0,0,0,0,0,0,0,0,0,0,0.0,20.2
2025-04-09 21:28:35,0,0,0,0,0,0,0,0,0,0,0,0,0.0,20.2
2025-04-09 21:28:40,0,0,0,0,0,0,0,0,0,0,0,0,0.0,20.2
2025-04-09 21:28:45,0,0,0,0,0,0,0,0,0,0,0,0,0.0,20.1
2025-04-09 21:28:50,0,0,0,0,0,0,0,0,0,0,0,0,0.0,20.1
2025-04-09 21:28:55,0,0,0,0,0,0,0,0,0,0,0,0,0.0,20.1
2025-04-09 21:29:00,0,0,0,0,0,0,0,0,0,0,0,0,0.0,20.1
2025-04-09 21:29:05,0,0,0,0,0,0,0,0,0,0,0,0,0.0,20.1
2025-04-09 21:29:10,0,0,0,0,0,0,0,0,0,0,0,0,0.0,20.1
2025-04-09 21:29:15,0,0,0,0,0,0,0,0,0,0,0,0,0.0,20.1
2025-04-09 21:29:20,0,0,0,0,0,0,0,0,0,0,0,0,0.0,20.1
2025-04-09 21:29:25,0,0,0,0,0,0,0,0,0,0,0,0,0.0,20.1
2025-04-09 21:29:30,0,0,0,0,0,0,0,0,0,0,0,0,0.0,20.1
2025-04-09 21:29:35,0,0,0,0,0,0,0,0,0,0,0,0,0.0,20.1
2025-04-09 21:29:40,0,0,0,0,0,0,0,0,0,0,0,0,0.0,20.1
2025-04-09 21:29:45,0,0,0,0,0,0,0,0,0,0,0,0,0.0,20.1
2025-04-09 21:29:50,0,0,0,0,0,0,0,0,0,0,0,0,0.0,20.1
2025-04-09 21:29:55,0,0,0,0,0,0,0,0,0,0,0,0,0.0,20.1
2025-04-09 21:30:00,0,0,0,0,0,0,0,0,0,0,0,0,0.0,20.1
2025-04-09 21:30:05,0,0,0,0,0,0,0,0,0,0,0,0,0.0,20.1
2025-04-09 21:30:10,0,0,0,0,0,0,0,0,0,0,0,0,0.0,20.1
2025-04-09 21:30:15,0,0,0,0,0,0,0,0,0,0,0,0,0.0,20.1
2025-04-09 21:30:20,0,0,0,0,0,0,0,0,0,0,0,0,0.0,20.1
2025-04-09 21:30:25,0,0,0,0,0,0,0,0,0,0,0,0,0.0,20.1
2025-04-09 21:30:30,0,0,0,0,0,0,0,0,0,0,0,0,0.0,20.1
2025-04-09 21:30:35,0,0,0,0,0,0,0,0,0,0,0,0,0.0,20.1
2025-04-09 21:30:40,0,0,0,0,0,0,0,0,0,0,0,0,0.0,20.1
2025-04-09 21:30:45,0,0,0,0,0,0,0,0,0,0,0,0,0.0,20.1
2025-04-09 21:30:50,0,0,0,0,0,0,0,0,0,0,0,0,0.0,20.1
2025-04-09 21:30:55,0,0,0,0,0,0,0,0,0,0,0,0,0.0,20.1
2025-04-09 21:31:00,0,0,0,0,0,0,0,0,0,0,0,0,0.0,20.1
2025-04-09 21:31:05,0,0,0,0,0,0,0,0,0,0,0,0,0.0,20.1
2025-04-09 21:31:10,0,0,0,0,0,0,0,0,0,0,0,0,0.0,20.1
2025-04-09 21:31:15,0,0,0,0,0,0,0,0,0,0,0,0,0.0,20.0
2025-04-09 21:31:20,0,0,0,0,0,0,0,0,0,0,0,0,0.0,20.1
2025-04-09 21:31:25,0,0,0,0,0,0,0,0,0,0,0,0,0.0,20.1
2025-04-09 21:31:30,0,0,0,0,0,0,0,0,0,0,0,0,0.0,20.0
2025-04-09 21:31:35,0,0,0,0,0,0,0,0,0,0,0,0,0.0,20.1
2025-04-09 21:31:40,0,0,0,0,0,0,0,0,0,0,0,0,0.0,20.1
2025-04-09 21:31:45,0,0,0,0,0,0,0,0,0,0,0,0,0.0,20.0
2025-04-09 21:31:50,0,0,0,0,0,0,0,0,0,0,0,0,0.0,20.0
2025-04-09 21:31:55,0,0,0,0,0,0,0,0,0,0,0,0,0.0,20.0
2025-04-09 21:32:00,0,0,0,0,0,0,0,0,0,0,0,0,0.0,20.0
2025-04-09 21:32:05,0,0,0,0,0,0,0,0,0,0,0,0,0.0,20.0
2025-04-09 21:32:10,0,0,0,0,0,0,0,0,0,0,0,0,0.0,20.0
2025-04-09 21:32:15,0,0,0,0,0,0,0,0,0,0,0,0,0.0,20.0
2025-04-09 21:32:20,0,0,0,0,0,0,0,0,0,0,0,0,0.0,20.0
2025-04-09 21:32:25,0,0,0,0,0,0,0,0,0,0,0,0,0.0,20.0
2025-04-09 21:32:30,0,0,0,0,0,0,0,0,0,0,0,0,0.0,20.0
2025-04-09 21:32:35,0,0,0,0,0,0,0,0,0,0,0,0,0.0,20.0
2025-04-09 21:32:40,0,0,0,0,0,0,0,0,0,0,0,0,0.0,20.0
2025-04-09 21:32:45,0,0,0,0,0,0,0,0,0,0,0,0,0.0,20.0
2025-04-09 21:32:50,0,0,0,0,0,0,0,0,0,0,0,0,0.0,20.0
2025-04-09 21:32:55,0,0,0,0,0,0,0,0,0,0,0,0,0.0,20.0
2025-04-09 21:33:00,0,0,0,0,0,0,0,0,0,0,0,0,0.0,20.0
2025-04-09 21:33:05,0,0,0,0,0,0,0,0,0,0,0,0,0.0,20.0
2025-04-09 21:33:10,0,0,0,0,0,0,0,0,0,0,0,0,0.0,20.0
2025-04-09 21:33:15,0,0,0,0,0,0,0,0,0,0,0,0,0.0,20.0
2025-04-09 21:33:20,0,0,0,0,0,0,0,0,0,0,0,0,0.0,20.0
2025-04-09 21:33:25,0,0,0,0,0,0,0,0,0,0,0,0,0.0,20.0
2025-04-09 21:33:30,0,0,0,0,0,0,0,0,0,0,0,0,0.0,20.0
2025-04-09 21:33:35,0,0,0,0,0,0,0,0,0,0,0,0,0.0,20.0
2025-04-09 21:33:40,0,0,0,0,0,0,0,0,0,0,0,0,0.0,20.0
2025-04-09 21:33:45,0,0,0,0,0,0,0,0,0,0,0,0,0.0,20.0
2025-04-09 21:33:50,0,0,0,0,0,0,0,0,0,0,0,0,0.0,20.0
2025-04-09 21:33:55,0,0,0,0,0,0,0,0,0,0,0,0,0.0,20.0
2025-04-09 21:34:00,0,0,0,0,0,0,0,0,0,0,0,0,0.0,20.0
2025-04-09 21:34:05,0,0,0,0,0,0,0,0,0,0,0,0,0.0,20.0
2025-04-09 21:34:10,0,0,0,0,0,0,0,0,0,0,0,0,0.0,20.0
2025-04-09 21:34:15,0,0,0,0,0,0,0,0,0,0,0,0,0.0,20.0
2025-04-09 21:34:20,0,0,0,0,0,0,0,0,0,0,0,0,0.0,20.0
2025-04-09 21:34:25,0,0,0,0,0,0,0,0,0,0,0,0,0.0,20.0
2025-04-09 21:34:30,0,0,0,0,0,0,0,0,0,0,0,0,0.0,20.0
2025-04-09 21:34:35,0,0,0,0,0,0,0,0,0,0,0,0,0.0,20.0
2025-04-09 21:34:40,0,0,0,0,0,0,0,0,0,0,0,0,0.0,20.0
2025-04-09 21:34:45,0,0,0,0,0,0,0,0,0,0,0,0,0.0,20.0
2025-04-09 21:34:50,0,0,0,0,0,0,0,0,0,0,0,0,0.0,20.0
2025-04-09 21:34:55,0,0,0,0,0,0,0,0,0,0,0,0,0.0,20.0
2025-04-09 21:35:00,0,0,0,0,0,0,0,0,0,0,0,0,0.0,20.0
2025-04-09 21:35:05,0,0,0,0,0,0,0,0,0,0,0,0,0.0,20.0
2025-04-09 21:35:10,0,0,0,0,0,0,0,0,0,0,0,0,0.0,20.0
2025-04-09 21:35:15,0,0,0,0,0,0,0,0,0,0,0,0,0.0,20.0
2025-04-09 21:35:20,0,0,0,0,0,0,0,0,0,0,0,0,0.0,20.0
2025-04-09 21:35:25,0,0,0,0,0,0,0,0,0,0,0,0,0.0,20.0
2025-04-09 21:35:30,0,0,0,0,0,0,0,0,0,0,0,0,0.0,20.0
2025-04-09 21:35:35,0,0,0,0,0,0,0,0,0,0,0,0,0.0,20.0
2025-04-09 21:35:40,0,0,0,0,0,0,0,0,0,0,0,0,0.0,20.0
2025-04-09 21:35:45,0,0,0,0,0,0,0,0,0,0,0,0,0.0,20.0
2025-04-09 21:35:50,0,0,0,0,0,0,0,0,0,0,0,0,0.0,20.0
2025-04-09 21:35:55,0,0,0,0,0,0,0,0,0,0,0,0,0.0,20.0
2025-04-09 21:36:00,0,0,0,0,0,0,0,0,0,0,0,0,0.0,20.0
2025-04-09 21:36:05,0,0,0,0,0,0,0,0,0,0,0,0,0.0,20.0
2025-04-09 21:36:10,0,0,0,0,0,0,0,0,0,0,0,0,0.0,20.0
2025-04-09 21:36:15,0,0,0,0,0,0,0,0,0,0,0,0,0.0,20.0
2025-04-09 21:36:20,0,0,0,0,0,0,0,0,0,0,0,0,0.1,20.0
2025-04-09 21:36:25,0,0,0,0,0,0,0,0,0,0,0,0,0.1,20.0
2025-04-09 21:36:30,0,0,0,0,0,0,0,0,0,0,0,0,0.1,20.0
2025-04-09 21:36:35,0,0,0,0,0,0,0,0,0,0,0,0,0.0,20.0
2025-04-09 21:36:40,0,0,0,0,0,0,0,0,0,0,0,0,0.0,20.0
2025-04-09 21:36:45,0,0,0,0,0,0,0,0,0,0,0,0,0.0,20.0
2025-04-09 21:36:50,0,0,0,0,0,0,0,0,0,0,0,0,0.0,20.0
2025-04-09 21:36:55,0,0,0,0,0,0,0,0,0,0,0,0,0.0,20.0
2025-04-09 21:37:00,0,0,0,0,0,0,0,0,0,0,0,0,0.0,20.0
2025-04-09 21:37:05,0,0,0,0,0,0,0,0,0,0,0,0,0.0,20.0
2025-04-09 21:37:10,0,0,0,0,0,0,0,0,0,0,0,0,0.0,20.0
2025-04-09 21:37:15,0,0,0,0,0,0,0,0,0,0,0,0,0.0,20.0
2025-04-09 21:37:20,0,0,0,0,0,0,0,0,0,0,0,0,0.0,20.0
2025-04-09 21:37:25,0,0,0,0,0,0,0,0,0,0,0,0,0.0,20.0
2025-04-09 21:37:30,0,0,0,0,0,0,0,0,0,0,0,0,0.0,20.0
2025-04-09 21:37:35,0,0,0,0,0,0,0,0,0,0,0,0,0.0,20.0
2025-04-09 21:37:40,0,0,0,0,0,0,0,0,0,0,0,0,0.0,20.0
2025-04-09 21:37:45,0,0,0,0,0,0,0,0,0,0,0,0,0.0,20.0
2025-04-09 21:37:50,0,0,0,0,0,0,0,0,0,0,0,0,0.0,20.0
2025-04-09 21:37:55,0,0,0,0,0,0,0,0,0,0,0,0,0.0,20.0
2025-04-09 21:38:00,0,0,0,0,0,0,0,0,0,0,0,0,0.0,20.0
2025-04-09 21:38:05,0,0,0,0,0,0,0,0,0,0,0,0,0.0,20.0
2025-04-09 21:38:10,0,0,0,0,0,0,0,0,0,0,0,0,0.0,20.0
2025-04-09 21:38:15,0,0,0,0,0,0,0,0,0,0,0,0,0.0,20.0
2025-04-09 21:38:20,0,0,0,0,0,0,0,0,0,0,0,0,0.0,20.0
2025-04-09 21:38:25,0,0,0,0,0,0,0,0,0,0,0,0,0.0,20.0
2025-04-09 21:38:30,0,0,0,0,0,0,0,0,0,0,0,0,0.0,19.9
2025-04-09 21:38:35,0,0,0,0,0,0,0,0,0,0,0,0,0.0,19.9
2025-04-09 21:38:40,0,0,0,0,0,0,0,0,0,0,0,0,0.0,20.0
2025-04-09 21:38:45,0,0,0,0,0,0,0,0,0,0,0,0,0.0,19.9
2025-04-09 21:38:50,0,0,0,0,0,0,0,0,0,0,0,0,0.0,19.9
2025-04-09 21:38:55,0,0,0,0,0,0,0,0,0,0,0,0,0.0,19.9
2025-04-09 21:39:00,0,0,0,0,0,0,0,0,0,0,0,0,0.0,19.9
2025-04-09 21:39:05,0,0,0,0,0,0,0,0,0,0,0,0,0.0,19.9
2025-04-09 21:39:10,0,0,0,0,0,0,0,0,0,0,0,0,0.0,19.9
2025-04-09 21:39:15,0,0,0,0,0,0,0,0,0,0,0,0,0.0,19.9
2025-04-09 21:39:20,0,0,0,0,0,0,0,0,0,0,0,0,0.0,19.9
2025-04-09 21:39:25,0,0,0,0,0,0,0,0,0,0,0,0,0.0,19.9
2025-04-09 21:39:30,0,0,0,0,0,0,0,0,0,0,0,0,0.0,19.9
2025-04-09 21:39:35,0,0,0,0,0,0,0,0,0,0,0,0,0.0,19.9
2025-04-09 21:39:40,0,0,0,0,0,0,0,0,0,0,0,0,0.0,19.9
2025-04-09 21:39:45,0,0,0,0,0,0,0,0,0,0,0,0,0.0,19.9
2025-04-09 21:39:50,0,0,0,0,0,0,0,0,0,0,0,0,0.0,19.9
2025-04-09 21:39:55,0,0,0,0,0,0,0,0,0,0,0,0,0.0,19.9
2025-04-09 21:40:00,0,0,0,0,0,0,0,0,0,0,0,0,0.0,19.9
2025-04-09 21:40:05,0,0,0,0,0,0,0,0,0,0,0,0,0.0,19.9
2025-04-09 21:40:10,0,0,0,0,0,0,0,0,0,0,0,0,0.0,19.9
2025-04-09 21:40:15,0,0,0,0,0,0,0,0,0,0,0,0,0.0,19.9
2025-04-09 21:40:20,0,0,0,0,0,0,0,0,0,0,0,0,0.0,19.9
2025-04-09 21:40:25,0,0,0,0,0,0,0,0,0,0,0,0,0.0,19.9
2025-04-09 21:40:30,0,0,0,0,0,0,0,0,0,0,0,0,0.0,19.9
2025-04-09 21:40:35,0,0,0,0,0,0,0,0,0,0,0,0,0.0,19.9
2025-04-09 21:40:40,0,0,0,0,0,0,0,0,0,0,0,0,0.0,19.9
2025-04-09 21:40:45,0,0,0,0,0,0,0,0,0,0,0,0,0.0,19.9
2025-04-09 21:40:50,0,0,0,0,0,0,0,0,0,0,0,0,0.0,19.9
2025-04-09 21:40:55,0,0,0,0,0,0,0,0,0,0,0,0,0.0,19.9
2025-04-09 21:41:00,0,0,0,0,0,0,0,0,0,0,0,0,0.0,19.9
2025-04-09 21:41:05,0,0,0,0,0,0,0,0,0,0,0,0,0.0,19.9
2025-04-09 21:41:10,0,0,0,0,0,0,0,0,0,0,0,0,0.0,19.9
2025-04-09 21:41:15,0,0,0,0,0,0,0,0,0,0,0,0,0.0,19.9
2025-04-09 21:41:20,0,0,0,0,0,0,0,0,0,0,0,0,0.0,19.9
2025-04-09 21:41:25,0,0,0,0,0,0,0,0,0,0,0,0,0.0,19.9
2025-04-09 21:41:30,0,0,0,0,0,0,0,0,0,0,0,0,0.0,19.9
2025-04-09 21:41:35,0,0,0,0,0,0,0,0,0,0,0,0,0.0,19.9
2025-04-09 21:41:40,0,0,0,0,0,0,0,0,0,0,0,0,0.0,19.9
2025-04-09 21:41:45,0,0,0,0,0,0,0,0,0,0,0,0,0.0,19.9
2025-04-09 21:41:50,0,0,0,0,0,0,0,0,0,0,0,0,0.0,19.9
2025-04-09 21:41:55,0,0,0,0,0,0,0,0,0,0,0,0,0.0,19.9
2025-04-09 21:42:00,0,0,0,0,0,0,0,0,0,0,0,0,0.0,19.9
2025-04-09 21:42:05,0,0,0,0,0,0,0,0,0,0,0,0,0.0,19.9
2025-04-09 21:42:10,0,0,0,0,0,0,0,0,0,0,0,0,0.0,19.9
2025-04-09 21:42:15,0,0,0,0,0,0,0,0,0,0,0,0,0.0,19.9
2025-04-09 21:42:20,0,0,0,0,0,0,0,0,0,0,0,0,0.0,19.9
2025-04-09 21:42:25,0,0,0,0,0,0,0,0,0,0,0,0,0.0,19.9
2025-04-09 21:42:30,0,0,0,0,0,0,0,0,0,0,0,0,0.0,19.8
2025-04-09 21:42:35,0,0,0,0,0,0,0,0,0,0,0,0,0.0,19.8
2025-04-09 21:42:40,0,0,0,0,0,0,0,0,0,0,0,0,0.0,19.8
2025-04-09 21:42:45,0,0,0,0,0,0,0,0,0,0,0,0,0.0,19.9
2025-04-09 21:42:50,0,0,0,0,0,0,0,0,0,0,0,0,0.0,19.8
2025-04-09 21:42:55,0,0,0,0,0,0,0,0,0,0,0,0,0.0,19.8
2025-04-09 21:43:00,0,0,0,0,0,0,0,0,0,0,0,0,0.0,19.8
2025-04-09 21:43:05,0,0,0,0,0,0,0,0,0,0,0,0,0.0,19.8
2025-04-09 21:43:10,0,0,0,0,0,0,0,0,0,0,0,0,0.0,19.8
2025-04-09 21:43:15,0,0,0,0,0,0,0,0,0,0,0,0,0.0,19.8
2025-04-09 21:43:20,0,0,0,0,0,0,0,0,0,0,0,0,0.0,19.8
2025-04-09 21:43:25,0,0,0,0,0,0,0,0,0,0,0,0,0.0,19.8
2025-04-09 21:43:30,0,0,0,0,0,0,0,0,0,0,0,0,0.0,19.8
2025-04-09 21:43:35,0,0,0,0,0,0,0,0,0,0,0,0,0.0,19.8
2025-04-09 21:43:40,0,0,0,0,0,0,0,0,0,0,0,0,0.0,19.8
2025-04-09 21:43:45,0,0,0,0,0,0,0,0,0,0,0,0,0.0,19.8
2025-04-09 21:43:50,0,0,0,0,0,0,0,0,0,0,0,0,0.0,19.8
2025-04-09 21:43:55,0,0,0,0,0,0,0,0,0,0,0,0,0.0,19.8
2025-04-09 21:44:00,0,0,0,0,0,0,0,0,0,0,0,0,0.0,19.8
2025-04-09 21:44:05,0,0,0,0,0,0,0,0,0,0,0,0,0.0,19.8
2025-04-09 21:44:10,0,0,0,0,0,0,0,0,0,0,0,0,0.0,19.8
2025-04-09 21:44:15,0,0,0,0,0,0,0,0,0,0,0,0,0.0,19.8
2025-04-09 21:44:20,0,0,0,0,0,0,0,0,0,0,0,0,0.0,19.8
2025-04-09 21:44:25,0,0,0,0,0,0,0,0,0,0,0,0,0.0,19.8
2025-04-09 21:44:30,0,0,0,0,0,0,0,0,0,0,0,0,0.0,19.8
2025-04-09 21:44:35,0,0,0,0,0,0,0,0,0,0,0,0,0.0,19.8
2025-04-09 21:44:40,0,0,0,0,0,0,0,0,0,0,0,0,0.0,19.7
2025-04-09 21:44:45,0,0,0,0,0,0,0,0,0,0,0,0,0.0,19.8
2025-04-09 21:44:50,0,0,0,0,0,0,0,0,0,0,0,0,0.0,19.7
2025-04-09 21:44:55,0,0,0,0,0,0,0,0,0,0,0,0,0.0,19.7
2025-04-09 21:45:00,0,0,0,0,0,0,0,0,0,0,0,0,0.0,19.7
2025-04-09 21:45:05,0,0,0,0,0,0,0,0,0,0,0,0,0.0,19.7
2025-04-09 21:45:10,0,0,0,0,0,0,0,0,0,0,0,0,0.0,19.7
2025-04-09 21:45:15,0,0,0,0,0,0,0,0,0,0,0,0,0.0,19.7
2025-04-09 21:45:20,0,0,0,0,0,0,0,0,0,0,0,0,0.0,19.7
2025-04-09 21:45:25,0,0,0,0,0,0,0,0,0,0,0,0,0.0,19.7
2025-04-09 21:45:30,0,0,0,0,0,0,0,0,0,0,0,0,0.0,19.7
2025-04-09 21:45:35,0,0,0,0,0,0,0,0,0,0,0,0,0.0,19.7
2025-04-09 21:45:40,0,0,0,0,0,0,0,0,0,0,0,0,0.0,19.7
2025-04-09 21:45:45,0,0,0,0,0,0,0,0,0,0,0,0,0.0,19.7
2025-04-09 21:45:50,0,0,0,0,0,0,0,0,0,0,0,0,0.0,19.7
2025-04-09 21:45:55,0,0,0,0,0,0,0,0,0,0,0,0,0.0,19.7
2025-04-09 21:46:00,0,0,0,0,0,0,0,0,0,0,0,0,0.0,19.7
2025-04-09 21:46:05,0,0,0,0,0,0,0,0,0,0,0,0,0.0,19.7
2025-04-09 21:46:10,0,0,0,0,0,0,0,0,0,0,0,0,0.0,19.7
2025-04-09 21:46:15,0,0,0,0,0,0,0,0,0,0,0,0,0.0,19.7
2025-04-09 21:46:20,0,0,0,0,0,0,0,0,0,0,0,0,0.0,19.7
2025-04-09 21:46:25,0,0,0,0,0,0,0,0,0,0,0,0,0.0,19.7
2025-04-09 21:46:30,0,0,0,0,0,0,0,0,0,0,0,0,0.0,19.7
2025-04-09 21:46:35,0,0,0,0,0,0,0,0,0,0,0,0,0.0,19.7
2025-04-09 21:46:40,0,0,0,0,0,0,0,0,0,0,0,0,0.0,19.7
2025-04-09 21:46:45,0,0,0,0,0,0,0,0,0,0,0,0,0.0,19.7
2025-04-09 21:46:50,0,0,0,0,0,0,0,0,0,0,0,0,0.0,19.7
2025-04-09 21:46:55,0,0,0,0,0,0,0,0,0,0,0,0,0.0,19.7
2025-04-09 21:47:00,0,0,0,0,0,0,0,0,0,0,0,0,0.0,19.7
2025-04-09 21:47:05,0,0,0,0,0,0,0,0,0,0,0,0,0.0,19.7
2025-04-09 21:47:10,0,0,0,0,0,0,0,0,0,0,0,0,0.0,19.7
2025-04-09 21:47:15,0,0,0,0,0,0,0,0,0,0,0,0,0.0,19.8
2025-04-09 21:47:20,0,0,0,0,0,0,0,0,0,0,0,0,0.0,19.7
2025-04-09 21:47:25,0,0,0,0,0,0,0,0,0,0,0,0,0.0,19.8
2025-04-09 21:47:30,0,0,0,0,0,0,0,0,0,0,0,0,0.0,19.8
2025-04-09 21:47:35,0,0,0,0,0,0,0,0,0,0,0,0,0.0,19.8
2025-04-09 21:47:40,0,0,0,0,0,0,0,0,0,0,0,0,0.0,19.7
2025-04-09 21:47:45,0,0,0,0,0,0,0,0,0,0,0,0,0.0,19.7
2025-04-09 21:47:50,0,0,0,0,0,0,0,0,0,0,0,0,0.0,19.7
2025-04-09 21:47:55,0,0,0,0,0,0,0,0,0,0,0,0,0.0,19.7
2025-04-09 21:48:00,0,0,0,0,0,0,0,0,0,0,0,0,0.0,19.7
2025-04-09 21:48:05,0,0,0,0,0,0,0,0,0,0,0,0,0.0,19.7
2025-04-09 21:48:10,0,0,0,0,0,0,0,0,0,0,0,0,0.0,19.7
2025-04-09 21:48:15,0,0,0,0,0,0,0,0,0,0,0,0,0.0,19.7
2025-04-09 21:48:20,0,0,0,0,0,0,0,0,0,0,0,0,0.0,19.7
2025-04-09 21:48:25,0,0,0,0,0,0,0,0,0,0,0,0,0.0,19.7
2025-04-09 21:48:30,0,0,0,0,0,0,0,0,0,0,0,0,0.0,19.7
2025-04-09 21:48:35,0,0,0,0,0,0,0,0,0,0,0,0,0.0,19.7
2025-04-09 21:48:40,0,0,0,0,0,0,0,0,0,0,0,0,0.0,19.7
2025-04-09 21:48:45,0,0,0,0,0,0,0,0,0,0,0,0,0.0,19.7
2025-04-09 21:48:50,0,0,0,0,0,0,0,0,0,0,0,0,0.0,19.7
2025-04-09 21:48:55,0,0,0,0,0,0,0,0,0,0,0,0,0.0,19.7
2025-04-09 21:49:00,0,0,0,0,0,0,0,0,0,0,0,0,0.0,19.7
2025-04-09 21:49:05,0,0,0,0,0,0,0,0,0,0,0,0,0.0,19.7
2025-04-09 21:49:10,0,0,0,0,0,0,0,0,0,0,0,0,0.0,19.7
2025-04-09 21:49:15,0,0,0,0,0,0,0,0,0,0,0,0,0.0,19.7
2025-04-09 21:49:20,0,0,0,0,0,0,0,0,0,0,0,0,0.0,19.7
2025-04-09 21:49:25,0,0,0,0,0,0,0,0,0,0,0,0,0.0,19.7
2025-04-09 21:49:30,0,0,0,0,0,0,0,0,0,0,0,0,0.0,19.7
2025-04-09 21:49:35,0,0,0,0,0,0,0,0,0,0,0,0,0.0,19.7
2025-04-09 21:49:40,0,0,0,0,0,0,0,0,0,0,0,0,0.0,19.7
2025-04-09 21:49:45,0,0,0,0,0,0,0,0,0,0,0,0,0.0,19.7
2025-04-09 21:49:50,0,0,0,0,0,0,0,0,0,0,0,0,0.0,19.7
2025-04-09 21:49:55,0,0,0,0,0,0,0,0,0,0,0,0,0.0,19.7
2025-04-09 21:50:00,0,0,0,0,0,0,0,0,0,0,0,0,0.0,19.7
2025-04-09 21:50:05,0,0,0,0,0,0,0,0,0,0,0,0,0.0,19.7
2025-04-09 21:50:10,0,0,0,0,0,0,0,0,0,0,0,0,0.0,19.7
2025-04-09 21:50:15,0,0,0,0,0,0,0,0,0,0,0,0,0.0,19.7
2025-04-09 21:50:20,0,0,0,0,0,0,0,0,0,0,0,0,0.0,19.7
2025-04-09 21:50:25,0,0,0,0,0,0,0,0,0,0,0,0,0.0,19.7
2025-04-09 21:50:30,0,0,0,0,0,0,0,0,0,0,0,0,0.0,19.7
2025-04-09 21:50:35,0,0,0,0,0,0,0,0,0,0,0,0,0.0,19.7
2025-04-09 21:50:40,0,0,0,0,0,0,0,0,0,0,0,0,0.0,19.7
2025-04-09 21:50:45,0,0,0,0,0,0,0,0,0,0,0,0,0.0,19.7
2025-04-09 21:50:50,0,0,0,0,0,0,0,0,0,0,0,0,0.0,19.7
2025-04-09 21:50:55,0,0,0,0,0,0,0,0,0,0,0,0,0.0,19.7
2025-04-09 21:51:00,0,0,0,0,0,0,0,0,0,0,0,0,0.0,19.7
2025-04-09 21:51:05,0,0,0,0,0,0,0,0,0,0,0,0,0.0,19.7
2025-04-09 21:51:10,0,0,0,0,0,0,0,0,0,0,0,0,0.0,19.6
2025-04-09 21:51:15,0,0,0,0,0,0,0,0,0,0,0,0,0.0,19.6
2025-04-09 21:51:20,0,0,0,0,0,0,0,0,0,0,0,0,0.0,19.6
2025-04-09 21:51:25,0,0,0,0,0,0,0,0,0,0,0,0,0.0,19.6
2025-04-09 21:51:30,0,0,0,0,0,0,0,0,0,0,0,0,0.0,19.6
2025-04-09 21:51:35,0,0,0,0,0,0,0,0,0,0,0,0,0.0,19.6
2025-04-09 21:51:40,0,0,0,0,0,0,0,0,0,0,0,0,0.0,19.6
2025-04-09 21:51:45,0,0,0,0,0,0,0,0,0,0,0,0,0.0,19.6
2025-04-09 21:51:50,0,0,0,0,0,0,0,0,0,0,0,0,0.0,19.6
2025-04-09 21:51:55,0,0,0,0,0,0,0,0,0,0,0,0,0.0,19.6
2025-04-09 21:52:00,0,0,0,0,0,0,0,0,0,0,0,0,0.0,19.6
2025-04-09 21:52:05,0,0,0,0,0,0,0,0,0,0,0,0,0.0,19.6
2025-04-09 21:52:10,0,0,0,0,0,0,0,0,0,0,0,0,0.0,19.6
2025-04-09 21:52:15,0,0,0,0,0,0,0,0,0,0,0,0,0.0,19.6
2025-04-09 21:52:20,0,0,0,0,0,0,0,0,0,0,0,0,0.0,19.6
2025-04-09 21:52:25,0,0,0,0,0,0,0,0,0,0,0,0,0.0,19.6
2025-04-09 21:52:30,0,0,0,0,0,0,0,0,0,0,0,0,0.0,19.5
2025-04-09 21:52:35,0,0,0,0,0,0,0,0,0,0,0,0,0.0,19.6
2025-04-09 21:52:40,0,0,0,0,0,0,0,0,0,0,0,0,0.0,19.5
2025-04-09 21:52:45,0,0,0,0,0,0,0,0,0,0,0,0,0.0,19.5
2025-04-09 21:52:50,0,0,0,0,0,0,0,0,0,0,0,0,0.0,19.5
2025-04-09 21:52:55,0,0,0,0,0,0,0,0,0,0,0,0,0.0,19.5
2025-04-09 21:53:00,0,0,0,0,0,0,0,0,0,0,0,0,0.0,19.5
2025-04-09 21:53:05,0,0,0,0,0,0,0,0,0,0,0,0,0.0,19.5
2025-04-09 21:53:10,0,0,0,0,0,0,0,0,0,0,0,0,0.0,19.5
2025-04-09 21:53:15,0,0,0,0,0,0,0,0,0,0,0,0,0.0,19.5
2025-04-09 21:53:20,0,0,0,0,0,0,0,0,0,0,0,0,0.0,19.5
2025-04-09 21:53:25,0,0,0,0,0,0,0,0,0,0,0,0,0.0,19.5
2025-04-09 21:53:30,0,0,0,0,0,0,0,0,0,0,0,0,0.0,19.5
2025-04-09 21:53:35,0,0,0,0,0,0,0,0,0,0,0,0,0.0,19.5
2025-04-09 21:53:40,0,0,0,0,0,0,0,0,0,0,0,0,0.0,19.5
2025-04-09 21:53:45,0,0,0,0,0,0,0,0,0,0,0,0,0.0,19.5
2025-04-09 21:53:50,0,0,0,0,0,0,0,0,0,0,0,0,0.0,19.5
2025-04-09 21:53:55,0,0,0,0,0,0,0,0,0,0,0,0,0.0,19.5
2025-04-09 21:54:00,0,0,0,0,0,0,0,0,0,0,0,0,0.0,19.5
2025-04-09 21:54:05,0,0,0,0,0,0,0,0,0,0,0,0,0.0,19.5
2025-04-09 21:54:10,0,0,0,0,0,0,0,0,0,0,0,0,0.0,19.5
2025-04-09 21:54:15,0,0,0,0,0,0,0,0,0,0,0,0,0.0,19.5
2025-04-09 21:54:20,0,0,0,0,0,0,0,0,0,0,0,0,0.0,19.5
2025-04-09 21:54:25,0,0,0,0,0,0,0,0,0,0,0,0,0.0,19.5
2025-04-09 21:54:30,0,0,0,0,0,0,0,0,0,0,0,0,0.0,19.4
2025-04-09 21:54:35,0,0,0,0,0,0,0,0,0,0,0,0,0.0,19.5
2025-04-09 21:54:40,0,0,0,0,0,0,0,0,0,0,0,0,0.0,19.5
2025-04-09 21:54:45,0,0,0,0,0,0,0,0,0,0,0,0,0.0,19.4
2025-04-09 21:54:50,0,0,0,0,0,0,0,0,0,0,0,0,0.0,19.4
2025-04-09 21:54:55,0,0,0,0,0,0,0,0,0,0,0,0,0.0,19.4
2025-04-09 21:55:00,0,0,0,0,0,0,0,0,0,0,0,0,0.0,19.4
2025-04-09 21:55:05,0,0,0,0,0,0,0,0,0,0,0,0,0.0,19.4
2025-04-09 21:55:10,0,0,0,0,0,0,0,0,0,0,0,0,0.0,19.4
2025-04-09 21:55:15,0,0,0,0,0,0,0,0,0,0,0,0,0.0,19.4
2025-04-09 21:55:20,0,0,0,0,0,0,0,0,0,0,0,0,0.0,19.4
2025-04-09 21:55:25,0,0,0,0,0,0,0,0,0,0,0,0,0.0,19.4
2025-04-09 21:55:30,0,0,0,0,0,0,0,0,0,0,0,0,0.0,19.4
2025-04-09 21:55:35,0,0,0,0,0,0,0,0,0,0,0,0,0.0,19.4
2025-04-09 21:55:40,0,0,0,0,0,0,0,0,0,0,0,0,0.0,19.4
2025-04-09 21:55:45,0,0,0,0,0,0,0,0,0,0,0,0,0.0,19.4
2025-04-09 21:55:50,0,0,0,0,0,0,0,0,0,0,0,0,0.0,19.4
2025-04-09 21:55:55,0,0,0,0,0,0,0,0,0,0,0,0,0.0,19.4
2025-04-09 21:56:00,0,0,0,0,0,0,0,0,0,0,0,0,0.0,19.4
2025-04-09 21:56:05,0,0,0,0,0,0,0,0,0,0,0,0,0.0,19.4
2025-04-09 21:56:10,0,0,0,0,0,0,0,0,0,0,0,0,0.0,19.4
2025-04-09 21:56:15,0,0,0,0,0,0,0,0,0,0,0,0,0.0,19.4
2025-04-09 21:56:20,0,0,0,0,0,0,0,0,0,0,0,0,0.0,19.4
2025-04-09 21:56:25,0,0,0,0,0,0,0,0,0,0,0,0,0.0,19.4
2025-04-09 21:56:30,0,0,0,0,0,0,0,0,0,0,0,0,0.0,19.4
2025-04-09 21:56:35,0,0,0,0,0,0,0,0,0,0,0,0,0.0,19.4
2025-04-09 21:56:40,0,0,0,0,0,0,0,0,0,0,0,0,0.0,19.4
2025-04-09 21:56:45,0,0,0,0,0,0,0,0,0,0,0,0,0.0,19.4
2025-04-09 21:56:50,0,0,0,0,0,0,0,0,0,0,0,0,0.0,19.3
2025-04-09 21:56:55,0,0,0,0,0,0,0,0,0,0,0,0,0.0,19.3
2025-04-09 21:57:00,0,0,0,0,0,0,0,0,0,0,0,0,0.0,19.3
2025-04-09 21:57:05,0,0,0,0,0,0,0,0,0,0,0,0,0.0,19.3
2025-04-09 21:57:10,0,0,0,0,0,0,0,0,0,0,0,0,0.0,19.3
2025-04-09 21:57:15,0,0,0,0,0,0,0,0,0,0,0,0,0.0,19.3
2025-04-09 21:57:20,0,0,0,0,0,0,0,0,0,0,0,0,0.0,19.3
2025-04-09 21:57:25,0,0,0,0,0,0,0,0,0,0,0,0,0.0,19.3
2025-04-09 21:57:30,0,0,0,0,0,0,0,0,0,0,0,0,0.0,19.3
2025-04-09 21:57:35,0,0,0,0,0,0,0,0,0,0,0,0,0.0,19.3
2025-04-09 21:57:40,0,0,0,0,0,0,0,0,0,0,0,0,0.0,19.3
2025-04-09 21:57:45,0,0,0,0,0,0,0,0,0,0,0,0,0.0,19.3
2025-04-09 21:57:50,0,0,0,0,0,0,0,0,0,0,0,0,0.0,19.3
2025-04-09 21:57:55,0,0,0,0,0,0,0,0,0,0,0,0,0.0,19.3
2025-04-09 21:58:00,0,0,0,0,0,0,0,0,0,0,0,0,0.0,19.2
2025-04-09 21:58:05,0,0,0,0,0,0,0,0,0,0,0,0,0.0,19.2
2025-04-09 21:58:10,0,0,0,0,0,0,0,0,0,0,0,0,0.0,19.2
2025-04-09 21:58:15,0,0,0,0,0,0,0,0,0,0,0,0,0.0,19.2
2025-04-09 21:58:20,0,0,0,0,0,0,0,0,0,0,0,0,0.0,19.2
2025-04-09 21:58:25,0,0,0,0,0,0,0,0,0,0,0,0,0.0,19.2
2025-04-09 21:58:30,0,0,0,0,0,0,0,0,0,0,0,0,0.0,19.2
2025-04-09 21:58:35,0,0,0,0,0,0,0,0,0,0,0,0,0.0,19.2
2025-04-09 21:58:40,0,0,0,0,0,0,0,0,0,0,0,0,0.0,19.2
2025-04-09 21:58:45,0,0,0,0,0,0,0,0,0,0,0,0,0.0,19.2
2025-04-09 21:58:50,0,0,0,0,0,0,0,0,0,0,0,0,0.0,19.2
2025-04-09 21:58:55,0,0,0,0,0,0,0,0,0,0,0,0,0.0,19.2
2025-04-09 21:59:00,0,0,0,0,0,0,0,0,0,0,0,0,0.0,19.2
2025-04-09 21:59:05,0,0,0,0,0,0,0,0,0,0,0,0,0.0,19.2
2025-04-09 21:59:10,0,0,0,0,0,0,0,0,0,0,0,0,0.0,19.2
2025-04-09 21:59:15,0,0,0,0,0,0,0,0,0,0,0,0,0.0,19.2
2025-04-09 21:59:20,0,0,0,0,0,0,0,0,0,0,0,0,0.0,19.2
2025-04-09 21:59:25,0,0,0,0,0,0,0,0,0,0,0,0,0.0,19.2
2025-04-09 21:59:30,0,0,0,0,0,0,0,0,0,0,0,0,0.0,19.2
2025-04-09 21:59:35,0,0,0,0,0,0,0,0,0,0,0,0,0.0,19.2
2025-04-09 21:59:40,0,0,0,0,0,0,0,0,0,0,0,0,0.0,19.2
2025-04-09 21:59:45,0,0,0,0,0,0,0,0,0,0,0,0,0.0,19.2
2025-04-09 21:59:50,0,0,0,0,0,0,0,0,0,0,0,0,0.0,19.2
2025-04-09 21:59:55,0,0,0,0,0,0,0,0,0,0,0,0,0.0,19.2
